PRES (dbar),TEMP (°C),SAL (psu),COND (mS/cm),OXY (µmol/L),TIME,FLUO (ug/L),TURB (NTU),PH,NO3 (µmol/L),LAT (°N),LON (°E)
4.0472631578947365,18.856243713580863,35.42963144948721,47.272617800334295,222.01064326280226,2026-06-25 04:18:47.725657,0.708,0.22599999999999998,6.295176373968421,2.208643858244552,-34.63892533333333,17.49377683333333
3.8514074074074074,18.8559262926892,35.42950064475928,47.27249607355512,221.79749851082465,2026-06-25 04:18:47.775255,0.708,0.22507407407407404,6.295174202548359,2.2815583094241716,-34.63892533333333,17.49377683333333
3.6352903225806443,18.85616179981103,35.42950064475928,47.27318694606557,221.78687030411191,2026-06-25 04:18:48.068607,0.708,0.22675576036866346,6.295179414157126,2.061236657158377,-34.63892533333333,17.49377683333333
4.256,18.856074781269665,35.429633210849985,47.27338525836223,222.13682948421695,2026-06-25 04:18:48.520563,0.708,0.22617391304347828,6.295175918593552,2.130933950594652,-34.63892533333333,17.49377683333333
3.2516086956521737,18.856795290182447,35.42956182059484,47.27288372267331,222.12242923763603,2026-06-25 04:18:49.466279,0.708,0.2265852842809364,6.295176911527058,2.1581315293447476,-34.63892533333333,17.49377683333333
3.4354705882352943,18.856143060985957,35.42956182059484,47.27268975809285,221.79101975959003,2026-06-25 04:18:50.036974,0.708,0.2243058823529411,6.295175129656365,2.1137344216849745,-34.63892533333333,17.49377683333333
3.0519166666666666,18.85685263758153,35.42956182059484,47.27266010268256,221.77698332880743,2026-06-25 04:18:50.073730,0.7020000000000002,0.22599999999999998,6.2951801825765,2.2694867239539356,-34.63892533333333,17.49377683333333
4.4155999999999995,18.856043587620075,35.42985331981659,47.2739250764096,222.13836398135834,2026-06-25 04:18:50.188700,0.7045600000000002,0.22599999999999998,6.295175852822684,2.082473456657078,-34.63892533333333,17.49377683333333
4.66225,18.856738455755487,35.43021449843157,47.27549178495129,222.03615095067462,2026-06-25 04:18:52.335640,0.7038050847457628,0.22599999999999998,6.295175498816785,2.3048819788744557,-34.63892533333333,17.49377683333333
4.805666666666667,18.85750031063898,35.430265288826895,47.2763050869327,221.8558019654527,2026-06-25 04:18:52.464773,0.708,0.22799999999999998,6.295173880613026,2.336400945273396,-34.63892533333333,17.49377683333333
5.047,18.858720656662285,35.43033656502025,47.2772885404524,221.95729135180795,2026-06-25 04:18:52.648059,0.708,0.22799999999999998,6.295180326241337,2.1773724610897984,-34.63892533333333,17.49377683333333
5.2765,18.859290388291633,35.43039936565192,47.277653868455914,221.78694939593402,2026-06-25 04:18:52.810516,0.708,0.22799999999999998,6.295180990012524,2.0976798330550164,-34.63892533333333,17.49377683333333
5.439400000000001,18.85897083726021,35.43045255378443,47.2775589514237,221.77760658887587,2026-06-25 04:18:52.947980,0.708,0.22799999999999998,6.295189498183498,2.1369214043345557,-34.63892533333333,17.49377683333333
5.643000000000001,18.857735910793885,35.43056973956703,47.27744079586366,221.80147158208678,2026-06-25 04:18:53.247902,0.708,0.22799999999999998,6.295177751626482,2.18596734609339,-34.63892533333333,17.49377683333333
5.842666666666666,18.85764672972378,35.430596386625346,47.27755511362329,221.79846888806816,2026-06-25 04:18:53.314552,0.708,0.22799999999999998,6.295181466044517,2.144781890333108,-34.63892533333333,17.49377683333333
6.058,18.857682810462926,35.43066031690609,47.2779209430289,221.9747702420622,2026-06-25 04:18:53.472844,0.708,0.22799999999999998,6.29517791254146,2.0931042487663074,-34.63892533333333,17.49377683333333
6.19,18.85792406248035,35.43070173323056,47.278192715457195,221.80403836243494,2026-06-25 04:18:53.572818,0.708,0.22799999999999998,6.295179119379,2.0614256944931597,-34.63892533333333,17.49377683333333
6.4194,18.858327067801287,35.430772142412025,47.27857188110745,221.8008238932255,2026-06-25 04:18:53.737775,0.708,0.22799999999999998,6.295181733554543,2.00637220699119,-34.63892533333333,17.49377683333333
6.644500000000001,18.858657076807347,35.430854076947135,47.278959499152435,221.80363143827924,2026-06-25 04:18:53.922726,0.708,0.22699999999999998,6.2951803262496036,2.016758690944596,-34.63892533333333,17.49377683333333
7.017,18.858737669674802,35.430888604805176,47.27908030316816,221.80351881306612,2026-06-25 04:18:53.997707,0.708,0.22799999999999998,6.295182739941215,2.0574006401742473,-34.63892533333333,17.49377683333333
7.174199999999999,18.858881360314783,35.43096548184805,47.27920247971923,221.8040793738028,2026-06-25 04:18:54.157665,0.708,0.22599999999999998,6.2951829627419915,2.0745520882786797,-34.63892533333333,17.49377683333333
7.4305,18.85892875931224,35.43103500665488,47.279334382509774,221.8066812376736,2026-06-25 04:18:54.297629,0.708,0.22699999999999998,6.295182739932949,2.102515931466759,-34.63892533333333,17.49377683333333
7.59,18.858847508048797,35.43109983615693,47.279580545715575,221.80506150862385,2026-06-25 04:18:54.422596,0.708,0.22699999999999998,6.2951851536080285,2.143114419607561,-34.63892533333333,17.49377683333333
7.7775,18.858811493660568,35.43115362209649,47.27986675335771,221.8122215796429,2026-06-25 04:18:54.522570,0.711,0.22599999999999998,6.295181533095409,2.19199836539798,-34.63892533333333,17.49377683333333
7.975,18.858887744730207,35.43122308182284,47.280300456767165,221.8085917829571,2026-06-25 04:18:54.647537,0.708,0.22599999999999998,6.295185153616295,2.243489454963888,-34.63892533333333,17.49377683333333
8.227,18.859004384780576,35.431266635388006,47.28047156130976,221.81404737608628,2026-06-25 04:18:54.722518,0.708,0.22599999999999998,6.295182739924683,2.309189478106212,-34.63892533333333,17.49377683333333
8.48,18.85910583545566,35.43130979607432,47.28067620198432,221.81610752022775,2026-06-25 04:18:54.797498,0.708,0.22599999999999998,6.295182739941215,2.3589838950253745,-34.63892533333333,17.49377683333333
8.76,18.859316921491295,35.43141534280465,47.28068845672369,221.81096571787148,2026-06-25 04:18:54.897472,0.708,0.22599999999999998,6.2951875672748425,2.405512752503987,-34.63892533333333,17.49377683333333
8.659,18.85954237159286,35.431369535709266,47.280622700023216,221.81775424372492,2026-06-25 04:18:54.972453,0.708,0.22599999999999998,6.295181533095409,2.3887291289134875,-34.63892533333333,17.49377683333333
9.071,18.85998786526777,35.43150403512021,47.28064900000897,221.81462340884988,2026-06-25 04:18:55.114082,0.708,0.22599999999999998,6.296412580145927,2.4571930192034457,-34.63892533333333,17.49377683333333
9.2925,18.860215536512037,35.43155713206136,47.28080109745156,221.8158733614826,2026-06-25 04:18:55.197394,0.708,0.22599999999999998,6.29704776574525,2.494000668958848,-34.63892533333333,17.49377683333333
9.373,18.860461297026188,35.431621770195676,47.28114129078178,221.8121110752578,2026-06-25 04:18:55.297368,0.708,0.22599999999999998,6.298912791549288,2.4712494482528484,-34.63892533333333,17.49377683333333
9.716000000000001,18.860679968787018,35.43167091808155,47.28147756917717,221.81631563775528,2026-06-25 04:18:55.372348,0.708,0.22599999999999998,6.295186360445569,2.369375559429948,-34.63892533333333,17.49377683333333
9.900500000000001,18.86104724406242,35.43175357047883,47.28204759896305,221.82000751592219,2026-06-25 04:18:55.497316,0.708,0.22599999999999998,6.295183946778755,2.3145775055295834,-34.63892533333333,17.49377683333333
10.060500000000001,18.861154305426787,35.43178677152558,47.28225929875137,221.81939100530286,2026-06-25 04:18:55.547303,0.711,0.22599999999999998,6.2951851536080285,2.2670561579737116,-34.63892533333333,17.49377683333333
10.309000000000001,18.861265300977138,35.431869879755524,47.28268686782637,221.81264210198827,2026-06-25 04:18:55.672270,0.708,0.22799999999999998,6.295191187729603,2.1984844166891793,-34.63892533333333,17.49377683333333
10.687,18.86121365190032,35.43191961994641,47.28281360226219,221.8183131769387,2026-06-25 04:18:55.747251,0.708,0.22799999999999998,6.29518998091686,2.1804425625756854,-34.63892533333333,17.49377683333333
10.859,18.86107019961559,35.431969027467375,47.282803621772196,221.82576763216846,2026-06-25 04:18:55.822231,0.708,0.22799999999999998,6.298911591098604,2.1722330416563174,-34.63892533333333,17.49377683333333
11.053000000000003,18.86065331857181,35.43205020953491,47.282505813450406,221.8229023664611,2026-06-25 04:18:55.947199,0.708,0.22799999999999998,6.2977092750119805,2.1629734657356354,-34.63892533333333,17.49377683333333
11.28,18.860251678703786,35.432113848435606,47.28207222741616,221.8314429091546,2026-06-25 04:18:56.047173,0.708,0.22799999999999998,6.2951875672748425,2.1521388073129817,-34.63892533333333,17.49377683333333
11.451,18.860072932034534,35.43214495716714,47.28180766339087,221.83385434321778,2026-06-25 04:18:56.097160,0.708,0.22799999999999998,6.2951875672748425,2.149730201264646,-34.63892533333333,17.49377683333333
11.745,18.859932033207496,35.43217554912599,47.281546177510876,221.83734323080452,2026-06-25 04:18:56.147147,0.708,0.22799999999999998,6.298912791549288,2.1455890891113674,-34.63892533333333,17.49377683333333
12.006333333333332,18.859836654948055,35.43223469193135,47.28117477848607,221.9344263950005,2026-06-25 04:18:56.247120,0.708,0.22799999999999998,6.296182795442428,2.1419081005306753,-34.63892533333333,17.49377683333333
12.238,18.85997004243814,35.432291462216284,47.281078830146505,221.8454442158363,2026-06-25 04:18:56.347094,0.708,0.22799999999999998,6.295185153616295,2.138644979276108,-34.63892533333333,17.49377683333333
12.527,18.86014302975733,35.4323184892645,47.28119605147362,221.85106033264051,2026-06-25 04:18:56.397081,0.708,0.22799999999999998,6.298907989730108,2.134574294200266,-34.63892533333333,17.49377683333333
12.616333333333335,18.860545734847765,35.432369349420604,47.28168233900831,222.1171422850466,2026-06-25 04:18:56.497055,0.708,0.22799999999999998,6.295184160753642,2.133315997083397,-34.63892533333333,17.49377683333333
12.871,18.860877103430354,35.43242748088357,47.28241888814425,222.18472822539533,2026-06-25 04:18:56.622023,0.708,0.22799999999999998,6.298911591098604,2.1301800028988547,-34.63892533333333,17.49377683333333
13.043,18.860870334412112,35.432458690909236,47.282773905178146,222.181229349611,2026-06-25 04:18:56.697003,0.708,0.22799999999999998,6.29518998091686,2.1281883545445446,-34.63892533333333,17.49377683333333
13.149,18.860771047629402,35.4324776837826,47.28291935985498,221.84061448770416,2026-06-25 04:18:56.746990,0.708,0.22799999999999998,6.2951923945423465,2.1269609433494465,-34.63892533333333,17.49377683333333
13.673,18.86061870917259,35.43249521619913,47.282989802770544,221.849942626628,2026-06-25 04:18:56.796977,0.708,0.22799999999999998,6.298915192434213,2.1208933634793388,-34.63892533333333,17.49377683333333
13.805,18.86034101298698,35.43251839100387,47.282968480829595,222.19272827472022,2026-06-25 04:18:56.871958,0.708,0.22799999999999998,6.29891399199175,2.1193648891609147,-34.63892533333333,17.49377683333333
14.046,18.859989136703977,35.43254367451712,47.28281261616123,222.20004551257574,2026-06-25 04:18:56.971932,0.708,0.22799999999999998,6.295186360445569,2.117251198704542,-34.63892533333333,17.49377683333333
14.2665,18.859682801239792,35.43256164061307,47.28261975127214,222.21045382268156,2026-06-25 04:18:57.071905,0.708,0.22799999999999998,6.295181533095409,2.119512911532361,-34.63892533333333,17.49377683333333
14.484,18.859429073368734,35.43256164061307,47.282484709213676,222.21194986470607,2026-06-25 04:18:57.146886,0.708,0.22799999999999998,6.298907989730108,2.1217438527570804,-34.63892533333333,17.49377683333333
14.837666666666669,18.858974316764037,35.432565029392265,47.28227508800112,222.21637828617236,2026-06-25 04:18:57.246860,0.708,0.22799999999999998,6.298372771061105,2.1253714828558197,-34.63892533333333,17.49377683333333
15.2305,18.85832096392134,35.43255291371556,47.281916999070035,222.22230457200254,2026-06-25 04:18:57.371827,0.708,0.22799999999999998,6.295183946778755,2.1294008533283586,-34.63892533333333,17.49377683333333
15.086,18.857954897559573,35.432565029392265,47.281668208771066,222.22409013467382,2026-06-25 04:18:57.446808,0.708,0.22799999999999998,6.295182739941215,2.1279186877790623,-34.63892533333333,17.49377683333333
15.502,18.857763842555116,35.43254139615012,47.281518518791394,221.89042115768387,2026-06-25 04:18:57.496795,0.708,0.22799999999999998,6.295182739941215,2.1321856834088706,-34.63892533333333,17.49377683333333
15.667000000000002,18.85759232488762,35.4325187310928,47.28135306596401,222.23496173068398,2026-06-25 04:18:57.571775,0.708,0.22799999999999998,6.2951803262496036,2.133878121579347,-34.63892533333333,17.49377683333333
15.865,18.85752910760669,35.43249049325064,47.281251189271956,222.24420089827981,2026-06-25 04:18:57.646756,0.708,0.22799999999999998,6.295175498816785,2.1359090473839193,-34.63892533333333,17.49377683333333
16.116,18.857539691210622,35.43246783404163,47.28121558258212,222.24670767213655,2026-06-25 04:18:57.696743,0.714,0.22799999999999998,6.295175498816785,2.1384836048432505,-34.63892533333333,17.49377683333333
16.217,18.85757465729363,35.43244221354782,47.28119333178558,222.24413515800848,2026-06-25 04:18:57.746730,0.708,0.22799999999999998,6.29517791254146,2.139519582147603,-34.63892533333333,17.49377683333333
16.451999999999998,18.857645794325272,35.432397697272606,47.28117146869893,222.24278368354425,2026-06-25 04:18:57.821710,0.708,0.22599999999999998,6.295180326241337,2.1419300243904034,-34.63892533333333,17.49377683333333
16.6525,18.857708894697396,35.43232789318172,47.28115021224063,222.2463664461381,2026-06-25 04:18:57.921684,0.708,0.22599999999999998,6.295179119395532,2.1439865931975586,-34.63892533333333,17.49377683333333
16.957,18.857696124215817,35.43226748947881,47.28113765210436,222.24781908484817,2026-06-25 04:18:57.996664,0.708,0.22599999999999998,6.2989055887958525,2.1471099109121656,-34.63892533333333,17.49377683333333
17.198,18.857599250263227,35.43219880924757,47.281119488917284,222.25073114754144,2026-06-25 04:18:58.071645,0.708,0.22599999999999998,6.2951803262496036,2.149581896361165,-34.63892533333333,17.49377683333333
17.631666666666664,18.857238587310917,35.43206734798576,47.28104175543185,222.19803863601248,2026-06-25 04:18:58.196612,0.708,0.22599999999999998,6.2951799035097595,2.1540301025425594,-34.63892533333333,17.49377683333333
18.049666666666667,18.856556282093948,35.43188177676485,47.28090998917312,222.00423357082752,2026-06-25 04:18:58.346573,0.708,0.22599999999999998,6.2951803262496036,2.158317612574434,-34.63892533333333,17.49377683333333
18.207,18.856099460389995,35.43174156741639,47.28088837818061,221.932420303153,2026-06-25 04:18:58.446547,0.708,0.22599999999999998,6.29517791254146,2.1599314122036564,-34.63892533333333,17.49377683333333
18.627000000000002,18.85585272866647,35.4316257091369,47.28095519383503,221.94127544993273,2026-06-25 04:18:58.521528,0.708,0.22599999999999998,6.295175498816785,2.164239436637597,-34.63892533333333,17.49377683333333
18.839,18.855627857887796,35.43141476427888,47.281192921134895,222.28683925974016,2026-06-25 04:18:58.646495,0.708,0.22599999999999998,6.295173085075578,2.166413963256634,-34.63892533333333,17.49377683333333
19.2765,18.855604566848747,35.43118313868173,47.28153100747707,221.94940006683532,2026-06-25 04:18:58.771462,0.708,0.22599999999999998,6.295175498816785,2.1709014887086555,-34.63892533333333,17.49377683333333
19.467666666666666,18.855820335453213,35.4309283171365,47.2819094610102,222.01644504004346,2026-06-25 04:18:58.896430,0.714,0.22599999999999998,6.295175035573523,2.172862323639501,-34.63892533333333,17.49377683333333
19.768,18.856284301746474,35.430596731966816,47.282360849394095,221.9488250297651,2026-06-25 04:18:59.046391,0.714,0.22599999999999998,6.29517791254146,2.1759429030164696,-34.63892533333333,17.49377683333333
20.015,18.856490777304682,35.43044613522677,47.28250431299553,222.08979342478426,2026-06-25 04:18:59.108874,0.714,0.22799999999999998,6.295173085075578,2.1784764316716685,-34.63892533333333,17.49377683333333
20.203,18.856831427606366,35.430044323404786,47.28283908319333,222.1227766439519,2026-06-25 04:18:59.271332,0.714,0.22699999999999998,6.29890198736158,2.1804047854659085,-34.63892533333333,17.49377683333333
20.7715,18.8567736235279,35.42978044050297,47.283019292890835,222.12038489462654,2026-06-25 04:18:59.371306,0.714,0.22799999999999998,6.297045364835661,2.1862360042532787,-34.63892533333333,17.49377683333333
21.019,18.856718527186196,35.42943565715958,47.283282368114996,222.13049761644987,2026-06-25 04:18:59.496274,0.714,0.22699999999999995,6.295177912533195,2.188774661508994,-34.63892533333333,17.49377683333333
21.192999999999998,18.856763379178837,35.42929417631353,47.28340265506818,221.9645947335174,2026-06-25 04:18:59.546260,0.714,0.22599999999999998,6.295176705679122,2.190559414488769,-34.63892533333333,17.49377683333333
21.533,18.857202740513063,35.42885896753854,47.283823067332015,221.96502900615488,2026-06-25 04:18:59.696221,0.714,0.22799999999999998,6.29517791254146,2.1940468628400547,-34.63892533333333,17.49377683333333
21.650000000000002,18.85738919599275,35.42875888762043,47.283938099272945,221.9690351814731,2026-06-25 04:18:59.729546,0.714,0.22750819672131142,6.296091553258069,2.1952469553609384,-34.63892533333333,17.49377683333333
21.853,18.857995341726387,35.42840908745648,47.28432849019607,222.3078185375851,2026-06-25 04:18:59.846182,0.714,0.22799999999999998,6.295175498816785,2.1973291671706763,-34.63892533333333,17.49377683333333
22.146,18.85826063202939,35.428104180713056,47.28449167244788,222.30311342087396,2026-06-25 04:18:59.896169,0.714,0.22599999999999998,6.2951803262496036,2.149296010329103,-34.63892533333333,17.49377683333333
22.068,18.858516445406746,35.42825699254088,47.28463914532208,222.29759159756992,2026-06-25 04:18:59.946156,0.714,0.22599999999999998,6.295182739941215,2.162082994061672,-34.63892533333333,17.49377683333333
22.4125,18.858997216840958,35.42779729882865,47.28485137786704,222.29967084479125,2026-06-25 04:19:00.046130,0.714,0.22599999999999998,6.295182739941215,2.105607149242825,-34.63892533333333,17.49377683333333
22.6585,18.85922415670929,35.42764383677728,47.284922436538444,222.13549032466307,2026-06-25 04:19:00.096117,0.714,0.22599999999999998,6.2951803262496036,2.065278969778569,-34.63892533333333,17.49377683333333
22.864,18.85964090226579,35.42733749409529,47.28498954531365,222.3021503169953,2026-06-25 04:19:00.196091,0.714,0.22599999999999998,6.295182739941215,2.0315901857139163,-34.63892533333333,17.49377683333333
23.0405,18.859864516631987,35.42710983299523,47.28494909604148,222.30329912436707,2026-06-25 04:19:00.271072,0.714,0.22599999999999998,6.295182739941215,2.0026555366267567,-34.63892533333333,17.49377683333333
23.3515,18.86000078840067,35.426810424189654,47.28484239135253,222.30451686863879,2026-06-25 04:19:00.371045,0.714,0.22599999999999998,6.295183946778755,2.0241951290346463,-34.63892533333333,17.49377683333333
23.581,18.859982141061725,35.426590063265294,47.28476636771738,221.9597267829832,2026-06-25 04:19:00.446026,0.714,0.22599999999999998,6.298915192434213,2.0415939191261883,-34.63892533333333,17.49377683333333
23.786,18.859896679547543,35.42637522606047,47.284741664628356,222.3064115277886,2026-06-25 04:19:00.521006,0.7109999999999997,0.22599999999999998,6.2970489789613815,2.0571353220402018,-34.63892533333333,17.49377683333333
24.24,18.85980204535723,35.425988675238024,47.28497211563245,222.24843760962577,2026-06-25 04:19:00.662636,0.714,0.22599999999999998,6.29518712316167,2.091553843615627,-34.63892533333333,17.49377683333333
24.53,18.859776920767807,35.42589820990433,47.28503718634416,222.32022688179967,2026-06-25 04:19:00.695961,0.714,0.22599999999999998,6.295182739941215,2.1288208276661953,-34.63892533333333,17.49377683333333
24.8465,18.859971884510827,35.42558636891318,47.28563114632587,222.15186792149927,2026-06-25 04:19:00.820928,0.714,0.22700000000000004,6.2970465652945675,2.1785419481225494,-34.63892533333333,17.49377683333333
25.09,18.860220389099176,35.425412166522854,47.28605608134508,222.32118229402556,2026-06-25 04:19:00.895909,0.714,0.22599999999999998,6.295185153616295,2.2167950060407873,-34.63892533333333,17.49377683333333
25.246,18.86042017370261,35.425302953230485,47.28633365364175,222.32554384223553,2026-06-25 04:19:00.945896,0.708,0.22599999999999998,6.295182739941215,2.241302098587995,-34.63892533333333,17.49377683333333
25.433500000000002,18.860673475588115,35.42515063179728,47.28669312696533,222.1606458475014,2026-06-25 04:19:01.020876,0.708,0.22599999999999998,6.2951803262496036,2.270757738668774,-34.63892533333333,17.49377683333333
25.655,18.860802666121437,35.42501075626119,47.28696768540912,222.3215008731934,2026-06-25 04:19:01.095857,0.708,0.22599999999999998,6.2951875672748425,2.305554668150867,-34.63892533333333,17.49377683333333
25.993000000000002,18.86071781028476,35.42488788253069,47.28710833846279,222.15252794250947,2026-06-25 04:19:01.170837,0.708,0.22599999999999998,6.29518998091686,2.2609145374191275,-34.63892533333333,17.49377683333333
26.179,18.86046266129636,35.42477978245809,47.28712331927457,222.32499959575037,2026-06-25 04:19:01.245817,0.708,0.22599999999999998,6.29518998091686,2.2363492583774014,-34.63892533333333,17.49377683333333
26.526,18.86019983554987,35.42471822416576,47.28704158760326,221.99083413914465,2026-06-25 04:19:01.295804,0.708,0.22599999999999998,6.29518998091686,2.1905204851113846,-34.63892533333333,17.49377683333333
26.666666666666668,18.859542680668262,35.42462371242328,47.28666479144746,221.99855771801455,2026-06-25 04:19:01.395778,0.708,0.22599999999999998,6.2951875672748425,2.1719424425386094,-34.63892533333333,17.49377683333333
26.897,18.85880389877165,35.42455982333977,47.28613075053329,222.01789284994433,2026-06-25 04:19:01.495752,0.714,0.22599999999999998,6.29517791254146,2.1415219984206293,-34.63892533333333,17.49377683333333
27.2635,18.858208167154025,35.42455982333977,47.285686440266815,222.01361534231407,2026-06-25 04:19:01.570733,0.708,0.22599999999999998,6.2951851536080285,2.093117832997012,-34.63892533333333,17.49377683333333
27.517,18.857619305588706,35.42455982333977,47.28530280437912,222.02206359312547,2026-06-25 04:19:01.645713,0.708,0.22599999999999998,6.295182739941215,2.0596377349482076,-34.63892533333333,17.49377683333333
27.682,18.857250532563423,35.42456141186988,47.285132103413666,222.36759244998407,2026-06-25 04:19:01.695700,0.708,0.22599999999999998,6.2989055887958525,2.0732470980528697,-34.63892533333333,17.49377683333333
27.856,18.856917366677894,35.42458985893048,47.28505146753354,222.03179730576477,2026-06-25 04:19:01.745687,0.714,0.22599999999999998,6.2951803262496036,2.0875987900541495,-34.63892533333333,17.49377683333333
28.111,18.856531992601163,35.424656794051856,47.285132973980765,222.03585907419063,2026-06-25 04:19:01.820668,0.708,0.22599999999999998,6.2951803262496036,2.1086314421249908,-34.63892533333333,17.49377683333333
28.517,18.856289104125413,35.42474899899877,47.28540332427989,222.04428469583934,2026-06-25 04:19:01.895648,0.708,0.22599999999999998,6.29517791254146,2.1421187234613104,-34.63892533333333,17.49377683333333
28.8125,18.856221918056377,35.42503441782425,47.28595344969589,222.05409229524034,2026-06-25 04:19:01.995622,0.708,0.22599999999999998,6.295173085075578,2.1664918555669326,-34.63892533333333,17.49377683333333
28.694000000000003,18.85624225948258,35.42492759821715,47.28621640722137,222.0494890185435,2026-06-25 04:19:02.045609,0.708,0.22599999999999998,6.295175498808519,2.15671785842813,-34.63892533333333,17.49377683333333
29.375,18.856442641545183,35.4253595483036,47.28673221547929,222.05144456440598,2026-06-25 04:19:02.170576,0.708,0.22599999999999998,6.29517791254146,2.187854895920966,-34.63892533333333,17.49377683333333
29.6615,18.856782696424272,35.425692735097314,47.28692510776084,222.05420601637314,2026-06-25 04:19:02.270550,0.708,0.22599999999999998,6.295176705679122,2.19761371509973,-34.63892533333333,17.49377683333333
29.933,18.857088088321795,35.42598257082015,47.28695707389669,222.0604903902886,2026-06-25 04:19:02.345531,0.708,0.22599999999999998,6.295173085075578,2.2068616013371978,-34.63892533333333,17.49377683333333
30.049,18.85726440143168,35.42619780214463,47.28690795226498,222.06063927822973,2026-06-25 04:19:02.395518,0.708,0.22599999999999998,6.295173085075578,2.2108128160832243,-34.63892533333333,17.49377683333333
30.348,18.85738748648991,35.42667938646245,47.28679654932829,222.06249036050806,2026-06-25 04:19:02.445505,0.708,0.22599999999999998,6.295173085075578,2.2209974127130687,-34.63892533333333,17.49377683333333
30.343,18.857447686338347,35.4264299642387,47.28662296004137,222.04863202684018,2026-06-25 04:19:02.495492,0.708,0.22599999999999998,6.295182739941215,2.220827101732637,-34.63892533333333,17.49377683333333
30.769000000000002,18.857401292289627,35.42723734280233,47.28614378748523,222.0520254376899,2026-06-25 04:19:02.595466,0.708,0.22599999999999998,6.295182739941215,2.2346567789390184,-34.63892533333333,17.49377683333333
30.986,18.857253534697456,35.427855915224754,47.28565636291728,222.06093744096796,2026-06-25 04:19:02.695440,0.708,0.22599999999999998,6.29517791254146,2.233357829793453,-34.63892533333333,17.49377683333333
31.429333333333332,18.857031260201236,35.42856196495069,47.28536769559033,222.0621220306813,2026-06-25 04:19:02.795414,0.708,0.22599999999999998,6.295180167601576,2.230704062721867,-34.63892533333333,17.49377683333333
31.72,18.856781735313238,35.42933221735187,47.285324238735306,222.06829197633536,2026-06-25 04:19:02.895388,0.708,0.22599999999999998,6.29517791254146,2.2289641492734287,-34.63892533333333,17.49377683333333
31.878,18.856646602758232,35.429750029656645,47.285456590276944,222.07335408696315,2026-06-25 04:19:02.945374,0.708,0.22599999999999998,6.295175498816785,2.2280183706328787,-34.63892533333333,17.49377683333333
32.036,18.85650881894484,35.43018777475097,47.28569646099146,222.07145528877794,2026-06-25 04:19:02.995361,0.708,0.22599999999999998,6.29517791254146,2.2368926672345797,-34.63892533333333,17.49377683333333
32.186,18.856371321458724,35.43064564596027,47.28604767142728,222.06944843492667,2026-06-25 04:19:03.045348,0.708,0.22599999999999998,6.2951803262496036,2.245317632362777,-34.63892533333333,17.49377683333333
32.372,18.856235701591103,35.43112382113434,47.286507111470144,222.0781861010228,2026-06-25 04:19:03.095335,0.7020000000000002,0.22799999999999998,6.295175498816785,2.2557645891217413,-34.63892533333333,17.49377683333333
32.582,18.85610420628045,35.43162246217988,47.287064366938345,222.08017477939728,2026-06-25 04:19:03.145322,0.7020000000000002,0.22799999999999998,6.295175498816785,2.2675595403012174,-34.63892533333333,17.49377683333333
32.839,18.855847056731015,35.4329725782932,47.288750161444696,222.00216682804478,2026-06-25 04:19:03.270290,0.7020000000000002,0.2295483870967743,6.29517791254146,2.281994313887529,-34.63892533333333,17.49377683333333
33.168,18.85570529782513,35.434427150692194,47.290367050089515,221.4115392388013,2026-06-25 04:19:03.395257,0.7020000000000002,0.22799999999999998,6.295173085075578,2.3004730707353747,-34.63892533333333,17.49377683333333
33.643,18.855700909867174,35.43537354235551,47.290903480442786,221.07637274155317,2026-06-25 04:19:03.470238,0.7020000000000002,0.2290000000000001,6.295174291946181,2.2334194525309727,-34.63892533333333,17.49377683333333
33.828,18.85577528034125,35.436705827594544,47.29099725830029,221.07442742024833,2026-06-25 04:19:03.570212,0.7020000000000002,0.2290000000000007,6.295175498816785,2.207303832809258,-34.63892533333333,17.49377683333333
34.024,18.8560521363844,35.43848734062656,47.2904797022832,221.0728932358292,2026-06-25 04:19:03.695179,0.7020000000000002,0.22999999999999998,6.295175498816785,2.179635392455442,-34.63892533333333,17.49377683333333
34.2215,18.85616438038671,35.438883568209185,47.29041473190212,221.07733521070463,2026-06-25 04:19:03.720173,0.7050000000000001,0.22799999999999998,6.2951730850673115,2.151755203833612,-34.63892533333333,17.49377683333333
34.578,18.856226786730822,35.440801547865966,47.290263522384215,221.07465033310356,2026-06-25 04:19:03.745166,0.7020000000000002,0.22999999999999998,6.295175498816785,2.110355733039344,-34.63892533333333,17.49377683333333
34.515,18.856605330579807,35.439237836093234,47.29001588097515,221.41493677557665,2026-06-25 04:19:03.845140,0.7020000000000002,0.22799999999999998,6.295173085075578,2.110323126058892,-34.63892533333333,17.49377683333333
34.746,18.856765166985326,35.441614544284654,47.28998118304671,221.40998466128426,2026-06-25 04:19:03.895127,0.7020000000000002,0.22999999999999998,6.295175498816785,2.1104426849872158,-34.63892533333333,17.49377683333333
35.121,18.85687941721397,35.44244812023502,47.28998163889446,221.41216074227296,2026-06-25 04:19:03.945114,0.7020000000000002,0.22999999999999998,6.295175498816785,2.110636774156573,-34.63892533333333,17.49377683333333
35.301,18.856948159655296,35.44417634449402,47.29001494911786,221.40447028122722,2026-06-25 04:19:04.045088,0.7020000000000002,0.22799999999999998,6.2951803262496036,2.1107299369578643,-34.63892533333333,17.49377683333333
35.42,18.85693019481357,35.44418636118435,47.290018945785526,221.40745126492064,2026-06-25 04:19:04.045088,0.7020000000000002,0.22899999999999998,6.295179119395532,2.11079152792094,-34.63892533333333,17.49377683333333
35.85666666666667,18.856828976757527,35.44692475551262,47.29023786754765,221.7005046701869,2026-06-25 04:19:04.195049,0.7020000000000002,0.22599999999999998,6.295182148348108,2.111017533975925,-34.63892533333333,17.49377683333333
36.042,18.856750267006724,35.4488432226298,47.290731392320225,221.41344817831694,2026-06-25 04:19:04.295023,0.7020000000000002,0.22599999999999998,6.295175498816785,2.111113457156514,-34.63892533333333,17.49377683333333
36.172,18.85673396664706,35.449833894765,47.29119337552634,221.07309822051752,2026-06-25 04:19:04.345010,0.7020000000000002,0.22599999999999998,6.29517791254146,2.111180741401891,-34.63892533333333,17.49377683333333
36.432500000000005,18.856744219345863,35.451356507738964,47.29216067842147,221.07537454794212,2026-06-25 04:19:04.419990,0.7020000000000002,0.22599999999999998,6.295176705679122,2.110227242352865,-34.63892533333333,17.49377683333333
36.88,18.856787215719265,35.45291484606102,47.29330750917138,220.7430490227208,2026-06-25 04:19:04.494971,0.7020000000000002,0.22599999999999998,6.291450210755563,2.1085892737369756,-34.63892533333333,17.49377683333333
37.03633333333334,18.856951702781085,35.455061405909134,47.294739478039126,220.73462147810056,2026-06-25 04:19:04.594944,0.7020000000000002,0.22599999999999998,6.291906318107973,2.1080170522987247,-34.63892533333333,17.49377683333333
37.232,18.85723382504246,35.45726287709197,47.295848109507496,220.74244185101918,2026-06-25 04:19:04.694918,0.7020000000000002,0.22599999999999998,6.291447784256739,2.107300860434645,-34.63892533333333,17.49377683333333
37.524,18.857410492197282,35.45838996795321,47.29625901735127,220.40407752517547,2026-06-25 04:19:04.744905,0.7020000000000002,0.22599999999999998,6.295175498816785,2.1062320630361206,-34.63892533333333,17.49377683333333
37.7795,18.857621410466503,35.460110594925524,47.29682405669416,220.4034905343369,2026-06-25 04:19:04.819886,0.7020000000000002,0.22599999999999998,6.2933128547861745,2.1546875041030495,-34.63892533333333,17.49377683333333
37.997,18.85767080299561,35.46185997961294,47.29743955576332,220.06820441274195,2026-06-25 04:19:04.894866,0.7020000000000002,0.22599999999999998,6.291450210755563,2.1959362650895744,-34.63892533333333,17.49377683333333
38.224000000000004,18.85701057779189,35.46424847586848,47.298710710169374,220.0665895037121,2026-06-25 04:19:04.994840,0.7020000000000002,0.22599999999999998,6.291452637237768,2.2389866960962013,-34.63892533333333,17.49377683333333
38.4045,18.856336296910023,35.46545838367258,47.2995998984391,220.06955646275392,2026-06-25 04:19:05.044827,0.7020000000000002,0.22599999999999998,6.291452637229459,2.273218426478121,-34.63892533333333,17.49377683333333
38.8825,18.853229833112877,35.468530317671984,47.30298658406346,219.91584792827166,2026-06-25 04:19:05.169795,0.6990000000000002,0.22499999999999998,6.289589999585921,2.3638708759105755,-34.63892533333333,17.49377683333333
39.283500000000004,18.848694431880546,35.47103925270996,47.30767489501912,219.26776589977268,2026-06-25 04:19:05.269769,0.6900000000000002,0.22399999999999998,6.287727361934075,2.4473626470771648,-34.63892533333333,17.49377683333333
39.462,18.842752513379025,35.473585468772725,47.31428560917498,217.96183184807143,2026-06-25 04:19:05.369743,0.6930000000000004,0.22500000000000003,6.28772858154559,2.5148468797651424,-34.63892533333333,17.49377683333333
39.554,18.837922968592284,35.47551573141581,47.320154448003166,216.8423751306305,2026-06-25 04:19:05.444723,0.6900000000000002,0.22599999999999998,6.283992278540557,2.5496286691617467,-34.63892533333333,17.49377683333333
39.771,18.83475291167724,35.47681230304016,47.32420319638934,216.23754704718792,2026-06-25 04:19:05.494710,0.6900000000000002,0.22399999999999998,6.283965304907937,2.6316683245863466,-34.63892533333333,17.49377683333333
40.256,18.830342887157038,35.47876984259726,47.32985263212946,214.64735904998437,2026-06-25 04:19:05.569690,0.6900000000000002,0.22499999999999998,6.280227512989321,2.815028844774969,-34.63892533333333,17.49377683333333
40.4455,18.825283930657307,35.48139781175587,47.33598295899728,213.3970638696594,2026-06-25 04:19:05.669664,0.6900000000000002,0.22499999999999998,6.280211489567508,2.8440021304921155,-34.63892533333333,17.49377683333333
40.726,18.822170380437406,35.48337979653013,47.33927645946749,211.8213936472727,2026-06-25 04:19:05.744645,0.6900000000000002,0.22599999999999998,6.280202861338644,2.8826187323358194,-34.63892533333333,17.49377683333333
41.090500000000006,18.8196606966131,35.485369946026324,47.34122104640922,211.36532561990464,2026-06-25 04:19:05.819625,0.692999999999996,0.2250000000000014,6.280195465495585,2.9327996641434146,-34.63892533333333,17.49377683333333
41.306,18.81742502696547,35.4873646783773,47.34214871617886,210.60143829815658,2026-06-25 04:19:05.894606,0.6900000000000002,0.22599999999999998,6.276454900466723,2.9624676773245837,-34.63892533333333,17.49377683333333
41.429,18.81506739098164,35.48936271335894,47.34186375384913,209.51689290756912,2026-06-25 04:19:05.969586,0.6930000000000013,0.22599999999999998,6.276447465893063,2.979401160485995,-34.63892533333333,17.49377683333333
41.652,18.810982946491663,35.492027420086,47.33976973998678,208.89685637952516,2026-06-25 04:19:06.069560,0.6930000000000002,0.22599999999999998,6.276453661379601,3.010101703128227,-34.63892533333333,17.49377683333333
42.206,18.80683815251728,35.49402406633072,47.33675036681147,208.14052896142752,2026-06-25 04:19:06.144541,0.6900000000000002,0.22599999999999998,6.276449944101259,3.0863712126519784,-34.63892533333333,17.49377683333333
42.428,18.803417960187506,35.49535290703217,47.33389289826978,208.15422888452224,2026-06-25 04:19:06.194528,0.6900000000000002,0.22599999999999998,6.276449944101259,3.0688920147007774,-34.63892533333333,17.49377683333333
42.563,18.799547446105585,35.49667928499091,47.330422166460274,207.85463942209606,2026-06-25 04:19:06.244515,0.6900000000000002,0.22399999999999998,6.276452422292479,3.058262772703425,-34.63892533333333,17.49377683333333
42.799499999999995,18.79308173322722,35.498662415412966,47.324253645142655,207.43663598488362,2026-06-25 04:19:06.319495,0.6600000000000001,0.22199999999999998,6.274572124300767,3.039641915426583,-34.63892533333333,17.49377683333333
43.069,18.786270328400683,35.50063762663545,47.31753429822898,207.02126972297552,2026-06-25 04:19:06.394475,0.6600000000000001,0.22199999999999998,6.272691761735151,3.018422798994831,-34.63892533333333,17.49377683333333
43.28733333333333,18.77725112483058,35.50325137067471,47.30868864182921,206.28438253006084,2026-06-25 04:19:06.494449,0.6600000000000001,0.22199999999999998,6.272643158529264,3.001232296505287,-34.63892533333333,17.49377683333333
43.941,18.76860031058,35.505845304845714,47.300670741874875,206.24632913574158,2026-06-25 04:19:06.594423,0.6600000000000001,0.22199999999999998,6.272629476836284,3.1399696663049843,-34.63892533333333,17.49377683333333
44.06,18.760334062012742,35.5084065476124,47.29397600898056,205.85978069669127,2026-06-25 04:19:06.694397,0.6600000000000001,0.22199999999999998,6.272606861366806,3.1674638080728728,-34.63892533333333,17.49377683333333
44.426500000000004,18.74991239756372,35.51156742237319,47.28635371753445,205.44317698663954,2026-06-25 04:19:06.819365,0.6600000000000001,0.22199999999999998,6.272592100767595,3.252141143853808,-34.63892533333333,17.49377683333333
44.766,18.743496691201255,35.51343706506433,47.28185206482165,204.8704497228152,2026-06-25 04:19:06.894345,0.6600000000000001,0.22199999999999998,6.2688556072209405,3.330580313015136,-34.63892533333333,17.49377683333333
45.047,18.739218464213266,35.51467050764681,47.278801703251034,204.89742424339875,2026-06-25 04:19:06.944332,0.6600000000000001,0.22199999999999998,6.268848093044533,3.3955034545006546,-34.63892533333333,17.49377683333333
45.21,18.73302483252982,35.516499951687805,47.27426568199522,204.48267432332898,2026-06-25 04:19:07.019313,0.6600000000000001,0.22199999999999998,6.268833064194032,3.4331634974264187,-34.63892533333333,17.49377683333333
45.555,18.72721317891119,35.51830770526369,47.269969305945345,204.09447096362234,2026-06-25 04:19:07.094293,0.6600000000000001,0.22199999999999998,6.2687979945878105,3.411571268141169,-34.63892533333333,17.49377683333333
45.814,18.721979117728004,35.520086988359495,47.26624043363384,203.8288868988206,2026-06-25 04:19:07.169273,0.6600000000000001,0.22199999999999998,6.268784216289272,3.38566880137569,-34.63892533333333,17.49377683333333
46.06,18.717135189647205,35.5218424900354,47.26304533960089,203.56219361699496,2026-06-25 04:19:07.244254,0.6600000000000001,0.22199999999999998,6.26877043751009,3.3610664584246948,-34.63892533333333,17.49377683333333
46.405,18.7140203012224,35.5241377963216,47.26122396098671,203.29754018561428,2026-06-25 04:19:07.294241,0.6600000000000001,0.22199999999999998,6.268750394694356,3.3265631725787865,-34.63892533333333,17.49377683333333
46.146,18.71083246265505,35.52299645779416,47.259540778588594,203.01337027545483,2026-06-25 04:19:07.344228,0.6540000000000001,0.22199999999999998,6.268745383818743,3.3524656393442656,-34.63892533333333,17.49377683333333
46.584,18.70743382884247,35.525266246659314,47.25787592296197,203.03065377006698,2026-06-25 04:19:07.394215,0.6540000000000001,0.22199999999999998,6.268742878355185,3.3086614677485904,-34.63892533333333,17.49377683333333
46.911500000000004,18.70160127227033,35.52693256020159,47.2550430793534,202.60554236760913,2026-06-25 04:19:07.469195,0.6540000000000001,0.22199999999999998,6.265013259551843,3.2759083485760256,-34.63892533333333,17.49377683333333
47.25200000000001,18.689235471364395,35.52964208641637,47.24826473881193,201.927686333555,2026-06-25 04:19:07.594163,0.6540000000000001,0.22199999999999998,6.264992891312631,3.3509450638815457,-34.63892533333333,17.49377683333333
47.637,18.67683399533097,35.53175440518848,47.2405286028465,201.7011182521337,2026-06-25 04:19:07.694137,0.6540000000000001,0.22199999999999998,6.264972965227165,3.438946318581965,-34.63892533333333,17.49377683333333
47.758,18.669531117899627,35.53278713184511,47.23555666315364,201.44867447466248,2026-06-25 04:19:07.744124,0.6540000000000001,0.22199999999999998,6.264957853703395,3.466603855773526,-34.63892533333333,17.49377683333333
48.149,18.66160107894276,35.535304837367704,47.22989734426759,201.1965658278767,2026-06-25 04:19:07.794111,0.6540000000000001,0.22199999999999998,6.2649452602922615,3.5240241210746106,-34.63892533333333,17.49377683333333
48.0595,18.64863135444472,35.53380564864152,47.220061985074786,200.83128284274235,2026-06-25 04:19:07.869091,0.6540000000000001,0.22199999999999998,6.264920071959592,3.5305453955823007,-34.63892533333333,17.49377683333333
48.7,18.63490023887197,35.53677533506245,47.20901947090683,200.47400871993804,2026-06-25 04:19:07.944072,0.6540000000000001,0.22199999999999998,6.261164636900253,3.4838763863959827,-34.63892533333333,17.49377683333333
48.89,18.620946488211935,35.538209919728914,47.19693919298177,200.2579989522963,2026-06-25 04:19:08.019052,0.6540000000000001,0.22199999999999998,6.261141849359708,3.4700323399550763,-34.63892533333333,17.49377683333333
49.04,18.607472379363024,35.539615819436904,47.18463590702725,200.0742983144838,2026-06-25 04:19:08.094032,0.6540000000000001,0.22199999999999998,6.261091205599471,3.4591028296069926,-34.63892533333333,17.49377683333333
49.3805,18.595274912734777,35.540986038572385,47.17302494903363,200.18025396853656,2026-06-25 04:19:08.169013,0.6540000000000001,0.22199999999999998,6.262907225168862,3.4342928411168425,-34.63892533333333,17.49377683333333
49.6605,18.58124495174856,35.54276587626926,47.15964640098768,199.9980052475396,2026-06-25 04:19:08.268987,0.6540000000000001,0.22199999999999998,6.2609936960352215,3.4138910884670857,-34.63892533333333,17.49377683333333
50.0565,18.56693393041875,35.544907286878,47.14713098563706,200.1145296599084,2026-06-25 04:19:08.393954,0.6480000000000001,0.22599999999999998,6.2609430324052875,3.3906424155447477,-34.63892533333333,17.49377683333333
50.193,18.566849081865453,35.544914076492475,47.1469090068531,200.11762119563423,2026-06-25 04:19:08.393954,0.6420000000000001,0.22999999999999998,6.26094176581889,3.3975122643178026,-34.63892533333333,17.49377683333333
50.495,18.556275661837688,35.54657003508056,47.13885191256367,200.484902714474,2026-06-25 04:19:08.493928,0.6420000000000001,0.22999999999999998,6.2609164310514895,3.412711490174672,-34.63892533333333,17.49377683333333
50.8445,18.547522109815468,35.54777564005808,47.132513346269576,200.5349862622444,2026-06-25 04:19:08.568909,0.6420000000000001,0.22999999999999998,6.260903762981683,3.430301322747439,-34.63892533333333,17.49377683333333
50.973,18.53741113455795,35.54895546971855,47.12492498780338,200.29210815668768,2026-06-25 04:19:08.643889,0.6420000000000001,0.22999999999999998,6.2608910945470875,3.4367685430209747,-34.63892533333333,17.49377683333333
51.184,18.520508960212325,35.550476686693386,47.11085227891957,200.37728538163006,2026-06-25 04:19:08.743863,0.6420000000000001,0.22999999999999998,6.260873357960396,3.447387869695807,-34.63892533333333,17.49377683333333
51.3575,18.520005555024227,35.550482697421096,47.11016301183809,200.37918300341454,2026-06-25 04:19:08.743863,0.6420000000000001,0.22999999999999998,6.260874624833384,3.4561198752791404,-34.63892533333333,17.49377683333333
51.709,18.499622200250126,35.551961851472534,47.09138690538286,200.48656774010166,2026-06-25 04:19:08.843837,0.6420000000000001,0.22999999999999998,6.260850552526637,3.4738103649767877,-34.63892533333333,17.49377683333333
51.781,18.487811515641514,35.552684099549545,47.07974877218285,200.59284538746874,2026-06-25 04:19:08.893824,0.6420000000000001,0.22999999999999998,6.260799868746113,3.4774340214724653,-34.63892533333333,17.49377683333333
52.058,18.47520377160142,35.553395189857966,47.06705287114236,200.66985242564772,2026-06-25 04:19:08.943811,0.6420000000000001,0.22999999999999998,6.260777058777103,3.4913750332683353,-34.63892533333333,17.49377683333333
52.268,18.461898285936257,35.55409543108953,47.053453820278165,200.7520410981607,2026-06-25 04:19:08.993798,0.6420000000000001,0.22999999999999998,6.260751712716002,3.5019440313807273,-34.63892533333333,17.49377683333333
52.46933333333334,18.43340800986811,35.55546135501452,47.02380247742485,200.64604258953779,2026-06-25 04:19:09.093772,0.6420000000000001,0.22999999999999998,6.260684005303518,3.5120768486186402,-34.63892533333333,17.49377683333333
52.883,18.403588422797217,35.55679437929086,46.99218759782067,200.53968770582145,2026-06-25 04:19:09.193746,0.6420000000000001,0.22999999999999998,6.2606224207634655,3.5328960972813053,-34.63892533333333,17.49377683333333
53.016,18.388418510536894,35.55744529400272,46.97569850321315,200.62204205385765,2026-06-25 04:19:09.243733,0.6420000000000001,0.22999999999999998,6.26060213556926,3.5395897960858203,-34.63892533333333,17.49377683333333
53.272,18.37340736206027,35.55808737304479,46.95909626649586,200.45868198071733,2026-06-25 04:19:09.293720,0.6420000000000001,0.22999999999999998,6.260541273307681,3.552473908070451,-34.63892533333333,17.49377683333333
53.4285,18.35184610580238,35.55903370790936,46.93473512815491,200.6006980093588,2026-06-25 04:19:09.368700,0.6420000000000001,0.22999999999999998,6.260491814974408,3.5603503280923054,-34.63892533333333,17.49377683333333
53.641,18.331872000317187,35.559964154954,46.9117650084929,200.44765778715993,2026-06-25 04:19:09.443681,0.6360000000000001,0.22000000000000003,6.26043727709533,3.5710451476107976,-34.63892533333333,17.49377683333333
53.806,18.319961178835978,35.56057446175175,46.89793811831165,200.57406807302414,2026-06-25 04:19:09.493668,0.6360000000000001,0.21800000000000003,6.2566395841244375,3.5793493604133912,-34.63892533333333,17.49377683333333
54.159,18.309288978459797,35.56206944085817,46.88559142040884,200.94926697319312,2026-06-25 04:19:09.543655,0.6360000000000001,0.22000000000000003,6.256608981616665,3.5971153429546985,-34.63892533333333,17.49377683333333
54.07,18.295903264916813,35.561177726581164,46.8704464501438,200.76128700408907,2026-06-25 04:19:09.618635,0.6360000000000001,0.21800000000000003,6.2584278925061625,3.592636100897542,-34.63892533333333,17.49377683333333
54.404,18.285059000589726,35.5629488678819,46.858746290137184,200.8762672417037,2026-06-25 04:19:09.693615,0.6360000000000001,0.21800000000000003,6.256501852994159,3.60944584075249,-34.63892533333333,17.49377683333333
54.747,18.274639942536847,35.56409851659265,46.848787567215915,200.65229495216866,2026-06-25 04:19:09.793589,0.6360000000000001,0.21800000000000003,6.2564763416282085,3.6267085376693973,-34.63892533333333,17.49377683333333
55.028499999999994,18.27506683338475,35.564100975335585,46.849353065298615,200.65167585894613,2026-06-25 04:19:09.793589,0.6360000000000001,0.21800000000000003,6.256477617130851,3.6408760279962467,-34.63892533333333,17.49377683333333
55.25,18.266392600469274,35.565513246822036,46.842564191158544,200.71892508435877,2026-06-25 04:19:09.918557,0.6390000000000001,0.21800000000000003,6.256449552789977,3.6520238045766993,-34.63892533333333,17.49377683333333
55.641999999999996,18.26166821285463,35.56689989541155,46.840109630988934,200.4186584833146,2026-06-25 04:19:10.043524,0.6360000000000001,0.21800000000000003,6.256434790712204,3.6717526010531647,-34.63892533333333,17.49377683333333
55.871,18.259162057141463,35.56799569705873,46.839310017472194,200.20592366574354,2026-06-25 04:19:10.143498,0.6420000000000001,0.21800000000000003,6.256410003882619,3.6832778418519165,-34.63892533333333,17.49377683333333
56.125,18.258096634348284,35.568538831349734,46.83906301801257,200.21467933153843,2026-06-25 04:19:10.193485,0.6420000000000001,0.21800000000000003,6.256407452194467,3.696061296711667,-34.63892533333333,17.49377683333333
56.22,18.256985630701855,35.5690795250236,46.83875066080642,199.92427998300838,2026-06-25 04:19:10.243472,0.6420000000000001,0.21800000000000003,6.256407452194467,3.7008425101434637,-34.63892533333333,17.49377683333333
56.598000000000006,18.25359630915684,35.570331875294364,46.83704862300389,199.94527391578137,2026-06-25 04:19:10.360108,0.6360000000000001,0.21800000000000003,6.256402225561475,3.7198667067457705,-34.63892533333333,17.49377683333333
56.884,18.252655687697096,35.57068952668414,46.836595046959594,199.9508106072218,2026-06-25 04:19:10.393433,0.6360000000000001,0.21800000000000003,6.256402348765624,3.7342606756035996,-34.63892533333333,17.49377683333333
57.132,18.246016382519265,35.57228622384578,46.83161618605828,199.6941479517931,2026-06-25 04:19:10.543394,0.6360000000000001,0.22000000000000003,6.256392141697781,3.7467421590887104,-34.63892533333333,17.49377683333333
57.295,18.244456028218707,35.57255051674889,46.830138396347316,199.70734909483335,2026-06-25 04:19:10.568387,0.6360000000000001,0.21800000000000003,6.256387038050019,3.754945714766425,-34.63892533333333,17.49377683333333
57.356,18.243299335047833,35.572816432392244,46.829280392251405,199.70882707989,2026-06-25 04:19:10.593381,0.6360000000000001,0.22000000000000003,6.256389589887036,3.758015757075263,-34.63892533333333,17.49377683333333
57.676,18.237405395925375,35.57387479920898,46.823799945448194,199.754247718428,2026-06-25 04:19:10.693355,0.6360000000000001,0.21800000000000003,6.2563717267214205,3.774120897056051,-34.63892533333333,17.49377683333333
57.844,18.23434997460237,35.574403226984025,46.820793001322734,199.48196978882544,2026-06-25 04:19:10.743342,0.6360000000000001,0.22000000000000003,6.256364070816289,3.7825760955459646,-34.63892533333333,17.49377683333333
58.003,18.229767959112433,35.57519520696548,46.81616127454997,199.36992673492702,2026-06-25 04:19:10.818322,0.6360000000000001,0.22000000000000003,6.254483452891138,3.790578336973919,-34.63892533333333,17.49377683333333
58.283,18.22217837835995,35.576514160754215,46.80861324131243,199.28192759639958,2026-06-25 04:19:10.943290,0.6360000000000001,0.22000000000000003,6.2525924846182335,3.804670334457109,-34.63892533333333,17.49377683333333
58.369,18.222195244015992,35.5765142132326,46.808573837849636,199.2857262293759,2026-06-25 04:19:10.943290,0.6360000000000001,0.22000000000000003,6.2525899195746995,3.8089985908269455,-34.63892533333333,17.49377683333333
58.678,18.216007584753637,35.57756887468995,46.802828792324405,199.02974333974,2026-06-25 04:19:11.043264,0.6360000000000001,0.22000000000000003,6.25257965908364,3.824550116620894,-34.63892533333333,17.49377683333333
58.825,18.209506645562126,35.57862304966895,46.79726462955054,198.77083492414693,2026-06-25 04:19:11.143238,0.6360000000000001,0.22000000000000003,6.25257196353047,3.8319484152995695,-34.63892533333333,17.49377683333333
58.969,18.20948008104824,35.578623132688115,46.79727582086374,198.92004777333034,2026-06-25 04:19:11.143238,0.6360000000000001,0.22000000000000003,6.252570680920668,3.839195728290924,-34.63892533333333,17.49377683333333
59.264,18.202802812143215,35.57967670646186,46.791804812510364,198.5249721102605,2026-06-25 04:19:11.243212,0.6360000000000001,0.21800000000000003,6.252556571948713,3.8540426542107133,-34.63892533333333,17.49377683333333
59.692,18.196214410791494,35.580728994391194,46.786594121288196,198.57677442009168,2026-06-25 04:19:11.343185,0.6360000000000001,0.21800000000000003,6.252536048853594,3.8750954770358494,-34.63892533333333,17.49377683333333
59.82399999999999,18.194246670529783,35.581078837718934,46.78511095099452,198.53146230351427,2026-06-25 04:19:11.376510,0.6360000000000001,0.22000000000000003,6.252539443115763,3.8815884037015453,-34.63892533333333,17.49377683333333
60.204,18.187438851738936,35.582302904566056,46.780045424458805,198.07238410068774,2026-06-25 04:19:11.493146,0.6360000000000001,0.22000000000000003,6.252500130725079,3.9002801622846106,-34.63892533333333,17.49377683333333
60.454,18.18370725800627,35.58308645962726,46.7776940647134,197.95450213040584,2026-06-25 04:19:11.568127,0.6360000000000001,0.21900000000000003,6.250622952929589,3.912577371878732,-34.63892533333333,17.49377683333333
60.608,18.18026543282352,35.58386728612939,46.77592492989302,197.54441415392998,2026-06-25 04:19:11.643107,0.6360000000000001,0.21800000000000003,6.248745736421067,3.920152452988711,-34.63892533333333,17.49377683333333
61.1,18.1781041153114,35.58490197144068,46.77511019284267,197.55866724379655,2026-06-25 04:19:11.693094,0.6360000000000001,0.21800000000000003,6.248743157751006,3.9180326268871837,-34.63892533333333,17.49377683333333
60.922,18.176003023752386,35.58438562232056,46.774530226168345,197.56856502688993,2026-06-25 04:19:11.743081,0.6360000000000001,0.21800000000000003,6.248740579063242,3.918799555842614,-34.63892533333333,17.49377683333333
61.295,18.173934455322865,35.585416049750904,46.774140196718484,197.2947090697693,2026-06-25 04:19:11.793068,0.6360000000000001,0.21800000000000003,6.248735421634606,3.9171924519079195,-34.63892533333333,17.49377683333333
61.427,18.171869257158416,35.58592755469555,46.77388898824944,197.01979455203673,2026-06-25 04:19:11.843055,0.6360000000000001,0.22000000000000003,6.248730264135158,3.9166237180758023,-34.63892533333333,17.49377683333333
61.644,18.16977389326359,35.586436165212156,46.773723378003794,197.04109769456548,2026-06-25 04:19:11.893042,0.6360000000000001,0.21800000000000003,6.248719948923819,3.915688754124519,-34.63892533333333,17.49377683333333
61.802,18.166471235978356,35.58719243515026,46.77351643699219,196.62854571474395,2026-06-25 04:19:11.968023,0.6330000000000001,0.21800000000000003,6.2487135017529685,3.9150079969618337,-34.63892533333333,17.49377683333333
61.968,18.162903711328862,35.58794114924724,46.77323506645596,196.50884414307384,2026-06-25 04:19:12.043003,0.6360000000000001,0.21800000000000003,6.24870447557568,3.91429277108205,-34.63892533333333,17.49377683333333
62.2445,18.158876162283477,35.58867896357112,46.772737195704366,196.0999389867606,2026-06-25 04:19:12.117984,0.6360000000000001,0.21800000000000003,6.248699317642474,3.9117656085104873,-34.63892533333333,17.49377683333333
62.764,18.15443876131076,35.58988470716463,46.772002100195444,195.98493894070086,2026-06-25 04:19:12.192964,0.6300000000000001,0.21800000000000003,6.248691580632004,3.891502163716008,-34.63892533333333,17.49377683333333
62.637,18.151239453474023,35.58940682455578,46.771315212047,195.99921707185513,2026-06-25 04:19:12.242951,0.6300000000000001,0.21800000000000003,6.248689001590151,3.8964558836176417,-34.63892533333333,17.49377683333333
63.0505,18.146259975157104,35.59058912965813,46.76990813921054,195.74510866311712,2026-06-25 04:19:12.317931,0.6360000000000001,0.21900000000000008,6.248678685236819,3.8803270396859437,-34.63892533333333,17.49377683333333
63.4375,18.139795683882223,35.59150530126723,46.76738807187811,195.79097527281164,2026-06-25 04:19:12.417905,0.6330000000000001,0.21800000000000003,6.248661920561712,3.8652318459699404,-34.63892533333333,17.49377683333333
63.7,18.1341637883345,35.59239030626083,46.76439777032431,195.56287081992426,2026-06-25 04:19:12.517879,0.6360000000000001,0.21800000000000003,6.244896529884857,3.85565516386765,-34.63892533333333,17.49377683333333
63.906,18.130700510783274,35.59303230678893,46.76219847856856,195.59031304516571,2026-06-25 04:19:12.592860,0.6360000000000001,0.21800000000000003,6.248619360766503,3.8589895804843835,-34.63892533333333,17.49377683333333
64.262,18.127257709975982,35.593849158361934,46.75983259907816,195.62593441749206,2026-06-25 04:19:12.692834,0.6300000000000001,0.21800000000000003,6.248601678003963,3.8647519703657283,-34.63892533333333,17.49377683333333
64.498,18.124397593255846,35.594630107910206,46.757980521796114,195.36102771600716,2026-06-25 04:19:12.792808,0.6300000000000001,0.21800000000000003,6.248593564592454,3.868571981635384,-34.63892533333333,17.49377683333333
64.737,18.12295119438178,35.59500118901768,46.75717046019199,195.37406892043902,2026-06-25 04:19:12.842795,0.6300000000000001,0.21800000000000003,6.248588405145092,3.8724405523703314,-34.63892533333333,17.49377683333333
64.848,18.119109354647286,35.595698329175995,46.75505336863207,195.39441661761478,2026-06-25 04:19:12.942769,0.6300000000000001,0.21800000000000003,6.244848569909316,3.874237252586144,-34.63892533333333,17.49377683333333
65.023,18.11879379034678,35.59570519226001,46.7548042987265,195.3971123723707,2026-06-25 04:19:12.942769,0.6300000000000001,0.21700000000000003,6.244848569900416,3.8770698880615244,-34.63892533333333,17.49377683333333
65.621,18.10769352022437,35.59665151019967,46.7470539820636,195.45953236735323,2026-06-25 04:19:13.092729,0.6300000000000001,0.21750000000000003,6.244833662170404,3.816336192832675,-34.63892533333333,17.49377683333333
65.924,18.09504820222391,35.59721417201645,46.736537983103425,195.5149281565153,2026-06-25 04:19:13.192703,0.6300000000000001,0.21800000000000003,6.2448278285494485,3.780756440309046,-34.63892533333333,17.49377683333333
65.982,18.08643201322789,35.59746796201998,46.728588111689255,195.26401936923295,2026-06-25 04:19:13.242690,0.6300000000000001,0.21800000000000003,6.244825235799351,3.7739457946114547,-34.63892533333333,17.49377683333333
66.458,18.076418159402323,35.59770427782455,46.71882015019122,195.31386098632618,2026-06-25 04:19:13.292677,0.6300000000000001,0.21800000000000003,6.244817457442239,3.718051529920871,-34.63892533333333,17.49377683333333
66.61333333333333,18.052545303039825,35.598115475058385,46.693586684350954,195.16437766615513,2026-06-25 04:19:13.392651,0.6300000000000001,0.21800000000000003,6.244776857107394,3.720392983742047,-34.63892533333333,17.49377683333333
67.24799999999999,18.01954009791214,35.59853172538308,46.656033684562786,195.37821844162215,2026-06-25 04:19:13.517619,0.6300000000000001,0.21800000000000003,6.244702059158033,3.852115181013909,-34.63892533333333,17.49377683333333
67.40799999999999,17.993230719690434,35.59876752487398,46.62496648640388,195.29655068878253,2026-06-25 04:19:13.617593,0.6300000000000001,0.21800000000000003,6.244611271772998,3.885322457637067,-34.63892533333333,17.49377683333333
67.741,17.962839408445983,35.598927502448575,46.590269551195284,195.54303922961844,2026-06-25 04:19:13.742560,0.6300000000000001,0.21800000000000003,6.244498406779718,3.9544351021090187,-34.63892533333333,17.49377683333333
67.88900000000001,17.9630776786714,35.59893942558461,46.590689841478316,195.53891001378065,2026-06-25 04:19:13.742560,0.6300000000000001,0.21800000000000003,6.2445022988886345,3.985151832985443,-34.63892533333333,17.49377683333333
68.376,17.940724902725748,35.598927502448575,46.56635471232567,195.66669038799265,2026-06-25 04:19:13.842534,0.6300000000000001,0.21800000000000003,6.244467265451701,4.070490601018987,-34.63892533333333,17.49377683333333
68.291,17.93031151269846,35.59893942558461,46.55519853964701,195.46697318881277,2026-06-25 04:19:13.892521,0.6300000000000001,0.21800000000000003,6.244425739687287,4.068585115501127,-34.63892533333333,17.49377683333333
68.68799999999999,17.91562082412179,35.59885840853046,46.53915408864849,195.55209116813046,2026-06-25 04:19:13.967501,0.6300000000000001,0.21800000000000003,6.244402379358521,4.0774848537433686,-34.63892533333333,17.49377683333333
69.05466666666666,17.893944728201017,35.59857980697972,46.51461124695415,195.65151938922813,2026-06-25 04:19:14.092469,0.6300000000000001,0.21800000000000003,6.244366084153133,4.085704595192962,-34.63892533333333,17.49377683333333
69.40950000000001,17.875795456018764,35.598137197647034,46.49427641826833,195.5812750862848,2026-06-25 04:19:14.217436,0.6269999999999998,0.21800000000000003,6.244264784145712,4.093659063168501,-34.63892533333333,17.49377683333333
69.636,17.863820898576826,35.59764582914047,46.48183865481863,195.684219398489,2026-06-25 04:19:14.317410,0.6300000000000001,0.21800000000000003,6.240478943413271,4.096963397303255,-34.63892533333333,17.49377683333333
69.805,17.855911092634788,35.597200955817975,46.474119892186344,195.7321910278587,2026-06-25 04:19:14.392391,0.6300000000000001,0.21800000000000003,6.2404645893589885,4.095303316092313,-34.63892533333333,17.49377683333333
70.121,17.851086464199636,35.596862569580736,46.46955287410035,195.76840816227428,2026-06-25 04:19:14.442378,0.6300000000000001,0.21800000000000003,6.240451539729573,4.092199258916822,-34.63892533333333,17.49377683333333
70.298,17.844374560665543,35.59629070814603,46.46320066706461,195.6828899361297,2026-06-25 04:19:14.517358,0.6300000000000001,0.21800000000000003,6.242294458136357,4.090460593979917,-34.63892533333333,17.49377683333333
70.64949999999999,17.83621946765996,35.59541855714491,46.455220642562466,195.59091315075537,2026-06-25 04:19:14.617332,0.6300000000000001,0.21800000000000003,6.240411083008387,4.087007821520471,-34.63892533333333,17.49377683333333
71.038,17.826568927487784,35.593928087717224,46.44518565513698,195.5920187875827,2026-06-25 04:19:14.758962,0.6282545454545457,0.2194181818181819,6.240373801787833,4.083191599328452,-34.63892533333333,17.49377683333333
71.35,17.82437951557992,35.59356962014994,46.44284701392316,195.41053507116365,2026-06-25 04:19:14.792286,0.6240000000000001,0.21800000000000003,6.2403654009279546,4.0801268340159424,-34.63892533333333,17.49377683333333
71.61099999999999,17.817590627408407,35.59197751827095,46.43600589910142,195.7664220363723,2026-06-25 04:19:14.917254,0.6240000000000001,0.21800000000000003,6.240330156693588,4.0610320118629035,-34.63892533333333,17.49377683333333
71.82650000000001,17.812268491336653,35.5905441114986,46.431152362923115,195.79580462490517,2026-06-25 04:19:15.017228,0.6240000000000001,0.21699999999999986,6.240324935047722,4.04526598054497,-34.63892533333333,17.49377683333333
72.122,17.807940522914905,35.5893765596113,46.427264747219,195.8234182030835,2026-06-25 04:19:15.092208,0.6240000000000001,0.21800000000000003,6.240318407891689,4.0236471301763,-34.63892533333333,17.49377683333333
72.2975,17.8030039108211,35.58811501276264,46.42251273546728,195.5680088216219,2026-06-25 04:19:15.167189,0.6240000000000001,0.21800000000000003,6.240310575144726,4.010807508383739,-34.63892533333333,17.49377683333333
72.574,17.79745759605194,35.5867773277267,46.41672795818411,195.60468309049588,2026-06-25 04:19:15.242169,0.6240000000000001,0.21800000000000003,6.24030013125179,3.9905787025396187,-34.63892533333333,17.49377683333333
72.821,17.791003598587594,35.58534340254843,46.409341655559004,195.51093850538257,2026-06-25 04:19:15.317150,0.6240000000000001,0.21800000000000003,6.240281853696564,4.068169992516227,-34.63892533333333,17.49377683333333
73.213,17.77807766756986,35.58277168756746,46.39350576931891,195.45583038299944,2026-06-25 04:19:15.442117,0.6240000000000001,0.21600000000000003,6.240253130139413,4.1913108251916515,-34.63892533333333,17.49377683333333
73.45750000000001,17.77054312775997,35.581593017678145,46.38387465629576,195.3583069003938,2026-06-25 04:19:15.492104,0.6240000000000001,0.21800000000000003,6.2402413783040895,4.268116778225181,-34.63892533333333,17.49377683333333
73.619,17.768435153421947,35.58110270011669,46.3813090384092,195.5167677441776,2026-06-25 04:19:15.517098,0.6240000000000001,0.21800000000000003,6.240236156066018,4.318849544748344,-34.63892533333333,17.49377683333333
74.0365,17.744729095276536,35.57750616870793,46.35078415914796,195.36655747713982,2026-06-25 04:19:15.667058,0.6240000000000001,0.21800000000000003,6.240202205684142,4.45000081424322,-34.63892533333333,17.49377683333333
74.181,17.730987378068935,35.575577842514356,46.332512704925705,195.16174610755633,2026-06-25 04:19:15.742039,0.6240000000000001,0.21800000000000003,6.240180005737162,4.495393289553419,-34.63892533333333,17.49377683333333
74.348,17.721416342494656,35.57423870243228,46.319543485563194,195.22439948874674,2026-06-25 04:19:15.792026,0.6240000000000001,0.21800000000000003,6.240159110465308,4.476814130166889,-34.63892533333333,17.49377683333333
74.587,17.707061653187953,35.572149444283426,46.30010147878477,195.32901038111314,2026-06-25 04:19:15.867006,0.6300000000000001,0.21600000000000003,6.240118622333833,4.450224794278381,-34.63892533333333,17.49377683333333
75.0405,17.68037307196485,35.567688867926236,46.265973520701436,195.35784867834474,2026-06-25 04:19:16.016967,0.6300000000000001,0.21680882352941191,6.240040611595052,4.399771807561068,-34.63892533333333,17.49377683333333
75.507,17.660294833065134,35.56373702732722,46.242690045755545,195.43669085798064,2026-06-25 04:19:16.141935,0.6300000000000001,0.21600000000000003,6.236204438847604,4.34787253897534,-34.63892533333333,17.49377683333333
75.67699999999999,17.64873258269994,35.56122570768212,46.230469193950846,195.51585808126848,2026-06-25 04:19:16.216915,0.6300000000000001,0.21699999999999986,6.238047120845957,4.386685135194932,-34.63892533333333,17.49377683333333
75.974,17.636615563157818,35.55863475500451,46.217836772338096,195.58924578960142,2026-06-25 04:19:16.291896,0.6300000000000001,0.21600000000000003,6.236157162243612,4.454493023884463,-34.63892533333333,17.49377683333333
76.332,17.617841626262262,35.55503515141321,46.19762802816592,195.40698380351503,2026-06-25 04:19:16.391869,0.6300000000000001,0.21700000000000003,6.236134834638051,4.536227785335137,-34.63892533333333,17.49377683333333
76.443,17.618287372588615,35.55501557638756,46.19820472274407,195.40178589530566,2026-06-25 04:19:16.391869,0.6300000000000001,0.21800000000000003,6.236138775317026,4.561570127572638,-34.63892533333333,17.49377683333333
76.652,17.590091374069086,35.55031088000109,46.166966806479905,195.30620490634257,2026-06-25 04:19:16.516837,0.6300000000000001,0.21600000000000003,6.236071786375423,4.609286789983788,-34.63892533333333,17.49377683333333
76.918,17.569941080949533,35.54736825879377,46.1443743091908,195.149132513486,2026-06-25 04:19:16.591817,0.6300000000000001,0.21600000000000003,6.2360310626824225,4.670017087597979,-34.63892533333333,17.49377683333333
76.976,17.5548628401592,35.54535569457649,46.12724398625791,195.22610998731386,2026-06-25 04:19:16.641804,0.6300000000000001,0.21600000000000003,6.236015297309789,4.677438769624632,-34.63892533333333,17.49377683333333
77.326,17.53861638755488,35.54330543365014,46.10848798772186,195.31614261523472,2026-06-25 04:19:16.691791,0.6300000000000001,0.21600000000000003,6.235994275800759,4.72222478185444,-34.63892533333333,17.49377683333333
77.4615,17.512367779854245,35.5401555617331,46.07734709427992,195.06913516928125,2026-06-25 04:19:16.766772,0.6300000000000001,0.21700000000000003,6.235927261746026,4.739563366589123,-34.63892533333333,17.49377683333333
77.86399999999999,17.467079000977442,35.53472309125726,46.02091717369925,194.94150822441182,2026-06-25 04:19:16.891739,0.6352352941176468,0.21600000000000003,6.232588853702198,4.791067280653401,-34.63892533333333,17.49377683333333
78.175,17.432881317369343,35.530234037126306,45.976443176009326,194.91564516719933,2026-06-25 04:19:16.991713,0.6300000000000001,0.21800000000000003,6.231972808985097,4.830862851520459,-34.63892533333333,17.49377683333333
78.39,17.417971845723788,35.52793127857547,45.956808172399406,195.03911407742663,2026-06-25 04:19:17.041700,0.6360000000000001,0.21600000000000003,6.2319173112991,4.858374259033056,-34.63892533333333,17.49377683333333
78.6635,17.394287581391147,35.52322378196239,45.92723417912215,195.1323369939491,2026-06-25 04:19:17.141674,0.6360000000000001,0.21600000000000003,6.231795711221875,4.854017400907373,-34.63892533333333,17.49377683333333
78.842,17.393480092719948,35.52320724704044,45.92572259399751,195.028238594778,2026-06-25 04:19:17.141674,0.6360000000000001,0.21600000000000003,6.231766634284867,4.851173893867394,-34.63892533333333,17.49377683333333
79.04050000000001,17.371315404220418,35.517150026926956,45.90329213396595,195.35708682192688,2026-06-25 04:19:17.266641,0.6329999999999999,0.2170000000000001,6.231683339859114,4.848011786598844,-34.63892533333333,17.49377683333333
79.347,17.35939378382906,35.51341677092904,45.89516905477947,195.31032601075677,2026-06-25 04:19:17.341622,0.6360000000000001,0.21600000000000003,6.231644992178727,4.843129238096022,-34.63892533333333,17.49377683333333
79.6335,17.34464659254889,35.509607004392024,45.88673832856088,195.4101881306972,2026-06-25 04:19:17.416602,0.6360000000000001,0.21600000000000003,6.231611930417738,4.838565289821769,-34.63892533333333,17.49377683333333
79.901,17.324271803667724,35.5057380410462,45.87341159433538,195.5188842032393,2026-06-25 04:19:17.491583,0.6360000000000001,0.21600000000000003,6.231589447104787,4.834304011764657,-34.63892533333333,17.49377683333333
80.02833333333334,17.278039542897872,35.50046597009023,45.83309149154518,194.89457142801143,2026-06-25 04:19:17.591557,0.6300000000000001,0.2162911877394635,6.231583771548136,4.832275590309433,-34.63892533333333,17.49377683333333
80.691,17.165416315123565,35.49236690566679,45.70880721194493,193.97417289457115,2026-06-25 04:19:17.741518,0.6300000000000001,0.21600000000000003,6.227751712096777,5.274631911659978,-34.63892533333333,17.49377683333333
80.8215,17.117585553439746,35.48961819893054,45.64918737231585,194.16994514382387,2026-06-25 04:19:17.791505,0.6330000000000001,0.21600000000000003,6.229612204838479,5.370897629968157,-34.63892533333333,17.49377683333333
81.288,17.013522742618086,35.484060983586204,45.51070448847577,193.9048596947645,2026-06-25 04:19:17.891479,0.6360000000000001,0.21600000000000003,6.227578856212807,5.715019910357169,-34.63892533333333,17.49377683333333
81.477,16.93451667364601,35.47982270843093,45.39644655761013,194.34596062344116,2026-06-25 04:19:17.966459,0.6300000000000001,0.22000000000000003,6.227206279465016,5.835873481055354,-34.63892533333333,17.49377683333333
81.605,16.86157864988397,35.47554253592015,45.28755793361166,194.6264814527127,2026-06-25 04:19:18.041440,0.6300000000000001,0.22000000000000003,6.2269559337887355,5.891965747539669,-34.63892533333333,17.49377683333333
82.021,16.785456338159168,35.46975808827616,45.17159734177638,195.4025254269969,2026-06-25 04:19:18.141413,0.6300000000000001,0.22000000000000003,6.222782496357073,6.074265613613692,-34.63892533333333,17.49377683333333
82.33,16.730496731376522,35.46391434853721,45.08934898155067,195.83374936085823,2026-06-25 04:19:18.241387,0.6300000000000001,0.22000000000000003,6.222593385736557,6.2096758506734835,-34.63892533333333,17.49377683333333
82.597,16.71340843149276,35.45800104021365,45.06626528952067,196.0142706918744,2026-06-25 04:19:18.291374,0.6300000000000001,0.22000000000000003,6.222499526816951,6.326680812793107,-34.63892533333333,17.49377683333333
82.514,16.701575617967908,35.46096517160205,45.053180505146614,196.18585065944848,2026-06-25 04:19:18.341361,0.6300000000000001,0.22000000000000003,6.2223841833991145,6.290308483744685,-34.63892533333333,17.49377683333333
83.1125,16.691398520926448,35.45352736469981,45.04973474374992,196.56767746541914,2026-06-25 04:19:18.416342,0.6300000000000001,0.22000000000000003,6.222345280621962,6.55258365164205,-34.63892533333333,17.49377683333333
83.23150000000001,16.683369013917677,35.447521605381866,45.061794718476904,196.48984804198514,2026-06-25 04:19:18.516316,0.6300000000000001,0.22000000000000003,6.222322473885182,6.552190006129672,-34.63892533333333,17.49377683333333
83.461,16.672111530403818,35.44147384688659,45.07752586773819,196.2142261263745,2026-06-25 04:19:18.616290,0.6300000000000001,0.22000000000000003,6.222360037339019,6.520976204266563,-34.63892533333333,17.49377683333333
83.9545,16.64923328250032,35.43539226443001,45.080424087758516,195.54488496294024,2026-06-25 04:19:18.716264,0.6300000000000001,0.22000000000000003,6.218658167555439,6.453856329672031,-34.63892533333333,17.49377683333333
84.205,16.62290479123853,35.43081447883392,45.069195965744036,195.3775737669579,2026-06-25 04:19:18.791244,0.6300000000000001,0.22000000000000003,6.218650081111834,6.419786362932557,-34.63892533333333,17.49377683333333
84.355,16.600730877533998,35.42775587123237,45.05407421628956,194.94947394429738,2026-06-25 04:19:18.841231,0.6300000000000001,0.22000000000000003,6.2186069487998505,6.460031479045756,-34.63892533333333,17.49377683333333
84.71,16.575751259486836,35.42469352760031,45.03384573844417,194.5320092394849,2026-06-25 04:19:18.891218,0.6300000000000001,0.22000000000000003,6.218566507932273,6.555278253846987,-34.63892533333333,17.49377683333333
84.81466666666667,16.520541443746584,35.41856174725675,44.981413897846075,194.17939370845596,2026-06-25 04:19:18.991192,0.6300000000000001,0.22000000000000003,6.218339661078842,6.583360401534865,-34.63892533333333,17.49377683333333
85.258,16.46458087840634,35.41242827478779,44.92313366277163,194.19862965829518,2026-06-25 04:19:19.091166,0.6240000000000001,0.22000000000000003,6.214496126813928,6.702307078047202,-34.63892533333333,17.49377683333333
85.379,16.41314075765611,35.40630130932146,44.866672584597396,194.40372325491393,2026-06-25 04:19:19.191140,0.6300000000000001,0.21800000000000003,6.214241178506061,6.73477147171185,-34.63892533333333,17.49377683333333
85.634,16.39862863966471,35.40426542293343,44.85103495268188,194.2646767269946,2026-06-25 04:19:19.224464,0.6300000000000001,0.22000000000000003,6.214167216751471,6.803188169104285,-34.63892533333333,17.49377683333333
85.84,16.347104562411637,35.397142572926086,44.79602774738593,194.6468470388982,2026-06-25 04:19:19.341101,0.6300000000000001,0.22000000000000003,6.214007782915784,6.85845812856641,-34.63892533333333,17.49377683333333
86.157,16.326538592836048,35.394102522330165,44.77538061489738,194.5043520089082,2026-06-25 04:19:19.391088,0.6240000000000001,0.22000000000000003,6.213958915127783,6.837757985202013,-34.63892533333333,17.49377683333333
86.53,16.305351990902984,35.391070740562476,44.75489429594184,194.64874305678114,2026-06-25 04:19:19.441075,0.6300000000000001,0.22000000000000003,6.213907325869931,6.813401034177029,-34.63892533333333,17.49377683333333
86.5855,16.26951682885817,35.38654236029397,44.72121260373653,194.5983632334914,2026-06-25 04:19:19.516055,0.6300000000000001,0.22000000000000003,6.213827211872343,6.8097768765848405,-34.63892533333333,17.49377683333333
86.8255,16.209038647896687,35.38054216863061,44.66335956619557,194.49276528008053,2026-06-25 04:19:19.616029,0.6300000000000001,0.22000000000000003,6.209999622931082,6.79410484375375,-34.63892533333333,17.49377683333333
87.103,16.15026524371939,35.37607436472466,44.6040966636589,194.06987057296436,2026-06-25 04:19:19.691010,0.6300000000000001,0.22000000000000003,6.209955950044692,6.775984055792804,-34.63892533333333,17.49377683333333
87.2,16.10257641437414,35.373115251953095,44.55340887169235,193.77966735613543,2026-06-25 04:19:19.740997,0.6300000000000001,0.22000000000000003,6.209879510460737,6.769649942523572,-34.63892533333333,17.49377683333333
87.4345,16.018197840522646,35.368708950247324,44.45881891594553,193.63948317819316,2026-06-25 04:19:19.815977,0.6300000000000001,0.21900000000000003,6.207916498995845,6.816988936069409,-34.63892533333333,17.49377683333333
88.006,15.849541839962562,35.36145868689169,44.25903272693836,193.58291983930383,2026-06-25 04:19:19.940944,0.6300000000000001,0.22000000000000003,6.2056662767368636,6.9323588073335705,-34.63892533333333,17.49377683333333
88.157,15.851464116596095,35.361448617698365,44.26168742634442,193.66544215201938,2026-06-25 04:19:19.940944,0.6300000000000001,0.22000000000000003,6.205585319723995,6.962841485480356,-34.63892533333333,17.49377683333333
88.398,15.699751368259106,35.355731931441994,44.07792903653662,193.455397105023,2026-06-25 04:19:20.040918,0.6300000000000001,0.22000000000000003,6.201531225132912,7.01149264729079,-34.63892533333333,17.49377683333333
88.66300000000001,15.518834257745587,35.34919429892695,43.85733646689598,193.72836978065368,2026-06-25 04:19:20.157555,0.6300000000000001,0.22149367088607608,6.20077498394102,7.0649887380782,-34.63892533333333,17.49377683333333
88.78,15.46610698746126,35.347325709256936,43.79293121384906,193.9416758793194,2026-06-25 04:19:20.190879,0.6300000000000001,0.22000000000000003,6.200892699994718,7.08860776684094,-34.63892533333333,17.49377683333333
89.2465,15.290592198558304,35.3404955396732,43.57927688179021,194.77908300575396,2026-06-25 04:19:20.315847,0.6300000000000001,0.22199999999999998,6.200243408445471,7.182781073830846,-34.63892533333333,17.49377683333333
89.45400000000001,15.17220591061679,35.33515172395201,43.43920117053581,196.1293541228296,2026-06-25 04:19:20.415821,0.6300000000000001,0.22000000000000003,6.199822051538578,7.2246695222775905,-34.63892533333333,17.49377683333333
89.635,15.097272672636317,35.3312163715347,43.3539246448694,197.09206610146725,2026-06-25 04:19:20.490801,0.6300000000000001,0.22000000000000003,6.195832361989227,7.261208361645592,-34.63892533333333,17.49377683333333
90.084,15.05438026240258,35.328633176710035,43.3071034110404,197.54753137524528,2026-06-25 04:19:20.540788,0.6300000000000001,0.22000000000000003,6.1955785379230095,7.351848907923122,-34.63892533333333,17.49377683333333
90.2955,14.999134067929749,35.32482137633687,43.24981471986278,198.38065159472,2026-06-25 04:19:20.615768,0.6300000000000001,0.22000000000000003,6.195413881895411,7.394544844532694,-34.63892533333333,17.49377683333333
90.5035,14.937364263496207,35.31984779914619,43.18992659261295,199.14058232670726,2026-06-25 04:19:20.715742,0.6270000000000001,0.221,6.195214252790123,7.43653422899979,-34.63892533333333,17.49377683333333
91.02149999999999,14.862027027339858,35.31266137910805,43.12010864290129,200.75402131383595,2026-06-25 04:19:20.865703,0.6300000000000001,0.22199999999999998,6.194952475288194,7.541103946086114,-34.63892533333333,17.49377683333333
91.359,14.805464512037046,35.30688095528386,43.065270974274355,201.44659777329036,2026-06-25 04:19:20.990671,0.6300000000000001,0.22199999999999998,6.194804921476822,7.609235759824793,-34.63892533333333,17.49377683333333
91.554,14.783797099826153,35.304642524807335,43.042526382538384,201.87931944529672,2026-06-25 04:19:21.040658,0.6300000000000001,0.22000000000000003,6.194760190591322,7.648600807762698,-34.63892533333333,17.49377683333333
91.752,14.762536110780566,35.30244188040414,43.019185715010565,202.02320760867565,2026-06-25 04:19:21.090645,0.6300000000000001,0.22000000000000003,6.194712658579669,7.688571471822721,-34.63892533333333,17.49377683333333
91.954,14.732057053139657,35.29921763967845,42.98382033355518,202.4165922625859,2026-06-25 04:19:21.165625,0.6300000000000001,0.21800000000000003,6.194607788163418,7.729349624045574,-34.63892533333333,17.49377683333333
92.493,14.680776244520779,35.29304326127942,42.92008838000545,204.01145832759985,2026-06-25 04:19:21.315586,0.6300000000000001,0.21800000000000003,6.194283415549924,7.838158653986753,-34.63892533333333,17.49377683333333
92.915,14.648275480568367,35.28813023878624,42.87918777447741,204.53908367475236,2026-06-25 04:19:21.440553,0.6300000000000001,0.21800000000000003,6.1942230320579,7.923348655165191,-34.63892533333333,17.49377683333333
93.003,14.634419847044168,35.285323836577206,42.863790720207234,204.95679171242534,2026-06-25 04:19:21.515534,0.6300000000000001,0.21800000000000003,6.194169836734743,7.941113394747423,-34.63892533333333,17.49377683333333
93.249,14.62306768217422,35.28259897817274,42.85308219216696,205.31176253024955,2026-06-25 04:19:21.590514,0.6300000000000001,0.21800000000000003,6.194164236861474,7.990773916761392,-34.63892533333333,17.49377683333333
93.653,14.611971381091726,35.2791296390985,42.84601021517067,205.69445684905756,2026-06-25 04:19:21.690488,0.6300000000000001,0.21800000000000003,6.194136400646908,8.0723302212071,-34.63892533333333,17.49377683333333
93.948,14.603748501996229,35.275797057088596,42.84316015962624,206.09446109515065,2026-06-25 04:19:21.790462,0.6300000000000001,0.21800000000000003,6.194083029387741,8.13188247321572,-34.63892533333333,17.49377683333333
94.249,14.600097183264708,35.27342058198492,42.84353755074143,206.1412214127686,2026-06-25 04:19:21.865443,0.6300000000000001,0.21800000000000003,6.194060624358025,8.192645957468587,-34.63892533333333,17.49377683333333
94.398,14.598255336608501,35.27112579784987,42.84520496563693,206.1757815404696,2026-06-25 04:19:21.940423,0.6300000000000001,0.21800000000000003,6.194041019099341,8.222724891533959,-34.63892533333333,17.49377683333333
94.606,14.598878517909887,35.268932582657186,42.84865862523188,206.49570523035948,2026-06-25 04:19:22.015404,0.6300000000000001,0.21800000000000003,6.194024213718684,8.264714276001055,-34.63892533333333,17.49377683333333
94.867,14.601521128211886,35.26682003959148,42.85387514068549,206.50289923445456,2026-06-25 04:19:22.090384,0.6300000000000001,0.21800000000000003,6.194013009807119,8.317402878625636,-34.63892533333333,17.49377683333333
95.051,14.606380178200503,35.26480740193327,42.86171967448337,206.5049691428219,2026-06-25 04:19:22.165365,0.6300000000000001,0.21900000000000003,6.192107351057597,8.354547334115757,-34.63892533333333,17.49377683333333
95.475,14.612440774970194,35.26163685237859,42.87176281464427,206.47984365682157,2026-06-25 04:19:22.240345,0.6300000000000001,0.22000000000000003,6.194004606639822,8.440141079375607,-34.63892533333333,17.49377683333333
95.319,14.616774381402324,35.26287379998203,42.87969147088052,206.45245023389683,2026-06-25 04:19:22.290332,0.6300000000000001,0.22000000000000003,6.194010208770822,8.408649041025287,-34.63892533333333,17.49377683333333
95.842,14.62248946088619,35.25985845165471,42.892270835563096,206.71688125212145,2026-06-25 04:19:22.365312,0.6300000000000001,0.21900000000000003,6.194027014657641,8.514228118315149,-34.63892533333333,17.49377683333333
96.21133333333334,14.625897929283925,35.25708313526467,42.90924003253758,206.36110039808256,2026-06-25 04:19:22.490280,0.6300000000000001,0.22000000000000003,6.194090863571881,8.588786192016341,-34.63892533333333,17.49377683333333
96.455,14.620611489729761,35.25501040523553,42.914294074795,206.34375240630754,2026-06-25 04:19:22.590254,0.6300000000000001,0.22000000000000003,6.194108233458668,8.637975679268658,-34.63892533333333,17.49377683333333
96.8215,14.608758300080996,35.25218564853114,42.90750170924848,206.08688969546253,2026-06-25 04:19:22.665234,0.6300000000000001,0.22000000000000003,6.194120834881078,8.711961782187846,-34.63892533333333,17.49377683333333
96.692,14.591286640501002,35.25356325796194,42.89229682047705,205.85978410326868,2026-06-25 04:19:22.740215,0.6300000000000001,0.22000000000000003,6.194119434761954,8.685819352916262,-34.63892533333333,17.49377683333333
97.045,14.57607495676413,35.25131254963195,42.87660718782588,205.65704776103624,2026-06-25 04:19:22.790202,0.6300000000000001,0.22000000000000003,6.194097031843994,8.72896504543246,-34.63892533333333,17.49377683333333
97.209,14.558501398610558,35.25047260571399,42.85711837303604,205.7642269082791,2026-06-25 04:19:22.840189,0.6300000000000001,0.22000000000000003,6.1940690264448985,8.73091744789246,-34.63892533333333,17.49377683333333
97.428,14.538908144710616,35.24966512764935,42.83429542026324,205.58956220986292,2026-06-25 04:19:22.890176,0.6300000000000001,0.22000000000000003,6.194035417396636,8.733524619470144,-34.63892533333333,17.49377683333333
97.633,14.517670120547997,35.24888940329914,42.80872069215184,205.7541360531258,2026-06-25 04:19:22.940163,0.6300000000000001,0.22000000000000003,6.193970992218346,8.735965122545144,-34.63892533333333,17.49377683333333
97.896,14.495156364830795,35.24814469827726,42.78105838666488,205.91817412473654,2026-06-25 04:19:22.990150,0.6300000000000001,0.22000000000000003,6.190131260422312,8.739096109416973,-34.63892533333333,17.49377683333333
98.03,14.459503027546067,35.24708777937295,42.73699195921501,205.87716948163055,2026-06-25 04:19:23.065130,0.6300000000000001,0.22000000000000003,6.190038357909491,8.746337543461058,-34.63892533333333,17.49377683333333
98.28266666666667,14.395679475277381,35.245469661498475,42.66077458299092,206.1456684931432,2026-06-25 04:19:23.190097,0.6300000000000001,0.21957509157509159,6.1898340737548185,8.77163615481651,-34.63892533333333,17.49377683333333
98.6185,14.325621106343434,35.24400921835232,42.58176983235454,206.37261767340985,2026-06-25 04:19:23.315065,0.6300000000000001,0.21800000000000003,6.189708808187323,8.805261947614161,-34.63892533333333,17.49377683333333
99.083,14.280379079256042,35.24320889369437,42.531581378736824,206.50739838145367,2026-06-25 04:19:23.390045,0.6300000000000001,0.21800000000000003,6.189629903584507,8.851770674426593,-34.63892533333333,17.49377683333333
99.207,14.218467520884202,35.24223862405647,42.46038960570341,206.67672000812746,2026-06-25 04:19:23.490019,0.6300000000000001,0.21800000000000003,6.18944946971186,8.864186351767264,-34.63892533333333,17.49377683333333
99.395,14.218289807480897,35.24222777734136,42.46060363143615,206.62393371389527,2026-06-25 04:19:23.490019,0.6300000000000001,0.21800000000000003,6.189497419239072,8.883010120638604,-34.63892533333333,17.49377683333333
99.596,14.157633875383562,35.241333421915236,42.388042294747954,207.16254363733518,2026-06-25 04:19:23.589993,0.6300000000000001,0.21800000000000003,6.1892520679173,8.931106626039545,-34.63892533333333,17.49377683333333
99.748,14.101823825217036,35.2405182553707,42.31860427017274,207.58084653070935,2026-06-25 04:19:23.689967,0.6300000000000001,0.21800000000000003,6.189094062035142,8.967478112710902,-34.63892533333333,17.49377683333333
100.09333333333332,14.086057955292667,35.24027630048233,42.29832103637597,207.85344683740644,2026-06-25 04:19:23.723292,0.6300000000000001,0.21820202020201918,6.188918712485031,9.05011157804319,-34.63892533333333,17.49377683333333
100.6335,14.021325739503055,35.23926066756827,42.21509919131752,208.41419693461737,2026-06-25 04:19:23.864922,0.6300000000000001,0.21800000000000003,6.188804694839502,9.173620235381453,-34.63892533333333,17.49377683333333
100.898,13.993906563995335,35.23877557754461,42.17906327447687,208.81961031816044,2026-06-25 04:19:23.939902,0.6300000000000001,0.21800000000000003,6.184899838097481,9.201152776640143,-34.63892533333333,17.49377683333333
101.042,13.978331855676343,35.238469683403636,42.15866597417947,209.26800584173014,2026-06-25 04:19:23.989889,0.6300000000000001,0.22000000000000003,6.18861967464913,9.216142137476634,-34.63892533333333,17.49377683333333
101.227,13.964688233102626,35.23817564546325,42.14125253744123,209.69978169830506,2026-06-25 04:19:24.039876,0.6300000000000001,0.22000000000000003,6.18856033719664,9.235399302440179,-34.63892533333333,17.49377683333333
101.353,13.952846909606755,35.23789244488045,42.12686511801582,209.80440259522172,2026-06-25 04:19:24.089863,0.6300000000000001,0.21800000000000003,6.1885151218834284,9.248514993172106,-34.63892533333333,17.49377683333333
101.757,13.942670662880758,35.23735446996069,42.11535979183783,209.9049906842557,2026-06-25 04:19:24.139850,0.6300000000000001,0.21800000000000003,6.188469901530931,9.290568477741147,-34.63892533333333,17.49377683333333
101.674,13.93403240135319,35.237619060500016,42.106456397890604,210.56815428055287,2026-06-25 04:19:24.189837,0.6300000000000001,0.21800000000000003,6.1884529425993815,9.281928776703449,-34.63892533333333,17.49377683333333
102.0885,13.923859300527846,35.236972616295105,42.09748658393124,210.67103037594796,2026-06-25 04:19:24.264817,0.6300000000000001,0.21800000000000003,6.186511788871901,9.325075235500147,-34.63892533333333,17.49377683333333
102.175,13.916201264722737,35.23660324368896,42.092211738131375,210.75976676879313,2026-06-25 04:19:24.339798,0.6300000000000001,0.21800000000000003,6.184570485196819,9.3340792612804,-34.63892533333333,17.49377683333333
102.438,13.91263608480406,35.2363636210346,42.09087092977863,210.79439008977678,2026-06-25 04:19:24.389785,0.6300000000000001,0.21800000000000003,6.188345519570862,9.361455663363712,-34.63892533333333,17.49377683333333
102.819,13.910184637659079,35.23589448455369,42.09108991350423,210.8256945059545,2026-06-25 04:19:24.439772,0.6300000000000001,0.21800000000000003,6.184542080243556,9.401115013910257,-34.63892533333333,17.49377683333333
102.612,13.908861193277012,35.23612770294564,42.092900859663814,211.13415294698697,2026-06-25 04:19:24.489759,0.6300000000000001,0.21800000000000003,6.184542080243556,9.379567807707803,-34.63892533333333,17.49377683333333
103.052,13.908687572685972,35.23566296825206,42.09636032554799,211.15633929211043,2026-06-25 04:19:24.539746,0.6300000000000001,0.21800000000000003,6.184527877024811,9.41006703206923,-34.63892533333333,17.49377683333333
103.211,13.909662370733871,35.23543216499045,42.10149873772626,211.1772993858094,2026-06-25 04:19:24.589733,0.6300000000000001,0.21800000000000003,6.184507991687336,9.416175919997457,-34.63892533333333,17.49377683333333
103.437,13.911754542529097,35.23520109558393,42.10828484404962,211.190798803118,2026-06-25 04:19:24.639720,0.6300000000000001,0.21800000000000003,6.184490946340452,9.424858993404872,-34.63892533333333,17.49377683333333
103.65266666666666,13.91941923959861,35.23473325509384,42.12671976870303,211.0731262746832,2026-06-25 04:19:24.739694,0.6300000000000001,0.21800000000000003,6.184492457874013,9.433145053131417,-34.63892533333333,17.49377683333333
103.965,13.930264190374395,35.234254992207504,42.1491491355045,210.78305805593223,2026-06-25 04:19:24.839667,0.6300000000000001,0.21800000000000003,6.184516514093576,9.445145111808039,-34.63892533333333,17.49377683333333
104.256,13.944824383485722,35.2337558326139,42.17574839450246,210.5440462857618,2026-06-25 04:19:24.939641,0.6300000000000001,0.21800000000000003,6.18454065964462,9.468709848105004,-34.63892533333333,17.49377683333333
104.412,13.944564131758478,35.23375246620282,42.17546813612887,210.69714726295106,2026-06-25 04:19:24.939641,0.6300000000000001,0.21800000000000003,6.184542080243556,9.481342490243582,-34.63892533333333,17.49377683333333
104.641,13.960905140158888,35.2332297621588,42.204008492132814,210.28970707426058,2026-06-25 04:19:25.039615,0.6360000000000001,0.21800000000000003,6.184573325583308,9.499886561075215,-34.63892533333333,17.49377683333333
104.8665,13.973469443901568,35.23281228378502,42.225848352569116,210.05411917263658,2026-06-25 04:19:25.114596,0.6300000000000001,0.21800000000000003,6.1846017281125825,9.51814720724348,-34.63892533333333,17.49377683333333
104.974,13.985423802956232,35.232375573264214,42.24702119051974,209.80694292582723,2026-06-25 04:19:25.189576,0.6300000000000001,0.21800000000000003,6.184641488923187,9.526852393332565,-34.63892533333333,17.49377683333333
105.299,13.99251932882263,35.23207033054798,42.2600419120338,209.7506031044435,2026-06-25 04:19:25.239563,0.6300000000000001,0.21800000000000003,6.184667047237741,9.55317039778794,-34.63892533333333,17.49377683333333
105.478,13.998634813347248,35.23175358950675,42.271736788270005,209.69706742811326,2026-06-25 04:19:25.289550,0.6300000000000001,0.21800000000000003,6.184692603950038,9.567665544857205,-34.63892533333333,17.49377683333333
105.712,14.003557594148091,35.23142464578336,42.28172178358401,209.6326197132831,2026-06-25 04:19:25.339537,0.6300000000000001,0.21800000000000003,6.1847323556514535,9.489937005767533,-34.63892533333333,17.49377683333333
105.87766666666666,14.008729540162117,35.230722763729354,42.29456602944111,209.57823058615864,2026-06-25 04:19:25.439511,0.6240000000000001,0.21800000000000003,6.184762431243274,9.434906971682688,-34.63892533333333,17.49377683333333
106.421,14.008960374889956,35.22957429366993,42.29971906165521,209.5363213428734,2026-06-25 04:19:25.539485,0.6240000000000001,0.21800000000000003,6.184803331192027,9.254426175790718,-34.63892533333333,17.49377683333333
106.246,14.006671652186315,35.22997377991698,42.298618033532236,209.54053010954578,2026-06-25 04:19:25.589472,0.6240000000000001,0.21800000000000003,6.184806169956605,9.312556493485985,-34.63892533333333,17.49377683333333
106.661,14.00064584080413,35.22894323323055,42.29319493672287,209.58284393770765,2026-06-25 04:19:25.664452,0.6240000000000001,0.21700000000000003,6.1847962341718405,9.174704597237213,-34.63892533333333,17.49377683333333
107.035,13.988871302958522,35.228046446707296,42.280588960495166,209.65885470798804,2026-06-25 04:19:25.764426,0.6240000000000001,0.21800000000000003,6.184777781381557,9.10800979086712,-34.63892533333333,17.49377683333333
107.269,13.969431871075644,35.226829940597085,42.25743042966441,209.7813467450394,2026-06-25 04:19:25.889394,0.6240000000000001,0.21800000000000003,6.184746551748275,9.067889880070561,-34.63892533333333,17.49377683333333
107.4675,13.969200327511263,35.22682085189648,42.25694568172703,209.7924829072758,2026-06-25 04:19:25.889394,0.6240000000000001,0.21800000000000003,6.184739453205472,9.033856536937586,-34.63892533333333,17.49377683333333
107.68549999999999,13.946990828360597,35.22549540893593,42.228101848514854,209.79514421888723,2026-06-25 04:19:26.014361,0.6240000000000001,0.21800000000000003,6.184691184053571,8.996479867904899,-34.63892533333333,17.49377683333333
108.158,13.923931999642008,35.223722424790644,42.19638594670409,209.86547618406382,2026-06-25 04:19:26.139329,0.6240000000000001,0.21600000000000003,6.184590367486706,8.951350329488655,-34.63892533333333,17.49377683333333
108.41900000000001,13.919161886190512,35.22343502043466,42.19002152230016,209.87369184810942,2026-06-25 04:19:26.164322,0.6240000000000001,0.21800000000000003,6.182708527451824,9.040389126785447,-34.63892533333333,17.49377683333333
108.088,13.914623431142662,35.22404825318863,42.183612140899555,209.92374236493666,2026-06-25 04:19:26.189316,0.6240000000000001,0.21800000000000003,6.184573325583308,8.927470192282618,-34.63892533333333,17.49377683333333
109.01,13.895369682670399,35.22113440499385,42.158027190135975,209.76121033004452,2026-06-25 04:19:26.289290,0.6300000000000001,0.21800000000000003,6.180744216170806,9.24200571376783,-34.63892533333333,17.49377683333333
108.89949999999999,13.879670716648175,35.222150735289695,42.13814163084287,209.57061941556407,2026-06-25 04:19:26.364270,0.6240000000000001,0.21800000000000003,6.1807028331396365,9.204309211464011,-34.63892533333333,17.49377683333333
109.425,13.86250914330493,35.218976773783524,42.11708279332922,209.68390727591265,2026-06-25 04:19:26.439251,0.6300000000000001,0.21800000000000003,6.180675717955148,9.383580812917891,-34.63892533333333,17.49377683333333
109.243,13.842780454221728,35.22007952551483,42.093743636179724,209.52302472448565,2026-06-25 04:19:26.514231,0.6300000000000001,0.21800000000000003,6.180622908332556,9.321492456182199,-34.63892533333333,17.49377683333333
109.779,13.803532717624952,35.21650259135098,42.048815526609395,209.16927979323316,2026-06-25 04:19:26.639198,0.6300000000000001,0.21800000000000003,6.176768473268926,9.532034460654824,-34.63892533333333,17.49377683333333
109.65633333333334,13.790422834301731,35.21705071499528,42.03379209496833,208.4457007662673,2026-06-25 04:19:26.672523,0.6300000000000001,0.21800000000000003,6.176700912837052,9.46708231831934,-34.63892533333333,17.49377683333333
110.216,13.745192029965514,35.21458483068235,41.981308399314905,208.33744817567995,2026-06-25 04:19:26.789159,0.6300000000000001,0.21800000000000003,6.176665199622775,9.763426467724994,-34.63892533333333,17.49377683333333
110.4115,13.713922263216464,35.21328986637438,41.94308076112388,208.10029286506946,2026-06-25 04:19:26.864140,0.6300000000000001,0.21800000000000003,6.174702214082425,9.866943944572181,-34.63892533333333,17.49377683333333
110.59899999999999,13.673487374968268,35.211506708630985,41.89205445912948,207.30315799197018,2026-06-25 04:19:26.964114,0.6300000000000001,0.21800000000000003,6.174505140649694,9.966225412136607,-34.63892533333333,17.49377683333333
111.119,13.645370106003321,35.20918865967156,41.85627422742818,207.0834838876022,2026-06-25 04:19:27.039094,0.6300000000000001,0.21800000000000003,6.172519851087145,10.171444439627752,-34.63892533333333,17.49377683333333
110.802,13.628170989838218,35.2101284416303,41.83458458274137,206.61879616745787,2026-06-25 04:19:27.089081,0.6300000000000001,0.22000000000000003,6.1724650371301975,10.073714147686376,-34.63892533333333,17.49377683333333
111.27133333333335,13.593113241006707,35.206927174473876,41.79156974055309,205.26005943762232,2026-06-25 04:19:27.205717,0.6300000000000001,0.21800000000000003,6.168682472606453,10.218408417984444,-34.63892533333333,17.49377683333333
111.531,13.58321114778835,35.20628065486369,41.779417242967035,205.8160847469673,2026-06-25 04:19:27.239042,0.6300000000000001,0.21800000000000003,6.172303437952035,10.298462989406453,-34.63892533333333,17.49377683333333
111.633,13.557336905571178,35.20427336058746,41.749232846651246,205.1370180431836,2026-06-25 04:19:27.339016,0.6300000000000001,0.21800000000000003,6.16842605108194,10.329909329400206,-34.63892533333333,17.49377683333333
111.763,13.545061511717892,35.203250807144954,41.73569915456422,204.63856493258834,2026-06-25 04:19:27.389003,0.6300000000000001,0.21800000000000003,6.168394149008435,10.3699879980197,-34.63892533333333,17.49377683333333
112.0455,13.514679209751865,35.20064278921039,41.70586538959181,204.41705533312907,2026-06-25 04:19:27.513970,0.6300000000000001,0.21900000000000003,6.168317281529978,10.457082027904368,-34.63892533333333,17.49377683333333
112.269,13.514801782522394,35.2006325301745,41.70547494292463,204.13354639698412,2026-06-25 04:19:27.513970,0.6300000000000001,0.22000000000000003,6.168310031311934,10.525986508184804,-34.63892533333333,17.49377683333333
112.4735,13.477598883640582,35.19743123841273,41.671936038227955,203.65401624382727,2026-06-25 04:19:27.663931,0.6300000000000001,0.22000000000000003,6.1682287986873074,10.59029352097406,-34.63892533333333,17.49377683333333
112.828,13.45186104681573,35.19524765020415,41.648670130086636,203.31218067225853,2026-06-25 04:19:27.763905,0.6300000000000001,0.22000000000000003,6.166215131549281,10.701846917983353,-34.63892533333333,17.49377683333333
113.25366666666666,13.417568629154095,35.19247873102079,41.61627200061914,203.44273665644542,2026-06-25 04:19:27.888873,0.6300000000000001,0.22000000000000003,6.164273406801568,10.835794908562445,-34.63892533333333,17.49377683333333
113.661,13.37974823673875,35.18967947376516,41.578610979101086,202.80244499452846,2026-06-25 04:19:28.013840,0.6300000000000001,0.22000000000000003,6.164141193148245,10.962452899441585,-34.63892533333333,17.49377683333333
113.89633333333335,13.33764476520698,35.18685722341502,41.533502353294864,202.5174923023102,2026-06-25 04:19:28.138808,0.6300000000000001,0.22000000000000003,6.164084729910029,11.03033614195228,-34.63892533333333,17.49377683333333
114.422,13.30296640879886,35.18459194789938,41.49432997950472,202.6056406753855,2026-06-25 04:19:28.238781,0.6300000000000001,0.22000000000000003,6.163961775680364,11.181967690733241,-34.63892533333333,17.49377683333333
114.64166666666667,13.269890776071776,35.182325277400075,41.455828278176085,202.6365777468862,2026-06-25 04:19:28.338755,0.6300000000000001,0.22000000000000003,6.163798480162503,11.245331793869994,-34.63892533333333,17.49377683333333
115.0555,13.232100749293831,35.17949818534029,41.41194215599924,202.9110410773626,2026-06-25 04:19:28.463723,0.6300000000000001,0.22000000000000003,6.163697613864504,11.364704379673144,-34.63892533333333,17.49377683333333
115.417,13.20531403015806,35.177248628117745,41.381605599977064,203.1356698512576,2026-06-25 04:19:28.563697,0.6270000000000001,0.22000000000000003,6.163599787422483,11.31925776097395,-34.63892533333333,17.49377683333333
115.721,13.180555076932645,35.17501536313935,41.35498717809455,203.31797630041422,2026-06-25 04:19:28.663671,0.6240000000000001,0.22099999999999898,6.161633249163642,11.279452776412015,-34.63892533333333,17.49377683333333
115.751,13.162683749037065,35.17335337854604,41.336819040308065,203.43327765327172,2026-06-25 04:19:28.738651,0.6240000000000001,0.22199999999999998,6.163497558166782,11.275524652935507,-34.63892533333333,17.49377683333333
116.28433333333334,13.139518359944182,35.17116303504792,41.314292780047644,203.89624154714474,2026-06-25 04:19:28.838625,0.6240000000000001,0.2214427083333335,6.163436063214976,11.205691346686494,-34.63892533333333,17.49377683333333
116.7165,13.111910779407918,35.16846299629104,41.28746862245278,204.41547561404602,2026-06-25 04:19:28.963593,0.6240000000000001,0.221,6.161441541691826,11.149104545716593,-34.63892533333333,17.49377683333333
116.751,13.096723894636765,35.166868636484864,41.27229160919318,204.84028721771887,2026-06-25 04:19:29.038573,0.6240000000000001,0.22000000000000003,6.163281331406539,11.141547748042054,-34.63892533333333,17.49377683333333
116.991,13.078968019703712,35.16477823954428,41.25398138861377,205.57172526230147,2026-06-25 04:19:29.138547,0.6240000000000001,0.22000000000000003,6.163222872551544,11.067212797737508,-34.63892533333333,17.49377683333333
117.468,13.074194194293634,35.164099107495815,41.248991947467346,205.76425104946412,2026-06-25 04:19:29.171872,0.6240000000000001,0.22199999999999998,6.163183662700988,10.919472084007216,-34.63892533333333,17.49377683333333
117.8725,13.054027712343295,35.161225796013056,41.2282020514716,206.99668733219548,2026-06-25 04:19:29.313501,0.6240000000000001,0.22000000000000003,6.16311031619139,10.795560922622661,-34.63892533333333,17.49377683333333
118.074,13.044719385731105,35.15974566083385,41.21886903980575,207.36141814310625,2026-06-25 04:19:29.388482,0.6240000000000001,0.22199999999999998,6.163088386179986,10.738326272946459,-34.63892533333333,17.49377683333333
118.445,13.036004258674147,35.15829739239346,41.21016549392793,208.15998412748067,2026-06-25 04:19:29.463462,0.6240000000000001,0.2209999999999998,6.163078151687685,10.6329463472399,-34.63892533333333,17.49377683333333
118.611,13.02785909967865,35.15687571945033,41.20189705489897,208.66792591371842,2026-06-25 04:19:29.538443,0.6240000000000001,0.22199999999999998,6.163059144291752,10.585795221452056,-34.63892533333333,17.49377683333333
118.856,13.02073917526074,35.15548854808148,41.194457603684754,209.34890657441633,2026-06-25 04:19:29.613423,0.6269999999999998,0.22000000000000003,6.163018202123112,10.516204704476028,-34.63892533333333,17.49377683333333
119.10849999999999,13.013006624929504,35.153686753873444,41.18619905830923,210.0385051306141,2026-06-25 04:19:29.713397,0.6300000000000001,0.22000000000000003,6.164874960905798,10.444483865551753,-34.63892533333333,17.49377683333333
119.358,13.008470548381656,35.15237224552518,41.18132538975053,210.41065605406754,2026-06-25 04:19:29.788378,0.6300000000000001,0.22000000000000003,6.162933380883885,10.373615155406771,-34.63892533333333,17.49377683333333
119.844,13.004692640601899,35.149849882613125,41.17741375731724,210.90403142458365,2026-06-25 04:19:29.863358,0.6300000000000001,0.22000000000000003,6.162920217409769,10.267836852834538,-34.63892533333333,17.49377683333333
119.684,13.001036159296312,35.151095609817865,41.173819720366495,211.06660629296076,2026-06-25 04:19:29.938338,0.6300000000000001,0.22000000000000003,6.166723125635449,10.302660985368606,-34.63892533333333,17.49377683333333
120.106,12.998455606952028,35.149040294230126,41.171363299217155,211.38486243884313,2026-06-25 04:19:29.988325,0.6300000000000001,0.22000000000000003,6.166726037592432,10.21081233581,-34.63892533333333,17.49377683333333
120.43350000000001,12.994196628762225,35.147857692953764,41.16719485534696,211.70893098031698,2026-06-25 04:19:30.063306,0.6300000000000001,0.22000000000000003,6.1667289495290625,10.139531689529324,-34.63892533333333,17.49377683333333
120.614,12.989601951135676,35.14670716506744,41.162389490605015,212.04365958316612,2026-06-25 04:19:30.138286,0.6300000000000001,0.22000000000000003,6.166723125635449,10.100245715014328,-34.63892533333333,17.49377683333333
120.82933333333334,12.983228632887752,35.145237865276975,41.15497911837699,212.11132313954695,2026-06-25 04:19:30.238260,0.6300000000000001,0.22000000000000003,6.1666919752320535,10.076521402267552,-34.63892533333333,17.49377683333333
121.42349999999999,12.975283048430889,35.14348264606105,41.14531537536625,212.97031437567023,2026-06-25 04:19:30.363228,0.6300000000000001,0.22000000000000003,6.166647407446746,10.13730510984885,-34.63892533333333,17.49377683333333
121.67949999999999,12.964825617392444,35.14153103639195,41.133490063059156,213.65590307806792,2026-06-25 04:19:30.513189,0.6300000000000001,0.22000000000000003,6.166629932264813,10.163494107000286,-34.63892533333333,17.49377683333333
121.819,12.964496970567943,35.14151485839498,41.13328770767567,213.6604070449756,2026-06-25 04:19:30.513189,0.6300000000000001,0.22000000000000003,6.166628475930094,10.177765064432418,-34.63892533333333,17.49377683333333
122.006,12.954050979480359,35.139984274879765,41.122421952026215,214.18775273301173,2026-06-25 04:19:30.638156,0.6300000000000001,0.22000000000000003,6.1666153689176095,10.196895308445383,-34.63892533333333,17.49377683333333
122.589,12.946363894681337,35.13911705508207,41.114824319595414,214.39989907519234,2026-06-25 04:19:30.713136,0.6270000000000001,0.22000000000000003,6.166600805020678,10.256536657426976,-34.63892533333333,17.49377683333333
122.85833333333333,12.929631776714706,35.13758147501221,41.098802277290496,214.8980218942752,2026-06-25 04:19:30.854766,0.6300000000000001,0.22000000000000003,6.166563348782863,10.280355203649167,-34.63892533333333,17.49377683333333
123.093,12.918993221113151,35.13672558784258,41.088808935829235,215.23690794137437,2026-06-25 04:19:30.938078,0.6300000000000001,0.22000000000000003,6.166525064151181,10.300557065582499,-34.63892533333333,17.49377683333333
123.476,12.905705446198118,35.135751090759484,41.07637045912413,215.49700278493333,2026-06-25 04:19:31.038052,0.6240000000000001,0.22000000000000003,6.166490103117135,10.33352857035721,-34.63892533333333,17.49377683333333
123.707,12.89584364694992,35.135065802375,41.066841105950125,215.72174651301106,2026-06-25 04:19:31.113032,0.6269999999999996,0.22000000000000003,6.166471164248991,10.353414778197832,-34.63892533333333,17.49377683333333
123.835,12.886473004039063,35.13440879437363,41.057401621145374,215.9707469596927,2026-06-25 04:19:31.188013,0.6240000000000001,0.22000000000000003,6.166428913108799,10.356201977613187,-34.63892533333333,17.49377683333333
124.298,12.88072828311683,35.13398919646822,41.05133240828651,216.02190031716128,2026-06-25 04:19:31.238000,0.6240000000000001,0.22000000000000003,6.166411428599077,10.354632056042652,-34.63892533333333,17.49377683333333
124.465,12.870842445086327,35.13319648173472,41.04027764826381,216.43755694567673,2026-06-25 04:19:31.337974,0.6270000000000001,0.22000000000000003,6.166363341678887,10.354065799234272,-34.63892533333333,17.49377683333333
124.571,12.870629086410922,35.13319005899899,41.040102323856665,216.43751609788643,2026-06-25 04:19:31.337974,0.6300000000000001,0.22000000000000003,6.1663647996536675,10.353706378745121,-34.63892533333333,17.49377683333333
124.981,12.862195630790877,35.132086866517895,41.03023749812999,216.83805585572358,2026-06-25 04:19:31.437948,0.6240000000000001,0.22000000000000003,6.1663269097942015,10.352316167419161,-34.63892533333333,17.49377683333333
124.83,12.858380426292353,35.13244229235663,41.02573590702377,216.86344710153185,2026-06-25 04:19:31.487935,0.6240000000000001,0.22000000000000003,6.166318165491344,10.352828172078235,-34.63892533333333,17.49377683333333
125.218,12.850932391273725,35.13141679913227,41.01718536559255,216.92597239438484,2026-06-25 04:19:31.587908,0.6240000000000001,0.22000000000000003,6.1662977614046275,10.35151255745757,-34.63892533333333,17.49377683333333
125.4385,12.850874722784075,35.13141122686153,41.017171275920646,217.08172804016897,2026-06-25 04:19:31.587908,0.6300000000000001,0.22000000000000003,6.166300676294541,10.35076489502495,-34.63892533333333,17.49377683333333
125.843,12.843060697931366,35.13048041098114,41.00852855096962,217.28902488637144,2026-06-25 04:19:31.687882,0.6300000000000001,0.22000000000000003,6.166291931482118,10.349393332875314,-34.63892533333333,17.49377683333333
125.68,12.838846920190047,35.13078015682761,41.00392795657984,217.31277551173795,2026-06-25 04:19:31.737869,0.6240000000000001,0.22000000000000003,6.1662861014780725,10.349946026646366,-34.63892533333333,17.49377683333333
125.975,12.834455087313115,35.130190682559764,40.99910444566852,217.67105989456206,2026-06-25 04:19:31.787856,0.6240000000000001,0.22000000000000003,6.166268610976704,10.34894575264354,-34.63892533333333,17.49377683333333
126.461,12.829918897629755,35.12991058116039,40.994094750062644,217.70691469053483,2026-06-25 04:19:31.837843,0.6240000000000001,0.22000000000000003,6.166259865450818,10.347297843608379,-34.63892533333333,17.49377683333333
126.60200000000002,12.820495829174455,35.12938047217704,40.983731768877966,218.12501313483892,2026-06-25 04:19:31.937817,0.6240000000000001,0.2185000000000008,6.166210303515613,10.346819746542621,-34.63892533333333,17.49377683333333
126.862,12.810791327631854,35.12887842131718,40.97315714674969,218.5083203364749,2026-06-25 04:19:32.037791,0.6240000000000001,0.21800000000000003,6.166192810323098,10.345938149116403,-34.63892533333333,17.49377683333333
127.158,12.805840443469343,35.12864038979035,40.96775470411655,218.53733362186892,2026-06-25 04:19:32.087778,0.6240000000000001,0.21800000000000003,6.166189894638086,10.344934484354246,-34.63892533333333,17.49377683333333
127.537,12.795775785038257,35.12818855727597,40.95678251741576,218.64944686409532,2026-06-25 04:19:32.187752,0.6240000000000001,0.22000000000000003,6.16613740882075,10.343649386567566,-34.63892533333333,17.49377683333333
127.6255,12.795735897078046,35.12818540060467,40.95678466040172,218.62970335031355,2026-06-25 04:19:32.187752,0.6240000000000001,0.22000000000000003,6.166154904174756,10.343349304366718,-34.63892533333333,17.49377683333333
127.856,12.785412264287901,35.12775566240794,40.945809539095166,218.71032931392824,2026-06-25 04:19:32.287726,0.6240000000000001,0.22000000000000003,6.16612866054211,10.342567734340783,-34.63892533333333,17.49377683333333
128.134,12.780148076407778,35.12754918568506,40.940368417167846,218.74751049755793,2026-06-25 04:19:32.337713,0.6240000000000001,0.22000000000000003,6.166119912079908,10.341625103246594,-34.63892533333333,17.49377683333333
128.185,12.774878547155286,35.1273477262743,40.934982448008725,219.10953429131823,2026-06-25 04:19:32.387700,0.6240000000000001,0.22000000000000003,6.16610241460479,10.341452174520683,-34.63892533333333,17.49377683333333
128.535,12.76445982312022,35.126959978153565,40.92452039560358,219.20582421513586,2026-06-25 04:19:32.487674,0.6240000000000001,0.22000000000000003,6.16606450088951,10.340265408754618,-34.63892533333333,17.49377683333333
128.65699999999998,12.76448674050284,35.12695812139985,40.92458184305786,219.20691267529907,2026-06-25 04:19:32.487674,0.6240000000000001,0.22000000000000003,6.1660645003896954,10.339851736116163,-34.63892533333333,17.49377683333333
129.055,12.749177452108363,35.1264016901641,40.90957018649312,219.65930736130917,2026-06-25 04:19:32.637635,0.6240000000000001,0.22000000000000003,6.16601345762639,10.338502213902181,-34.63892533333333,17.49377683333333
129.26633333333334,12.738997729206998,35.1260436025207,40.89947960030086,219.72275204540182,2026-06-25 04:19:32.737609,0.6240000000000001,0.21842777777777778,6.166001157789753,10.337785633430101,-34.63892533333333,17.49377683333333
129.45,12.728718241165005,35.125689161088445,40.88923563089249,219.8249935039631,2026-06-25 04:19:32.837583,0.6240000000000001,0.21899999999999928,6.165956573495694,10.337162863966196,-34.63892533333333,17.49377683333333
129.575,12.71807560895588,35.12533895224105,40.878720021618896,219.9064289756273,2026-06-25 04:19:32.937557,0.6240000000000001,0.22000000000000003,6.165930316979395,10.336739019049745,-34.63892533333333,17.49377683333333
129.898,12.71254581237116,35.12516406515928,40.87343770577379,219.95243753976402,2026-06-25 04:19:32.987544,0.6300000000000001,0.21800000000000003,6.165915729169815,10.335643803785633,-34.63892533333333,17.49377683333333
130.22500000000002,12.70419818106161,35.12490049700986,40.86561833214587,220.0026975280767,2026-06-25 04:19:33.062524,0.6269999999999895,0.21800000000000003,6.165908435050705,10.334535025484197,-34.63892533333333,17.49377683333333
130.41,12.696016078074404,35.12463469350949,40.85801033312812,220.07176914338413,2026-06-25 04:19:33.137505,0.6240000000000001,0.21800000000000003,6.165883634192486,10.333907735007848,-34.63892533333333,17.49377683333333
130.585,12.690762273927023,35.12445534765915,40.85316177254257,220.1500411061736,2026-06-25 04:19:33.187492,0.6300000000000001,0.21800000000000003,6.165839864333547,10.333314352124818,-34.63892533333333,17.49377683333333
130.834,12.680678668891419,35.124090016323734,40.84415409227665,219.9224117414399,2026-06-25 04:19:33.287465,0.6300000000000001,0.21800000000000003,6.165804845138862,10.332470053051246,-34.63892533333333,17.49377683333333
131.019,12.677417588527112,35.12396352131007,40.841459807142876,219.95513350536115,2026-06-25 04:19:33.320790,0.6240000000000001,0.21800000000000003,6.165791558046837,10.3318427625749,-34.63892533333333,17.49377683333333
131.329,12.665894364437207,35.12351989519173,40.83177433795933,220.0302302287096,2026-06-25 04:19:33.437426,0.6240000000000001,0.21800000000000003,6.165775660230477,10.3307916271821,-34.63892533333333,17.49377683333333
131.6535,12.658425759903913,35.12322174605377,40.82533123592919,219.92275052381575,2026-06-25 04:19:33.512407,0.6269999999999994,0.21800000000000003,6.16576398565448,10.329691325778992,-34.63892533333333,17.49377683333333
131.904,12.650932420047967,35.12291482189818,40.81845141584705,219.8390331629318,2026-06-25 04:19:33.587387,0.6300000000000001,0.21800000000000003,6.165731879038743,10.328841940566424,-34.63892533333333,17.49377683333333
131.9955,12.643535522167674,35.12259573596897,40.81104649608386,219.73781556940773,2026-06-25 04:19:33.662368,0.6270000000000016,0.21800000000000003,6.163809868620223,10.328531686087581,-34.63892533333333,17.49377683333333
132.294,12.636387931512,35.12226600778877,40.8033759076411,219.94831448437515,2026-06-25 04:19:33.737348,0.6300000000000001,0.21800000000000003,6.165699769910734,10.327519544427096,-34.63892533333333,17.49377683333333
132.496,12.631893103169013,35.122038611088705,40.79822151885218,219.68460780150036,2026-06-25 04:19:33.787335,0.6240000000000001,0.21800000000000003,6.161867262920868,10.32683461104211,-34.63892533333333,17.49377683333333
132.738,12.627665852521773,35.12180518468573,40.79316206117859,219.7274566681448,2026-06-25 04:19:33.837322,0.6300000000000001,0.21800000000000003,6.161849666796362,10.326014047283861,-34.63892533333333,17.49377683333333
132.772,12.620112276781477,35.12131919889019,40.783723315092054,219.47320690938622,2026-06-25 04:19:33.937296,0.6300000000000001,0.21800000000000003,6.161826204147681,10.325898761466586,-34.63892533333333,17.49377683333333
133.05,12.620247701760203,35.12131580543206,40.7838990898115,219.6445388808446,2026-06-25 04:19:33.937296,0.6240000000000001,0.21800000000000003,6.161817404946288,10.324956130372398,-34.63892533333333,17.49377683333333
133.29,12.613620768110279,35.12080607721225,40.77565597842268,219.55032319052597,2026-06-25 04:19:34.037270,0.6240000000000001,0.21800000000000003,6.16179100771156,10.351410875739333,-34.63892533333333,17.49377683333333
133.643,12.609235922824237,35.12040140499789,40.77062721288697,219.58474801856107,2026-06-25 04:19:34.112250,0.6270000000000001,0.21800000000000003,6.161782208140662,10.407510308201841,-34.63892533333333,17.49377683333333
134.027,12.601490509210965,35.11953837441637,40.762826137480545,219.3200675253248,2026-06-25 04:19:34.262211,0.6240000000000001,0.21800000000000003,6.161771843945677,10.468536319719128,-34.63892533333333,17.49377683333333
134.63200000000003,12.593986039491165,35.11844665425392,40.75657257990345,219.11608320246955,2026-06-25 04:19:34.437166,0.6300000000000001,0.21800000000000003,6.161711804921669,10.560058329530529,-34.63892533333333,17.49377683333333
134.84,12.589735189467817,35.117777898961315,40.75362980510779,219.14181341110395,2026-06-25 04:19:34.537140,0.6300000000000001,0.21800000000000003,6.161708871197558,10.56104226965103,-34.63892533333333,17.49377683333333
135.143,12.587198528363011,35.11742908279339,40.751872899852934,219.1567923932271,2026-06-25 04:19:34.587127,0.6240000000000001,0.21800000000000003,6.161708871197558,10.562475605499646,-34.63892533333333,17.49377683333333
135.239,12.580610425761225,35.11670058778583,40.74664525738994,219.02871779585737,2026-06-25 04:19:34.687101,0.6270000000000001,0.21800000000000003,6.161710338059613,10.562929731709108,-34.63892533333333,17.49377683333333
135.58933333333334,12.573655795218158,35.116067550329056,40.740354347865825,218.93809931751616,2026-06-25 04:19:34.770412,0.6258852459016403,0.21800000000000003,6.161683556945705,10.56458697700822,-34.63892533333333,17.49377683333333
135.945,12.562158869978855,35.1151500081077,40.7290392578543,219.003236967438,2026-06-25 04:19:34.887049,0.6300000000000001,0.21800000000000003,6.16167659887703,10.566269451541194,-34.63892533333333,17.49377683333333
136.236,12.55634727758371,35.11473886401487,40.722834721497485,218.72741443026405,2026-06-25 04:19:34.937035,0.6240000000000001,0.21800000000000003,6.161667796903812,10.641956935679703,-34.63892533333333,17.49377683333333
136.4975,12.547065205491604,35.11410428398631,40.71261405540916,218.6550425113647,2026-06-25 04:19:35.012016,0.6240000000000001,0.21800000000000003,6.161634054168337,10.709971633625482,-34.63892533333333,17.49377683333333
136.8065,12.534163807756478,35.11322859571355,40.69825269641794,218.6049591966444,2026-06-25 04:19:35.111990,0.6300000000000001,0.21800000000000003,6.161595907139366,10.790340817813796,-34.63892533333333,17.49377683333333
137.182,12.5243165123915,35.112549854285554,40.68740663276168,218.3856704084887,2026-06-25 04:19:35.186970,0.6300000000000001,0.21800000000000003,6.157748642963098,10.888006282741665,-34.63892533333333,17.49377683333333
137.512,12.511186950529144,35.111613156001575,40.673261072554695,218.48083337336243,2026-06-25 04:19:35.286944,0.6240000000000001,0.21800000000000003,6.157722108954139,10.973837450321422,-34.63892533333333,17.49377683333333
137.61950000000002,12.511218359797942,35.111608926344694,40.673306138953755,218.48348962628154,2026-06-25 04:19:35.286944,0.6269999999999993,0.21800000000000003,6.159624497791385,10.96459356137216,-34.63892533333333,17.49377683333333
137.834,12.498310865135732,35.11064263235215,40.65948238860213,218.599155005435,2026-06-25 04:19:35.386918,0.6300000000000001,0.21800000000000003,6.157674933254432,10.946148778305961,-34.63892533333333,17.49377683333333
138.20966666666666,12.486117015435445,35.10963663139195,40.64623100178458,218.3696516654822,2026-06-25 04:19:35.486892,0.6289824561403504,0.21800000000000003,6.160815614129087,10.913845327621255,-34.63892533333333,17.49377683333333
138.373,12.4747832590113,35.10860424302804,40.63373990569766,218.17040184337102,2026-06-25 04:19:35.586866,0.6240000000000001,0.21800000000000003,6.157601210643213,10.899800349062689,-34.63892533333333,17.49377683333333
138.667,12.469620901200722,35.108075267373366,40.62803472117768,218.21815554001057,2026-06-25 04:19:35.636853,0.6300000000000001,0.21800000000000003,6.157583515296244,10.874519387657266,-34.63892533333333,17.49377683333333
138.873,12.462430965184032,35.10726710171231,40.62018168176145,218.1294798530502,2026-06-25 04:19:35.711834,0.6270000000000001,0.21800000000000003,6.157555496078569,10.856805516740543,-34.63892533333333,17.49377683333333
139.224,12.455661474445206,35.10644472775766,40.612913900751124,218.03682406529734,2026-06-25 04:19:35.786814,0.6300000000000001,0.21800000000000003,6.157530424794575,10.826623144450396,-34.63892533333333,17.49377683333333
139.447,12.447105729144774,35.10532130029898,40.603826068738265,218.0921181902318,2026-06-25 04:19:35.886788,0.6300000000000001,0.21800000000000003,6.157519468747184,10.845085047113018,-34.63892533333333,17.49377683333333
139.6615,12.436776253267219,35.1038856380879,40.59255458648511,218.02141688079826,2026-06-25 04:19:36.011755,0.6240000000000001,0.21800000000000003,6.1574891275142605,10.862843244965628,-34.63892533333333,17.49377683333333
139.984,12.430766665608225,35.10300668968283,40.585775090386484,218.24132258321433,2026-06-25 04:19:36.086736,0.6240000000000001,0.21800000000000003,6.157462577192464,10.889542633345428,-34.63892533333333,17.49377683333333
140.145,12.426775894909078,35.102413518546186,40.58128292790483,217.9750731095735,2026-06-25 04:19:36.136723,0.6240000000000001,0.21800000000000003,6.157438975464844,10.902871630335033,-34.63892533333333,17.49377683333333
140.618,12.422724756602523,35.10121223483948,40.576807657657525,218.0135368949815,2026-06-25 04:19:36.186710,0.6240000000000001,0.21800000000000003,6.157427174105166,10.942030733292071,-34.63892533333333,17.49377683333333
140.458,12.418558231922628,35.10181527575975,40.57231427035518,218.03345613175887,2026-06-25 04:19:36.236697,0.6240000000000001,0.21800000000000003,6.157424223713591,10.928784525103644,-34.63892533333333,17.49377683333333
140.844,12.411987844344814,35.10029877805077,40.5653997648042,218.08118605003546,2026-06-25 04:19:36.311677,0.6240000000000001,0.21800000000000003,6.157413897177777,11.000023629722964,-34.63892533333333,17.49377683333333
141.113,12.400209128102867,35.09875663495479,40.55307809110126,218.18188052089602,2026-06-25 04:19:36.436645,0.6240000000000001,0.21800000000000003,6.157377604724721,11.069050572819913,-34.63892533333333,17.49377683333333
141.392,12.390273767182302,35.09750921587828,40.54247756940377,218.25630247738408,2026-06-25 04:19:36.536619,0.6240000000000001,0.21800000000000003,6.157356359004077,11.140643573281059,-34.63892533333333,17.49377683333333
141.837,12.378041664174715,35.09603733910318,40.52894878958019,218.0667524169745,2026-06-25 04:19:36.653255,0.6240000000000001,0.21800000000000003,6.15730264958938,11.254833125987904,-34.63892533333333,17.49377683333333
142.014,12.374525158351025,35.09561658134131,40.52506245788614,218.0843085802854,2026-06-25 04:19:36.686579,0.6240000000000001,0.21800000000000003,6.157303239866104,11.300252341334229,-34.63892533333333,17.49377683333333
142.23649999999998,12.361030944578332,35.09402639125318,40.50969163695248,218.17753959859473,2026-06-25 04:19:36.811547,0.6240000000000001,0.21800000000000003,6.157279629045199,11.251952375380625,-34.63892533333333,17.49377683333333
142.445,12.353081245399968,35.093069055484506,40.500559708333824,218.26198997837838,2026-06-25 04:19:36.886527,0.6240000000000001,0.21800000000000003,6.157241259073429,11.206691508408362,-34.63892533333333,17.49377683333333
142.752,12.347824051159401,35.092429967714295,40.49461631701458,218.3139978115095,2026-06-25 04:19:36.936514,0.6240000000000001,0.21800000000000003,6.157220596783057,11.140048409317309,-34.63892533333333,17.49377683333333
143.2115,12.336538759592397,35.09051273355388,40.48260028096408,218.58362575469607,2026-06-25 04:19:37.036488,0.6240000000000001,0.21800000000000003,6.157174840836243,11.040300839179404,-34.63892533333333,17.49377683333333
143.0775,12.330278691037737,35.09115151055707,40.47620506610721,218.62029729828504,2026-06-25 04:19:37.086475,0.6240000000000001,0.21800000000000003,6.157165984400589,11.069389358000906,-34.63892533333333,17.49377683333333
143.6805,12.311841647953885,35.08891884349616,40.45772039837644,218.7305204796689,2026-06-25 04:19:37.211443,0.6240000000000001,0.21900000000000028,6.1552460462261855,11.116355643075385,-34.63892533333333,17.49377683333333
144.04100000000003,12.284784214847312,35.087125220129764,40.42819004207704,218.64347152732304,2026-06-25 04:19:37.353072,0.6240000000000001,0.21800000000000003,6.155877454904059,11.178252276934092,-34.63892533333333,17.49377683333333
144.191,12.278075860971697,35.08670341024328,40.420799605922205,218.80926955483122,2026-06-25 04:19:37.386397,0.6240000000000001,0.21800000000000003,6.153277109506989,11.204006770911356,-34.63892533333333,17.49377683333333
144.40333333333334,12.248016842287134,35.084829021701886,40.383349998113744,219.08479015531105,2026-06-25 04:19:37.536358,0.6240000000000001,0.2195365079365078,6.153162930473311,11.2404636879414,-34.63892533333333,17.49377683333333
144.621,12.230323318082878,35.08359348452934,40.36052018185394,219.2756301790754,2026-06-25 04:19:37.636332,0.6240000000000001,0.21800000000000003,6.1530723985974705,11.27668735051579,-34.63892533333333,17.49377683333333
144.87,12.222627118957508,35.0829818076215,40.350921206957565,219.02264727197434,2026-06-25 04:19:37.686319,0.6240000000000001,0.21800000000000003,6.153051625293536,11.317351536945276,-34.63892533333333,17.49377683333333
145.26549999999997,12.209276497437179,35.08177304616048,40.33566467041964,219.2976472669208,2026-06-25 04:19:37.786293,0.6240000000000001,0.21800000000000003,6.153008591051345,11.381940636274038,-34.63892533333333,17.49377683333333
145.42849999999999,12.203124664152895,35.08117429617832,40.32912707488575,219.51410388915235,2026-06-25 04:19:37.836280,0.6240000000000001,0.21800000000000003,6.152984846742308,11.408560163936716,-34.63892533333333,17.49377683333333
145.82766666666666,12.186373814975326,35.07940639350111,40.31261438986461,219.63524649338044,2026-06-25 04:19:37.986241,0.6240000000000001,0.21800000000000003,6.152952440305828,11.47374806654624,-34.63892533333333,17.49377683333333
146.451,12.176540812279647,35.077685487856634,40.302782430336045,219.4023901020144,2026-06-25 04:19:38.086215,0.6240000000000001,0.21800000000000003,6.152926964066761,11.609432293932025,-34.63892533333333,17.49377683333333
146.287,12.172268897218789,35.07825285138886,40.29822806801094,219.45090648790259,2026-06-25 04:19:38.136202,0.6300000000000001,0.22000000000000003,6.152900246172175,11.572984103546638,-34.63892533333333,17.49377683333333
146.834,12.168449976368535,35.07656865664737,40.29404597902868,219.52146186270787,2026-06-25 04:19:38.186189,0.6240000000000001,0.22000000000000003,6.152861650682105,11.694552153185715,-34.63892533333333,17.49377683333333
146.695,12.165108807219006,35.07712403485864,40.290332703352604,219.85819823997454,2026-06-25 04:19:38.236176,0.6300000000000001,0.22000000000000003,6.152855712602243,11.66366008938346,-34.63892533333333,17.49377683333333
147.02300000000002,12.161082795686681,35.07574812082187,40.28585256536945,219.89404484391267,2026-06-25 04:19:38.311156,0.6300000000000001,0.22000000000000003,6.152845320738754,11.736556470154248,-34.63892533333333,17.49377683333333
147.299,12.158026611041855,35.0749404692797,40.282554512772364,219.9416248708139,2026-06-25 04:19:38.386136,0.6300000000000001,0.22000000000000003,6.152820082374811,11.797896107632097,-34.63892533333333,17.49377683333333
147.432,12.155650052158721,35.073891389360725,40.280428627949995,219.96229055481265,2026-06-25 04:19:38.486110,0.6300000000000001,0.22000000000000003,6.152814143712181,11.827454701054391,-34.63892533333333,17.49377683333333
147.60950000000003,12.155871634482505,35.073887961316615,40.280736976464986,219.8029087274386,2026-06-25 04:19:38.486110,0.6300000000000001,0.22000000000000003,6.152815628383043,11.82047815357953,-34.63892533333333,17.49377683333333
147.898,12.155027342284946,35.07286286769897,40.28075772797597,219.98517696152285,2026-06-25 04:19:38.586084,0.6300000000000001,0.22000000000000003,6.1528022661371375,11.809138807402082,-34.63892533333333,17.49377683333333
148.07199999999997,12.155889768626528,35.07186830474675,40.283375650020034,219.99546821767697,2026-06-25 04:19:38.686058,0.6300000000000001,0.22000000000000003,6.1527928009544945,11.802299825652078,-34.63892533333333,17.49377683333333
148.253,12.157441472992637,35.07089765816659,40.2870921426531,219.9838392324621,2026-06-25 04:19:38.786032,0.6300000000000001,0.22000000000000003,6.152799296691338,11.79518571245236,-34.63892533333333,17.49377683333333
148.452,12.15836761648118,35.07042442687774,40.289104745254555,219.97872210631903,2026-06-25 04:19:38.836019,0.6300000000000001,0.22000000000000003,6.1528022661371375,11.787364118381953,-34.63892533333333,17.49377683333333
148.706,12.15927932546385,35.06995851034632,40.290993040949125,219.97420643609695,2026-06-25 04:19:38.886006,0.6300000000000001,0.22000000000000003,6.152805235562122,11.77738077720666,-34.63892533333333,17.49377683333333
148.83550000000002,12.160487036906954,35.069274325301414,40.293356007743355,219.96390529199164,2026-06-25 04:19:38.960987,0.6300000000000001,0.22000000000000003,6.152811174339236,11.761161941413041,-34.63892533333333,17.49377683333333
149.474,12.161627341852451,35.06838661484096,40.29546898996508,219.9609888446937,2026-06-25 04:19:39.060961,0.6300000000000001,0.22000000000000003,6.152815628383043,11.681194940222136,-34.63892533333333,17.49377683333333
149.559,12.161953306270533,35.067528317220095,40.29612939388646,219.6412737213631,2026-06-25 04:19:39.160934,0.6270000000000001,0.22000000000000003,6.152818597714358,11.670549372326713,-34.63892533333333,17.49377683333333
149.845,12.16111611846511,35.066699265267616,40.29517757745329,219.96760111976633,2026-06-25 04:19:39.260908,0.6240000000000001,0.22000000000000003,6.152817113043496,11.634730167407996,-34.63892533333333,17.49377683333333
150.27949999999998,12.156041961814056,35.065516865406885,40.28926197630918,219.68001554251893,2026-06-25 04:19:39.410869,0.6240000000000001,0.2189999999999993,6.152817112960238,11.580312529166102,-34.63892533333333,17.49377683333333
150.447,12.155402483850839,35.065316911585114,40.28862654123406,219.68138887351705,2026-06-25 04:19:39.435863,0.6240000000000001,0.22000000000000003,6.149007391476407,11.559334498313355,-34.63892533333333,17.49377683333333
150.6135,12.15355620252862,35.06513450510299,40.28619875810581,219.52663875625774,2026-06-25 04:19:39.460856,0.6240000000000001,0.21800000000000003,6.152826020912556,11.55342175897687,-34.63892533333333,17.49377683333333
150.915,12.142151923516614,35.06384642891865,40.271259592362995,219.46381272821847,2026-06-25 04:19:39.635811,0.6240000000000001,0.22000000000000003,6.148980546565991,11.582393524725152,-34.63892533333333,17.49377683333333
151.0145,12.142095447478779,35.0638431010253,40.27118392477564,219.61976214830594,2026-06-25 04:19:39.635811,0.6240000000000001,0.22000000000000003,6.15279632696452,11.591954687882545,-34.63892533333333,17.49377683333333
151.267,12.13253661174749,35.062977219528044,40.25836200519966,219.53869290234502,2026-06-25 04:19:39.760778,0.6240000000000001,0.22000000000000003,6.148958174489977,11.616217941121155,-34.63892533333333,17.49377683333333
151.599,12.126932317978014,35.062149543746244,40.2513965933079,219.60892968752773,2026-06-25 04:19:39.835759,0.6240000000000001,0.21800000000000003,6.148923868415041,11.66510550672069,-34.63892533333333,17.49377683333333
151.496,12.123336931952146,35.06247564427,40.247337138126106,219.64139024473403,2026-06-25 04:19:39.885746,0.6240000000000001,0.22000000000000003,6.148908951857363,11.649774934043808,-34.63892533333333,17.49377683333333
151.749,12.119839205295232,35.0618294889037,40.24371085150507,219.66431366704816,2026-06-25 04:19:39.935733,0.6240000000000001,0.22000000000000003,6.148905968483082,11.687431583434604,-34.63892533333333,17.49377683333333
152.109,12.113003080074575,35.06120975490293,40.23744556554947,219.7280162032555,2026-06-25 04:19:40.035706,0.6240000000000001,0.22000000000000003,6.148882100735853,11.741014167547991,-34.63892533333333,17.49377683333333
152.222,12.112986258632379,35.06120695028809,40.2375193653418,219.73620080650497,2026-06-25 04:19:40.035706,0.6240000000000001,0.22000000000000003,6.148876133589876,11.757833145339138,-34.63892533333333,17.49377683333333
152.3965,12.104199752347439,35.06046082707367,40.230289965287206,219.79324282251483,2026-06-25 04:19:40.160674,0.6240000000000001,0.22000000000000003,6.148864199005069,11.783805814582987,-34.63892533333333,17.49377683333333
152.676,12.09462728080192,35.05974835485695,40.22224043390261,219.85840205944402,2026-06-25 04:19:40.285641,0.6240000000000001,0.22000000000000003,6.148849280397522,11.825406737526572,-34.63892533333333,17.49377683333333
152.8085,12.094605894800669,35.05974596118762,40.22209102127792,219.85981628101518,2026-06-25 04:19:40.285641,0.6240000000000001,0.22000000000000003,6.148849280355682,11.811621835011323,-34.63892533333333,17.49377683333333
153.2,12.086747459876706,35.05919625772975,40.214530478784994,219.91451975445108,2026-06-25 04:19:40.385615,0.6240000000000001,0.22000000000000003,6.148837345101459,11.770891349466275,-34.63892533333333,17.49377683333333
153.39350000000002,12.081309091181748,35.058796211179484,40.208382598628475,219.9786825963771,2026-06-25 04:19:40.460596,0.6240000000000001,0.22000000000000003,6.148806013291286,11.750760189944007,-34.63892533333333,17.49377683333333
153.636,12.07655450726992,35.05840447869162,40.202495750654535,220.02970625326375,2026-06-25 04:19:40.535576,0.6240000000000001,0.22000000000000003,6.148783632126676,11.725531217416105,-34.63892533333333,17.49377683333333
153.89499999999998,12.070877336008468,35.057775349397915,40.19474923494431,220.1082230769278,2026-06-25 04:19:40.660544,0.6240000000000001,0.22000000000000003,6.148741850670992,11.698585634386303,-34.63892533333333,17.49377683333333
154.038,12.071248238250735,35.05777195001033,40.19525932190074,220.1009431143567,2026-06-25 04:19:40.660544,0.6240000000000001,0.22000000000000003,6.148747819448871,11.68522373934089,-34.63892533333333,17.49377683333333
154.293,12.066541636753076,35.05692175756464,40.18898863985568,220.14554067606966,2026-06-25 04:19:40.835498,0.6240000000000001,0.22000000000000003,6.148731404676646,11.662239496720874,-34.63892533333333,17.49377683333333
154.393,12.066457442532602,35.05692039920835,40.188823937615844,220.14867160770515,2026-06-25 04:19:40.835498,0.6240000000000001,0.22000000000000003,6.148729912372306,11.653226068242438,-34.63892533333333,17.49377683333333
154.9295,12.064264419428877,35.05610482816372,40.187011888333245,220.48967335082926,2026-06-25 04:19:41.010452,0.6240000000000001,0.22000000000000003,6.148723943081696,11.60486902445562,-34.63892533333333,17.49377683333333
155.0155,12.064320382452227,35.05610280060239,40.18712844056594,220.49027281130031,2026-06-25 04:19:41.010452,0.6240000000000001,0.22000000000000003,6.148723943050302,11.597117475964163,-34.63892533333333,17.49377683333333
155.459,12.06319036084142,35.05553406696954,40.186726528413644,220.50768652830212,2026-06-25 04:19:41.135420,0.6240000000000001,0.22000000000000003,6.148717973728298,11.55714292066229,-34.63892533333333,17.49377683333333
155.726,12.062802822042269,35.055309536695354,40.186661242486196,220.5089302916758,2026-06-25 04:19:41.185407,0.6240000000000001,0.22000000000000003,6.148720958420694,11.533077066624863,-34.63892533333333,17.49377683333333
156.145,12.062411085208932,35.05464323358848,40.18657451468174,220.52634293546728,2026-06-25 04:19:41.235394,0.6240000000000001,0.22000000000000003,6.1487120042807195,11.608970859305574,-34.63892533333333,17.49377683333333
155.924,12.061987419132327,35.055086349557385,40.18644694961712,220.5254832353042,2026-06-25 04:19:41.285381,0.6240000000000001,0.22000000000000003,6.1487120042807195,11.568940959108827,-34.63892533333333,17.49377683333333
156.027,12.061501377941356,35.05486431240535,40.18625923636733,220.85415098990367,2026-06-25 04:19:41.335368,0.6300000000000001,0.21800000000000003,6.148706034749419,11.58759742843129,-34.63892533333333,17.49377683333333
156.42950000000002,12.060589408470957,35.05431305821091,40.18579281883444,220.69881785401034,2026-06-25 04:19:41.410348,0.6300000000000001,0.21800000000000003,6.148710511903127,11.660502563405007,-34.63892533333333,17.49377683333333
156.71,12.058499469922175,35.05376474914167,40.184276077261,220.71376608060788,2026-06-25 04:19:41.535316,0.6300000000000001,0.21800000000000003,6.148709019515069,11.711309744423954,-34.63892533333333,17.49377683333333
156.924,12.05855668942221,35.05376473391539,40.184368064423474,220.87819582636922,2026-06-25 04:19:41.535316,0.6300000000000001,0.21800000000000003,6.148706034749419,11.66803677788802,-34.63892533333333,17.49377683333333
157.103,12.05639599817816,35.05332639919878,40.18240157817852,220.89055938775175,2026-06-25 04:19:41.635290,0.6300000000000001,0.21800000000000003,6.148706034749419,11.623578262754405,-34.63892533333333,17.49377683333333
157.346,12.055107680670968,35.053106835468114,40.18109778498363,220.9132815492199,2026-06-25 04:19:41.685276,0.6300000000000001,0.21800000000000003,6.148694095435655,11.563223965673577,-34.63892533333333,17.49377683333333
157.6205,12.05280923412997,35.05277641671064,40.17864517274712,220.93411065993408,2026-06-25 04:19:41.760257,0.6300000000000001,0.21800000000000003,6.148688125653186,11.495045963415608,-34.63892533333333,17.49377683333333
157.8195,12.049048649725703,35.052333237812235,40.17446679156167,220.95055745335677,2026-06-25 04:19:41.860231,0.6300000000000001,0.21800000000000003,6.14869111054442,11.445620016423486,-34.63892533333333,17.49377683333333
158.071,12.043150141805986,35.0517728146198,40.1677775770092,220.99640276485215,2026-06-25 04:19:41.985198,0.6300000000000001,0.21800000000000003,6.14867809622104,11.383154560802796,-34.63892533333333,17.49377683333333
158.483,12.037774317959432,35.05131883236901,40.16172039260672,221.03876471684248,2026-06-25 04:19:42.085172,0.6300000000000001,0.21800000000000003,6.1486672307551835,11.280825464517603,-34.63892533333333,17.49377683333333
158.656,12.03492034112149,35.05108906636211,40.15854858594856,221.0645408972626,2026-06-25 04:19:42.135159,0.6300000000000001,0.21800000000000003,6.148658275484903,11.394220391511023,-34.63892533333333,17.49377683333333
158.8,12.03200930830548,35.05085742818333,40.15535853720372,221.0938146959594,2026-06-25 04:19:42.185146,0.6300000000000001,0.21800000000000003,6.148646334831453,11.488606920337919,-34.63892533333333,17.49377683333333
159.1225,12.024584195341548,35.05026899915207,40.147331876043964,221.16030690863684,2026-06-25 04:19:42.310114,0.6270000000000001,0.21800000000000003,6.148622452519669,11.699993417189805,-34.63892533333333,17.49377683333333
159.2145,12.0219729112116,35.05002250844119,40.14418558738821,221.18771422661408,2026-06-25 04:19:42.360101,0.6270000000000009,0.21800000000000003,6.14861051059959,11.760295921718086,-34.63892533333333,17.49377683333333
159.433,12.020203456197748,35.04990958739837,40.142453145330116,221.18415863116104,2026-06-25 04:19:42.385094,0.6240000000000001,0.21800000000000003,6.148622452519669,11.804534340380313,-34.63892533333333,17.49377683333333
159.648,12.017448030799239,35.049666705089024,40.13924990716827,221.2169747012185,2026-06-25 04:19:42.435081,0.6240000000000001,0.21800000000000003,6.1486075253943735,11.812454256850023,-34.63892533333333,17.49377683333333
159.847,12.012581964164266,35.049173061883224,40.13342981493697,221.27383005639803,2026-06-25 04:19:42.535055,0.6240000000000001,0.21800000000000003,6.148580655249753,11.819784784187105,-34.63892533333333,17.49377683333333
159.972,12.008734149551707,35.04866825308295,40.12893363217247,221.3182273246961,2026-06-25 04:19:42.635029,0.6240000000000001,0.21800000000000003,6.14855975507577,11.824389386785773,-34.63892533333333,17.49377683333333
160.2945,12.008848373496388,35.04866676644554,40.1291220218563,221.3191560979147,2026-06-25 04:19:42.635029,0.6240000000000001,0.21800000000000003,6.148561247851104,11.836269261490337,-34.63892533333333,17.49377683333333
160.574,12.00579160049962,35.04788854621839,40.12591256302199,221.34950016828938,2026-06-25 04:19:42.735003,0.6240000000000001,0.21800000000000003,6.148550797544235,11.846565152900961,-34.63892533333333,17.49377683333333
160.421,12.004573241650238,35.04815155625216,40.12486127516259,221.35324756642223,2026-06-25 04:19:42.784990,0.6240000000000001,0.21800000000000003,6.148550797544235,11.84092911932019,-34.63892533333333,17.49377683333333
160.941,12.003463141248437,35.0476223299857,40.12402165145585,221.37487470232284,2026-06-25 04:19:42.834977,0.6240000000000001,0.21800000000000003,6.148541839824225,11.86008426613065,-34.63892533333333,17.49377683333333
161.127,12.002411158112134,35.04735284003232,40.12330997311511,221.38549806357057,2026-06-25 04:19:42.884964,0.6240000000000001,0.21800000000000003,6.14853885387567,11.86693591479747,-34.63892533333333,17.49377683333333
161.2625,12.000243672482227,35.046803793990414,40.12191119474284,221.56266248479676,2026-06-25 04:19:42.984938,0.6240000000000001,0.21800000000000003,6.148534374910953,11.871927304014426,-34.63892533333333,17.49377683333333
161.459,12.000287791546997,35.046802070868054,40.12195265796133,221.4029319990495,2026-06-25 04:19:42.984938,0.6240000000000001,0.21800000000000003,6.148535867906173,11.879165739299534,-34.63892533333333,17.49377683333333
161.587,11.997807139259873,35.04624096788023,40.12027457935142,221.74653342105492,2026-06-25 04:19:43.084912,0.6240000000000001,0.21800000000000003,6.148526909872021,11.88388085236057,-34.63892533333333,17.49377683333333
161.759,11.99630137348256,35.045954271247986,40.119196849447974,221.7626928073166,2026-06-25 04:19:43.134899,0.6240000000000001,0.21800000000000003,6.148520937744536,11.890216785536337,-34.63892533333333,17.49377683333333
162.08933333333334,11.992502223471588,35.04536890868204,40.116204594705664,221.78203690597573,2026-06-25 04:19:43.234873,0.6240000000000001,0.21800000000000003,6.148522967751129,11.902385215337086,-34.63892533333333,17.49377683333333
162.18,11.987914611238862,35.044771428965035,40.11216841543656,221.8180500054501,2026-06-25 04:19:43.334847,0.6240000000000001,0.21800000000000003,6.148511979396227,11.905725087088653,-34.63892533333333,17.49377683333333
162.698,11.985287305796541,35.04446657252439,40.10960894447998,221.83937429263136,2026-06-25 04:19:43.384833,0.6240000000000001,0.21800000000000003,6.148508993238235,11.924806560257537,-34.63892533333333,17.49377683333333
162.809,11.981104839655893,35.04400189140611,40.10524922856828,221.87643171856615,2026-06-25 04:19:43.459814,0.6300000000000001,0.22000000000000003,6.148495555265457,11.928895447365154,-34.63892533333333,17.49377683333333
163.101,11.976796453108488,35.043529790391936,40.10051739554015,222.23619535926224,2026-06-25 04:19:43.534794,0.6300000000000001,0.22000000000000003,6.148482116873761,11.939651799035643,-34.63892533333333,17.49377683333333
163.28199999999998,11.972363270713931,35.043048400573056,40.09548693714702,222.2875957288382,2026-06-25 04:19:43.609775,0.6300000000000001,0.22000000000000003,6.146550622758622,11.946319263598514,-34.63892533333333,17.49377683333333
163.69,11.966079884376695,35.04239417664968,40.0883810446424,222.02083831623267,2026-06-25 04:19:43.709749,0.6300000000000001,0.22000000000000003,6.14844179914307,11.96134868648057,-34.63892533333333,17.49377683333333
163.81799999999998,11.959054336280786,35.04172517040189,40.08045127409562,222.0645383486191,2026-06-25 04:19:43.809723,0.6300000000000001,0.22000000000000003,6.148434332438868,11.966063799541605,-34.63892533333333,17.49377683333333
164.085,11.953223801660304,35.041214239552026,40.07377460111521,222.10563090788622,2026-06-25 04:19:43.884703,0.6300000000000001,0.22000000000000003,6.148425372310022,11.975899230692363,-34.63892533333333,17.49377683333333
164.392,11.949034980671883,35.040868763796844,40.06890967208843,222.14280254133345,2026-06-25 04:19:43.934690,0.6300000000000001,0.22000000000000003,6.148413425122379,11.987208134674692,-34.63892533333333,17.49377683333333
164.87,11.94462820751129,35.03998888802519,40.06375191382564,222.18699208189915,2026-06-25 04:19:43.984677,0.6300000000000001,0.22000000000000003,6.148398490666403,12.004816135012002,-34.63892533333333,17.49377683333333
164.57100000000003,11.937644999680337,35.040519675966344,40.055479183625785,222.2404992665823,2026-06-25 04:19:44.059658,0.6300000000000001,0.22000000000000003,6.1464698185322515,11.993801925595987,-34.63892533333333,17.49377683333333
165.142,11.925548050566078,35.03908777402672,40.040735420915155,222.32575876473558,2026-06-25 04:19:44.184625,0.6300000000000001,0.22000000000000003,6.144544065702,12.014835750266704,-34.63892533333333,17.49377683333333
165.2225,11.925549504235132,35.039086046359444,40.040736254509156,222.34248541061942,2026-06-25 04:19:44.184625,0.6270000000000001,0.22000000000000003,6.146438338587228,12.017801114340246,-34.63892533333333,17.49377683333333
165.5,11.915815013918703,35.03835095524255,40.02884217273294,222.44296127114373,2026-06-25 04:19:44.284599,0.6300000000000001,0.22000000000000003,6.144487050510431,12.02802333210929,-34.63892533333333,17.49377683333333
165.697,11.910945104626048,35.0379774583105,40.02315998534285,222.478776000289,2026-06-25 04:19:44.334586,0.6300000000000001,0.22000000000000003,6.1482939348058805,12.035280185804792,-34.63892533333333,17.49377683333333
165.823,11.906028160481236,35.037600623443815,40.01765712958698,222.1934882883779,2026-06-25 04:19:44.384573,0.6300000000000001,0.22000000000000003,6.144469044134113,12.039921625224249,-34.63892533333333,17.49377683333333
166.264,11.893027733207816,35.036642220512725,40.003717843933515,222.29533028659966,2026-06-25 04:19:44.509540,0.6279512195121936,0.2193170731707312,6.146951883749835,12.056166663192352,-34.63892533333333,17.49377683333333
166.849,11.87594573368586,35.03546991889133,39.98508062300003,222.43536176017741,2026-06-25 04:19:44.659501,0.6240000000000001,0.21800000000000003,6.144394009364504,12.07771620335412,-34.63892533333333,17.49377683333333
166.956,11.866711583186456,35.03487298084728,39.97469592698166,222.5015846852105,2026-06-25 04:19:44.734482,0.6300000000000001,0.21800000000000003,6.144375999113495,12.08165774317858,-34.63892533333333,17.49377683333333
167.40599999999998,11.852223689864603,35.033928344482185,39.95862694964211,222.64348419575109,2026-06-25 04:19:44.851118,0.6286813186813202,0.21800000000000003,6.14431800471164,12.098234312533787,-34.63892533333333,17.49377683333333
167.6165,11.842273459021403,35.03324643632013,39.94785972171203,222.39409988074533,2026-06-25 04:19:44.934430,0.6270000000000001,0.21800000000000003,6.144299446589342,12.105988463309945,-34.63892533333333,17.49377683333333
168.081,11.831413446864184,35.031999552099926,39.9365543997056,222.5273227950114,2026-06-25 04:19:45.034403,0.6300000000000001,0.21800000000000003,6.144234892247192,12.123099166566597,-34.63892533333333,17.49377683333333
167.911,11.826702029408995,35.032418350327205,39.931885372371845,222.5647425746448,2026-06-25 04:19:45.084390,0.6240000000000001,0.21800000000000003,6.144219878139395,12.11683690703241,-34.63892533333333,17.49377683333333
168.196,11.822383205884499,35.03157811089535,39.927716466690356,222.60312483830003,2026-06-25 04:19:45.134377,0.6300000000000001,0.21800000000000003,6.14420786647383,12.127335400957373,-34.63892533333333,17.49377683333333
168.431,11.818373313304054,35.03115407354627,39.9239238716102,222.96373935567516,2026-06-25 04:19:45.184364,0.6240000000000001,0.21800000000000003,6.144192851417694,12.13599205384287,-34.63892533333333,17.49377683333333
168.723,11.814551251396795,35.030727486510614,39.920350188371614,222.69582534554323,2026-06-25 04:19:45.234351,0.6300000000000001,0.21800000000000003,6.144165822988858,12.14674840551336,-34.63892533333333,17.49377683333333
168.822,11.805568458556264,35.02972059958079,39.911658933471905,222.7519694862357,2026-06-25 04:19:45.350988,0.6253749999999996,0.21800000000000003,6.144155874578889,12.150395250771505,-34.63892533333333,17.49377683333333
169.025,11.803031771535316,35.02943288554598,39.90924531856136,222.76161531547135,2026-06-25 04:19:45.384312,0.6300000000000001,0.21800000000000003,6.144159816439488,12.126169158408086,-34.63892533333333,17.49377683333333
169.269,11.794750537871087,35.02855790205758,39.900411286625456,222.8217598133742,2026-06-25 04:19:45.484286,0.6240000000000001,0.21800000000000003,6.144144799697194,12.08392709139584,-34.63892533333333,17.49377683333333
169.497,11.786485124238006,35.02767379746074,39.890656320261726,222.89590334468457,2026-06-25 04:19:45.584260,0.6269999999999988,0.21800000000000003,6.144117767853584,12.04445499599095,-34.63892533333333,17.49377683333333
169.663,11.786391829461326,35.027672700531454,39.890646300570324,222.5663475530508,2026-06-25 04:19:45.584260,0.6240000000000001,0.21800000000000003,6.14412677891082,12.015716540564586,-34.63892533333333,17.49377683333333
169.832,11.778755760452256,35.026780917069814,39.88096555407777,222.98640762094922,2026-06-25 04:19:45.684234,0.6240000000000001,0.21800000000000003,6.144075715894671,11.986458715461845,-34.63892533333333,17.49377683333333
170.005,11.775385819714716,35.026331292265816,39.87650761307517,223.02586832212975,2026-06-25 04:19:45.734221,0.6240000000000001,0.21800000000000003,6.144057692198908,11.95650839745726,-34.63892533333333,17.49377683333333
170.22050000000002,11.77098817904983,35.02565274207423,39.87067682962473,223.06912561161192,2026-06-25 04:19:45.809202,0.6240000000000001,0.21800000000000003,6.144041169745061,11.91920034237062,-34.63892533333333,17.49377683333333
170.424,11.767197127942113,35.024970183355016,39.86586382521542,223.10943574123394,2026-06-25 04:19:45.884182,0.6240000000000001,0.21800000000000003,6.144024646785126,11.966201231560394,-34.63892533333333,17.49377683333333
170.60199999999998,11.764027849678499,35.024282770290384,39.86235543558476,223.13415275174066,2026-06-25 04:19:45.959162,0.6240000000000001,0.21800000000000003,6.144018638253937,12.012423196752808,-34.63892533333333,17.49377683333333
170.867,11.76124645212741,35.02359159896861,39.8597813555465,223.16148915081706,2026-06-25 04:19:46.034143,0.6240000000000001,0.21800000000000003,6.144009625298987,12.081236796617931,-34.63892533333333,17.49377683333333
171.0075,11.758885729257518,35.02289588741401,39.85818695623213,223.1820579401513,2026-06-25 04:19:46.109123,0.6240000000000001,0.21800000000000003,6.144003616556908,12.117720988244535,-34.63892533333333,17.49377683333333
171.232,11.756897849948794,35.02219667111137,39.857259827082885,223.19462034208698,2026-06-25 04:19:46.184104,0.6240000000000001,0.21800000000000003,6.144003616556908,12.176017792658573,-34.63892533333333,17.49377683333333
171.4065,11.755525295852664,35.02149323606844,39.85709317591767,222.90006859502574,2026-06-25 04:19:46.259084,0.6240000000000001,0.21800000000000003,6.143988594322091,12.20927422750184,-34.63892533333333,17.49377683333333
171.84949999999998,11.754842800835085,35.020549956193506,39.85790331674612,222.91614020579615,2026-06-25 04:19:46.359058,0.6240000000000001,0.21800000000000003,6.143982585284748,12.233008844405967,-34.63892533333333,17.49377683333333
172.162,11.755375741818932,35.01936247228444,39.85941556662344,222.93265596331,2026-06-25 04:19:46.434039,0.6240000000000001,0.21800000000000003,6.140152416061925,12.249751661070844,-34.63892533333333,17.49377683333333
172.132,11.756332147173495,35.019838642586755,39.861030249922706,222.93430606705195,2026-06-25 04:19:46.484026,0.6240000000000001,0.21800000000000003,6.143964557677067,12.248144350671016,-34.63892533333333,17.49377683333333
172.42966666666666,11.759669141824654,35.01840551532602,39.86612189357256,223.02299537432702,2026-06-25 04:19:46.584000,0.6240000000000001,0.21800000000000003,6.143967437118631,12.264092441638198,-34.63892533333333,17.49377683333333
172.808,11.76419444469329,35.01647764437249,39.87318011347834,223.21631428562773,2026-06-25 04:19:46.683974,0.6240000000000001,0.21800000000000003,6.143976576173586,12.284362411680473,-34.63892533333333,17.49377683333333
172.715,11.769371166793327,35.01744419853303,39.88242625530285,223.19685807729027,2026-06-25 04:19:46.783947,0.6240000000000001,0.21800000000000003,6.143970566967511,12.279379749441006,-34.63892533333333,17.49377683333333
173.106,11.770713307253839,35.01599065615974,39.8867814941619,223.1663317150061,2026-06-25 04:19:46.833934,0.6240000000000001,0.21800000000000003,6.14399610519169,12.232908575869473,-34.63892533333333,17.49377683333333
173.277,11.772591608289709,35.01574972739297,39.88967326460532,223.16314017738227,2026-06-25 04:19:46.858928,0.6240000000000001,0.21800000000000003,6.143993100989373,12.203383052635647,-34.63892533333333,17.49377683333333
173.47899999999998,11.774414575186285,35.01428765676762,39.89940780990213,223.1107110224904,2026-06-25 04:19:47.008889,0.6240000000000001,0.21800000000000003,6.144033659381574,12.168504949166447,-34.63892533333333,17.49377683333333
173.817,11.771910368443002,35.01355388957201,39.89962515504517,223.12332147952432,2026-06-25 04:19:47.083869,0.6240000000000001,0.21800000000000003,6.144036663594448,12.11014455821303,-34.63892533333333,17.49377683333333
173.974,11.768510290293827,35.013063755194196,39.897285142799596,223.13796975233353,2026-06-25 04:19:47.133856,0.6240000000000001,0.21800000000000003,6.144039667744059,12.08303632927905,-34.63892533333333,17.49377683333333
174.437,11.760680997810086,35.011589871978245,39.88987031942622,223.17606715821123,2026-06-25 04:19:47.208837,0.6240000000000001,0.21800000000000003,6.144044173926303,12.016085488701162,-34.63892533333333,17.49377683333333
174.241,11.750213057085771,35.01232733228386,39.878689927136335,222.91306049810038,2026-06-25 04:19:47.283817,0.6240000000000001,0.21800000000000003,6.144033659423749,12.03693507370342,-34.63892533333333,17.49377683333333
174.85333333333332,11.727770538237207,35.01044073603377,39.85240528419799,223.1204927005452,2026-06-25 04:19:47.400453,0.6240000000000001,0.21800000000000003,6.143954613654384,12.002995689794126,-34.63892533333333,17.49377683333333
175.103,11.721271684268679,35.0101123539706,39.844786138687176,223.15284020385099,2026-06-25 04:19:47.433778,0.6240000000000001,0.21800000000000003,6.143955543583205,11.995146002539226,-34.63892533333333,17.49377683333333
175.486,11.697574797817168,35.009126378200904,39.81559242520074,223.0010693013993,2026-06-25 04:19:47.533752,0.6240000000000001,0.22000000000000003,6.143910470266184,11.983104225962618,-34.63892533333333,17.49377683333333
175.6515,11.671999580289695,35.008140488427685,39.7829763169747,223.19521458372333,2026-06-25 04:19:47.633726,0.6240000000000001,0.21800000000000003,6.143850362752335,12.02289391143176,-34.63892533333333,17.49377683333333
175.82,11.672006018207878,35.00814040324471,39.783052361159115,223.20397961782407,2026-06-25 04:19:47.633726,0.6240000000000001,0.21800000000000003,6.143844354148014,12.063404860081608,-34.63892533333333,17.49377683333333
176.28166666666667,11.634196381540315,35.006663080219106,39.73414819641684,223.51139619228795,2026-06-25 04:19:47.783687,0.6286666666666672,0.21800000000000003,6.143740484252639,12.174399249557458,-34.63892533333333,17.49377683333333
176.386,11.610849504939871,35.00567997002933,39.704171289413814,223.44575067407814,2026-06-25 04:19:47.883661,0.6300000000000001,0.21800000000000003,6.139799161990212,12.199483180175466,-34.63892533333333,17.49377683333333
176.69,11.600065204220964,35.005189353213595,39.69050817658115,223.5287581060306,2026-06-25 04:19:47.933648,0.6240000000000001,0.21800000000000003,6.139774997263515,12.272571182487361,-34.63892533333333,17.49377683333333
176.7905,11.584990532405548,35.00445486068472,39.67152736705114,223.65348600356756,2026-06-25 04:19:48.008628,0.6270000000000001,0.21800000000000003,6.139731194638995,12.296733499041132,-34.63892533333333,17.49377683333333
177.0485,11.566823219905197,35.00347836025309,39.64878193218542,223.80730375325996,2026-06-25 04:19:48.108602,0.6270000000000008,0.2169999999999998,6.139676813968547,12.330171494985796,-34.63892533333333,17.49377683333333
177.504,11.554872014716787,35.002263272578745,39.63391115709313,223.91104379607847,2026-06-25 04:19:48.183583,0.6300000000000001,0.21600000000000003,6.139642066994597,12.378398415334638,-34.63892533333333,17.49377683333333
177.282,11.548001853068017,35.00274842501635,39.62537249973591,223.98338952958315,2026-06-25 04:19:48.233570,0.6240000000000001,0.21800000000000003,6.139605806154425,12.354893747239267,-34.63892533333333,17.49377683333333
177.712,11.537352720794262,35.00129667130587,39.61206937550547,223.77467736090279,2026-06-25 04:19:48.333544,0.6240000000000001,0.21800000000000003,6.139557453612684,12.400420807063638,-34.63892533333333,17.49377683333333
177.83899999999997,11.535800584814217,35.0009767518985,39.61019423214467,223.79629136903029,2026-06-25 04:19:48.366868,0.6284186046511618,0.21747286821705394,6.139546816602987,12.413867171244323,-34.63892533333333,17.49377683333333
178.062,11.530430362348781,34.99985722786802,39.603943257508284,223.90212540537476,2026-06-25 04:19:48.483504,0.6240000000000001,0.21800000000000003,6.139481891885355,12.437477716223015,-34.63892533333333,17.49377683333333
178.282,11.531773717270914,34.99890633222445,39.60731928365164,224.24354549277228,2026-06-25 04:19:48.583478,0.6240000000000001,0.21800000000000003,6.139463755095992,12.426708834270105,-34.63892533333333,17.49377683333333
178.477,11.53222732724377,34.998905462006,39.60809039731757,224.23979519868945,2026-06-25 04:19:48.583478,0.6300000000000001,0.21700000000000003,6.139466777851744,12.417163688902752,-34.63892533333333,17.49377683333333
178.578,11.536679599806318,34.99796065551576,39.6167665811735,224.2246758099414,2026-06-25 04:19:48.683452,0.6240000000000001,0.21800000000000003,6.139463755095992,12.412219793097098,-34.63892533333333,17.49377683333333
179.065,11.542751208803057,34.99702433735909,39.6296838629958,224.19506391328432,2026-06-25 04:19:48.783426,0.6270000000000001,0.21800000000000003,6.139469800734919,12.38838140441043,-34.63892533333333,17.49377683333333
179.32,11.545261728855984,34.99655867163367,39.63596436528839,224.3409238518272,2026-06-25 04:19:48.833413,0.6240000000000001,0.21800000000000003,6.139475845991593,12.375899291237737,-34.63892533333333,17.49377683333333
179.826,11.54784567773904,34.99540278221111,39.647950028051625,224.11663974877578,2026-06-25 04:19:48.958381,0.6240000000000001,0.21800000000000003,6.139524208045131,12.351130862746043,-34.63892533333333,17.49377683333333
180.006,11.544944699475927,34.994715926886904,39.64939516937918,223.77842047598787,2026-06-25 04:19:49.033361,0.6300000000000001,0.21800000000000003,6.1395514091628405,12.398165283167256,-34.63892533333333,17.49377683333333
180.43,11.534296483883285,34.993359294572144,39.64021929826119,223.48607100258047,2026-06-25 04:19:49.133335,0.6240000000000001,0.21800000000000003,6.139574075281859,12.563854941439848,-34.63892533333333,17.49377683333333
180.251,11.527417654056471,34.993809560494746,39.63251232250933,223.36240667122303,2026-06-25 04:19:49.183322,0.6300000000000001,0.21800000000000003,6.139568031129228,12.493905769669107,-34.63892533333333,17.49377683333333
180.65,11.511451724086202,34.99246468823959,39.61204474172283,223.33790663231244,2026-06-25 04:19:49.283296,0.6300000000000001,0.21800000000000003,6.139521185639743,12.64982599054355,-34.63892533333333,17.49377683333333
180.857,11.502886697160292,34.99202161515044,39.60006561216796,223.1166166849991,2026-06-25 04:19:49.333283,0.6300000000000001,0.21800000000000003,6.139472823586237,12.730716932200211,-34.63892533333333,17.49377683333333
181.054,11.486482804424762,34.99114371355225,39.57757841972931,223.2875728841709,2026-06-25 04:19:49.433257,0.628285714285715,0.21800000000000003,6.138304134563757,12.75471347103436,-34.63892533333333,17.49377683333333
181.164,11.471231196948441,34.990274162649285,39.55824253248071,223.43150548391202,2026-06-25 04:19:49.533231,0.6240000000000001,0.21800000000000003,6.1355150034082415,12.768112553632106,-34.63892533333333,17.49377683333333
181.439,11.464142557747516,34.9898436044323,39.55025625138138,223.16125342719002,2026-06-25 04:19:49.583218,0.6240000000000001,0.21800000000000003,6.135502854513232,12.801610260126477,-34.63892533333333,17.49377683333333
181.827,11.453921668856815,34.98920286857705,39.53977066951825,223.24447861753845,2026-06-25 04:19:49.658198,0.6270000000000001,0.21800000000000003,6.137388017323147,12.848872478743989,-34.63892533333333,17.49377683333333
182.191,11.443976209569165,34.98773000670727,39.5302970032303,223.320261931164,2026-06-25 04:19:49.733179,0.6300000000000001,0.21800000000000003,6.1392793209975105,12.865632074889128,-34.63892533333333,17.49377683333333
182.05133333333333,11.431207349538996,34.988567250631434,39.51866972185709,223.41972049464218,2026-06-25 04:19:49.833153,0.6240000000000001,0.21800000000000003,6.139131825198006,12.876198486587274,-34.63892533333333,17.49377683333333
182.617,11.416189933323416,34.98669621991005,39.504756225836246,223.23558068315208,2026-06-25 04:19:49.958120,0.6240000000000001,0.21800000000000003,6.1372834543363775,12.831765889752683,-34.63892533333333,17.49377683333333
183.0035,11.405340258969659,34.98588101322942,39.49429022257341,223.35946664307147,2026-06-25 04:19:50.058094,0.6240000000000001,0.21800000000000003,6.137225852589208,12.80103987905964,-34.63892533333333,17.49377683333333
183.177,11.39780868025761,34.98527586482267,39.48695733360379,223.422568088355,2026-06-25 04:19:50.133074,0.6240000000000001,0.22000000000000003,6.135293232312585,12.787246960934821,-34.63892533333333,17.49377683333333
183.43099999999998,11.390778230783944,34.9846768805988,39.480198411835715,223.478782105702,2026-06-25 04:19:50.208055,0.6240000000000001,0.21800000000000003,6.139099345852198,12.767054446792434,-34.63892533333333,17.49377683333333
183.658,11.384061588128352,34.98408275111981,39.473898970108756,223.54394517730833,2026-06-25 04:19:50.283035,0.6240000000000001,0.21800000000000003,6.13525068786563,12.749008381003765,-34.63892533333333,17.49377683333333
183.8705,11.373719647898412,34.983107483920186,39.46454737102577,223.63024070429884,2026-06-25 04:19:50.408003,0.6240000000000001,0.21800000000000003,6.13713338710929,12.772246839568126,-34.63892533333333,17.49377683333333
183.995,11.37355110486754,34.983105187734594,39.46442000586813,223.63051035184847,2026-06-25 04:19:50.408003,0.6240000000000001,0.21800000000000003,6.139046397819204,12.785861842350542,-34.63892533333333,17.49377683333333
184.328,11.364081820676487,34.98214139674389,39.45575329705239,223.71570013645353,2026-06-25 04:19:50.532970,0.6240000000000001,0.21800000000000003,6.135192942276688,12.822277873889046,-34.63892533333333,17.49377683333333
184.696,11.360760739791036,34.98138050015921,39.452551735151495,223.75404478072412,2026-06-25 04:19:50.582957,0.6240000000000001,0.21800000000000003,6.139001008514976,12.862521416249914,-34.63892533333333,17.49377683333333
184.533,11.357718384435707,34.98175987317584,39.44952273574818,223.78411040222406,2026-06-25 04:19:50.632944,0.6240000000000001,0.21800000000000003,6.1389858776798185,12.844696151562898,-34.63892533333333,17.49377683333333
184.97,11.354900773865989,34.98100323117438,39.44665098412511,223.84219317354658,2026-06-25 04:19:50.682931,0.6240000000000001,0.21800000000000003,6.138952587970442,12.892485358116431,-34.63892533333333,17.49377683333333
185.26350000000002,11.347962715881685,34.980070144561665,39.43956756072434,224.21930624675053,2026-06-25 04:19:50.807899,0.6240000000000001,0.21800000000000003,6.138937644509639,12.9236656510493,-34.63892533333333,17.49377683333333
185.684,11.335494216153185,34.97878182076649,39.427282330445486,224.29551326192671,2026-06-25 04:19:50.982853,0.6240000000000001,0.21600000000000003,6.138928375655825,12.944797030986273,-34.63892533333333,17.49377683333333
185.9,11.335149928895248,34.97878095698286,39.42691251122871,224.30290762574384,2026-06-25 04:19:50.982853,0.6270000000000001,0.21800000000000003,6.137013549173997,12.955651675615014,-34.63892533333333,17.49377683333333
186.1045,11.321643338375248,34.9778742627838,39.41325432800503,224.39366786810544,2026-06-25 04:19:51.107820,0.6270000000000001,0.21700000000000003,6.138905675350217,12.965928410923246,-34.63892533333333,17.49377683333333
186.177,11.311571690007296,34.97733471838441,39.40240194188341,224.13287455230773,2026-06-25 04:19:51.182801,0.6240000000000001,0.21800000000000003,6.135071347403411,12.969571752291689,-34.63892533333333,17.49377683333333
186.798,11.30435086389636,34.97626579716738,39.39419622858,224.5048388569937,2026-06-25 04:19:51.232788,0.6240000000000001,0.21800000000000003,6.135065266762165,12.964911660891731,-34.63892533333333,17.49377683333333
186.459,11.289931160870768,34.976977017187856,39.3769158741793,224.64422200581816,2026-06-25 04:19:51.332762,0.6240000000000001,0.21600000000000003,6.138825458125627,12.967455575520694,-34.63892533333333,17.49377683333333
186.6845,11.290147543993921,34.97626643932921,39.37707581165988,224.64290521481232,2026-06-25 04:19:51.332762,0.6240000000000001,0.21800000000000003,6.135004454578138,12.96576338452119,-34.63892533333333,17.49377683333333
187.01,11.274529356828108,34.9753840721813,39.35747138501105,224.81503872892466,2026-06-25 04:19:51.457729,0.6240000000000001,0.21700000000000003,6.134925387728367,12.963320776227011,-34.63892533333333,17.49377683333333
187.36,11.26733144537735,34.97450904158572,39.348318926019395,224.91153485960876,2026-06-25 04:19:51.532710,0.6240000000000001,0.21800000000000003,6.138701318966425,12.960694315695633,-34.63892533333333,17.49377683333333
187.286,11.263536702918227,34.97485822939084,39.34364838786581,224.94632260855698,2026-06-25 04:19:51.582697,0.6300000000000001,0.21800000000000003,6.134861515862518,12.961249624493696,-34.63892533333333,17.49377683333333
187.6615,11.259120250778725,34.97398711475069,39.33860267913381,224.99217191791485,2026-06-25 04:19:51.657677,0.6240000000000001,0.21699999999999983,6.134844785754745,12.958431807552175,-34.63892533333333,17.49377683333333
187.8665,11.254821540656728,34.97329395864806,39.334385361614835,224.86295243194456,2026-06-25 04:19:51.757651,0.6270000000000001,0.21800000000000003,6.136749565638826,12.935757498238942,-34.63892533333333,17.49377683333333
188.139,11.25240579931672,34.972775892363025,39.332486803064434,225.04692187633944,2026-06-25 04:19:51.832631,0.6240000000000001,0.21600000000000003,6.134831097047215,12.889913771364808,-34.63892533333333,17.49377683333333
188.211,11.251056113379564,34.972431337460215,39.33160212596448,225.06535738857846,2026-06-25 04:19:51.882618,0.6300000000000001,0.21600000000000003,6.134821970985497,12.877800933438431,-34.63892533333333,17.49377683333333
188.4335,11.248210487172866,34.971572533133624,39.32982701509157,225.0913960982146,2026-06-25 04:19:52.007586,0.6240000000000001,0.21600000000000003,6.134814365720141,12.841092636179415,-34.63892533333333,17.49377683333333
188.63549999999998,11.248148913963693,34.97157217099482,39.329828766948644,225.09194056836404,2026-06-25 04:19:52.007586,0.6240000000000001,0.21600000000000003,6.136728311829077,12.86558731458517,-34.63892533333333,17.49377683333333
188.929,11.245633922653056,34.97071517869205,39.32810677066888,225.1225111342724,2026-06-25 04:19:52.132553,0.6240000000000001,0.21600000000000003,6.134803718284464,12.901177354744034,-34.63892533333333,17.49377683333333
188.9695,11.244332085000575,34.97020167980277,39.32714431806797,224.97520520445087,2026-06-25 04:19:52.207534,0.6240000000000001,0.21600000000000003,6.134797633868942,12.906088416503604,-34.63892533333333,17.49377683333333
189.24,11.242869608588475,34.96951729803913,39.32611711651043,225.15853503281545,2026-06-25 04:19:52.307508,0.6240000000000001,0.21600000000000003,6.134788507111944,12.938889458626166,-34.63892533333333,17.49377683333333
189.502,11.241832701968056,34.96883282159452,39.3255154341731,225.1689152355391,2026-06-25 04:19:52.407482,0.6240000000000001,0.21600000000000003,6.1347869859626005,12.97065978408314,-34.63892533333333,17.49377683333333
189.66,11.241349477530878,34.96831914208377,39.32535878513121,225.18613662968065,2026-06-25 04:19:52.482462,0.6240000000000001,0.21600000000000003,6.134776337788824,12.98981898798467,-34.63892533333333,17.49377683333333
189.833,11.240841244686942,34.967290009780925,39.32570599503229,224.87518996967304,2026-06-25 04:19:52.632423,0.6240000000000001,0.21600000000000003,6.13477025299889,13.010797103649008,-34.63892533333333,17.49377683333333
190.225,11.240735020142736,34.96717490256459,39.32576440338258,225.11748257437313,2026-06-25 04:19:52.649085,0.6240000000000001,0.21600000000000003,6.134781043293522,13.05833133105028,-34.63892533333333,17.49377683333333
190.37349999999998,11.240528315841258,34.96694536951996,39.325782312398516,225.0373623730862,2026-06-25 04:19:52.682410,0.6240000000000001,0.21600000000000003,6.134776337778126,13.075445497036686,-34.63892533333333,17.49377683333333
190.584,11.239618628801855,34.96591213641242,39.32591316968783,224.89058737692028,2026-06-25 04:19:52.832371,0.6240000000000001,0.21600000000000003,6.13477025299889,13.05919550811762,-34.63892533333333,17.49377683333333
190.8055,11.238778549377745,34.96539310903624,39.32537299773703,224.88501422606856,2026-06-25 04:19:52.907351,0.6240000000000001,0.21700000000000003,6.1347809013224355,13.042096351131526,-34.63892533333333,17.49377683333333
191.187,11.237848488102543,34.964524982461334,39.324471677076936,224.89634416565218,2026-06-25 04:19:52.982332,0.6240000000000001,0.21600000000000003,6.134779380151697,13.012645658625,-34.63892533333333,17.49377683333333
190.946,11.237236266238758,34.96487278973156,39.32367448259698,224.89991683372068,2026-06-25 04:19:53.032319,0.6240000000000001,0.21600000000000003,6.134776337788824,13.03125015900265,-34.63892533333333,17.49377683333333
191.4435,11.236394920002718,34.964001768655464,39.32232655564986,225.08649842999912,2026-06-25 04:19:53.107299,0.6240000000000001,0.21600000000000003,6.134764168112674,13.039709315318765,-34.63892533333333,17.49377683333333
191.65300000000002,11.235333406185175,34.963301475747635,39.32048342438739,224.94351948545022,2026-06-25 04:19:53.207273,0.6240000000000001,0.2170000000000005,6.13475504064962,13.06181393940198,-34.63892533333333,17.49377683333333
191.87900000000002,11.23411709407267,34.96259775783663,39.31867779891523,224.94722873908967,2026-06-25 04:19:53.307247,0.6240000000000001,0.21600000000000003,6.1347596044078925,13.085659500465491,-34.63892533333333,17.49377683333333
192.3,11.23295268817646,34.96206770744721,39.31728958205715,224.95600689022433,2026-06-25 04:19:53.382228,0.6240000000000001,0.21600000000000003,6.134761125653518,13.130079771296193,-34.63892533333333,17.49377683333333
192.3995,11.231355019133886,34.961535288330644,39.315712162974634,224.97616743398586,2026-06-25 04:19:53.457208,0.6240000000000001,0.21600000000000003,6.134751998104876,13.1373743004914,-34.63892533333333,17.49377683333333
192.80450000000002,11.227320079194426,34.9606428053052,39.31210939330214,225.00438521666902,2026-06-25 04:19:53.582175,0.6240000000000001,0.21600000000000003,6.134748955549433,13.101466475896906,-34.63892533333333,17.49377683333333
193.028,11.22516087103785,34.96028418040837,39.31019903812248,225.0228514359078,2026-06-25 04:19:53.632162,0.6240000000000001,0.21600000000000003,6.134744391619979,13.081650676398466,-34.63892533333333,17.49377683333333
193.2055,11.21808913189497,34.95938343631653,39.303801971305845,225.07585337867565,2026-06-25 04:19:53.757130,0.6240000000000001,0.21700000000000003,6.134730699767417,13.065913296483597,-34.63892533333333,17.49377683333333
193.472,11.21237230549049,34.958839679538485,39.29836521189044,225.11021806673344,2026-06-25 04:19:53.832110,0.6240000000000001,0.21600000000000003,6.134727657072884,13.042285061287467,-34.63892533333333,17.49377683333333
193.636,11.207923880272025,34.958475722040106,39.293927887143056,225.14083049290485,2026-06-25 04:19:53.882097,0.6240000000000001,0.21600000000000003,6.134721571598223,13.052016897224895,-34.63892533333333,17.49377683333333
193.933,11.203049827719406,34.95811066157813,39.28886763552681,225.18201966460245,2026-06-25 04:19:53.932084,0.6240000000000001,0.21600000000000003,6.134709400392101,13.069641014745725,-34.63892533333333,17.49377683333333
194.024,11.197815077372907,34.95774448838178,39.28321598963325,224.89912122402123,2026-06-25 04:19:53.982071,0.6240000000000001,0.21600000000000003,6.134697228843569,13.075040996881738,-34.63892533333333,17.49377683333333
194.325,11.192294035961485,34.957377193180186,39.27704458646118,224.94340150581436,2026-06-25 04:19:54.032058,0.6240000000000001,0.21600000000000003,6.130859615117741,13.092902476254698,-34.63892533333333,17.49377683333333
194.372,11.186570060259651,34.95700876704345,39.27046444712027,225.00404783285398,2026-06-25 04:19:54.082045,0.6240000000000001,0.21800000000000003,6.1308321060322974,13.095691478017256,-34.63892533333333,17.49377683333333
194.7365,11.177810912400489,34.956453844087235,39.26012106480328,224.90840233850912,2026-06-25 04:19:54.157026,0.6240000000000001,0.21700000000000003,6.134640930910282,13.11732107679282,-34.63892533333333,17.49377683333333
195.0845,11.166237559418434,34.95571009623229,39.24623741506855,224.85673866470944,2026-06-25 04:19:54.257000,0.6240000000000001,0.21700000000000003,6.1326853723510535,13.137971557928338,-34.63892533333333,17.49377683333333
195.264,11.1578012196345,34.955149362496954,39.23620575980274,224.94092076959615,2026-06-25 04:19:54.331980,0.6240000000000001,0.21800000000000003,6.130737339185273,13.14862317104278,-34.63892533333333,17.49377683333333
195.419,11.152321182462973,34.95477396097612,39.229854359498376,224.98356780226098,2026-06-25 04:19:54.381967,0.6240000000000001,0.21600000000000003,6.134551143547876,13.157820942812911,-34.63892533333333,17.49377683333333
195.815,11.146898817549026,34.95401955058825,39.22373259390104,225.0289324235463,2026-06-25 04:19:54.431954,0.6240000000000001,0.21800000000000003,6.1307128798700585,13.181319766174017,-34.63892533333333,17.49377683333333
195.708,11.141444044163045,34.95439736116457,39.21775175980464,224.76951878915963,2026-06-25 04:19:54.481941,0.6240000000000001,0.21600000000000003,6.13067924606403,13.174970336629475,-34.63892533333333,17.49377683333333
195.998,11.132912339859471,34.95345037811796,39.20871394523373,224.83786949626662,2026-06-25 04:19:54.556921,0.6240000000000001,0.21700000000001424,6.130659370294696,13.192179070909074,-34.63892533333333,17.49377683333333
196.2105,11.120519268102644,34.95268730620093,39.19577042544473,224.91826756203417,2026-06-25 04:19:54.656895,0.6240000000000001,0.21700000000000003,6.130644080641511,13.204788919303608,-34.63892533333333,17.49377683333333
196.449,11.11043386616974,34.95211180072387,39.184973262309356,224.65914514748482,2026-06-25 04:19:54.731876,0.6240000000000001,0.21800000000000003,6.130633377588479,13.218941619737002,-34.63892533333333,17.49377683333333
196.633,11.1034851014838,34.9517263798946,39.17717277135365,224.7090827547303,2026-06-25 04:19:54.781863,0.6240000000000001,0.21600000000000003,6.130621145177502,13.229860264935093,-34.63892533333333,17.49377683333333
196.8805,11.090200413951647,34.95095147950736,39.16110859939339,224.67571546829896,2026-06-25 04:19:54.881837,0.6240000000000001,0.21700000000000003,6.130569152288405,13.244547029535784,-34.63892533333333,17.49377683333333
197.018,11.089968687860464,34.950950778716454,39.160964769872166,224.5239839347835,2026-06-25 04:19:54.881837,0.6240000000000001,0.21600000000000003,6.130563036524132,13.252706343202835,-34.63892533333333,17.49377683333333
197.245,11.075839109995812,34.949974748647676,39.14270598511534,224.67581708758883,2026-06-25 04:19:55.006804,0.6240000000000001,0.21700000000000003,6.130494213380349,13.266176628311348,-34.63892533333333,17.49377683333333
197.384,11.069282052020279,34.94938457491387,39.1341189297668,224.77577473022157,2026-06-25 04:19:55.081785,0.6240000000000001,0.21800000000000003,6.1266103184784155,13.274424952672948,-34.63892533333333,17.49377683333333
197.6445,11.06440801147757,34.948790519738395,39.128071753191705,224.81332829625046,2026-06-25 04:19:55.156765,0.6240000000000001,0.21900000000000003,6.1266010996724045,13.289883143293071,-34.63892533333333,17.49377683333333
198.0675,11.058997178010593,34.94779277385336,39.1221891374304,224.5418470499791,2026-06-25 04:19:55.281732,0.6240000000000001,0.21900000000000003,6.126584197890134,13.314984159156072,-34.63892533333333,17.49377683333333
198.154,11.0588296787502,34.947791896489534,39.12195470426964,224.54889915435837,2026-06-25 04:19:55.281732,0.6240000000000001,0.22000000000000003,6.126579588368198,13.320117109208434,-34.63892533333333,17.49377683333333
198.514,11.05601045581094,34.946986556315366,39.119412518340674,224.57790919065437,2026-06-25 04:19:55.381706,0.6240000000000001,0.21800000000000003,6.1265703689134465,13.34147967590035,-34.63892533333333,17.49377683333333
198.598,11.05484592989662,34.94658066285669,39.11841599456473,224.5849009606638,2026-06-25 04:19:55.431693,0.6240000000000001,0.22000000000000003,6.1265703689134465,13.346464274795132,-34.63892533333333,17.49377683333333
198.8525,11.052469471188038,34.945762971827286,39.11635676844539,224.61254558959703,2026-06-25 04:19:55.531667,0.6240000000000001,0.21800000000000003,6.126559612634202,13.361566422637054,-34.63892533333333,17.49377683333333
199.046,11.052527545540357,34.945761927051386,39.116400293752406,224.6160182934814,2026-06-25 04:19:55.531667,0.6240000000000001,0.22000000000000003,6.126558076004344,13.373048802233958,-34.63892533333333,17.49377683333333
199.326,11.049775650733928,34.94493691886021,39.114062954472985,224.31079041653044,2026-06-25 04:19:55.631641,0.6240000000000001,0.21800000000000003,6.126558076004344,13.389664131883226,-34.63892533333333,17.49377683333333
199.471,11.045584282627388,34.9438913045296,39.11065345056827,224.340911741698,2026-06-25 04:19:55.756609,0.6240000000000001,0.22000000000000003,6.1265519293767765,13.398268499023025,-34.63892533333333,17.49377683333333
199.6225,11.045602346206085,34.943888833949075,39.11069019389869,224.34235819715607,2026-06-25 04:19:55.756609,0.6240000000000001,0.21800000000000003,6.128465700218326,13.40725857917254,-34.63892533333333,17.49377683333333
199.935,11.041309991032326,34.94283085964162,39.10710482582068,224.39616963972364,2026-06-25 04:19:55.881576,0.6240000000000001,0.22000000000000003,6.1265273422176625,13.425802473870384,-34.63892533333333,17.49377683333333
200.159,11.039718276155607,34.94240189756263,39.105695655356925,224.41739197216972,2026-06-25 04:19:55.931563,0.6240000000000001,0.22000000000000003,6.126518121659895,13.439094737589798,-34.63892533333333,17.49377683333333
200.39,11.037482130763653,34.94175276979247,39.10367247039572,224.44387105621843,2026-06-25 04:19:56.006543,0.6240000000000001,0.21900000000000042,6.126507364093755,13.452802384550443,-34.63892533333333,17.49377683333333
200.741,11.033864426831274,34.940656814563134,39.10040787119043,224.4752193519016,2026-06-25 04:19:56.131511,0.6240000000000001,0.21800000000000003,6.126499679960346,13.473630887075062,-34.63892533333333,17.49377683333333
200.878,11.033072832359583,34.94043143115993,39.09964813846534,224.48249832992602,2026-06-25 04:19:56.156504,0.6240000000000001,0.2180000000000006,6.126498143114195,13.481760530510595,-34.63892533333333,17.49377683333333
201.192,11.030798008921064,34.93976342547401,39.09751592009536,224.49749151148276,2026-06-25 04:19:56.231485,0.6240000000000001,0.21600000000000003,6.126498143092564,13.50039343590299,-34.63892533333333,17.49377683333333
201.555,11.02755334164098,34.93840118132865,39.09424960074308,224.208996748513,2026-06-25 04:19:56.331459,0.6240000000000001,0.21600000000000003,6.126487385061354,13.521934023984004,-34.63892533333333,17.49377683333333
201.388,11.025796940174404,34.93885954643849,39.092333835872175,224.22577907644984,2026-06-25 04:19:56.381446,0.6240000000000001,0.21600000000000003,6.126478163659971,13.512024166657476,-34.63892533333333,17.49377683333333
202.01700000000002,11.021099888952852,34.93700236072264,39.08701748345754,224.0189196996206,2026-06-25 04:19:56.498082,0.6240000000000001,0.21600000000000003,6.126467917413261,13.549349317905296,-34.63892533333333,17.49377683333333
201.926,11.019776892454162,34.93731313753279,39.08548312990327,224.27646833325264,2026-06-25 04:19:56.531407,0.6240000000000001,0.21600000000000003,6.1264658681552655,13.543949335769282,-34.63892533333333,17.49377683333333
202.24,11.01487757109448,34.93604874772113,39.08015690311876,224.31915751363732,2026-06-25 04:19:56.631381,0.6240000000000001,0.21600000000000003,6.126453572304417,13.562582241161676,-34.63892533333333,17.49377683333333
202.447,11.012107013285451,34.93556522754364,39.07729723859876,224.34591308257365,2026-06-25 04:19:56.681368,0.6240000000000001,0.21600000000000003,6.126444350189115,13.574865717009528,-34.63892533333333,17.49377683333333
202.67733333333334,11.006011506452396,34.9345824582968,39.07109647422853,224.2794951138694,2026-06-25 04:19:56.781342,0.6240000000000001,0.21600000000000003,6.126441407833061,13.587275590381184,-34.63892533333333,17.49377683333333
202.991,10.999645500204565,34.93358329743054,39.0644126273366,224.12406617706642,2026-06-25 04:19:56.881315,0.6240000000000001,0.21600000000000003,6.1264166826748685,13.588217391786952,-34.63892533333333,17.49377683333333
203.279,10.996459403143435,34.93307519117733,39.06087498375705,224.1607947870831,2026-06-25 04:19:56.931302,0.6240000000000001,0.21600000000000003,6.126401311076316,13.589082127615413,-34.63892533333333,17.49377683333333
203.552,10.993321935206783,34.93178069953137,39.05725086368676,224.19468930700256,2026-06-25 04:19:56.981289,0.6240000000000001,0.21600000000000003,6.126389013407979,13.589901825119476,-34.63892533333333,17.49377683333333
203.44799999999998,10.98873767576623,34.932561773035125,39.051668922231876,224.2305259615954,2026-06-25 04:19:57.056270,0.6240000000000001,0.21800000000000003,6.1263751780928954,13.589589559403644,-34.63892533333333,17.49377683333333
204.05533333333332,10.981330317949698,34.93045044036207,39.04233631729381,224.05880663172294,2026-06-25 04:19:57.181237,0.6240000000000001,0.21600000000000003,6.126347365101626,13.59141311111598,-34.63892533333333,17.49377683333333
204.26549999999997,10.973947139664174,34.92908554128331,39.03356609715763,224.04457643745826,2026-06-25 04:19:57.306205,0.6240000000000001,0.21700000000000222,6.126330594744048,13.623248465139495,-34.63892533333333,17.49377683333333
204.4645,10.967834122208934,34.92796468698707,39.0271148756909,224.0916728870951,2026-06-25 04:19:57.406179,0.6240000000000001,0.21800000000000003,6.122489716184949,13.659843997310816,-34.63892533333333,17.49377683333333
204.982,10.963116922579362,34.92710799686079,39.02243472376624,224.1385299127255,2026-06-25 04:19:57.481159,0.6240000000000001,0.21800000000000003,6.1224742737592015,13.755010770670903,-34.63892533333333,17.49377683333333
205.1955,10.95840118975831,34.9262348125354,39.01780626050716,224.17519081209906,2026-06-25 04:19:57.556140,0.6240000000000001,0.21700000000000003,6.122465008025472,13.794272811467772,-34.63892533333333,17.49377683333333
205.64,10.953885948443244,34.925348149846265,39.01319881130628,224.2168310954975,2026-06-25 04:19:57.631120,0.6300000000000001,0.21800000000000003,6.126281394039374,13.876015093126817,-34.63892533333333,17.49377683333333
206.019,10.948690848013198,34.92372654263293,39.0073470640056,224.27644337137576,2026-06-25 04:19:57.731094,0.6240000000000001,0.21800000000000003,6.122427943188104,13.911154985226391,-34.63892533333333,17.49377683333333
205.86599999999999,10.947466526791393,34.92414072165114,39.00578270141106,224.30686063678328,2026-06-25 04:19:57.764419,0.6240000000000001,0.21800000000000003,6.12275300828712,13.896969224035796,-34.63892533333333,17.49377683333333
206.209,10.94313325798236,34.92227675332986,39.000398280864864,224.34998611589563,2026-06-25 04:19:57.881055,0.6240000000000001,0.21800000000000003,6.122390875208682,13.928771289972879,-34.63892533333333,17.49377683333333
206.4275,10.941127031002987,34.92131963522667,38.997871882413754,224.69793872194558,2026-06-25 04:19:57.956035,0.6240000000000001,0.21800000000000003,6.122380063100346,13.949030040431339,-34.63892533333333,17.49377683333333
206.64749999999998,10.93793710734832,34.91968675608237,38.99423768091063,224.39729621232777,2026-06-25 04:19:58.081003,0.6240000000000001,0.2170000000000002,6.122378518476158,13.957179995718347,-34.63892533333333,17.49377683333333
206.8815,10.935791538374021,34.91868204027169,38.99195674629186,224.57609520218318,2026-06-25 04:19:58.155983,0.6240000000000001,0.21800000000000003,6.122375429282154,13.94649166379484,-34.63892533333333,17.49377683333333
207.034,10.935158024499199,34.918353285125576,38.99128315265429,224.73870144510676,2026-06-25 04:19:58.180977,0.6240000000000001,0.21600000000000003,6.122378518519654,13.9395259773917,-34.63892533333333,17.49377683333333
207.3,10.931137582515829,34.91663943889673,38.98708523010569,224.4551057326997,2026-06-25 04:19:58.305944,0.6240000000000001,0.21800000000000003,6.122366161471785,13.927375993239336,-34.63892533333333,17.49377683333333
207.396,10.926864711046951,34.914881435144736,38.98286222990074,224.50413303230187,2026-06-25 04:19:58.430912,0.6240000000000001,0.21800000000000003,6.1223445358305755,13.92299103655277,-34.63892533333333,17.49377683333333
207.64999999999998,10.924246289931954,34.913803266887584,38.98087503401012,224.52794680453576,2026-06-25 04:19:58.505892,0.6240000000000001,0.21800000000000003,6.122338356605199,13.91138917198623,-34.63892533333333,17.49377683333333
207.8915,10.924279042331403,34.91378161015344,38.98060435210703,224.53025912344884,2026-06-25 04:19:58.505892,0.627000000000001,0.21800000000000003,6.1223383568662095,13.900358265321582,-34.63892533333333,17.49377683333333
208.032,10.92168868447214,34.91271065448146,38.978548694518395,224.55278411670687,2026-06-25 04:19:58.580872,0.6300000000000001,0.21800000000000003,6.122332177836593,13.908281189771373,-34.63892533333333,17.49377683333333
208.228,10.91798268762909,34.911227718298754,38.975885077489444,224.60332717329243,2026-06-25 04:19:58.680846,0.6240000000000001,0.21800000000000003,6.122307460804543,13.929551540712138,-34.63892533333333,17.49377683333333
208.609,10.915817136059344,34.90933406696237,38.974348790653636,224.62743275542377,2026-06-25 04:19:58.730833,0.6240000000000001,0.21800000000000003,6.122301281329002,13.970898498408218,-34.63892533333333,17.49377683333333
208.45350000000002,10.911810900559647,34.910475744388016,38.971318156926,224.64162889589673,2026-06-25 04:19:58.805814,0.6269999999999984,0.21800000000000003,6.122302826203326,13.954023296513887,-34.63892533333333,17.49377683333333
208.81900000000002,10.902388528436333,34.90740008270388,38.96298502683736,224.7038486337384,2026-06-25 04:19:58.930781,0.6270000000000012,0.21800000000000003,6.122295101668552,13.993688160130468,-34.63892533333333,17.49377683333333
208.958,10.902713074915534,34.90739687504929,38.9634261766094,224.7037021154598,2026-06-25 04:19:58.930781,0.6240000000000001,0.21800000000000003,6.122295101766447,14.00877274574662,-34.63892533333333,17.49377683333333
209.205,10.892517678166248,34.90582326671839,38.953202870399416,224.45658962958737,2026-06-25 04:19:59.030755,0.6240000000000001,0.21800000000000003,6.122276562556672,13.989036857097274,-34.63892533333333,17.49377683333333
209.507,10.886374966164883,34.905025600105326,38.94658944917313,224.515299542908,2026-06-25 04:19:59.080742,0.6240000000000001,0.21800000000000003,6.122254932488719,13.964906337372165,-34.63892533333333,17.49377683333333
209.65566666666666,10.87202620613771,34.90341068670366,38.93009636938968,224.35002141123977,2026-06-25 04:19:59.180716,0.6289523809523795,0.21800000000000003,6.1222308977526865,13.953027516403735,-34.63892533333333,17.49377683333333
209.982,10.848047735788157,34.900114357250274,38.90080859430186,224.49274255226877,2026-06-25 04:19:59.330677,0.6240000000000001,0.21800000000000003,6.122165310849071,13.936922559780266,-34.63892533333333,17.49377683333333
210.28433333333336,10.840329247475971,34.89928527676676,38.89117447724835,224.53752646902493,2026-06-25 04:19:59.380664,0.6240000000000001,0.21800000000000003,6.1221622622851255,13.97556164179164,-34.63892533333333,17.49377683333333
209.934,10.832174594013399,34.90095142200014,38.880958809268186,224.62098649502497,2026-06-25 04:19:59.430651,0.6240000000000001,0.21800000000000003,6.122118947646847,13.93078801974759,-34.63892533333333,17.49377683333333
210.452,10.817841122378942,34.897600867929945,38.86340469778392,224.7931539704882,2026-06-25 04:19:59.530625,0.6240000000000001,0.21800000000000003,6.122038573160572,13.996989930933552,-34.63892533333333,17.49377683333333
210.609,10.811340021298241,34.896752406077304,38.85575219780685,224.85232864509445,2026-06-25 04:19:59.580612,0.6240000000000001,0.21800000000000003,6.122016931361161,14.017054988957097,-34.63892533333333,17.49377683333333
210.806,10.805210861904722,34.89590010437061,38.84878381583166,224.91014611178608,2026-06-25 04:19:59.630599,0.6240000000000001,0.21800000000000003,6.12199528849478,14.042232163674539,-34.63892533333333,17.49377683333333
210.944,10.799348963082819,34.895044221399075,38.8423334402016,224.9589169985458,2026-06-25 04:19:59.680586,0.6240000000000001,0.21600000000000003,6.1219798286512175,14.05986896626848,-34.63892533333333,17.49377683333333
211.2305,10.790817509226109,34.893753903159265,38.833155440275206,225.0334543627142,2026-06-25 04:19:59.755566,0.6240000000000001,0.21800000000000003,6.120039642770293,14.096484502088517,-34.63892533333333,17.49377683333333
211.49,10.779469492733384,34.89202404250956,38.82074725189217,225.10754839824693,2026-06-25 04:19:59.855540,0.6240000000000001,0.21800000000000003,6.12002725353689,14.128754836153977,-34.63892533333333,17.49377683333333
211.741,10.770724526969769,34.89072064437528,38.81080180038606,225.20802934777217,2026-06-25 04:19:59.930521,0.6240000000000001,0.21800000000000003,6.118065168269189,14.135886116237684,-34.63892533333333,17.49377683333333
212.012,10.761474460407097,34.889412539908236,38.799993140519945,225.28240597022182,2026-06-25 04:20:00.005501,0.6240000000000001,0.21700000000000003,6.118043424959252,14.143585625810132,-34.63892533333333,17.49377683333333
212.2735,10.748226100022988,34.88766391162804,38.78445545044831,225.38383193238008,2026-06-25 04:20:00.105475,0.6240000000000001,0.21800000000000003,6.118015467526131,14.151015226375428,-34.63892533333333,17.49377683333333
212.47050000000002,10.73361379509831,34.885912100535165,38.76766401567524,225.3548617904982,2026-06-25 04:20:00.205449,0.6240000000000001,0.21800000000000003,6.117965761553101,14.156612286839533,-34.63892533333333,17.49377683333333
212.81799999999998,10.707989816747933,34.883284909384045,38.739252896525294,225.54705160536835,2026-06-25 04:20:00.355410,0.6270000000000427,0.21800000000000003,6.117912942187635,14.166485274206416,-34.63892533333333,17.49377683333333
213.0095,10.708389898331856,34.88328407026426,38.73968315185513,225.3979445220736,2026-06-25 04:20:00.355410,0.6240000000000001,0.21700000000000003,6.117902067611148,14.171926071561117,-34.63892533333333,17.49377683333333
213.65975,10.670445111442978,34.87979445877274,38.69769131933275,225.71734543512238,2026-06-25 04:20:00.555358,0.6240000000000001,0.21800000000000003,6.117794757091778,14.315819090710313,-34.63892533333333,17.49377683333333
214.153,10.647899440114651,34.87633768131622,38.67240461254213,225.90850702209383,2026-06-25 04:20:00.680325,0.6240000000000001,0.21800000000000003,6.117732689815631,14.425792436460318,-34.63892533333333,17.49377683333333
214.09,10.636398405967906,34.87762770112708,38.659618412071424,226.05385052979062,2026-06-25 04:20:00.755306,0.6270000000000001,0.21800000000000003,6.115736901588584,14.414415743048993,-34.63892533333333,17.49377683333333
214.399,10.626198160404309,34.87505475004525,38.64874482732282,226.1625730280052,2026-06-25 04:20:00.830286,0.6300000000000001,0.21800000000000003,6.1176083344233945,14.406878582306478,-34.63892533333333,17.49377683333333
214.64,10.617377683176574,34.87378194051169,38.64012803180814,226.23857996815934,2026-06-25 04:20:00.905267,0.6240000000000001,0.21800000000000003,6.115666815393396,14.388349156082594,-34.63892533333333,17.49377683333333
215.06,10.609456203537375,34.87168237035469,38.632901722226585,226.29517699122317,2026-06-25 04:20:00.980247,0.6240000000000001,0.21800000000000003,6.1175741305445825,14.356057209966279,-34.63892533333333,17.49377683333333
214.892,10.604688885447969,34.8725182290915,38.628746408966734,226.33349553186196,2026-06-25 04:20:01.030234,0.6240000000000001,0.21800000000000003,6.113725213998777,14.368973988412804,-34.63892533333333,17.49377683333333
215.264,10.60022577290322,34.870851881300126,38.62491923926474,226.37945925263375,2026-06-25 04:20:01.080221,0.6240000000000001,0.21800000000000003,6.113709597812561,14.34037255042407,-34.63892533333333,17.49377683333333
215.467,10.591764471035066,34.8692082969636,38.61775506934409,226.49019054187767,2026-06-25 04:20:01.180195,0.6240000000000001,0.21800000000000003,6.113653374985287,14.324764776467852,-34.63892533333333,17.49377683333333
215.647,10.589458762242245,34.868808543592934,38.615740370452144,226.34149575875,2026-06-25 04:20:01.205188,0.6240000000000001,0.21800000000000003,6.113653374710071,14.310925370989432,-34.63892533333333,17.49377683333333
215.8865,10.582773233311812,34.86759347135093,38.609931993815884,226.40169827610254,2026-06-25 04:20:01.280169,0.6240000000000001,0.21800000000000003,6.1136330704097475,14.304564685754032,-34.63892533333333,17.49377683333333
216.122,10.567026679647887,34.86521531751929,38.59479480371694,226.01006715695746,2026-06-25 04:20:01.430130,0.6240000000000001,0.21800000000000003,6.113622136998925,14.358320881380605,-34.63892533333333,17.49377683333333
216.41366666666667,10.56281138361121,34.8647030728697,38.589943203940635,226.04175133526823,2026-06-25 04:20:01.463454,0.6240000000000001,0.21600000000000003,6.113615628800688,14.424897910642105,-34.63892533333333,17.49377683333333
216.545,10.548385576513107,34.862910907498126,38.57342178233209,226.17687036775504,2026-06-25 04:20:01.580091,0.6240000000000001,0.21600000000000003,6.113562778758269,14.454876595818137,-34.63892533333333,17.49377683333333
216.83499999999998,10.539102379480617,34.861788498887606,38.56208007064862,226.27176501136407,2026-06-25 04:20:01.655071,0.6269999999999991,0.21600000000000003,6.113523722813375,14.521073184912428,-34.63892533333333,17.49377683333333
217.027,10.530282714513561,34.86068411070152,38.55136252294937,226.36705328740211,2026-06-25 04:20:01.730052,0.6240000000000001,0.21600000000000003,6.113481538807786,14.557700242952112,-34.63892533333333,17.49377683333333
217.3895,10.522264350997563,34.85960315564532,38.541963900116905,226.1195468571583,2026-06-25 04:20:01.805032,0.6270000000000001,0.21600000000000003,6.113453413717805,14.622811703352104,-34.63892533333333,17.49377683333333
217.702,10.51491569673687,34.858541636369374,38.53369305255495,226.19251762772265,2026-06-25 04:20:01.880013,0.6240000000000001,0.21600000000000003,6.113425287041512,14.678942272662441,-34.63892533333333,17.49377683333333
217.78,10.51039729990591,34.857847275547655,38.528820523781725,226.2416051655401,2026-06-25 04:20:01.929999,0.6300000000000001,0.21600000000000003,6.11340340942671,14.692952462762301,-34.63892533333333,17.49377683333333
218.019,10.501889964593326,34.856493025575155,38.5200311335814,226.00066640991292,2026-06-25 04:20:02.029973,0.6253333333333336,0.21600000000000003,6.1133711119095056,14.735881122170847,-34.63892533333333,17.49377683333333
218.259,10.493576918779032,34.85517417350492,38.51162646837583,226.0477974723061,2026-06-25 04:20:02.129947,0.6240000000000001,0.21600000000000003,6.113369028136161,14.778989399401182,-34.63892533333333,17.49377683333333
218.366,10.485181947761566,34.8539083040984,38.50319640118602,226.1276742599241,2026-06-25 04:20:02.229921,0.6240000000000001,0.21600000000000003,6.113337770103455,14.794988232841751,-34.63892533333333,17.49377683333333
218.63150000000002,10.4851209907279,34.85390268016255,38.503171010450586,225.80514034651554,2026-06-25 04:20:02.229921,0.6240000000000001,0.21600000000000003,6.111421851160896,14.834686272827456,-34.63892533333333,17.49377683333333
219.019,10.476272351888506,34.85267616683295,38.4945288275895,225.90619259640187,2026-06-25 04:20:02.329895,0.6240000000000001,0.21600000000000003,6.113294005154776,14.892625973371562,-34.63892533333333,17.49377683333333
219.2155,10.468762866924841,34.851787851500184,38.48749259662678,225.80050405925013,2026-06-25 04:20:02.404876,0.6240000000000001,0.21600000000000003,6.111362279570612,14.922007008615216,-34.63892533333333,17.49377683333333
219.40449999999998,10.457327735671566,34.85064231400323,38.47672274013152,225.71410853663284,2026-06-25 04:20:02.504850,0.6240000000000001,0.21600000000000003,6.1094305130112545,14.950266630299954,-34.63892533333333,17.49377683333333
219.6715,10.44135184237426,34.84928130521566,38.46033025130279,225.4949102802368,2026-06-25 04:20:02.629817,0.6240000000000001,0.21600000000000003,6.109411672688696,14.929051996697519,-34.63892533333333,17.49377683333333
219.982,10.4350485247251,34.84875596925322,38.453360589188165,225.7288617429766,2026-06-25 04:20:02.679804,0.6240000000000001,0.21600000000000003,6.109378699217751,14.898468274908426,-34.63892533333333,17.49377683333333
220.326,10.423219768069009,34.84773519937711,38.43955789105783,225.70366243186857,2026-06-25 04:20:02.779778,0.6240000000000001,0.21600000000000003,6.109314319971754,14.864584860108272,-34.63892533333333,17.49377683333333
220.5005,10.416042779179035,34.84700706538398,38.4306729009407,225.78469004165657,2026-06-25 04:20:02.854758,0.6240000000000001,0.21600000000000003,6.109276629127893,14.8473969069611,-34.63892533333333,17.49377683333333
220.61,10.410136691912715,34.846302864167484,38.42320889208103,225.85888046744338,2026-06-25 04:20:02.929739,0.6240000000000001,0.21600000000000003,6.109238935293389,14.836611343238374,-34.63892533333333,17.49377683333333
220.812,10.407002762399165,34.84584930133752,38.41916645167023,225.8804370480895,2026-06-25 04:20:02.979726,0.6240000000000001,0.21600000000000003,6.1092357939882,14.816714686873167,-34.63892533333333,17.49377683333333
221.062,10.403303671044043,34.84519266743788,38.41428979004463,225.92179272925762,2026-06-25 04:20:03.054706,0.6240000000000001,0.21600000000000003,6.109218516344373,14.803198805018646,-34.63892533333333,17.49377683333333
221.315,10.40037767778459,34.84455957521479,38.41038974603347,225.9485463906171,2026-06-25 04:20:03.129687,0.6240000000000001,0.21600000000000003,6.109210662749051,14.829378722545224,-34.63892533333333,17.49377683333333
221.40449999999998,10.398026626488242,34.843955587379085,38.407439444242925,225.8127771741682,2026-06-25 04:20:03.204667,0.6240000000000001,0.21600000000000003,6.109199667361076,14.838639997717669,-34.63892533333333,17.49377683333333
221.86533333333333,10.394175651722405,34.843006051108,38.40371549667555,225.93671790619646,2026-06-25 04:20:03.329635,0.6240000000000001,0.21600000000000003,6.1091903914808166,14.886326079378403,-34.63892533333333,17.49377683333333
222.10649999999998,10.386429925286436,34.84179820278176,38.398392319622914,225.7592669377146,2026-06-25 04:20:03.504589,0.6240000000000001,0.21600000000000003,6.1091635377535995,14.91128150800881,-34.63892533333333,17.49377683333333
222.2825,10.385768259921482,34.841787642954955,38.39784818153849,225.75886732518765,2026-06-25 04:20:03.504589,0.6240000000000001,0.21600000000000003,6.109168250342889,14.928374184201923,-34.63892533333333,17.49377683333333
222.664,10.373552685811747,34.84084845729703,38.388681393870755,225.84698224606666,2026-06-25 04:20:03.654550,0.6240000000000001,0.21800000000000003,6.109147828435641,14.959716416505836,-34.63892533333333,17.49377683333333
222.872,10.360038493295258,34.84027231941779,38.37638042437166,225.43850046688218,2026-06-25 04:20:03.754524,0.6240000000000001,0.21800000000000003,6.10722325142247,14.976804710920556,-34.63892533333333,17.49377683333333
223.2585,10.333373529370434,34.83948690977258,38.347401814499435,225.46404417714982,2026-06-25 04:20:03.904485,0.6240000000000001,0.21700000000000003,6.109095982850264,15.008557719532515,-34.63892533333333,17.49377683333333
223.4665,10.333167086291482,34.83947827358399,38.34667536675383,225.3149978341702,2026-06-25 04:20:03.904485,0.6240000000000001,0.2170000000000026,6.10908812547596,15.05947544313749,-34.63892533333333,17.49377683333333
223.721,10.309395519395041,34.83887524235839,38.318092471492804,225.35925038719077,2026-06-25 04:20:04.029452,0.6240000000000001,0.21800000000000003,6.105175550087179,15.126058173285582,-34.63892533333333,17.49377683333333
224.0525,10.29641886611985,34.83821751969121,38.30194007126494,225.50781361831264,2026-06-25 04:20:04.104433,0.6240000000000001,0.21699999999999955,6.1051045236552435,15.212785776602251,-34.63892533333333,17.49377683333333
223.894,10.285104437545852,34.83853897051513,38.28820901967184,225.9469665683669,2026-06-25 04:20:04.179413,0.6240000000000001,0.21800000000000003,6.105049275262089,15.171318732482517,-34.63892533333333,17.49377683333333
224.145,10.278874671978532,34.83801254726405,38.281002740196826,226.00596723202193,2026-06-25 04:20:04.229400,0.6240000000000001,0.21600000000000003,6.105027173503471,15.236985786577492,-34.63892533333333,17.49377683333333
224.4265,10.270014294027032,34.8376248830001,38.271691187680986,226.10869419765183,2026-06-25 04:20:04.329374,0.6240000000000001,0.21700000000000003,6.10689728052882,15.310632303421055,-34.63892533333333,17.49377683333333
224.64233333333334,10.265370228599677,34.837318593702975,38.26754933795694,226.26414914829695,2026-06-25 04:20:04.412686,0.6240000000000001,0.21742786069651748,6.10494551946147,15.35914834128885,-34.63892533333333,17.49377683333333
224.9945,10.261723394081894,34.83674336866499,38.26633317214751,226.54353084484634,2026-06-25 04:20:04.579309,0.6240000000000001,0.21700000000000003,6.104922964748377,15.402446375561091,-34.63892533333333,17.49377683333333
225.244,10.261494871313166,34.83674139309966,38.26602794049201,226.55081971465293,2026-06-25 04:20:04.579309,0.6240000000000001,0.21800000000000003,6.1049198065744035,15.433121793121694,-34.63892533333333,17.49377683333333
225.44733333333332,10.263212162150653,34.83626445160355,38.27138952191945,226.27067098945943,2026-06-25 04:20:04.729270,0.6289729729729714,0.21800000000000003,6.104925041801093,15.458121131414233,-34.63892533333333,17.49377683333333
225.88049999999998,10.266021854513674,34.83588485172304,38.27758622351301,226.20883920779025,2026-06-25 04:20:04.854237,0.6240000000000001,0.21800000000000003,6.1049229647929515,15.427642281931027,-34.63892533333333,17.49377683333333
226.2585,10.268593151640882,34.83558963939089,38.28261271040638,226.02800999301581,2026-06-25 04:20:04.954211,0.6240000000000001,0.21800000000000003,6.104932439303733,15.39884399882125,-34.63892533333333,17.49377683333333
226.684,10.27170450829643,34.835225183000524,38.288126669620134,225.84878261750978,2026-06-25 04:20:05.079179,0.6240000000000001,0.21800000000000003,6.104938755551394,15.366426883839218,-34.63892533333333,17.49377683333333
226.83350000000002,10.272224468789268,34.83515196583521,38.288811855229284,225.6810621686731,2026-06-25 04:20:05.104172,0.6240000000000001,0.21800000000000003,6.10494349264521,15.355037086683366,-34.63892533333333,17.49377683333333
227.0455,10.274358673629626,34.83485839593581,38.29196798710565,225.664210597774,2026-06-25 04:20:05.204146,0.6240000000000001,0.21800000000000003,6.104951387757001,15.338885668642964,-34.63892533333333,17.49377683333333
227.147,10.274960893042515,34.83478597702486,38.29289147753087,225.50825432192062,2026-06-25 04:20:05.229140,0.6240000000000001,0.21800000000000003,6.104945071698768,15.331152796326451,-34.63892533333333,17.49377683333333
227.356,10.276610724746037,34.834486745895056,38.29481148874057,225.48834159852663,2026-06-25 04:20:05.329113,0.6240000000000001,0.21800000000000003,6.104957703726095,15.348817378663002,-34.63892533333333,17.49377683333333
227.584,10.2772105791132,34.834333961035234,38.295413167085684,225.48434645411683,2026-06-25 04:20:05.379100,0.6240000000000001,0.21800000000000003,6.104960861677215,15.368087832121057,-34.63892533333333,17.49377683333333
227.81833333333336,10.277818818136405,34.83401886190887,38.295916924060975,225.16838082852198,2026-06-25 04:20:05.479074,0.6240000000000001,0.21800000000000003,6.1049700064494345,15.38789357595295,-34.63892533333333,17.49377683333333
228.285,10.277558994527855,34.83333750090354,38.29551337554109,224.83296648785736,2026-06-25 04:20:05.629035,0.6240000000000001,0.21800000000000003,6.104973493258858,15.427336024551307,-34.63892533333333,17.49377683333333
228.043,10.276844785012525,34.833522175733265,38.29485456495334,224.8373167402404,2026-06-25 04:20:05.679022,0.6240000000000001,0.2169999999999999,6.1049703353857305,15.4068822976353,-34.63892533333333,17.49377683333333
228.3955,10.276848061490355,34.83325765327346,38.294806087405554,224.6824957782164,2026-06-25 04:20:05.704016,0.6240000000000001,0.21700000000000003,6.104968756454738,15.436675432915846,-34.63892533333333,17.49377683333333
228.8515,10.273697573528988,34.832490225324385,38.2919615013228,224.54886349842596,2026-06-25 04:20:05.903964,0.6240000000000001,0.21600000000000003,6.104963531543664,15.475216339831956,-34.63892533333333,17.49377683333333
229.244,10.270559502347027,34.831737746663094,38.28918925312717,224.5761665872329,2026-06-25 04:20:06.078918,0.6240000000000001,0.21600000000000003,6.10495733219719,15.508390256420935,-34.63892533333333,17.49377683333333
229.45,10.268914537535206,34.831268012302516,38.28784638351261,224.60084531569933,2026-06-25 04:20:06.178892,0.6240000000000001,0.21600000000000003,6.104945071698768,15.525801280159351,-34.63892533333333,17.49377683333333
229.68,10.268123598256375,34.831019620400696,38.287274543747266,224.29027284017758,2026-06-25 04:20:06.228879,0.6300000000000001,0.21600000000000003,6.104941913636224,15.54524077268283,-34.63892533333333,17.49377683333333
230.0713333333333,10.266459045404025,34.83049401218979,38.28619234722938,224.30547628769537,2026-06-25 04:20:06.328853,0.6240000000000001,0.21600000000000003,6.104939761110742,15.578316083150309,-34.63892533333333,17.49377683333333
230.26533333333336,10.263614637600455,34.8296417310914,38.28428751993024,224.33300142279325,2026-06-25 04:20:06.478814,0.6240000000000001,0.21600000000000003,6.104930455294932,15.594712872496201,-34.63892533333333,17.49377683333333
230.515,10.261367800944667,34.82902896320887,38.28255078182197,224.3557910616893,2026-06-25 04:20:06.578788,0.6240000000000001,0.21600000000000003,6.1049229647929515,15.61581458249632,-34.63892533333333,17.49377683333333
230.656,10.26000263679203,34.82870602571431,38.28139269963668,224.36787714317688,2026-06-25 04:20:06.628775,0.6240000000000001,0.21600000000000003,6.1049198065744035,15.62773183660854,-34.63892533333333,17.49377683333333
230.88,10.258387565004389,34.82837291011476,38.27997307154961,224.06175584726248,2026-06-25 04:20:06.678762,0.6240000000000001,0.21600000000000003,6.1049166483335675,15.64666421193575,-34.63892533333333,17.49377683333333
231.13,10.256418622833932,34.82802947285357,38.27820209362792,224.08145865799904,2026-06-25 04:20:06.728749,0.6300000000000001,0.21600000000000003,6.104910331785034,15.667794095113443,-34.63892533333333,17.49377683333333
231.266,10.253970259224916,34.8276755852073,38.275957451825,224.10234906974338,2026-06-25 04:20:06.778736,0.6240000000000001,0.21600000000000003,6.1049040151473495,15.679288751562108,-34.63892533333333,17.49377683333333
231.49,10.249000525895507,34.8271235761797,38.27124645405061,224.13481836002254,2026-06-25 04:20:06.853716,0.6240000000000001,0.21800000000000003,6.104899277607792,15.69822112688932,-34.63892533333333,17.49377683333333
231.57799999999997,10.239678386578145,34.82635182078719,38.2619069038532,223.8673937580362,2026-06-25 04:20:06.953690,0.6240000000000001,0.21800000000000003,6.102975360220956,15.705658845767866,-34.63892533333333,17.49377683333333
231.818,10.230548237621836,34.82574594138073,38.25216456203671,223.914814513784,2026-06-25 04:20:07.028670,0.6240000000000001,0.21800000000000003,6.1048945400236585,15.725943533618453,-34.63892533333333,17.49377683333333
232.033,10.223469791168542,34.82532749506223,38.24416556823198,223.64305107568595,2026-06-25 04:20:07.078657,0.6240000000000001,0.21800000000000003,6.104885064699365,15.744115233151266,-34.63892533333333,17.49377683333333
232.339,10.215874399570913,34.82489812239813,38.235205839381926,223.7049036189281,2026-06-25 04:20:07.128644,0.6240000000000001,0.21800000000000003,6.104866113448948,15.769978210160764,-34.63892533333333,17.49377683333333
232.48833333333334,10.200224015824782,34.82400295364213,38.21575562517745,223.80860207787453,2026-06-25 04:20:07.228618,0.6240000000000001,0.21800000000000003,6.1048438186935865,15.782599793712238,-34.63892533333333,17.49377683333333
232.62650000000002,10.181976671311421,34.82282956755717,38.192739842908665,224.03948671037543,2026-06-25 04:20:07.353586,0.6240000000000001,0.21800000000000003,6.104720793586263,15.79427757581511,-34.63892533333333,17.49377683333333
233.077,10.167041234490961,34.82158794617244,38.17548097905363,223.87369669791852,2026-06-25 04:20:07.478553,0.6240000000000001,0.21800000000000003,6.104654436627742,15.83235362530131,-34.63892533333333,17.49377683333333
233.19400000000002,10.16730299080734,34.82158266893513,38.1760174111395,223.86824229420156,2026-06-25 04:20:07.478553,0.6240000000000001,0.21800000000000003,6.102739522578884,15.842242410628472,-34.63892533333333,17.49377683333333
233.359,10.157514737077692,34.82054602005101,38.16654434859946,223.96714792654282,2026-06-25 04:20:07.578527,0.6240000000000001,0.21800000000000003,6.100776961962119,15.856188133525748,-34.63892533333333,17.49377683333333
233.579,10.153364242595199,34.82000952248332,38.16325578733822,223.99381828672102,2026-06-25 04:20:07.628514,0.6240000000000001,0.21800000000000003,6.100773788028377,15.874782430722117,-34.63892533333333,17.49377683333333
233.83333333333334,10.146086514435797,34.81890288239135,38.15806480336795,224.04097851002516,2026-06-25 04:20:07.728488,0.6240000000000001,0.21800000000000003,6.103490027939095,15.896278565208222,-34.63892533333333,17.49377683333333
234.43533333333335,10.135718804297207,34.81697333637168,38.150270931124275,224.1471472337442,2026-06-25 04:20:07.895111,0.6240000000000001,0.21798373983739855,6.100722950426109,15.947159323900106,-34.63892533333333,17.49377683333333
234.664,10.130890882048213,34.81597442283576,38.146066135593685,223.89298694041025,2026-06-25 04:20:07.978423,0.6300000000000001,0.21600000000000003,6.100691257605825,15.966486123713299,-34.63892533333333,17.49377683333333
234.945,10.12490073484986,34.81474466397851,38.14020296787829,223.6359812242124,2026-06-25 04:20:08.078397,0.6300000000000001,0.21600000000000003,6.100665860948174,15.990236112405025,-34.63892533333333,17.49377683333333
235.24299999999997,10.115675470926897,34.813256982360805,38.13037328270114,223.64908964549076,2026-06-25 04:20:08.195033,0.6250819672131132,0.21600000000000003,6.100647384813806,16.00683439507815,-34.63892533333333,17.49377683333333
235.441,10.11308539330239,34.81283172977492,38.12764947240278,223.72237146950152,2026-06-25 04:20:08.228358,0.6300000000000001,0.21600000000000003,6.10064681230345,16.00176758898069,-34.63892533333333,17.49377683333333
235.709,10.102355936426108,34.811518522460865,38.11557031996797,223.4599525306091,2026-06-25 04:20:08.328332,0.6300000000000001,0.21600000000000003,6.10064681230345,15.994909487798266,-34.63892533333333,17.49377683333333
235.836,10.08916799336939,34.81017774691165,38.09987650164943,223.5770343232837,2026-06-25 04:20:08.428306,0.6300000000000001,0.21600000000000003,6.100602362047302,15.99165956671555,-34.63892533333333,17.49377683333333
236.011,10.08936384288517,34.81017461559637,38.100183387450066,223.58142660690012,2026-06-25 04:20:08.428306,0.6300000000000001,0.21600000000000003,6.100599187161123,15.987181329003148,-34.63892533333333,17.49377683333333
236.328,10.067369379320581,34.808120450401596,38.073111430664476,223.75493816098233,2026-06-25 04:20:08.578267,0.6300000000000001,0.21600000000000003,6.100545204545274,15.979069321261251,-34.63892533333333,17.49377683333333
236.44,10.067343891427399,34.80811782031162,38.073080040785925,223.76334978053146,2026-06-25 04:20:08.578267,0.6300000000000001,0.21600000000000003,6.100538854739462,15.960822646098748,-34.63892533333333,17.49377683333333
236.6905,10.045838537935179,34.806015848289064,38.04677776118083,223.96992588860877,2026-06-25 04:20:08.728227,0.6300000000000001,0.21600000000000003,6.098532561992615,15.918064811535167,-34.63892533333333,17.49377683333333
236.832,10.04567334501876,34.806013746424284,38.04646596309337,223.95781025127354,2026-06-25 04:20:08.728227,0.6300000000000001,0.21600000000000003,6.100465809924722,15.893912182430386,-34.63892533333333,17.49377683333333
237.09300000000002,10.029770030636481,34.804232306532256,38.02822709521406,224.44082137492742,2026-06-25 04:20:08.853195,0.6300000000000001,0.21600000000000003,6.10039434148991,15.849362103304253,-34.63892533333333,17.49377683333333
237.32,10.021230777568032,34.80315259727068,38.01891316067218,224.50957256718826,2026-06-25 04:20:08.928175,0.6300000000000001,0.21600000000000003,6.100373693029248,15.810615482761609,-34.63892533333333,17.49377683333333
237.432,10.015986033678711,34.80242901980762,38.01328054316466,224.56962924605284,2026-06-25 04:20:08.978162,0.6300000000000001,0.21600000000000003,6.096503705380517,15.791498207427791,-34.63892533333333,17.49377683333333
237.701,10.011038271457435,34.801703081015134,38.007983022214106,224.6154614645976,2026-06-25 04:20:09.028149,0.6300000000000001,0.21600000000000003,6.096487752413365,15.865107526448174,-34.63892533333333,17.49377683333333
237.8105,10.004083829167271,34.80061039069048,38.000564353409914,224.6753951337953,2026-06-25 04:20:09.103130,0.6300000000000001,0.21600000000000003,6.096467012643398,15.895071171179517,-34.63892533333333,17.49377683333333
238.256,9.997411315568934,34.79951486199824,37.99351118553173,224.75536886140355,2026-06-25 04:20:09.178110,0.6300000000000001,0.21600000000000003,6.096430317066696,16.01697805453855,-34.63892533333333,17.49377683333333
238.42399999999998,9.990801537405574,34.7984172030166,37.98659040467241,224.96576962302512,2026-06-25 04:20:09.253091,0.6300000000000001,0.21600000000000003,6.098338440490313,16.06294967385239,-34.63892533333333,17.49377683333333
238.638,9.98411596164313,34.79731897265448,37.97950753103389,225.1698763546109,2026-06-25 04:20:09.328071,0.6240000000000001,0.21600000000000003,6.096411170328392,16.12150876035932,-34.63892533333333,17.49377683333333
238.8025,9.97739370709851,34.79622143770364,37.97213524714215,225.22580235339123,2026-06-25 04:20:09.403052,0.6300000000000001,0.21600000000000003,6.096393618368326,16.166522637604125,-34.63892533333333,17.49377683333333
239.0666666666667,9.96651201941461,34.794397326890085,37.9600673098659,225.66991412545605,2026-06-25 04:20:09.528019,0.6300000000000001,0.21600000000000003,6.096337234886177,16.141874278707693,-34.63892533333333,17.49377683333333
239.657,9.958232630879873,34.792944700587306,37.95127383446731,225.7541126353061,2026-06-25 04:20:09.627993,0.6300000000000001,0.21600000000000003,6.096305848761487,16.034335024502912,-34.63892533333333,17.49377683333333
239.88366666666664,9.950551278251188,34.791503625164275,37.943711035737664,226.13591331065882,2026-06-25 04:20:09.727967,0.6300000000000001,0.21600000000000003,6.096290710837477,15.993043837117684,-34.63892533333333,17.49377683333333
240.0815,9.939697907562886,34.789366135343386,37.933060382230636,226.2459859864295,2026-06-25 04:20:09.877928,0.6300000000000001,0.21600000000000003,6.096245197831584,15.957005131657183,-34.63892533333333,17.49377683333333
240.4115,9.93612742085823,34.7886613875533,37.92940358767908,226.27878000443448,2026-06-25 04:20:09.927915,0.6240000000000001,0.21700000000000116,6.096235620561844,15.964395018813063,-34.63892533333333,17.49377683333333
240.561,9.928873360820564,34.78726316088911,37.92170230275334,226.34335805871498,2026-06-25 04:20:10.027889,0.6240000000000001,0.21800000000000003,6.096213273174354,15.968551400925294,-34.63892533333333,17.49377683333333
240.81650000000002,9.923137965943447,34.78623022396097,37.91528907215965,226.38290320701861,2026-06-25 04:20:10.102869,0.6240000000000001,0.21800000000000003,6.096206887951953,15.97565478306359,-34.63892533333333,17.49377683333333
241.035,9.917199944579355,34.78520845324903,37.90847783969226,226.44483344878816,2026-06-25 04:20:10.177850,0.6240000000000001,0.21800000000000003,6.096181346160098,15.981729495381465,-34.63892533333333,17.49377683333333
241.15,9.913143776535073,34.784535196743164,37.90374178903633,226.80148598720928,2026-06-25 04:20:10.227837,0.6300000000000001,0.21800000000000003,6.096171767615957,15.984926712390875,-34.63892533333333,17.49377683333333
241.374,9.909069187538522,34.78386823012607,37.89891599250029,226.83571930073037,2026-06-25 04:20:10.277824,0.6240000000000001,0.21800000000000003,6.096162188868789,15.991154335087462,-34.63892533333333,17.49377683333333
241.61666666666667,9.901049367733945,34.78255657828953,37.889124073283384,226.9361073710749,2026-06-25 04:20:10.377797,0.6252592592592576,0.21800000000000003,6.096112596790222,15.997900926342098,-34.63892533333333,17.49377683333333
241.914,9.893175756844956,34.78126845669531,37.87937448162107,227.0033764183653,2026-06-25 04:20:10.477771,0.6240000000000001,0.21800000000000003,6.096091938518693,15.977948574190762,-34.63892533333333,17.49377683333333
242.293,9.880705800994635,34.77941598269155,37.86503815203304,227.16479393220817,2026-06-25 04:20:10.627732,0.6240000000000001,0.21800000000000003,6.096067028807845,15.948279032306427,-34.63892533333333,17.49377683333333
242.419,9.881050626712613,34.77939678595851,37.865160393404224,227.42849467199733,2026-06-25 04:20:10.627732,0.6240000000000001,0.21800000000000003,6.096063196591512,15.93841527959554,-34.63892533333333,17.49377683333333
242.629,9.874491266912374,34.778489171247244,37.85798574169513,227.15242358254872,2026-06-25 04:20:10.702713,0.6270000000000001,0.21800000000000003,6.096052018678929,15.921975691744064,-34.63892533333333,17.49377683333333
243.04433333333336,9.858546404915764,34.77644556401714,37.84080903309731,227.59416154507227,2026-06-25 04:20:10.877667,0.6240000000000001,0.21800000000000003,6.096024954442914,15.889461840215583,-34.63892533333333,17.49377683333333
243.2745,9.847827969690027,34.77504951425952,37.82914257219439,227.72836226814357,2026-06-25 04:20:11.002635,0.6240000000000001,0.21800000000000003,6.094035921826975,15.964480883753941,-34.63892533333333,17.49377683333333
243.574,9.842095195773714,34.77371208896028,37.822829484973056,227.78368904942917,2026-06-25 04:20:11.077615,0.6300000000000001,0.21800000000000003,6.095938627115807,16.072782831275276,-34.63892533333333,17.49377683333333
243.523,9.83865194966626,34.7742395367177,37.81901903903007,227.81406403906615,2026-06-25 04:20:11.127602,0.6300000000000001,0.21800000000000003,6.095925848818034,16.05434076341688,-34.63892533333333,17.49377683333333
243.919,9.835495124983566,34.77319415406804,37.81554147952914,228.18305221549224,2026-06-25 04:20:11.177589,0.6300000000000001,0.21800000000000003,6.092062746513339,16.197537996199678,-34.63892533333333,17.49377683333333
244.0285,9.830133455643107,34.772191960487426,37.80982393815445,228.22872700765663,2026-06-25 04:20:11.277563,0.6300000000000001,0.21800000000000003,6.092048308736326,16.2186694841736,-34.63892533333333,17.49377683333333
244.405,9.825526933689298,34.77107539799581,37.8051581771643,228.28455449149348,2026-06-25 04:20:11.377537,0.6300000000000001,0.21800000000000003,6.092024244822264,16.248678455941075,-34.63892533333333,17.49377683333333
244.222,9.825177495599945,34.77121886319169,37.80499527119983,228.28734083305724,2026-06-25 04:20:11.394199,0.6300000000000001,0.21800000000000003,6.092021494385619,16.234092421854893,-34.63892533333333,17.49377683333333
244.837,9.820379672808764,34.76939972811431,37.800696869128615,228.33165687277742,2026-06-25 04:20:11.527498,0.6300000000000001,0.21800000000000003,6.092011410199589,16.283111060996983,-34.63892533333333,17.49377683333333
244.706,9.819009062863708,34.76983981462842,37.79963914492624,228.3511250569585,2026-06-25 04:20:11.577485,0.6300000000000001,0.21800000000000003,6.091998575214063,16.272669692334198,-34.63892533333333,17.49377683333333
245.19099999999997,9.815883966796477,34.76825046665925,37.79726673807323,228.3887008040127,2026-06-25 04:20:11.714949,0.6300000000000001,0.21800000000000003,6.091985663463438,16.308695912969558,-34.63892533333333,17.49377683333333
245.522,9.813606122058907,34.76735025576761,37.79546985726978,228.41197914777527,2026-06-25 04:20:11.827420,0.6300000000000001,0.21800000000000003,6.091979321953333,16.268095234193897,-34.63892533333333,17.49377683333333
245.875,9.811191597142141,34.76640963881871,37.79355803066018,228.7704162848739,2026-06-25 04:20:11.952387,0.6300000000000001,0.21800000000000003,6.0919664861513345,16.224796020877257,-34.63892533333333,17.49377683333333
246.008,9.808417899756977,34.76553308566243,37.79151685739861,228.7868801721878,2026-06-25 04:20:12.077354,0.6300000000000001,0.21800000000000003,6.091966486162676,16.20848215297042,-34.63892533333333,17.49377683333333
246.64033333333336,9.80460216845308,34.7645539720131,37.78848931188759,228.56284563660097,2026-06-25 04:20:12.227315,0.6240000000000001,0.21636015325670446,6.091951596557593,16.158698201103515,-34.63892533333333,17.49377683333333
246.788,9.801992254710271,34.76394241239793,37.78608842770133,228.52070035677775,2026-06-25 04:20:12.327289,0.6240000000000001,0.21600000000000003,6.091950440786438,16.14739541721145,-34.63892533333333,17.49377683333333
247.117,9.8007636869488,34.7636508939524,37.784777628409145,228.86853430901533,2026-06-25 04:20:12.377276,0.6240000000000001,0.21600000000000003,6.091940813288506,16.122212916756666,-34.63892533333333,17.49377683333333
247.19833333333335,9.798511524103107,34.76309538928024,37.782093553126366,228.57646697356358,2026-06-25 04:20:12.477250,0.6256000000000035,0.2165333333333345,6.0919215576801795,16.115987455651325,-34.63892533333333,17.49377683333333
247.523,9.796428791803015,34.7625666200994,37.779492971905114,228.58727358278782,2026-06-25 04:20:12.577224,0.6240000000000001,0.21600000000000003,6.091924767004945,16.091136639599696,-34.63892533333333,17.49377683333333
247.82999999999998,9.794516066020662,34.76207492505647,37.777185060698656,228.60983423514193,2026-06-25 04:20:12.677198,0.6270000000000009,0.21700000000000028,6.091916743579605,16.06763807534554,-34.63892533333333,17.49377683333333
248.0215,9.793574222724105,34.76183823637458,37.77610944040654,228.78585872088584,2026-06-25 04:20:12.727185,0.6240000000000001,0.21600000000000003,6.091911929558431,16.10329924755839,-34.63892533333333,17.49377683333333
248.189,9.791695538982955,34.76138271553777,37.77409632314408,228.96480426466343,2026-06-25 04:20:12.827159,0.6240000000000001,0.21800000000000003,6.091908720154267,16.153143384253152,-34.63892533333333,17.49377683333333
248.364,9.790757789269316,34.76116698280501,37.77317067403326,228.9715960388529,2026-06-25 04:20:12.877146,0.6240000000000001,0.21600000000000003,6.091908720154267,16.205219347964107,-34.63892533333333,17.49377683333333
248.63,9.789838255405513,34.76095781874393,37.772295634192005,228.9828975266897,2026-06-25 04:20:12.927133,0.6240000000000001,0.21800000000000003,6.0919055107160744,16.28437481280475,-34.63892533333333,17.49377683333333
248.839,9.788954072492924,34.76075502537107,37.771487721056246,228.99710137589787,2026-06-25 04:20:12.977120,0.6240000000000001,0.21600000000000003,6.091899091771632,16.3465683923224,-34.63892533333333,17.49377683333333
249.1105,9.787744738668284,34.76046307424325,37.770469655271945,229.0118645327405,2026-06-25 04:20:13.052100,0.6240000000000001,0.21800000000000003,6.091894277500912,16.419324287200787,-34.63892533333333,17.49377683333333
249.461,9.786173378349275,34.76000619090418,37.769402715356385,229.03500142817916,2026-06-25 04:20:13.177068,0.6269999999999996,0.21700000000000022,6.091884648789317,16.36267053399543,-34.63892533333333,17.49377683333333
249.574,9.786120059782965,34.760003516505456,37.769347892339184,229.03459674972277,2026-06-25 04:20:13.177068,0.6240000000000001,0.21600000000000003,6.091886253610505,16.344405557926372,-34.63892533333333,17.49377683333333
249.814,9.785298015613513,34.75966068085706,37.76895429531179,229.04534486286832,2026-06-25 04:20:13.277042,0.6240000000000001,0.21800000000000003,6.091883044013505,16.305612688399172,-34.63892533333333,17.49377683333333
250.02666666666667,9.784891561112332,34.75933907182605,37.768716277923815,229.05047125628403,2026-06-25 04:20:13.377016,0.6240000000000001,0.21607936507936504,6.091882661913222,16.27123789567923,-34.63892533333333,17.49377683333333
250.233,9.78451214458473,34.75895935432816,37.76817102005431,229.063795892067,2026-06-25 04:20:13.501983,0.6240000000000001,0.21700000000000003,6.0918750198962215,16.237886803682926,-34.63892533333333,17.49377683333333
250.619,9.784149681388527,34.758743800354935,37.767543268994544,229.0680560292194,2026-06-25 04:20:13.576964,0.6240000000000001,0.21600000000000003,6.091876624751442,16.27666875485721,-34.63892533333333,17.49377683333333
250.8585,9.783191306660227,34.75847143479466,37.766222450519614,229.07570152106985,2026-06-25 04:20:13.676938,0.6240000000000001,0.21600000000000003,6.091876624751442,16.309859163781965,-34.63892533333333,17.49377683333333
250.966,9.783260143345231,34.75846980313242,37.76627732313781,229.07646709846344,2026-06-25 04:20:13.676938,0.6240000000000001,0.21800000000000003,6.091876624751442,16.32475673772523,-34.63892533333333,17.49377683333333
251.2876666666667,9.780917031320648,34.75808366326723,37.763528198993896,228.8445630766675,2026-06-25 04:20:13.826898,0.6240000000000001,0.2164875621890539,6.091876624751442,16.369333974485695,-34.63892533333333,17.49377683333333
251.8,9.777847436055294,34.75760400143774,37.760053788740606,228.9643851304367,2026-06-25 04:20:13.976859,0.6240000000000001,0.21700000000000003,6.091863785909674,16.41326610388966,-34.63892533333333,17.49377683333333
251.72,9.77675910692652,34.75772072320084,37.75885696584097,228.97431873813557,2026-06-25 04:20:14.026846,0.6240000000000001,0.21700000000000003,6.091858971309978,16.42924762845286,-34.63892533333333,17.49377683333333
252.007,9.774585590118225,34.75737526890314,37.756564298715716,228.82678657062962,2026-06-25 04:20:14.126820,0.6240000000000001,0.21800000000000003,6.091857366420724,16.338191578772495,-34.63892533333333,17.49377683333333
252.263,9.773556324414464,34.757263734662956,37.75556683666653,228.84205363919034,2026-06-25 04:20:14.176807,0.6240000000000001,0.21600000000000003,6.0918509467956365,16.24534578925561,-34.63892533333333,17.49377683333333
252.495,9.77258153153045,34.75715353310927,37.75468553714821,229.1841825169731,2026-06-25 04:20:14.226794,0.6300000000000001,0.21800000000000003,6.091844527079788,16.161204292505932,-34.63892533333333,17.49377683333333
252.63933333333333,9.770820094764368,34.75693669509743,37.75332144773154,228.8755193809855,2026-06-25 04:20:14.326768,0.6300000000000001,0.21600000000000003,6.091837414334322,16.108857642947587,-34.63892533333333,17.49377683333333
253.02333333333334,9.76858115511513,34.75661656077687,37.75194779250219,228.89401347590882,2026-06-25 04:20:14.476729,0.6300000000000001,0.21600000000000003,6.09181629179985,15.96978523612768,-34.63892533333333,17.49377683333333
253.4126666666667,9.766458026147346,34.756299404523226,37.750783901321604,228.93229284019236,2026-06-25 04:20:14.626690,0.6260000000000009,0.2173333333333331,6.089251246958302,16.05783433250166,-34.63892533333333,17.49377683333333
253.77100000000002,9.763012472148962,34.75598135882003,37.74825319794587,228.94689154531,2026-06-25 04:20:14.776651,0.6269999999999983,0.21699999999999944,6.089897968945727,16.138872670345854,-34.63892533333333,17.49377683333333
254.042,9.763148123847062,34.75598109149831,37.74842758677808,228.94349326742196,2026-06-25 04:20:14.776651,0.6240000000000001,0.21800000000000003,6.087980327791502,16.168286201353265,-34.63892533333333,17.49377683333333
254.191,9.759607633825947,34.75576685665488,37.74520480743468,228.9776900991748,2026-06-25 04:20:14.876625,0.6300000000000001,0.21600000000000003,6.087967433181146,16.182755396497676,-34.63892533333333,17.49377683333333
254.4485,9.756108873234115,34.755603847261014,37.741656838131505,229.00721482804445,2026-06-25 04:20:14.951605,0.6270000000000001,0.21600000000000003,6.091804401773786,16.207760884750602,-34.63892533333333,17.49377683333333
254.657,9.752003593505618,34.75543890693254,37.73727197120383,229.03926900548623,2026-06-25 04:20:15.026586,0.6240000000000001,0.21600000000000003,6.09179637631773,16.228008047083556,-34.63892533333333,17.49377683333333
254.8145,9.747332900092195,34.755271132210346,37.73193774643535,228.73547955857583,2026-06-25 04:20:15.101566,0.6270000000000001,0.21700000000000003,6.087952926305803,16.243302666112044,-34.63892533333333,17.49377683333333
255.0765,9.740835808579362,34.75504303914326,37.72397742031558,228.8039221320204,2026-06-25 04:20:15.201540,0.627000000000002,0.21600000000000003,6.087923911039531,16.268745143480068,-34.63892533333333,17.49377683333333
255.219,9.73311549389446,34.75474967616834,37.71394360319695,228.87919357606202,2026-06-25 04:20:15.326508,0.6240000000000001,0.21600000000000003,6.08789328209509,16.28258313212489,-34.63892533333333,17.49377683333333
255.44400000000002,9.733219757854304,34.75474881967433,37.71408017237235,228.8791525185678,2026-06-25 04:20:15.326508,0.6269999999999993,0.21600000000000003,6.087894894132197,16.31081700711114,-34.63892533333333,17.49377683333333
255.55,9.727813891631131,34.754507197693336,37.70702119154027,228.9498036934173,2026-06-25 04:20:15.426481,0.6240000000000001,0.21600000000000003,6.08785781426976,16.324118299326884,-34.63892533333333,17.49377683333333
255.85433333333333,9.723228732495993,34.75425656074466,37.701482551094735,228.98546918647423,2026-06-25 04:20:15.526455,0.6240000000000001,0.21600000000000003,6.0878496642154,16.36230722949346,-34.63892533333333,17.49377683333333
256.229,9.71888427831365,34.753999206677356,37.696632315253446,229.02782171827172,2026-06-25 04:20:15.626429,0.6240000000000001,0.21600000000000003,6.087835242399245,16.40932185984093,-34.63892533333333,17.49377683333333
256.41466666666673,9.714448144400684,34.75373185315795,37.691806618792846,229.05630282864644,2026-06-25 04:20:15.726403,0.6240000000000001,0.21600000000000003,6.087831706603048,16.43262003519996,-34.63892533333333,17.49377683333333
256.80833333333334,9.707430185602215,34.753314849285346,37.68403040053557,229.1241582646357,2026-06-25 04:20:15.876364,0.6240000000000001,0.21600000000000003,6.087807020233146,16.410630604907542,-34.63892533333333,17.49377683333333
256.994,9.702656204550491,34.753025750899575,37.67896766366295,229.15861127274994,2026-06-25 04:20:15.976338,0.6240000000000001,0.21600000000000003,6.087799770059867,16.397042641331613,-34.63892533333333,17.49377683333333
257.301,9.700329625175069,34.7528770998446,37.676686065583354,229.1993608301505,2026-06-25 04:20:16.026325,0.6240000000000001,0.21600000000000003,6.0877771953165,16.374574931361362,-34.63892533333333,17.49377683333333
257.4456666666667,9.695893332385163,34.75257136388583,37.67273278024357,229.23295142957605,2026-06-25 04:20:16.126299,0.6240000000000001,0.21600000000000003,6.087768885572679,16.36398754142967,-34.63892533333333,17.49377683333333
257.689,9.691616966676362,34.75225704974564,37.669187379276195,229.2882914684945,2026-06-25 04:20:16.226273,0.6240000000000001,0.21600000000000003,6.087741718462211,16.346179258825668,-34.63892533333333,17.49377683333333
257.854,9.689524473243006,34.752095542033004,37.6674666491809,229.29701229074936,2026-06-25 04:20:16.276260,0.6240000000000001,0.21600000000000003,6.087744943744808,16.326890054793257,-34.63892533333333,17.49377683333333
257.949,9.687461601748518,34.75193139320004,37.66570498998898,229.30854864861888,2026-06-25 04:20:16.326247,0.6240000000000001,0.21600000000000003,6.087744943744808,16.31578414944126,-34.63892533333333,17.49377683333333
258.401,9.683481512632476,34.751478544973985,37.66205445495451,229.35954424523806,2026-06-25 04:20:16.426221,0.6240000000000001,0.21800000000000003,6.08772236628769,16.26294342081913,-34.63892533333333,17.49377683333333
258.288,9.682316426914122,34.751595109094,37.66088489106948,229.3711686481538,2026-06-25 04:20:16.459546,0.6240000000000001,0.21600000000000003,6.087716116971958,16.276153602974663,-34.63892533333333,17.49377683333333
258.664,9.677090345379307,34.75088940747483,37.65563785413514,229.43417611382128,2026-06-25 04:20:16.626169,0.6240000000000001,0.21800000000000003,6.087688133806278,16.232197598634137,-34.63892533333333,17.49377683333333
259.11,9.674207595224068,34.75033338542605,37.65279061029432,229.46833753253838,2026-06-25 04:20:16.776130,0.6240000000000001,0.21699999999999914,6.087675595139875,16.252688014214907,-34.63892533333333,17.49377683333333
259.307,9.674158778083266,34.75033204250687,37.652705496937465,229.4687729219916,2026-06-25 04:20:16.776130,0.6240000000000001,0.21600000000000003,6.087677208020663,16.263805975228884,-34.63892533333333,17.49377683333333
259.373,9.672151423896977,34.74975230542648,37.65130622950326,229.48404085647664,2026-06-25 04:20:16.926091,0.6240000000000001,0.21600000000000003,6.087673982259087,16.267530774350313,-34.63892533333333,17.49377683333333
259.6575,9.672122883439467,34.749750980122705,37.651313764107,229.48711841907362,2026-06-25 04:20:16.926091,0.6240000000000001,0.21600000000000003,6.087673982259087,16.283586916017708,-34.63892533333333,17.49377683333333
259.821,9.670627237211818,34.749351646102625,37.650535984654965,229.50793230923009,2026-06-25 04:20:17.026065,0.6240000000000001,0.21600000000000003,6.0876643048374905,16.292814259295806,-34.63892533333333,17.49377683333333
260.047,9.668691152386769,34.74894052690195,37.649322543537984,229.50582775987164,2026-06-25 04:20:17.126038,0.6240000000000001,0.21800000000000003,6.087677208020663,16.3055688744692,-34.63892533333333,17.49377683333333
260.183,9.6686685410776,34.74893924117844,37.649249730386174,229.5091868815747,2026-06-25 04:20:17.126038,0.6240000000000001,0.21800000000000003,6.087675595117064,16.31324421811336,-34.63892533333333,17.49377683333333
260.376,9.66555685029269,34.748304631122174,37.646615491299535,229.5516430205457,2026-06-25 04:20:17.275999,0.6240000000000001,0.21800000000000003,6.087654627210588,16.32413643372604,-34.63892533333333,17.49377683333333
260.5845,9.665586892030412,34.74830338668942,37.64663188768495,229.54996002885736,2026-06-25 04:20:17.275999,0.6240000000000001,0.21600000000000003,6.0876578530063785,16.33590341276875,-34.63892533333333,17.49377683333333
260.828,9.663285971234412,34.747757279347766,37.644445333146166,229.58138339517782,2026-06-25 04:20:17.400967,0.6240000000000001,0.21600000000000003,6.087643336360708,16.349645664072824,-34.63892533333333,17.49377683333333
261.082,9.661674106128928,34.747308800116514,37.64293436850538,229.59826741526638,2026-06-25 04:20:17.500941,0.6240000000000001,0.21700000000000003,6.08763849737616,16.363980497055312,-34.63892533333333,17.49377683333333
261.4506666666666,9.658616692678306,34.74650129779688,37.640041639407315,229.62410130472279,2026-06-25 04:20:17.675895,0.6240000000000001,0.21600000000000003,6.087633664784112,16.38478669820837,-34.63892533333333,17.49377683333333
261.62850000000003,9.658386032070899,34.74649767098437,37.639870231764405,229.6307899749088,2026-06-25 04:20:17.675895,0.6240000000000001,0.21600000000000003,6.085707235067931,16.394822962507792,-34.63892533333333,17.49377683333333
262.06,9.653903187830071,34.74566806331134,37.63586911288883,229.66999021389958,2026-06-25 04:20:17.850850,0.6240000000000001,0.21700000000000003,6.0876207538966876,16.419175247672918,-34.63892533333333,17.49377683333333
262.21799999999996,9.64982172181011,34.74518052827975,37.632251223403784,229.69095468256245,2026-06-25 04:20:17.950823,0.6240000000000001,0.21600000000000003,6.087622366959979,16.428092191024227,-34.63892533333333,17.49377683333333
262.452,9.642072298765067,34.74443520320264,37.62475948435018,229.59142027138245,2026-06-25 04:20:18.100784,0.6240000000000001,0.21600000000000003,6.087603009721352,16.441298297000223,-34.63892533333333,17.49377683333333
262.63599999999997,9.642022948560951,34.74443349258835,37.62461730506417,229.5935739698568,2026-06-25 04:20:18.100784,0.6240000000000001,0.21700000000000091,6.087603009630086,16.451682585459974,-34.63892533333333,17.49377683333333
262.8245,9.633886078462355,34.743674492181356,37.616052262805525,229.83837195477227,2026-06-25 04:20:18.250745,0.6240000000000001,0.21600000000000003,6.085647405863939,16.46232083749619,-34.63892533333333,17.49377683333333
263.004,9.630181862569469,34.74328908263741,37.61187971486132,229.88152370980276,2026-06-25 04:20:18.325726,0.6240000000000001,0.21800000000000003,6.08755138641391,16.472451162379485,-34.63892533333333,17.49377683333333
263.3776666666667,9.626052501974677,34.74276961055673,37.60700846048456,229.60046990799185,2026-06-25 04:20:18.425700,0.6240000000000001,0.21737552742615984,6.083685401659138,16.493539545284168,-34.63892533333333,17.49377683333333
263.636,9.622636512299747,34.742245887349185,37.60284283325061,229.63232515695964,2026-06-25 04:20:18.525674,0.6240000000000001,0.21600000000000003,6.0875223457298295,16.50811893578473,-34.63892533333333,17.49377683333333
263.8535,9.62065271555949,34.741849648910744,37.60039194300175,229.8185248063868,2026-06-25 04:20:18.600654,0.6270000000000001,0.21600000000000003,6.083667374082832,16.520393841980358,-34.63892533333333,17.49377683333333
263.952,9.618387883131923,34.741317997594194,37.597790531869556,229.68406952618798,2026-06-25 04:20:18.700628,0.6270000000000143,0.21600000000000003,6.083652791642815,16.525952822487348,-34.63892533333333,17.49377683333333
264.462,9.616760064639747,34.740648715177265,37.59617982393132,230.03064154387084,2026-06-25 04:20:18.775608,0.6240000000000001,0.21600000000000003,6.087496530236497,16.554735361152968,-34.63892533333333,17.49377683333333
264.323,9.615613860411537,34.74091704425279,37.5951562704077,229.7060910249829,2026-06-25 04:20:18.825595,0.6240000000000001,0.21600000000000003,6.083649551021643,16.546890708457827,-34.63892533333333,17.49377683333333
264.648,9.613743587113328,34.740244916236655,37.59349917481657,229.71797586661745,2026-06-25 04:20:18.900576,0.6240000000000001,0.21600000000000003,6.085574654137345,16.565232522313377,-34.63892533333333,17.49377683333333
264.882,9.6117495689133,34.73984000971704,37.59163832893036,229.73652470890937,2026-06-25 04:20:18.975556,0.6240000000000001,0.21600000000000003,6.083646310377549,16.578438628289366,-34.63892533333333,17.49377683333333
265.034,9.609719728184789,34.73943401755143,37.589586684089625,229.75809937659977,2026-06-25 04:20:19.050537,0.6240000000000001,0.21600000000000003,6.085561732260955,16.587016953538726,-34.63892533333333,17.49377683333333
265.16,9.607776007350505,34.73902739715131,37.58754138552197,229.78266586602925,2026-06-25 04:20:19.125517,0.6240000000000001,0.21600000000000003,6.083626866031641,16.594127933679648,-34.63892533333333,17.49377683333333
265.4485,9.606019802857258,34.738620292648704,37.58570776067459,229.80612773664853,2026-06-25 04:20:19.200498,0.6240000000000001,0.21600000000000003,6.083617143503392,16.610409820748337,-34.63892533333333,17.49377683333333
265.596,9.6038315328139,34.738077309377346,37.583674913213926,229.83788683201797,2026-06-25 04:20:19.300472,0.6240000000000001,0.21600000000000003,6.083600938953433,16.61873418242124,-34.63892533333333,17.49377683333333
265.812,9.60212443329168,34.73767023878955,37.58233396308837,229.84928894435754,2026-06-25 04:20:19.375452,0.6240000000000001,0.21600000000000003,6.083600938953433,16.630924434091384,-34.63892533333333,17.49377683333333
266.057,9.6001041670951,34.737263682200435,37.58077193037548,229.8662534681517,2026-06-25 04:20:19.450433,0.6240000000000001,0.21600000000000003,6.0835976979655,16.644751339920948,-34.63892533333333,17.49377683333333
266.5045,9.596810177351205,34.736722748964304,37.5777987007673,229.88267814682803,2026-06-25 04:20:19.550407,0.6240000000000001,0.21700000000000078,6.0836025594359375,16.662155983439366,-34.63892533333333,17.49377683333333
266.721,9.593888900991017,34.73631819485285,37.57471177147155,229.58488201506307,2026-06-25 04:20:19.625387,0.6240000000000001,0.21600000000000003,6.083591215920859,16.629050188377015,-34.63892533333333,17.49377683333333
266.8193333333333,9.588510556689114,34.73569231600046,37.568216489302195,229.63599320805383,2026-06-25 04:20:19.742023,0.6240000000000001,0.21600000000000003,6.083571703619802,16.614013684076184,-34.63892533333333,17.49377683333333
266.981,9.586980512314813,34.73551344208625,37.56633424437091,229.64921352550573,2026-06-25 04:20:19.775348,0.6240000000000001,0.21600000000000003,6.083568528042465,16.589292651581584,-34.63892533333333,17.49377683333333
267.18,9.581592700203357,34.73498086392748,37.559567396382896,229.70121628419412,2026-06-25 04:20:19.875322,0.6240000000000001,0.21600000000000003,6.083549080395415,16.55886284457277,-34.63892533333333,17.49377683333333
267.515,9.57860653439088,34.73471596145365,37.55592320572981,229.7274296043978,2026-06-25 04:20:19.925309,0.6240000000000001,0.21600000000000003,6.083542597662975,16.507636787547888,-34.63892533333333,17.49377683333333
267.645,9.57368359740048,34.734320667440386,37.550129043124294,229.76329373622528,2026-06-25 04:20:20.000289,0.6240000000000001,0.21699999999999967,6.083534494092655,16.53525178871141,-34.63892533333333,17.49377683333333
267.94550000000004,9.566382337674714,34.73379735901972,37.54180552356924,229.82413035770034,2026-06-25 04:20:20.100263,0.6240000000000001,0.21600000000000003,6.08351666580458,16.59908492601633,-34.63892533333333,17.49377683333333
268.26433333333335,9.556414316893715,34.73315048333342,37.530488904017076,229.9037636127262,2026-06-25 04:20:20.225231,0.6240000000000001,0.21765811965811988,6.083494445226308,16.66681248656225,-34.63892533333333,17.49377683333333
268.45233333333334,9.544692917518079,34.73238528268919,37.517194213899195,230.00059855680917,2026-06-25 04:20:20.375192,0.6240000000000001,0.2179814814814809,6.0834611955350555,16.70128203550399,-34.63892533333333,17.49377683333333
268.825,9.537546422162183,34.73163315944135,37.509538329761995,229.77482790376132,2026-06-25 04:20:20.475165,0.6240000000000001,0.21600000000000003,6.083409681433484,16.722794301440288,-34.63892533333333,17.49377683333333
268.739,9.534223619382455,34.73188211177747,37.50627024120565,229.80133950408398,2026-06-25 04:20:20.525152,0.6240000000000001,0.21600000000000003,6.0833999543419655,16.717829932378066,-34.63892533333333,17.49377683333333
269.082,9.5310137716755,34.731385845294035,37.50325889702713,230.1613276517802,2026-06-25 04:20:20.575139,0.6240000000000001,0.21600000000000003,6.083390227043991,16.737629683405306,-34.63892533333333,17.49377683333333
269.39166666666665,9.52488062757405,34.73089684564108,37.497600163271926,230.2127676318701,2026-06-25 04:20:20.675113,0.6300000000000001,0.2163333333333327,6.083375635695575,16.75550526037742,-34.63892533333333,17.49377683333333
269.723,9.517651921190287,34.73029429066142,37.49048720476793,230.28862622780306,2026-06-25 04:20:20.800081,0.6300000000000001,0.21600000000000003,6.0833448302567925,16.774631550485363,-34.63892533333333,17.49377683333333
269.921,9.513609976212381,34.72993809943729,37.486181238612545,229.9976123686461,2026-06-25 04:20:20.875061,0.6240000000000001,0.21800000000000003,6.083331858920225,16.770827442992942,-34.63892533333333,17.49377683333333
270.101,9.509815333128728,34.72958645046749,37.48209265981516,230.03386505059473,2026-06-25 04:20:20.950042,0.6270000000000001,0.21600000000000003,6.083318887205071,16.76736916345438,-34.63892533333333,17.49377683333333
270.328,9.503954549529873,34.72900987353114,37.47605852764843,230.4139201765696,2026-06-25 04:20:21.075009,0.6240000000000001,0.21800000000000003,6.083302672070667,16.763007888702965,-34.63892533333333,17.49377683333333
270.5095,9.504002793669773,34.72900894814971,37.47615185632778,230.41925753161843,2026-06-25 04:20:21.075009,0.6270000000000001,0.21600000000000003,6.083299428869391,16.759520790168246,-34.63892533333333,17.49377683333333
270.7765,9.498715963072016,34.72844346473272,37.47118180967472,230.47172900942417,2026-06-25 04:20:21.199977,0.6300000000000001,0.21700000000000003,6.0832799699026685,16.754391008852707,-34.63892533333333,17.49377683333333
271.075,9.495814586036198,34.728109345919215,37.46862071810429,230.5047585606466,2026-06-25 04:20:21.274957,0.6300000000000001,0.21600000000000003,6.083266996730381,16.748656028617923,-34.63892533333333,17.49377683333333
271.453,9.493113756893877,34.72777980952352,37.466257377378426,230.53019200447562,2026-06-25 04:20:21.349937,0.6269999999999895,0.21700000000000358,6.083260509995067,16.741782221712295,-34.63892533333333,17.49377683333333
271.799,9.48977393079139,34.72734646095488,37.46331756785489,230.56608367109587,2026-06-25 04:20:21.449911,0.6240000000000001,0.21600000000000003,6.083247536271986,16.751940730354463,-34.63892533333333,17.49377683333333
272.015,9.486079874439525,34.72681539899755,37.46018815985951,230.4379886144568,2026-06-25 04:20:21.574879,0.6270000000000001,0.21600000000000003,6.083234562181691,16.758282458292925,-34.63892533333333,17.49377683333333
272.325,9.486040745742883,34.72681453968298,37.46012962601506,230.27681732329762,2026-06-25 04:20:21.574879,0.6300000000000001,0.21800000000000003,6.083234562193167,16.767384012278683,-34.63892533333333,17.49377683333333
272.481,9.482147043619237,34.72619062999129,37.45720142421054,230.3248800872686,2026-06-25 04:20:21.724840,0.6240000000000001,0.21600000000000003,6.083211856651496,16.77196414912313,-34.63892533333333,17.49377683333333
272.57,9.481499634401915,34.72608989913797,37.4567768140473,230.32736447472095,2026-06-25 04:20:21.749833,0.6240000000000001,0.21600000000000003,6.083213478487377,16.771791842930682,-34.63892533333333,17.49377683333333
272.828,9.480889334605992,34.725985954195764,37.456342617984575,230.33511402538252,2026-06-25 04:20:21.774827,0.6240000000000001,0.21600000000000003,6.083211856651496,16.771292348575056,-34.63892533333333,17.49377683333333
273.0925,9.475825622632726,34.72528347458365,37.45244004488372,230.5420293287876,2026-06-25 04:20:21.949781,0.6240000000000001,0.21600000000000003,6.08320050343307,16.770780270059305,-34.63892533333333,17.49377683333333
273.411,9.4751545181705,34.725085585166845,37.4520018084822,230.3899039720487,2026-06-25 04:20:21.974775,0.6240000000000001,0.21600000000000003,6.083195637718843,16.770163646213305,-34.63892533333333,17.49377683333333
273.2675,9.474169269221878,34.7251827498126,37.4509420493096,230.55235705558374,2026-06-25 04:20:21.999768,0.6240000000000001,0.21600000000000003,6.083200503456025,16.770441465748316,-34.63892533333333,17.49377683333333
273.573,9.467749515439447,34.724402301305204,37.44424979622736,230.44475771986563,2026-06-25 04:20:22.174722,0.6240000000000001,0.21600000000000003,6.083182662159536,16.769850010222562,-34.63892533333333,17.49377683333333
273.85200000000003,9.466504185844052,34.72427516709657,37.44274437315253,230.45570751506386,2026-06-25 04:20:22.208047,0.6240000000000001,0.21600000000000003,6.083181268866788,16.805898993875203,-34.63892533333333,17.49377683333333
274.099,9.46066083496098,34.723642055027966,37.43584824082526,230.522281314507,2026-06-25 04:20:22.374670,0.6240000000000001,0.21600000000000003,6.083151843731246,16.83781332707305,-34.63892533333333,17.49377683333333
274.221,9.460576590067705,34.72364154450333,37.435741264343214,230.5221184383978,2026-06-25 04:20:22.374670,0.6240000000000001,0.21600000000000003,6.083153465808159,16.853576681931912,-34.63892533333333,17.49377683333333
274.419,9.457315150034367,34.723174693703925,37.431962593777726,230.55429019510086,2026-06-25 04:20:22.499638,0.6240000000000001,0.21600000000000003,6.08314211114349,16.879159831620875,-34.63892533333333,17.49377683333333
274.803,9.455999181955123,34.7228971121239,37.43050376277086,230.58940016010337,2026-06-25 04:20:22.574618,0.6240000000000001,0.21600000000000003,6.083121023236728,16.928775637078267,-34.63892533333333,17.49377683333333
275.0285,9.455213198395837,34.722621530539016,37.42980955525415,230.6016707954242,2026-06-25 04:20:22.649599,0.6240000000000001,0.21600000000000003,6.081191550812276,16.949500735096315,-34.63892533333333,17.49377683333333
275.2835,9.454641345008893,34.72207536841478,37.42995034955098,230.77468565081912,2026-06-25 04:20:22.799560,0.6269999999999974,0.21600000000000003,6.0831145344354445,16.922029771445867,-34.63892533333333,17.49377683333333
275.4295,9.454702104046994,34.72207481709678,37.43001717712077,230.76848222866857,2026-06-25 04:20:22.799560,0.6270000000000001,0.21600000000000003,6.083121023225248,16.90630129814012,-34.63892533333333,17.49377683333333
275.713,9.454630317705329,34.72162302525293,37.43061944352941,230.61133336870898,2026-06-25 04:20:22.924527,0.6300000000000001,0.21600000000000003,6.083117778853307,16.875760050316977,-34.63892533333333,17.49377683333333
275.822,9.454450531845936,34.7212636724066,37.43062250618991,230.61760909585442,2026-06-25 04:20:23.024501,0.6300000000000001,0.21600000000000003,6.079265309150733,16.864017559972275,-34.63892533333333,17.49377683333333
276.2425,9.45367536498505,34.72072670980933,37.42957866135125,230.6211189442084,2026-06-25 04:20:23.174462,0.6270000000000001,0.21600000000000003,6.081194788373962,16.81871740226634,-34.63892533333333,17.49377683333333
276.4325,9.453297112434107,34.720548111286064,37.42903486524578,230.62711477878645,2026-06-25 04:20:23.224449,0.6300000000000001,0.21600000000000003,6.0792685671661,16.876177057849453,-34.63892533333333,17.49377683333333
276.718,9.45240238138358,34.72019123183775,37.42781668791203,230.64253166360464,2026-06-25 04:20:23.324423,0.6240000000000001,0.21600000000000003,6.07926205110078,16.968680771862836,-34.63892533333333,17.49377683333333
276.89733333333334,9.45123397646258,34.71983457398488,37.42656226363049,230.6508214092612,2026-06-25 04:20:23.424397,0.6300000000000001,0.21600000000000003,6.07926205110078,17.02678584849937,-34.63892533333333,17.49377683333333
277.142,9.449925986664962,34.71947780356955,37.42535803925156,230.65678781876846,2026-06-25 04:20:23.524371,0.6240000000000001,0.21600000000000003,6.083114534446925,17.106059317367805,-34.63892533333333,17.49377683333333
277.338,9.44862504601544,34.71912061581341,37.42427165292415,230.34785003421365,2026-06-25 04:20:23.624345,0.6240000000000001,0.21600000000000003,6.0792555349317015,17.090427768553706,-34.63892533333333,17.49377683333333
277.464,9.448656508227756,34.719120535718346,37.42430394093936,230.51358642206753,2026-06-25 04:20:23.624345,0.6270000000000001,0.21600000000000003,6.081180174809779,17.080378915744642,-34.63892533333333,17.49377683333333
277.672,9.447574858299111,34.71876278983248,37.42343549126044,230.693749077268,2026-06-25 04:20:23.724319,0.6300000000000001,0.21600000000000003,6.0792490186703905,17.06379033332968,-34.63892533333333,17.49377683333333
277.766,9.44707899561423,34.718493854849186,37.42301904529705,230.69948148956067,2026-06-25 04:20:23.799299,0.6240000000000001,0.21600000000000003,6.079247389587769,17.056293570122918,-34.63892533333333,17.49377683333333
278.049,9.446741296105415,34.71813447228761,37.42266864375118,230.71948017139755,2026-06-25 04:20:23.899273,0.6240000000000001,0.21600000000000003,6.079234356742326,17.033723527702566,-34.63892533333333,17.49377683333333
278.19,9.44661831056197,34.7178642789542,37.422489852340625,230.71640373626272,2026-06-25 04:20:23.974253,0.6240000000000001,0.21600000000000003,6.079239244105485,17.022478382892423,-34.63892533333333,17.49377683333333
278.447,9.446531606955366,34.717683778800264,37.42236067391569,230.7160654112705,2026-06-25 04:20:24.024240,0.6240000000000001,0.21600000000000003,6.079242502316847,17.001981913273937,-34.63892533333333,17.49377683333333
278.64300000000003,9.446178829924072,34.71732177021322,37.4219049216863,230.72041674690246,2026-06-25 04:20:24.124214,0.6240000000000001,0.21600000000000003,6.079242502305317,16.951523955758706,-34.63892533333333,17.49377683333333
278.7715,9.44594166401489,34.71714040473947,37.42160003144521,230.71765591203396,2026-06-25 04:20:24.174201,0.6240000000000001,0.21600000000000003,6.079247389564711,16.91844310095919,-34.63892533333333,17.49377683333333
279.029,9.445123368827666,34.71659474814868,37.42056859573883,230.73453744623077,2026-06-25 04:20:24.324162,0.6240000000000001,0.21600000000000003,6.079239244105485,16.852152672080777,-34.63892533333333,17.49377683333333
279.27066666666667,9.444997736121001,34.71647292968179,37.42048762988384,230.73797004347503,2026-06-25 04:20:24.357487,0.6240000000000001,0.21600000000000003,6.079239144595056,16.789938353715915,-34.63892533333333,17.49377683333333
279.462,9.444568687928447,34.71604660274075,37.42021858915868,230.75005585482046,2026-06-25 04:20:24.474123,0.6240000000000001,0.21600000000000003,6.0792327276135865,16.80615342234585,-34.63892533333333,17.49377683333333
279.597,9.444455567961363,34.71586343800453,37.42026772332967,230.75229847637266,2026-06-25 04:20:24.524110,0.6240000000000001,0.21600000000000003,6.0792327276135865,16.832355577173644,-34.63892533333333,17.49377683333333
279.76250000000005,9.444278347193865,34.71558832268455,37.42034856697986,230.75902531318494,2026-06-25 04:20:24.599091,0.6240000000000001,0.21600000000000003,6.079229469333047,16.864477478092176,-34.63892533333333,17.49377683333333
280.0115,9.443899154907625,34.71522101895236,37.420282479851124,230.75665282796115,2026-06-25 04:20:24.699064,0.6240000000000001,0.21600000000000003,6.079235985871065,16.91280589699677,-34.63892533333333,17.49377683333333
280.3953333333334,9.442818724179112,34.714761397383434,37.41957035551373,230.44762339703905,2026-06-25 04:20:24.824032,0.6240000000000001,0.21600000000000003,6.079227036463439,16.98730412238988,-34.63892533333333,17.49377683333333
280.6413333333333,9.440127483364746,34.71420987816726,37.41738317959208,230.79173545886013,2026-06-25 04:20:24.973993,0.6240000000000001,0.21600000000000003,6.079228968036058,17.030964061559825,-34.63892533333333,17.49377683333333
280.886,9.437355231040637,34.71384262642617,37.41498819537247,230.81568059397034,2026-06-25 04:20:25.073967,0.6240000000000001,0.21600000000000003,6.079222952702788,16.97133435698248,-34.63892533333333,17.49377683333333
281.029,9.435625836466606,34.713659295030475,37.4134284193778,230.4930724572536,2026-06-25 04:20:25.123954,0.6240000000000001,0.21600000000000003,6.079226211029448,16.936482663162767,-34.63892533333333,17.49377683333333
281.24933333333337,9.431668670445916,34.71329352358742,37.40955512578433,230.58544042505048,2026-06-25 04:20:25.223928,0.6240000000000001,0.21600000000000003,6.079214758378478,16.882783433291348,-34.63892533333333,17.49377683333333
281.67,9.427354758480135,34.712928878889045,37.404984819775024,230.57590374525668,2026-06-25 04:20:25.323902,0.6240000000000001,0.21600000000000003,6.079196885259318,16.78025933632052,-34.63892533333333,17.49377683333333
281.8933333333334,9.422498091938115,34.7125662609393,37.39966849433109,230.62689869171365,2026-06-25 04:20:25.423876,0.6240000000000001,0.21600000000000003,6.079176126783783,16.835256030987725,-34.63892533333333,17.49377683333333
282.19500000000005,9.41523566247091,34.71211570685169,37.3920303543649,230.688267707642,2026-06-25 04:20:25.548843,0.6240000000000001,0.21600000000000003,6.0791577813150495,16.9095426110979,-34.63892533333333,17.49377683333333
282.48,9.407568838616069,34.711758250877374,37.384211986426465,230.73608265691345,2026-06-25 04:20:25.648817,0.6240000000000001,0.21600000000000003,6.079152893075514,16.979724960262754,-34.63892533333333,17.49377683333333
282.666,9.400501889320564,34.711491995113185,37.37702067467483,230.79084080205484,2026-06-25 04:20:25.723797,0.6240000000000001,0.21600000000000003,6.079138228114712,17.025528177612447,-34.63892533333333,17.49377683333333
282.832,9.395015513142429,34.71131556155073,37.37140154413599,230.83171257493166,2026-06-25 04:20:25.773784,0.6240000000000001,0.21600000000000003,6.079128451197379,17.066406317827767,-34.63892533333333,17.49377683333333
282.969,9.385607005766747,34.71105264667806,37.361553448375496,230.74609704261036,2026-06-25 04:20:25.848765,0.6240000000000001,0.21600000000000003,6.0791023782990194,17.096991364728357,-34.63892533333333,17.49377683333333
283.24699999999996,9.371404888095704,34.71070518921931,37.34595240033667,230.68440499464833,2026-06-25 04:20:25.948739,0.6240000000000001,0.21800000000000003,6.079077933791075,17.07783180203325,-34.63892533333333,17.49377683333333
283.391,9.360046565363458,34.71044705983471,37.33273577825617,230.76045225988054,2026-06-25 04:20:26.023719,0.6240000000000001,0.21600000000000003,6.079063266442631,17.06790742423434,-34.63892533333333,17.49377683333333
283.6585,9.348912380443526,34.71019154358771,37.31914467225548,230.88490389974675,2026-06-25 04:20:26.098700,0.6240000000000001,0.21800000000000003,6.0790062220703,17.049471514087067,-34.63892533333333,17.49377683333333
284.08050000000003,9.333149039517398,34.70977138938399,37.29941630464559,231.3946362367109,2026-06-25 04:20:26.223667,0.6240000000000001,0.21699999999999933,6.078923085703607,17.02038757359305,-34.63892533333333,17.49377683333333
284.326,9.332745541692193,34.70977081418265,37.29888092426524,231.38435154209648,2026-06-25 04:20:26.223667,0.6240000000000001,0.21800000000000003,6.07893612962423,17.00346788783172,-34.63892533333333,17.49377683333333
284.5825,9.321586102486197,34.70911290801792,37.28518993622757,231.53771535855398,2026-06-25 04:20:26.348634,0.6240000000000001,0.21800000000000003,6.078854613152847,16.995210965749777,-34.63892533333333,17.49377683333333
284.538,9.317036449157166,34.70935755066928,37.28004818542167,231.57862971482484,2026-06-25 04:20:26.423615,0.6240000000000001,0.21800000000000003,6.078838308182494,16.996643453206488,-34.63892533333333,17.49377683333333
284.833,9.314847300030573,34.70895141261615,37.27784754480212,231.9430933388419,2026-06-25 04:20:26.473602,0.6240000000000001,0.21800000000000003,6.078822002588732,16.987147188044013,-34.63892533333333,17.49377683333333
285.073,9.312530868327023,34.708711579016466,37.2759450762516,231.79408175562585,2026-06-25 04:20:26.548582,0.6240000000000001,0.21800000000000003,6.07882037199472,16.97942141299658,-34.63892533333333,17.49377683333333
285.178,9.31063534214266,34.7083958008662,37.27503673493045,231.97642908869966,2026-06-25 04:20:26.648556,0.6240000000000001,0.21800000000000003,6.078815480178048,16.976041386413325,-34.63892533333333,17.49377683333333
285.484,9.309823810925947,34.70816193333403,37.27511461143443,231.9990190359408,2026-06-25 04:20:26.723537,0.6240000000000001,0.21600000000000003,6.078802435114223,16.966191023227847,-34.63892533333333,17.49377683333333
285.6235,9.309308912206617,34.707930962226285,37.275534875983496,232.01090119115295,2026-06-25 04:20:26.798517,0.6240000000000001,0.21700000000000003,6.078795912437987,17.000924437249857,-34.63892533333333,17.49377683333333
285.814,9.308883418374853,34.707702239482664,37.27603027585442,232.00793457014845,2026-06-25 04:20:26.873498,0.6240000000000001,0.21800000000000003,6.078802435114223,17.048356088656273,-34.63892533333333,17.49377683333333
286.054,9.30850967736323,34.707476214659096,37.2764707549655,232.01267632498093,2026-06-25 04:20:26.948478,0.6270000000000001,0.21600000000000003,6.078802435102677,17.108112499876928,-34.63892533333333,17.49377683333333
286.303,9.308179729571393,34.70725223949361,37.27681699599314,232.02474658051813,2026-06-25 04:20:27.023459,0.6300000000000001,0.21600000000000003,6.078795912437987,17.170109776518377,-34.63892533333333,17.49377683333333
286.366,9.307997357744581,34.70710421845185,37.27698933642704,232.03028416669883,2026-06-25 04:20:27.073446,0.6300000000000001,0.21600000000000003,6.07879265106523,17.185795834463796,-34.63892533333333,17.49377683333333
286.60999999999996,9.30774033049394,34.70681112743702,37.27726459119105,232.01346578930415,2026-06-25 04:20:27.173419,0.6300000000000001,0.21600000000000003,6.078500548549926,17.245472108214464,-34.63892533333333,17.49377683333333
286.762,9.307585468956793,34.706520706059564,37.277559157029664,231.71365071509683,2026-06-25 04:20:27.273393,0.6240000000000001,0.21600000000000003,6.078786128250438,17.228796567364668,-34.63892533333333,17.49377683333333
287.04766666666666,9.30752615921883,34.706185947908125,37.278138721288705,231.7136985577877,2026-06-25 04:20:27.390030,0.629392156862745,0.21600000000000003,6.078399233908889,17.197456789934247,-34.63892533333333,17.49377683333333
287.205,9.307526508654881,34.706090356726264,37.27830747273456,231.71547585614167,2026-06-25 04:20:27.423354,0.6300000000000001,0.21600000000000003,6.07878938966938,17.180196142387974,-34.63892533333333,17.49377683333333
287.669,9.307193994595421,34.70561699982091,37.27946971259771,231.71820407140353,2026-06-25 04:20:27.589978,0.6255857142857154,0.21600000000000003,6.075959952840747,17.12929185979387,-34.63892533333333,17.49377683333333
287.802,9.307100555974504,34.70552251529782,37.27972053584455,231.7172502411338,2026-06-25 04:20:27.623302,0.6300000000000001,0.21600000000000003,6.078795912437987,17.1147007615503,-34.63892533333333,17.49377683333333
288.0085,9.306660281982074,34.70516886045051,37.2803295654701,231.73706903328247,2026-06-25 04:20:27.748270,0.6240000000000001,0.21600000000000003,6.0768572457105945,17.12134905327721,-34.63892533333333,17.49377683333333
288.242,9.306295519466762,34.704885419780666,37.280511547724075,231.7399148343894,2026-06-25 04:20:27.848244,0.6240000000000001,0.21600000000000003,6.0749332621511964,17.128866613171805,-34.63892533333333,17.49377683333333
288.667,9.305868185840579,34.70452922816224,37.28040422287756,231.74517947217151,2026-06-25 04:20:27.973211,0.6300000000000001,0.21600000000000003,6.078786128250438,17.142549538033485,-34.63892533333333,17.49377683333333
288.84833333333336,9.305787480353539,34.70443316403894,37.2803116811511,231.75381948834604,2026-06-25 04:20:28.006536,0.6240000000000001,0.21600000000000003,6.074929450084484,17.148387585974472,-34.63892533333333,17.49377683333333
289.0815,9.305524749207962,34.704023715203576,37.279994066612275,231.75199427724226,2026-06-25 04:20:28.148165,0.6240000000000001,0.21600000000000003,6.076860513970027,17.157627105800255,-34.63892533333333,17.49377683333333
289.281,9.305563841412312,34.703803824693665,37.279932354697216,231.43095024487022,2026-06-25 04:20:28.223146,0.6240000000000001,0.21600000000000003,6.074928349512765,17.166331694950635,-34.63892533333333,17.49377683333333
289.447,9.305769832079825,34.70358104220017,37.28010458389155,231.76266225631542,2026-06-25 04:20:28.298126,0.6240000000000001,0.21600000000000003,6.074928349512765,17.173574611236162,-34.63892533333333,17.49377683333333
289.6065,9.30623806233111,34.703279475605825,37.28072998749289,231.76238901013275,2026-06-25 04:20:28.398100,0.6240000000000001,0.21600000000000003,6.07492834950117,17.18053391935388,-34.63892533333333,17.49377683333333
289.87649999999996,9.306879029983152,34.702971679210606,37.281732739718464,231.42797280058895,2026-06-25 04:20:28.498074,0.6240000000000001,0.21600000000000003,6.074931624612783,17.192314566324317,-34.63892533333333,17.49377683333333
290.083,9.30740098145976,34.70273643916458,37.282567868197646,231.4278159181418,2026-06-25 04:20:28.573055,0.6240000000000001,0.21600000000000003,6.074931624612783,17.201324579655413,-34.63892533333333,17.49377683333333
290.231,9.307722977711112,34.70257704352757,37.28309810529401,231.76237668196384,2026-06-25 04:20:28.623042,0.6240000000000001,0.21600000000000003,6.074928349512765,17.207782119476242,-34.63892533333333,17.49377683333333
290.4583333333333,9.308227745711951,34.70225118132323,37.283975895191304,231.5261995016,2026-06-25 04:20:28.723016,0.6240000000000001,0.21600000000000003,6.074938313493517,17.217701133345177,-34.63892533333333,17.49377683333333
290.86833333333334,9.308730519805048,34.70174602406149,37.28482792397555,231.42042659976417,2026-06-25 04:20:28.872976,0.6240000000000001,0.21600000000000003,6.074940662979594,17.235590263929915,-34.63892533333333,17.49377683333333
291.104,9.308903826422831,34.70139736474226,37.28515651780555,231.42534031509308,2026-06-25 04:20:28.972950,0.6240000000000001,0.21600000000000003,6.074938174743248,17.245872878013984,-34.63892533333333,17.49377683333333
291.2715,9.308835851888619,34.70112755076324,37.28528550347105,231.26275966869756,2026-06-25 04:20:29.047931,0.6240000000000001,0.21600000000000003,6.074938174743248,17.253181242338236,-34.63892533333333,17.49377683333333
291.425,9.308482684248556,34.700851857480224,37.28523909622397,231.10520170850378,2026-06-25 04:20:29.122911,0.6240000000000001,0.21600000000000003,6.074934899689611,17.25987875830106,-34.63892533333333,17.49377683333333
291.64300000000003,9.307475190891573,34.7005684783512,37.28468792521714,231.11671341618242,2026-06-25 04:20:29.197892,0.6240000000000001,0.21600000000000003,6.074931624612783,17.26939053992904,-34.63892533333333,17.49377683333333
292.057,9.302184253108907,34.6999806071472,37.2802048602466,230.97463497387037,2026-06-25 04:20:29.347853,0.6240000000000001,0.21600000000000003,6.074939812258472,17.28745419861704,-34.63892533333333,17.49377683333333
292.279,9.302688717897048,34.69997717378894,37.28085529056746,231.13548448430595,2026-06-25 04:20:29.347853,0.6240000000000001,0.21600000000000003,6.074943087277324,17.29714050834829,-34.63892533333333,17.49377683333333
292.376,9.295393859524497,34.69946765696994,37.27347714578208,230.8501655522309,2026-06-25 04:20:29.472820,0.6240000000000001,0.21600000000000003,6.074938174743248,17.30137281485248,-34.63892533333333,17.49377683333333
292.794,9.287725553794363,34.698892335412324,37.26458026789283,230.92393498629545,2026-06-25 04:20:29.572794,0.6240000000000001,0.21600000000000003,6.074911973664819,17.31961100164375,-34.63892533333333,17.49377683333333
292.60099999999994,9.284824860247399,34.699040806881825,37.26097635439286,230.9432684032102,2026-06-25 04:20:29.606119,0.6240000000000001,0.21600000000000003,6.074905940219664,17.311190020661176,-34.63892533333333,17.49377683333333
293.131,9.274910587145898,34.698372563725165,37.24884449308718,230.7120845379306,2026-06-25 04:20:29.722755,0.6240000000000001,0.21600000000000003,6.07486939374667,17.334314994343885,-34.63892533333333,17.49377683333333
293.21299999999997,9.268556989203685,34.698025028732474,37.241260107852085,230.77348400643703,2026-06-25 04:20:29.797735,0.6240000000000001,0.21600000000000003,6.074844826553725,17.33789282046083,-34.63892533333333,17.49377683333333
293.514,9.258587786054692,34.697427535513164,37.23004185191314,230.86702322683308,2026-06-25 04:20:29.922703,0.6240000000000001,0.21600000000000003,6.074810430465472,17.35102606023158,-34.63892533333333,17.49377683333333
293.653,9.256991474635035,34.69730049671543,37.22842730006031,230.7158956879879,2026-06-25 04:20:29.947696,0.6240000000000001,0.21600000000000003,6.0728812399257475,17.357090911820062,-34.63892533333333,17.49377683333333
293.804,9.25493965900646,34.69718141565325,37.22614094865839,230.57090276748244,2026-06-25 04:20:29.972690,0.6240000000000001,0.21600000000000003,6.074800602521203,17.363679347718342,-34.63892533333333,17.49377683333333
294.039,9.244537220641256,34.69628601378009,37.21567799843545,230.67040934639488,2026-06-25 04:20:30.147644,0.6240000000000001,0.21600000000000003,6.072605475583312,17.373932873785204,-34.63892533333333,17.49377683333333
294.49,9.239196903324293,34.69562067555981,37.21082497347383,230.4091853490285,2026-06-25 04:20:30.272612,0.6240000000000001,0.21400000000000002,6.074731801064567,17.393610917428415,-34.63892533333333,17.49377683333333
294.594,9.237192564134666,34.69520748847401,37.2091998158204,230.4339938477073,2026-06-25 04:20:30.347592,0.6240000000000001,0.21400000000000002,6.070868211290425,17.39814864811332,-34.63892533333333,17.49377683333333
294.862,9.235819347547059,34.69478637202956,37.2081673524055,230.46101910092526,2026-06-25 04:20:30.422573,0.6240000000000001,0.21600000000000003,6.070853405064763,17.409842031032124,-34.63892533333333,17.49377683333333
295.02049999999997,9.235093404442244,34.69435543770369,37.20770647675516,230.46883069861914,2026-06-25 04:20:30.497553,0.6240000000000001,0.21500000000000052,6.070851759893623,17.416757707124027,-34.63892533333333,17.49377683333333
295.19,9.234707323044994,34.69391674404112,37.20754458606254,230.48245500179183,2026-06-25 04:20:30.572533,0.6240000000000001,0.21400000000000002,6.070843533968012,17.424153335499913,-34.63892533333333,17.49377683333333
295.418,9.234095439468227,34.69321366349029,37.207391830568284,230.49060729028625,2026-06-25 04:20:30.689170,0.6240000000000001,0.21600000000000003,6.07084207155612,17.434101437386058,-34.63892533333333,17.49377683333333
295.582,9.233984944942742,34.69301274634502,37.2074034523008,230.48781066942271,2026-06-25 04:20:30.722494,0.6240000000000001,0.21600000000000003,6.0708468243569,17.441257089619953,-34.63892533333333,17.49377683333333
295.8095,9.231892411687618,34.69223366479089,37.206180037115786,230.3414256988807,2026-06-25 04:20:30.847462,0.6240000000000001,0.21500000000000002,6.0727696460451925,17.45118337549319,-34.63892533333333,17.49377683333333
296.2455,9.228360869339575,34.691594877417074,37.20362033567139,230.53085133399418,2026-06-25 04:20:30.947436,0.6240000000000001,0.21500000000000002,6.070841888761916,17.465973044246887,-34.63892533333333,17.49377683333333
296.417,9.224383843204382,34.69110728977328,37.2004623739882,230.22687927781737,2026-06-25 04:20:31.022416,0.6240000000000001,0.21400000000000002,6.07084024355582,17.453562432369235,-34.63892533333333,17.49377683333333
296.6265,9.218996774038537,34.69061153963925,37.19579967812123,230.26261391064097,2026-06-25 04:20:31.097397,0.6240000000000001,0.21600000000000003,6.070835307867618,17.438401947305863,-34.63892533333333,17.49377683333333
296.87,9.209973181026932,34.68994014083577,37.18732473584568,230.3433102224778,2026-06-25 04:20:31.197371,0.6270000000000001,0.21600000000000003,6.070807338105486,17.42078104939211,-34.63892533333333,17.49377683333333
297.1335,9.192549420385252,34.68891105251571,37.169397134257125,230.32359096442872,2026-06-25 04:20:31.347332,0.6269999999999433,0.21600000000000003,6.070761266566337,17.401712849801665,-34.63892533333333,17.49377683333333
297.448,9.182271735739842,34.688387630089395,37.158407046564854,230.24144072901785,2026-06-25 04:20:31.422312,0.6240000000000001,0.21600000000000003,6.070738229217513,17.378954030935652,-34.63892533333333,17.49377683333333
297.64633333333336,9.181296698669506,34.688381645495035,37.1571668251074,230.26799180966984,2026-06-25 04:20:31.422312,0.6300000000000001,0.21600000000000003,6.070726373363798,17.396139762465165,-34.63892533333333,17.49377683333333
298.116,9.15155444320415,34.686963498918125,37.123971007054,230.49084675059967,2026-06-25 04:20:31.622260,0.6254399999999947,0.21600000000000003,6.070663053180165,17.533724646151885,-34.63892533333333,17.49377683333333
298.462,9.136898934423323,34.68623952328913,37.106110123944724,230.9774053564737,2026-06-25 04:20:31.722234,0.6240000000000001,0.21600000000000003,6.070593396205645,17.635082424197897,-34.63892533333333,17.49377683333333
298.659,9.12229641057284,34.685323161731105,37.08760952421482,231.14433061473207,2026-06-25 04:20:31.847201,0.6240000000000001,0.21600000000000003,6.070514377163918,17.692791910542017,-34.63892533333333,17.49377683333333
298.8185,9.122994763296052,34.68532160008953,37.088667377676934,231.30180567239765,2026-06-25 04:20:31.847201,0.6269999999999989,0.21600000000000003,6.070519314600074,17.73951608857189,-34.63892533333333,17.49377683333333
299.18399999999997,9.110223551794554,34.68421109051321,37.073630993227454,231.60246880367708,2026-06-25 04:20:31.997162,0.6240000000000001,0.21600000000000003,6.0704616906370195,17.6993818491762,-34.63892533333333,17.49377683333333
299.432,9.10380789847958,34.68327608126968,37.06786344513699,231.65783000913856,2026-06-25 04:20:32.122130,0.6300000000000001,0.21600000000000003,6.070445224724403,17.647858954536005,-34.63892533333333,17.49377683333333
299.614,9.10364328118997,34.68327563233176,37.06763387633817,231.6642886817275,2026-06-25 04:20:32.122130,0.6300000000000001,0.21600000000000003,6.07044193159555,17.61004779798556,-34.63892533333333,17.49377683333333
299.79266666666666,9.098075587275353,34.68202043129683,37.064034152569945,231.7301049031764,2026-06-25 04:20:32.288753,0.6254603174603176,0.21751322751322752,6.070412204277899,17.58083265838555,-34.63892533333333,17.49377683333333
300.0055,9.095863678080171,34.68139067546519,37.062783784427445,232.08084899874862,2026-06-25 04:20:32.372064,0.6269999999999972,0.21800000000000003,6.070407351204911,17.57190519144597,-34.63892533333333,17.49377683333333
300.56,9.092510378863228,34.67987667992089,37.06063130464247,232.1228569407513,2026-06-25 04:20:32.522025,0.6270000000000001,0.21800000000000003,6.0703925302407065,17.54864623881639,-34.63892533333333,17.49377683333333
300.4865,9.09150208249785,34.68025520567648,37.05984735839618,232.13415265869952,2026-06-25 04:20:32.572012,0.6270000000000001,0.21900000000000003,6.070385943037891,17.551729255981897,-34.63892533333333,17.49377683333333
300.889,9.088704512248256,34.67874261752729,37.05722965493423,232.3318839692655,2026-06-25 04:20:32.721973,0.6300000000000001,0.21800000000000003,6.070376061971103,17.534846066742208,-34.63892533333333,17.49377683333333
301.014,9.088693720908337,34.67874235918511,37.05724488619882,232.17496721972267,2026-06-25 04:20:32.721973,0.6300000000000001,0.21800000000000003,6.070369474546567,17.529602840270254,-34.63892533333333,17.49377683333333
301.272,9.086961884163864,34.67798859883326,37.05532710946093,232.5191614919053,2026-06-25 04:20:32.821947,0.6240000000000001,0.22000000000000003,6.070369474546567,17.571944268048277,-34.63892533333333,17.49377683333333
301.4545,9.085306932488812,34.677238250298,37.05338120389152,232.3723870816978,2026-06-25 04:20:32.921921,0.6240000000000001,0.21900000000000003,6.0703628869353095,17.601895084209087,-34.63892533333333,17.49377683333333
301.546,9.085307156012265,34.67723777720471,37.05337588892625,232.5391156946058,2026-06-25 04:20:32.921921,0.6240000000000001,0.21800000000000003,6.070362886981991,17.61691152080478,-34.63892533333333,17.49377683333333
301.8396666666667,9.082732874552969,34.676119307932865,37.050522360662356,232.23923510493154,2026-06-25 04:20:33.071882,0.6259399999999993,0.21800000000000003,6.070350776596316,17.665106350097343,-34.63892533333333,17.49377683333333
302.21299999999997,9.080201655289688,34.67519512781361,37.04809942806503,232.4263597800332,2026-06-25 04:20:33.196849,0.6270000000000018,0.21800000000000003,6.070348064617416,17.665884589351048,-34.63892533333333,17.49377683333333
302.40250000000003,9.077751726557576,34.674462588503296,37.04588306223009,232.61342918907891,2026-06-25 04:20:33.296823,0.6270000000000082,0.21800000000000003,6.070343123716408,17.663368231971386,-34.63892533333333,17.49377683333333
302.6435,9.074815504128352,34.6737366827505,37.04310358689463,232.4793561931743,2026-06-25 04:20:33.396797,0.6240000000000001,0.21600000000000003,6.07033159477232,17.66016800965741,-34.63892533333333,17.49377683333333
302.76,9.072141216552316,34.67319676616741,37.040419230378696,232.6740558936626,2026-06-25 04:20:33.471778,0.6240000000000001,0.21600000000000003,6.070320065536444,17.65862101422348,-34.63892533333333,17.49377683333333
303.0946666666667,9.067211309084291,34.6724847252674,37.03527200933012,232.71515680570835,2026-06-25 04:20:33.571752,0.6240000000000001,0.21600000000000003,6.070310183104163,17.654176998728,-34.63892533333333,17.49377683333333
303.4,9.058481531893758,34.67160521265381,37.026101312577794,232.6097875083463,2026-06-25 04:20:33.696719,0.6240000000000001,0.21600000000000003,6.070300300450108,17.748230958365284,-34.63892533333333,17.49377683333333
303.642,9.04573969521744,34.67073994669981,37.01286217289316,232.53173302516956,2026-06-25 04:20:33.821687,0.6240000000000001,0.21600000000000003,6.070283828924232,17.834610843078856,-34.63892533333333,17.49377683333333
303.85633333333334,9.041243776037527,34.67051368642239,37.00821566594069,232.5543486376308,2026-06-25 04:20:33.855011,0.6240000000000001,0.21600000000000003,6.070286498380448,17.91111534152352,-34.63892533333333,17.49377683333333
304.0485,9.022275622110095,34.669554768869965,36.988490400745754,232.3901416985471,2026-06-25 04:20:33.996641,0.6240000000000001,0.21600000000000003,6.070227821225493,17.979707632897302,-34.63892533333333,17.49377683333333
304.343,9.011705985100333,34.66905595789312,36.977252444915045,232.48186439877384,2026-06-25 04:20:34.071621,0.6240000000000001,0.21600000000000003,6.0701981675196075,18.020266053662105,-34.63892533333333,17.49377683333333
304.529,9.005000903470597,34.668726941769016,36.96993356201978,232.54117400205047,2026-06-25 04:20:34.121608,0.6240000000000001,0.21600000000000003,6.070178397261424,18.042831191127448,-34.63892533333333,17.49377683333333
304.6145,8.99336017069342,34.66807841181732,36.95693266024964,232.69831021600166,2026-06-25 04:20:34.221582,0.6240000000000001,0.21600000000000003,6.068166661271884,18.053203875284908,-34.63892533333333,17.49377683333333
304.75,8.99304925374185,34.66807702909717,36.95658841285059,232.70694132261477,2026-06-25 04:20:34.221582,0.6240000000000001,0.21600000000000003,6.070089420694381,18.069642456610467,-34.63892533333333,17.49377683333333
305.264,8.97976716186721,34.666916645285994,36.94176717203319,232.84604688971393,2026-06-25 04:20:34.371543,0.6240000000000001,0.21600000000000003,6.066177806713091,18.131999879498572,-34.63892533333333,17.49377683333333
305.06933333333336,8.978048171818024,34.66712297200695,36.93995145257927,232.85400497683312,2026-06-25 04:20:34.404868,0.6283333333333347,0.21744444444444488,6.067247480270808,18.108383319857424,-34.63892533333333,17.49377683333333
305.51,8.96955643045807,34.66574344282236,36.9311199900284,232.95728971549244,2026-06-25 04:20:34.596485,0.6240000000000001,0.21600000000000003,6.066129812025479,18.16184409356564,-34.63892533333333,17.49377683333333
305.63599999999997,8.969873365009484,34.66574051003309,36.93151078627548,232.94947978331024,2026-06-25 04:20:34.596485,0.6240000000000001,0.21600000000000003,6.068064332966463,18.177130154429257,-34.63892533333333,17.49377683333333
305.804,8.967033183105153,34.664997470892985,36.929006408255425,232.98010187538577,2026-06-25 04:20:34.721452,0.6240000000000001,0.21600000000000003,6.066124846805347,18.18455737957784,-34.63892533333333,17.49377683333333
306.1005,8.966133092184316,34.66456109946586,36.928476627159796,232.99974463932017,2026-06-25 04:20:34.796432,0.6240000000000001,0.21600000000000003,6.066114916153886,18.19724986409864,-34.63892533333333,17.49377683333333
306.261,8.965462980936918,34.664130655573054,36.92816787470052,233.0055216702346,2026-06-25 04:20:34.871413,0.6300000000000001,0.21600000000000003,6.066114916153886,18.20412050074481,-34.63892533333333,17.49377683333333
306.49066666666664,8.964757325389533,34.66356859366861,36.92784541418752,232.75354906627234,2026-06-25 04:20:34.971387,0.6240000000000001,0.21600000000000003,6.06610498529122,18.201534521524888,-34.63892533333333,17.49377683333333
306.84299999999996,8.9637816097319,34.662880822291655,36.92729107318119,232.86921804478033,2026-06-25 04:20:35.096354,0.6240000000000001,0.21600000000000003,6.068031278771877,18.109032852028644,-34.63892533333333,17.49377683333333
307.193,8.962798739953666,34.66234437005751,36.92665640222837,232.7108039763355,2026-06-25 04:20:35.196328,0.6300000000000001,0.21600000000000003,6.066104985279487,18.017143776370112,-34.63892533333333,17.49377683333333
307.464,8.960968008467393,34.66156452977904,36.925465033100295,232.73733482968376,2026-06-25 04:20:35.346289,0.6270000000000001,0.21600000000000003,6.066093399014898,17.945995377788794,-34.63892533333333,17.49377683333333
307.6426666666666,8.960416009743843,34.66135072610486,36.925098868693205,233.01596450911975,2026-06-25 04:20:35.387945,0.6289203539822984,0.21635988200590062,6.0660923394900275,17.899088192500262,-34.63892533333333,17.49377683333333
307.932,8.958405185690546,34.660680970278065,36.92368607330404,232.76610158512912,2026-06-25 04:20:35.521244,0.6240000000000001,0.21600000000000003,6.066085122932254,17.88059796443672,-34.63892533333333,17.49377683333333
308.063,8.955991915478974,34.66011565013467,36.921629715397565,232.49186644178874,2026-06-25 04:20:35.637880,0.6240000000000001,0.21600000000000003,6.066078858473431,17.874193130779258,-34.63892533333333,17.49377683333333
308.40566666666666,8.952988753607144,34.6595633798293,36.9188230571333,232.59245043403044,2026-06-25 04:20:35.754516,0.6240000000000001,0.21600000000000003,6.066072976898557,17.864534759358637,-34.63892533333333,17.49377683333333
308.919,8.949468845729971,34.65902402280612,36.91529567444268,232.50438127848807,2026-06-25 04:20:35.871152,0.6300000000000001,0.21600000000000003,6.066075191435938,17.914277132900356,-34.63892533333333,17.49377683333333
309.08,8.94784608666208,34.65879834071847,36.913588129403436,232.52222580422543,2026-06-25 04:20:35.921139,0.6240000000000001,0.21600000000000003,6.066068570321043,17.929878150056624,-34.63892533333333,17.49377683333333
309.163,8.946221261867722,34.65857536419993,36.91188194108112,232.55049451509097,2026-06-25 04:20:35.971126,0.6240000000000001,0.21600000000000003,6.06605201712307,17.937920910453954,-34.63892533333333,17.49377683333333
309.4405,8.94379837472421,34.6582462703995,36.90947506403308,232.5775719229268,2026-06-25 04:20:36.046107,0.6270000000000001,0.21600000000000003,6.06604208491089,17.964810862384784,-34.63892533333333,17.49377683333333
309.59749999999997,8.940521921157258,34.65781635379185,36.90665564548089,232.27659394927824,2026-06-25 04:20:36.146081,0.627000000000057,0.21600000000000003,6.066032152499192,17.980024276630335,-34.63892533333333,17.49377683333333
309.795,8.936974269608708,34.65739698780122,36.90408681251023,232.14330246043394,2026-06-25 04:20:36.246055,0.6270000000000001,0.21600000000000003,6.066022219887972,17.999162170346878,-34.63892533333333,17.49377683333333
310.022,8.932920511425099,34.65698807029459,36.90111258779302,232.00539016202544,2026-06-25 04:20:36.346029,0.6270000000000001,0.21600000000000003,6.06409078260902,18.02446962344019,-34.63892533333333,17.49377683333333
310.24649999999997,8.928252519694112,34.656589514077666,36.897140845452974,231.71869921646197,2026-06-25 04:20:36.446002,0.6240000000000001,0.21600000000000003,6.064075862675894,18.0833896760967,-34.63892533333333,17.49377683333333
310.477,8.92439424929792,34.65629703323869,36.89347287839669,231.4133085063596,2026-06-25 04:20:36.520983,0.6240000000000001,0.21600000000000003,6.066002354008253,18.14388442949237,-34.63892533333333,17.49377683333333
310.69050000000004,8.920258104067706,34.656010958122835,36.88927691149674,231.29850089336807,2026-06-25 04:20:36.595963,0.6240000000000001,0.21600000000000003,6.062122772997143,18.199917530793797,-34.63892533333333,17.49377683333333
311.0135,8.913006082988623,34.65554735635216,36.88173576992585,231.03464156193183,2026-06-25 04:20:36.720931,0.6240000000000001,0.21600000000000003,6.06210116060673,18.284688920584685,-34.63892533333333,17.49377683333333
311.297,8.91002561314711,34.655365994245244,36.87863607626693,231.0642375229848,2026-06-25 04:20:36.770918,0.6240000000000001,0.21600000000000003,6.06209118538256,18.359093530509508,-34.63892533333333,17.49377683333333
311.524,8.90394626420396,34.655009640496814,36.87233838071258,230.62935336858303,2026-06-25 04:20:36.870892,0.6240000000000001,0.21600000000000003,6.0620695718133355,18.361828129729105,-34.63892533333333,17.49377683333333
311.69,8.900808805674682,34.65483592548988,36.86908733919968,230.65847302789575,2026-06-25 04:20:36.920879,0.6240000000000001,0.21600000000000003,6.062059595917212,18.362309452591457,-34.63892533333333,17.49377683333333
311.871,8.896003688302482,34.65458046326557,36.86404376521763,230.53235894897875,2026-06-25 04:20:36.995859,0.6240000000000001,0.21600000000000003,6.062049619797088,18.36283426848354,-34.63892533333333,17.49377683333333
312.134,8.888083204475873,34.654167946360374,36.85543794550317,230.4268779901227,2026-06-25 04:20:37.120827,0.6240000000000001,0.21600000000000003,6.062036318000982,18.363596846271484,-34.63892533333333,17.49377683333333
312.195,8.888170356093868,34.65416665681434,36.85550140389073,230.27437496327252,2026-06-25 04:20:37.120827,0.6240000000000001,0.21600000000000003,6.06202634120881,18.36377371792572,-34.63892533333333,17.49377683333333
312.469,8.880112865837637,34.653691767285764,36.846363949515506,230.19589260918602,2026-06-25 04:20:37.270788,0.6240000000000001,0.21600000000000003,6.061989758702064,18.364568190602135,-34.63892533333333,17.49377683333333
312.88075,8.878025179764627,34.65350367785616,36.84405707265287,230.23369972199671,2026-06-25 04:20:37.333271,0.6240000000000001,0.21600000000000003,6.061969432257738,18.366963862045836,-34.63892533333333,17.49377683333333
313.132,8.87390594622125,34.65309517370546,36.839709123808476,229.96350547086374,2026-06-25 04:20:37.470735,0.6240000000000001,0.21600000000000003,6.061939868609344,18.36998420467045,-34.63892533333333,17.49377683333333
313.147,8.872844246520314,34.65295264365402,36.8388051895175,229.96927719919574,2026-06-25 04:20:37.520722,0.6240000000000001,0.21600000000000003,6.061939868609344,18.370164523633115,-34.63892533333333,17.49377683333333
313.509,8.87179906845212,34.65281278933354,36.83798827581823,229.97483957120966,2026-06-25 04:20:37.570709,0.6240000000000001,0.21600000000000003,6.061943194780632,18.37451622126539,-34.63892533333333,17.49377683333333
313.6705,8.869426569122771,34.65254253018388,36.83606696067989,229.98528649661185,2026-06-25 04:20:37.670683,0.6240000000000001,0.21600000000000003,6.061946520928332,18.38779516230998,-34.63892533333333,17.49377683333333
313.861,8.867054284903167,34.65232526829494,36.83382577319964,229.74446510248345,2026-06-25 04:20:37.753995,0.6240000000000001,0.21600000000000003,6.061932757363326,18.427004786821687,-34.63892533333333,17.49377683333333
314.252,8.862326685853319,34.65197038637119,36.828571173017465,229.7180517222953,2026-06-25 04:20:37.895625,0.6240000000000001,0.21600000000000003,6.061931553074976,18.507482283850972,-34.63892533333333,17.49377683333333
314.399,8.857731015557599,34.65167710746759,36.82249269006864,230.09807283162002,2026-06-25 04:20:38.020592,0.6240000000000001,0.21600000000000003,6.061906605599079,18.53773852953717,-34.63892533333333,17.49377683333333
314.618,8.855520333172972,34.6515403902409,36.81967081599322,230.12079344863264,2026-06-25 04:20:38.083076,0.6240000000000001,0.21600000000000003,6.061898526682864,18.58121630014681,-34.63892533333333,17.49377683333333
314.877,8.850786286515797,34.65124537087702,36.81397282197652,229.83049524468902,2026-06-25 04:20:38.220540,0.6240000000000001,0.21600000000000003,6.0618899732093166,18.582794182728104,-34.63892533333333,17.49377683333333
315.191,8.849226060141342,34.65114463262236,36.812386580837355,229.85291661176822,2026-06-25 04:20:38.270527,0.6240000000000001,0.21600000000000003,6.06187999349236,18.584707136900022,-34.63892533333333,17.49377683333333
315.41700000000003,8.846355594648692,34.65095334299539,36.809903400968665,230.0540686114689,2026-06-25 04:20:38.370501,0.6240000000000001,0.21600000000000003,6.061861696648613,18.58608397652694,-34.63892533333333,17.49377683333333
315.6645,8.844254087556735,34.650818297726026,36.80835578615499,229.91133663558662,2026-06-25 04:20:38.445481,0.6240000000000001,0.21600000000000003,6.061855043268047,18.58759179868474,-34.63892533333333,17.49377683333333
315.9185,8.842125287077812,34.650686190256074,36.806840730333725,229.932391816756,2026-06-25 04:20:38.520462,0.6240000000000001,0.21600000000000003,6.0618483895807564,18.565714583481036,-34.63892533333333,17.49377683333333
316.118,8.839020933455718,34.650521340829414,36.80465483611119,229.96345487273834,2026-06-25 04:20:38.620436,0.6240000000000001,0.21600000000000003,6.0618367455985025,18.54725328466909,-34.63892533333333,17.49377683333333
316.421,8.835092725841859,34.650337096691814,36.80146947477371,229.9905654563471,2026-06-25 04:20:38.720410,0.6240000000000001,0.21600000000000003,6.061833418672273,18.519214319556205,-34.63892533333333,17.49377683333333
316.279,8.833714463371695,34.65036979980564,36.80008154076154,229.99607436186125,2026-06-25 04:20:38.745403,0.6240000000000001,0.21600000000000003,6.061833418672273,18.532354692645413,-34.63892533333333,17.49377683333333
316.646,8.830184241232331,34.650231582411216,36.79680256999309,230.02175415796407,2026-06-25 04:20:38.820384,0.6210000000000001,0.21600000000000003,6.0618300917106485,18.498393305858517,-34.63892533333333,17.49377683333333
316.914,8.822126958972769,34.65004419442258,36.788300492819324,230.10288559328143,2026-06-25 04:20:38.970344,0.6180000000000001,0.21600000000000003,6.061796820926353,18.473593165098613,-34.63892533333333,17.49377683333333
317.0125,8.822156079283978,34.65004272546492,36.78831141416936,230.09635151094065,2026-06-25 04:20:38.970344,0.6240000000000001,0.21600000000000003,6.061803474979374,18.46447818799096,-34.63892533333333,17.49377683333333
317.23749999999995,8.814590395665823,34.64988322682565,36.779939367399635,230.17452312493285,2026-06-25 04:20:39.120305,0.6210000000000017,0.21600000000000003,6.05984128983206,18.47318013584868,-34.63892533333333,17.49377683333333
317.444,8.812411006395326,34.649835388248654,36.77759290213211,230.19154661006712,2026-06-25 04:20:39.170292,0.6240000000000001,0.21600000000000003,6.057909008725037,18.490907879182416,-34.63892533333333,17.49377683333333
317.842,8.807244939985445,34.649707679937436,36.772515455870746,230.26481159335475,2026-06-25 04:20:39.320253,0.6240000000000001,0.21600000000000003,6.061728608271928,18.533866852731066,-34.63892533333333,17.49377683333333
317.989,8.807139202899041,34.649637640577446,36.77235763233808,230.2614144921142,2026-06-25 04:20:39.320253,0.6240000000000001,0.21600000000000003,6.06173359991209,18.551515041187514,-34.63892533333333,17.49377683333333
317.585,8.804792228116728,34.64970909027444,36.77056935941444,230.28023199130268,2026-06-25 04:20:39.420227,0.6240000000000001,0.21600000000000003,6.057865572529268,18.503012536858225,-34.63892533333333,17.49377683333333
318.259,8.803146002454621,34.64957867057844,36.76957945162245,230.30320096000042,2026-06-25 04:20:39.520201,0.6240000000000001,0.21600000000000003,6.0578588896821035,18.58393008120957,-34.63892533333333,17.49377683333333
318.397,8.802938114865658,34.64956865526608,36.76947377607562,230.30570241157122,2026-06-25 04:20:39.545195,0.6210000000000001,0.21600000000000003,6.059787945952937,18.600497768331948,-34.63892533333333,17.49377683333333
318.63033333333334,8.80168116942629,34.6495188684508,36.7687473356283,230.33124719016368,2026-06-25 04:20:39.653500,0.6255284552845539,0.21600000000000003,6.060719192294472,18.62851076588187,-34.63892533333333,17.49377683333333
318.806,8.80011720450655,34.649465547280805,36.76763562204248,230.6671074438082,2026-06-25 04:20:39.820123,0.6300000000000001,0.21600000000000003,6.057845523703351,18.649600551180164,-34.63892533333333,17.49377683333333
319.054,8.799650416966852,34.64946043919018,36.76719683482935,230.34055265443277,2026-06-25 04:20:39.870110,0.6300000000000001,0.21600000000000003,6.057848865186188,18.679374365718935,-34.63892533333333,17.49377683333333
319.2305,8.799430388396924,34.64945182350652,36.76702666474574,230.35092573184843,2026-06-25 04:20:39.895103,0.6300000000000001,0.21600000000000003,6.057842182149407,18.700564197437057,-34.63892533333333,17.49377683333333
319.518,8.798245465070767,34.649445734851106,36.76592879179786,230.36736924744218,2026-06-25 04:20:40.020071,0.6300000000000001,0.21600000000000003,6.057835498970407,18.735080212275346,-34.63892533333333,17.49377683333333
319.564,8.797738285236857,34.649445734851106,36.76544516945415,230.37043427364836,2026-06-25 04:20:40.070058,0.6300000000000001,0.21600000000000003,6.057835498970407,18.74060277464948,-34.63892533333333,17.49377683333333
319.88733333333334,8.796633581772278,34.649445734851106,36.76437979259259,230.3800498714268,2026-06-25 04:20:40.170032,0.6289729729729753,0.21600000000000003,6.057834926980533,18.779420785540083,-34.63892533333333,17.49377683333333
320.23900000000003,8.79480237978445,34.649469950581945,36.762665921690285,230.39977946805587,2026-06-25 04:20:40.319993,0.6300000000000001,0.21600000000000003,6.057828815684742,18.821640374704607,-34.63892533333333,17.49377683333333
320.406,8.793695555762545,34.64949134970686,36.761713254555396,230.4211246825866,2026-06-25 04:20:40.403304,0.6300000000000001,0.21600000000000003,6.057816200756818,18.84168967723676,-34.63892533333333,17.49377683333333
320.688,8.79120864273289,34.649546760898986,36.759727855634715,230.43378494751178,2026-06-25 04:20:40.569928,0.6300000000000001,0.21600000000000003,6.05781879060809,18.875545385704232,-34.63892533333333,17.49377683333333
320.851,8.79117429438011,34.649547571089045,36.75968826968189,230.43749747815127,2026-06-25 04:20:40.569928,0.6300000000000001,0.21600000000000003,6.057817119736302,18.89511446542125,-34.63892533333333,17.49377683333333
320.966,8.788311257247557,34.64961337870498,36.757259406040745,230.7904660814564,2026-06-25 04:20:40.719888,0.6300000000000001,0.21600000000000003,6.057808765306243,18.908920871356568,-34.63892533333333,17.49377683333333
321.286,8.78826418416854,34.64961409126188,36.75720365634593,230.62817048795975,2026-06-25 04:20:40.719888,0.6270000000000001,0.21600000000000003,6.057810436201737,18.947338696567886,-34.63892533333333,17.49377683333333
321.586,8.785917978299041,34.649707335516965,36.75506921538423,230.48840104798083,2026-06-25 04:20:40.819862,0.6240000000000001,0.21600000000000003,6.05780208165315,18.9833554077035,-34.63892533333333,17.49377683333333
321.519,8.783768823941406,34.64966502484101,36.753155228620315,230.50617506385427,2026-06-25 04:20:40.894843,0.6240000000000001,0.21600000000000003,6.057795397893379,18.97531167554988,-34.63892533333333,17.49377683333333
321.887,8.781287623143207,34.64975204014058,36.75104585884082,230.5299503566587,2026-06-25 04:20:40.969823,0.6240000000000001,0.21600000000000003,6.057788714062488,19.019492174542894,-34.63892533333333,17.49377683333333
321.9655,8.778370762603906,34.64979949616885,36.74869146721639,230.54560157297186,2026-06-25 04:20:41.044804,0.6240000000000001,0.21600000000000003,6.057788714062488,19.02891654729005,-34.63892533333333,17.49377683333333
322.228,8.774090086444591,34.64986607095201,36.74532313193882,230.41186845319697,2026-06-25 04:20:41.144778,0.6240000000000001,0.21600000000000003,6.057783701115234,19.060431169533707,-34.63892533333333,17.49377683333333
322.6616666666667,8.768304879721013,34.649966774347384,36.74108659426815,230.19909695908308,2026-06-25 04:20:41.286407,0.6240000000000001,0.21600000000000003,6.057765504376775,19.11249532640863,-34.63892533333333,17.49377683333333
322.847,8.766926187027154,34.649990699562714,36.74007268212826,230.00261198011125,2026-06-25 04:20:41.319732,0.6240000000000001,0.21600000000000003,6.057748609014545,19.134745650176846,-34.63892533333333,17.49377683333333
323.062,8.763372450399885,34.65008510109119,36.738314057518096,229.23861923129175,2026-06-25 04:20:41.444700,0.6240000000000001,0.21600000000000003,6.055790875960292,19.160557626490707,-34.63892533333333,17.49377683333333
323.198,8.761687766969207,34.6501630495526,36.73808810278962,228.43811751173132,2026-06-25 04:20:41.544673,0.6240000000000001,0.21600000000000003,6.0538598814895535,19.17688520220551,-34.63892533333333,17.49377683333333
323.4045,8.760926457065501,34.650242791957055,36.73857974446165,227.9707747165417,2026-06-25 04:20:41.644647,0.6240000000000001,0.21600000000000003,6.053848134896583,19.201676705037194,-34.63892533333333,17.49377683333333
323.69449999999995,8.760779875577686,34.650323976206074,36.739410960952995,227.32841258206176,2026-06-25 04:20:41.744621,0.6240000000000001,0.21600000000000003,6.053848134896583,19.236492859134945,-34.63892533333333,17.49377683333333
324.009,8.760892609718157,34.65038559302319,36.740075920162134,226.8423511455059,2026-06-25 04:20:41.819602,0.6240000000000001,0.21600000000000003,6.053853169193232,19.274250377975452,-34.63892533333333,17.49377683333333
324.24,8.761218402834174,34.65046864342147,36.740870825607935,226.54188847253658,2026-06-25 04:20:41.919576,0.6240000000000001,0.21600000000000003,6.053852115505728,19.301983245549874,-34.63892533333333,17.49377683333333
324.4963333333333,8.761685215582952,34.65059435416653,36.741826070537215,225.64598942766227,2026-06-25 04:20:42.069537,0.6240000000000001,0.21600000000000003,6.053850572123154,19.332757524286855,-34.63892533333333,17.49377683333333
324.863,8.761839378130576,34.650678721860984,36.742304853963574,225.24062262421933,2026-06-25 04:20:42.169511,0.6240000000000001,0.21600000000000003,6.05385652535925,19.376777949008158,-34.63892533333333,17.49377683333333
325.03700000000003,8.761813352273702,34.65076350153492,36.742633872592805,224.9254565506748,2026-06-25 04:20:42.269485,0.6240000000000001,0.21600000000000003,6.053854847276241,19.397667641466818,-34.63892533333333,17.49377683333333
325.1565,8.76176305105999,34.650805983250706,36.74275018871627,224.76954776782406,2026-06-25 04:20:42.319472,0.6240000000000001,0.21600000000000003,6.053853169193232,19.412014298069163,-34.63892533333333,17.49377683333333
325.581,8.761328184502553,34.65099819772567,36.74272911772863,224.46315675924535,2026-06-25 04:20:42.469432,0.6240000000000001,0.21600000000000003,6.053848134896583,19.441409039737287,-34.63892533333333,17.49377683333333
325.86699999999996,8.760759804408135,34.65101953673583,36.74230327576619,224.1495707751189,2026-06-25 04:20:42.544413,0.6240000000000001,0.21600000000000003,6.053849812991498,19.460987299459163,-34.63892533333333,17.49377683333333
325.487,8.760675648051018,34.65093388179813,36.74228645765828,223.98409713275964,2026-06-25 04:20:42.569406,0.6240000000000001,0.21600000000000003,6.053853169193232,19.434974227101424,-34.63892533333333,17.49377683333333
326.23333333333335,8.75862933811163,34.65114911138865,36.740362059023546,223.92110111963913,2026-06-25 04:20:42.719367,0.6240000000000001,0.21600000000000003,6.053851426740414,19.482818812045057,-34.63892533333333,17.49377683333333
326.5225,8.75605045748516,34.65125830045514,36.7378009306047,223.5493734157148,2026-06-25 04:20:42.844335,0.6240000000000001,0.21600000000000003,6.051917106171472,19.470614908122645,-34.63892533333333,17.49377683333333
326.874,8.754086865850642,34.651324581492936,36.73590985292955,223.41519246014334,2026-06-25 04:20:42.919315,0.6240000000000001,0.21600000000000003,6.049977645705844,19.45578030675528,-34.63892533333333,17.49377683333333
326.969,8.75257277788728,34.65136919668694,36.73450784472919,223.43076311429326,2026-06-25 04:20:42.969302,0.6240000000000001,0.21600000000000003,6.049970905688077,19.451770955034373,-34.63892533333333,17.49377683333333
327.158,8.750888964520337,34.651414185212445,36.7329773580783,223.44093733698264,2026-06-25 04:20:43.019289,0.6240000000000001,0.21600000000000003,6.053829675364404,19.44379445529488,-34.63892533333333,17.49377683333333
327.43899999999996,8.746873082423773,34.651505725313115,36.72931653751965,223.31280091955136,2026-06-25 04:20:43.119263,0.6240000000000001,0.21600000000000003,6.051893577741789,19.431935214941458,-34.63892533333333,17.49377683333333
327.63433333333336,8.743023682618732,34.65158356536501,36.72573799270239,223.1829512041515,2026-06-25 04:20:43.202575,0.6240000000000001,0.21600000000000003,6.049957449414154,19.41601485352886,-34.63892533333333,17.49377683333333
327.91,8.737228516303432,34.65169468146715,36.720193800279255,222.90964500711598,2026-06-25 04:20:43.319211,0.6240000000000001,0.21600000000000003,6.049947314872745,19.3596727793148,-34.63892533333333,17.49377683333333
328.141,8.73226120992071,34.651793518506864,36.71504284845185,222.97220198390264,2026-06-25 04:20:43.419185,0.6240000000000001,0.21600000000000003,6.049913611675549,19.312459892458275,-34.63892533333333,17.49377683333333
328.3016666666667,8.730807711636016,34.651827911873646,36.713383459678774,223.0341686254112,2026-06-25 04:20:43.452510,0.6240000000000001,0.21600000000000003,6.049899516615616,19.279622069276684,-34.63892533333333,17.49377683333333
328.668,8.725762290214362,34.65194845179594,36.707649431430134,222.71943498857888,2026-06-25 04:20:43.569146,0.6240000000000001,0.21600000000000003,6.049890018014684,19.204749107292095,-34.63892533333333,17.49377683333333
328.8345,8.721589778060466,34.65208559346284,36.702519670717436,222.75369399669194,2026-06-25 04:20:43.694113,0.6240000000000001,0.21600000000000003,6.049878557796516,19.190036421862164,-34.63892533333333,17.49377683333333
329.29,8.71829264029573,34.65222892594419,36.698565076362414,222.80154058282494,2026-06-25 04:20:43.819081,0.6240000000000001,0.21600000000000003,6.049852939894268,19.211959641702162,-34.63892533333333,17.49377683333333
329.406,8.716819359351895,34.65231974641297,36.69711552171922,222.81164442397431,2026-06-25 04:20:43.894061,0.6240000000000001,0.21600000000000003,6.049851254453406,19.21754272293474,-34.63892533333333,17.49377683333333
329.6325,8.715096519444584,34.65244595430001,36.69588990447798,222.52006755540074,2026-06-25 04:20:43.994035,0.6270000000000001,0.21600000000000003,6.0498394562119095,19.228444170341458,-34.63892533333333,17.49377683333333
329.858,8.71314233128098,34.65261285641176,36.6950792630235,222.52100490076234,2026-06-25 04:20:44.119002,0.6240000000000001,0.21600000000000003,6.049849569012546,19.23929748773755,-34.63892533333333,17.49377683333333
330.23699999999997,8.71230790505723,34.65270268283289,36.69487092990619,222.54789022184522,2026-06-25 04:20:44.181486,0.6240000000000001,0.21600000000000003,6.049831547308108,19.287819756624867,-34.63892533333333,17.49377683333333
330.496,8.710542191517098,34.65290432653474,36.69444418213739,222.25056066616412,2026-06-25 04:20:44.318950,0.6240000000000001,0.21600000000000003,6.049825972170769,19.41911539405559,-34.63892533333333,17.49377683333333
330.667,8.709975246565518,34.6529822195451,36.694335072340714,222.2549491330246,2026-06-25 04:20:44.368937,0.6300000000000001,0.21600000000000003,6.049825972170769,19.505800930737646,-34.63892533333333,17.49377683333333
330.86533333333335,8.708655370932876,34.65320377224987,36.6940129535031,221.96091358226943,2026-06-25 04:20:44.502236,0.6240000000000001,0.21600000000000003,6.04981504161443,19.606342635076505,-34.63892533333333,17.49377683333333
330.952,8.708453948045051,34.65322887606572,36.69399949801744,222.26850989206756,2026-06-25 04:20:44.518898,0.6300000000000001,0.21600000000000003,6.049822601097694,19.65027682520775,-34.63892533333333,17.49377683333333
331.321,8.708011900475178,34.65331559235544,36.693855242774944,221.96759194190318,2026-06-25 04:20:44.568885,0.6240000000000001,0.21600000000000003,6.049815858879785,19.62576901774438,-34.63892533333333,17.49377683333333
331.4503333333334,8.70687579272689,34.653590681405056,36.69325604624208,221.97943629661205,2026-06-25 04:20:44.718846,0.6300000000000001,0.21600000000000003,6.04981079623028,19.61717910871476,-34.63892533333333,17.49377683333333
331.718,8.706251865870122,34.65378486251339,36.69276079051681,221.9831053614275,2026-06-25 04:20:44.818820,0.6240000000000001,0.21600000000000003,6.049812487734949,19.59940153925398,-34.63892533333333,17.49377683333333
332.02233333333334,8.70581790067977,34.65399069260902,36.69225046207171,221.6749894571043,2026-06-25 04:20:44.918794,0.6240000000000001,0.21600000000000003,6.049812181262887,19.579188686305418,-34.63892533333333,17.49377683333333
332.281,8.70548738878842,34.654316370366814,36.69160265248864,221.6872955417736,2026-06-25 04:20:45.068755,0.6240000000000001,0.21600000000000003,6.049804059741293,19.56200886824618,-34.63892533333333,17.49377683333333
332.49,8.705458149237764,34.65431764950017,36.69157825685669,221.9974960160414,2026-06-25 04:20:45.068755,0.6240000000000001,0.21600000000000003,6.049809116566192,19.557065623781707,-34.63892533333333,17.49377683333333
332.573,8.705499214681959,34.65454683202376,36.69135059015204,221.68802620967818,2026-06-25 04:20:45.168729,0.6240000000000001,0.21600000000000003,6.049805745373514,19.556278144258783,-34.63892533333333,17.49377683333333
332.87166666666667,8.705773544569292,34.65478830592664,36.69151299935978,221.97360878928183,2026-06-25 04:20:45.268703,0.6240000000000001,0.21600000000000003,6.04979646726154,19.553444483003606,-34.63892533333333,17.49377683333333
333.0725,8.706322145032201,34.65510265015891,36.69234490641484,221.68457749800572,2026-06-25 04:20:45.393670,0.6240000000000001,0.21600000000000003,6.049809116566192,19.551539035563604,-34.63892533333333,17.49377683333333
333.358,8.706759763754812,34.65543239025873,36.693241351435624,221.69190692430405,2026-06-25 04:20:45.468651,0.6240000000000001,0.21600000000000003,6.049802374156915,19.584611734397658,-34.63892533333333,17.49377683333333
333.283,8.707072626887701,34.65529859509071,36.69398995551497,221.68625352790866,2026-06-25 04:20:45.518638,0.6240000000000001,0.21600000000000003,6.049805745373514,19.574588880688175,-34.63892533333333,17.49377683333333
333.568,8.707365111793742,34.65556849447175,36.69481899364383,221.690817666655,2026-06-25 04:20:45.568625,0.6240000000000001,0.21600000000000003,6.049802374156915,19.612675724784207,-34.63892533333333,17.49377683333333
333.87266666666665,8.707625108837323,34.65584808518609,36.69651987776897,221.6905287225832,2026-06-25 04:20:45.668599,0.6240000000000001,0.21600000000000003,6.049803920802771,19.65339078385295,-34.63892533333333,17.49377683333333
334.137,8.707196238385407,34.656134694211815,36.69792748898133,221.38365553101022,2026-06-25 04:20:45.768572,0.6240000000000001,0.21600000000000003,6.049802374156915,19.688715774926816,-34.63892533333333,17.49377683333333
334.2345,8.705857188155719,34.65635552458448,36.69824299566888,221.38022083111565,2026-06-25 04:20:45.843553,0.6240000000000001,0.21600000000000003,6.049812487722988,19.70174548474915,-34.63892533333333,17.49377683333333
334.444,8.70262294442528,34.65665584030191,36.69721050907757,221.0800987625215,2026-06-25 04:20:45.943527,0.6240000000000001,0.21600000000000003,6.049817544440242,19.72974265611097,-34.63892533333333,17.49377683333333
334.708,8.699028741427023,34.65688506654304,36.6950784421315,220.79703974703978,2026-06-25 04:20:46.018507,0.6240000000000001,0.21600000000000003,6.049809116566192,19.782743580485224,-34.63892533333333,17.49377683333333
334.823,8.692355070277937,34.65719571655865,36.689856362261445,220.54383757885668,2026-06-25 04:20:46.118481,0.6240000000000001,0.21600000000000003,6.049785517715087,19.808456398413902,-34.63892533333333,17.49377683333333
334.9845,8.692078210659048,34.657196269131575,36.68947256309481,220.54525813874108,2026-06-25 04:20:46.118481,0.6240000000000001,0.21600000000000003,6.049787203311424,19.84456613837464,-34.63892533333333,17.49377683333333
335.308,8.680962362613581,34.65759018280025,36.6789268614088,220.3034679671886,2026-06-25 04:20:46.243449,0.6240000000000001,0.21600000000000003,6.049775403562916,19.916897413156637,-34.63892533333333,17.49377683333333
335.449,8.667693136662452,34.65798901665635,36.663795078310706,220.07855378507503,2026-06-25 04:20:46.368416,0.6296435643564374,0.21600000000000003,6.049756376332445,19.911052457758338,-34.63892533333333,17.49377683333333
336.036,8.657406143413736,34.65854944947215,36.650887350388125,219.90254091039435,2026-06-25 04:20:46.468390,0.6300000000000001,0.21600000000000003,6.04968099442549,19.81138552651144,-34.63892533333333,17.49377683333333
335.9325,8.650888860977638,34.65830936658048,36.64241905461155,219.95667296857238,2026-06-25 04:20:46.543371,0.6270000000000001,0.21600000000000003,6.049659075308617,19.828958826995347,-34.63892533333333,17.49377683333333
336.195,8.645505563018977,34.65878869829289,36.6354980310779,220.0113906805162,2026-06-25 04:20:46.618351,0.6240000000000001,0.21600000000000003,6.049633782821444,19.78438886199993,-34.63892533333333,17.49377683333333
336.3835,8.64157073275944,34.65902608814572,36.63071386861343,219.76093112516898,2026-06-25 04:20:46.693331,0.6240000000000001,0.21600000000000003,6.047666533005208,19.752383382374642,-34.63892533333333,17.49377683333333
336.5775,8.637986828816077,34.65933879056672,36.62691885641855,219.78872766082037,2026-06-25 04:20:46.793305,0.6240000000000001,0.21700000000000003,6.049588252876359,19.71944405586375,-34.63892533333333,17.49377683333333
337.0683333333333,8.63545113155348,34.65976902580659,36.62543465532818,219.51337964228284,2026-06-25 04:20:46.934935,0.6240000000000001,0.21600000000000003,6.0489551101854655,19.744793825551156,-34.63892533333333,17.49377683333333
337.23066666666665,8.634303107350862,34.660110649749214,36.62549036196888,219.27469040186662,2026-06-25 04:20:47.051571,0.6240000000000001,0.21600000000000003,6.048786055403613,19.755810868106565,-34.63892533333333,17.49377683333333
337.67499999999995,8.632357749439166,34.66063385585776,36.625131046074515,219.22920742621903,2026-06-25 04:20:47.243188,0.6240000000000001,0.21600000000000003,6.045705916564067,19.785966345984107,-34.63892533333333,17.49377683333333
337.8625,8.632524664633937,34.66063791130006,36.625349574808254,219.23550986169687,2026-06-25 04:20:47.243188,0.6240000000000001,0.21600000000000003,6.0457008366407035,19.797948887631428,-34.63892533333333,17.49377683333333
338.066,8.630274980392448,34.660950074409385,36.62373114217126,219.24627033785077,2026-06-25 04:20:47.368156,0.6240000000000001,0.21400000000000002,6.04570252996051,19.807249479666392,-34.63892533333333,17.49377683333333
338.2085,8.628135745497989,34.66112224678289,36.621780380017015,219.11050999976433,2026-06-25 04:20:47.443136,0.6240000000000001,0.21600000000000003,6.045695756657246,19.813762179248616,-34.63892533333333,17.49377683333333
338.642,8.62544834670038,34.66138395424372,36.619091716163766,218.97660610994635,2026-06-25 04:20:47.518116,0.6240000000000001,0.21600000000000003,6.045692369969558,19.833574496925063,-34.63892533333333,17.49377683333333
338.403,8.623336474876627,34.66128382753131,36.61680613738628,218.98117103345555,2026-06-25 04:20:47.568103,0.6240000000000001,0.21600000000000003,6.045695756657246,19.822651442888915,-34.63892533333333,17.49377683333333
338.87199999999996,8.619915004842083,34.661521783067016,36.612859088734226,219.0091284563071,2026-06-25 04:20:47.643084,0.6240000000000001,0.21600000000000003,6.045688983245813,19.844086222566546,-34.63892533333333,17.49377683333333
339.06775,8.613915099557971,34.661749590810864,36.60569753457638,218.82059842088537,2026-06-25 04:20:47.793045,0.6240000000000001,0.21600000000000003,6.045640296398066,19.86074847036782,-34.63892533333333,17.49377683333333
339.446,8.610961829560301,34.66189570947815,36.6026803825993,218.81616634437006,2026-06-25 04:20:47.918012,0.6240000000000001,0.21600000000000003,6.045624631167522,19.918711956829192,-34.63892533333333,17.49377683333333
339.6685,8.610837059809224,34.661954546796785,36.603578456584685,218.8311683714262,2026-06-25 04:20:47.992993,0.6240000000000001,0.21600000000000003,6.045612775885452,19.952808125335874,-34.63892533333333,17.49377683333333
339.7765,8.61209579760703,34.661990560459984,36.607096197130026,218.51451007825068,2026-06-25 04:20:48.092967,0.6240000000000001,0.21600000000000003,6.045616163138096,19.970221227153196,-34.63892533333333,17.49377683333333
340.109,8.613926758348128,34.661990560459984,36.61094924323339,218.5036048217636,2026-06-25 04:20:48.167947,0.6240000000000001,0.21600000000000003,6.045621243974987,20.08494384375803,-34.63892533333333,17.49377683333333
340.297,8.617407806892999,34.661990560459984,36.61692264156636,218.326019230082,2026-06-25 04:20:48.267921,0.6240000000000001,0.21600000000000003,6.04562971190824,20.14980956382334,-34.63892533333333,17.49377683333333
340.4426666666667,8.620743465430289,34.661938198011704,36.6219356087201,217.56300018369845,2026-06-25 04:20:48.351233,0.6240000000000001,0.21600000000000003,6.045649971601258,20.200068995859745,-34.63892533333333,17.49377683333333
340.7966666666667,8.62802784866189,34.661750299628814,36.63143443060297,217.4794756719776,2026-06-25 04:20:48.517856,0.6240000000000001,0.21600000000000003,6.045661888698636,20.310336642627945,-34.63892533333333,17.49377683333333
341.231,8.633822678162996,34.66152049088183,36.63803689286803,216.9765916455217,2026-06-25 04:20:48.642823,0.6240000000000001,0.21600000000000003,6.04568220971419,20.330189138585304,-34.63892533333333,17.49377683333333
341.36,8.638600906298063,34.661277206118996,36.64338899813413,216.6379132045977,2026-06-25 04:20:48.742797,0.6240000000000001,0.21600000000000003,6.045694063313402,20.33608546700856,-34.63892533333333,17.49377683333333
341.649,8.642219707920217,34.66106163800591,36.64758225623975,216.46252295290248,2026-06-25 04:20:48.817778,0.6240000000000001,0.21600000000000003,6.04570252996051,20.349295070995534,-34.63892533333333,17.49377683333333
341.838,8.646824312784231,34.66071939768218,36.65323721281383,216.0329482853111,2026-06-25 04:20:48.917752,0.6240000000000001,0.21600000000000003,6.045719039462063,20.357933877755187,-34.63892533333333,17.49377683333333
342.272,8.651800906438112,34.66022098273626,36.65969699205503,215.62257648825752,2026-06-25 04:20:49.042719,0.6240000000000001,0.21600000000000003,6.045743167652894,20.377771137721787,-34.63892533333333,17.49377683333333
342.497,8.654098711585172,34.659878576176745,36.66289352384786,215.14613360331126,2026-06-25 04:20:49.117699,0.6240000000000001,0.21600000000000003,6.045756712925451,20.3566041874095,-34.63892533333333,17.49377683333333
342.715,8.655260540283086,34.65963064209575,36.66463541615238,215.13612401176363,2026-06-25 04:20:49.167686,0.6240000000000001,0.21600000000000003,6.045763485363454,20.331587039609555,-34.63892533333333,17.49377683333333
342.8405,8.656421795684215,34.65922881212606,36.66661156643318,214.97436780228432,2026-06-25 04:20:49.242667,0.6240000000000001,0.21600000000000003,6.045770257693311,20.317184965990773,-34.63892533333333,17.49377683333333
342.98,8.657034248721788,34.6587967396687,36.66793491943452,214.81197395524475,2026-06-25 04:20:49.317647,0.6240000000000001,0.21600000000000003,6.045780416037899,20.301176286549982,-34.63892533333333,17.49377683333333
343.33,8.656995912355116,34.65816458843783,36.668535921162146,214.51474660244583,2026-06-25 04:20:49.417621,0.6180000000000001,0.21600000000000003,6.045780416037899,20.26101114099961,-34.63892533333333,17.49377683333333
343.48199999999997,8.656654546305655,34.65792813818504,36.668257028914944,214.59034557673533,2026-06-25 04:20:49.450946,0.6240000000000001,0.21600000000000003,6.042830117621713,20.24356799207488,-34.63892533333333,17.49377683333333
343.888,8.65547330066136,34.65671461866766,36.667307960654334,214.2316228491268,2026-06-25 04:20:49.567582,0.6240000000000001,0.21600000000000003,6.045777029951073,20.14903577828472,-34.63892533333333,17.49377683333333
343.721,8.654585990166124,34.65710043402466,36.66636058623384,214.2302728840292,2026-06-25 04:20:49.617569,0.6240000000000001,0.21600000000000003,6.045780416037899,20.18899532359521,-34.63892533333333,17.49377683333333
344.0795,8.652811219640688,34.656104740333056,36.66438418749518,213.9513840954798,2026-06-25 04:20:49.692550,0.6210000000000001,0.21600000000000003,6.045771950772771,20.10321390447058,-34.63892533333333,17.49377683333333
344.4245,8.647124183876926,34.654776247732734,36.65823869626269,213.97978586448792,2026-06-25 04:20:49.842511,0.6181807228915661,0.21600000000000003,6.0456504990687465,20.020662747990798,-34.63892533333333,17.49377683333333
344.81674999999996,8.633920210267341,34.65280005129995,36.64440095813221,213.56437858683617,2026-06-25 04:20:50.042458,0.6240000000000001,0.21600000000000003,6.045736437328131,20.07180121143343,-34.63892533333333,17.49377683333333
345.088,8.621883744701794,34.65145175984761,36.631579540563195,213.5740685779009,2026-06-25 04:20:50.167426,0.6240000000000001,0.21600000000000003,6.041852304175801,20.11967116839385,-34.63892533333333,17.49377683333333
345.259,8.609290815107718,34.6502949872191,36.61780277655123,213.37937879833308,2026-06-25 04:20:50.267400,0.6240000000000001,0.21600000000000003,6.041810586992446,20.14984909517811,-34.63892533333333,17.49377683333333
345.681,8.594863820285587,34.6490907840069,36.601769860512256,213.4731943968131,2026-06-25 04:20:50.367374,0.6240000000000001,0.21800000000000003,6.041791095673359,20.224323277066738,-34.63892533333333,17.49377683333333
345.921,8.57839092552555,34.64782670224274,36.58309873346872,213.31750908190293,2026-06-25 04:20:50.467348,0.6240000000000001,0.21800000000000003,6.041729879350159,20.266678262027103,-34.63892533333333,17.49377683333333
346.047,8.573689622142616,34.647487512699676,36.5777021791145,213.48960707664645,2026-06-25 04:20:50.492341,0.6240000000000001,0.21800000000000003,6.0417315777092,20.29584453283451,-34.63892533333333,17.49377683333333
346.23249999999996,8.560449176459834,34.64650315310267,36.56257370073256,213.452025961887,2026-06-25 04:20:50.567322,0.6240000000000001,0.21800000000000003,6.041685662104921,20.408924977685803,-34.63892533333333,17.49377683333333
346.599,8.541936840177566,34.644082089375416,36.54125481051955,213.31922136471522,2026-06-25 04:20:50.667296,0.6240000000000001,0.21800000000000003,6.041614227174032,20.570575779736988,-34.63892533333333,17.49377683333333
346.43399999999997,8.528022267751002,34.645141466651545,36.52487736993611,213.40967731375457,2026-06-25 04:20:50.742276,0.6240000000000001,0.21800000000000003,6.041587010731526,20.531758991904372,-34.63892533333333,17.49377683333333
346.8216666666667,8.506347371336828,34.64225934122868,36.498942697497846,213.5737316013949,2026-06-25 04:20:50.867243,0.6240000000000001,0.21800000000000003,6.041534103323932,20.587748911171357,-34.63892533333333,17.49377683333333
347.015,8.49088128741488,34.64075795095836,36.48111089088221,214.06277611054531,2026-06-25 04:20:50.967217,0.6240000000000001,0.21800000000000003,6.041423680370326,20.602659713913766,-34.63892533333333,17.49377683333333
347.275,8.484005484418816,34.63999035496845,36.47390787864566,213.8331629486506,2026-06-25 04:20:51.017204,0.6240000000000001,0.21800000000000003,6.041389646181929,20.622712172774254,-34.63892533333333,17.49377683333333
347.41549999999995,8.474518184801154,34.63882006059862,36.46493696310546,214.22130479112968,2026-06-25 04:20:51.092185,0.6240000000000001,0.21800000000000003,6.039419269117083,20.633548213043092,-34.63892533333333,17.49377683333333
347.84366666666665,8.45577330172999,34.63628265426369,36.44925299307269,214.35392776503744,2026-06-25 04:20:51.250477,0.6240000000000001,0.21800000000000003,6.040876846597609,20.666570499461425,-34.63892533333333,17.49377683333333
348.05133333333333,8.445357875492872,34.634914190310134,36.440383215515176,214.472795913832,2026-06-25 04:20:51.333788,0.6240000000000001,0.21800000000000003,6.0373881926171915,20.682586758269224,-34.63892533333333,17.49377683333333
348.22249999999997,8.423557365210309,34.63228075119052,36.4207983729365,214.33400984901516,2026-06-25 04:20:51.492081,0.6240000000000001,0.21600000000000003,6.037335992259855,20.695787960352376,-34.63892533333333,17.49377683333333
348.437,8.411015175715793,34.63100981926341,36.40856495080882,214.12467284658157,2026-06-25 04:20:51.567061,0.6300000000000001,0.21600000000000003,6.037308642697218,20.712331238912284,-34.63892533333333,17.49377683333333
348.764,8.396739215187072,34.62843667306851,36.39397729599604,214.23059540497724,2026-06-25 04:20:51.642041,0.6270000000000001,0.21600000000000003,6.0372778723494385,20.737551062171434,-34.63892533333333,17.49377683333333
348.673,8.38119941656723,34.62972720473391,36.37755814792588,214.35043924683177,2026-06-25 04:20:51.717022,0.6300000000000001,0.21600000000000003,6.037230003733366,20.730532701570265,-34.63892533333333,17.49377683333333
349.0285,8.364585529179784,34.62713804685502,36.359347380049925,214.32282245320638,2026-06-25 04:20:51.792002,0.6240000000000001,0.21600000000000003,6.037194098916515,20.757950582819895,-34.63892533333333,17.49377683333333
349.46,8.347679615427516,34.62452627361588,36.340326590759965,214.60850877418306,2026-06-25 04:20:51.866983,0.6240000000000001,0.21600000000000003,6.037147931985443,20.791229952044123,-34.63892533333333,17.49377683333333
349.22249999999997,8.331060717312777,34.62583439383139,36.32123715026968,215.08748087225442,2026-06-25 04:20:51.941963,0.6240000000000001,0.21600000000000003,6.037047032589216,20.772912802123486,-34.63892533333333,17.49377683333333
349.722,8.315086911504338,34.62321603280487,36.30281359620127,215.22635340552822,2026-06-25 04:20:52.016944,0.6240000000000001,0.21600000000000003,6.03699400973794,20.811436660588154,-34.63892533333333,17.49377683333333
349.8,8.300259662218345,34.62190495277457,36.285857599256396,215.35738275939173,2026-06-25 04:20:52.091924,0.6240000000000001,0.21600000000000003,6.03693755837118,20.817452398246303,-34.63892533333333,17.49377683333333
350.07500000000005,8.282276900072963,34.62015852878909,36.265781073229896,215.8263041894408,2026-06-25 04:20:52.191898,0.6269999999999923,0.21600000000000003,6.036863992511765,20.83866172973336,-34.63892533333333,17.49377683333333
350.2695,8.266579629211034,34.6184174528614,36.248906866762226,216.26886883656684,2026-06-25 04:20:52.291872,0.6240000000000001,0.21600000000000003,6.034873290571183,20.853662511457838,-34.63892533333333,17.49377683333333
350.607,8.250260081851374,34.615683203865785,36.23199263338533,216.41758432824122,2026-06-25 04:20:52.416840,0.6240000000000001,0.21600000000000003,6.036744208950194,20.879692145555588,-34.63892533333333,17.49377683333333
350.4973333333333,8.247054865964058,34.616253910835766,36.228744182895845,216.7792345570548,2026-06-25 04:20:52.450164,0.6257113402061866,0.21600000000000003,6.036701131969441,20.87123412124135,-34.63892533333333,17.49377683333333
350.845,8.235745594869938,34.61368684678577,36.217226604345704,217.189257665243,2026-06-25 04:20:52.566800,0.6240000000000001,0.21600000000000003,6.036658630941984,20.89804785789711,-34.63892533333333,17.49377683333333
351.11350000000004,8.230284091260906,34.612419290238904,36.211658563836934,217.54484604656682,2026-06-25 04:20:52.641781,0.6240000000000001,0.21600000000000003,6.036639801712129,20.918755877912655,-34.63892533333333,17.49377683333333
351.3115,8.224360678407631,34.61074754398542,36.205630792285085,217.60248938329775,2026-06-25 04:20:52.741755,0.6240000000000001,0.21499999999999875,6.036615836208028,20.934026596583333,-34.63892533333333,17.49377683333333
351.5775,8.219735215875769,34.609100682189194,36.201043831896385,217.9622625213204,2026-06-25 04:20:52.841729,0.6240000000000001,0.21600000000000003,6.0346571384962,20.954541804494443,-34.63892533333333,17.49377683333333
351.842,8.215860540556296,34.60748188659552,36.197432788572414,218.31721418296726,2026-06-25 04:20:52.941703,0.6240000000000001,0.21600000000000003,6.036566189600019,20.974941325142904,-34.63892533333333,17.49377683333333
351.985,8.211894922015755,34.60589419526688,36.1940078124712,218.35606432464766,2026-06-25 04:20:53.041677,0.6240000000000001,0.21600000000000003,6.032684612380398,20.985970177516172,-34.63892533333333,17.49377683333333
352.225,8.208307550523656,34.604724453264524,36.190973190265964,218.38289438885909,2026-06-25 04:20:53.116657,0.6240000000000001,0.21600000000000003,6.032679455458325,21.00448013954124,-34.63892533333333,17.49377683333333
352.467,8.203616881452493,34.60357724502887,36.186814725640346,218.72060979148097,2026-06-25 04:20:53.191638,0.6240000000000001,0.21600000000000003,6.032676017477693,21.023144351249844,-34.63892533333333,17.49377683333333
352.7066666666667,8.191260801140933,34.601474163612934,36.17461765302544,218.81651586750834,2026-06-25 04:20:53.333267,0.6240000000000001,0.21600000000000003,6.032646713802554,21.041628604994326,-34.63892533333333,17.49377683333333
353.0656666666667,8.17871891907687,34.59979912239492,36.16124726500081,218.89953925062903,2026-06-25 04:20:53.449904,0.6240000000000001,0.21600000000000003,6.033210498516057,21.069316423190152,-34.63892533333333,17.49377683333333
353.304,8.165304810681937,34.59817502955376,36.14628435358551,219.0195088824565,2026-06-25 04:20:53.566540,0.6240000000000001,0.21600000000000003,6.032583182762164,21.08769784381226,-34.63892533333333,17.49377683333333
353.61249999999995,8.152431063868542,34.59652775554337,36.13147507340635,219.1621297044613,2026-06-25 04:20:53.691507,0.6240000000000001,0.21600000000000003,6.032510965064278,21.111490857498644,-34.63892533333333,17.49377683333333
353.79650000000004,8.15293068840376,34.59651562546841,36.132109677366444,219.15621596089375,2026-06-25 04:20:53.691507,0.6240000000000001,0.21600000000000003,6.0325161221570545,21.09748441454247,-34.63892533333333,17.49377683333333
354.062,8.140906690712882,34.59462289992368,36.118669041506195,219.28410755002054,2026-06-25 04:20:53.841468,0.6240000000000001,0.21500000000000144,6.032454216065274,21.055833148206435,-34.63892533333333,17.49377683333333
354.2475,8.135443737788783,34.593424206979655,36.113038889523445,219.33921373480823,2026-06-25 04:20:53.941442,0.6240000000000001,0.21600000000000003,6.032430138502999,21.02673216927862,-34.63892533333333,17.49377683333333
354.4335,8.130290456207822,34.592004053956245,36.10801164124166,219.2337320381474,2026-06-25 04:20:54.066410,0.6240000000000001,0.21600000000000003,6.032411219451439,20.997552751054506,-34.63892533333333,17.49377683333333
354.6355,8.128467216953384,34.59145723454873,36.10627785373905,219.25075763684535,2026-06-25 04:20:54.116397,0.6240000000000001,0.21600000000000003,6.032406059644512,21.01404446729357,-34.63892533333333,17.49377683333333
354.897,8.124993564223605,34.59039714732704,36.103020548939085,219.12662030962113,2026-06-25 04:20:54.216370,0.6240000000000001,0.21600000000000003,6.032397459864393,21.046917382152415,-34.63892533333333,17.49377683333333
355.03,8.122402899647028,34.58964449888104,36.10057159706621,219.15055289608165,2026-06-25 04:20:54.291351,0.6240000000000001,0.21600000000000003,6.032388859851914,21.063636684929566,-34.63892533333333,17.49377683333333
355.46566666666666,8.117464449198565,34.58831290639202,36.09570551651782,219.1956298495743,2026-06-25 04:20:54.432981,0.6240000000000001,0.21600000000000003,6.032374607099913,21.11840392485373,-34.63892533333333,17.49377683333333
355.6415,8.114639701443998,34.58757226356167,36.09285220513954,219.07370216122206,2026-06-25 04:20:54.516292,0.6240000000000001,0.21500000000000002,6.030425857207763,21.14050776499145,-34.63892533333333,17.49377683333333
355.835,8.110040022297312,34.58634296525892,36.088169411068,218.9671358247282,2026-06-25 04:20:54.666253,0.6240000000000001,0.21600000000000003,6.028471426732694,21.164832464896556,-34.63892533333333,17.49377683333333
356.049,8.11008263595947,34.586336050206086,36.08821973857387,218.97431754377635,2026-06-25 04:20:54.666253,0.6270000000000014,0.21600000000000003,6.028466245418914,21.187653096807427,-34.63892533333333,17.49377683333333
356.4126666666666,8.106240587496126,34.585235740634396,36.08441912873917,219.01067096833677,2026-06-25 04:20:54.816214,0.6240000000000001,0.21600000000000003,6.028454155727694,21.21088199372174,-34.63892533333333,17.49377683333333
356.87566666666663,8.102488591731088,34.58415853050039,36.081025872683036,219.05193982171076,2026-06-25 04:20:54.982837,0.6240000000000001,0.21600000000000003,6.028437742651607,21.240455722240515,-34.63892533333333,17.49377683333333
356.967,8.10176067222175,34.583949499181244,36.08038523978878,219.05759014722796,2026-06-25 04:20:55.016162,0.6240000000000001,0.21600000000000003,6.028436884108625,21.24857545218306,-34.63892533333333,17.49377683333333
357.313,8.098892772924607,34.58325929959061,36.07815125412199,219.08488591136722,2026-06-25 04:20:55.141129,0.6240000000000001,0.21600000000000003,6.028428248065733,21.29393821338237,-34.63892533333333,17.49377683333333
357.3755,8.096538400583523,34.58276496347841,36.07642209388586,218.9457049049695,2026-06-25 04:20:55.241103,0.6240000000000001,0.21600000000000003,6.028426520842416,21.302132353772418,-34.63892533333333,17.49377683333333
357.6645,8.093840483420735,34.58222400495397,36.074422126008216,219.13229200334172,2026-06-25 04:20:55.366071,0.6240000000000001,0.21600000000000003,6.028410975525499,21.340022058936,-34.63892533333333,17.49377683333333
357.873,8.093787681396346,34.5822177520545,36.07440488816266,219.13636914208521,2026-06-25 04:20:55.366071,0.6240000000000001,0.21600000000000003,6.028409248240768,21.367357711277204,-34.63892533333333,17.49377683333333
358.033,8.091675430183987,34.58175179948459,36.072602412130365,218.8535590416714,2026-06-25 04:20:55.491038,0.6240000000000001,0.21600000000000003,6.028397156977422,21.388334710675732,-34.63892533333333,17.49377683333333
358.252,8.090711700727761,34.581506236076834,36.071588522614604,218.87311271180343,2026-06-25 04:20:55.566019,0.6240000000000001,0.21600000000000003,6.028385065566674,21.352786740871185,-34.63892533333333,17.49377683333333
358.4465,8.08957423442091,34.581227753905864,36.07016774471195,218.88100780075587,2026-06-25 04:20:55.665993,0.6240000000000001,0.21600000000000003,6.02838506555439,21.308850148883163,-34.63892533333333,17.49377683333333
358.84233333333333,8.087949119527865,34.58099816000409,36.06831706608238,218.89607682362887,2026-06-25 04:20:55.765967,0.6240000000000001,0.21600000000000003,6.028382246573585,21.21943334856479,-34.63892533333333,17.49377683333333
359.122,8.087263284726042,34.58088083184071,36.06747633731338,218.90652608359792,2026-06-25 04:20:55.815954,0.6240000000000001,0.21600000000000003,6.02837815601011,21.261383412037482,-34.63892533333333,17.49377683333333
359.2195,8.08351822265075,34.58067203211243,36.06385519447751,218.91386965404428,2026-06-25 04:20:55.940921,0.6240000000000001,0.21600000000000003,6.028390247666534,21.28616104013879,-34.63892533333333,17.49377683333333
359.4765,8.078302563050709,34.58052911716577,36.058793402234286,218.80435716863641,2026-06-25 04:20:56.065888,0.6240000000000001,0.21600000000000003,6.0283747008878645,21.351472326518667,-34.63892533333333,17.49377683333333
359.66200000000003,8.07606700466452,34.580487377421164,36.05654494079831,218.82602127388026,2026-06-25 04:20:56.115875,0.6240000000000001,0.21600000000000003,6.028366063800884,21.398613352290923,-34.63892533333333,17.49377683333333
359.776,8.071598480131584,34.58042715690976,36.051914613536574,218.7147989240897,2026-06-25 04:20:56.215849,0.6240000000000001,0.21600000000000003,6.0283470617894,21.42758411745553,-34.63892533333333,17.49377683333333
360.2455,8.06858286211456,34.58042715690976,36.04866709333555,218.7518062225629,2026-06-25 04:20:56.290830,0.6240000000000001,0.21600000000000003,6.028329786313226,21.546897926620318,-34.63892533333333,17.49377683333333
360.4765,8.064612362285636,34.58042285421225,36.04453322119645,218.79294366546753,2026-06-25 04:20:56.415797,0.6240000000000001,0.21600000000000003,6.028310782655469,21.586723495504845,-34.63892533333333,17.49377683333333
360.841,8.064497510188438,34.580461951509335,36.044367324132764,218.7952638789335,2026-06-25 04:20:56.415797,0.6240000000000001,0.21600000000000003,6.028312510321036,21.543093139322323,-34.63892533333333,17.49377683333333
360.668,8.062247942203697,34.58042285421225,36.042378732670784,218.82580074712521,2026-06-25 04:20:56.515771,0.6240000000000001,0.21600000000000003,6.028291778260504,21.56380109986986,-34.63892533333333,17.49377683333333
361.07233333333335,8.060486138674486,34.58053518109281,36.04141959208324,218.8523453996546,2026-06-25 04:20:56.615745,0.6240000000000001,0.21600000000000003,6.0282779563953195,21.515402725796335,-34.63892533333333,17.49377683333333
361.38300000000004,8.057810842516712,34.58065847148284,36.040376922554515,218.7112235066631,2026-06-25 04:20:56.740712,0.6240000000000001,0.21600000000000003,6.028281411898479,21.479451242643723,-34.63892533333333,17.49377683333333
361.693,8.052965724724846,34.58081773805049,36.03744282567784,218.5842009396143,2026-06-25 04:20:56.865680,0.6240000000000001,0.21600000000000003,6.026347251767551,21.463615080944273,-34.63892533333333,17.49377683333333
361.871,8.05319711341313,34.580820151423296,36.0377379394841,218.58480303347926,2026-06-25 04:20:56.865680,0.6240000000000001,0.21600000000000003,6.028281411898479,21.454522059065233,-34.63892533333333,17.49377683333333
361.9875,8.045731379467389,34.58100836624898,36.031409615941094,218.6276272196634,2026-06-25 04:20:56.990647,0.6240000000000001,0.21600000000000003,6.0282762286314515,21.448570727329795,-34.63892533333333,17.49377683333333
362.3245,8.038307522871346,34.58117859312166,36.02360685560416,218.37429855560575,2026-06-25 04:20:57.090621,0.6240000000000001,0.21600000000000003,6.026328204911697,21.431355287030712,-34.63892533333333,17.49377683333333
362.393,8.03245225880338,34.581314747529476,36.01673610471375,218.43689269528605,2026-06-25 04:20:57.165602,0.6240000000000001,0.21600000000000003,6.028229576770467,21.42785600613906,-34.63892533333333,17.49377683333333
362.695,8.026865179095193,34.581457872763146,36.00972155394662,218.33836637299376,2026-06-25 04:20:57.240582,0.6240000000000001,0.21600000000000003,6.028205385102305,21.411752177484416,-34.63892533333333,17.49377683333333
362.993,8.021806833394018,34.58170638669702,36.003118547032244,218.2299848186247,2026-06-25 04:20:57.315563,0.6240000000000001,0.21600000000000003,6.0243194267589635,21.382132603884866,-34.63892533333333,17.49377683333333
362.881,8.018873305863815,34.581605524183935,35.9991805468906,218.2750245102448,2026-06-25 04:20:57.365550,0.6240000000000001,0.21600000000000003,6.028156998299883,21.39326479262027,-34.63892533333333,17.49377683333333
363.2475,8.013959107744665,34.58191220952328,35.99281911163174,218.32862960230418,2026-06-25 04:20:57.465524,0.6240000000000001,0.21600000000000003,6.024262169681858,21.35683669287451,-34.63892533333333,17.49377683333333
363.379,8.011699490171175,34.58201594138147,35.99013210726339,218.34788606304005,2026-06-25 04:20:57.515510,0.6240000000000001,0.21600000000000003,6.024255229115188,21.34376631056464,-34.63892533333333,17.49377683333333
363.6503333333333,8.005246688993582,34.58232758125725,35.983636148010206,218.37651582994863,2026-06-25 04:20:57.665471,0.6240000000000001,0.21600000000000003,6.024260434669788,21.316797258092567,-34.63892533333333,17.49377683333333
363.8565,7.999854890030851,34.58258260212631,35.9787802116679,218.2830276888407,2026-06-25 04:20:57.790439,0.6240000000000001,0.21600000000000003,6.024229200663314,21.349571539477846,-34.63892533333333,17.49377683333333
364.247,7.996683688243518,34.58273101668126,35.97572268489989,218.15596629627427,2026-06-25 04:20:57.865419,0.6300000000000001,0.21600000000000003,6.024222259516515,21.48930235675808,-34.63892533333333,17.49377683333333
364.458,7.994715063573595,34.58282705867658,35.97364830760538,218.1675518664761,2026-06-25 04:20:57.915406,0.6240000000000001,0.21600000000000003,6.024222259516515,21.564803515390935,-34.63892533333333,17.49377683333333
364.6143333333334,7.991162475398137,34.58303751316826,35.96962611421538,218.21395129242296,2026-06-25 04:20:58.032043,0.6240000000000001,0.21600000000000003,6.02419483416345,21.620743552355883,-34.63892533333333,17.49377683333333
364.808,7.990135454455704,34.58309790453309,35.9684084955642,218.2351854217673,2026-06-25 04:20:58.065367,0.6240000000000001,0.21600000000000003,6.024180610487779,21.6900424041184,-34.63892533333333,17.49377683333333
364.977,7.987975974642056,34.583332730790346,35.96654458732757,217.9549572913087,2026-06-25 04:20:58.215328,0.6240000000000001,0.21600000000000003,6.024166726688099,21.750514896103944,-34.63892533333333,17.49377683333333
365.251,7.988089582094769,34.58333514285975,35.96673524779675,217.9588235672741,2026-06-25 04:20:58.215328,0.6240000000000001,0.21499999999999947,6.024164991182274,21.848559054707742,-34.63892533333333,17.49377683333333
365.423,7.987942800127276,34.58352602878569,35.96812787484674,217.96445626257372,2026-06-25 04:20:58.365289,0.6240000000000001,0.21600000000000003,6.0241615201582785,21.8576788952858,-34.63892533333333,17.49377683333333
365.6065,7.98824889689778,34.58357914784257,35.969086376020954,217.9611642230505,2026-06-25 04:20:58.415276,0.6240000000000001,0.21600000000000003,6.024164991182274,21.84383411656015,-34.63892533333333,17.49377683333333
365.986,7.989569379670947,34.58368653175964,35.972044126521354,217.80713342873617,2026-06-25 04:20:58.540243,0.6240000000000001,0.21600000000000003,6.024163255664103,21.81520145429102,-34.63892533333333,17.49377683333333
366.257,7.991030922451802,34.58373883822636,35.97471517055784,217.65143970815512,2026-06-25 04:20:58.640217,0.6240000000000001,0.21500000000000002,6.0241615201582785,21.801516043755512,-34.63892533333333,17.49377683333333
366.591,7.9921491582474244,34.58373883822636,35.97671195423507,217.6369663759075,2026-06-25 04:20:58.715198,0.6240000000000001,0.21600000000000003,6.0241736686373235,21.80904393577079,-34.63892533333333,17.49377683333333
366.4685,7.9931457607397185,34.58373883822636,35.97857553589568,217.32569913192793,2026-06-25 04:20:58.790178,0.6270000000000001,0.21600000000000003,6.0241736686373235,21.806282957411895,-34.63892533333333,17.49377683333333
366.8215,7.994211167958078,34.58372779792745,35.98076003104268,217.31345500900738,2026-06-25 04:20:58.890152,0.6240000000000001,0.21600000000000003,6.024184081363624,21.814239082805287,-34.63892533333333,17.49377683333333
367.034,7.995098462523851,34.58363818197756,35.98290302959642,217.15721907363007,2026-06-25 04:20:59.015120,0.6240000000000001,0.21600000000000003,6.02418581680772,21.819028535060518,-34.63892533333333,17.49377683333333
367.203,7.995126737928185,34.58363313249978,35.98295049143354,217.00813330741119,2026-06-25 04:20:59.015120,0.6240000000000001,0.21600000000000003,6.02418408137597,21.81563132328,-34.63892533333333,17.49377683333333
367.577,7.995727879760989,34.58339168855018,35.984746512389094,217.00917419277317,2026-06-25 04:20:59.165081,0.6240000000000001,0.21600000000000003,6.02418408137597,21.792722016403754,-34.63892533333333,17.49377683333333
367.52700000000004,7.9956796936681025,34.58344556770241,35.984793472181224,216.85151013990964,2026-06-25 04:20:59.190074,0.6240000000000001,0.21600000000000003,6.024189287658874,21.795784757964746,-34.63892533333333,17.49377683333333
367.86850000000004,7.995607317773995,34.5831973860724,35.98523923937708,216.70516960384836,2026-06-25 04:20:59.290048,0.6240000000000001,0.21600000000000003,6.024187552227125,21.774866233103147,-34.63892533333333,17.49377683333333
368.25100000000003,7.995149603770329,34.58293904221695,35.98518660336206,216.61070322957022,2026-06-25 04:20:59.398353,0.6240000000000001,0.21600000000000003,6.024190892079471,21.759358928474242,-34.63892533333333,17.49377683333333
368.52,7.994262751983731,34.58260307519399,35.984576095638396,216.41165790522516,2026-06-25 04:20:59.514989,0.6240000000000001,0.21600000000000003,6.024191023078279,21.798965530879215,-34.63892533333333,17.49377683333333
368.68399999999997,7.992976476456298,34.582156031606864,35.983419714697746,216.12902891353104,2026-06-25 04:20:59.639957,0.6240000000000001,0.21600000000000003,6.024178875031338,21.823112307066634,-34.63892533333333,17.49377683333333
368.79600000000005,7.992928558240602,34.58214311169739,35.983397135573476,216.12341363758108,2026-06-25 04:20:59.639957,0.6240000000000001,0.21600000000000003,6.024185816783029,21.839602788365372,-34.63892533333333,17.49377683333333
368.98850000000004,7.991071270323056,34.581514700436266,35.98187028171175,215.98378144112027,2026-06-25 04:20:59.789918,0.6240000000000001,0.21500000000000097,6.024185816807719,21.86794580309756,-34.63892533333333,17.49377683333333
369.256,7.98925226917652,34.580890422678486,35.98062535747745,215.86028680990023,2026-06-25 04:20:59.914885,0.6240000000000001,0.21600000000000003,6.0241701976750575,21.907331550842276,-34.63892533333333,17.49377683333333
369.449,7.989243161819521,34.58088361892548,35.98062632926564,216.01016134288056,2026-06-25 04:20:59.914885,0.6240000000000001,0.21500000000000002,6.024173668624977,21.93574818379455,-34.63892533333333,17.49377683333333
369.7285,7.9873409348304865,34.580177742849436,35.97940273786888,215.56753764679237,2026-06-25 04:21:00.039852,0.6240000000000001,0.21600000000000003,6.02417540410611,21.929918963730927,-34.63892533333333,17.49377683333333
369.874,7.986249476582343,34.57971159625118,35.97867989317839,215.58702243539608,2026-06-25 04:21:00.114833,0.6240000000000001,0.21600000000000003,6.0241632556764495,21.915830942966696,-34.63892533333333,17.49377683333333
370.0,7.9852463724913765,34.57921081824405,35.97798730180003,215.60074167017254,2026-06-25 04:21:00.189813,0.6240000000000001,0.21600000000000003,6.024156313579071,21.90363100745953,-34.63892533333333,17.49377683333333
370.257,7.984337427114964,34.578682261826074,35.977326485650906,215.604909130269,2026-06-25 04:21:00.264794,0.6240000000000001,0.21600000000000003,6.024159784640107,21.87874701202031,-34.63892533333333,17.49377683333333
370.465,7.983219110682057,34.57778449420248,35.97645061740075,215.62204812392886,2026-06-25 04:21:00.381430,0.6240000000000001,0.21600000000000003,6.024151331525449,21.85860743594499,-34.63892533333333,17.49377683333333
370.924,7.982500690206417,34.57710865751402,35.975915001096155,215.33432304932379,2026-06-25 04:21:00.464742,0.6240000000000001,0.21500000000000002,6.024145900247803,21.81416481374031,-34.63892533333333,17.49377683333333
371.065,7.981575777198241,34.57624950304519,35.97535076900762,215.35175809252803,2026-06-25 04:21:00.564716,0.6240000000000001,0.21600000000000003,6.0241354866942896,21.84843635568985,-34.63892533333333,17.49377683333333
371.2325,7.9804039719505795,34.57556260765571,35.97473129521317,215.36001714135932,2026-06-25 04:21:00.639696,0.6240000000000001,0.21600000000000003,6.0241354866942896,21.894444892863124,-34.63892533333333,17.49377683333333
371.651,7.978569767808513,34.57435533856678,35.973672367200464,215.3746384705115,2026-06-25 04:21:00.714677,0.6240000000000001,0.21600000000000003,6.0241354866942896,22.00939756633783,-34.63892533333333,17.49377683333333
371.511,7.9767170766111235,34.57484886164618,35.972465295874926,215.37811160980561,2026-06-25 04:21:00.764664,0.6240000000000001,0.21400000000000002,6.024138957903489,21.970942669595996,-34.63892533333333,17.49377683333333
371.866,7.970756880839772,34.57332492072275,35.96789116320804,215.12475188496018,2026-06-25 04:21:00.864638,0.6240000000000001,0.21600000000000003,6.024125072918523,22.068453300619932,-34.63892533333333,17.49377683333333
372.2746666666667,7.953360033432624,34.571125289876676,35.95172028480348,215.01021016115126,2026-06-25 04:21:01.031261,0.6240000000000001,0.21600000000000003,6.0241141107867415,22.113796475874526,-34.63892533333333,17.49377683333333
372.082,7.949391193095435,34.571496873063246,35.94798229359764,214.95573352177405,2026-06-25 04:21:01.064585,0.6240000000000001,0.21400000000000002,6.024100773244045,22.09337362726828,-34.63892533333333,17.49377683333333
372.64549999999997,7.921586543449944,34.56903848542673,35.91657778163456,214.84649676974826,2026-06-25 04:21:01.239540,0.6240000000000001,0.21600000000000003,6.020182432326671,22.15310515939432,-34.63892533333333,17.49377683333333
372.824,7.918229823955775,34.56870880446412,35.911943963415666,214.92195463149633,2026-06-25 04:21:01.264533,0.6240000000000001,0.21600000000000003,6.023994872624192,22.172026327955987,-34.63892533333333,17.49377683333333
373.0855,7.90290908861161,34.56746158305904,35.89316179222975,214.91036489422862,2026-06-25 04:21:01.364507,0.6240000000000001,0.21600000000000003,6.021998905377,22.19974557489647,-34.63892533333333,17.49377683333333
373.176,7.890008879987082,34.56616153580407,35.876917677400186,214.89412357762106,2026-06-25 04:21:01.464481,0.6240000000000001,0.21400000000000002,6.023864656271315,22.204052120293376,-34.63892533333333,17.49377683333333
373.645,7.8786274202216475,34.564582952050166,35.86333065179594,215.29120648376465,2026-06-25 04:21:01.581117,0.6240000000000001,0.2159423076923069,6.0199600088124345,22.182926926318906,-34.63892533333333,17.49377683333333
373.748,7.875434359420838,34.564131685776864,35.859506558770974,215.32634562740947,2026-06-25 04:21:01.614442,0.6240000000000001,0.21600000000000003,6.01994186853959,22.178287491394872,-34.63892533333333,17.49377683333333
374.1095,7.862575823679512,34.561664215363336,35.846326100555274,215.1478787419338,2026-06-25 04:21:01.789396,0.6240000000000001,0.21600000000000003,6.019887812377474,22.16200442610325,-34.63892533333333,17.49377683333333
374.29600000000005,7.862538236779089,34.56165676248851,35.846490018230156,215.29717715475002,2026-06-25 04:21:01.789396,0.6240000000000001,0.21600000000000003,6.019891299818553,22.17769034287182,-34.63892533333333,17.49377683333333
374.6836666666666,7.849039991870074,34.55910533307326,35.8347966977123,215.26934333842098,2026-06-25 04:21:01.964351,0.6240000000000001,0.21600000000000003,6.01984081991593,22.21647872692318,-34.63892533333333,17.49377683333333
374.781,7.839022421095442,34.55761108076355,35.82623093727689,215.33844692532472,2026-06-25 04:21:02.064325,0.6240000000000001,0.21600000000000003,6.019823286259437,22.226217512944682,-34.63892533333333,17.49377683333333
375.05633333333327,7.825456403066657,34.55609196090192,35.8135382309328,215.12950294150517,2026-06-25 04:21:02.164299,0.6240000000000001,0.21600000000000003,6.019801308066493,22.253766270663018,-34.63892533333333,17.49377683333333
375.168,7.809020362763757,34.55455774311582,35.79713882478017,215.24613396801996,2026-06-25 04:21:02.264273,0.6240000000000001,0.21600000000000003,6.019767472903588,22.262000920036584,-34.63892533333333,17.49377683333333
375.437,7.7994300968529044,34.55378409400687,35.787067653139715,215.3172012842523,2026-06-25 04:21:02.314260,0.6240000000000001,0.21600000000000003,6.015875082098631,22.280767583207176,-34.63892533333333,17.49377683333333
375.64366666666666,7.77813273630007,34.55222641657908,35.76395872881324,215.15658835078995,2026-06-25 04:21:02.414234,0.6240000000000001,0.21600000000000003,6.01971321115035,22.29518558960837,-34.63892533333333,17.49377683333333
375.912,7.755472020977516,34.550660385443635,35.738951483128396,215.37008000283004,2026-06-25 04:21:02.514208,0.6240000000000001,0.21600000000000003,6.015741970588893,22.313905743080888,-34.63892533333333,17.49377683333333
376.179,7.738123412887374,34.54948046114042,35.71956430622912,215.8318684438708,2026-06-25 04:21:02.589188,0.6240000000000001,0.21400000000000002,6.017606211560456,22.332532877157274,-34.63892533333333,17.49377683333333
376.4946666666667,7.70697610159727,34.54724649498264,35.683802039962806,216.1674378813242,2026-06-25 04:21:02.730818,0.6240000000000001,0.21400000000000002,6.015491433773606,22.35455521919265,-34.63892533333333,17.49377683333333
376.66949999999997,7.690072337380341,34.54593202730107,35.663560225595376,216.25194162442304,2026-06-25 04:21:02.814129,0.6240000000000001,0.21500000000000094,6.015493163926663,22.366752387511077,-34.63892533333333,17.49377683333333
376.9105,7.66466891044969,34.54357177096261,35.63037313393451,216.66439351272777,2026-06-25 04:21:02.964090,0.6240000000000001,0.21500000000000002,6.015361700109522,22.3835656433628,-34.63892533333333,17.49377683333333
377.0745,7.65757310843956,34.54278804522942,35.620753490751355,216.88154174729814,2026-06-25 04:21:03.014077,0.6240000000000001,0.21500000000000002,6.015333651207287,22.39500702908762,-34.63892533333333,17.49377683333333
377.46133333333336,7.636760001540165,34.54019377617519,35.59587960275449,217.31963291725816,2026-06-25 04:21:03.180700,0.6240000000000001,0.21600000000000003,6.015244460332871,22.421994281391793,-34.63892533333333,17.49377683333333
377.546,7.6327990940058275,34.53967599189711,35.59155153075408,217.10483188601265,2026-06-25 04:21:03.214025,0.6240000000000001,0.21600000000000003,6.015240728073915,22.427901013046476,-34.63892533333333,17.49377683333333
377.873,7.621016176460387,34.53813996456289,35.58140049196581,217.4795948154013,2026-06-25 04:21:03.313999,0.6240000000000001,0.21600000000000003,6.01523371406903,22.45071401994901,-34.63892533333333,17.49377683333333
378.05,7.610082974430926,34.53662185061636,35.57278723978401,217.85160933227905,2026-06-25 04:21:03.413973,0.6240000000000001,0.21600000000000003,6.015186366725786,22.463062344786167,-34.63892533333333,17.49377683333333
378.313,7.6007332096526214,34.53511931835051,35.565924821886576,218.0055578031293,2026-06-25 04:21:03.513947,0.6240000000000001,0.21600000000000003,6.0151214764008305,22.48141042067414,-34.63892533333333,17.49377683333333
378.40250000000003,7.595759428112471,34.534007883602264,35.56307049749974,218.2294283198709,2026-06-25 04:21:03.588927,0.6240000000000001,0.2149999999999973,6.015077626234524,22.487654347639822,-34.63892533333333,17.49377683333333
378.8766666666667,7.590871145161819,34.532184122429484,35.56218171528115,218.46384161168902,2026-06-25 04:21:03.713895,0.6240000000000001,0.21600000000000003,6.011152913450338,22.520734370390954,-34.63892533333333,17.49377683333333
379.171,7.588442966283876,34.52934367683949,35.56386523583149,218.49256157087083,2026-06-25 04:21:03.838862,0.6240000000000001,0.21600000000000003,6.015017984630706,22.54126840208814,-34.63892533333333,17.49377683333333
379.113,7.587129178061874,34.530396452180184,35.564625159484734,218.4881942861613,2026-06-25 04:21:03.913843,0.6240000000000001,0.21600000000000003,6.011151959569388,22.53722205835619,-34.63892533333333,17.49377683333333
379.4415,7.583939650908807,34.52796931317651,35.562991014796516,218.50539860254486,2026-06-25 04:21:04.013817,0.6240000000000001,0.21600000000000003,6.013094627389994,22.560139712079383,-34.63892533333333,17.49377683333333
379.674,7.581708389812625,34.52729127661603,35.56114947531495,218.51793529448108,2026-06-25 04:21:04.063804,0.6240000000000001,0.21600000000000003,6.01309638852306,22.576359969280727,-34.63892533333333,17.49377683333333
380.03475000000003,7.5695789543955225,34.52497879769318,35.54829473860504,218.72373253704347,2026-06-25 04:21:04.238758,0.6240000000000001,0.21600000000000003,6.011138148047879,22.601527529647978,-34.63892533333333,17.49377683333333
380.332,7.557969416817872,34.523380195004755,35.53475253412565,218.99665882318845,2026-06-25 04:21:04.363725,0.6240000000000001,0.21600000000000003,6.0111167352769055,22.62226504127421,-34.63892533333333,17.49377683333333
380.475,7.550527884156102,34.522449347832904,35.52583332058457,219.08577423356172,2026-06-25 04:21:04.438706,0.6240000000000001,0.21600000000000003,6.0130050014833545,22.63224137150988,-34.63892533333333,17.49377683333333
380.961,7.5388504429360115,34.52054867164171,35.512426371501085,219.19722326705084,2026-06-25 04:21:04.563673,0.6240000000000001,0.21600000000000003,6.011021617151108,22.666146941401724,-34.63892533333333,17.49377683333333
380.78866666666664,7.536309168912589,34.52093649353296,35.50984507048549,219.24374200735497,2026-06-25 04:21:04.596998,0.6240000000000001,0.21600000000000003,6.010985582757907,22.654124184451046,-34.63892533333333,17.49377683333333
381.383,7.527478035876516,34.51807294548248,35.500760434237634,219.3144941070384,2026-06-25 04:21:04.713634,0.6240000000000001,0.21600000000000003,6.0109687658407776,22.695587580279003,-34.63892533333333,17.49377683333333
381.2036666666666,7.521617826741317,34.51919136979366,35.49516756174604,219.69593843915493,2026-06-25 04:21:04.813608,0.6240000000000001,0.21600000000000003,6.01092107977956,22.68307647149861,-34.63892533333333,17.49377683333333
381.654,7.515003552173952,34.516717114125626,35.48862589145338,219.74211016753944,2026-06-25 04:21:04.938576,0.6240000000000001,0.21600000000000003,6.010915908881365,22.714493772543797,-34.63892533333333,17.49377683333333
381.8405,7.509500627826516,34.51567166277269,35.48264516319282,219.78706878618016,2026-06-25 04:21:05.038550,0.6240000000000001,0.21600000000000003,6.010901812725449,22.727504860578428,-34.63892533333333,17.49377683333333
382.2103333333334,7.501556500903901,34.514413340424305,35.47335179666636,219.85413470066356,2026-06-25 04:21:05.163517,0.6290416666666705,0.21600000000000003,6.010879957984835,22.75330611558186,-34.63892533333333,17.49377683333333
382.502,7.494535505235775,34.51343951494959,35.46492537682541,219.91046602210557,2026-06-25 04:21:05.263491,0.6240000000000001,0.21600000000000003,6.010863046271964,22.85400150514787,-34.63892533333333,17.49377683333333
382.65200000000004,7.489107538321955,34.5127333740663,35.458581890239756,220.26468361778296,2026-06-25 04:21:05.338471,0.6300000000000001,0.21600000000000003,6.010847186359004,22.910999428522782,-34.63892533333333,17.49377683333333
382.801,7.482202163099643,34.51181825036494,35.45098113257394,220.02876716704228,2026-06-25 04:21:05.438445,0.6270000000000001,0.21600000000000003,6.010811940299566,22.967617365741823,-34.63892533333333,17.49377683333333
383.03,7.477532993775586,34.51115137366499,35.446198802295875,220.3872156337349,2026-06-25 04:21:05.513426,0.6240000000000001,0.21600000000000003,6.010789029125096,23.054634195427496,-34.63892533333333,17.49377683333333
383.216,7.47359734572909,34.510503540420544,35.442396480418466,220.4256793731521,2026-06-25 04:21:05.588406,0.6270000000000001,0.21600000000000003,6.010773166788187,22.995251048759442,-34.63892533333333,17.49377683333333
383.49275,7.467911273386967,34.50925952241641,35.437326980658426,220.4869684562668,2026-06-25 04:21:05.738367,0.628249999999993,0.21600000000000003,6.010745112858675,22.906894673273527,-34.63892533333333,17.49377683333333
383.752,7.464758438837012,34.508264555027246,35.434884879956954,220.52290508602397,2026-06-25 04:21:05.863335,0.6300000000000001,0.21600000000000003,6.010729102368515,22.824125421802073,-34.63892533333333,17.49377683333333
384.02199999999993,7.463244500575743,34.50750511645262,35.43392708443772,220.79636398776972,2026-06-25 04:21:05.963308,0.6300000000000001,0.21600000000000003,6.010713629884099,22.737924079864616,-34.63892533333333,17.49377683333333
384.252,7.4614729685924015,34.506412514974635,35.43288310464599,220.8761227500687,2026-06-25 04:21:06.113269,0.6270000000000001,0.21600000000000003,6.010709712742505,22.715353888211823,-34.63892533333333,17.49377683333333
384.4145,7.460883127415899,34.50606048218586,35.43253644581884,220.88119905419975,2026-06-25 04:21:06.163256,0.6300000000000001,0.21600000000000003,6.010709712742505,22.70521508947088,-34.63892533333333,17.49377683333333
384.668,7.459572469519193,34.50537153780704,35.431746449143446,220.90018510345465,2026-06-25 04:21:06.263230,0.6240000000000001,0.21600000000000003,6.010700899029441,22.689398563435002,-34.63892533333333,17.49377683333333
384.82,7.458753556380772,34.50503732210522,35.43120501371696,220.90628219994403,2026-06-25 04:21:06.313217,0.6240000000000001,0.21600000000000003,6.010700899029441,22.679914887074244,-34.63892533333333,17.49377683333333
385.0165,7.457292430115109,34.504547242831826,35.43011540990045,220.91626894264056,2026-06-25 04:21:06.388198,0.6240000000000001,0.21600000000000003,6.010700899016877,22.676156629320086,-34.63892533333333,17.49377683333333
385.225,7.4550338845214705,34.503911895183194,35.42812143671103,221.08923272669819,2026-06-25 04:21:06.488172,0.6240000000000001,0.21600000000000003,6.010697373486422,22.71942218304949,-34.63892533333333,17.49377683333333
385.5225,7.451880988791647,34.50314869709092,35.42466091646175,221.12517240380998,2026-06-25 04:21:06.613139,0.6240000000000001,0.21600000000000003,6.010681508222451,22.781156006716124,-34.63892533333333,17.49377683333333
385.612,7.451910776763064,34.50314625136576,35.424728174649786,220.9761445574892,2026-06-25 04:21:06.613139,0.6240000000000001,0.21600000000000003,6.010676219788564,22.799728030978873,-34.63892533333333,17.49377683333333
385.969,7.447451542682025,34.50226996812858,35.41944562827182,221.0192757730171,2026-06-25 04:21:06.763100,0.6240000000000001,0.21600000000000003,6.01066045368928,22.873808619378842,-34.63892533333333,17.49377683333333
386.28499999999997,7.442383884997073,34.50156881926553,35.41411144003018,221.05432268551206,2026-06-25 04:21:06.888067,0.6240000000000001,0.21600000000000003,6.010655065173488,22.93346547116009,-34.63892533333333,17.49377683333333
386.498,7.435303273215695,34.50089674626009,35.40749094033132,221.09298396046685,2026-06-25 04:21:07.013035,0.6240000000000001,0.21600000000000003,6.010655065173488,22.945354997132313,-34.63892533333333,17.49377683333333
386.66999999999996,7.435133619960091,34.500894745033996,35.40733477570622,221.10802045099507,2026-06-25 04:21:07.013035,0.6240000000000001,0.21600000000000003,6.010642724409629,22.954955928903306,-34.63892533333333,17.49377683333333
386.842,7.426058738810696,34.500246699621165,35.398884707705704,221.18124740296557,2026-06-25 04:21:07.138002,0.6240000000000001,0.21600000000000003,6.01061804241696,22.964556860674303,-34.63892533333333,17.49377683333333
386.948,7.41970374035015,34.49986851771907,35.39275729367911,221.22372472063734,2026-06-25 04:21:07.212983,0.6240000000000001,0.21600000000000003,6.010609227070408,22.970473713975032,-34.63892533333333,17.49377683333333
387.276,7.41517135675897,34.4996212788928,35.388270889419964,221.27867758050292,2026-06-25 04:21:07.262970,0.6240000000000001,0.21600000000000003,6.01058101689572,22.98878246758484,-34.63892533333333,17.49377683333333
387.39366666666666,7.405807671265239,34.49913854380293,35.37870954535705,221.34968162043694,2026-06-25 04:21:07.362944,0.6230000000000012,0.21600000000000003,6.010559270411116,23.003334452318356,-34.63892533333333,17.49377683333333
387.646,7.391363673693822,34.49836352103741,35.363328991607155,221.46528465590393,2026-06-25 04:21:07.529567,0.6240000000000001,0.21400000000000002,6.010520522340503,23.03454083317749,-34.63892533333333,17.49377683333333
387.792,7.388553474125827,34.49821010274642,35.36027965312656,221.51271672552966,2026-06-25 04:21:07.562892,0.6240000000000001,0.21600000000000003,6.010489322716905,23.052596836897827,-34.63892533333333,17.49377683333333
388.17949999999996,7.380156294840229,34.49733360149532,35.35123505413554,221.62449573977884,2026-06-25 04:21:07.687859,0.6240000000000001,0.21600000000000003,6.010425832162429,23.099032225324567,-34.63892533333333,17.49377683333333
388.112,7.375561668252142,34.49765691674556,35.34649626451186,221.65010349836209,2026-06-25 04:21:07.762839,0.6240000000000001,0.21600000000000003,6.010422304683781,23.09217163957256,-34.63892533333333,17.49377683333333
388.537,7.3691077390887685,34.49691497087262,35.34024574227074,221.71299024835264,2026-06-25 04:21:07.862813,0.6240000000000001,0.21600000000000003,6.010397611541041,23.13536792023338,-34.63892533333333,17.49377683333333
388.633,7.368955138089143,34.496913501037895,35.34013642941558,221.70577380707712,2026-06-25 04:21:07.862813,0.6240000000000001,0.21500000000000002,6.010406430583465,23.145125197747358,-34.63892533333333,17.49377683333333
388.81100000000004,7.35938017832107,34.49640525774589,35.33113749608971,221.75660211941604,2026-06-25 04:21:07.987781,0.6240000000000001,0.21600000000000003,6.010406430658914,23.163216816471195,-34.63892533333333,17.49377683333333
389.346,7.348425605056116,34.49578882621742,35.320384188690895,221.85569427621977,2026-06-25 04:21:08.112748,0.6240000000000001,0.21600000000000003,6.010369389297442,23.178060959362046,-34.63892533333333,17.49377683333333
389.23600000000005,7.345720731662873,34.4959143711297,35.317574702548775,221.89224441162506,2026-06-25 04:21:08.146073,0.6240000000000001,0.21600000000000003,6.010345575433734,23.195489684193205,-34.63892533333333,17.49377683333333
389.645,7.3334701615193465,34.49516780419728,35.305152136511516,222.02776431565923,2026-06-25 04:21:08.312696,0.6240000000000001,0.21600000000000003,6.010278130859181,23.130686516411878,-34.63892533333333,17.49377683333333
389.796,7.328149860420354,34.49481035708666,35.300116432079776,222.08225369858218,2026-06-25 04:21:08.412670,0.6240000000000001,0.21600000000000003,6.010252955525273,23.106761630507275,-34.63892533333333,17.49377683333333
390.094,7.3244433957089985,34.49446700727024,35.2970680095502,222.12596850527407,2026-06-25 04:21:08.512644,0.6240000000000001,0.21600000000000003,6.008292588653701,23.059545630510115,-34.63892533333333,17.49377683333333
390.211,7.324330402308251,34.494465529013986,35.29694971794074,222.13128933940865,2026-06-25 04:21:08.512644,0.6240000000000001,0.21600000000000003,6.006349837997215,23.04100780500787,-34.63892533333333,17.49377683333333
390.4365,7.320804421151731,34.494051531671175,35.29425863233526,222.1519762805709,2026-06-25 04:21:08.637611,0.6240000000000001,0.21600000000000003,6.010228253879765,23.005278919103976,-34.63892533333333,17.49377683333333
390.704,7.319036048884956,34.49381157980979,35.292839772058365,222.18185893536142,2026-06-25 04:21:08.712592,0.6240000000000001,0.21600000000000003,6.010210609178636,23.00175563127616,-34.63892533333333,17.49377683333333
390.794,7.317391190482686,34.493579322617634,35.29137567895027,222.19500323436773,2026-06-25 04:21:08.787572,0.6240000000000001,0.21600000000000003,6.008267830701738,23.00407120716031,-34.63892533333333,17.49377683333333
391.06866666666673,7.314736119534992,34.49320799542727,35.288586112095224,222.22429040218537,2026-06-25 04:21:08.912540,0.6240000000000001,0.21600000000000003,6.006316157048629,23.011138001710453,-34.63892533333333,17.49377683333333
391.269,7.312641286480167,34.492923839100406,35.285977331308544,222.24265787897167,2026-06-25 04:21:09.012514,0.6240000000000001,0.21600000000000003,6.010189434646447,23.016292302104425,-34.63892533333333,17.49377683333333
391.48249999999996,7.310435760487005,34.492655781333724,35.28294735141152,222.26709959798373,2026-06-25 04:21:09.112488,0.6240000000000001,0.21600000000000003,6.006300237494435,23.021785362674045,-34.63892533333333,17.49377683333333
391.572,7.31047290416385,34.49265407010799,35.282973873218204,222.26780400795897,2026-06-25 04:21:09.112488,0.6240000000000001,0.21600000000000003,6.006300237507068,23.024088074247725,-34.63892533333333,17.49377683333333
391.984,7.306575527260842,34.49221920417475,35.27808130470786,221.99141564762573,2026-06-25 04:21:09.262449,0.6240000000000001,0.21600000000000003,6.010168259208267,23.11010135525844,-34.63892533333333,17.49377683333333
391.8505,7.305642447257764,34.49227521052233,35.27718193546872,222.15054019735118,2026-06-25 04:21:09.287442,0.6240000000000001,0.21600000000000003,6.0082289336973105,23.08223054696978,-34.63892533333333,17.49377683333333
392.2543333333333,7.3019973396647515,34.49196827644132,35.27337872229341,222.0176258950219,2026-06-25 04:21:09.395747,0.6240000000000001,0.21600000000000003,6.0062896081863535,23.166538872167575,-34.63892533333333,17.49377683333333
392.368,7.29758841687381,34.49171591411448,35.269075058786605,222.06292892105088,2026-06-25 04:21:09.512383,0.6240000000000001,0.21400000000000002,6.006268348862719,23.190269073482025,-34.63892533333333,17.49377683333333
392.65,7.294639966047496,34.49156698319731,35.266230384677925,222.0934129242652,2026-06-25 04:21:09.587364,0.6240000000000001,0.21500000000000002,6.006255947167357,23.249142241552466,-34.63892533333333,17.49377683333333
392.853,7.291746396218029,34.49142585692095,35.263432202232316,222.12641224628325,2026-06-25 04:21:09.662344,0.6240000000000001,0.21600000000000003,6.006240001682837,23.2486811383445,-34.63892533333333,17.49377683333333
393.11199999999997,7.289063629767204,34.49129466838338,35.26081724373533,222.14455254991645,2026-06-25 04:21:09.737325,0.6240000000000001,0.21500000000000144,6.006238229927237,23.205419863823703,-34.63892533333333,17.49377683333333
393.4286666666667,7.285435264017256,34.49109636025111,35.257146613335415,222.1927134840553,2026-06-25 04:21:09.862292,0.6240000000000001,0.21546236559139847,6.00621218618673,23.152526413637386,-34.63892533333333,17.49377683333333
393.6,7.2833368091533295,34.49095429153445,35.25494144683879,222.22013615879462,2026-06-25 04:21:09.962266,0.6240000000000001,0.21600000000000003,6.006197477880517,23.123908273220792,-34.63892533333333,17.49377683333333
393.848,7.282590782494817,34.49089028401309,35.25417636851689,222.22647427700875,2026-06-25 04:21:10.012253,0.6240000000000001,0.21600000000000003,6.006197477880517,23.082484350127515,-34.63892533333333,17.49377683333333
393.99649999999997,7.281727028112357,34.4908028354989,35.25339110134293,222.2378337075987,2026-06-25 04:21:10.087234,0.6240000000000001,0.21600000000000003,6.006192162146181,23.104172310040777,-34.63892533333333,17.49377683333333
394.2345,7.280840108767629,34.490700674512055,35.25280614838779,222.24484249174472,2026-06-25 04:21:10.187207,0.6240000000000001,0.21500000000000002,6.006192162146181,23.138931464649254,-34.63892533333333,17.49377683333333
394.6215,7.279909215165089,34.49059931047445,35.25250279851846,222.25714152106812,2026-06-25 04:21:10.312175,0.6240000000000001,0.21400000000000002,6.006188618293804,23.19545160260504,-34.63892533333333,17.49377683333333
394.86699999999996,7.279528601432705,34.490565858062105,35.252402647028696,222.26335341942632,2026-06-25 04:21:10.362162,0.6240000000000001,0.21600000000000003,6.00618684634866,23.23130610872427,-34.63892533333333,17.49377683333333
395.128,7.278694308723336,34.49051009789387,35.25214693580577,222.27384448533078,2026-06-25 04:21:10.462136,0.6240000000000001,0.21400000000000002,6.006183302471008,23.269424341299107,-34.63892533333333,17.49377683333333
395.2815,7.277497070462083,34.49047675410146,35.25163235025217,222.2850736348259,2026-06-25 04:21:10.562110,0.6240000000000001,0.21600000000000003,6.006179758555445,23.246319439115837,-34.63892533333333,17.49377683333333
395.484,7.276222162712306,34.49046467391657,35.25102522641049,222.29535957736127,2026-06-25 04:21:10.637090,0.6240000000000001,0.21400000000000002,6.006177986585026,23.215839030698174,-34.63892533333333,17.49377683333333
395.8745,7.274796201572242,34.49046467391657,35.25030616789225,222.31005760674176,2026-06-25 04:21:10.712071,0.6240000000000001,0.21500000000000002,6.00617444263155,23.157060761626077,-34.63892533333333,17.49377683333333
395.612,7.272228114620209,34.49046467391657,35.24879570802034,222.3222574156845,2026-06-25 04:21:10.812045,0.6240000000000001,0.21400000000000002,6.006172670648493,23.196572402167494,-34.63892533333333,17.49377683333333
396.103,7.268659749047367,34.49049137941661,35.24621989318675,222.35954509863535,2026-06-25 04:21:10.912019,0.6240000000000001,0.21600000000000003,6.006158494531279,23.122666819288117,-34.63892533333333,17.49377683333333
396.28499999999997,7.268525489274694,34.490493591075804,35.2460662356399,222.36382735826007,2026-06-25 04:21:10.912019,0.6269999999999976,0.21500000000000086,6.006156722485032,23.141362037252705,-34.63892533333333,17.49377683333333
396.382,7.264034008194013,34.490536263395626,35.24241540854938,222.3892990480785,2026-06-25 04:21:11.011992,0.6240000000000001,0.21600000000000003,6.006154950438784,23.15132597210197,-34.63892533333333,17.49377683333333
396.6055,7.259880864797153,34.49058193877076,35.23859283895307,222.10975375466035,2026-06-25 04:21:11.086973,0.6270000000000001,0.21500000000000002,6.006146090068524,23.1742841106464,-34.63892533333333,17.49377683333333
396.8755,7.253697795788137,34.4906571772882,35.23233758140761,222.1651606502619,2026-06-25 04:21:11.186947,0.6240000000000001,0.21600000000000003,6.006124824603559,23.202018774659805,-34.63892533333333,17.49377683333333
397.083,7.248715678315296,34.49072419766879,35.22695383944864,222.20850944969217,2026-06-25 04:21:11.261927,0.6240000000000001,0.21600000000000003,6.006108874936057,23.223333377559,-34.63892533333333,17.49377683333333
397.23749999999995,7.24178601273085,34.490830770680226,35.21920522180382,222.27012757771223,2026-06-25 04:21:11.361901,0.6240000000000001,0.21600000000000003,6.006084063166608,23.23920376863333,-34.63892533333333,17.49377683333333
397.363,7.238297432393274,34.4908890978265,35.21525973609662,222.30333171871214,2026-06-25 04:21:11.411888,0.6240000000000001,0.21600000000000003,6.006069884521439,23.259107627035114,-34.63892533333333,17.49377683333333
397.6605,7.229703082240215,34.49105070292869,35.20536924071769,222.37656647676823,2026-06-25 04:21:11.536856,0.6240000000000001,0.21600000000000003,6.006043298582008,23.323315210940702,-34.63892533333333,17.49377683333333
397.766,7.224920278807981,34.491159545598435,35.19967043094388,222.40711201436753,2026-06-25 04:21:11.611836,0.6240000000000001,0.21600000000000003,6.006037981204487,23.346084623048398,-34.63892533333333,17.49377683333333
398.387,7.222066252720339,34.49144666367073,35.196176663901355,222.45608039701136,2026-06-25 04:21:11.661823,0.6240000000000001,0.21600000000000003,6.006009620879962,23.458315439609066,-34.63892533333333,17.49377683333333
397.957,7.219570779465446,34.49123703035761,35.19306531982764,222.47914120169938,2026-06-25 04:21:11.711810,0.6240000000000001,0.21600000000000003,6.005995440110796,23.387306971034832,-34.63892533333333,17.49377683333333
398.3125,7.216782847974789,34.491318102726346,35.18948480228211,222.50030838672083,2026-06-25 04:21:11.786791,0.6240000000000001,0.21600000000000003,6.005991894842638,23.459696618246937,-34.63892533333333,17.49377683333333
398.6755,7.215305067634619,34.49167799870275,35.18742028772624,222.392676363702,2026-06-25 04:21:11.911758,0.6240000000000001,0.21600000000000003,6.005954668117038,23.45296684850804,-34.63892533333333,17.49377683333333
398.8085,7.215797652587039,34.49177555565325,35.188038600556666,222.39494696569542,2026-06-25 04:21:11.961745,0.6240000000000001,0.21600000000000003,6.005951122570679,23.4505011202015,-34.63892533333333,17.49377683333333
399.2255,7.222400694171248,34.49214023254355,35.19756378597982,222.21810472540074,2026-06-25 04:21:12.136699,0.6240000000000001,0.21600000000000003,6.005942258622584,23.442770227691526,-34.63892533333333,17.49377683333333
399.50800000000004,7.231180236930754,34.49247692190059,35.21161464619703,221.83596444451175,2026-06-25 04:21:12.286660,0.6240000000000001,0.21600000000000003,6.005970622588786,23.43668791248657,-34.63892533333333,17.49377683333333
399.836,7.236439458716091,34.49271363410399,35.220984269142825,221.4729298210154,2026-06-25 04:21:12.386634,0.6240000000000001,0.21600000000000003,6.005998985341021,23.395963659955196,-34.63892533333333,17.49377683333333
400.061,7.24055550357542,34.49302031966533,35.22942584537748,221.40388805625108,2026-06-25 04:21:12.511602,0.6240000000000001,0.21600000000000003,6.006048615908959,23.368027815993127,-34.63892533333333,17.49377683333333
400.26000000000005,7.24057122109549,34.4931052173946,35.23014275869724,221.26526825063777,2026-06-25 04:21:12.544926,0.6240000000000001,0.21600000000000003,6.006027500364511,23.343320113999997,-34.63892533333333,17.49377683333333
400.529,7.240596138831891,34.49340201701892,35.232655786116,220.78804555396837,2026-06-25 04:21:12.661563,0.6240000000000001,0.21600000000000003,6.006048615908959,23.309921260552013,-34.63892533333333,17.49377683333333
400.63899999999995,7.237653091696117,34.4936631869111,35.23063024880722,220.4828085106636,2026-06-25 04:21:12.761536,0.6240000000000001,0.21600000000000003,6.006060195659217,23.321574933270526,-34.63892533333333,17.49377683333333
401.05949999999996,7.2321493862012165,34.493994220973065,35.22512653489216,220.0718431933754,2026-06-25 04:21:12.886504,0.6240000000000001,0.21500000000000055,6.006039753642589,23.36612374579904,-34.63892533333333,17.49377683333333
401.15,7.228282235732237,34.49419483676596,35.22065874873321,219.6423624613193,2026-06-25 04:21:12.961484,0.6240000000000001,0.21600000000000003,6.006027346272441,23.375711540172006,-34.63892533333333,17.49377683333333
401.421,7.223233258578799,34.4944637098895,35.21447562833231,219.6912076586545,2026-06-25 04:21:13.061458,0.6240000000000001,0.21500000000000002,6.006006075611806,23.404421952051266,-34.63892533333333,17.49377683333333
401.6123333333333,7.219467025409977,34.49468791652102,35.209907251703775,219.1931597921957,2026-06-25 04:21:13.144770,0.6240000000000001,0.21558169934640464,6.002094448739105,23.428853619625457,-34.63892533333333,17.49377683333333
401.932,7.213276622208536,34.495134814776684,35.20301159201596,219.17671513608133,2026-06-25 04:21:13.311393,0.6240000000000001,0.21600000000000003,6.0020800488158015,23.4957010966883,-34.63892533333333,17.49377683333333
402.0665,7.212697054464429,34.49520058406195,35.20262105860755,219.03108412491594,2026-06-25 04:21:13.336387,0.6240000000000001,0.21400000000000002,6.005956440858602,23.523827224941538,-34.63892533333333,17.49377683333333
402.2785,7.210577059807857,34.495399452335164,35.200727394267474,218.89548149877572,2026-06-25 04:21:13.411367,0.6240000000000001,0.21600000000000003,6.005951122595972,23.5681598583221,-34.63892533333333,17.49377683333333
402.453,7.20707931703885,34.49579040238503,35.19824408463578,218.62383259914256,2026-06-25 04:21:13.561328,0.6240000000000001,0.21400000000000002,6.005935167327524,23.604650634382985,-34.63892533333333,17.49377683333333
402.73749999999995,7.206611714097065,34.495852867887855,35.197971162011925,218.77841430583095,2026-06-25 04:21:13.586321,0.6240000000000001,0.21600000000000003,6.002058692351432,23.664144191914918,-34.63892533333333,17.49377683333333
402.7575,7.205072896138347,34.4960435664301,35.19700233082626,218.6417498544796,2026-06-25 04:21:13.661302,0.6240000000000001,0.21600000000000003,6.00204979347547,23.66728150282793,-34.63892533333333,17.49377683333333
403.159,7.202704883115228,34.49635250031556,35.19551215454789,218.51828559952784,2026-06-25 04:21:13.786269,0.6240000000000001,0.21600000000000003,6.002035555146965,23.686692006610436,-34.63892533333333,17.49377683333333
403.427,7.2003700698116475,34.49664800226807,35.19372419194761,218.2301109392867,2026-06-25 04:21:13.911237,0.6240000000000001,0.21600000000000003,6.002031995456916,23.699648457454053,-34.63892533333333,17.49377683333333
403.6625,7.1984094866657635,34.49687127764584,35.19185636100736,218.248895191636,2026-06-25 04:21:14.011211,0.6270000000000001,0.21600000000000003,6.0020248760006325,23.71103369690805,-34.63892533333333,17.49377683333333
403.8565,7.197961426148726,34.49693119584723,35.1914981815374,218.10203606423045,2026-06-25 04:21:14.036204,0.6240000000000001,0.21600000000000003,6.0020230962127465,23.720412620279916,-34.63892533333333,17.49377683333333
404.04299999999995,7.194248860623953,34.49729873995074,35.18772042594126,217.86602883032262,2026-06-25 04:21:14.211159,0.6240000000000001,0.21600000000000003,6.002009694650237,23.72942895640803,-34.63892533333333,17.49377683333333
404.43966666666665,7.190387594440506,34.497585639786614,35.184134298324786,217.86418624840016,2026-06-25 04:21:14.361119,0.6240000000000001,0.21600000000000003,6.001998177404688,23.74860579285567,-34.63892533333333,17.49377683333333
404.754,7.187234955421798,34.497923013161966,35.18136091370224,217.88596402669674,2026-06-25 04:21:14.461093,0.6240000000000001,0.21600000000000003,6.00199461747338,23.76380222711628,-34.63892533333333,17.49377683333333
404.732,7.183258781371421,34.49776184762359,35.17780833932545,217.62229120682966,2026-06-25 04:21:14.561067,0.6240000000000001,0.21600000000000003,6.001973257352186,23.762738637867923,-34.63892533333333,17.49377683333333
405.04299999999995,7.179854745999836,34.49801685758866,35.17452105068711,217.6399509047197,2026-06-25 04:21:14.627717,0.6240000000000001,0.21600000000000003,6.001987086761547,23.77777392224241,-34.63892533333333,17.49377683333333
405.41499999999996,7.172126827470905,34.498203885189234,35.1668216460208,217.71173322953683,2026-06-25 04:21:14.777678,0.6240000000000001,0.21400000000000002,6.001944775361837,23.795758249532803,-34.63892533333333,17.49377683333333
405.61833333333334,7.167563692976658,34.49831378089334,35.16224377886032,217.74817490964156,2026-06-25 04:21:14.860989,0.6240000000000001,0.21573597359736,6.001932684690266,23.805588392585797,-34.63892533333333,17.49377683333333
406.0306666666667,7.158051927321348,34.49849214665018,35.15261267076793,217.78956038163088,2026-06-25 04:21:15.060937,0.6240000000000001,0.21600000000000003,6.0018739602861375,23.825522633498178,-34.63892533333333,17.49377683333333
406.42499999999995,7.153432180279559,34.49856833022453,35.14833929830307,217.88959708689123,2026-06-25 04:21:15.185905,0.6240000000000001,0.21600000000000003,6.001868223452635,23.84458666502553,-34.63892533333333,17.49377683333333
406.655,7.149346030136172,34.498613467966315,35.144949349560534,217.615739291627,2026-06-25 04:21:15.310872,0.6240000000000001,0.21400000000000002,6.00185998682947,23.855706007167438,-34.63892533333333,17.49377683333333
406.87,7.145910521441667,34.498613467966315,35.14203608896622,217.65312598100513,2026-06-25 04:21:15.410846,0.6240000000000001,0.21600000000000003,6.0018415163979295,23.866100174821835,-34.63892533333333,17.49377683333333
407.30233333333337,7.140580446488047,34.498613467966315,35.13654976682645,217.6813072730034,2026-06-25 04:21:15.544144,0.6240000000000001,0.21544715447154297,6.001844093073562,23.8870013150509,-34.63892533333333,17.49377683333333
407.49649999999997,7.137547137164308,34.49857719293592,35.13265292903954,217.72546757983343,2026-06-25 04:21:15.635787,0.6240000000000001,0.21499999999999939,6.001816587707942,23.896388295917074,-34.63892533333333,17.49377683333333
407.676,7.134207404350029,34.49854457119014,35.12860231279194,217.7500573852939,2026-06-25 04:21:15.727430,0.6240000000000001,0.2144137931034464,6.001810325581763,23.905066217284347,-34.63892533333333,17.49377683333333
408.07624999999996,7.131399668477815,34.498380322806085,35.12445817008421,217.80414600195243,2026-06-25 04:21:15.935709,0.6240000000000001,0.21600000000000003,6.001773852121049,23.924416289859558,-34.63892533333333,17.49377683333333
408.511,7.1328714740973735,34.49817579227251,35.12636812318184,217.8013459392845,2026-06-25 04:21:16.110663,0.6240000000000001,0.21600000000000003,6.001773852121049,23.945434263756056,-34.63892533333333,17.49377683333333
408.65433333333334,7.133769116408395,34.49812505232351,35.1275499973342,217.79071662333956,2026-06-25 04:21:16.143988,0.6240000000000001,0.21600000000000003,6.001781585622705,23.952363708858986,-34.63892533333333,17.49377683333333
409.099,7.136938348564116,34.497947497131406,35.131669438018655,217.78012783809183,2026-06-25 04:21:16.260624,0.6240000000000001,0.21600000000000003,6.001780975108514,23.973861103666675,-34.63892533333333,17.49377683333333
409.248,7.141125425137977,34.497767235020525,35.13697021394003,217.7592409999738,2026-06-25 04:21:16.360598,0.6240000000000001,0.21600000000000003,6.00178275583632,23.981064503575997,-34.63892533333333,17.49377683333333
409.44399999999996,7.144716791893285,34.497617578666436,35.141667961590684,217.57735225775664,2026-06-25 04:21:16.435579,0.6240000000000001,0.21600000000000003,6.001797001302995,23.990540116879533,-34.63892533333333,17.49377683333333
409.559,7.1458666762861816,34.49757183716922,35.14308715217577,217.42948280554722,2026-06-25 04:21:16.460572,0.6240000000000001,0.21600000000000003,6.001788097994327,23.99609978795049,-34.63892533333333,17.49377683333333
409.7965,7.152172273900877,34.49729591236717,35.151810623994336,217.51609278201343,2026-06-25 04:21:16.585540,0.6240000000000001,0.21600000000000003,6.001825491448586,23.972075392279926,-34.63892533333333,17.49377683333333
410.087,7.15678541465901,34.4970538119277,35.15879001687517,217.3337839370476,2026-06-25 04:21:16.685514,0.6240000000000001,0.21600000000000003,6.001836174811673,23.942689763049184,-34.63892533333333,17.49377683333333
410.205,7.159574933632263,34.496860371636636,35.16351246667917,217.3125932253531,2026-06-25 04:21:16.760494,0.6240000000000001,0.21600000000000003,6.001845077421557,23.930753431726544,-34.63892533333333,17.49377683333333
410.474,7.160861210636422,34.49672521695538,35.166072786718566,216.9949563623273,2026-06-25 04:21:16.810481,0.6240000000000001,0.21600000000000003,6.001855760339987,23.903542642524926,-34.63892533333333,17.49377683333333
410.597,7.161599948829359,34.496585508713636,35.167993283385044,216.97868852638032,2026-06-25 04:21:16.860468,0.6240000000000001,0.21600000000000003,6.0018700038755215,23.891100534451326,-34.63892533333333,17.49377683333333
410.82933333333335,7.160963807200996,34.496291323584565,35.16914840656528,216.66104810543405,2026-06-25 04:21:16.960442,0.6300000000000001,0.21600000000000003,6.001890805557891,23.926410515343118,-34.63892533333333,17.49377683333333
411.24350000000004,7.156928607125426,34.49590222748131,35.16615581058571,216.37896188979283,2026-06-25 04:21:17.085409,0.6300000000000001,0.21600000000000003,6.001894929071862,23.989355495627258,-34.63892533333333,17.49377683333333
411.4515,7.151350858469247,34.49557193545023,35.160063804022656,216.106869693661,2026-06-25 04:21:17.185383,0.6240000000000001,0.21600000000000003,6.001894929033755,24.020967300615023,-34.63892533333333,17.49377683333333
411.576,7.143446879538645,34.49513808164007,35.150383687730944,215.8842727197862,2026-06-25 04:21:17.310351,0.6240000000000001,0.21600000000000003,6.001855760339987,24.039888789658185,-34.63892533333333,17.49377683333333
411.86,7.143517428065488,34.495136316993936,35.1504638575885,216.04103979105358,2026-06-25 04:21:17.310351,0.6270000000000013,0.21600000000000003,5.999911821944107,24.083051061853023,-34.63892533333333,17.49377683333333
412.0635,7.1350789074108985,34.494587960691725,35.140123538871535,215.98328833262127,2026-06-25 04:21:17.460312,0.6240000000000001,0.21600000000000003,5.999861848592992,24.100403238909227,-34.63892533333333,17.49377683333333
412.208,7.134991289552361,34.494586395843825,35.13995124441343,215.6871250382978,2026-06-25 04:21:17.460312,0.6300000000000001,0.21600000000000003,6.0017987821324486,24.107886897644384,-34.63892533333333,17.49377683333333
412.3665,7.1290634618301585,34.49410752002594,35.133464007833524,215.7394329251908,2026-06-25 04:21:17.585279,0.6300000000000001,0.21600000000000003,5.9998368495636925,24.116095616741422,-34.63892533333333,17.49377683333333
412.68725,7.121436307575452,34.493507699163715,35.12627194238519,215.80012833801848,2026-06-25 04:21:17.735240,0.6250056818181812,0.21600000000000003,5.997876644753258,24.125321259095895,-34.63892533333333,17.49377683333333
413.2316666666666,7.108201496869376,34.49257358543209,35.11421864669662,215.597015846959,2026-06-25 04:21:17.926857,0.6259661016949181,0.21600000000000003,5.997849635743267,24.098621512089505,-34.63892533333333,17.49377683333333
413.11,7.105652793784514,34.49271326866545,35.11191102117467,215.6080338881282,2026-06-25 04:21:17.960181,0.6240000000000001,0.21600000000000003,5.997849817784823,24.104588392638917,-34.63892533333333,17.49377683333333
413.67533333333336,7.091301586727389,34.49193109874586,35.09796613524287,215.65301587830763,2026-06-25 04:21:18.110142,0.6240000000000001,0.21600000000000003,5.997821962047262,24.07686283260656,-34.63892533333333,17.49377683333333
413.867,7.080808643283048,34.4914978921164,35.08735495921235,215.51850608421054,2026-06-25 04:21:18.210116,0.6240000000000001,0.21600000000000003,5.997767570565626,24.067462952288988,-34.63892533333333,17.49377683333333
414.0363333333333,7.069836846585705,34.49106152506827,35.07603631876464,215.53432052241595,2026-06-25 04:21:18.310090,0.6240000000000001,0.21600000000000003,5.997740093353001,24.05795658236031,-34.63892533333333,17.49377683333333
414.322,7.053386547604906,34.49040540261564,35.05870398211611,215.44222344753334,2026-06-25 04:21:18.460051,0.6240000000000001,0.21600000000000003,5.997681732985757,24.025220756120326,-34.63892533333333,17.49377683333333
414.442,7.05345734810871,34.49040529368468,35.058729392590465,215.44650560993034,2026-06-25 04:21:18.460051,0.6240000000000001,0.21600000000000003,5.997678155896611,24.01146941720972,-34.63892533333333,17.49377683333333
414.641,7.043019084760207,34.48996852548365,35.04732814920458,215.55267517472922,2026-06-25 04:21:18.560025,0.6240000000000001,0.21600000000000003,5.997624499763512,23.988665113516294,-34.63892533333333,17.49377683333333
414.83466666666664,7.033592528943139,34.48953435267029,35.036697731383164,215.6258352678567,2026-06-25 04:21:18.659999,0.6240000000000001,0.21600000000000003,5.997599662252966,23.966471980441124,-34.63892533333333,17.49377683333333
415.126,7.025022907006075,34.489103248652206,35.02686787055961,215.71352746618584,2026-06-25 04:21:18.759973,0.6240000000000001,0.21600000000000003,5.99755652682221,23.989886460316797,-34.63892533333333,17.49377683333333
415.258,7.021186768980703,34.4888896584112,35.02242255499029,215.74449831194528,2026-06-25 04:21:18.809960,0.6240000000000001,0.21600000000000003,5.997545793409811,24.00337661761618,-34.63892533333333,17.49377683333333
415.66166666666663,7.009452218935558,34.48815729928529,35.00962870983991,215.99394976178814,2026-06-25 04:21:18.984914,0.6240000000000001,0.22058333333334593,5.997486494614529,24.044630608751408,-34.63892533333333,17.49377683333333
416.06,6.991540762599769,34.48705600172654,34.992868843361414,216.00920295591476,2026-06-25 04:21:19.259843,0.6240000000000001,0.22399999999999998,5.997435106543139,24.085339543026063,-34.63892533333333,17.49377683333333
416.23,6.9913906264737395,34.48705140547813,34.992614518382496,216.01357079737497,2026-06-25 04:21:19.259843,0.6240000000000001,0.22399999999999998,5.997433078161133,24.115181375620875,-34.63892533333333,17.49377683333333
416.5245,6.979090481068846,34.486390361153084,34.981018256601885,216.1148706257606,2026-06-25 04:21:19.434797,0.6240000000000001,0.22399999999999998,5.997395501485517,24.188477190032067,-34.63892533333333,17.49377683333333
416.732,6.973748210319124,34.48611848950793,34.97545101487534,216.16465659628804,2026-06-25 04:21:19.509777,0.6300000000000001,0.22399999999999998,5.997374027546387,24.240120251119766,-34.63892533333333,17.49377683333333
416.928,6.970362293668512,34.48594164020005,34.971757533163085,216.19753618514594,2026-06-25 04:21:19.559764,0.6240000000000001,0.22399999999999998,5.997359711067406,24.28890116665319,-34.63892533333333,17.49377683333333
417.1816666666667,6.963694352363482,34.48554525895156,34.964212740147694,216.28359260507352,2026-06-25 04:21:19.676401,0.628529411764707,0.22399999999999998,5.997308441555024,24.33143009781858,-34.63892533333333,17.49377683333333
417.436,6.958417445368514,34.4851658294765,34.958279313711806,216.31542158085077,2026-06-25 04:21:19.793037,0.6240000000000001,0.22399999999999998,5.997305715978108,24.374070800156538,-34.63892533333333,17.49377683333333
417.8705,6.952078112113229,34.4845528503929,34.95240802737759,216.38627541070392,2026-06-25 04:21:19.997150,0.6300000000000001,0.22399999999999998,5.995166945986151,24.446917661883326,-34.63892533333333,17.49377683333333
417.97,6.950453608478946,34.48437351218369,34.95124661122253,216.39584664495413,2026-06-25 04:21:20.059634,0.6240000000000001,0.21600000000000003,5.9933866847852055,24.463599509390384,-34.63892533333333,17.49377683333333
418.312,6.948334679759301,34.48410649331176,34.950392650548835,216.42402266215572,2026-06-25 04:21:20.159608,0.6240000000000001,0.21400000000000002,5.993372309882899,24.42877934382373,-34.63892533333333,17.49377683333333
418.3796666666667,6.946806380038758,34.48385688932108,34.95024271945425,216.4506669940629,2026-06-25 04:21:20.259582,0.6240000000000001,0.21566666666671405,5.993353741648545,24.42188997383344,-34.63892533333333,17.49377683333333
418.735,6.945821719374356,34.483620679908256,34.950439350486775,216.1602547269235,2026-06-25 04:21:20.359556,0.6240000000000001,0.21400000000000002,5.993350746759621,24.385712296938653,-34.63892533333333,17.49377683333333
418.777,6.945581074119432,34.483455506812106,34.950698280603895,216.16557735587435,2026-06-25 04:21:20.434536,0.6240000000000001,0.21500000000000002,5.993347152815926,24.381436136255033,-34.63892533333333,17.49377683333333
419.202,6.94562948461428,34.48319859754121,34.950972178106014,216.17678726981399,2026-06-25 04:21:20.509517,0.6240000000000001,0.21400000000000002,5.993339964851549,24.287842570986243,-34.63892533333333,17.49377683333333
418.953,6.945813509893411,34.48329823615748,34.951180283384,216.16983811856596,2026-06-25 04:21:20.559504,0.6240000000000001,0.21600000000000003,5.993343558846568,24.3439058598172,-34.63892533333333,17.49377683333333
419.361,6.946237592433119,34.48305681637075,34.95158206116197,216.17202193175012,2026-06-25 04:21:20.634484,0.6240000000000001,0.21400000000000002,5.993343558846568,24.25204312149178,-34.63892533333333,17.49377683333333
419.67233333333337,6.94713611566642,34.48283920679382,34.95255931301506,216.1639084264204,2026-06-25 04:21:20.759452,0.6240000000000001,0.21597849462365706,5.993350746759621,24.181945247638883,-34.63892533333333,17.49377683333333
419.784,6.948152821283658,34.482607290372854,34.954064039677384,215.85875745522037,2026-06-25 04:21:20.909413,0.6240000000000001,0.21600000000000003,5.993350746759621,24.156803076610284,-34.63892533333333,17.49377683333333
420.024,6.94810902956573,34.48260561173534,34.95404948678763,215.86303410055322,2026-06-25 04:21:20.909413,0.6240000000000001,0.21500000000000002,5.993348949787773,24.102766171712982,-34.63892533333333,17.49377683333333
420.255,6.9484190772424945,34.48243550429618,34.955160721187674,215.85874501910908,2026-06-25 04:21:21.034380,0.6240000000000001,0.21400000000000002,5.993354340677654,24.15251246827553,-34.63892533333333,17.49377683333333
420.446,6.948201052693192,34.4823422552967,34.95558639525777,215.8583167634342,2026-06-25 04:21:21.109360,0.6240000000000001,0.21400000000000002,5.993357934570025,24.209177596320433,-34.63892533333333,17.49377683333333
420.6186666666667,6.9473323364563875,34.482229610153645,34.95567748045051,215.56087118410062,2026-06-25 04:21:21.209334,0.6248333333333327,0.21400000000000002,5.993360530136863,24.260403663209186,-34.63892533333333,17.49377683333333
420.909,6.945991583637895,34.48212602662095,34.95531283482475,215.57991411297752,2026-06-25 04:21:21.309308,0.6240000000000001,0.21400000000000002,5.993350746759621,24.346538613518263,-34.63892533333333,17.49377683333333
421.0216666666667,6.943994350047917,34.482033968871214,34.95425329880829,215.28743522377226,2026-06-25 04:21:21.409282,0.6290731707317099,0.21400000000000002,5.9933537855195835,24.37996411662329,-34.63892533333333,17.49377683333333
421.4245,6.940763569902385,34.48192976546227,34.952079294939246,215.31903776511388,2026-06-25 04:21:21.534250,0.6240000000000001,0.21400000000000002,5.9933417618490585,24.4694586232121,-34.63892533333333,17.49377683333333
421.5925,6.937530913974662,34.481855254620015,34.94945916755518,215.04169731332502,2026-06-25 04:21:21.634224,0.6240000000000001,0.21400000000000002,5.993336370830865,24.506581987085532,-34.63892533333333,17.49377683333333
421.822,6.934902722328084,34.48180339763448,34.947055134445364,215.05694276356803,2026-06-25 04:21:21.709204,0.6300000000000001,0.21400000000000002,5.993336370830865,24.557295153805516,-34.63892533333333,17.49377683333333
422.08533333333327,6.931541150530415,34.48173951407027,34.9435775477078,214.8443573621631,2026-06-25 04:21:21.809178,0.6240000000000001,0.21400000000000002,5.993324238090943,24.618451132113478,-34.63892533333333,17.49377683333333
422.265,6.9280326589627625,34.48166472374072,34.93971174361104,214.8387676227278,2026-06-25 04:21:21.934146,0.6269999999999989,0.21400000000000002,5.9932914433780375,24.67367664190781,-34.63892533333333,17.49377683333333
422.6005,6.92602617314997,34.48156678407382,34.937555542152026,214.56466196466369,2026-06-25 04:21:22.034119,0.6240000000000001,0.21400000000000002,5.9932788630095635,24.776801828564555,-34.63892533333333,17.49377683333333
422.408,6.924899919418985,34.48160818917937,34.93647966437633,214.56830215411196,2026-06-25 04:21:22.109100,0.6240000000000001,0.21400000000000002,5.9932788630095635,24.717631639499213,-34.63892533333333,17.49377683333333
423.00033333333334,6.9238163244872135,34.48151193544526,34.93570589781666,214.5005372572615,2026-06-25 04:21:22.209074,0.6282777777777776,0.21600000000000003,5.993271674069908,24.899701641177327,-34.63892533333333,17.49377683333333
423.232,6.922931256092704,34.48145648866266,34.93530094332781,214.2974253828591,2026-06-25 04:21:22.309048,0.6240000000000001,0.21600000000000003,5.993268079561578,24.828376637420646,-34.63892533333333,17.49377683333333
423.466,6.922005199103899,34.481383707403744,34.93507158964697,214.3063978939429,2026-06-25 04:21:22.434015,0.6240000000000001,0.21600000000000003,5.993265922836046,24.738395274421137,-34.63892533333333,17.49377683333333
423.619,6.920813797216057,34.48127359638433,34.93450505773005,214.31871878459165,2026-06-25 04:21:22.608970,0.6300000000000001,0.21600000000000003,5.993260890467914,24.679561306306063,-34.63892533333333,17.49377683333333
423.863,6.920513935187068,34.481249704715374,34.93423136938697,214.32696547874224,2026-06-25 04:21:22.642294,0.6300000000000001,0.21600000000000003,5.993256315534123,24.585734585913418,-34.63892533333333,17.49377683333333
424.301,6.919412514958982,34.4811657404879,34.93325821660204,214.03363348258557,2026-06-25 04:21:22.758931,0.6240000000000001,0.21600000000000003,5.993260890467914,24.417307932093816,-34.63892533333333,17.49377683333333
424.51,6.918780722066452,34.481126432067285,34.932660880620425,214.03879143112187,2026-06-25 04:21:22.808917,0.6240000000000001,0.21600000000000003,5.993260890467914,24.465980172049477,-34.63892533333333,17.49377683333333
424.70433333333335,6.917266065011895,34.48104128147938,34.931204347167544,214.06194179618083,2026-06-25 04:21:22.908891,0.6240000000000001,0.21600000000000003,5.993246597559448,24.51123681621878,-34.63892533333333,17.49377683333333
424.839,6.914973367612221,34.48092396440814,34.928971278680834,213.9290594080089,2026-06-25 04:21:23.033859,0.6240000000000001,0.21600000000000003,5.993242917271706,24.542598195711737,-34.63892533333333,17.49377683333333
425.062,6.912600736593535,34.480818867225636,34.92664087600251,213.80074740791596,2026-06-25 04:21:23.133833,0.6270000000000001,0.21600000000000003,5.993235727818666,24.594530777099834,-34.63892533333333,17.49377683333333
425.19,6.910446612223955,34.480733471422205,34.924508453500756,213.81266144948415,2026-06-25 04:21:23.208813,0.6240000000000001,0.21600000000000003,5.993235727831502,24.6163366874071,-34.63892533333333,17.49377683333333
425.68449999999996,6.907958729881644,34.480641057168796,34.92201079970118,213.8297269452482,2026-06-25 04:21:23.283794,0.6240000000000001,0.21500000000000052,5.993235727831502,24.658210553835723,-34.63892533333333,17.49377683333333
425.8135,6.904399685524968,34.480507930981915,34.918387592097154,213.8641420290769,2026-06-25 04:21:23.383768,0.6240000000000001,0.2149999999999983,5.993219551183516,24.66913417116493,-34.63892533333333,17.49377683333333
426.1145,6.899195940969722,34.480284622113174,34.91300070007195,213.61903894323441,2026-06-25 04:21:23.533729,0.6240000000000001,0.21500000000000002,5.993194386403529,24.694622611599748,-34.63892533333333,17.49377683333333
426.2235,6.8985276389766295,34.4802381800602,34.9123831983404,213.9214298734183,2026-06-25 04:21:23.558722,0.6240000000000001,0.21500000000000002,5.991252214558127,24.703852644846904,-34.63892533333333,17.49377683333333
426.4735,6.895358963559738,34.48007427700817,34.90920011951442,213.80784447171908,2026-06-25 04:21:23.658696,0.6240000000000001,0.21400000000000002,5.991234232321682,24.721712211819067,-34.63892533333333,17.49377683333333
426.833,6.890581248615848,34.479760274058854,34.904979155358724,213.78997631722822,2026-06-25 04:21:23.825319,0.6240000000000001,0.21400000000000002,5.993166287562988,24.74655424855407,-34.63892533333333,17.49377683333333
427.031,6.8896536641341015,34.47969571284198,34.904198818784586,213.71162345185547,2026-06-25 04:21:23.858644,0.6240000000000001,0.21600000000000003,5.993156637070484,24.76023637170714,-34.63892533333333,17.49377683333333
427.497,6.885806225586925,34.47942772403847,34.90098654161958,213.73878120891587,2026-06-25 04:21:23.983611,0.6240000000000001,0.21400000000000002,5.989268601302357,24.792437732259327,-34.63892533333333,17.49377683333333
427.85075,6.880617925634654,34.47907369001929,34.89620939682433,213.7897150193762,2026-06-25 04:21:24.133572,0.6240000000000001,0.21400000000000002,5.991054655748073,24.809717560274546,-34.63892533333333,17.49377683333333
428.35,6.873851369271447,34.47854887825214,34.889396659612004,213.84480701176233,2026-06-25 04:21:24.308527,0.6240000000000001,0.21400000000000002,5.989228898405976,24.773732540007092,-34.63892533333333,17.49377683333333
428.2785,6.872695748345875,34.47862187584374,34.88817472997073,213.71109695877126,2026-06-25 04:21:24.333520,0.6240000000000001,0.21400000000000002,5.991160414651227,24.77888612828776,-34.63892533333333,17.49377683333333
428.68066666666664,6.867849040976272,34.478241495489236,34.88313618473773,213.60215275378684,2026-06-25 04:21:24.441825,0.6240000000000001,0.21400000000000002,5.990421593056328,24.7498986958373,-34.63892533333333,17.49377683333333
428.749,6.8620318163314415,34.47789213399369,34.877168163183775,213.64757779983,2026-06-25 04:21:24.558461,0.6240000000000001,0.21400000000000002,5.989189192377416,24.74497335505624,-34.63892533333333,17.49377683333333
429.018,6.85926019688537,34.47773493135494,34.87439569536074,213.67431410669994,2026-06-25 04:21:24.608448,0.6240000000000001,0.21400000000000002,5.989178362919123,24.777111368315897,-34.63892533333333,17.49377683333333
429.193,6.854892388405126,34.477491782583584,34.87009356545711,213.70121883929266,2026-06-25 04:21:24.683429,0.6240000000000001,0.21400000000000002,5.989174753048125,24.798018997759915,-34.63892533333333,17.49377683333333
429.4456666666667,6.847396043085795,34.47706854320418,34.862827032437615,213.7737544782337,2026-06-25 04:21:24.808396,0.6240000000000001,0.21400000000000002,5.989140512670083,24.828205632271473,-34.63892533333333,17.49377683333333
429.825,6.838704718052465,34.476532787171806,34.85454127465417,213.84568836777282,2026-06-25 04:21:24.958357,0.6240000000000001,0.21400000000000002,5.9902071916833535,24.871458912908963,-34.63892533333333,17.49377683333333
430.0865,6.832349720260912,34.476064100893495,34.84855172261471,213.61258496548788,2026-06-25 04:21:25.083325,0.6240000000000001,0.21400000000000002,5.989082692544776,24.879205733118944,-34.63892533333333,17.49377683333333
430.48199999999997,6.828262428604159,34.4756744064845,34.844709290649604,213.66283641184882,2026-06-25 04:21:25.183299,0.6240000000000001,0.21400000000000002,5.989055612787495,24.890922243226196,-34.63892533333333,17.49377683333333
430.708,6.825075346873041,34.47527277815274,34.841686400282185,213.6950076304337,2026-06-25 04:21:25.283273,0.6240000000000001,0.21400000000000002,5.98904116969317,24.897617391858915,-34.63892533333333,17.49377683333333
430.848,6.822131457563358,34.47475447464698,34.83881967604058,213.7253333454194,2026-06-25 04:21:25.408240,0.6240000000000001,0.21400000000000002,5.989026726134562,24.901764829065023,-34.63892533333333,17.49377683333333
431.187,6.819832625072187,34.474221129250154,34.83653238504307,213.7492421412104,2026-06-25 04:21:25.533207,0.6240000000000001,0.21400000000000002,5.9890176986976265,24.9118075520141,-34.63892533333333,17.49377683333333
431.571,6.818593522989001,34.47356140583443,34.835271582738685,213.7651040635735,2026-06-25 04:21:25.608188,0.6240000000000001,0.21400000000000002,5.989012282163238,24.923183379779424,-34.63892533333333,17.49377683333333
431.484,6.8172979504029385,34.473893981489546,34.83393836228346,213.77362133382874,2026-06-25 04:21:25.683168,0.6240000000000001,0.21400000000000002,5.9890086711059185,24.920606043801342,-34.63892533333333,17.49377683333333
431.774,6.815846975384162,34.47322481439323,34.832493970108715,213.79481757889053,2026-06-25 04:21:25.758149,0.6240000000000001,0.21600000000000003,5.9889978377791815,24.92919716372828,-34.63892533333333,17.49377683333333
432.042,6.8129293352518365,34.47269154680721,34.82978815645125,213.82157025886931,2026-06-25 04:21:25.874785,0.6240000000000001,0.21600000000000003,5.988988317374236,24.93713654352283,-34.63892533333333,17.49377683333333
432.211,6.809517983980033,34.472189541915185,34.82661712229432,213.6912961212359,2026-06-25 04:21:25.983090,0.6240000000000001,0.21400000000000002,5.988988809671535,24.94214309272163,-34.63892533333333,17.49377683333333
432.48,6.806825709039455,34.4718394197039,34.82407567421819,213.86512789257813,2026-06-25 04:21:26.058071,0.6240000000000001,0.21400000000000002,5.988979781718676,24.950112097067652,-34.63892533333333,17.49377683333333
432.904,6.7999603411943506,34.471130730281004,34.81726798228714,213.61986732482023,2026-06-25 04:21:26.208031,0.6240000000000001,0.21400000000000002,5.9889653364059035,24.962672906891864,-34.63892533333333,17.49377683333333
432.9753333333333,6.798077341340129,34.47097154270707,34.81527995265504,213.87772843025866,2026-06-25 04:21:26.241356,0.6240000000000001,0.2156028368794337,5.988955962080626,24.96478612489688,-34.63892533333333,17.49377683333333
433.18100000000004,6.7900942714198305,34.470294906136914,34.806856112147656,213.70148589516378,2026-06-25 04:21:26.382986,0.6240000000000001,0.21400000000000002,5.988934638665015,24.970878907649663,-34.63892533333333,17.49377683333333
433.47166666666664,6.782587025006982,34.469695319246455,34.79904965261144,213.7791457804573,2026-06-25 04:21:26.507953,0.6240000000000001,0.21400000000000002,5.98889576944791,24.979489777277582,-34.63892533333333,17.49377683333333
433.658,6.774886091193036,34.46909578600773,34.79155677698984,213.8394564202086,2026-06-25 04:21:26.632921,0.6240000000000001,0.21400000000000002,5.988875043848078,24.985009818701904,-34.63892533333333,17.49377683333333
434.0635,6.76679955107495,34.468498539598116,34.78409571090357,213.75920720550607,2026-06-25 04:21:26.757888,0.6240000000000001,0.21400000000000002,5.988849758835295,24.99702257432388,-34.63892533333333,17.49377683333333
434.329,6.766843287732158,34.46849821841786,34.784133877420444,213.61261486297303,2026-06-25 04:21:26.757888,0.6240000000000001,0.21400000000000002,5.988849759041761,25.00488789273975,-34.63892533333333,17.49377683333333
434.393,6.756516103280476,34.46778665406334,34.774628537880105,213.69259836754773,2026-06-25 04:21:26.907849,0.6240000000000001,0.21600000000000003,5.988820860571753,25.006783864033967,-34.63892533333333,17.49377683333333
434.674,6.754146773729443,34.46763048693327,34.77237391670772,213.91838674376518,2026-06-25 04:21:26.941174,0.6240000000000001,0.21540579710144925,5.98881900194117,25.015108362997655,-34.63892533333333,17.49377683333333
434.807,6.745990375335374,34.467084204401196,34.7646188355823,214.0784622951508,2026-06-25 04:21:27.057810,0.6240000000000001,0.21600000000000003,5.988788347818484,25.01904842834346,-34.63892533333333,17.49377683333333
435.029,6.742668432186253,34.466852643617074,34.76140495525549,213.81643482307607,2026-06-25 04:21:27.107797,0.6240000000000001,0.21600000000000003,5.988770284274337,25.025625078770286,-34.63892533333333,17.49377683333333
435.221,6.7394967139326525,34.466622573939716,34.75832667106386,213.85146802410068,2026-06-25 04:21:27.157784,0.6240000000000001,0.21600000000000003,5.98875222008483,25.03131299265295,-34.63892533333333,17.49377683333333
435.4115,6.735014669487464,34.46628073943235,34.753929715364215,213.9051907226108,2026-06-25 04:21:27.232764,0.6240000000000001,0.21500000000000002,5.988721509452427,25.036956469708404,-34.63892533333333,17.49377683333333
435.555,6.730756451712949,34.46594245722049,34.74962906192724,213.9401032984001,2026-06-25 04:21:27.307745,0.6240000000000001,0.21400000000000002,5.9848222717879676,25.041207592844664,-34.63892533333333,17.49377683333333
435.8345,6.72441294702646,34.46539139251543,34.74267745676434,213.98690167676406,2026-06-25 04:21:27.432712,0.6240000000000001,0.21500000000000002,5.988696216734301,25.049487654981142,-34.63892533333333,17.49377683333333
435.98,6.724256038092975,34.46538918618322,34.74254970069178,214.13480369367673,2026-06-25 04:21:27.432712,0.6240000000000001,0.21499999999999292,5.9886998302563885,25.05379802722035,-34.63892533333333,17.49377683333333
436.23474999999996,6.715977632551852,34.46453418606242,34.733326973874114,214.38211598349739,2026-06-25 04:21:27.632660,0.6240000000000001,0.21599305555555418,5.984770500887771,25.06134488170789,-34.63892533333333,17.49377683333333
436.46,6.712025965320865,34.46401806275058,34.72920401879416,214.4080060322829,2026-06-25 04:21:27.757628,0.6240000000000001,0.21400000000000002,5.984753352237194,25.068017811927003,-34.63892533333333,17.49377683333333
436.679,6.710736758194482,34.463817125470584,34.727857322196336,214.43060453707562,2026-06-25 04:21:27.807615,0.6240000000000001,0.21400000000000002,5.988625752685318,25.074505588699417,-34.63892533333333,17.49377683333333
436.779,6.708967273586632,34.46352157338565,34.7259500328465,214.45284119330725,2026-06-25 04:21:27.882595,0.6240000000000001,0.21400000000000002,5.984726144572071,25.073607153958097,-34.63892533333333,17.49377683333333
437.0525,6.706755803765187,34.46313765770772,34.72352983319615,214.31242348784178,2026-06-25 04:21:27.982569,0.6240000000000001,0.21400000000000002,5.9866750625542915,25.046511022635187,-34.63892533333333,17.49377683333333
437.275,6.704175837729155,34.46267527802478,34.72091007522812,214.49458851840672,2026-06-25 04:21:28.107536,0.6240000000000001,0.21400000000000002,5.984713447167371,25.02446755199772,-34.63892533333333,17.49377683333333
437.4225,6.703268067422075,34.462503103232834,34.720400348409036,214.50073248707702,2026-06-25 04:21:28.157523,0.6240000000000001,0.21500000000000002,5.986656930338068,25.009854464721194,-34.63892533333333,17.49377683333333
437.605,6.703200064496583,34.46249628554935,34.72009500702115,214.50629030919907,2026-06-25 04:21:28.157523,0.6240000000000001,0.21400000000000002,5.9885968414095965,25.02122235629107,-34.63892533333333,17.49377683333333
437.8823333333333,6.700589350972712,34.461984764714174,34.71873012798667,214.52604037128847,2026-06-25 04:21:28.307484,0.6240000000000001,0.21400000000000002,5.985182543816622,25.071527861183068,-34.63892533333333,17.49377683333333
438.136,6.699721116044361,34.461814983496815,34.71833017192199,214.5399320653166,2026-06-25 04:21:28.357471,0.6240000000000001,0.21400000000000002,5.98469893545511,25.11754046842204,-34.63892533333333,17.49377683333333
438.33,6.698365931098755,34.461495872633385,34.71809577978201,214.55933637152273,2026-06-25 04:21:28.457445,0.6240000000000001,0.21600000000000003,5.984688051398674,25.152730136507547,-34.63892533333333,17.49377683333333
438.495,6.697569282991822,34.461266732439036,34.71795562167418,214.5651813454741,2026-06-25 04:21:28.532426,0.6240000000000001,0.2149999999999994,5.984688051398674,25.182659493384403,-34.63892533333333,17.49377683333333
438.65999999999997,6.6967322421736775,34.46097379293009,34.71755662853334,214.58344369619294,2026-06-25 04:21:28.632400,0.6240000000000001,0.21400000000000002,5.984675353034652,25.212588850261252,-34.63892533333333,17.49377683333333
438.875,6.695814146840287,34.46062997824341,34.71656832751007,214.59131935585918,2026-06-25 04:21:28.757367,0.6240000000000001,0.21400000000000002,5.984674528455458,25.249803163817145,-34.63892533333333,17.49377683333333
439.0725,6.694834968055373,34.460308815351155,34.71542133917947,214.59425727595098,2026-06-25 04:21:28.882334,0.6240000000000001,0.21400000000000002,5.984678981170144,25.215138153556374,-34.63892533333333,17.49377683333333
439.42600000000004,6.6941508877706255,34.46007015688828,34.71470159823192,214.60310001977396,2026-06-25 04:21:28.982308,0.6240000000000001,0.21400000000000002,5.986620747610921,25.15309217316556,-34.63892533333333,17.49377683333333
439.6195,6.693770949230807,34.4597954102452,34.71414810237425,214.62108554988524,2026-06-25 04:21:29.107276,0.6240000000000001,0.21500000000000125,5.984662654346511,25.121899472874986,-34.63892533333333,17.49377683333333
439.8245,6.6937358257263355,34.45969179152034,34.7139883445023,214.62510444253994,2026-06-25 04:21:29.157263,0.6240000000000001,0.21400000000000002,5.984660840233388,25.11008393925216,-34.63892533333333,17.49377683333333
439.957,6.693759042889713,34.45949434079677,34.713717184062396,214.6282727546524,2026-06-25 04:21:29.257237,0.6240000000000001,0.21600000000000003,5.984659026107299,25.10244706995936,-34.63892533333333,17.49377683333333
440.262,6.693733346904367,34.45940243410883,34.71357797246109,214.63145441802604,2026-06-25 04:21:29.307224,0.6240000000000001,0.21400000000000002,5.984659026107299,25.08486786139857,-34.63892533333333,17.49377683333333
440.45775000000003,6.693232730222057,34.45919191634566,34.713098593256305,214.62301885340057,2026-06-25 04:21:29.432191,0.6240000000000001,0.21400000000000002,5.984672726400536,25.073585467707503,-34.63892533333333,17.49377683333333
440.718,6.692316253516348,34.4590004077765,34.712444837466805,214.6330080163026,2026-06-25 04:21:29.557158,0.6240000000000001,0.21400000000000002,5.984669910786039,25.058585503681453,-34.63892533333333,17.49377683333333
440.766,6.691863987247793,34.458931292272126,34.712105217295814,214.63580325480288,2026-06-25 04:21:29.607145,0.6240000000000001,0.21400000000000002,5.984669910786039,25.05581893971123,-34.63892533333333,17.49377683333333
441.077,6.691423850009952,34.45886585298438,34.71173093594248,214.64798703389803,2026-06-25 04:21:29.657132,0.6240000000000001,0.21400000000000002,5.984662654359476,25.037893910654166,-34.63892533333333,17.49377683333333
441.166,6.690854822010849,34.45877493396213,34.71113045402207,214.80666113430368,2026-06-25 04:21:29.732113,0.6240000000000001,0.21500000000000002,5.984657211968246,25.040340192921228,-34.63892533333333,17.49377683333333
441.385,6.690295022293679,34.45866552579206,34.710338957090464,214.66547433234743,2026-06-25 04:21:29.832087,0.6240000000000001,0.21400000000000002,5.984653583651241,25.046359696477257,-34.63892533333333,17.49377683333333
441.677,6.689943150638203,34.45859212749266,34.709767982939496,214.6822523165432,2026-06-25 04:21:29.907067,0.6240000000000001,0.21400000000000002,5.984640884457448,25.05438570121863,-34.63892533333333,17.49377683333333
441.8256666666666,6.689148018888027,34.45850762906076,34.70886845814024,214.6811284980591,2026-06-25 04:21:30.007041,0.6240000000000001,0.21600000000000003,5.984647795637478,25.05857556768373,-34.63892533333333,17.49377683333333
442.091,6.687714899991795,34.45843387875649,34.70764775018414,214.68707137383157,2026-06-25 04:21:30.107015,0.6240000000000001,0.21400000000000002,5.984651769525153,25.076173545077772,-34.63892533333333,17.49377683333333
442.23199999999997,6.685866379529485,34.458387856751344,34.70625669171013,214.6941686563265,2026-06-25 04:21:30.181996,0.6240000000000001,0.21499999999999744,5.984655397816226,25.08552523406983,-34.63892533333333,17.49377683333333
442.389,6.68261055070256,34.45833629195641,34.703677704048246,214.713592871676,2026-06-25 04:21:30.281970,0.6240000000000001,0.21600000000000003,5.984653583677172,25.095938107628367,-34.63892533333333,17.49377683333333
442.735,6.679724489528561,34.458304649591824,34.70115596353959,214.7399093231452,2026-06-25 04:21:30.356950,0.6240000000000001,0.21400000000000002,5.984644512839282,25.118886223878384,-34.63892533333333,17.49377683333333
442.831,6.676500900517824,34.45827964624502,34.69805590493041,214.78630334580117,2026-06-25 04:21:30.431930,0.6240000000000001,0.21500000000000058,5.984613670763847,25.125253331277232,-34.63892533333333,17.49377683333333
443.0919999999999,6.670687363807928,34.45825029350682,34.69192863520075,214.818249207043,2026-06-25 04:21:30.556898,0.6240000000000001,0.21400000000000002,5.984613030424558,25.142563904517846,-34.63892533333333,17.49377683333333
443.452,6.665013375026344,34.45823489082379,34.685639513264974,214.87350644824173,2026-06-25 04:21:30.681865,0.6240000000000001,0.21400000000000002,5.984588269925538,25.12014134441871,-34.63892533333333,17.49377683333333
443.617,6.662089475633803,34.45823489082379,34.682516793407416,214.9051940934002,2026-06-25 04:21:30.756846,0.6240000000000001,0.21400000000000002,5.984571940275175,25.108483123516706,-34.63892533333333,17.49377683333333
443.85175000000004,6.658894013869004,34.45823489082379,34.679508956936466,214.9402121918197,2026-06-25 04:21:30.881813,0.6240000000000001,0.21400000000000002,5.984554241860456,25.091896654687947,-34.63892533333333,17.49377683333333
444.062,6.657278942898154,34.458250513547895,34.678437080614295,214.97494313594524,2026-06-25 04:21:31.031774,0.6240000000000001,0.21400000000000002,5.984528391743886,25.09352503260267,-34.63892533333333,17.49377683333333
444.459,6.657408148089765,34.45826265819566,34.67893337867514,214.97809730856926,2026-06-25 04:21:31.106755,0.6240000000000001,0.21400000000000002,5.984528391756856,25.117827124145276,-34.63892533333333,17.49377683333333
444.6423333333334,6.6582081648085065,34.458282492644585,34.6802894272455,214.97146564985894,2026-06-25 04:21:31.206729,0.6240000000000001,0.21400000000000002,5.984532988718696,25.129049752481496,-34.63892533333333,17.49377683333333
444.874,6.659262266671233,34.45830456764348,34.681876678724784,214.96588730156674,2026-06-25 04:21:31.306702,0.6240000000000001,0.21400000000000002,5.984535650102638,25.143231073742715,-34.63892533333333,17.49377683333333
445.0555,6.660520228915614,34.458334515748945,34.683629104316665,214.9561442581987,2026-06-25 04:21:31.431670,0.6240000000000001,0.21400000000000002,5.984541093790638,25.15434147579557,-34.63892533333333,17.49377683333333
445.25350000000003,6.660447257091273,34.458334546506734,34.68352385921163,214.95840693748787,2026-06-25 04:21:31.431670,0.6240000000000001,0.21400000000000002,5.984541093764698,25.167301804015437,-34.63892533333333,17.49377683333333
445.491,6.661464708103237,34.45837043849124,34.68490981723299,214.94691400178596,2026-06-25 04:21:31.581631,0.6240000000000001,0.21400000000000002,5.98455016648292,25.18299657866773,-34.63892533333333,17.49377683333333
445.721,6.661703151482771,34.45838732625966,34.68522726797947,214.95138778562662,2026-06-25 04:21:31.656611,0.6240000000000001,0.21400000000000002,5.984546537426759,25.19819572885732,-34.63892533333333,17.49377683333333
445.766,6.661778662144412,34.45839777455936,34.6853309002306,214.94795916222017,2026-06-25 04:21:31.706598,0.6240000000000001,0.21400000000000002,5.98455016648292,25.201169475633545,-34.63892533333333,17.49377683333333
446.0405,6.661771752521587,34.45841176891692,34.68535083381248,214.80442138151977,2026-06-25 04:21:31.781579,0.6240000000000001,0.21600000000000003,5.984546537426759,25.219309330968514,-34.63892533333333,17.49377683333333
446.248,6.661568155888583,34.45842685087165,34.68517179729747,214.80393001652007,2026-06-25 04:21:31.881553,0.6240000000000001,0.21600000000000003,5.98455016648292,25.23386845187603,-34.63892533333333,17.49377683333333
446.5016666666667,6.6609681786001245,34.458428782326656,34.68457905578213,214.75690596659922,2026-06-25 04:21:32.006520,0.6240000000000001,0.21600000000000003,5.984547687619422,25.277483587788154,-34.63892533333333,17.49377683333333
446.813,6.6599482904410205,34.458428782326656,34.68358411458203,214.82084070486732,2026-06-25 04:21:32.131487,0.6240000000000001,0.21600000000000003,5.984546537426759,25.331013859722326,-34.63892533333333,17.49377683333333
447.16700000000003,6.658710356605717,34.458428782326656,34.68242195584237,214.83210288788493,2026-06-25 04:21:32.231461,0.6240000000000001,0.21600000000000003,5.984544722885709,25.391880186054347,-34.63892533333333,17.49377683333333
447.416,6.65550780556161,34.45838669495829,34.67934216238554,214.70766317860802,2026-06-25 04:21:32.406416,0.6240000000000001,0.21600000000000003,5.984537464643688,25.41820276365942,-34.63892533333333,17.49377683333333
447.6113333333333,6.655017475580338,34.458375927765566,34.678786264908894,214.7247034305964,2026-06-25 04:21:32.423078,0.6240000000000001,0.21600000000000003,5.984538771154229,25.317576416430633,-34.63892533333333,17.49377683333333
447.753,6.653240068516588,34.45834862973379,34.67701352122292,214.72737926446328,2026-06-25 04:21:32.506390,0.6240000000000001,0.21600000000000003,5.9845320209427175,25.244596557092308,-34.63892533333333,17.49377683333333
448.06033333333335,6.649305840228891,34.458262501926775,34.67270116968504,215.05684933417572,2026-06-25 04:21:32.656351,0.6240000000000001,0.21600000000000003,5.984521059988591,25.0862731916572,-34.63892533333333,17.49377683333333
448.4083333333333,6.645209828425792,34.45814316974371,34.668410228792645,214.7968279338591,2026-06-25 04:21:32.806312,0.6240000000000001,0.21600000000000003,5.984507853679924,25.107422735979018,-34.63892533333333,17.49377683333333
448.603,6.64220110039971,34.45801551292874,34.66548369325265,214.8288449632026,2026-06-25 04:21:32.931279,0.6270000000000001,0.21600000000000003,5.984492098471454,25.130867830395957,-34.63892533333333,17.49377683333333
448.829,6.640493005435729,34.45789191555847,34.66394021407536,214.85006319617517,2026-06-25 04:21:33.031253,0.6240000000000001,0.21600000000000003,5.984481209966973,25.158086621516983,-34.63892533333333,17.49377683333333
449.24975,6.639298232145728,34.45764337055137,34.663125774034256,214.87772673857646,2026-06-25 04:21:33.193711,0.6240000000000001,0.21600000000000003,5.984463061975205,25.20876054348235,-34.63892533333333,17.49377683333333
449.419,6.639051713881164,34.457540870295624,34.663047547511546,215.17687966756574,2026-06-25 04:21:33.256194,0.6300000000000001,0.21600000000000003,5.984466691628045,25.21062625914542,-34.63892533333333,17.49377683333333
449.704,6.638985198254286,34.45734939268287,34.66322949360822,215.18022067510404,2026-06-25 04:21:33.356168,0.6300000000000001,0.21600000000000003,5.984466691628045,25.19608318815854,-34.63892533333333,17.49377683333333
449.79650000000004,6.638926394483182,34.45718995575443,34.66334449321118,215.1816281067313,2026-06-25 04:21:33.431149,0.6269999999999981,0.21600000000000003,5.984466691628045,25.19136306862771,-34.63892533333333,17.49377683333333
450.1165,6.638716110598368,34.45695747465644,34.663420335603334,214.88296196376402,2026-06-25 04:21:33.531123,0.6240000000000001,0.21600000000000003,5.984470321241965,25.175034006467005,-34.63892533333333,17.49377683333333
450.29449999999997,6.63831856620447,34.456629723873206,34.663490039727606,215.03866158182015,2026-06-25 04:21:33.656090,0.6240000000000001,0.21600000000000003,5.984468506415546,25.16595096564011,-34.63892533333333,17.49377683333333
450.4475,6.638168436896377,34.45648841688981,34.66354080444584,214.8929899414337,2026-06-25 04:21:33.706077,0.6240000000000001,0.21600000000000003,5.984466691576154,25.15814363279452,-34.63892533333333,17.49377683333333
450.549,6.6379089811908925,34.4561895491139,34.66369147366415,214.89914532094045,2026-06-25 04:21:33.806051,0.6240000000000001,0.21600000000000003,5.984463061975205,25.155819847214428,-34.63892533333333,17.49377683333333
450.927,6.6378024663277655,34.456028520920434,34.66378965737956,214.90352942249825,2026-06-25 04:21:33.856038,0.6240000000000001,0.21400000000000002,5.984463061975205,25.161063246525135,-34.63892533333333,17.49377683333333
451.03075,6.637344443856764,34.45559193591804,34.663860970471845,214.91383738015602,2026-06-25 04:21:33.981005,0.6188999999999973,0.21400000000000002,5.984456347047401,25.16250240705023,-34.63892533333333,17.49377683333333
451.481,6.636141725440336,34.45501950970918,34.66334815893556,214.91851239473087,2026-06-25 04:21:34.130966,0.6180000000000001,0.21400000000000002,5.984463061975205,25.16874801694347,-34.63892533333333,17.49377683333333
451.847,6.63510741428005,34.45470865248029,34.662660731388975,214.93106611743616,2026-06-25 04:21:34.205947,0.6180000000000001,0.21400000000000002,5.984459432296422,25.132523083434634,-34.63892533333333,17.49377683333333
452.00675,6.632444922038076,34.454087440022704,34.66043337758795,214.95280662194463,2026-06-25 04:21:34.343411,0.6240000000000001,0.21400000000000002,5.984453031609519,25.113591689233093,-34.63892533333333,17.49377683333333
452.233,6.629894421167981,34.453549361997375,34.65814255254316,214.97615752074498,2026-06-25 04:21:34.455882,0.6210000000000001,0.21400000000000002,5.984444913321821,25.086779620763004,-34.63892533333333,17.49377683333333
452.535,6.62732655672436,34.45304013335844,34.655743510933405,214.99251728391366,2026-06-25 04:21:34.555856,0.6240000000000001,0.21400000000000002,5.984444913321821,25.172487252989963,-34.63892533333333,17.49377683333333
452.65,6.624682337454656,34.45249474536479,34.65304257490497,215.02487940930803,2026-06-25 04:21:34.655829,0.6210000000000012,0.21400000000000002,5.984426763812166,25.2096666712297,-34.63892533333333,17.49377683333333
452.8445,6.622664556008898,34.45206502570947,34.65086266507032,215.0408423083452,2026-06-25 04:21:34.730810,0.6210000000000001,0.21400000000000002,5.984423134029599,25.272548382948237,-34.63892533333333,17.49377683333333
453.26250000000005,6.6199038877937255,34.451328547478376,34.64784268023822,215.07349791011765,2026-06-25 04:21:34.830784,0.6180000000000001,0.21400000000000002,5.984408614068974,25.40768748576753,-34.63892533333333,17.49377683333333
453.004,6.619230252084576,34.45147303434422,34.64709331189724,214.7747038227878,2026-06-25 04:21:34.855777,0.6240000000000001,0.21400000000000002,5.984408614068974,25.32411461955034,-34.63892533333333,17.49377683333333
453.4575,6.6156316095665435,34.450538978128414,34.643128590388855,214.80168600209447,2026-06-25 04:21:34.980745,0.6240000000000001,0.21400000000000002,5.984404983987993,25.45035710784731,-34.63892533333333,17.49377683333333
453.601,6.612190303482358,34.449704466651156,34.63931551793205,214.99364626813866,2026-06-25 04:21:35.105712,0.6240000000000001,0.21500000000000002,5.984381387767428,25.458026958643973,-34.63892533333333,17.49377683333333
453.824,6.609821150030122,34.449124506563514,34.63686869819369,215.1652345509331,2026-06-25 04:21:35.189024,0.6240000000000001,0.21400000000000002,5.984373980176479,25.469945960230422,-34.63892533333333,17.49377683333333
454.125,6.606126430622383,34.44828944759746,34.633323188729975,214.89659209178816,2026-06-25 04:21:35.305660,0.6240000000000001,0.21400000000000002,5.984365051540132,25.486033939950243,-34.63892533333333,17.49377683333333
454.37166666666667,6.60085666529235,34.4474097182989,34.62831618146928,214.92796178706433,2026-06-25 04:21:35.422296,0.6240000000000001,0.21400000000000002,5.984363367879887,25.4992178878934,-34.63892533333333,17.49377683333333
454.587,6.599393318279873,34.44715828478987,34.62693376462752,214.95339630675076,2026-06-25 04:21:35.455621,0.6240000000000001,0.21400000000000002,5.984346899383459,25.51072711812486,-34.63892533333333,17.49377683333333
454.751,6.589189677558317,34.4459726875114,34.61671436454091,215.02466639993273,2026-06-25 04:21:35.605582,0.6240000000000001,0.21400000000000002,5.984328746577917,25.44519478135212,-34.63892533333333,17.49377683333333
455.03099999999995,6.588926715449961,34.44596985373103,34.61646397632552,215.03387467762653,2026-06-25 04:21:35.605582,0.6240000000000001,0.2150000000000007,5.984323300580519,25.33331030393526,-34.63892533333333,17.49377683333333
455.2636666666667,6.57220934910739,34.4445917156608,34.59971925229633,215.15302093551855,2026-06-25 04:21:35.772205,0.6240000000000001,0.21400000000000002,5.984289954629539,25.240339631034054,-34.63892533333333,17.49377683333333
455.471,6.568562377204186,34.44431324780199,34.59609470869632,215.17115501431238,2026-06-25 04:21:35.805530,0.6240000000000001,0.21400000000000002,5.98429243902009,25.157491839423006,-34.63892533333333,17.49377683333333
455.6535,6.549263817040585,34.44301246373006,34.57590082687348,215.04918212426116,2026-06-25 04:21:35.955491,0.6240000000000001,0.21400000000000002,5.9842107374421865,25.084567135392366,-34.63892533333333,17.49377683333333
455.7935,6.542712886759977,34.44257029206183,34.56880762683947,215.09587502740382,2026-06-25 04:21:36.005478,0.6240000000000001,0.21400000000000002,5.980309045492685,25.039458026426747,-34.63892533333333,17.49377683333333
456.096,6.521466176569433,34.440990323716264,34.54503838009924,215.3023328370483,2026-06-25 04:21:36.180432,0.6240000000000001,0.21400000000000002,5.982153443039639,25.161325183718738,-34.63892533333333,17.49377683333333
456.22450000000003,6.519752988200836,34.44075337258563,34.54338110535805,215.47823706381118,2026-06-25 04:21:36.205426,0.6240000000000001,0.21400000000000002,5.980192374169547,25.213093546403115,-34.63892533333333,17.49377683333333
456.479,6.513939638999758,34.440298139900854,34.53670260193697,215.681279943509,2026-06-25 04:21:36.255413,0.6240000000000001,0.21400000000000002,5.980170499248468,25.315623105182638,-34.63892533333333,17.49377683333333
456.678,6.505570601243308,34.43936226650287,34.528234413224695,215.7716019823499,2026-06-25 04:21:36.355386,0.6240000000000001,0.21400000000000002,5.984012783854622,25.395793565682165,-34.63892533333333,17.49377683333333
456.8183333333333,6.498400944163955,34.43841273730802,34.5221734412533,215.832104231214,2026-06-25 04:21:36.455360,0.6240000000000001,0.21400000000000002,5.980100077123365,25.4046668841612,-34.63892533333333,17.49377683333333
456.958,6.491318886303192,34.43745386750315,34.51680473372207,215.90049440398664,2026-06-25 04:21:36.555334,0.6240000000000001,0.21400000000000002,5.980068388295019,25.41349804910827,-34.63892533333333,17.49377683333333
457.282,6.487442366733271,34.43697024047543,34.51387679726598,215.92716021140419,2026-06-25 04:21:36.605321,0.6240000000000001,0.21400000000000002,5.980064741097071,25.433984665644182,-34.63892533333333,17.49377683333333
457.501,6.483148860920581,34.43648438698736,34.51045362780473,215.95490487497474,2026-06-25 04:21:36.655308,0.6240000000000001,0.21400000000000002,5.980061093873039,25.44783210089531,-34.63892533333333,17.49377683333333
457.6213333333333,6.47261612988661,34.43550622563913,34.501051251278554,215.73868722806475,2026-06-25 04:21:36.755282,0.6240000000000001,0.21400000000000002,5.980030420270857,25.45544081341534,-34.63892533333333,17.49377683333333
457.908,6.459841481453767,34.434522577649304,34.4885505104392,215.82614355518507,2026-06-25 04:21:36.855256,0.6240000000000001,0.21400000000000002,5.980010029997582,25.47356683216111,-34.63892533333333,17.49377683333333
458.0543333333333,6.441224836304652,34.43336747765792,34.468915388597175,216.0058530954266,2026-06-25 04:21:36.971892,0.6240000000000001,0.21400000000000002,5.979922653238704,25.482819532427847,-34.63892533333333,17.49377683333333
458.159,6.435810864356596,34.43303731307328,34.463154148240584,216.01711928569503,2026-06-25 04:21:37.005217,0.6240000000000001,0.21400000000000002,5.979940720844857,25.48943763694665,-34.63892533333333,17.49377683333333
458.52099999999996,6.404922707264866,34.43129703611031,34.430441973260436,216.2825726889439,2026-06-25 04:21:37.180171,0.6240000000000001,0.21400000000000002,5.979831265834568,25.51232700480468,-34.63892533333333,17.49377683333333
458.61133333333333,6.398357777856778,34.43088242095976,34.42370432732404,216.37829563041475,2026-06-25 04:21:37.221827,0.6193277310924379,0.21400000000000002,5.9797672579486365,25.518038808386198,-34.63892533333333,17.49377683333333
458.868,6.370970340259103,34.4290603481034,34.39558396385336,216.91895780854705,2026-06-25 04:21:37.405113,0.6240000000000001,0.21400000000000002,5.9796670400849745,25.534267918193457,-34.63892533333333,17.49377683333333
459.0155,6.371309745588983,34.42905996689938,34.39595620716969,216.7641856371295,2026-06-25 04:21:37.405113,0.6240000000000001,0.21400000000000002,5.9796706894879526,25.543594387141134,-34.63892533333333,17.49377683333333
459.256,6.3600155157117975,34.42806971992173,34.384693080746636,217.03539562663033,2026-06-25 04:21:37.505087,0.6240000000000001,0.21400000000000002,5.97960863584862,25.558801273798196,-34.63892533333333,17.49377683333333
459.347,6.355527902487936,34.42757615957111,34.38033256181124,217.08063809330778,2026-06-25 04:21:37.555074,0.6240000000000001,0.21400000000000002,5.979586732536174,25.56455523091168,-34.63892533333333,17.49377683333333
459.65659999999997,6.34599001262122,34.42610539127251,34.37154376329656,217.14903397385177,2026-06-25 04:21:37.705035,0.6240000000000001,0.21400000000000002,5.979574894976055,25.58413133115711,-34.63892533333333,17.49377683333333
459.953,6.339263382728107,34.42464666997441,34.36601284567521,217.55287522309308,2026-06-25 04:21:37.854996,0.6240000000000001,0.21400000000000002,5.979506412344814,25.602872791469597,-34.63892533333333,17.49377683333333
460.27049999999997,6.335648105874318,34.42368706817187,34.36330837903354,217.58790814572333,2026-06-25 04:21:37.954970,0.6240000000000001,0.21400000000000002,5.97949363280667,25.622948411068837,-34.63892533333333,17.49377683333333
460.394,6.3357121266192165,34.42368586057797,34.3634004687103,217.59406571395317,2026-06-25 04:21:37.954970,0.6240000000000001,0.21400000000000002,5.979488155992392,25.630757352865707,-34.63892533333333,17.49377683333333
460.577,6.331659778383616,34.42273470727565,34.36006397801538,217.93175600488541,2026-06-25 04:21:38.054943,0.6240000000000001,0.21400000000000002,5.979477201867399,25.642328497390626,-34.63892533333333,17.49377683333333
460.8506666666667,6.326285358187129,34.42179514953393,34.35489592866967,217.96647894988112,2026-06-25 04:21:38.154917,0.6240000000000001,0.21460606060605156,5.979473550440143,25.659632522263042,-34.63892533333333,17.49377683333333
461.077,6.313764313865023,34.42017855083408,34.34122433088516,218.06974434990508,2026-06-25 04:21:38.329872,0.6240000000000001,0.21578461538461524,5.979436922268639,25.673943646365807,-34.63892533333333,17.49377683333333
461.6603333333333,6.298113455071348,34.4181552697614,34.32314438867382,218.24511369963363,2026-06-25 04:21:38.521488,0.6240000000000001,0.21400000000000002,5.97938696477158,25.710827986836847,-34.63892533333333,17.49377683333333
461.515,6.295353665668084,34.41845305609951,34.31991351774358,218.24374836877973,2026-06-25 04:21:38.554813,0.6240000000000001,0.21400000000000002,5.979360343233486,25.701638516868062,-34.63892533333333,17.49377683333333
461.781,6.28807563413304,34.4172798303142,34.31198413819197,218.614168171488,2026-06-25 04:21:38.654787,0.6240000000000001,0.21400000000000002,5.979334776839748,25.71845777612286,-34.63892533333333,17.49377683333333
462.077,6.284790870221711,34.41684764428488,34.30862238333486,218.65204879143022,2026-06-25 04:21:38.704774,0.6240000000000001,0.21400000000000002,5.979316514345729,25.737173944316165,-34.63892533333333,17.49377683333333
462.24600000000004,6.278982278039347,34.41599589743995,34.30313636329259,218.9818173758574,2026-06-25 04:21:38.804748,0.6240000000000001,0.21400000000000002,5.979295276309894,25.74785986466978,-34.63892533333333,17.49377683333333
462.6496666666667,6.270858204390507,34.41433511473718,34.29635307401071,219.10138531390376,2026-06-25 04:21:38.971371,0.6240000000000001,0.21464367816092078,5.979250385824264,25.77338382827574,-34.63892533333333,17.49377683333333
462.436,6.269347097298187,34.414610406256195,34.29514677648591,219.10621831040524,2026-06-25 04:21:39.004696,0.6240000000000001,0.21400000000000002,5.9792507639556725,25.759873621280345,-34.63892533333333,17.49377683333333
463.0516666666667,6.26264918495862,34.41313356462865,34.29024838433076,219.39646458741893,2026-06-25 04:21:39.154657,0.6240000000000001,0.21400000000000002,5.9792324984550635,25.798802408051788,-34.63892533333333,17.49377683333333
463.45125,6.254162261359459,34.41177723707608,34.28335340345736,219.5614013478575,2026-06-25 04:21:39.329611,0.6240000000000001,0.21400000000000002,5.979191161878383,25.78764915481681,-34.63892533333333,17.49377683333333
463.817,6.243832021603329,34.41028830429427,34.27362958645097,219.64896502534322,2026-06-25 04:21:39.529559,0.6240000000000001,0.21400000000000002,5.979161256752942,25.774206634433867,-34.63892533333333,17.49377683333333
464.0655,6.243778885696183,34.410284314242844,34.27349015837024,219.80139868014555,2026-06-25 04:21:39.529559,0.6240000000000001,0.21400000000000002,5.97916491025838,25.765073438766986,-34.63892533333333,17.49377683333333
464.187,6.236980712224352,34.409384482273396,34.266462769709506,220.01150286709125,2026-06-25 04:21:39.654526,0.6240000000000001,0.21400000000000002,5.979144814951946,25.760607912515372,-34.63892533333333,17.49377683333333
464.6686666666667,6.229608812275191,34.4084552432594,34.25833740253706,220.0865040085337,2026-06-25 04:21:39.787825,0.6240000000000001,0.21400000000000002,5.979112804463961,25.795392526481336,-34.63892533333333,17.49377683333333
464.86925,6.223691036788912,34.40766558911489,34.25194269026007,220.14267645031828,2026-06-25 04:21:39.904461,0.6240000000000001,0.21400000000000002,5.9790894569787145,25.809878091501417,-34.63892533333333,17.49377683333333
465.2355,6.215064229172585,34.406348140803104,34.2431178003083,220.3847481515724,2026-06-25 04:21:40.104409,0.6240000000000001,0.21400000000000002,5.97904980737167,25.836393281200216,-34.63892533333333,17.49377683333333
465.547,6.214970482419086,34.40555559054367,34.24300364904866,220.228610511722,2026-06-25 04:21:40.104409,0.6240000000000001,0.21400000000000002,5.979057116383581,25.860667012689024,-34.63892533333333,17.49377683333333
465.447,6.211150988273953,34.40634635540358,34.23952987201358,220.5820201836625,2026-06-25 04:21:40.229377,0.6240000000000001,0.21400000000000002,5.979027880165874,25.85287448251605,-34.63892533333333,17.49377683333333
465.829,6.20795945543125,34.40478711949564,34.23686443802266,220.61872330026603,2026-06-25 04:21:40.354344,0.6240000000000001,0.21400000000000002,5.979013261448718,25.882641947776804,-34.63892533333333,17.49377683333333
466.017,6.207953275238369,34.40478546818059,34.23685190774726,220.61525050588824,2026-06-25 04:21:40.354344,0.6240000000000001,0.21400000000000002,5.97901874349218,25.897291904501987,-34.63892533333333,17.49377683333333
466.288,6.205403833511321,34.40418461715921,34.234694002810514,220.63723765907795,2026-06-25 04:21:40.454318,0.6240000000000001,0.21400000000000002,5.979013261448718,25.918409661270744,-34.63892533333333,17.49377683333333
466.6175,6.203268984379713,34.40374275777651,34.23272693876879,220.6592301625694,2026-06-25 04:21:40.529298,0.6240000000000001,0.21400000000000002,5.979005951926609,25.94251369330308,-34.63892533333333,17.49377683333333
466.769,6.200928739985209,34.40330709537537,34.23043540682941,220.6769437083476,2026-06-25 04:21:40.604279,0.6240000000000001,0.21400000000000002,5.979002297126307,25.931632541708275,-34.63892533333333,17.49377683333333
467.03866666666664,6.196757913349816,34.402645604363,34.22596825558253,221.0110688027827,2026-06-25 04:21:40.720915,0.6240000000000001,0.21400000000000002,5.978978313993724,25.91226433127879,-34.63892533333333,17.49377683333333
467.24766666666665,6.192238681508786,34.4019974082845,34.220913209928334,220.97518925603106,2026-06-25 04:21:40.837551,0.6240000000000001,0.21400000000000002,5.978975678520218,25.897253369672754,-34.63892533333333,17.49377683333333
467.712,6.183463842695641,34.40083617134437,34.211103596534905,221.14502874833474,2026-06-25 04:21:41.054162,0.6240000000000001,0.21400000000000002,5.978943816762715,25.863903657524087,-34.63892533333333,17.49377683333333
467.80766666666665,6.183601856713153,34.4008304686926,34.21133926988902,221.17451230744692,2026-06-25 04:21:41.054162,0.6240000000000001,0.21400000000000002,5.9789439907086015,25.86209291807605,-34.63892533333333,17.49377683333333
468.029,6.180588620782988,34.40043860637279,34.208018655330406,221.18144508458212,2026-06-25 04:21:41.129142,0.6240000000000001,0.21400000000000002,5.978925540157428,25.85790361147851,-34.63892533333333,17.49377683333333
468.298,6.175153873577662,34.399670154473384,34.20251845143896,221.54718235684373,2026-06-25 04:21:41.279103,0.6210000000000001,0.21400000000000002,5.978899952080372,25.85281208975529,-34.63892533333333,17.49377683333333
468.495,6.172432295121704,34.39929323108096,34.199930637666405,221.5708929495846,2026-06-25 04:21:41.354083,0.6180000000000001,0.21400000000000002,5.97889264094883,25.84908335451561,-34.63892533333333,17.49377683333333
468.575,6.170526060428235,34.39904481353209,34.198158165451,221.5854672486705,2026-06-25 04:21:41.404070,0.6180000000000001,0.21400000000000002,5.978888985337254,25.847569147311678,-34.63892533333333,17.49377683333333
468.83349999999996,6.164956230030977,34.398434001362375,34.193065877528255,221.64839972942315,2026-06-25 04:21:41.529038,0.6188666666666698,0.21400000000000002,5.978857667844271,25.81673533102275,-34.63892533333333,17.49377683333333
469.108,6.158202396794029,34.39783299558848,34.18696210140157,221.68480966308215,2026-06-25 04:21:41.654005,0.6180000000000001,0.21400000000000002,5.978859739502337,25.78399303867724,-34.63892533333333,17.49377683333333
469.318,6.15144802801397,34.39736151650364,34.180820720513665,221.74398860354407,2026-06-25 04:21:41.753979,0.6180000000000001,0.21400000000000002,5.978837804026729,25.758944290434783,-34.63892533333333,17.49377683333333
469.46000000000004,6.147360821644029,34.39713188992961,34.17688348053145,221.77042631968393,2026-06-25 04:21:41.803966,0.6240000000000001,0.21400000000000002,5.978834147381123,25.74200656543273,-34.63892533333333,17.49377683333333
469.5935,6.14575618349463,34.39701276631133,34.17550151387316,221.79098394510385,2026-06-25 04:21:41.828960,0.6240000000000001,0.21400000000000002,5.978823179839667,25.726082718335743,-34.63892533333333,17.49377683333333
469.822,6.1336355862093175,34.39632621198798,34.163642176643926,222.0549357158413,2026-06-25 04:21:41.978921,0.6210000000000016,0.21400000000000002,5.978779304765153,25.71761854057493,-34.63892533333333,17.49377683333333
470.127,6.123691988804297,34.39576493930949,34.15351759041461,222.29759798935157,2026-06-25 04:21:42.103888,0.6180000000000001,0.21400000000000002,5.9787463960668195,25.77837940229276,-34.63892533333333,17.49377683333333
470.211,6.121990305201249,34.395655585184755,34.151798717075934,222.16681215146798,2026-06-25 04:21:42.128882,0.6180000000000001,0.21400000000000002,5.97873176863301,25.795113541257674,-34.63892533333333,17.49377683333333
470.549,6.119952216034333,34.394780391209885,34.149696681900174,222.35502275520875,2026-06-25 04:21:42.153875,0.6180000000000001,0.21400000000000002,5.9787134851950885,25.842308866598525,-34.63892533333333,17.49377683333333
470.4425,6.108485498677718,34.39554320556502,34.1383031632349,222.60544321122126,2026-06-25 04:21:42.328829,0.6210000000000001,0.21400000000000002,5.978675086336626,25.841232031381203,-34.63892533333333,17.49377683333333
470.77250000000004,6.10870870988504,34.394778968586344,34.13861627209138,222.76403820939697,2026-06-25 04:21:42.328829,0.620999999999997,0.21400000000000002,5.9786750859437605,25.8422671485466,-34.63892533333333,17.49377683333333
471.289,6.1019084781911515,34.39403182217351,34.13236253633825,222.836265233751,2026-06-25 04:21:42.453797,0.6180000000000001,0.21400000000000002,5.978643999721813,25.842170739715197,-34.63892533333333,17.49377683333333
471.068,6.099662999659203,34.39424350534698,34.13052101206703,222.84902457997944,2026-06-25 04:21:42.503784,0.6240000000000001,0.21400000000000002,5.978640342329723,25.842211991122245,-34.63892533333333,17.49377683333333
471.47325,6.095020425385195,34.39350941781885,34.12682640866582,222.91271646166456,2026-06-25 04:21:42.628751,0.6240000000000001,0.21400000000000002,5.978605443328489,25.842136347987825,-34.63892533333333,17.49377683333333
471.6705,6.088605217551294,34.39269032518053,34.1213193488836,223.12468126444378,2026-06-25 04:21:42.828699,0.6210000000000001,0.21400000000000002,5.978585478304966,25.842099529707102,-34.63892533333333,17.49377683333333
472.156,6.087902796713322,34.39218729283916,34.12070482627033,222.981782746124,2026-06-25 04:21:42.853693,0.6240000000000001,0.21600000000000003,5.978581820493742,25.84200890727216,-34.63892533333333,17.49377683333333
472.086,6.085888896413497,34.39238956963294,34.11882343138894,222.99486695101285,2026-06-25 04:21:42.903680,0.6240000000000001,0.21400000000000002,5.978578162656321,25.84202197332869,-34.63892533333333,17.49377683333333
471.939,6.084274803835324,34.39258785970505,34.11739316367843,223.30940398835497,2026-06-25 04:21:42.953667,0.6240000000000001,0.21400000000000002,5.978581820493742,25.842049412047405,-34.63892533333333,17.49377683333333
472.4375,6.079019261462136,34.391694243778296,34.11232391560583,223.20536204978032,2026-06-25 04:21:43.078634,0.6240000000000001,0.21400000000000002,5.978563531031546,25.84134674838473,-34.63892533333333,17.49377683333333
472.6545,6.074479996232284,34.39130571365591,34.10767416570086,223.40925605642238,2026-06-25 04:21:43.178608,0.6240000000000001,0.21500000000000816,5.978541582788735,25.840836309739714,-34.63892533333333,17.49377683333333
472.886,6.071006235619359,34.39101770895987,34.103982089516236,223.44094924675628,2026-06-25 04:21:43.253588,0.6240000000000001,0.21400000000000002,5.97853060838567,25.8402917634433,-34.63892533333333,17.49377683333333
473.002,6.066504731529292,34.390639445289096,34.09901421696967,223.48241902200775,2026-06-25 04:21:43.353562,0.6240000000000001,0.21400000000000002,5.9785141461784175,25.870376803913114,-34.63892533333333,17.49377683333333
473.2115,6.063317140126679,34.39035978522753,34.09543386222671,223.51783756757803,2026-06-25 04:21:43.428543,0.6240000000000001,0.21400000000000002,5.978497683276759,25.924711424416788,-34.63892533333333,17.49377683333333
473.46566666666666,6.05884351401144,34.38995971544219,34.09045353333172,223.56964950078273,2026-06-25 04:21:43.536848,0.6283333333333322,0.21400000000000002,5.978472073973589,25.99063051452666,-34.63892533333333,17.49377683333333
473.83799999999997,6.050926687540262,34.38926934688062,34.08241316034822,223.81112722452556,2026-06-25 04:21:43.728465,0.6240000000000001,0.21400000000000002,5.978452836350264,26.087196578333508,-34.63892533333333,17.49377683333333
474.218,6.041409943431852,34.388572962764584,34.07420979624787,224.02622898719332,2026-06-25 04:21:43.928412,0.6240000000000001,0.21400000000000002,5.978428168643924,26.053891385669623,-34.63892533333333,17.49377683333333
474.531,6.034515761654796,34.38814952858747,34.068564439562884,224.08781725373865,2026-06-25 04:21:44.053380,0.6240000000000001,0.21400000000000002,5.978406214740696,25.992751655429576,-34.63892533333333,17.49377683333333
474.82,6.026485795405496,34.38765608911662,34.06144710526275,224.19201588192468,2026-06-25 04:21:44.186678,0.6240000000000001,0.21400000000000002,5.978347224220825,25.936299955623273,-34.63892533333333,17.49377683333333
474.603,6.025480436577836,34.387712606816024,34.06058335844566,224.17640738101983,2026-06-25 04:21:44.203341,0.6240000000000001,0.21400000000000002,5.9783659632510355,25.97868756412835,-34.63892533333333,17.49377683333333
475.072,6.0193930879736035,34.38733637757895,34.05496798843342,224.3901715630432,2026-06-25 04:21:44.303315,0.6240000000000001,0.21400000000000002,5.978345836234803,25.94792945704174,-34.63892533333333,17.49377683333333
475.273,6.0132737180277,34.38702181174719,34.0492963909994,224.29527935606166,2026-06-25 04:21:44.403289,0.6240000000000001,0.21400000000000002,5.978318389219163,25.96982529223678,-34.63892533333333,17.49377683333333
475.418,6.010170680821949,34.38686756714884,34.04636967367408,224.3168426840712,2026-06-25 04:21:44.453276,0.6240000000000001,0.21400000000000002,5.978314729494729,25.985620795238177,-34.63892533333333,17.49377683333333
475.64300000000003,6.005451927017276,34.3866397212804,34.04175240201016,224.3550559707258,2026-06-25 04:21:44.528256,0.6210000000000014,0.21400000000000002,5.97830375011167,26.010131058516208,-34.63892533333333,17.49377683333333
475.82,5.999111931470641,34.38634185311102,34.03513780065525,224.41594892010826,2026-06-25 04:21:44.628230,0.6180000000000001,0.21400000000000002,5.978278130808299,26.02762632545839,-34.63892533333333,17.49377683333333
476.06899999999996,5.9915414267472356,34.385980000950035,34.02648588997923,224.48882894437568,2026-06-25 04:21:44.753197,0.6199636363636332,0.21400000000000002,5.978247785040422,26.044867707879487,-34.63892533333333,17.49377683333333
476.168,5.98603752319162,34.38569776683962,34.01998247382913,224.86460748614533,2026-06-25 04:21:44.853171,0.6180000000000001,0.21400000000000002,5.9782159070233565,26.051722715348124,-34.63892533333333,17.49377683333333
476.449,5.980427472378253,34.385357122887704,34.01377480318814,224.90469184408556,2026-06-25 04:21:44.978139,0.6180000000000001,0.21400000000000002,5.978208586079795,26.063764219432937,-34.63892533333333,17.49377683333333
476.656,5.97584451078378,34.38502560086454,34.00914399130147,224.97146796508773,2026-06-25 04:21:45.103106,0.6180000000000001,0.21400000000000002,5.978168319014913,26.031581140094247,-34.63892533333333,17.49377683333333
476.82349999999997,5.973737816076964,34.384833055334525,34.00730117684873,224.9863317361159,2026-06-25 04:21:45.178087,0.621000000000005,0.21400000000000002,5.978166488588865,26.005539276378162,-34.63892533333333,17.49377683333333
476.992,5.971908218523849,34.3846441265754,34.00586512065458,225.3251925347251,2026-06-25 04:21:45.253067,0.6180000000000001,0.21400000000000002,5.978153675658984,25.979341938848833,-34.63892533333333,17.49377683333333
477.2545,5.969804674537439,34.384399686024345,34.004494722046836,225.3465793342673,2026-06-25 04:21:45.353041,0.6180000000000001,0.21400000000000002,5.978146353823632,25.938530062875856,-34.63892533333333,17.49377683333333
477.5165,5.968796568314589,34.38427967972832,34.00388402701249,225.20291246900027,2026-06-25 04:21:45.403028,0.6180000000000001,0.21400000000000002,5.97814086234875,25.897795923809493,-34.63892533333333,17.49377683333333
477.57550000000003,5.966347310239575,34.38398667074425,34.00244874427585,225.37593673771917,2026-06-25 04:21:45.527996,0.6210000000000035,0.21400000000000002,5.978139031883354,25.897447176048345,-34.63892533333333,17.49377683333333
477.7785,5.96448234783818,34.383760514418654,34.00131742169157,225.39910347253226,2026-06-25 04:21:45.627969,0.6240000000000001,0.21400000000000002,5.978128048763077,25.939000851780733,-34.63892533333333,17.49377683333333
478.0613333333333,5.962358686813221,34.383487529369944,33.9998836651318,225.42450860316035,2026-06-25 04:21:45.752937,0.6240000000000001,0.21400000000000002,5.978117065432936,25.996896243995728,-34.63892533333333,17.49377683333333
478.713,5.960778348708788,34.383070907261484,33.99863298494174,225.45098136431193,2026-06-25 04:21:45.852911,0.6240000000000001,0.21400000000000002,5.9781060818535705,26.025458346605713,-34.63892533333333,17.49377683333333
478.4363333333333,5.95906327859466,34.383275600195276,33.99708163976223,225.68634384168942,2026-06-25 04:21:45.952885,0.6240000000000001,0.21400000000000002,5.978101369687363,26.06988349594758,-34.63892533333333,17.49377683333333
478.785,5.9556884230515506,34.38277416036079,33.99400450443386,225.48514167450313,2026-06-25 04:21:46.102846,0.6240000000000001,0.21400000000000002,5.978099895592927,26.013897102921565,-34.63892533333333,17.49377683333333
478.965,5.952811218564743,34.38258286233381,33.99130602740706,225.51450724463368,2026-06-25 04:21:46.202820,0.6240000000000001,0.21400000000000002,5.978087775363262,25.984993993711203,-34.63892533333333,17.49377683333333
479.2835,5.9494047279012285,34.38239785864101,33.987968115882325,225.54325769709882,2026-06-25 04:21:46.302794,0.6240000000000001,0.21400000000000002,5.978080452570367,25.933851547691745,-34.63892533333333,17.49377683333333
479.35,5.949443551657553,34.38239724642618,33.9880053926939,225.54372321892674,2026-06-25 04:21:46.302794,0.6240000000000001,0.21400000000000002,5.978080452583486,25.9231734545668,-34.63892533333333,17.49377683333333
479.616,5.943825479408152,34.382128263511454,33.98258910887398,225.59620934793855,2026-06-25 04:21:46.452754,0.6240000000000001,0.21400000000000002,5.978060647258444,25.88046108206704,-34.63892533333333,17.49377683333333
479.865,5.939880808700996,34.38195388283982,33.978980329370465,225.6329184307453,2026-06-25 04:21:46.552728,0.6240000000000001,0.21400000000000002,5.978047498775739,25.923150692305633,-34.63892533333333,17.49377683333333
480.153,5.9378612672545845,34.38170057955616,33.97719090422456,225.65782959382108,2026-06-25 04:21:46.602715,0.6240000000000001,0.21400000000000002,5.978036513700859,25.976112411144573,-34.63892533333333,17.49377683333333
480.083,5.933804161895595,34.38186840682549,33.97355525513592,225.68559400771667,2026-06-25 04:21:46.702689,0.6180000000000001,0.21400000000000002,5.978029190186405,25.963239771149,-34.63892533333333,17.49377683333333
480.3835,5.927930355369155,34.38145487223258,33.96795855615594,225.74769457713055,2026-06-25 04:21:46.852650,0.6180000000000001,0.21400000000000002,5.978001725990344,26.012195656160074,-34.63892533333333,17.49377683333333
480.773,5.92789810397798,34.381254823562564,33.96794230282315,225.75391937982994,2026-06-25 04:21:46.852650,0.6180000000000001,0.21400000000000002,5.977999895078933,26.021655352072198,-34.63892533333333,17.49377683333333
480.674,5.923418522708046,34.381454508362616,33.963457931779786,225.79091593932034,2026-06-25 04:21:46.977618,0.6180000000000001,0.21400000000000002,5.977985246842885,26.0192509620971,-34.63892533333333,17.49377683333333
481.02566666666667,5.919486650128583,34.38105897196801,33.959604797124705,225.83315670409948,2026-06-25 04:21:47.102585,0.6180000000000001,0.21400000000000002,5.977967906402812,26.027791808641634,-34.63892533333333,17.49377683333333
481.42275000000006,5.914709725172742,34.38078976444665,33.9554741167229,225.88574510365743,2026-06-25 04:21:47.277539,0.6180000000000001,0.21400000000000002,5.9779449622253855,26.037435679206734,-34.63892533333333,17.49377683333333
481.659,5.911532142441116,34.3805999068216,33.953139359008105,225.91619115272906,2026-06-25 04:21:47.402507,0.6180000000000001,0.21400000000000002,5.97793397494603,26.024636616582008,-34.63892533333333,17.49377683333333
481.8776666666667,5.9091676621867615,34.38044935947061,33.951511074372895,225.93355676804666,2026-06-25 04:21:47.502481,0.6180000000000001,0.21400000000000002,5.977931533293398,26.0085008533987,-34.63892533333333,17.49377683333333
482.2373333333333,5.9062023980762115,34.3802245639477,33.94926763247261,225.97317431900828,2026-06-25 04:21:47.652442,0.6180000000000001,0.21400000000000002,5.977911566428832,25.981960474626167,-34.63892533333333,17.49377683333333
482.474,5.904649279407147,34.380075063012924,33.947950366094375,225.99822589826925,2026-06-25 04:21:47.752416,0.6240000000000001,0.21600000000000003,5.977897348975341,25.98647723041869,-34.63892533333333,17.49377683333333
482.644,5.903337624243351,34.37992558642722,33.946784909437504,226.0070974664919,2026-06-25 04:21:47.852390,0.6240000000000001,0.21600000000000003,5.977897348975341,25.992431324380465,-34.63892533333333,17.49377683333333
482.80933333333337,5.902924571158077,34.379875676116306,33.94640472497235,226.01184622336123,2026-06-25 04:21:47.885714,0.6195510204081599,0.21600000000000003,5.977896526706903,25.998221972625647,-34.63892533333333,17.49377683333333
483.11,5.9014544871653865,34.37970093573628,33.94504420536929,226.0220883372527,2026-06-25 04:21:48.002351,0.6240000000000001,0.21400000000000002,5.977897348975341,26.008752546652165,-34.63892533333333,17.49377683333333
483.1815,5.900499390031314,34.37958824702077,33.944134629178095,226.03719618621835,2026-06-25 04:21:48.077331,0.6240000000000001,0.21500000000000113,5.977888192069228,26.011256768524326,-34.63892533333333,17.49377683333333
483.367,5.899552743392464,34.37947529024387,33.94325822282756,226.04240763669455,2026-06-25 04:21:48.152311,0.6240000000000001,0.21400000000000002,5.977890023466201,26.017753735759086,-34.63892533333333,17.49377683333333
483.6065,5.898648598636985,34.3793619583262,33.942503305381386,226.05894307681723,2026-06-25 04:21:48.227292,0.6240000000000001,0.21600000000000003,5.97788086642883,26.026142003428767,-34.63892533333333,17.49377683333333
483.8225,5.897539630550236,34.37921031235375,33.94173264219231,226.07271535707685,2026-06-25 04:21:48.327266,0.6240000000000001,0.21400000000000002,5.9778753721329005,26.03370720516844,-34.63892533333333,17.49377683333333
484.05300000000005,5.896385016913026,34.37901980995314,33.94113839074467,226.08727440790764,2026-06-25 04:21:48.452233,0.6240000000000001,0.21400000000000002,5.97786953860625,26.04178025609897,-34.63892533333333,17.49377683333333
484.249,5.895643310712942,34.37886679959342,33.940794407212614,226.0948984593566,2026-06-25 04:21:48.552207,0.6240000000000001,0.21400000000000002,5.9778680463087355,26.048644976196076,-34.63892533333333,17.49377683333333
484.49533333333335,5.895115540063323,34.37868753848295,33.94029696639709,226.11056699511175,2026-06-25 04:21:48.668843,0.6232777777777729,0.21424074074074242,5.977857939206718,26.057272575093634,-34.63892533333333,17.49377683333333
484.596,5.894971920272376,34.37863630518824,33.940162368471874,226.1059647365144,2026-06-25 04:21:48.702168,0.6240000000000001,0.21400000000000002,5.977864383357273,26.06079833269453,-34.63892533333333,17.49377683333333
484.903,5.894743116270212,34.378482275902186,33.93950334558872,226.1178411315568,2026-06-25 04:21:48.802142,0.6240000000000001,0.21400000000000002,5.977857057375589,26.07155072590786,-34.63892533333333,17.49377683333333
485.204,5.894610245501403,34.37832821167488,33.93910661766302,226.1254811449553,2026-06-25 04:21:48.852129,0.6240000000000001,0.21400000000000002,5.977853394345365,26.08209297462842,-34.63892533333333,17.49377683333333
485.044,5.894422952231518,34.378405231816835,33.93868817309896,226.12474184789838,2026-06-25 04:21:48.902116,0.6240000000000001,0.21600000000000003,5.977853394345365,26.07648912148792,-34.63892533333333,17.49377683333333
485.41100000000006,5.893697010639738,34.37814893515668,33.93775122535481,226.11432436111554,2026-06-25 04:21:49.018752,0.6240000000000001,0.21600000000000003,5.977871709233945,26.089342959628937,-34.63892533333333,17.49377683333333
485.585,5.893041252804712,34.37802127999278,33.937131740663624,226.44871633724608,2026-06-25 04:21:49.102064,0.6240000000000001,0.21400000000000002,5.977858888851319,26.095437149919224,-34.63892533333333,17.49377683333333
485.9669999999999,5.891412584125689,34.37776848812578,33.93610031769607,226.1536476308425,2026-06-25 04:21:49.268687,0.6240000000000001,0.21600000000000003,5.977850686868838,26.108816349292162,-34.63892533333333,17.49377683333333
486.262,5.890605890667278,34.37764357621144,33.9356653641257,226.1583671732307,2026-06-25 04:21:49.351999,0.6240000000000001,0.21500000000000002,5.975904220802927,26.119148453519955,-34.63892533333333,17.49377683333333
486.60525000000007,5.889515606343508,34.377386952819165,33.93494934976067,226.1763041154055,2026-06-25 04:21:49.526953,0.6240000000000001,0.21546610169491798,5.977845090342315,26.13117046971043,-34.63892533333333,17.49377683333333
486.932,5.88902236608207,34.37713998968834,33.93456760901998,226.18710778437213,2026-06-25 04:21:49.701908,0.6240000000000001,0.21500000000002845,5.977840573529547,26.142614588545786,-34.63892533333333,17.49377683333333
487.079,5.889035824039717,34.37713944275002,33.93456494128795,226.1903557465174,2026-06-25 04:21:49.701908,0.6240000000000001,0.21600000000000003,5.977838741961926,26.147763128618617,-34.63892533333333,17.49377683333333
487.1875,5.8884376798871045,34.3769389478205,33.934296629815776,226.19124699573425,2026-06-25 04:21:49.851868,0.6240000000000001,0.21600000000000003,5.977842405097168,26.151563241529516,-34.63892533333333,17.49377683333333
487.37800000000004,5.8881475797587175,34.37687455174169,33.934140894266854,226.3565854508055,2026-06-25 04:21:49.901855,0.6240000000000001,0.21400000000000002,5.977838741961926,26.15823532917492,-34.63892533333333,17.49377683333333
487.761,5.887432711473927,34.376660699691385,33.93370151088837,226.20644088107082,2026-06-25 04:21:50.001829,0.6240000000000001,0.21600000000000003,5.977838741961926,26.171649552629987,-34.63892533333333,17.49377683333333
487.658,5.886706100711814,34.37674942997934,33.933143676407454,226.21461911055238,2026-06-25 04:21:50.076810,0.6240000000000001,0.21600000000000003,5.977833247206551,26.168042072170792,-34.63892533333333,17.49377683333333
488.11,5.885825851157786,34.3765756144274,33.93237646437016,226.22593587117845,2026-06-25 04:21:50.151790,0.6240000000000001,0.21600000000000003,5.977831415612674,26.183872957292696,-34.63892533333333,17.49377683333333
488.296,5.883962159345741,34.37645435946923,33.93054186676108,226.24446746259414,2026-06-25 04:21:50.268427,0.6240000000000001,0.21400000000000002,5.977824821803827,26.19038743656852,-34.63892533333333,17.49377683333333
488.375,5.883428546066647,34.376419636895065,33.93000889122844,226.24520453902366,2026-06-25 04:21:50.301751,0.6240000000000001,0.21600000000000003,5.977827752398665,26.193154339056644,-34.63892533333333,17.49377683333333
488.668,5.880809555483094,34.376305721640335,33.92736619968166,226.26586828417217,2026-06-25 04:21:50.426719,0.6240000000000001,0.21500000000000002,5.977824089158399,26.20341639512018,-34.63892533333333,17.49377683333333
489.078,5.879092662914066,34.37620732814052,33.925671215136084,226.28658782340815,2026-06-25 04:21:50.501699,0.6180000000000001,0.21600000000000003,5.977816762599097,26.2177762687927,-34.63892533333333,17.49377683333333
488.794,5.877938730159182,34.37624450341718,33.92455038776438,226.2934468942176,2026-06-25 04:21:50.551686,0.6240000000000001,0.21600000000000003,5.977813099280061,26.20782942946832,-34.63892533333333,17.49377683333333
489.393,5.875723037040626,34.37612497962031,33.922389610558,226.32609591127155,2026-06-25 04:21:50.651660,0.6240000000000001,0.21400000000000002,5.977798445741337,26.26884294967983,-34.63892533333333,17.49377683333333
489.22200000000004,5.875063287997105,34.37614169776291,33.92171497132464,226.33418220501525,2026-06-25 04:21:50.684985,0.6240000000000001,0.21600000000000003,5.977792117944403,26.231160173080983,-34.63892533333333,17.49377683333333
489.6445,5.872269870692005,34.376057613085926,33.9188501499094,226.36171795334474,2026-06-25 04:21:50.826614,0.6240000000000001,0.21600000000000003,5.9777837917693475,26.32426527900506,-34.63892533333333,17.49377683333333
489.8125,5.870412398628195,34.37602821503506,33.91692041651285,226.37513474732626,2026-06-25 04:21:50.926588,0.6240000000000001,0.21500000000000002,5.977781960004795,26.361286954260084,-34.63892533333333,17.49377683333333
490.03099999999995,5.868598822271606,34.37601703922586,33.91508523530107,226.39247649111775,2026-06-25 04:21:51.026562,0.6240000000000001,0.21600000000000003,5.97777646463236,26.3962728590724,-34.63892533333333,17.49377683333333
490.41,5.867307771121435,34.37601703922586,33.91381000415149,226.09078694887637,2026-06-25 04:21:51.101543,0.6240000000000001,0.21600000000000003,5.977772801037606,26.28022105999376,-34.63892533333333,17.49377683333333
490.228,5.866503478946023,34.37601703922586,33.91303484225371,226.41291596721646,2026-06-25 04:21:51.151530,0.6240000000000001,0.21600000000000003,5.977769137403461,26.33595041997347,-34.63892533333333,17.49377683333333
490.6815,5.864589393704134,34.37604757298038,33.91135000256353,226.4459660346802,2026-06-25 04:21:51.276497,0.6240000000000001,0.2149999999999994,5.975801449690916,26.19708632793612,-34.63892533333333,17.49377683333333
490.8105,5.864565887842477,34.37605199001686,33.91138434203161,226.44371211324338,2026-06-25 04:21:51.276497,0.6240000000000001,0.21500000000000002,5.975805113443238,26.15758584751096,-34.63892533333333,17.49377683333333
491.0475,5.861671691058208,34.37613568187853,33.909235864182506,226.30693459421778,2026-06-25 04:21:51.451451,0.6240000000000001,0.21500000000000086,5.97775081882569,26.085015197427488,-34.63892533333333,17.49377683333333
491.23,5.861683886051013,34.376138044482644,33.90925949957647,226.14331386015093,2026-06-25 04:21:51.451451,0.6240000000000001,0.21600000000000003,5.977758146343462,26.10328902153551,-34.63892533333333,17.49377683333333
491.548,5.858890495793909,34.37632692360623,33.90704460901672,226.49185555139178,2026-06-25 04:21:51.601412,0.6240000000000001,0.21600000000000003,5.977743491229132,26.165251549468852,-34.63892533333333,17.49377683333333
491.427,5.8574162924213535,34.376257586731576,33.90567327211001,226.41601380118425,2026-06-25 04:21:51.663896,0.6240000000000001,0.21600000000000003,5.977727951250477,26.1416746127395,-34.63892533333333,17.49377683333333
491.878,5.85382554577918,34.376489768729996,33.902356835521076,226.5401797242271,2026-06-25 04:21:51.801360,0.6240000000000001,0.21600000000000003,5.977725171745304,26.22955228600345,-34.63892533333333,17.49377683333333
492.0585,5.851321478501923,34.376598760698144,33.90002945633597,226.5514423513566,2026-06-25 04:21:51.876341,0.6240000000000001,0.21600000000000003,5.977728835694597,26.26562168475802,-34.63892533333333,17.49377683333333
492.197,5.8486429087298575,34.376718306391346,33.89751735890405,226.26162627874294,2026-06-25 04:21:51.951321,0.6240000000000001,0.21400000000000002,5.977717843767925,26.294302249796285,-34.63892533333333,17.49377683333333
492.405,5.846793884735472,34.37680511035659,33.895765169798224,226.28807797639166,2026-06-25 04:21:52.001308,0.6240000000000001,0.21400000000000002,5.977703187497989,26.337374867326666,-34.63892533333333,17.49377683333333
492.64466666666664,5.84298790290232,34.37699668516094,33.892173322116314,226.32271032788313,2026-06-25 04:21:52.101282,0.6240000000000001,0.21400000000000002,5.9741418246027,26.387005014769528,-34.63892533333333,17.49377683333333
492.78,5.836827055552707,34.377320280887794,33.88653041733969,226.38063679288243,2026-06-25 04:21:52.251243,0.6240000000000001,0.21400000000000002,5.9737674852781035,26.415029826816543,-34.63892533333333,17.49377683333333
493.21599999999995,5.834300808786366,34.377564542695424,33.88427738402629,226.65047775928196,2026-06-25 04:21:52.301230,0.6240000000000001,0.21400000000000002,5.977666498546866,26.50531665971677,-34.63892533333333,17.49377683333333
492.985,5.832037065090136,34.377446968639134,33.88225788726219,226.41893352487324,2026-06-25 04:21:52.351217,0.6240000000000001,0.21400000000000002,5.977655551718218,26.45748120467102,-34.63892533333333,17.49377683333333
493.44599999999997,5.82365718324867,34.37797369210234,33.874532719324826,226.48298402895273,2026-06-25 04:21:52.501178,0.6240000000000001,0.21400000000000002,5.977639851423357,26.47621064528111,-34.63892533333333,17.49377683333333
493.684,5.814547484326697,34.378427926188884,33.86553576908406,226.5650829239699,2026-06-25 04:21:52.651139,0.6240000000000001,0.21400000000000002,5.977607911498888,26.41613766722161,-34.63892533333333,17.49377683333333
493.8435,5.8131411892059734,34.37851454898835,33.86409110898869,226.58690010117368,2026-06-25 04:21:52.676132,0.6240000000000001,0.21400000000000002,5.977595084366447,26.375878675622925,-34.63892533333333,17.49377683333333
494.26500000000004,5.805698071557519,34.378981397817235,33.8566418945996,226.6763129892239,2026-06-25 04:21:52.813596,0.6240000000000001,0.21400000000000002,5.977548916470039,26.26948892666462,-34.63892533333333,17.49377683333333
494.471,5.799955570597106,34.379481681079554,33.85126740273178,226.41342002240472,2026-06-25 04:21:52.951061,0.6240000000000001,0.21400000000000002,5.977527279473726,26.27081374895359,-34.63892533333333,17.49377683333333
494.868,5.7981218874954,34.37987542622822,33.85032222868225,226.75407103425496,2026-06-25 04:21:53.051035,0.6180000000000001,0.21600000000000003,5.9736166504118255,26.324001767297553,-34.63892533333333,17.49377683333333
495.01800000000003,5.79775259719068,34.38007821767505,33.85051301135596,226.44810998337923,2026-06-25 04:21:53.101022,0.6180000000000001,0.21600000000000003,5.973609291479909,26.344097995890994,-34.63892533333333,17.49377683333333
495.249,5.799127908520766,34.38071325637216,33.85394356882316,226.45630273832722,2026-06-25 04:21:53.250982,0.6180000000000001,0.21415999999999963,5.977494876474052,26.375046187924887,-34.63892533333333,17.49377683333333
495.453,5.803448394653032,34.3813864387633,33.860662296931125,226.74412901382152,2026-06-25 04:21:53.400943,0.6180000000000001,0.21400000000000002,5.973601932455659,26.402377058811958,-34.63892533333333,17.49377683333333
495.659,5.80348531399979,34.38138839672754,33.8607045696249,226.5877801502855,2026-06-25 04:21:53.400943,0.6180000000000001,0.21400000000000002,5.973601932442468,26.422721872988475,-34.63892533333333,17.49377683333333
495.787,5.807772965834243,34.381976122266366,33.86703653128511,226.38515502039417,2026-06-25 04:21:53.525911,0.6180000000000001,0.21600000000000003,5.975573825592219,26.422014638905807,-34.63892533333333,17.49377683333333
495.964,5.8101481784218345,34.382340034133215,33.87045758494426,226.35909918645598,2026-06-25 04:21:53.600891,0.6180000000000001,0.21600000000000003,5.977538275498782,26.421036666775866,-34.63892533333333,17.49377683333333
496.2575,5.812217191452559,34.38271225434049,33.873217511559446,226.01815421053527,2026-06-25 04:21:53.675872,0.6210000000000001,0.21500000000000002,5.97365528308311,26.41941500112537,-34.63892533333333,17.49377683333333
496.483,5.814048222271966,34.38309063751702,33.87542817257948,226.01199727271447,2026-06-25 04:21:53.750852,0.6240000000000001,0.21600000000000003,5.9775529364976245,26.41816905358129,-34.63892533333333,17.49377683333333
496.84000000000003,5.815604161802193,34.383866681862045,33.877085069150226,225.84485359100827,2026-06-25 04:21:53.825833,0.6180000000000001,0.21499999999999528,5.973657122651219,26.479638385202737,-34.63892533333333,17.49377683333333
496.719,5.816965362427416,34.38347609258334,33.87845070415682,225.98734858231802,2026-06-25 04:21:53.900813,0.6180000000000001,0.21600000000000003,5.973664480910472,26.4588042419921,-34.63892533333333,17.49377683333333
497.0165,5.818481782406143,34.38439678611326,33.88003763144824,225.81412084558417,2026-06-25 04:21:54.000787,0.6210000000000001,0.21600000000000003,5.973673678566383,26.51002868500997,-34.63892533333333,17.49377683333333
497.225,5.819194175561099,34.38466424025778,33.88083785121188,225.65074671118316,2026-06-25 04:21:54.050774,0.6210000000000023,0.21600000000000003,5.973677357557532,26.545928840872914,-34.63892533333333,17.49377683333333
497.41966666666667,5.821320370455099,34.385476008856116,33.883424653074165,225.40660693625975,2026-06-25 04:21:54.200735,0.6240000000000001,0.21400000000000002,5.973680178146867,26.578905063209994,-34.63892533333333,17.49377683333333
497.8755,5.823261449837064,34.38616063615443,33.885822907829294,225.30781223941176,2026-06-25 04:21:54.325702,0.6240000000000001,0.21600000000000003,5.975638078074324,26.56473195182536,-34.63892533333333,17.49377683333333
497.945,5.824523626769871,34.386573605480685,33.88734025056337,225.2957467560683,2026-06-25 04:21:54.400683,0.6240000000000001,0.21400000000000002,5.973693912839671,26.562571005775126,-34.63892533333333,17.49377683333333
498.22400000000005,5.825866618201977,34.386987368058755,33.88897973949429,224.97295183887297,2026-06-25 04:21:54.475663,0.6240000000000001,0.21400000000000002,5.973697591712132,26.55389612882526,-34.63892533333333,17.49377683333333
498.42266666666666,5.828309916865112,34.38767646087916,33.8922725132104,224.94926638844336,2026-06-25 04:21:54.600631,0.6240000000000001,0.21445098039215693,5.973709457697156,26.553849569377935,-34.63892533333333,17.49377683333333
498.565,5.830976524420682,34.38836249019496,33.89640206907395,224.62092270947085,2026-06-25 04:21:54.725598,0.6240000000000001,0.21500000000000002,5.973710467528382,26.565991995133803,-34.63892533333333,17.49377683333333
498.873,5.833133943181316,34.38890663568162,33.90010488437614,224.44432346731347,2026-06-25 04:21:54.825572,0.6240000000000001,0.21500000000000002,5.973721503736973,26.592267408244858,-34.63892533333333,17.49377683333333
499.1965,5.835074690667009,34.389444865356865,33.903659052031855,224.27269302306257,2026-06-25 04:21:54.925546,0.6240000000000001,0.21400000000000002,5.973728861059923,26.619865122989754,-34.63892533333333,17.49377683333333
499.5005,5.837057775273048,34.3902374416291,33.90781430754214,223.93330609958187,2026-06-25 04:21:55.075507,0.6240000000000001,0.21600000000000003,5.973747253826684,26.6457992969695,-34.63892533333333,17.49377683333333
499.59366666666665,5.837242312382565,34.39045034799995,33.90834824522241,223.6143866163883,2026-06-25 04:21:55.117163,0.6240000000000001,0.21600000000000003,5.973753752554431,26.65081256610385,-34.63892533333333,17.49377683333333
499.8065,5.838140304873828,34.39125797495821,33.91048748107429,223.61338593083656,2026-06-25 04:21:55.275455,0.6240000000000001,0.21400000000000002,5.973750932395856,26.660714513929427,-34.63892533333333,17.49377683333333
500.232,5.838376209417438,34.39198918111252,33.910842126617815,223.617118696925,2026-06-25 04:21:55.350435,0.6240000000000001,0.21400000000000002,5.973749093157418,26.680510655510247,-34.63892533333333,17.49377683333333
500.0325,5.8386348399549615,34.39162809663832,33.91092256303488,223.29721389427033,2026-06-25 04:21:55.425416,0.6240000000000001,0.2150000000000114,5.973754610859548,26.671229033311956,-34.63892533333333,17.49377683333333
500.45550000000003,5.839021637613101,34.39245747581282,33.91074441321746,222.9942251111819,2026-06-25 04:21:55.525390,0.6210000000000157,0.2150000000000052,5.9737472539057945,26.690908863837656,-34.63892533333333,17.49377683333333
500.6315,5.839389615847659,34.393016919431744,33.910184365392595,222.98418139017974,2026-06-25 04:21:55.650357,0.6240000000000001,0.21600000000000003,5.973756450032062,26.72527146019415,-34.63892533333333,17.49377683333333
500.81766666666664,5.839537275758256,34.39337342138487,33.909765962686315,222.97990985570675,2026-06-25 04:21:55.733669,0.6240000000000001,0.21400000000000002,5.973761354632738,26.762512122308866,-34.63892533333333,17.49377683333333
501.0485,5.83973856366669,34.39404826167087,33.90918152286385,222.6724715390945,2026-06-25 04:21:55.900292,0.6240000000000001,0.21500000000000274,5.973758289296869,26.80868787613957,-34.63892533333333,17.49377683333333
501.206,5.839747742897056,34.394051014690625,33.90914922910212,222.67940067656986,2026-06-25 04:21:55.900292,0.6240000000000001,0.21600000000000003,5.973752771634295,26.84019407640673,-34.63892533333333,17.49377683333333
501.4456666666667,5.839717038884899,34.394603284687484,33.90917990406823,222.64020388839668,2026-06-25 04:21:56.050253,0.6240000000000001,0.21400000000000002,5.973754178090583,26.888136844643945,-34.63892533333333,17.49377683333333
501.82500000000005,5.839235426328725,34.39517704745151,33.90957332336405,222.3690988921249,2026-06-25 04:21:56.225207,0.6209999999999148,0.2149999999999716,5.973760128495754,26.75124825533962,-34.63892533333333,17.49377683333333
502.0533333333333,5.839096009427099,34.39530571056768,33.90967399342086,222.37029526456195,2026-06-25 04:21:56.266863,0.6240000000000001,0.21600000000000003,5.973761763345066,26.66737050672292,-34.63892533333333,17.49377683333333
502.4053333333333,5.838484639969406,34.39581109435918,33.909992711646105,222.38001184982255,2026-06-25 04:21:56.450149,0.6240000000000001,0.21400000000000002,5.973757896294837,26.558337764786536,-34.63892533333333,17.49377683333333
502.544,5.8381625807344335,34.39604911513034,33.9100511283757,222.38052265074055,2026-06-25 04:21:56.550122,0.6240000000000001,0.21400000000000002,5.973760128508938,26.553235026957516,-34.63892533333333,17.49377683333333
502.821,5.837889380438983,34.39625327760431,33.91013589637039,222.08002062391057,2026-06-25 04:21:56.650096,0.6240000000000001,0.21400000000000002,5.973754610859548,26.543041817496174,-34.63892533333333,17.49377683333333
503.173,5.8376522096100505,34.39645254088135,33.91026585614289,222.0898470705514,2026-06-25 04:21:56.750070,0.6240000000000001,0.21600000000000003,5.973749093157418,26.530088713776347,-34.63892533333333,17.49377683333333
503.01666666666665,5.837611604164955,34.396436000039735,33.910301233667845,222.310183403051,2026-06-25 04:21:56.766733,0.6196565656565658,0.21400000000000002,5.973751756027885,26.535841560030704,-34.63892533333333,17.49377683333333
503.44174999999996,5.836762922170363,34.3967465123838,33.9105407262597,222.0949148309538,2026-06-25 04:21:57.000005,0.6240000000000001,0.21400000000000002,5.973750914364108,26.51390102858113,-34.63892533333333,17.49377683333333
503.634,5.836332637420659,34.39680714804024,33.91050797578763,221.94428210504725,2026-06-25 04:21:57.074986,0.6210000000000001,0.21600000000000003,5.973750932395857,26.4858602169709,-34.63892533333333,17.49377683333333
504.148,5.835466271880513,34.396889330121134,33.91026696287762,221.80087795609248,2026-06-25 04:21:57.199953,0.6180000000000001,0.21400000000000002,5.973749093157418,26.45258849300917,-34.63892533333333,17.49377683333333
503.919,5.835063726358886,34.396877647016574,33.91002083405441,221.80431840365137,2026-06-25 04:21:57.249940,0.6180000000000001,0.21400000000000002,5.9737454146541715,26.444291263478508,-34.63892533333333,17.49377683333333
504.026,5.834640452618608,34.396889330121134,33.90969832702942,221.81115464146245,2026-06-25 04:21:57.299927,0.6180000000000001,0.21600000000000003,5.973741736124554,26.42868467392171,-34.63892533333333,17.49377683333333
504.423,5.834192455302662,34.396877647016574,33.90930885461829,221.81382744797116,2026-06-25 04:21:57.349914,0.6180000000000001,0.21600000000000003,5.9737454146541715,26.506470052427623,-34.63892533333333,17.49377683333333
504.7003333333333,5.833167717005547,34.396858641978504,33.90839376479174,221.74744928261006,2026-06-25 04:21:57.449888,0.6180000000000001,0.2154712643678113,5.973738057568566,26.56080878871386,-34.63892533333333,17.49377683333333
504.993,5.831582132826048,34.396782123381215,33.907193346540154,221.5368214555794,2026-06-25 04:21:57.574855,0.6180000000000001,0.21400000000000002,5.971782946936753,26.618151830131332,-34.63892533333333,17.49377683333333
505.258,5.830415841513241,34.39671415903872,33.90647927549824,221.5366081765967,2026-06-25 04:21:57.649836,0.6180000000000001,0.21400000000000002,5.973741736124554,26.670074060116388,-34.63892533333333,17.49377683333333
505.44766666666663,5.828605373745874,34.39659458951352,33.90544561675071,221.32010441639702,2026-06-25 04:21:57.749810,0.6180000000000001,0.21400000000000002,5.97372863767448,26.70723600836984,-34.63892533333333,17.49377683333333
505.564,5.826538540148658,34.39645125695696,33.9041965070845,221.2767577864041,2026-06-25 04:21:57.849784,0.6180000000000001,0.21400000000000002,5.97371598567883,26.730029540778386,-34.63892533333333,17.49377683333333
505.88300000000004,5.824584985750783,34.39632275069043,33.90283418059593,221.2956007265989,2026-06-25 04:21:57.924764,0.6180000000000001,0.21500000000000105,5.9737104675547545,26.745111168438594,-34.63892533333333,17.49377683333333
505.98699999999997,5.821162024848526,34.39612861688755,33.900137990530325,221.32183244518083,2026-06-25 04:21:58.024738,0.6180000000000001,0.21499999999999872,5.973703109968076,26.750028062722798,-34.63892533333333,17.49377683333333
506.22,5.816417991827054,34.39590778386001,33.89598854376652,221.19497420291253,2026-06-25 04:21:58.124712,0.6180000000000001,0.21400000000000002,5.973703109968076,26.761043797032606,-34.63892533333333,17.49377683333333
506.385,5.810430558028029,34.39566107006578,33.89020643505476,221.07568019993164,2026-06-25 04:21:58.224686,0.6180000000000001,0.21400000000000002,5.9737012705582195,26.768844638925817,-34.63892533333333,17.49377683333333
506.667,5.805512052615566,34.39546034581741,33.88503508565482,221.11498702683286,2026-06-25 04:21:58.299666,0.6240000000000001,0.21400000000000002,5.969790880726324,26.775065995865216,-34.63892533333333,17.49377683333333
506.964,5.799141146062354,34.39501397755016,33.87786645248563,221.2089679230833,2026-06-25 04:21:58.399640,0.6240000000000001,0.21400000000000002,5.969731791102878,26.781137834540953,-34.63892533333333,17.49377683333333
506.87649999999996,5.796188949036428,34.39516760768829,33.87450278840044,221.22318223729349,2026-06-25 04:21:58.449627,0.6240000000000001,0.21400000000000002,5.97363136776125,26.779348993180257,-34.63892533333333,17.49377683333333
507.31,5.788687917047518,34.39452222569363,33.866088675874686,221.31395259067804,2026-06-25 04:21:58.599588,0.6240000000000001,0.21400000000000002,5.96968377579247,26.788211424378677,-34.63892533333333,17.49377683333333
507.44050000000004,5.787946725245291,34.39442927461649,33.865408510987635,221.16160071839693,2026-06-25 04:21:58.624582,0.6240000000000001,0.21400000000000002,5.973587214011429,26.790879353493775,-34.63892533333333,17.49377683333333
507.649,5.786744930195085,34.39434667127513,33.86406066589134,221.3312235094465,2026-06-25 04:21:58.649575,0.6240000000000001,0.21400000000000002,5.973579854710167,26.79644469644598,-34.63892533333333,17.49377683333333
507.9815,5.782726557209316,34.39339552384328,33.86021324282551,221.376498613504,2026-06-25 04:21:58.774543,0.6240000000000001,0.21400000000000002,5.973559615939128,26.805486736733354,-34.63892533333333,17.49377683333333
507.937,5.779289119527939,34.39388522413587,33.85717585834296,221.3949701647777,2026-06-25 04:21:58.899510,0.6240000000000001,0.21400000000000002,5.973557776014873,26.804276599010684,-34.63892533333333,17.49377683333333
508.22766666666666,5.778413695075238,34.3932568511782,33.856379192121274,221.4140812155208,2026-06-25 04:21:58.932835,0.6240000000000001,0.21400000000000002,5.9735467363110315,26.81218101919173,-34.63892533333333,17.49377683333333
508.442,5.773639829238848,34.392480777431466,33.85186754026038,221.38774939782783,2026-06-25 04:21:59.116120,0.6240000000000001,0.21400000000000002,5.97354305635698,26.818009622605043,-34.63892533333333,17.49377683333333
508.633,5.772784589037855,34.392336929164614,33.85102153983222,221.4738010413083,2026-06-25 04:21:59.149445,0.6240000000000001,0.21400000000000002,5.9696209797870505,26.825490662865572,-34.63892533333333,17.49377683333333
508.99066666666664,5.768914872105417,34.39165809457999,33.84722404943306,221.5025612947916,2026-06-25 04:21:59.299406,0.6240000000000001,0.21400000000000002,5.969616728612005,26.840057156219224,-34.63892533333333,17.49377683333333
509.2545,5.765280577416771,34.39107367579914,33.8437636060973,221.389924812794,2026-06-25 04:21:59.424373,0.6210000000000001,0.21500000000000002,5.971547014608231,26.850802151083546,-34.63892533333333,17.49377683333333
509.379,5.76262751866942,34.390715391126705,33.841271583667634,221.25662921697997,2026-06-25 04:21:59.499354,0.6180000000000001,0.21400000000000002,5.969591426076945,26.855872594016994,-34.63892533333333,17.49377683333333
509.6595,5.759329642798266,34.39035165903175,33.83815969711241,221.2842201947387,2026-06-25 04:21:59.574334,0.6209999999999982,0.2149999999999994,5.969584037384519,26.867296363035724,-34.63892533333333,17.49377683333333
509.9123333333334,5.752273150840313,34.38973637825729,33.83132776802551,221.33457101743613,2026-06-25 04:21:59.699302,0.6226842105263085,0.21400000000000002,5.969573407815366,26.877593366958138,-34.63892533333333,17.49377683333333
510.1786666666667,5.7401585627330105,34.38873519408411,33.81918166372293,221.41901522913187,2026-06-25 04:21:59.865925,0.6240000000000001,0.21563333333333506,5.972740657848371,26.88844017794562,-34.63892533333333,17.49377683333333
510.095,5.737572354524046,34.388902619291336,33.81655587623501,221.45388466210127,2026-06-25 04:21:59.899249,0.6240000000000001,0.21600000000000003,5.969532313570419,26.885032731690476,-34.63892533333333,17.49377683333333
510.468,5.727441405338206,34.38810254137508,33.8064520972254,221.5455266576804,2026-06-25 04:22:00.024217,0.6210000000000001,0.21400000000000002,5.969497212280723,26.90022369726619,-34.63892533333333,17.49377683333333
510.798,5.719905888745316,34.3875951273147,33.799019462723706,221.62825615165647,2026-06-25 04:22:00.124191,0.6210000000000001,0.21500000000000002,5.969456565490502,26.913663425523517,-34.63892533333333,17.49377683333333
511.024,5.7133061012881825,34.38708801731709,33.79255127563156,221.71052094040832,2026-06-25 04:22:00.224165,0.6180000000000001,0.21400000000000002,5.969410372603178,26.922867603057327,-34.63892533333333,17.49377683333333
511.309,5.706418553869215,34.386456950323065,33.78580201696483,221.76810228351874,2026-06-25 04:22:00.349132,0.6240000000000001,0.21600000000000003,5.969391894181384,26.93447464109775,-34.63892533333333,17.49377683333333
511.4385,5.706528044262626,34.386456533462116,33.785892789563874,221.76161768429492,2026-06-25 04:22:00.349132,0.6180000000000001,0.21499999999999622,5.9693992855103435,26.939748716277517,-34.63892533333333,17.49377683333333
511.6705,5.700914324595439,34.38583045972936,33.78025229057038,221.82464856336017,2026-06-25 04:22:00.474100,0.6240000000000001,0.21400000000000002,5.969367871159552,26.949197252506917,-34.63892533333333,17.49377683333333
511.86966666666666,5.696181221033728,34.385212310426475,33.775594698630904,221.86688269531768,2026-06-25 04:22:00.599067,0.6240000000000001,0.21400000000000002,5.969352775105974,26.957308603652123,-34.63892533333333,17.49377683333333
511.996,5.692638766973912,34.384724088054966,33.77237875622149,221.89240291883442,2026-06-25 04:22:00.699041,0.6240000000000001,0.21400000000000002,5.969347543265411,26.962453711742555,-34.63892533333333,17.49377683333333
512.2049999999999,5.690129402028564,34.38436351886678,33.77031061186806,221.92788068047037,2026-06-25 04:22:00.774021,0.6240000000000001,0.21400000000000002,5.969327214324149,26.97096553963886,-34.63892533333333,17.49377683333333
512.4285,5.68539426628938,34.383659095946896,33.766660215531004,222.13034390615053,2026-06-25 04:22:00.923982,0.6240000000000001,0.21400000000000002,5.969306884852667,26.980067901049512,-34.63892533333333,17.49377683333333
512.5725,5.685420588515777,34.38365659497151,33.76667627205747,222.13163846906147,2026-06-25 04:22:00.923982,0.6240000000000001,0.21400000000000002,5.969306884786386,26.98593250974362,-34.63892533333333,17.49377683333333
512.7909999999999,5.680889729617899,34.382972155858596,33.7631578344419,222.32941644643972,2026-06-25 04:22:01.073943,0.6240000000000001,0.21400000000000002,5.969290250985925,26.994831238907942,-34.63892533333333,17.49377683333333
513.082,5.678615066507502,34.38263900145487,33.761255604488234,222.35008252543037,2026-06-25 04:22:01.148924,0.6240000000000001,0.21400000000000002,5.969284706266464,27.006682635643955,-34.63892533333333,17.49377683333333
513.337,5.675274322605059,34.38220589882846,33.758232507581255,222.3923492613132,2026-06-25 04:22:01.248898,0.6240000000000001,0.21400000000000002,5.969262526672727,27.017067880206437,-34.63892533333333,17.49377683333333
513.4413333333333,5.673859513874699,34.38206689929357,33.75683827938025,222.09235363978289,2026-06-25 04:22:01.282222,0.6240000000000001,0.21400000000000002,5.969261521930864,27.021317006413046,-34.63892533333333,17.49377683333333
513.645,5.668809625117558,34.381580632054295,33.751854691316225,222.12405837257103,2026-06-25 04:22:01.398859,0.6240000000000001,0.21400000000000002,5.9692588299809675,27.029611626579946,-34.63892533333333,17.49377683333333
513.9105,5.66303700263771,34.381182914834625,33.74589980878925,222.17362073866178,2026-06-25 04:22:01.498833,0.6240000000000001,0.2149999999999981,5.969242194510075,27.040424498859707,-34.63892533333333,17.49377683333333
513.947,5.663166269933309,34.38118109157672,33.74603810880354,222.17511272592841,2026-06-25 04:22:01.498833,0.6240000000000001,0.21600000000000003,5.969240346124421,27.041911014257867,-34.63892533333333,17.49377683333333
514.239,5.654714861693909,34.38070271332795,33.73729565492482,222.24086174338953,2026-06-25 04:22:01.623800,0.6240000000000001,0.21600000000000003,5.969221861551897,27.053803137443143,-34.63892533333333,17.49377683333333
514.3715,5.647390568895316,34.38033675310444,33.729880973233165,222.30621792479258,2026-06-25 04:22:01.723774,0.6240000000000001,0.21600000000000003,5.969195982110809,27.059199391970704,-34.63892533333333,17.49377683333333
514.6503333333334,5.638404130122008,34.37990226204988,33.721245933032925,222.40556924086178,2026-06-25 04:22:01.848741,0.6240000000000001,0.21600000000000003,5.969145790199699,27.070555283574,-34.63892533333333,17.49377683333333
514.887,5.631825831282604,34.37957077255425,33.715255144586564,222.46238165609992,2026-06-25 04:22:01.948715,0.6240000000000001,0.21600000000000003,5.96912573141566,27.080193876566625,-34.63892533333333,17.49377683333333
515.051,5.628937929815171,34.37941184241102,33.71272567312157,222.80757883359115,2026-06-25 04:22:01.998702,0.6240000000000001,0.21600000000000003,5.969107242785158,27.08687301424603,-34.63892533333333,17.49377683333333
515.284,5.625238089385455,34.37918171888613,33.70951624333274,222.68173976056477,2026-06-25 04:22:02.073683,0.6240000000000001,0.21600000000000003,5.969099847134,27.016709992812476,-34.63892533333333,17.49377683333333
515.4970000000001,5.621421552898567,34.378888762958596,33.70614498894864,222.89195115725707,2026-06-25 04:22:02.173657,0.6240000000000001,0.21600000000000003,5.9690665652513095,26.952569548325968,-34.63892533333333,17.49377683333333
515.6769999999999,5.618681399546405,34.37861252652755,33.703639562446725,222.61625333216296,2026-06-25 04:22:02.273631,0.6240000000000001,0.21600000000000003,5.969048074710704,26.898366355802228,-34.63892533333333,17.49377683333333
515.881,5.616976965425583,34.378415807203346,33.702067338885264,222.63110408500506,2026-06-25 04:22:02.348611,0.6240000000000001,0.21600000000000003,5.969044376480538,26.836936070941913,-34.63892533333333,17.49377683333333
516.0264999999999,5.615223295695495,34.37822951545344,33.70046444762526,222.95600668194152,2026-06-25 04:22:02.423591,0.6240000000000001,0.21600000000000003,5.969040678223839,26.813885482532076,-34.63892533333333,17.49377683333333
516.288,5.612304051839848,34.377994938444914,33.697777104126246,222.97968737688865,2026-06-25 04:22:02.523565,0.6240000000000001,0.21500000000000002,5.9690351307857235,26.883899105310192,-34.63892533333333,17.49377683333333
516.4586666666667,5.606965077307092,34.377725594646655,33.6926551725096,222.70340807002572,2026-06-25 04:22:02.648533,0.6240000000000001,0.21400000000000002,5.969030943986409,26.929593145925086,-34.63892533333333,17.49377683333333
516.8893333333333,5.597972922403358,34.37743442260888,33.68359599194637,222.77183596504676,2026-06-25 04:22:02.798494,0.6240000000000001,0.21400000000000002,5.969013946098123,27.04489920153923,-34.63892533333333,17.49377683333333
517.014,5.590793075122687,34.37725852488048,33.676153162692025,222.83545364444828,2026-06-25 04:22:02.898468,0.6240000000000001,0.21400000000000002,5.96898889984396,27.078277270269655,-34.63892533333333,17.49377683333333
517.4186666666667,5.5834939088740105,34.377100199272064,33.66841446383053,222.90676962530372,2026-06-25 04:22:02.998442,0.6240000000000001,0.21400000000000002,5.968959463943316,27.03065694030928,-34.63892533333333,17.49377683333333
517.548,5.577033005764107,34.376953997598264,33.66148453243029,222.9676447257965,2026-06-25 04:22:03.098416,0.6240000000000001,0.21400000000000002,5.968933417236566,27.015437263188506,-34.63892533333333,17.49377683333333
517.958,5.572600603278886,34.37676685237931,33.656800713455624,223.0495631296573,2026-06-25 04:22:03.198390,0.6240000000000001,0.21400000000000002,5.968877928657393,26.967189317676766,-34.63892533333333,17.49377683333333
517.8996666666667,5.571803571405951,34.376822981579956,33.65627940548236,223.07093652339702,2026-06-25 04:22:03.248376,0.6240000000000001,0.21400000000000002,5.968859690755152,26.974053862769892,-34.63892533333333,17.49377683333333
518.226,5.569696362957664,34.37661929483173,33.65496112174841,223.39763211441658,2026-06-25 04:22:03.381675,0.6240000000000001,0.21400000000000002,5.968858593495515,26.959018120184044,-34.63892533333333,17.49377683333333
518.413,5.569526670075012,34.3765071883325,33.65604597719395,223.08871626060392,2026-06-25 04:22:03.498311,0.6240000000000001,0.21400000000000002,5.968859431137107,26.99029933163625,-34.63892533333333,17.49377683333333
518.668,5.5698261933449995,34.376445056184195,33.657253384171085,223.23621683631671,2026-06-25 04:22:03.573292,0.6240000000000001,0.21400000000000002,5.968868679976889,27.03295552907107,-34.63892533333333,17.49377683333333
519.001,5.570365039862931,34.37635442523157,33.659237290249386,223.08197572449637,2026-06-25 04:22:03.698259,0.6240000000000001,0.21400000000000002,5.968868023613266,27.088659504544776,-34.63892533333333,17.49377683333333
519.307,5.570752955308903,34.37627764130436,33.6608670635938,223.08788582658937,2026-06-25 04:22:03.823227,0.6210000000000001,0.21400000000000002,5.968863130694256,27.13984694146657,-34.63892533333333,17.49377683333333
519.399,5.570832030176254,34.37623804278247,33.66150072516734,223.08482229474197,2026-06-25 04:22:03.898207,0.6240000000000001,0.21400000000000002,5.96886683022486,27.15780655658222,-34.63892533333333,17.49377683333333
519.607,5.570796639664565,34.376214262128784,33.6617383177063,223.09073316002764,2026-06-25 04:22:03.948194,0.6240000000000001,0.21400000000000002,5.968863130694256,27.201816925579852,-34.63892533333333,17.49377683333333
519.8083333333334,5.57055535131197,34.3761725909331,33.661835539273675,223.08681939043007,2026-06-25 04:22:04.048168,0.6240000000000001,0.21400000000000002,5.968870529728917,27.244416705827586,-34.63892533333333,17.49377683333333
520.1075000000001,5.570181138525898,34.376128344754235,33.6616324423302,222.94016917668415,2026-06-25 04:22:04.173135,0.6240000000000001,0.21400000000000002,5.968866830211587,27.307716875980447,-34.63892533333333,17.49377683333333
520.168,5.570002677977205,34.37610590530934,33.6614771875389,222.79370095355972,2026-06-25 04:22:04.248116,0.6240000000000001,0.21400000000000002,5.968859431137107,27.320517968885994,-34.63892533333333,17.49377683333333
520.467,5.56986805473701,34.376080441343255,33.661425074447024,222.7942480685228,2026-06-25 04:22:04.348090,0.6232500000000036,0.21400000000000002,5.968862668249613,27.24530268894486,-34.63892533333333,17.49377683333333
520.869,5.569779335046726,34.376048076848996,33.661529276262286,222.79830007205965,2026-06-25 04:22:04.448064,0.6240000000000001,0.21400000000000002,5.968863130694256,27.14417712862265,-34.63892533333333,17.49377683333333
520.599,5.569708007553463,34.37605803250381,33.66163575693182,222.80321303182885,2026-06-25 04:22:04.498051,0.6240000000000001,0.21400000000000002,5.968855731553409,27.212097281077856,-34.63892533333333,17.49377683333333
521.0973333333333,5.569370727384498,34.37602993253131,33.66180032606784,222.80733995641384,2026-06-25 04:22:04.598025,0.6194545454545286,0.21400000000000002,5.9688584221404275,27.086738481175985,-34.63892533333333,17.49377683333333
521.34,5.568799107854998,34.37601301951023,33.661794730144564,222.80455034488853,2026-06-25 04:22:04.697999,0.6240000000000001,0.21400000000000002,5.96886683022486,27.02569419600634,-34.63892533333333,17.49377683333333
521.4325,5.567615754889353,34.375992784830615,33.66122180092803,222.81893814346247,2026-06-25 04:22:04.822966,0.6193384615384604,0.21400000000000002,5.968859431137107,27.002425254887434,-34.63892533333333,17.49377683333333
521.8573333333334,5.565586326449956,34.37596318793236,33.65954974195867,222.52574765021072,2026-06-25 04:22:04.997920,0.6240000000000001,0.21400000000000002,5.968857334700593,27.061622146308594,-34.63892533333333,17.49377683333333
522.2176666666668,5.564065768461627,34.37593392415054,33.6577588136872,222.63417631390723,2026-06-25 04:22:05.147881,0.6223725490196037,0.21400000000000002,5.968844318249348,27.103354027705485,-34.63892533333333,17.49377683333333
522.502,5.56278843113553,34.375905237362545,33.65658046208064,222.72703640483599,2026-06-25 04:22:05.272849,0.6180000000000001,0.21400000000000002,5.9688316836089585,27.064922569992234,-34.63892533333333,17.49377683333333
522.8414,5.5589764932782035,34.375854711149614,33.654396455697025,222.58349202550664,2026-06-25 04:22:05.447803,0.6240000000000001,0.21400000000000002,5.9688438148021765,27.0190481148414,-34.63892533333333,17.49377683333333
522.97,5.552952826876563,34.37580285180324,33.650256584349265,222.62283535118686,2026-06-25 04:22:05.597764,0.6240000000000001,0.21200000000000002,5.96883723323671,27.00166610266581,-34.63892533333333,17.49377683333333
523.233,5.548243790016439,34.375772081097864,33.64610124933962,222.6628216311505,2026-06-25 04:22:05.672745,0.6180000000000001,0.2130000000000023,5.968824283990243,27.057087636815286,-34.63892533333333,17.49377683333333
523.445,5.538880608834426,34.375714570245314,33.63649042987524,222.42041436513122,2026-06-25 04:22:05.797712,0.6240000000000001,0.21400000000000002,5.968807634549446,27.101762029361666,-34.63892533333333,17.49377683333333
523.654,5.538836386725977,34.375713861892436,33.63634014891883,222.58672620611367,2026-06-25 04:22:05.797712,0.6240000000000001,0.21400000000000002,5.9687983845282275,27.14580423710783,-34.63892533333333,17.49377683333333
523.8739999999999,5.5270862066681765,34.37563314184198,33.62295594983626,222.8695931495398,2026-06-25 04:22:05.947673,0.6240000000000001,0.21600000000000003,5.96813759729357,27.192164455787996,-34.63892533333333,17.49377683333333
524.108,5.520043928068825,34.37557223031516,33.61501313696222,222.93369940257554,2026-06-25 04:22:06.047647,0.6240000000000001,0.21400000000000002,5.968707726433745,27.24147487020238,-34.63892533333333,17.49377683333333
524.418,5.515719738654649,34.37546854835948,33.61051257695268,222.9813644438643,2026-06-25 04:22:06.122627,0.6240000000000001,0.21400000000000002,5.968685522001145,27.182155707818445,-34.63892533333333,17.49377683333333
524.217,5.512133276327097,34.37552194569921,33.607045434541774,223.00899061566906,2026-06-25 04:22:06.197608,0.6240000000000001,0.21400000000000002,5.968674419426284,27.22061748729964,-34.63892533333333,17.49377683333333
524.7903333333334,5.508754039870051,34.375391088667,33.60411055962266,222.8129946015051,2026-06-25 04:22:06.297582,0.6240000000000001,0.21558333333333352,5.968647741426671,27.11090892891216,-34.63892533333333,17.49377683333333
525.0515,5.5059654373356075,34.375286448410456,33.60184725697088,223.0880755585544,2026-06-25 04:22:06.422549,0.6240000000000001,0.21400000000000002,5.9686355585018065,27.060934129204846,-34.63892533333333,17.49377683333333
525.202,5.504711023256679,34.375195522986076,33.600898510308795,223.09992303117298,2026-06-25 04:22:06.522523,0.6240000000000001,0.21500000000000002,5.966679983770178,27.03213563262814,-34.63892533333333,17.49377683333333
525.4185,5.503909841577537,34.375072850959874,33.60052320941537,223.11371537204818,2026-06-25 04:22:06.647490,0.6240000000000001,0.21400000000000002,5.968624454877718,27.075137271947344,-34.63892533333333,17.49377683333333
525.623,5.5037001395809115,34.374986003688626,33.60067766985054,223.11559223891044,2026-06-25 04:22:06.730802,0.6232978723404209,0.21400000000000002,5.968625872380295,27.127601556168322,-34.63892533333333,17.49377683333333
525.784,5.503709133697066,34.3748595409701,33.60120994239937,223.1277798298452,2026-06-25 04:22:06.847438,0.6240000000000001,0.21400000000000002,5.968615201656193,27.168905955970633,-34.63892533333333,17.49377683333333
526.087,5.503882623154292,34.37480266614011,33.601555854079,223.12634103898347,2026-06-25 04:22:06.897425,0.6180000000000001,0.21600000000000003,5.968618902966055,27.24664032330047,-34.63892533333333,17.49377683333333
526.266,5.5043810369434745,34.374684781022104,33.60229534721437,222.82336630301458,2026-06-25 04:22:06.997399,0.6223902439024438,0.21546341463414792,5.965754055674026,27.280293201189025,-34.63892533333333,17.49377683333333
526.58,5.504779011455302,34.37450030411507,33.6029919568051,222.82369765822784,2026-06-25 04:22:07.097373,0.6180000000000001,0.21400000000000002,5.968611500319765,27.25946557646371,-34.63892533333333,17.49377683333333
526.46,5.50476505294886,34.374563005053155,33.6032526829912,223.12576686901375,2026-06-25 04:22:07.147360,0.6240000000000001,0.21400000000000002,5.964715113802415,27.267425178269562,-34.63892533333333,17.49377683333333
526.8955000000001,5.504247322848078,34.374404278197815,33.603395460323405,222.82071780556424,2026-06-25 04:22:07.222341,0.6240000000000001,0.21400000000000002,5.968620753607704,27.238538456715826,-34.63892533333333,17.49377683333333
527.08,5.503072367146339,34.374306431965124,33.60314956549772,222.8270541302611,2026-06-25 04:22:07.297321,0.6180000000000001,0.21400000000000002,5.968622604249352,27.226300568939333,-34.63892533333333,17.49377683333333
527.2633333333333,5.4998400713240905,34.3741727891985,33.60154295829495,222.8460440414436,2026-06-25 04:22:07.397295,0.6180000000000001,0.21400000000000002,5.968484172506294,27.214140066180395,-34.63892533333333,17.49377683333333
527.487,5.4950125681896385,34.374036900170246,33.59839620811429,222.57453633426866,2026-06-25 04:22:07.497269,0.6180000000000001,0.21400000000000002,5.964707683137024,27.238848555894908,-34.63892533333333,17.49377683333333
527.6234999999999,5.489868580913374,34.37393334635348,33.59429879443555,222.6120635014981,2026-06-25 04:22:07.572249,0.6180000000000001,0.21500000000000113,5.966650324258023,27.259782272010067,-34.63892533333333,17.49377683333333
527.845,5.4837922113012345,34.37382896862526,33.58896255333552,222.65172142213254,2026-06-25 04:22:07.647230,0.6240000000000001,0.21400000000000002,5.964692821486241,27.293751635522973,-34.63892533333333,17.49377683333333
528.0706666666666,5.473182263860359,34.37366524821568,33.578288906890386,222.64635483766997,2026-06-25 04:22:07.763866,0.6240000000000001,0.21400000000000002,5.964667397282034,27.328360001359272,-34.63892533333333,17.49377683333333
528.247,5.470029123630307,34.37361841107685,33.57508272786073,222.43644864014357,2026-06-25 04:22:07.797191,0.6240000000000001,0.21400000000000002,5.964674243822734,27.355402579686313,-34.63892533333333,17.49377683333333
528.6669999999999,5.459707795768838,34.37333746625535,33.56354167877598,222.58551316590365,2026-06-25 04:22:07.922158,0.6240000000000001,0.21400000000000002,5.966533471148589,27.47642214242469,-34.63892533333333,17.49377683333333
528.476,5.454608728460582,34.37344257370745,33.55778466829249,222.6355366617818,2026-06-25 04:22:07.997139,0.6240000000000001,0.21400000000000002,5.964555330986566,27.421387055560352,-34.63892533333333,17.49377683333333
528.894,5.4493431159312395,34.373198469017225,33.55209290265101,222.68939402607262,2026-06-25 04:22:08.097113,0.6240000000000001,0.21400000000000002,5.9684375075361285,27.541830334666656,-34.63892533333333,17.49377683333333
529.028,5.446751603359879,34.37309645449125,33.549727781399724,222.72058308069205,2026-06-25 04:22:08.172093,0.6240000000000001,0.21400000000000002,5.964516492586013,27.580441338016527,-34.63892533333333,17.49377683333333
529.219,5.443908865490746,34.37299382162489,33.54700296506862,222.74679001101512,2026-06-25 04:22:08.247074,0.6240000000000001,0.21400000000000002,5.964507014843962,27.635476424880896,-34.63892533333333,17.49377683333333
529.4513333333334,5.439820833626158,34.37279629852656,33.54393000434365,222.78172466304957,2026-06-25 04:22:08.397034,0.6240000000000001,0.21400000000000002,5.96449586432455,27.677716710211364,-34.63892533333333,17.49377683333333
529.695,5.437008046833638,34.37266901781361,33.54181978175777,222.8135904636573,2026-06-25 04:22:08.497008,0.6240000000000001,0.21400000000000002,5.964480996591771,27.618005619681878,-34.63892533333333,17.49377683333333
530.01,5.43350632604956,34.37254757713474,33.5388790772664,222.68934220176584,2026-06-25 04:22:08.596982,0.6240000000000001,0.21400000000000002,5.964471703958585,27.540814127820912,-34.63892533333333,17.49377683333333
530.192,5.431491648673987,34.37248857900833,33.53710971301613,222.703640674024,2026-06-25 04:22:08.646969,0.6240000000000001,0.21400000000000002,5.964469845458634,27.49621459919012,-34.63892533333333,17.49377683333333
530.548,5.426895941530076,34.37229351199248,33.5329490647901,222.58380163900424,2026-06-25 04:22:08.746943,0.6240000000000001,0.21400000000000002,5.964462411325401,27.408975960769464,-34.63892533333333,17.49377683333333
530.463,5.422782155125073,34.37237424306869,33.529127425250536,222.6171002067524,2026-06-25 04:22:08.821924,0.6240000000000001,0.21400000000000002,5.964449401211972,27.42980541095418,-34.63892533333333,17.49377683333333
530.8276666666667,5.415269374978968,34.372167946548835,33.5221369600309,222.67909678581202,2026-06-25 04:22:08.946891,0.6227131782945708,0.21400000000000002,5.964430281713079,27.442319597249522,-34.63892533333333,17.49377683333333
531.2284999999999,5.40768362979232,34.37205378170428,33.51501093235966,222.75696626169025,2026-06-25 04:22:09.071859,0.6180000000000001,0.21400000000000002,5.964395498722178,27.49010949339643,-34.63892533333333,17.49377683333333
531.459,5.401198566499943,34.37195388693261,33.508632979502785,222.82565518349438,2026-06-25 04:22:09.196826,0.6180000000000001,0.21400000000000002,5.964362472700689,27.47922820651409,-34.63892533333333,17.49377683333333
531.6825,5.396475010158385,34.37186749059069,33.50379446176218,222.89128767725947,2026-06-25 04:22:09.321793,0.6180000000000001,0.21400000000000002,5.964323000556702,27.431317715394268,-34.63892533333333,17.49377683333333
531.8965000000001,5.393850186919167,34.371798011936875,33.501245925579056,222.91819243149124,2026-06-25 04:22:09.446761,0.6180000000000001,0.21400000000000002,5.9643118460471705,27.385443688102804,-34.63892533333333,17.49377683333333
532.055,5.393732758646974,34.37179670360128,33.50110883708401,222.9185754696926,2026-06-25 04:22:09.446761,0.6180000000000001,0.21400000000000002,5.964313705174363,27.35146689686126,-34.63892533333333,17.49377683333333
532.254,5.392646359612136,34.371752051832225,33.50025389743875,222.9299573166194,2026-06-25 04:22:09.546735,0.6180000000000001,0.21400000000000002,5.9643099869733724,27.30880833877247,-34.63892533333333,17.49377683333333
532.4923333333332,5.392046383632342,34.371719206462664,33.500037028689185,222.94355320291933,2026-06-25 04:22:09.646709,0.6180000000000001,0.21400000000000002,5.9643017508580884,27.270995677998965,-34.63892533333333,17.49377683333333
532.658,5.391402209311962,34.371695719091704,33.499965165231814,222.94784523086963,2026-06-25 04:22:09.746683,0.6180000000000001,0.21400000000000002,5.9643025504913,27.325879228128052,-34.63892533333333,17.49377683333333
532.8755,5.390622365419265,34.371695719091704,33.49977104639621,222.95411023253953,2026-06-25 04:22:09.821663,0.6180000000000001,0.21400000000000002,5.9643025504913,27.397934593237114,-34.63892533333333,17.49377683333333
533.342,5.389617940534644,34.371695719091704,33.49935171506963,222.9531644378728,2026-06-25 04:22:09.896644,0.6180000000000001,0.21400000000000002,5.964313705174363,27.55248092805726,-34.63892533333333,17.49377683333333
533.433,5.3872139901808325,34.371703649719905,33.4975357636299,222.67400823034075,2026-06-25 04:22:10.046604,0.6212763157894741,0.21400000000000002,5.964295774231126,27.58262823024083,-34.63892533333333,17.49377683333333
533.5815,5.385961471620997,34.37171628474859,33.49648688807608,222.69354273646368,2026-06-25 04:22:10.121585,0.6210000000000001,0.21400000000000002,5.964283958818897,27.63159555020769,-34.63892533333333,17.49377683333333
533.8465000000001,5.3833209340915165,34.371785358027545,33.49370526597956,222.72261772404246,2026-06-25 04:22:10.296539,0.6209999999999978,0.21400000000000002,5.964270944221026,27.597963228476196,-34.63892533333333,17.49377683333333
534.2435,5.381528789213481,34.37186045362302,33.49206418281086,222.73767936477438,2026-06-25 04:22:10.421507,0.621557142857144,0.21400000000000002,5.964269085000388,27.547578203089788,-34.63892533333333,17.49377683333333
534.444,5.380438850420536,34.3719076761028,33.491095461059224,222.74171270636313,2026-06-25 04:22:10.496487,0.6240000000000001,0.21400000000000002,5.964272803495065,27.540707040541452,-34.63892533333333,17.49377683333333
534.8439999999999,5.378540196186555,34.37205064480962,33.490274656850126,222.45851162803808,2026-06-25 04:22:10.663110,0.6231578947368385,0.21400000000000002,5.964259560287516,27.55084349808072,-34.63892533333333,17.49377683333333
535.0805,5.377753327697146,34.37216097519739,33.490190970355854,222.47725203152558,2026-06-25 04:22:10.771416,0.6180000000000001,0.21400000000000002,5.96424677345825,27.556836678600813,-34.63892533333333,17.49377683333333
535.318,5.377287937369005,34.37234072030627,33.49022354171897,222.32888841466777,2026-06-25 04:22:10.921376,0.6210000000000001,0.21400000000000002,5.964244914104105,27.562855200264753,-34.63892533333333,17.49377683333333
535.4775,5.377132823489186,34.372363373571346,33.490207934994885,222.48775948893726,2026-06-25 04:22:10.946370,0.6180000000000001,0.21400000000000002,5.964243054776662,27.56689711270854,-34.63892533333333,17.49377683333333
535.718,5.377115888518986,34.37236478723963,33.49020042005197,222.49384392504092,2026-06-25 04:22:10.946370,0.6180000000000001,0.21400000000000002,5.964239336081723,27.57299165780402,-34.63892533333333,17.49377683333333
535.8489999999999,5.376987507060935,34.37260402539417,33.49035745983767,222.17882929539533,2026-06-25 04:22:11.121324,0.6180000000000001,0.21400000000000002,5.964246773471601,27.576311347648133,-34.63892533333333,17.49377683333333
535.982,5.376778841226649,34.37275617341075,33.49049269812534,222.49584176838914,2026-06-25 04:22:11.221298,0.6180000000000001,0.21400000000000002,5.964241195435869,27.57968171977994,-34.63892533333333,17.49377683333333
536.2946666666667,5.376132376872428,34.372961295313324,33.49055606278597,222.18961950760485,2026-06-25 04:22:11.346266,0.6180000000000001,0.21400000000000002,5.964244276385897,27.58760505075647,-34.63892533333333,17.49377683333333
536.4465,5.375035119631287,34.37318062667161,33.490475410383894,222.19773991561718,2026-06-25 04:22:11.471233,0.6180000000000001,0.21400000000000002,5.964243054790014,27.591452681097415,-34.63892533333333,17.49377683333333
536.701,5.373674354402471,34.37341448537465,33.49023325832147,222.20705229241642,2026-06-25 04:22:11.596201,0.6180000000000001,0.21400000000000002,5.964243054790014,27.597902002206776,-34.63892533333333,17.49377683333333
536.8567499999999,5.3731690425453476,34.373538849591334,33.49007341630608,222.1742396401183,2026-06-25 04:22:11.658684,0.6180000000000001,0.21400000000000002,5.964241677065905,27.601848885361125,-34.63892533333333,17.49377683333333
537.233,5.372307712392193,34.37392153597608,33.48979266491442,221.92777309711155,2026-06-25 04:22:11.796148,0.6180000000000001,0.21400000000000002,5.964224460981532,27.611383490734003,-34.63892533333333,17.49377683333333
537.029,5.372211785695078,34.37381629025708,33.48976081701464,221.93002080914783,2026-06-25 04:22:11.846135,0.6180000000000001,0.21400000000000002,5.960315088829542,27.606213897388976,-34.63892533333333,17.49377683333333
537.4375,5.37214951775751,34.374082916235565,33.48979334708171,221.9393970236442,2026-06-25 04:22:11.921116,0.6180000000000001,0.21400000000000002,5.964215163823605,27.616565754650953,-34.63892533333333,17.49377683333333
537.678,5.371973351975357,34.374416204961264,33.49006356258821,221.93138761006506,2026-06-25 04:22:12.071077,0.6180000000000001,0.21500000000000002,5.964226320389083,27.62266029974644,-34.63892533333333,17.49377683333333
537.7760000000001,5.371998077092439,34.374417640450496,33.49005160582591,221.9268169445153,2026-06-25 04:22:12.071077,0.6209999999999936,0.21400000000000002,5.964231898571683,27.62514373184356,-34.63892533333333,17.49377683333333
538.0985000000001,5.371650948513061,34.374762409337116,33.49040949542988,221.9349175397857,2026-06-25 04:22:12.221038,0.6180000000000001,0.21600000000000003,5.964228179783283,27.633316250734598,-34.63892533333333,17.49377683333333
538.2355,5.371325435778356,34.37499935274165,33.490602330773086,221.63626916364888,2026-06-25 04:22:12.321012,0.6210000000000001,0.21500000000000002,5.964220742139724,27.636787987441796,-34.63892533333333,17.49377683333333
538.4745,5.370934617138952,34.37524047480109,33.490750141358575,221.63851674962874,2026-06-25 04:22:12.420986,0.6240000000000001,0.21600000000000003,5.964222601560628,27.64284452082151,-34.63892533333333,17.49377683333333
538.6865,5.370501746342029,34.37548514338298,33.49084013964035,221.6425128482948,2026-06-25 04:22:12.520959,0.6240000000000001,0.21499999999999822,5.9642226015606274,27.64821684331732,-34.63892533333333,17.49377683333333
539.0275,5.37007671044683,34.37573272663303,33.49081444374858,221.64953711711823,2026-06-25 04:22:12.620933,0.6210000000000001,0.21600000000000003,5.964220742139724,27.656858173369546,-34.63892533333333,17.49377683333333
539.2536666666666,5.369611869411103,34.376045425490936,33.490559210310686,221.39827558308025,2026-06-25 04:22:12.745901,0.6240000000000001,0.2157013888888873,5.964213859627713,27.662589495403207,-34.63892533333333,17.49377683333333
539.4805,5.369037192935456,34.37654997223764,33.489760603294116,221.35370603642372,2026-06-25 04:22:12.945849,0.6210000000000001,0.21600000000000003,5.964217023217803,27.668337711532768,-34.63892533333333,17.49377683333333
539.595,5.369052359794969,34.37655008263667,33.48973417129247,221.36194609264584,2026-06-25 04:22:12.945849,0.6209999999999938,0.21600000000000003,5.964209585440722,27.671239272503385,-34.63892533333333,17.49377683333333
539.8154999999999,5.3688675214868935,34.37673969333807,33.489369493999014,221.35941219359202,2026-06-25 04:22:13.020829,0.6209999999999973,0.21600000000000003,5.964215163823605,27.676826994721903,-34.63892533333333,17.49377683333333
540.034,5.36847486976526,34.37711880819302,33.48854227172015,221.36305807822382,2026-06-25 04:22:13.170790,0.6240000000000001,0.21500000000000002,5.964215163823605,27.682364034652732,-34.63892533333333,17.49377683333333
540.187,5.368172401500635,34.377307662293276,33.488109867912904,221.37126180756718,2026-06-25 04:22:13.245771,0.6240000000000001,0.21400000000000002,5.964209585454075,27.6862412296615,-34.63892533333333,17.49377683333333
540.5035,5.367786138278272,34.37749562939415,33.487695999317154,221.37072985156453,2026-06-25 04:22:13.320751,0.6240000000000001,0.21400000000000002,5.964215163796899,27.69426170168945,-34.63892533333333,17.49377683333333
540.644,5.3672164912161495,34.37774467959771,33.48720173514765,221.3783207440449,2026-06-25 04:22:13.420725,0.6210000000000001,0.21400000000000002,5.96421144488833,27.697156880086148,-34.63892533333333,17.49377683333333
540.864,5.366523175340591,34.37799139198357,33.486722641160284,221.24067488224665,2026-06-25 04:22:13.520699,0.6240000000000001,0.2149999999999993,5.964200288029098,27.67833934688722,-34.63892533333333,17.49377683333333
541.4325,5.365115784059645,34.37847491734418,33.485886360674556,221.0972502276808,2026-06-25 04:22:13.645666,0.6240000000000001,0.21400000000000002,5.9622492858173155,27.629713130416356,-34.63892533333333,17.49377683333333
541.24,5.363854824291,34.37829542474216,33.48520737551157,221.0968192577262,2026-06-25 04:22:13.720647,0.6210000000000001,0.21400000000000002,5.964207725979762,27.646178471965417,-34.63892533333333,17.49377683333333
541.558,5.3635260327726,34.37853555067708,33.48501080856339,221.09951674076143,2026-06-25 04:22:13.745640,0.6240000000000001,0.21400000000000002,5.964209585454075,27.618978583068785,-34.63892533333333,17.49377683333333
541.8115,5.360881011889434,34.37882957808203,33.48368780585419,220.82064875072857,2026-06-25 04:22:13.870608,0.6240000000000001,0.21400000000000002,5.9641965690137075,27.610582868678787,-34.63892533333333,17.49377683333333
542.04225,5.357655647602057,34.37917291218149,33.482157542240465,220.8499354380427,2026-06-25 04:22:14.020569,0.6240000000000001,0.21400000000000002,5.9621644628542105,27.63695148254813,-34.63892533333333,17.49377683333333
542.247,5.355620675648117,34.37945196098872,33.48124429471763,220.8783608700018,2026-06-25 04:22:14.145536,0.6240000000000001,0.21400000000000002,5.960262825910634,27.660348984995583,-34.63892533333333,17.49377683333333
542.484,5.355156095464422,34.37956099675487,33.481076123258134,220.8901306423247,2026-06-25 04:22:14.195523,0.6180000000000001,0.21400000000000002,5.960255359350436,27.687431808341362,-34.63892533333333,17.49377683333333
542.652,5.354637498097136,34.37977425640754,33.48104443802361,220.59438740653582,2026-06-25 04:22:14.295497,0.6180000000000001,0.21400000000000002,5.960247892629378,27.706629759067475,-34.63892533333333,17.49377683333333
542.8485000000001,5.354356786845946,34.37993008441843,33.48115072323574,220.5957591903625,2026-06-25 04:22:14.370477,0.6209999999999898,0.21400000000000002,5.960249759329749,27.72908450500606,-34.63892533333333,17.49377683333333
543.4001999999999,5.35364363862264,34.38038195395269,33.48149014347589,220.59507788303785,2026-06-25 04:22:14.555429,0.6211619047619021,0.21400000000000002,5.964165157016321,27.636333706538682,-34.63892533333333,17.49377683333333
543.273,5.353452152901339,34.380300656860705,33.48157439616462,220.29221868388854,2026-06-25 04:22:14.595419,0.6180000000000001,0.21400000000000002,5.960255359350436,27.658825744694322,-34.63892533333333,17.49377683333333
543.545,5.353021162611294,34.38066469605879,33.48181316497206,220.30732761223112,2026-06-25 04:22:14.745380,0.6180000000000001,0.21400000000000002,5.960244159309064,27.620007331153086,-34.63892533333333,17.49377683333333
543.889,5.35298474779884,34.38075576689147,33.481877366956525,220.3143355317612,2026-06-25 04:22:14.795367,0.6180000000000001,0.21400000000000002,5.96024042590832,27.616171814177136,-34.63892533333333,17.49377683333333
544.0364999999999,5.353001000496625,34.38088916466088,33.481951275029886,220.31192313405248,2026-06-25 04:22:14.870347,0.6210000000000029,0.21400000000000002,5.9621971191901535,27.614527224776108,-34.63892533333333,17.49377683333333
544.406,5.353104837705824,34.38115826065174,33.48202331977789,220.30745452231804,2026-06-25 04:22:14.995315,0.6180000000000001,0.21400000000000002,5.9602516260301215,27.610407388954556,-34.63892533333333,17.49377683333333
544.285,5.353132612179945,34.38110398053028,33.48202473731502,220.00371632964195,2026-06-25 04:22:15.028639,0.6225762711864418,0.21400000000000002,5.961174717773247,27.61175650975133,-34.63892533333333,17.49377683333333
544.5985000000001,5.353222610260509,34.381387370718315,33.48202378552021,220.00411605819718,2026-06-25 04:22:15.170269,0.6180000000000001,0.21400000000000002,5.96024975935656,27.608261060414232,-34.63892533333333,17.49377683333333
544.81,5.353204068194056,34.38157823134589,33.481961453138354,220.00778991518203,2026-06-25 04:22:15.295236,0.6240000000000001,0.21400000000000002,5.9602478926829985,27.619488271451274,-34.63892533333333,17.49377683333333
545.0163333333334,5.3531615373635155,34.38162623025227,33.48192762092835,220.00756693092274,2026-06-25 04:22:15.328561,0.6220210526315786,0.21400000000000002,5.9602503946805445,27.63449090069383,-34.63892533333333,17.49377683333333
545.262,5.352994077993695,34.38179427300685,33.48181106011956,220.0165643444936,2026-06-25 04:22:15.445197,0.6240000000000001,0.21400000000000002,5.960244159309064,27.652353481875988,-34.63892533333333,17.49377683333333
545.516,5.352857764822142,34.381863277929085,33.481750720525866,220.0160862922149,2026-06-25 04:22:15.495184,0.6240000000000001,0.21400000000000002,5.9602478926829985,27.670821985079257,-34.63892533333333,17.49377683333333
545.731,5.352535577471455,34.38199691563797,33.48166715320974,219.70691044958195,2026-06-25 04:22:15.595158,0.6240000000000001,0.21400000000000002,5.960255359350436,27.68645477322376,-34.63892533333333,17.49377683333333
545.899,5.352438037724607,34.38203910894229,33.48167965206293,219.71256613266857,2026-06-25 04:22:15.628483,0.6240000000000001,0.21400000000000002,5.9602516260301215,27.682390008949543,-34.63892533333333,17.49377683333333
546.225,5.352097950594678,34.382247500384516,33.48170859258955,219.7243507857212,2026-06-25 04:22:15.745119,0.6240000000000001,0.21400000000000002,5.960244159309064,27.67450243065553,-34.63892533333333,17.49377683333333
546.115,5.351960238663425,34.382186862236345,33.48174142279286,219.72764707255033,2026-06-25 04:22:15.795106,0.6240000000000001,0.21400000000000002,5.96414635969529,27.67716388345412,-34.63892533333333,17.49377683333333
546.3796666666666,5.3516340800254225,34.38236456791393,33.48178199813285,219.73220911863555,2026-06-25 04:22:15.895080,0.6240000000000001,0.21400000000000002,5.963041095514141,27.67076026672054,-34.63892533333333,17.49377683333333
546.647,5.3512294057243714,34.38247761788159,33.48178034105111,219.72908157458397,2026-06-25 04:22:15.995054,0.6240000000000001,0.21400000000000002,5.9602478926829985,27.664292129919104,-34.63892533333333,17.49377683333333
546.854,5.350505642705275,34.382619448725855,33.48169770673611,219.46183410600344,2026-06-25 04:22:16.128353,0.6240000000000001,0.21400000000000002,5.96024138591876,27.659283759652663,-34.63892533333333,17.49377683333333
547.0195,5.350300355950821,34.382664023802946,33.48167225452727,219.59537609276126,2026-06-25 04:22:16.170008,0.6240000000000001,0.21400000000000002,5.960236692480764,27.674407931255406,-34.63892533333333,17.49377683333333
547.2204999999999,5.348900211982324,34.3828384222639,33.481405306096995,219.60256539653759,2026-06-25 04:22:16.344963,0.6240000000000001,0.21400000000000002,5.960238559194543,27.718523305803828,-34.63892533333333,17.49377683333333
547.423,5.34892192307705,34.38283882192889,33.48143687079971,219.7588288202741,2026-06-25 04:22:16.344963,0.6240000000000001,0.21400000000000002,5.960236692480764,27.76296789956534,-34.63892533333333,17.49377683333333
547.561,5.347889915688454,34.38293410714665,33.481014834942755,219.46016381142607,2026-06-25 04:22:16.444937,0.6240000000000001,0.21400000000000002,5.960236692480764,27.79325606716577,-34.63892533333333,17.49377683333333
547.846,5.346710133677242,34.38302640171377,33.48019544733127,219.4751989221265,2026-06-25 04:22:16.544911,0.6240000000000001,0.21400000000000002,5.96023012668688,27.83961610453679,-34.63892533333333,17.49377683333333
548.141,5.344739728898744,34.38316100972065,33.478427960603334,219.48896309507646,2026-06-25 04:22:16.694872,0.6240000000000001,0.21400000000000002,5.960229225545222,27.784949403097162,-34.63892533333333,17.49377683333333
548.2483333333333,5.3442944297825905,34.38318997505783,33.47795188791847,219.1982971000204,2026-06-25 04:22:16.728196,0.6240000000000001,0.21400000000000002,5.960225582218584,27.765059371612903,-34.63892533333333,17.49377683333333
548.479,5.3427707926935915,34.38329148581129,33.47633400732135,219.20813376182508,2026-06-25 04:22:16.844832,0.6240000000000001,0.21400000000000002,5.960218024940818,27.722314335006992,-34.63892533333333,17.49377683333333
548.602,5.341889737259473,34.3833556688386,33.47532281121341,219.2209238706765,2026-06-25 04:22:16.919813,0.6240000000000001,0.21400000000000002,5.960210557723746,27.69952110016946,-34.63892533333333,17.49377683333333
548.8644999999999,5.340567077123206,34.38346175568017,33.473833653049,219.2337425240257,2026-06-25 04:22:17.044780,0.6240000000000001,0.21400000000000002,5.960206824095101,27.678683481253913,-34.63892533333333,17.49377683333333
549.059,5.3397763409336365,34.38353222706689,33.47307322072291,219.21177531584323,2026-06-25 04:22:17.128092,0.6240000000000001,0.21400000000000002,5.960206478385021,27.71935485133378,-34.63892533333333,17.49377683333333
549.248,5.33817451684256,34.38367340858838,33.47205454037717,218.97001565911057,2026-06-25 04:22:17.294715,0.6240000000000001,0.21400000000000002,5.960180687849949,27.758876131257153,-34.63892533333333,17.49377683333333
549.4970000000001,5.337780165243997,34.38369492393993,33.47191256306064,218.9584511131715,2026-06-25 04:22:17.319709,0.6240000000000001,0.21400000000000002,5.960197489842497,27.810943849251423,-34.63892533333333,17.49377683333333
549.844,5.336283694841772,34.38380203388259,33.47120060723064,219.12521201566895,2026-06-25 04:22:17.419683,0.6240000000000001,0.21400000000000002,5.960193756052968,27.871729284573156,-34.63892533333333,17.49377683333333
549.582,5.336017591725206,34.383780754225825,33.471148659596984,218.973608747767,2026-06-25 04:22:17.444676,0.6240000000000001,0.21400000000000002,5.960191889258758,27.82871796985186,-34.63892533333333,17.49377683333333
550.27275,5.33137900714866,34.38395585920088,33.467881447267715,219.0056384774364,2026-06-25 04:22:17.619630,0.6240000000000001,0.21400000000000002,5.960190268013863,27.942115166965333,-34.63892533333333,17.49377683333333
550.44,5.324529977242132,34.38411445773393,33.46180606640295,218.76169632326494,2026-06-25 04:22:17.794585,0.6240000000000001,0.21400000000000002,5.960165752262786,27.969571817297926,-34.63892533333333,17.49377683333333
550.7085,5.323250933029825,34.384138301186965,33.46060462523629,218.774443589418,2026-06-25 04:22:17.819578,0.6240000000000001,0.21400000000000002,5.96016201817828,28.01365020662106,-34.63892533333333,17.49377683333333
551.0145,5.316462115369414,34.38426861110776,33.454305613102214,218.7281181151069,2026-06-25 04:22:17.957043,0.6205238095238046,0.21400000000000002,5.960116230580144,28.063884795570363,-34.63892533333333,17.49377683333333
551.298,5.308843782186333,34.38440291218377,33.44727053335631,218.60019679595973,2026-06-25 04:22:18.094507,0.6240000000000001,0.21400000000000002,5.9601097399894165,27.984605717268547,-34.63892533333333,17.49377683333333
551.815,5.305692579723569,34.384622306429684,33.444293584226,218.92867829869266,2026-06-25 04:22:18.144494,0.6240000000000001,0.21400000000000002,5.960106005623302,27.839172576676898,-34.63892533333333,17.49377683333333
551.366,5.298912399304544,34.384453236901415,33.43755013115379,218.97032429026365,2026-06-25 04:22:18.244468,0.6240000000000001,0.21400000000000002,5.960094802364032,27.959820402835742,-34.63892533333333,17.49377683333333
551.7075,5.294437938352067,34.38455594097193,33.43269095953114,218.74975427404323,2026-06-25 04:22:18.306951,0.6240000000000001,0.21400000000000002,5.960074729076625,27.8353470957945,-34.63892533333333,17.49377683333333
552.373,5.281255134748146,34.38489554278309,33.41832979959535,218.8379106596455,2026-06-25 04:22:18.494402,0.6240000000000001,0.21400000000000002,5.960020107799444,27.960091879000757,-34.63892533333333,17.49377683333333
552.312,5.277453812686358,34.38482488551474,33.414267590277376,218.85940246494349,2026-06-25 04:22:18.556886,0.619764705882346,0.21400000000000002,5.960017690805813,27.94687310222341,-34.63892533333333,17.49377683333333
552.6363333333334,5.268314020086695,34.385130741342365,33.40455791675708,218.955225913127,2026-06-25 04:22:18.761000,0.6225609756097624,0.21400000000000002,5.9599696069703345,28.01715654377725,-34.63892533333333,17.49377683333333
552.945,5.267151522174539,34.38528937437412,33.40329805396385,218.98707172792945,2026-06-25 04:22:18.794324,0.6240000000000001,0.21400000000000002,5.959945402503728,28.08404499894565,-34.63892533333333,17.49377683333333
552.913,5.267088602183917,34.38516970100321,33.403712616635374,219.3202022656438,2026-06-25 04:22:18.894298,0.6240000000000001,0.21400000000000002,5.959915517380207,28.077110558669006,-34.63892533333333,17.49377683333333
553.265,5.268738535921555,34.38538049569492,33.406419902517314,219.3272358106624,2026-06-25 04:22:18.969279,0.6240000000000001,0.21400000000000002,5.959902442095247,28.003821165891456,-34.63892533333333,17.49377683333333
553.6550000000001,5.2757074852861985,34.385658954192024,33.418139653834196,218.93150820056673,2026-06-25 04:22:19.164228,0.6240000000000001,0.21400000000000002,5.959963901817773,27.90604836935661,-34.63892533333333,17.49377683333333
553.493,5.277028955527897,34.385621888154866,33.420440100747435,218.92652510943066,2026-06-25 04:22:19.194220,0.6240000000000001,0.21400000000000002,5.959960344421472,27.94666168484031,-34.63892533333333,17.49377683333333
553.862,5.281508532134386,34.38584744529888,33.42785969173194,218.89236732139125,2026-06-25 04:22:19.344181,0.6240000000000001,0.21400000000000002,5.9599752859098984,27.90439130031343,-34.63892533333333,17.49377683333333
554.2313333333333,5.283566172111447,34.386015260586966,33.43057972472427,218.57057429987174,2026-06-25 04:22:19.477480,0.6240000000000001,0.21400000000000002,5.959986491744488,27.95130688709155,-34.63892533333333,17.49377683333333
554.4375,5.284226561564015,34.38606782959077,33.431436853465584,218.56908838677694,2026-06-25 04:22:19.519135,0.6240000000000001,0.21400000000000002,5.959986491744488,27.977495777364364,-34.63892533333333,17.49377683333333
554.6556666666667,5.285105549202171,34.38630633468926,33.431760531968735,218.56276736308394,2026-06-25 04:22:19.710752,0.6194285714285692,0.21400000000000002,5.9599902269690235,28.005209000781587,-34.63892533333333,17.49377683333333
554.917,5.285189239020314,34.38634767512553,33.431703571765425,218.56481634690658,2026-06-25 04:22:19.744077,0.6240000000000001,0.21400000000000002,5.9599902269690235,28.038405589259973,-34.63892533333333,17.49377683333333
555.1015,5.284859565927912,34.38649907919473,33.43095934197389,218.26472994681336,2026-06-25 04:22:19.869044,0.6240000000000001,0.21400000000000002,5.9599902269690235,28.037687936719454,-34.63892533333333,17.49377683333333
555.284,5.2843374225748105,34.386588034047364,33.43032532371719,218.26906894857223,2026-06-25 04:22:19.944025,0.6240000000000001,0.21400000000000002,5.9599902269690235,28.036978063610267,-34.63892533333333,17.49377683333333
555.4833333333333,5.283124809031712,34.38670324542945,33.42920653201434,218.27109881880682,2026-06-25 04:22:20.043999,0.6240000000000001,0.21400000000000002,5.959996548879892,28.03620271362069,-34.63892533333333,17.49377683333333
555.7565,5.281169371274766,34.38684216053349,33.427529993158984,218.13286106413207,2026-06-25 04:22:20.168966,0.6240000000000001,0.21400000000000002,5.959995829752166,28.035140172957714,-34.63892533333333,17.49377683333333
556.089,5.279044956669181,34.38697344000278,33.425757468704646,218.0148573500527,2026-06-25 04:22:20.293933,0.6180000000000001,0.21400000000000002,5.9599752859098984,28.04097909787318,-34.63892533333333,17.49377683333333
556.251,5.2785066748970495,34.38700578781323,33.42533404912276,218.01915850062807,2026-06-25 04:22:20.327258,0.6240000000000001,0.21400000000000002,5.9599752859098984,28.04394841991864,-34.63892533333333,17.49377683333333
556.4625000000001,5.275956723894435,34.38716301413652,33.4231733088794,218.03944661391543,2026-06-25 04:22:20.493881,0.6240000000000001,0.21400000000000002,5.959969682898694,28.047825034811325,-34.63892533333333,17.49377683333333
556.6195,5.275277551636908,34.38720630146638,33.422493060289725,218.05149322238256,2026-06-25 04:22:20.543868,0.6210000000000001,0.21400000000000002,5.959962212100818,28.050702711114642,-34.63892533333333,17.49377683333333
556.9355,5.273002316269937,34.38734309268622,33.41974876442423,218.07318239266286,2026-06-25 04:22:20.718823,0.6180000000000001,0.21400000000000002,5.959954741249277,28.05649472201813,-34.63892533333333,17.49377683333333
557.0596666666667,5.272459638162417,34.38736864702318,33.41905098144266,217.99505736485554,2026-06-25 04:22:20.760478,0.6180000000000001,0.21400000000000002,5.958943345892487,28.061774634895738,-34.63892533333333,17.49377683333333
557.4124999999999,5.270710916740795,34.387465120184316,33.41679869082951,218.08591603706773,2026-06-25 04:22:20.918771,0.6180000000000001,0.21499999999999822,5.958004976718754,28.078770842829737,-34.63892533333333,17.49377683333333
557.635,5.270404908328041,34.38751102446984,33.41641966156328,218.11438287447524,2026-06-25 04:22:21.018744,0.6180000000000001,0.21400000000000002,5.957978785888608,28.089488810516038,-34.63892533333333,17.49377683333333
558.0173333333333,5.271259562887668,34.387564825354424,33.41769718848022,218.10866579431485,2026-06-25 04:22:21.160374,0.6180000000000001,0.21400000000000002,5.959937536082248,28.054084160308957,-34.63892533333333,17.49377683333333
557.936,5.271525987148655,34.387555074611704,33.41809426040962,218.11322545482082,2026-06-25 04:22:21.193699,0.6180000000000001,0.21400000000000002,5.959930460156645,28.06362175449906,-34.63892533333333,17.49377683333333
558.322,5.27301488932582,34.387564825354424,33.42023289661575,217.7942336088139,2026-06-25 04:22:21.318666,0.6180000000000001,0.21400000000000002,5.959943534730469,28.018357270596837,-34.63892533333333,17.49377683333333
558.354,5.27394331338317,34.387571598579754,33.42162541646549,218.08707263749773,2026-06-25 04:22:21.393647,0.6180000000000001,0.21400000000000002,5.959949138023414,28.014604774522034,-34.63892533333333,17.49377683333333
558.759,5.2748496662580635,34.387556256003506,33.423078542274766,217.77841595837575,2026-06-25 04:22:21.468627,0.6180000000000001,0.21400000000000002,5.959954741249277,27.9671122460754,-34.63892533333333,17.49377683333333
559.055,5.275714835497607,34.38754126517741,33.424532982396954,217.77861671966664,2026-06-25 04:22:21.543608,0.6180000000000001,0.21400000000000002,5.959952873516267,27.932401657383544,-34.63892533333333,17.49377683333333
558.734,5.276236048728069,34.387571598579754,33.42545720224866,217.7763127910662,2026-06-25 04:22:21.593595,0.6180000000000001,0.21400000000000002,5.959949138023414,27.97004388363383,-34.63892533333333,17.49377683333333
559.2445,5.2771316166587505,34.387485239719176,33.42727986277082,217.76616153273505,2026-06-25 04:22:21.718562,0.6180000000000001,0.21400000000000002,5.957380731913899,27.913808360952192,-34.63892533333333,17.49377683333333
559.506,5.277466412881921,34.387410096210466,33.42837935168201,217.76000719562828,2026-06-25 04:22:21.843529,0.6180000000000001,0.21400000000000002,5.95996781521935,27.88815059305353,-34.63892533333333,17.49377683333333
559.7815,5.277168414763661,34.38735120006093,33.4284100529493,217.46568388915188,2026-06-25 04:22:21.918510,0.6180000000000001,0.21400000000000002,5.959964079833827,27.861119177925104,-34.63892533333333,17.49377683333333
559.9923333333335,5.275855840376686,34.38723261307419,33.42756121571264,217.4722415964234,2026-06-25 04:22:22.043477,0.6180000000000001,0.21400000000000002,5.959966627558312,27.871023010432776,-34.63892533333333,17.49377683333333
560.2204999999999,5.273628739922874,34.38708961279975,33.4257761001555,217.49029254876262,2026-06-25 04:22:22.168445,0.6180000000000001,0.21400000000000002,5.958008726176933,27.884551893322445,-34.63892533333333,17.49377683333333
560.6596666666666,5.270575744091475,34.38691797487892,33.42296027774149,217.51532943519615,2026-06-25 04:22:22.293412,0.6180000000000001,0.21400000000000002,5.956050111970612,27.91059178113422,-34.63892533333333,17.49377683333333
560.8285000000001,5.266978484958025,34.38672072721807,33.419211871603146,217.25208452199655,2026-06-25 04:22:22.418380,0.6180000000000001,0.21400000000000002,5.957984396318834,27.920602561533972,-34.63892533333333,17.49377683333333
561.2705,5.2636431641237795,34.386396869329786,33.41560886008199,217.28103375957625,2026-06-25 04:22:22.518354,0.6180000000000001,0.21400000000000002,5.956023361946922,27.946810448621942,-34.63892533333333,17.49377683333333
561.107,5.260836970024521,34.38654211210363,33.412675026427905,217.30072984323172,2026-06-25 04:22:22.593334,0.6180000000000001,0.21400000000000002,5.95601586255922,27.937115902153877,-34.63892533333333,17.49377683333333
561.4556666666667,5.256453443781744,34.38618500291216,33.40827455599867,217.3343401058857,2026-06-25 04:22:22.693308,0.6180000000000001,0.21400000000000002,5.956135303491558,27.95778969543746,-34.63892533333333,17.49377683333333
561.545,5.251407791546253,34.38595787457078,33.40326556789103,217.38255803360428,2026-06-25 04:22:22.793282,0.6240000000000001,0.21400000000000002,5.955985863877072,27.96308661379309,-34.63892533333333,17.49377683333333
561.924,5.2485268547804145,34.38583665276352,33.40039350770041,217.40122585789675,2026-06-25 04:22:22.843269,0.6240000000000001,0.21400000000000002,5.955985863877072,27.985558987563103,-34.63892533333333,17.49377683333333
562.0196666666666,5.242115251469787,34.385578854729424,33.39399266944819,217.44598195268895,2026-06-25 04:22:22.943243,0.6240000000000001,0.21335969868173327,5.95597476220641,27.991231433712606,-34.63892533333333,17.49377683333333
562.279,5.231600600351718,34.38515991180986,33.38365762961026,217.54415983488022,2026-06-25 04:22:23.093204,0.6240000000000001,0.21400000000000002,5.9559313279335075,28.006608308640548,-34.63892533333333,17.49377683333333
562.479,5.224463924908491,34.38485916125343,33.37671557132968,217.609659497026,2026-06-25 04:22:23.193178,0.6240000000000001,0.21400000000000002,5.955903358611021,28.01846708107855,-34.63892533333333,17.49377683333333
562.8629999999999,5.215672397314579,34.38442415757638,33.368048597807785,217.44296070798438,2026-06-25 04:22:23.326476,0.6240000000000001,0.21400000000000002,5.955851171708633,28.0412359241595,-34.63892533333333,17.49377683333333
563.066,5.213134742228096,34.38428114687606,33.36551663572864,217.4255940706714,2026-06-25 04:22:23.368132,0.6210000000000001,0.21400000000000002,5.955847097058436,28.053272578184075,-34.63892533333333,17.49377683333333
563.334,5.202989282212969,34.38365802760704,33.35544061616454,217.52375180322946,2026-06-25 04:22:23.543086,0.6240000000000001,0.21400000000000002,5.955802084323797,28.069163333250987,-34.63892533333333,17.49377683333333
563.4116666666667,5.201133851681547,34.383528761221164,33.35374416503387,217.54325671959344,2026-06-25 04:22:23.576411,0.6240000000000001,0.21400000000000002,5.955792527436924,28.073768489881083,-34.63892533333333,17.49377683333333
563.686,5.1945192503617665,34.38307640678627,33.34770369197721,217.8951418331759,2026-06-25 04:22:23.693047,0.6240000000000001,0.21400000000000002,5.95577957625852,28.09003477274187,-34.63892533333333,17.49377683333333
564.0364999999999,5.1899037853901415,34.38245585573173,33.34367011686834,217.63687855643076,2026-06-25 04:22:23.768028,0.6209999999999903,0.21500000000000327,5.9557626945693976,28.110817271439455,-34.63892533333333,17.49377683333333
563.922,5.185042114184747,34.382770402267056,33.339252216929324,217.96452307577897,2026-06-25 04:22:23.843008,0.6180000000000001,0.21600000000000003,5.955760818796211,28.104028124218708,-34.63892533333333,17.49377683333333
564.2266666666666,5.1785458028911355,34.38201966103907,33.33256589852093,217.72733863737514,2026-06-25 04:22:23.942982,0.6180000000000001,0.21552380952379407,5.955731520017084,28.122092987565917,-34.63892533333333,17.49377683333333
564.5053333333334,5.16995233326765,34.38133667311717,33.32255615713634,218.13687990794435,2026-06-25 04:22:24.092943,0.6180000000000001,0.21400000000000002,5.955663466613443,28.138616210496203,-34.63892533333333,17.49377683333333
564.87,5.163370365897875,34.380617899165834,33.31475294276466,218.19680019442174,2026-06-25 04:22:24.242904,0.6180000000000001,0.21400000000000002,5.9556465542262895,28.160238705574816,-34.63892533333333,17.49377683333333
565.035,5.159924179880053,34.380120784557334,33.311086940334775,218.22952935652896,2026-06-25 04:22:24.342878,0.6180000000000001,0.21600000000000003,5.955633250178891,28.170022192836164,-34.63892533333333,17.49377683333333
565.252,5.157756862595602,34.37973681232787,33.30919207861702,218.25227823671884,2026-06-25 04:22:24.417858,0.6180000000000001,0.21500000000000002,5.955623868899955,28.18288896093139,-34.63892533333333,17.49377683333333
565.428,5.1551708254225055,34.37921288986943,33.30733570266854,218.27345728585797,2026-06-25 04:22:24.517832,0.6180000000000001,0.21400000000000002,5.955618240043604,28.19332468067683,-34.63892533333333,17.49377683333333
565.633,5.153460687772611,34.378811224096175,33.306279606694716,218.28488746625445,2026-06-25 04:22:24.592813,0.6180000000000001,0.21600000000000003,5.9556182400570865,28.20547992242578,-34.63892533333333,17.49377683333333
565.8135,5.152075273294468,34.37840113432728,33.30544461919486,218.30682638878753,2026-06-25 04:22:24.667793,0.620999999999997,0.21600000000000003,5.955605105843197,28.21618246455107,-34.63892533333333,17.49377683333333
565.989,5.151023957728646,34.37798452023852,33.304788585572524,218.32345150444883,2026-06-25 04:22:24.742774,0.6180000000000001,0.21600000000000003,5.9555957240653665,28.22658853736542,-34.63892533333333,17.49377683333333
566.2253333333334,5.150214678488908,34.377319528984145,33.30435251815283,218.3486485848578,2026-06-25 04:22:24.859410,0.6180000000000001,0.21335238095237838,5.955576959997297,28.24060165346299,-34.63892533333333,17.49377683333333
566.4215,5.149686485274822,34.37668884781708,33.30419100703726,218.3542117878166,2026-06-25 04:22:24.967715,0.6180000000000001,0.21200000000000002,5.955576959997297,28.126899781649506,-34.63892533333333,17.49377683333333
566.635,5.148944100817572,34.37604702493062,33.303889352004894,218.46337312746934,2026-06-25 04:22:25.076020,0.6200000000000001,0.21200000000000002,5.955575708960536,27.98443629390744,-34.63892533333333,17.49377683333333
566.7909999999999,5.146987262431555,34.37518975713992,33.30261679425616,218.36687643424088,2026-06-25 04:22:25.217650,0.6180000000000001,0.21200000000000002,5.955584465705433,27.935049972065656,-34.63892533333333,17.49377683333333
567.0553333333334,5.144200506192102,34.374415769333304,33.30030543840311,218.3893831422196,2026-06-25 04:22:25.342617,0.6180000000000001,0.21200000000000002,5.955579841409328,28.066354989003614,-34.63892533333333,17.49377683333333
567.254,5.1405339091824125,34.37347107468374,33.29678994863497,218.43925964110664,2026-06-25 04:22:25.492578,0.6180000000000001,0.21400000000000002,5.955550689169246,28.16504072682833,-34.63892533333333,17.49377683333333
567.4455,5.140525344804381,34.37347018639404,33.29678939929143,218.7428803148901,2026-06-25 04:22:25.492578,0.6180000000000001,0.21200000000000002,5.955552565616506,28.260166492567098,-34.63892533333333,17.49377683333333
567.645,5.136537442828006,34.37250898551754,33.29307005866554,218.7811447156967,2026-06-25 04:22:25.642539,0.6209999999999148,0.2129999999999716,5.955537553229268,28.35822552821831,-34.63892533333333,17.49377683333333
567.8635,5.135008898088075,34.372185549863005,33.2917442082349,218.78990110303667,2026-06-25 04:22:25.692526,0.6180000000000001,0.21200000000000002,5.955539429838362,28.35307200536174,-34.63892533333333,17.49377683333333
567.994,5.1315851857788815,34.371535359716376,33.28883212519437,218.50631399329177,2026-06-25 04:22:25.792500,0.6180000000000001,0.21400000000000002,5.955539429838362,28.349994043197974,-34.63892533333333,17.49377683333333
568.247,5.127393816570453,34.370879860171165,33.285042328060946,218.55076767002384,2026-06-25 04:22:25.892474,0.6180000000000001,0.21200000000000002,5.955519027671141,28.34402680620616,-34.63892533333333,17.49377683333333
568.621,5.117297250449047,34.369477485825605,33.27417098562253,218.64236048330613,2026-06-25 04:22:26.104919,0.6180000000000001,0.21400000000000002,5.955483598657598,28.335205673261733,-34.63892533333333,17.49377683333333
568.8276666666667,5.113036030526914,34.36889801189114,33.26914951241271,218.6956265982833,2026-06-25 04:22:26.192396,0.6180000000000001,0.21400000000000002,5.955453712828468,28.355330304035007,-34.63892533333333,17.49377683333333
569.2055,5.101876784803298,34.36740956742925,33.25645423473776,218.9368820676106,2026-06-25 04:22:26.417337,0.6180000000000001,0.21400000000000002,5.955426823055147,28.394446601238887,-34.63892533333333,17.49377683333333
569.4413333333333,5.099745695030285,34.36713454990909,33.25414387858913,218.83050248956965,2026-06-25 04:22:26.458993,0.6180000000000001,0.21221527777777666,5.955427748567684,28.418861934517878,-34.63892533333333,17.49377683333333
569.699,5.089727400360506,34.36593110056362,33.2438307700542,219.19110569320657,2026-06-25 04:22:26.642279,0.6180000000000001,0.21400000000000002,5.955393036443083,28.445537627273584,-34.63892533333333,17.49377683333333
569.8203333333333,5.0876378775374125,34.36571495760148,33.24190005905816,219.21068702590063,2026-06-25 04:22:26.675603,0.6180000000000001,0.21400000000000002,5.955385444364938,28.418775822701562,-34.63892533333333,17.49377683333333
570.073,5.080231718936334,34.36495882978667,33.23512302989715,219.28837853137455,2026-06-25 04:22:26.792240,0.6180000000000001,0.21400000000000002,5.955347984065037,28.363046570323583,-34.63892533333333,17.49377683333333
570.196,5.0747442620541285,34.36447832268385,33.230516244960356,219.3295596985593,2026-06-25 04:22:26.867220,0.6180000000000001,0.21400000000000002,5.955336720349824,28.335917158545904,-34.63892533333333,17.49377683333333
570.4623333333334,5.064625864108999,34.36368734817256,33.221970138135426,219.40682251888597,2026-06-25 04:22:26.992187,0.6225925925925939,0.21400000000000002,5.955314841142732,28.277173527081505,-34.63892533333333,17.49377683333333
570.71,5.056211068565674,34.36306352470474,33.214456620908535,219.49031628340813,2026-06-25 04:22:27.092161,0.6240000000000001,0.21600000000000003,5.955276643185002,28.306411005364083,-34.63892533333333,17.49377683333333
570.8644999999999,5.046400776585321,34.36229971592836,33.204824299147745,219.5798112617802,2026-06-25 04:22:27.217129,0.6240000000000001,0.21600000000000003,5.955239091385494,28.332319807895868,-34.63892533333333,17.49377683333333
571.0640000000001,5.045101326555352,34.36215471551935,33.203248190241055,219.60482315241126,2026-06-25 04:22:27.242122,0.6240000000000001,0.21600000000000003,5.955222190785022,28.365774863592307,-34.63892533333333,17.49377683333333
571.28,5.041204095309598,34.361849558386034,33.19934203883873,219.65092833344949,2026-06-25 04:22:27.292109,0.6240000000000001,0.21600000000000003,5.955197781401332,28.401996878782388,-34.63892533333333,17.49377683333333
571.4646666666666,5.03243701818563,34.36097315943619,33.18980042879439,219.73616238394186,2026-06-25 04:22:27.442070,0.6240000000000001,0.2156398467432948,5.955159547638243,28.432964465843057,-34.63892533333333,17.49377683333333
571.666,5.0270559119811375,34.36040474809189,33.184342498231125,220.0861287330708,2026-06-25 04:22:27.542044,0.6240000000000001,0.21600000000000003,5.95514520026417,28.460842676598546,-34.63892533333333,17.49377683333333
571.748,5.021480247354033,34.35985527994903,33.179491038526514,220.1204954675202,2026-06-25 04:22:27.642018,0.6240000000000001,0.21400000000000002,5.9551414442661414,28.470882000959268,-34.63892533333333,17.49377683333333
572.0554999999999,5.0213725341087025,34.359853184249964,33.17945610582646,219.98743226979667,2026-06-25 04:22:27.642018,0.6240000000000001,0.21600000000000003,5.955124541775426,28.50852946731196,-34.63892533333333,17.49377683333333
572.2416666666667,5.0095636620195565,34.35897532903876,33.16972067510429,219.93130600235298,2026-06-25 04:22:27.808641,0.6240000000000001,0.21461904761904804,5.95509118282552,28.531321998431736,-34.63892533333333,17.49377683333333
572.493,5.007043259137877,34.35880143789705,33.167713832579,219.94941723938223,2026-06-25 04:22:27.841966,0.6240000000000001,0.21600000000000003,5.955088857458192,28.532593228128057,-34.63892533333333,17.49377683333333
572.6543333333334,4.992132841236191,34.358063486668385,33.15328015016456,220.05613806473778,2026-06-25 04:22:27.991927,0.6240000000000001,0.21414035087719463,5.955084046607175,28.530810163286176,-34.63892533333333,17.49377683333333
573.11,4.9815548264302425,34.35725777310732,33.1417624417039,220.16629461388814,2026-06-25 04:22:28.091901,0.6240000000000001,0.21400000000000002,5.955009967320591,28.52577411031334,-34.63892533333333,17.49377683333333
572.826,4.973903275108379,34.357593984034395,33.13304867816319,220.55392928891393,2026-06-25 04:22:28.166881,0.6240000000000001,0.21400000000000002,5.9549630031650205,28.528912893877976,-34.63892533333333,17.49377683333333
573.3164999999999,4.9644694353096845,34.35682791507291,33.122427235022585,220.6381016397234,2026-06-25 04:22:28.266855,0.6240000000000001,0.21400000000000002,5.954932943863006,28.5234918609961,-34.63892533333333,17.49377683333333
573.4694999999999,4.956173926037115,34.356420887758915,33.11349009178582,220.87485069392244,2026-06-25 04:22:28.366829,0.6209999999999962,0.21400000000000002,5.954893488555061,28.521800896610923,-34.63892533333333,17.49377683333333
573.712,4.950712543137227,34.3561303100444,33.10795551272085,221.0813474777892,2026-06-25 04:22:28.441810,0.6240000000000001,0.21400000000000002,5.954870941423705,28.569067555907314,-34.63892533333333,17.49377683333333
573.934,4.947499549803841,34.35594460778749,33.10490864360226,221.10791025607844,2026-06-25 04:22:28.491797,0.6180000000000001,0.21400000000000002,5.954863425456522,28.622614937792253,-34.63892533333333,17.49377683333333
574.041,4.942254374976856,34.35559372211344,33.100377239481475,221.47181922365317,2026-06-25 04:22:28.591770,0.618888888888893,0.21400000000000002,5.954834891606669,28.648423811043124,-34.63892533333333,17.49377683333333
574.212,4.936662442850543,34.3551093460344,33.0961606158786,221.55203290323993,2026-06-25 04:22:28.741731,0.6240000000000001,0.21600000000000003,5.9547845012740135,28.689669767359888,-34.63892533333333,17.49377683333333
574.4555,4.936171576663881,34.355041872528446,33.0958730982269,221.55171607867206,2026-06-25 04:22:28.766725,0.6240000000000001,0.21400000000000002,5.954790139026454,28.747530177063265,-34.63892533333333,17.49377683333333
574.605,4.93419659052757,34.35482329847228,33.09454994320262,221.5729454327249,2026-06-25 04:22:28.841705,0.6240000000000001,0.21400000000000002,5.954780742682282,28.731392775301227,-34.63892533333333,17.49377683333333
574.758,4.9320220722004064,34.35455693375828,33.09308518090611,221.89074701504455,2026-06-25 04:22:28.941679,0.6180000000000001,0.21400000000000002,5.9547845012740135,28.71487757483573,-34.63892533333333,17.49377683333333
575.0373333333333,4.930028575150885,34.35432265588061,33.09144988702682,221.91281152511053,2026-06-25 04:22:29.041653,0.6240000000000001,0.21400000000000002,5.954775731136533,28.684725640216815,-34.63892533333333,17.49377683333333
575.483,4.927989664246075,34.354015973106684,33.08947408988196,221.94529402680848,2026-06-25 04:22:29.141627,0.6180000000000001,0.21400000000000002,5.954758190564217,28.636619271976368,-34.63892533333333,17.49377683333333
575.3,4.926921805560989,34.3541107191293,33.08828588575018,221.948990759562,2026-06-25 04:22:29.191614,0.6180000000000001,0.21600000000000003,5.954758190564217,28.656372747042937,-34.63892533333333,17.49377683333333
575.6273333333334,4.92485268640263,34.35384899804751,33.08576849397267,221.96354995021727,2026-06-25 04:22:29.291588,0.6238028169014069,0.21400000000000002,5.954758190564217,28.621039573062287,-34.63892533333333,17.49377683333333
575.8245,4.922787011832269,34.35367405313875,33.08317332753046,222.14905924309306,2026-06-25 04:22:29.416555,0.6180000000000001,0.21600000000000003,5.9547393963755555,28.63093046788469,-34.63892533333333,17.49377683333333
576.079,4.922014046979549,34.353589303315346,33.08232300828766,222.3318176077857,2026-06-25 04:22:29.491536,0.6240000000000001,0.21400000000000002,5.95471684248674,28.66519972585426,-34.63892533333333,17.49377683333333
576.183,4.9216885816408205,34.353541747331846,33.08211717414963,222.33825840065143,2026-06-25 04:22:29.541523,0.6180000000000001,0.21400000000000002,5.954713083408391,28.679203666242618,-34.63892533333333,17.49377683333333
576.4966666666668,4.921349167378826,34.35346882789397,33.082376222780304,222.33532395455262,2026-06-25 04:22:29.641497,0.6180000000000001,0.21439080459769852,5.954721336060038,28.704996775582188,-34.63892533333333,17.49377683333333
576.6825,4.921187506665909,34.353410632108776,33.08324665453028,222.33519374248417,2026-06-25 04:22:29.766464,0.6180000000000001,0.21400000000000002,5.954724360562329,28.664540933745094,-34.63892533333333,17.49377683333333
577.0313333333334,4.921161237263484,34.353410632108776,33.0843246573075,222.34201383428433,2026-06-25 04:22:29.891432,0.6180000000000001,0.21421367521367513,5.954721003143211,28.588600057543214,-34.63892533333333,17.49377683333333
577.3,4.9212381582623035,34.353410632108776,33.08525550366683,222.34103198976965,2026-06-25 04:22:29.991406,0.6180000000000001,0.21600000000000003,5.954724360562329,28.53011143239396,-34.63892533333333,17.49377683333333
577.373,4.921398976461051,34.353426120118314,33.08581052606348,222.02496135197097,2026-06-25 04:22:30.041393,0.6180000000000001,0.21400000000000002,5.954731878529772,28.514219361788864,-34.63892533333333,17.49377683333333
577.602,4.922152781604216,34.35347852960114,33.087265639230964,222.0376089849604,2026-06-25 04:22:30.141367,0.6240000000000001,0.21400000000000002,5.95471684248674,28.464366154000356,-34.63892533333333,17.49377683333333
577.8240000000001,4.923180829913795,34.353529789316326,33.08870765255386,222.02485515840792,2026-06-25 04:22:30.203850,0.6191666666666562,0.21561111111111464,5.953965996150489,28.423036980050455,-34.63892533333333,17.49377683333333
578.1595,4.92632392545482,34.353682850405825,33.09319191945507,222.32400294475204,2026-06-25 04:22:30.366308,0.6240000000000001,0.21400000000000002,5.954722481050191,28.430983104750652,-34.63892533333333,17.49377683333333
578.4549999999999,4.929049580212498,34.35384655268976,33.09749792133576,221.83868283666263,2026-06-25 04:22:30.491275,0.6240000000000001,0.21400000000000002,5.952777770940822,28.437981852437414,-34.63892533333333,17.49377683333333
578.6769999999999,4.929890698280601,34.353920423770816,33.09890766778399,221.83090150374258,2026-06-25 04:22:30.541262,0.6240000000000001,0.21400000000000002,5.954739396335003,28.443239794861988,-34.63892533333333,17.49377683333333
578.8945,4.930861468007745,34.35412529906475,33.10064692500623,221.6609078090667,2026-06-25 04:22:30.666230,0.6240000000000001,0.21400000000000002,5.954752552379259,28.44598250681036,-34.63892533333333,17.49377683333333
579.1145,4.929726062664932,34.35431230588826,33.09906747767842,221.65797290938337,2026-06-25 04:22:30.766204,0.6240000000000001,0.21400000000000002,5.95476382868159,28.44820771067338,-34.63892533333333,17.49377683333333
579.388,4.925994182933524,34.35457078061832,33.09391103397267,221.36328145967963,2026-06-25 04:22:30.891171,0.6240000000000001,0.21400000000000002,5.950861448566742,28.450974043657627,-34.63892533333333,17.49377683333333
579.5823333333334,4.924535353671627,34.354647525248346,33.09194556217877,221.5928962681081,2026-06-25 04:22:30.924496,0.6240000000000001,0.21400000000000002,5.954766003648208,28.452939640403294,-34.63892533333333,17.49377683333333
579.8803333333334,4.917924773063678,34.35503961396463,33.08312055083194,221.6707895108624,2026-06-25 04:22:31.091119,0.6240000000000001,0.21400000000000002,5.9520511227035415,28.45595378018138,-34.63892533333333,17.49377683333333
580.0969999999999,4.913900653621229,34.35542827708847,33.07843534526546,221.58834539566215,2026-06-25 04:22:31.241080,0.6240000000000001,0.21400000000000002,5.951874759881619,28.439991613921116,-34.63892533333333,17.49377683333333
580.287,4.912664719164045,34.35570230758523,33.077875974535786,221.84236779137558,2026-06-25 04:22:31.341054,0.6240000000000001,0.21400000000000002,5.954675491137809,28.421975840815577,-34.63892533333333,17.49377683333333
580.4169999999999,4.9124262164359696,34.35606210021896,33.07976484053866,221.67778083099176,2026-06-25 04:22:31.466021,0.6240000000000001,0.21400000000000002,5.954688648709658,28.40964925921707,-34.63892533333333,17.49377683333333
580.6385,4.9123550773936255,34.35606451389792,33.07964068866707,221.6803381541395,2026-06-25 04:22:31.466021,0.6240000000000001,0.21400000000000002,5.95077655535622,28.39258942777928,-34.63892533333333,17.49377683333333
580.818,4.9124939393511005,34.3564363737742,33.082169478732204,221.8293681335702,2026-06-25 04:22:31.590989,0.6240000000000001,0.21400000000000002,5.950782215334176,28.384360899386262,-34.63892533333333,17.49377683333333
581.0055,4.912600428819008,34.35666754479544,33.083420481648616,221.6799612512845,2026-06-25 04:22:31.665969,0.6210000000000001,0.21400000000000002,5.952734485197546,28.3757656399228,-34.63892533333333,17.49377683333333
581.2695,4.912558382799423,34.3571408229335,33.08455583376852,221.52992391607017,2026-06-25 04:22:31.815930,0.6240000000000001,0.21400000000000002,5.95273259852918,28.363663514598247,-34.63892533333333,17.49377683333333
581.4446666666666,4.91234755053859,34.3572761464479,33.08420011124726,221.61655783901432,2026-06-25 04:22:31.857586,0.6222291666666685,0.21400000000000002,5.951938370141208,28.355633632201716,-34.63892533333333,17.49377683333333
581.683,4.9117894299347515,34.35770733188941,33.08342603147133,221.53180658703874,2026-06-25 04:22:31.990884,0.6240000000000001,0.21400000000000002,5.9546942876110815,28.344708102394826,-34.63892533333333,17.49377683333333
581.7570000000001,4.911376265816186,34.35795343708108,33.08250582703921,221.53615234044887,2026-06-25 04:22:32.065865,0.6180000000000001,0.21400000000000002,5.950780328679381,28.36326251323592,-34.63892533333333,17.49377683333333
582.013,4.910912367873557,34.35836574427654,33.081115925552034,221.55312589551707,2026-06-25 04:22:32.190832,0.6180000000000001,0.21400000000000002,5.954679250486542,28.427450745334774,-34.63892533333333,17.49377683333333
582.2457499999999,4.910935882810071,34.35857235962169,33.080857394123356,221.556898269902,2026-06-25 04:22:32.253316,0.6240000000000001,0.21400000000000002,5.950765122002218,28.485809382135567,-34.63892533333333,17.49377683333333
582.494,4.911870961031873,34.35919035554811,33.08148187383766,221.5425674000419,2026-06-25 04:22:32.440767,0.6180000000000001,0.21400000000000002,5.95273259852918,28.548054415801772,-34.63892533333333,17.49377683333333
582.651,4.9135231455577655,34.359517460415894,33.0834463291407,221.53671054936032,2026-06-25 04:22:32.540741,0.6240000000000001,0.21400000000000002,5.950774668687854,28.561022519773996,-34.63892533333333,17.49377683333333
582.8566666666667,4.915858687157095,34.35967743626238,33.08607230814882,221.52121412406524,2026-06-25 04:22:32.590728,0.6192478632478614,0.21400000000000002,5.953878311437413,28.574625011121533,-34.63892533333333,17.49377683333333
583.0533333333333,4.921396064109968,34.36010408245688,33.09217588116921,221.49405561785065,2026-06-25 04:22:32.724027,0.6180000000000001,0.21208333333333323,5.950779070902732,28.587632255683996,-34.63892533333333,17.49377683333333
583.352,4.924507376034997,34.36077985690479,33.0956165401422,221.48018029635597,2026-06-25 04:22:32.790676,0.6240000000000001,0.21400000000000002,5.9507784420245855,28.60738563047717,-34.63892533333333,17.49377683333333
583.331,4.93427411325892,34.360317055834,33.10572010638705,221.37872242960162,2026-06-25 04:22:32.940637,0.6240000000000001,0.21400000000000002,5.95083126588924,28.60599672131203,-34.63892533333333,17.49377683333333
583.6366666666667,4.937687443359901,34.36092801853646,33.10934163437626,221.31241680329714,2026-06-25 04:22:32.990624,0.6240000000000001,0.21228464419475598,5.950838274754025,28.622687673284684,-34.63892533333333,17.49377683333333
583.8715,4.944327126621763,34.36122510734772,33.11652416504112,221.15813735769134,2026-06-25 04:22:33.090598,0.6240000000000001,0.21400000000000002,5.952806018569579,28.62521585934877,-34.63892533333333,17.49377683333333
584.018,4.950217440074552,34.361513206294575,33.12381768758915,220.9314427995821,2026-06-25 04:22:33.190572,0.6240000000000001,0.21400000000000002,5.950895402003216,28.626793059881297,-34.63892533333333,17.49377683333333
584.277,4.953652430753435,34.36172212835802,33.12883864988194,220.89045915393814,2026-06-25 04:22:33.265552,0.6240000000000001,0.21200000000000002,5.952877570490116,28.628400934720638,-34.63892533333333,17.49377683333333
584.38,4.956446262723672,34.36192616501744,33.13321243153891,220.56637941476518,2026-06-25 04:22:33.340533,0.6180000000000001,0.21400000000000002,5.950925580990724,28.62751653923335,-34.63892533333333,17.49377683333333
584.6800000000001,4.959014090074694,34.3621874636152,33.13738446886305,220.54469224875825,2026-06-25 04:22:33.440507,0.6180000000000001,0.2130000000000026,5.950936897609153,28.62494063004708,-34.63892533333333,17.49377683333333
584.8454999999999,4.960704413428962,34.362435044824124,33.14002398989271,220.36974298872047,2026-06-25 04:22:33.540481,0.6180000000000001,0.21299999999999936,5.950951986058465,28.62351958681266,-34.63892533333333,17.49377683333333
585.0405000000001,4.96229855633165,34.362675441069165,33.14242812466409,220.199197712777,2026-06-25 04:22:33.640454,0.6180000000000001,0.21200000000000002,5.950963302229297,28.621845245841584,-34.63892533333333,17.49377683333333
585.2125,4.962325850318734,34.36267981797748,33.14226498318632,220.2096859243062,2026-06-25 04:22:33.640454,0.6180000000000001,0.21400000000000002,5.95095387218414,28.620368391241456,-34.63892533333333,17.49377683333333
585.5125,4.964908371401574,34.36307365262677,33.14503581208559,220.05470165101065,2026-06-25 04:22:33.815409,0.6180000000000001,0.21200000000000002,5.950944441962662,28.617792482055187,-34.63892533333333,17.49377683333333
585.6415,4.9662345025613845,34.363281373807055,33.145942990826796,219.8780820997282,2026-06-25 04:22:33.915383,0.6180000000000001,0.21400000000000002,5.950963302066543,28.61668484110509,-34.63892533333333,17.49377683333333
586.01675,4.966522872708574,34.36356801400742,33.14537615588135,219.55342157282996,2026-06-25 04:22:34.065344,0.6180000000000001,0.21200000000000002,5.950985879765008,28.613462808031265,-34.63892533333333,17.49377683333333
586.331,4.964961013460261,34.363788480404025,33.142879934898545,219.26685427997222,2026-06-25 04:22:34.190311,0.6180000000000001,0.21400000000000002,5.950978390041143,28.61076454315865,-34.63892533333333,17.49377683333333
586.5123333333333,4.9614003875949555,34.36394793810313,33.13876875790822,219.29398266203876,2026-06-25 04:22:34.290285,0.6180000000000001,0.21206666666666896,5.950970971947457,28.609207549161614,-34.63892533333333,17.49377683333333
586.9216666666667,4.949741091944948,34.36420588616736,33.12708063044076,219.24766536071016,2026-06-25 04:22:34.473571,0.6180000000000001,0.21400000000000002,5.950980904613159,28.605692864183013,-34.63892533333333,17.49377683333333
587.0550000000001,4.9424869733789745,34.36432180612219,33.120000386343705,218.9662952233318,2026-06-25 04:22:34.565213,0.6240000000000001,0.21400000000000002,5.950944440335031,28.604548015655784,-34.63892533333333,17.49377683333333
587.3,4.935949374933397,34.36440543468409,33.113769202689156,219.02045273041665,2026-06-25 04:22:34.640194,0.6240000000000001,0.21400000000000002,5.950925579349441,28.602444356487,-34.63892533333333,17.49377683333333
587.505,4.931679094786315,34.36446523057183,33.109575380981546,218.91046783329003,2026-06-25 04:22:34.690181,0.6240000000000001,0.21400000000000002,5.950906719327006,28.60068415187638,-34.63892533333333,17.49377683333333
587.574,4.91763643202596,34.36460673372761,33.09684948207388,219.06964798541355,2026-06-25 04:22:34.840142,0.6240000000000001,0.21400000000000002,5.950816173899236,28.600091692763538,-34.63892533333333,17.49377683333333
587.9045,4.917546845393312,34.36460820431687,33.09681389637977,219.05551924217644,2026-06-25 04:22:34.840142,0.6180000000000001,0.21400000000000002,5.9508350383304585,28.597253899476666,-34.63892533333333,17.49377683333333
587.969,4.907503055567519,34.364688763949054,33.088088278409174,219.10488187487866,2026-06-25 04:22:34.940116,0.6240000000000001,0.21400000000000002,5.950838811721425,28.596700079001614,-34.63892533333333,17.49377683333333
588.24375,4.895343850775731,34.36477159597199,33.076746632809126,219.1902332004321,2026-06-25 04:22:35.065083,0.6216249999999938,0.21400000000000002,5.950818374789569,28.59434097550519,-34.63892533333333,17.49377683333333
588.683,4.885115930155198,34.364862650886884,33.065865359635964,219.06698574023278,2026-06-25 04:22:35.190051,0.6240000000000001,0.21400000000000002,5.950687874451722,28.590569415138294,-34.63892533333333,17.49377683333333
588.497,4.8819513917412705,34.36484051586271,33.062051780182536,219.10311390645802,2026-06-25 04:22:35.240038,0.6180000000000001,0.21400000000000002,5.950665230115426,28.592166478833782,-34.63892533333333,17.49377683333333
588.8365,4.877849793947754,34.364890574040835,33.057126222670846,219.1455932625768,2026-06-25 04:22:35.315018,0.6180000000000001,0.21400000000000002,5.950646359075014,28.58925140827132,-34.63892533333333,17.49377683333333
589.0575,4.873109904959388,34.36491919875613,33.051828651984486,219.14572926907394,2026-06-25 04:22:35.414992,0.6240000000000001,0.21400000000000002,5.95067466534378,28.587353821837436,-34.63892533333333,17.49377683333333
589.1665,4.8691433305881535,34.36493776357666,33.047802688668234,219.4968159749241,2026-06-25 04:22:35.514966,0.6240000000000001,0.21400000000000002,5.950648246218423,28.586417908166425,-34.63892533333333,17.49377683333333
589.426,4.86674905547028,34.36493983243672,33.045424259959255,219.52437420932318,2026-06-25 04:22:35.589946,0.6240000000000001,0.21400000000000002,5.950635036146686,28.584189746720302,-34.63892533333333,17.49377683333333
589.653,4.865480011849782,34.36494209922118,33.04412156849574,219.54751480986303,2026-06-25 04:22:35.639933,0.6240000000000001,0.21400000000000002,5.950619938510696,28.58224064210269,-34.63892533333333,17.49377683333333
589.832,4.862973742886807,34.36494209922118,33.041720924666365,219.58738766816023,2026-06-25 04:22:35.764901,0.6240000000000001,0.21400000000000002,5.950593516548029,28.580703682954884,-34.63892533333333,17.49377683333333
589.963,4.862952053408971,34.36493983243672,33.04160298510698,219.5977148879609,2026-06-25 04:22:35.764901,0.6240000000000001,0.21400000000000002,5.950584079853492,28.57957886927688,-34.63892533333333,17.49377683333333
590.2866666666667,4.859433371280105,34.36490540057269,33.03908338315192,219.6002194342529,2026-06-25 04:22:35.956517,0.6240000000000001,0.21400000000000002,5.950604291973016,28.576799749477026,-34.63892533333333,17.49377683333333
590.4345000000001,4.856803372284515,34.36485369859817,33.03800488856106,219.63643106509232,2026-06-25 04:22:36.114809,0.6240000000000001,0.21400000000000002,5.950582192506438,28.57553039867246,-34.63892533333333,17.49377683333333
590.597,4.85677602477096,34.364847473067016,33.03773678710555,219.65425111988935,2026-06-25 04:22:36.114809,0.6240000000000001,0.21400000000000002,5.950565205907735,28.574135114529895,-34.63892533333333,17.49377683333333
591.111,4.854821386013027,34.36479627815292,33.037358433970255,219.6642241810275,2026-06-25 04:22:36.239777,0.6240000000000001,0.21400000000000002,5.950570868071095,28.56972172345742,-34.63892533333333,17.49377683333333
591.181,4.853449505320108,34.36474283572616,33.037369059106865,219.65787761604096,2026-06-25 04:22:36.339751,0.6240000000000001,0.21400000000000002,5.950585967241278,28.597453034088353,-34.63892533333333,17.49377683333333
591.4083333333333,4.852490679234091,34.36467977552155,33.03768949748306,219.71479051744765,2026-06-25 04:22:36.439725,0.6240000000000001,0.21400000000000002,5.950533608033857,28.7028492166019,-34.63892533333333,17.49377683333333
591.694,4.851436291000976,34.36455217792889,33.03847345298545,219.86381035661486,2026-06-25 04:22:36.614679,0.6240000000000001,0.21200000000000002,5.950546331310221,28.825377567669634,-34.63892533333333,17.49377683333333
591.8913333333334,4.851406457564983,34.36451568979397,33.03859515687995,219.70802084860833,2026-06-25 04:22:36.656335,0.6240000000000001,0.21400000000000002,5.950551993772306,28.801804664868094,-34.63892533333333,17.49377683333333
592.3215,4.851261142661887,34.36435235930312,33.03922614861169,219.8765194306924,2026-06-25 04:22:36.839621,0.6240000000000001,0.21200000000000002,5.950540668780242,28.750418125906315,-34.63892533333333,17.49377683333333
592.44525,4.85126258800456,34.364237311082874,33.03959184221219,219.977213421763,2026-06-25 04:22:36.952091,0.6240000000000001,0.21400000000000002,5.950537588698537,28.73563528778965,-34.63892533333333,17.49377683333333
592.724,4.850921678426547,34.364087195918415,33.03975826874305,219.72290075654058,2026-06-25 04:22:37.089555,0.6240000000000001,0.21200000000000002,5.950548218806635,28.70233657162785,-34.63892533333333,17.49377683333333
593.027,4.850542259172505,34.36393635100507,33.039563107614626,219.72449611166172,2026-06-25 04:22:37.139542,0.6240000000000001,0.21400000000000002,5.950551993772306,28.752500653096792,-34.63892533333333,17.49377683333333
592.8555,4.849708520293193,34.36402835109537,33.03896853409754,219.73062935379758,2026-06-25 04:22:37.214523,0.6240000000000001,0.21300000000000002,5.950548218806635,28.724107451869315,-34.63892533333333,17.49377683333333
593.168,4.848652408370998,34.363840625406986,33.03809852781046,219.43478312357357,2026-06-25 04:22:37.289503,0.6240000000000001,0.21400000000000002,5.950548218806635,28.775844334572433,-34.63892533333333,17.49377683333333
593.5033333333333,4.8466587908906655,34.36368161444517,33.036327481903314,219.458243850028,2026-06-25 04:22:37.406140,0.6240000000000001,0.2123333333333299,5.950538152068566,28.8278648575105,-34.63892533333333,17.49377683333333
593.6716666666666,4.844517691679572,34.36351398428738,33.034502327447825,219.4772075241546,2026-06-25 04:22:37.522776,0.6240000000000001,0.21338067061143917,5.950531949656733,28.82362863401289,-34.63892533333333,17.49377683333333
593.819,4.841917365260855,34.36329819524374,33.03250046129202,219.50396987334577,2026-06-25 04:22:37.664406,0.6240000000000001,0.21300000000000002,5.950519905695035,28.81992088988231,-34.63892533333333,17.49377683333333
594.029,4.840722563484626,34.36317763598996,33.031674349498324,219.51066689008508,2026-06-25 04:22:37.739386,0.6240000000000001,0.21200000000000002,5.950521793286506,28.81463609621202,-34.63892533333333,17.49377683333333
594.313,4.840084203548125,34.36309486135136,33.031234669705476,219.21609929484617,2026-06-25 04:22:37.789373,0.6240000000000001,0.21400000000000002,5.950518018103565,28.807489041915062,-34.63892533333333,17.49377683333333
594.3686666666666,4.839240650502528,34.3628934362792,33.03053690180275,219.52100863537643,2026-06-25 04:22:37.906009,0.6240000000000001,0.21400000000000002,5.950503150142882,28.806088152164367,-34.63892533333333,17.49377683333333
594.665,4.838970834606679,34.36274518164754,33.03018853388241,219.24548427956324,2026-06-25 04:22:37.989321,0.6240000000000001,0.21299999999999564,5.950497254108492,28.8313789311136,-34.63892533333333,17.49377683333333
595.0746666666666,4.839560013116767,34.362399742952526,33.030087177670296,219.25217913490476,2026-06-25 04:22:38.172606,0.6240000000000001,0.21202116402116475,5.950491670964256,28.870574370862535,-34.63892533333333,17.49377683333333
595.367,4.839602243829104,34.36217091089222,33.03001774479659,219.2409510856779,2026-06-25 04:22:38.189269,0.6240000000000001,0.21400000000000002,5.950506692391777,28.89854377742056,-34.63892533333333,17.49377683333333
595.2684999999999,4.840289146747067,34.36236971516685,33.03037045263706,219.2503744124981,2026-06-25 04:22:38.289243,0.6240000000000001,0.21299999999999927,5.948535013118888,28.889119650125345,-34.63892533333333,17.49377683333333
595.669,4.8409736011353806,34.36186228309296,33.03134698419673,219.2389603311143,2026-06-25 04:22:38.439204,0.6240000000000001,0.21300000000000002,5.948548233759272,28.927438056031246,-34.63892533333333,17.49377683333333
595.844,4.841035233948822,34.36161183797998,33.03256170866237,219.22822783562762,2026-06-25 04:22:38.555840,0.6240000000000001,0.21400000000000002,5.9466049607512295,28.911640605196876,-34.63892533333333,17.49377683333333
596.0285,4.841025331339415,34.361484950664654,33.033179811616094,219.38603040545397,2026-06-25 04:22:38.614158,0.6210000000000001,0.21300000000000002,5.948557707179244,28.886408746938418,-34.63892533333333,17.49377683333333
596.389,4.840826937573519,34.36120755036719,33.034531332017266,219.2601927001066,2026-06-25 04:22:38.739125,0.6180000000000001,0.21400000000000002,5.950491591062468,28.837107473755893,-34.63892533333333,17.49377683333333
596.6539999999999,4.839239799203768,34.360862349917554,33.034452833910635,219.2777598091148,2026-06-25 04:22:38.889086,0.6180000000000001,0.213923076923083,5.950334553385495,28.815390922399647,-34.63892533333333,17.49377683333333
597.0426666666667,4.833249742898246,34.36039057697669,33.02959397691581,218.99392316348766,2026-06-25 04:22:39.089034,0.6180000000000001,0.21400000000000002,5.946588467712513,28.863043391196403,-34.63892533333333,17.49377683333333
597.2249999999999,4.82601450339987,34.36008927331114,33.02208087829078,218.8897791642122,2026-06-25 04:22:39.214002,0.6180000000000001,0.21400000000000002,5.950493478749003,28.885398365837734,-34.63892533333333,17.49377683333333
597.623,4.820594928748545,34.359784523739066,33.01607217990906,218.77589951743937,2026-06-25 04:22:39.288982,0.6180000000000001,0.21400000000000002,5.946574645698263,28.93419514777883,-34.63892533333333,17.49377683333333
597.539,4.8166953167889694,34.35990677249322,33.01164980149138,218.8166217498506,2026-06-25 04:22:39.338969,0.6180000000000001,0.21200000000000002,5.946551908263462,28.9238963294797,-34.63892533333333,17.49377683333333
597.818,4.8087057936744095,34.35953905068198,33.00262323391812,218.89574194913803,2026-06-25 04:22:39.438943,0.6180000000000001,0.21379310344827684,5.946515578580572,28.90199571580781,-34.63892533333333,17.49377683333333
598.0706666666667,4.797470115458996,34.359169988089825,32.990438528853424,218.99198095221504,2026-06-25 04:22:39.588904,0.6180000000000001,0.21263768115941933,5.9464788561916295,28.860274058655587,-34.63892533333333,17.49377683333333
598.254,4.791029544644797,34.35892419973314,32.983819166054886,219.06959264454053,2026-06-25 04:22:39.688878,0.6180000000000001,0.21200000000000002,5.946434415878731,28.83000108842642,-34.63892533333333,17.49377683333333
598.569,4.7868946377277775,34.35874063270199,32.97976318013171,219.1266485582837,2026-06-25 04:22:39.763858,0.6180000000000001,0.21400000000000002,5.9464003002773165,28.78175239023941,-34.63892533333333,17.49377683333333
598.8206,4.77805109521947,34.35829352525083,32.971541924071744,219.1835086525059,2026-06-25 04:22:39.948810,0.6180000000000001,0.21268235294117924,5.946392361509777,28.858640296849018,-34.63892533333333,17.49377683333333
599.2733333333334,4.769002040684794,34.357727271065656,32.96365703579446,219.27318732863318,2026-06-25 04:22:40.138761,0.6180000000000001,0.21348039215686465,5.946352988156646,28.93805885306254,-34.63892533333333,17.49377683333333
599.049,4.7666455213918875,34.357844524792654,32.9616682040086,219.2957314786295,2026-06-25 04:22:40.188748,0.6180000000000001,0.21400000000000002,5.946339644863622,28.928438380591576,-34.63892533333333,17.49377683333333
599.592,4.758662746526131,34.35744363484227,32.95472574130839,219.37199800552008,2026-06-25 04:22:40.313715,0.6180000000000001,0.21400000000000002,5.948266392333942,28.95172478423971,-34.63892533333333,17.49377683333333
599.892,4.752594940112127,34.3572774335566,32.94925879909048,219.40697320123596,2026-06-25 04:22:40.388695,0.6180000000000001,0.21200000000000002,5.946309314537764,28.964590200619895,-34.63892533333333,17.49377683333333
600.0306666666667,4.742736393070916,34.35706228335886,32.939854711528504,219.46834618230412,2026-06-25 04:22:40.488669,0.6180000000000001,0.21400000000000002,5.946300811121252,28.970536881968957,-34.63892533333333,17.49377683333333
600.2065,4.729356287265233,34.35680229163991,32.92628413738879,219.5987394604555,2026-06-25 04:22:40.613637,0.6180000000000001,0.21400000000000002,5.946239168203322,28.978077445458453,-34.63892533333333,17.49377683333333
600.45,4.721371727463951,34.35665211261647,32.91790487064315,219.69152406244288,2026-06-25 04:22:40.688617,0.6180000000000001,0.21400000000000002,5.946187975770743,28.98851987508704,-34.63892533333333,17.49377683333333
600.6316666666667,4.710121157789696,34.356430176433435,32.90643858925987,219.80403437843117,2026-06-25 04:22:40.805254,0.6184347826086949,0.21400000000000002,5.94615703187705,28.992870624967455,-34.63892533333333,17.49377683333333
600.8663333333334,4.700017880798333,34.35621900166628,32.89675025547365,220.12079715211038,2026-06-25 04:22:40.921890,0.6240000000000001,0.21400000000000002,5.946099782000313,28.99849067618913,-34.63892533333333,17.49377683333333
601.212,4.691021117956089,34.35601916628353,32.8886936512337,220.26500908964542,2026-06-25 04:22:41.038526,0.6240000000000001,0.21400000000000002,5.946081781423029,29.006769075502874,-34.63892533333333,17.49377683333333
601.3833333333333,4.683786519571542,34.35583757053709,32.88254732536702,220.3355845527398,2026-06-25 04:22:41.155162,0.6232432432432373,0.21400000000000002,5.946049522507357,29.010872351536882,-34.63892533333333,17.49377683333333
601.579,4.679352138942564,34.355714719932436,32.8788357706282,220.54634415205015,2026-06-25 04:22:41.238474,0.6240000000000001,0.21400000000000002,5.9460153989191795,28.979500040441696,-34.63892533333333,17.49377683333333
601.838,4.674512634190835,34.35554534052252,32.874884172200844,220.75643696938397,2026-06-25 04:22:41.363441,0.6240000000000001,0.21400000000000002,5.945985050059447,28.936806977453944,-34.63892533333333,17.49377683333333
602.063,4.67261115446593,34.355423969658844,32.87329904107982,220.7832487716058,2026-06-25 04:22:41.463415,0.6210000000000001,0.21400000000000002,5.94596987490589,28.899718409221343,-34.63892533333333,17.49377683333333
602.2715,4.672250264358157,34.35531476749284,32.87285424831711,221.1245483691456,2026-06-25 04:22:41.563389,0.6210000000000001,0.21400000000000002,5.945937626229766,28.865349669325806,-34.63892533333333,17.49377683333333
602.367,4.673013043284443,34.355195407024176,32.87341024975727,221.10002443737355,2026-06-25 04:22:41.688357,0.6180000000000001,0.21400000000000002,5.945960390243742,28.88191443785656,-34.63892533333333,17.49377683333333
602.6580000000001,4.673719261216673,34.35514687332054,32.874179850565625,220.89845312098242,2026-06-25 04:22:41.750840,0.6222352941176383,0.21400000000000002,5.945943875082667,28.943263769455054,-34.63892533333333,17.49377683333333
602.752,4.675448667889772,34.35504660059338,32.87614113872758,221.0839427825463,2026-06-25 04:22:41.888305,0.6180000000000001,0.21400000000000002,5.945967978011695,28.963081079318435,-34.63892533333333,17.49377683333333
603.213,4.677166443766651,34.35499280083544,32.87830459548101,221.09386585826658,2026-06-25 04:22:41.988279,0.6240000000000001,0.21400000000000002,5.945952802366541,29.045357635706083,-34.63892533333333,17.49377683333333
603.5096666666667,4.679740905632816,34.35493510825733,32.88193596081002,221.05884861915646,2026-06-25 04:22:42.138239,0.6186666666666782,0.21400000000000002,5.945978516391673,29.0194202550287,-34.63892533333333,17.49377683333333
603.6665,4.681398109419987,34.35490899990933,32.88473629132329,221.0472640658984,2026-06-25 04:22:42.263207,0.620999999999997,0.21400000000000002,5.945983153206218,29.00570841501892,-34.63892533333333,17.49377683333333
604.193,4.682398685712302,34.35490899990933,32.886934935016306,221.039945433246,2026-06-25 04:22:42.388174,0.6240000000000001,0.21400000000000002,5.9459907406601005,28.965083472867285,-34.63892533333333,17.49377683333333
604.0506666666666,4.682523873836076,34.35490899990933,32.8873346146888,221.04173737761735,2026-06-25 04:22:42.421499,0.6180000000000001,0.21400000000000002,5.945986680675925,28.97212096419794,-34.63892533333333,17.49377683333333
604.399,4.683114675420641,34.35493165454923,32.88897082639635,221.03634928752737,2026-06-25 04:22:42.563129,0.6210000000000001,0.21400000000000002,5.945992637472367,28.964207857254,-34.63892533333333,17.49377683333333
604.61,4.683527120978949,34.35496515641046,32.889737277081835,221.034391342938,2026-06-25 04:22:42.663103,0.6210000000000001,0.21400000000000002,5.945994534284633,28.963310988834564,-34.63892533333333,17.49377683333333
604.905,4.683994226820487,34.354998271907654,32.890222219425176,220.721084296243,2026-06-25 04:22:42.738083,0.6180000000000001,0.21400000000000002,5.946002121615625,28.96205707327185,-34.63892533333333,17.49377683333333
605.015,4.684434677059133,34.35502457122874,32.890544967919396,220.7269862138059,2026-06-25 04:22:42.788070,0.6180000000000001,0.21400000000000002,5.945994534339251,28.9615895115366,-34.63892533333333,17.49377683333333
605.219,4.685277367804391,34.35507029052322,32.89109396278474,220.72986037640214,2026-06-25 04:22:42.863050,0.6180000000000001,0.21400000000000002,5.945988843806871,28.960722397045775,-34.63892533333333,17.49377683333333
605.4075,4.68658246916576,34.35514158742271,32.89200593193296,220.717523937636,2026-06-25 04:22:42.963024,0.6180000000000001,0.21400000000000002,5.945996431165172,28.9930018920705,-34.63892533333333,17.49377683333333
605.6685,4.6879138058198455,34.35522512379218,32.89320528671922,220.7039459575416,2026-06-25 04:22:43.062998,0.6180000000000001,0.21400000000000002,5.946005915199196,29.039202465113448,-34.63892533333333,17.49377683333333
605.799,4.688861567482878,34.35529531811197,32.89431838396782,220.68933744325878,2026-06-25 04:22:43.137979,0.6180000000000001,0.21400000000000002,5.946017295840675,29.06230275163492,-34.63892533333333,17.49377683333333
606.0553333333334,4.689979056564494,34.35540077532382,32.89602875911382,220.6860945422341,2026-06-25 04:22:43.237953,0.6180000000000001,0.21400000000000002,5.9460169797144,29.107677260792055,-34.63892533333333,17.49377683333333
606.291,4.690899622817277,34.35551597055422,32.89768386416983,220.68307537759506,2026-06-25 04:22:43.337927,0.6180000000000001,0.21400000000000002,5.946017295840675,29.14939348702625,-34.63892533333333,17.49377683333333
606.502,4.69123538021672,34.35557837324496,32.89836822086337,220.6760930831953,2026-06-25 04:22:43.387914,0.6180000000000001,0.21400000000000002,5.946024882789355,29.1209089341675,-34.63892533333333,17.49377683333333
606.6397499999999,4.691671035612746,34.35574851211887,32.89943437413409,220.5305834624318,2026-06-25 04:22:43.512881,0.6180000000000001,0.21400000000000002,5.946028379134043,29.102312976080793,-34.63892533333333,17.49377683333333
606.8525,4.691770877199874,34.355972123263015,32.899916170387186,220.36477116825833,2026-06-25 04:22:43.662842,0.6180000000000001,0.21400000000000002,5.946030572925772,29.073592176930543,-34.63892533333333,17.49377683333333
607.203,4.691433477960952,34.35626513243095,32.899713382935765,220.0694136171526,2026-06-25 04:22:43.837796,0.6180000000000001,0.21400000000000002,5.946024882789355,29.02627541969359,-34.63892533333333,17.49377683333333
607.4504,4.6912525766410855,34.35632321977181,32.899676319403184,220.3733005159751,2026-06-25 04:22:43.867789,0.6180000000000001,0.21400000000000002,5.946025002132897,28.964313461495642,-34.63892533333333,17.49377683333333
607.917,4.690412144139014,34.35669006057351,32.899535727236156,220.07935150347745,2026-06-25 04:22:44.062738,0.6180000000000001,0.21400000000000002,5.946026779478739,28.73759223501615,-34.63892533333333,17.49377683333333
607.948,4.690129764617578,34.356842886639384,32.89964915985535,220.08628961104364,2026-06-25 04:22:44.137718,0.6240000000000001,0.21400000000000002,5.946021089328668,28.72252931598304,-34.63892533333333,17.49377683333333
608.197,4.6899034516820155,34.35705597544859,32.89994512323356,220.08960052558558,2026-06-25 04:22:44.237692,0.6210000000000001,0.21400000000000002,5.946021089328668,28.601540063103936,-34.63892533333333,17.49377683333333
608.408,4.689879419552837,34.35705723475437,32.899934774001565,220.09537178707563,2026-06-25 04:22:44.237692,0.6240000000000001,0.21400000000000002,5.946017295840675,28.69598940473216,-34.63892533333333,17.49377683333333
608.6556666666667,4.6899891149059,34.3574354069257,32.90058382586545,219.7809324227164,2026-06-25 04:22:44.404315,0.6238181818181803,0.21400000000000002,5.946028561270208,28.88054793138851,-34.63892533333333,17.49377683333333
608.778,4.690270407953839,34.35763384462584,32.9009370171251,219.79098081416097,2026-06-25 04:22:44.487627,0.6209999999999894,0.21400000000000002,5.946017295827021,28.971709410907888,-34.63892533333333,17.49377683333333
609.033,4.690955203663641,34.35794450448722,32.90148299886729,219.7858331092096,2026-06-25 04:22:44.612594,0.6180000000000001,0.21400000000000002,5.946021089315015,29.16173265840737,-34.63892533333333,17.49377683333333
609.205,4.691428302701088,34.358138547702126,32.901814193013635,219.4836781505304,2026-06-25 04:22:44.687575,0.6180000000000001,0.21400000000000002,5.946017295840675,29.289905201818808,-34.63892533333333,17.49377683333333
609.473,4.691997429352731,34.35840711011567,32.90225256233171,219.4694489018209,2026-06-25 04:22:44.787549,0.619399999999991,0.21400000000000002,5.946031584500726,29.274012688183035,-34.63892533333333,17.49377683333333
609.8045,4.692591206949388,34.35897125869465,32.902792387275454,219.4732569208575,2026-06-25 04:22:44.912516,0.6180000000000001,0.21400000000000002,5.946026779506045,29.254354597622363,-34.63892533333333,17.49377683333333
609.71,4.692887894145857,34.35875509702029,32.90309465349969,219.46573781279074,2026-06-25 04:22:44.987497,0.6180000000000001,0.21400000000000002,5.946032469628809,29.25995848769169,-34.63892533333333,17.49377683333333
610.0285,4.693181725915798,34.359193565932166,32.90333941435047,219.4648672137806,2026-06-25 04:22:45.062477,0.6240000000000001,0.21300000000000002,5.946034366318193,29.241071302643203,-34.63892533333333,17.49377683333333
610.166,4.693690958465421,34.35957556478018,32.90354294978687,219.46832993441913,2026-06-25 04:22:45.187445,0.6240000000000001,0.21400000000000002,5.946028676222735,29.23291749434126,-34.63892533333333,17.49377683333333
610.425,4.693801944947944,34.35968203407991,32.90351421517406,219.46776763425692,2026-06-25 04:22:45.220769,0.6240000000000001,0.21265714285714094,5.946031169023469,29.21755868452162,-34.63892533333333,17.49377683333333
610.6605,4.694254490920122,34.360219332879325,32.903515880104564,219.31002276221147,2026-06-25 04:22:45.387392,0.6240000000000001,0.21300000000000002,5.946036262993925,29.2035934346663,-34.63892533333333,17.49377683333333
610.802,4.694267144265183,34.36022057081995,32.9034815043401,219.1556851318843,2026-06-25 04:22:45.387392,0.6240000000000001,0.21400000000000002,5.946040056359039,29.195202424668302,-34.63892533333333,17.49377683333333
611.1733333333333,4.694481710426435,34.361079755452096,32.90400759276433,219.36353295583962,2026-06-25 04:22:45.537353,0.6240000000000001,0.21200000000000002,5.946041258614783,29.17318220055107,-34.63892533333333,17.49377683333333
611.06,4.694713271160181,34.36072897283706,32.904726191408585,219.15510908709885,2026-06-25 04:22:45.637327,0.6240000000000001,0.21400000000000002,5.946040056359039,29.17990291527267,-34.63892533333333,17.49377683333333
611.452,4.694890696808207,34.361259282413435,32.90518331934621,219.16791690613343,2026-06-25 04:22:45.687314,0.6240000000000001,0.21200000000000002,5.946028676222735,29.156657149059143,-34.63892533333333,17.49377683333333
611.6503333333334,4.695314647908451,34.36162660316537,32.90620869963585,219.15661311723255,2026-06-25 04:22:45.787288,0.6240000000000001,0.21213008130081162,5.945785164440269,29.144895898296344,-34.63892533333333,17.49377683333333
611.8240000000001,4.696045555671471,34.36219531962174,32.9078253291226,219.14805114290516,2026-06-25 04:22:45.937249,0.6240000000000001,0.21299999999999863,5.946045746331622,29.134597391325894,-34.63892533333333,17.49377683333333
612.066,4.696316996360434,34.362389687924946,32.908348882462775,219.15404905021262,2026-06-25 04:22:45.987236,0.6240000000000001,0.21299999999999814,5.946040056345386,29.120246688714488,-34.63892533333333,17.49377683333333
612.279,4.696891080000172,34.36278456649356,32.909352539523596,219.15609900364151,2026-06-25 04:22:46.087210,0.6180000000000001,0.21400000000000002,5.946036263007577,29.10761569839949,-34.63892533333333,17.49377683333333
612.6795,4.697357230829095,34.36339699601,32.91005433884563,219.1423823087045,2026-06-25 04:22:46.162191,0.6180000000000001,0.21400000000000002,5.946051436235941,29.083865878581843,-34.63892533333333,17.49377683333333
612.406,4.697837221785477,34.36308835832982,32.910721167489655,219.14479347749574,2026-06-25 04:22:46.237171,0.6180000000000001,0.21400000000000002,5.946043849683196,29.1000845445497,-34.63892533333333,17.49377683333333
612.814,4.69868988138437,34.36403104076854,32.91180126936332,219.13577243553013,2026-06-25 04:22:46.387132,0.6180000000000001,0.21400000000000002,5.9460514362495935,29.07588997155195,-34.63892533333333,17.49377683333333
613.048,4.698673448731915,34.364032216149944,32.91177212142341,219.13813471488723,2026-06-25 04:22:46.387132,0.6180000000000001,0.21400000000000002,5.944093886513601,29.06201367233265,-34.63892533333333,17.49377683333333
613.1790000000001,4.698625477607794,34.36403574137691,32.91168990540994,219.1414398310848,2026-06-25 04:22:46.387132,0.6180000000000001,0.21400000000000002,5.946049539587516,29.054245316786798,-34.63892533333333,17.49377683333333
613.445,4.699366906053435,34.36490997694418,32.91255138124803,218.8348737037421,2026-06-25 04:22:46.587080,0.6180000000000001,0.21400000000000002,5.946055167307537,29.03847140399905,-34.63892533333333,17.49377683333333
613.628,4.6995018544227225,34.36536195032254,32.91281713062303,218.8302444848571,2026-06-25 04:22:46.687054,0.6180000000000001,0.21400000000000002,5.9460552294918365,29.02761942640447,-34.63892533333333,17.49377683333333
613.8534999999999,4.699529033684618,34.36570753980852,32.91303914552016,218.8246616322615,2026-06-25 04:22:46.762034,0.6180000000000001,0.21400000000000002,5.946062815894408,29.0142471807893,-34.63892533333333,17.49377683333333
614.026,4.699624224238892,34.36629415871977,32.91356765010156,218.83210085828188,2026-06-25 04:22:46.887002,0.6180000000000001,0.21400000000000002,5.9460552294918365,29.00401785764687,-34.63892533333333,17.49377683333333
614.251,4.700048323774806,34.36689273917423,32.91440666386415,218.82584443694554,2026-06-25 04:22:47.011969,0.6180000000000001,0.21400000000000002,5.944103383668898,28.990675262243695,-34.63892533333333,17.49377683333333
614.54,4.700632153772973,34.367257785805464,32.91513695193471,218.82684182931544,2026-06-25 04:22:47.086949,0.6180000000000001,0.21400000000000002,5.946059022706774,28.973537439703623,-34.63892533333333,17.49377683333333
614.6410000000001,4.701551376675454,34.367627515264815,32.916101534465554,218.67798567065864,2026-06-25 04:22:47.161930,0.6180000000000001,0.21400000000000002,5.9460514362495935,28.967548096878193,-34.63892533333333,17.49377683333333
614.8064999999999,4.703198176486703,34.36812643567478,32.917741642728195,218.50797452112536,2026-06-25 04:22:47.261904,0.6240000000000001,0.21400000000000002,5.946062815894408,28.95773387670387,-34.63892533333333,17.49377683333333
615.077,4.704697514997639,34.36850488403293,32.91927059696131,218.5057656750187,2026-06-25 04:22:47.336884,0.6180000000000001,0.21400000000000002,5.946059022706774,28.941693112008053,-34.63892533333333,17.49377683333333
615.3029999999999,4.708244415134896,34.369276058743445,32.923534800721605,218.47042173824454,2026-06-25 04:22:47.486845,0.6180000000000001,0.21400000000000002,5.946078085574327,28.928291216180874,-34.63892533333333,17.49377683333333
615.4145,4.708778618256151,34.36940226785319,32.92406326354164,218.46861862102222,2026-06-25 04:22:47.511839,0.6180000000000001,0.21400000000000002,5.946077988358259,28.921679218903297,-34.63892533333333,17.49377683333333
615.673,4.710668009296217,34.36979196494379,32.92656106334187,218.44646195950372,2026-06-25 04:22:47.586819,0.6240000000000001,0.21400000000000002,5.946093160412573,29.02903491889322,-34.63892533333333,17.49377683333333
615.8885,4.713968591427545,34.37044818867544,32.93108193034203,218.2790373680881,2026-06-25 04:22:47.711787,0.6210000000000001,0.21400000000000002,5.942178201856572,29.124168278511153,-34.63892533333333,17.49377683333333
616.027,4.7167077422896835,34.370978073485915,32.93470805464254,218.09802575564106,2026-06-25 04:22:47.811761,0.6180000000000001,0.21400000000000002,5.94415277026869,29.18530967204751,-34.63892533333333,17.49377683333333
616.291,4.718883258984302,34.37137793159152,32.93738319997038,218.07977963289005,2026-06-25 04:22:47.886741,0.6180000000000001,0.21400000000000002,5.942204850515976,29.30185355575578,-34.63892533333333,17.49377683333333
616.3945,4.7213297515770165,34.37177990057813,32.94015252765372,218.0603399657667,2026-06-25 04:22:47.961721,0.6180000000000001,0.21400000000000002,5.9461272958933185,29.347544055618656,-34.63892533333333,17.49377683333333
616.709,4.726260180020197,34.372453283098274,32.945505835808056,218.03017386566296,2026-06-25 04:22:48.086689,0.623032258064497,0.21400000000000002,5.942219463717541,29.35722088827002,-34.63892533333333,17.49377683333333
616.81,4.730801932778857,34.37299417144548,32.950592564728275,217.70765037814735,2026-06-25 04:22:48.186663,0.6240000000000001,0.21400000000000002,5.942216270953119,29.353670450955136,-34.63892533333333,17.49377683333333
616.967,4.7342403644650695,34.373400980136466,32.954771166532865,217.52575460475174,2026-06-25 04:22:48.261643,0.6180000000000001,0.21400000000000002,5.944188892500666,29.348151454336943,-34.63892533333333,17.49377683333333
617.2230000000001,4.739214258933166,34.374079953488,32.96113833108119,217.25412166855259,2026-06-25 04:22:48.386611,0.6180000000000001,0.21400000000000002,5.942275480507831,29.339152326093267,-34.63892533333333,17.49377683333333
617.4205,4.742979324713945,34.374759051516065,32.96593616598959,216.9691760422716,2026-06-25 04:22:48.511578,0.6180000000000001,0.21400000000000002,5.942298110199955,29.331578215185313,-34.63892533333333,17.49377683333333
617.718,4.744642582695774,34.375166059461314,32.96797401560689,216.6535379595546,2026-06-25 04:22:48.586559,0.6180000000000001,0.21400000000000002,5.942307625573411,29.292220449485505,-34.63892533333333,17.49377683333333
617.843,4.746233729048181,34.37570735976616,32.9699716662623,216.6457149840623,2026-06-25 04:22:48.686533,0.6180000000000001,0.21400000000000002,5.942307625573411,29.275683573141052,-34.63892533333333,17.49377683333333
618.1255,4.747580145764576,34.37638140253958,32.9720139975868,216.32816312209485,2026-06-25 04:22:48.811500,0.6210000000000001,0.21400000000000002,5.942320946800412,29.23831023260258,-34.63892533333333,17.49377683333333
618.292,4.748100360386795,34.37705056353252,32.97366958616786,216.02832280247614,2026-06-25 04:22:48.936467,0.6180000000000001,0.21400000000000002,5.942319043791462,29.216283113311757,-34.63892533333333,17.49377683333333
618.432,4.748006777937428,34.377051024288484,32.973609597737294,216.18167779360093,2026-06-25 04:22:48.936467,0.6210000000000001,0.21400000000000002,5.942317140768816,29.22662998805005,-34.63892533333333,17.49377683333333
618.6195,4.747432946849179,34.37771465820144,32.97449531760577,215.87561527234703,2026-06-25 04:22:49.061435,0.6180000000000001,0.21400000000000002,5.942328558781428,29.271219327966282,-34.63892533333333,17.49377683333333
618.8389999999999,4.744981871508555,34.378500351785235,32.973377443081304,215.44450539687784,2026-06-25 04:22:49.211396,0.6209999999999979,0.21400000000000002,5.942324752804615,29.323418581894863,-34.63892533333333,17.49377683333333
619.0715,4.744827427733066,34.37850172566331,32.97309303799783,215.5898426739159,2026-06-25 04:22:49.211396,0.6180000000000001,0.21400000000000002,5.942332364703458,29.378709363391007,-34.63892533333333,17.49377683333333
619.2365,4.740419182519634,34.37940358167249,32.96905933547849,215.33010902581682,2026-06-25 04:22:49.386350,0.6180000000000001,0.21400000000000002,5.942315237622906,29.41794798251728,-34.63892533333333,17.49377683333333
619.4355,4.738941799715477,34.37965783972072,32.96752982067548,215.20060994217874,2026-06-25 04:22:49.436337,0.6180000000000001,0.21400000000000002,5.942303819432246,29.402291818939272,-34.63892533333333,17.49377683333333
619.6005,4.73433911245041,34.38040997164522,32.96275810889361,214.9338643487186,2026-06-25 04:22:49.586298,0.6180000000000001,0.21500000000000002,5.942296207108828,29.29412969768971,-34.63892533333333,17.49377683333333
619.848,4.732229980235244,34.38077831253459,32.9605229006355,214.95876874357396,2026-06-25 04:22:49.661278,0.6180000000000001,0.21400000000000002,5.942282885087419,29.131886515815367,-34.63892533333333,17.49377683333333
619.9625,4.730232050502705,34.381144601993896,32.95838312006344,214.97659188576495,2026-06-25 04:22:49.736259,0.6180000000000001,0.21400000000000002,5.94227527253115,29.057220561771768,-34.63892533333333,17.49377683333333
620.2265,4.727554771891348,34.381859833933326,32.95538299199918,214.86053197116868,2026-06-25 04:22:49.886220,0.6180000000000001,0.21400000000000002,5.9422562405103925,29.09113865861349,-34.63892533333333,17.49377683333333
620.368,4.727447632369759,34.38186101210284,32.95524778638386,215.00947536059985,2026-06-25 04:22:49.886220,0.6240000000000001,0.21400000000000002,5.942258143779589,29.109318244610108,-34.63892533333333,17.49377683333333
620.614,4.726647689107008,34.38244068683797,32.954505331181444,214.72973848462473,2026-06-25 04:22:50.011187,0.6180000000000001,0.21400000000000002,5.942244820963703,29.140923743939894,-34.63892533333333,17.49377683333333
620.785,4.726801338221332,34.382893400077776,32.95511417695931,214.73167342247126,2026-06-25 04:22:50.111161,0.6180000000000001,0.21400000000000002,5.942242917680808,29.162893420303273,-34.63892533333333,17.49377683333333
621.065,4.727924107895024,34.383549778212384,32.95756872651623,214.57556383089846,2026-06-25 04:22:50.261122,0.6210000000000042,0.21499999999999864,5.9422467242329,29.19886715937784,-34.63892533333333,17.49377683333333
621.2773333333334,4.728292829958769,34.38372940897672,32.958341129900134,214.42347404237253,2026-06-25 04:22:50.302778,0.6180000000000001,0.21400000000000002,5.942250415434929,29.226147244842718,-34.63892533333333,17.49377683333333
621.6089999999999,4.7298715821449,34.384392020526704,32.96141764915268,214.26564123220643,2026-06-25 04:22:50.461070,0.6240000000000001,0.21400000000000002,5.942254337295989,29.32140721436552,-34.63892533333333,17.49377683333333
621.939,4.730936910289454,34.38489282542449,32.96330554040327,214.11425568629267,2026-06-25 04:22:50.586037,0.6240000000000001,0.21400000000000002,5.942254337295989,29.416293996425463,-34.63892533333333,17.49377683333333
622.0516666666667,4.731116523664421,34.385020553928676,32.9636222059393,214.10774362390657,2026-06-25 04:22:50.619362,0.6240000000000001,0.21400000000000002,5.942261419595863,29.44868968565403,-34.63892533333333,17.49377683333333
622.2660000000001,4.73187381413586,34.385560044791575,32.96493589383863,213.8049195429451,2026-06-25 04:22:50.760992,0.6240000000000001,0.21400000000000002,5.942265756650902,29.444431479212113,-34.63892533333333,17.49377683333333
622.4155000000001,4.732224232194948,34.38592363792938,32.96551646680498,213.80924222608212,2026-06-25 04:22:50.860966,0.6240000000000001,0.21400000000000002,5.94226004700769,29.42843566876764,-34.63892533333333,17.49377683333333
622.639,4.732376300792049,34.38618797461284,32.965821400389196,213.51612990218962,2026-06-25 04:22:50.935946,0.6240000000000001,0.21400000000000002,5.942258143779589,29.404522199641626,-34.63892533333333,17.49377683333333
622.758,4.732395900798533,34.38635966790346,32.96595240056323,213.50649291700358,2026-06-25 04:22:50.985933,0.6240000000000001,0.21400000000000002,5.94226956306601,29.391789748518594,-34.63892533333333,17.49377683333333
623.0476666666667,4.732180053943991,34.38669152733601,32.96600987227513,213.51085102572725,2026-06-25 04:22:51.085907,0.6240000000000001,0.21400000000000002,5.942268481465609,29.360796751247136,-34.63892533333333,17.49377683333333
623.2733333333334,4.731297821817258,34.38716467148065,32.965621692240575,213.22391380388908,2026-06-25 04:22:51.235868,0.6240000000000001,0.21400000000000002,5.942265756664599,29.336651458781333,-34.63892533333333,17.49377683333333
623.665,4.729918212717756,34.387604885304725,32.96475129282922,213.08653395562595,2026-06-25 04:22:51.385829,0.6210000000000034,0.21400000000000002,5.942265756609808,29.418415932242617,-34.63892533333333,17.49377683333333
623.8554999999999,4.729238895565072,34.38781065140905,32.96433556917411,213.09324031692694,2026-06-25 04:22:51.460809,0.6180000000000001,0.21300000000000077,5.940306529153814,29.463294600521447,-34.63892533333333,17.49377683333333
623.9525,4.728606258806849,34.38801272164003,32.96396632612556,212.95479508196073,2026-06-25 04:22:51.535790,0.6180000000000001,0.21400000000000002,5.942258143765891,29.48573894271502,-34.63892533333333,17.49377683333333
624.316,4.728057485985958,34.388267898939546,32.96375843997042,212.96412396981864,2026-06-25 04:22:51.635764,0.6180000000000001,0.21400000000000002,5.942254337295989,29.47268012378826,-34.63892533333333,17.49377683333333
624.438,4.727979454330519,34.38838892524062,32.96386268709423,212.97242935577466,2026-06-25 04:22:51.685751,0.6240000000000001,0.21400000000000002,5.942246724246599,29.468297246459333,-34.63892533333333,17.49377683333333
624.598,4.728238082160188,34.38861774491426,32.96460728465048,212.67944742565163,2026-06-25 04:22:51.785725,0.6180000000000001,0.21400000000000002,5.942244820963703,29.462549210618118,-34.63892533333333,17.49377683333333
624.863,4.728179811097832,34.38861964402162,32.964529296063645,212.67359562307254,2026-06-25 04:22:51.785725,0.6180000000000001,0.21400000000000002,5.942254337295989,29.4530290262561,-34.63892533333333,17.49377683333333
625.0477500000001,4.729631821962716,34.38898440871718,32.96708899509784,212.66775110501464,2026-06-25 04:22:51.960679,0.6180000000000001,0.21400000000000002,5.942253992200212,29.446391841120697,-34.63892533333333,17.49377683333333
625.236,4.731482252028894,34.38930516421917,32.9700522887457,212.36522770425915,2026-06-25 04:22:52.135633,0.6180000000000001,0.21400000000000002,5.942254337295989,29.43962891770127,-34.63892533333333,17.49377683333333
625.4805,4.73143045959341,34.38930708429164,32.969999207860894,212.3677933680579,2026-06-25 04:22:52.135633,0.6180000000000001,0.21400000000000002,5.940296984769409,29.42556907453786,-34.63892533333333,17.49377683333333
625.707,4.732192421354387,34.38950658751055,32.97149128517178,212.20167346700484,2026-06-25 04:22:52.260601,0.6240000000000001,0.21400000000000002,5.938358763109308,29.276838774254824,-34.63892533333333,17.49377683333333
625.865,4.732378484530335,34.38961554010677,32.972001442191896,212.05522845111122,2026-06-25 04:22:52.335581,0.6180000000000001,0.21200000000000002,5.938358763109308,29.17308871931123,-34.63892533333333,17.49377683333333
626.0893333333333,4.7324757544000535,34.38974548151131,32.972277897603746,212.06275334628833,2026-06-25 04:22:52.435555,0.6180000000000001,0.21400000000000002,5.941351287715455,29.025781151849138,-34.63892533333333,17.49377683333333
626.297,4.732530359478781,34.38988880757421,32.97231368720242,211.77350265539658,2026-06-25 04:22:52.560523,0.6180000000000001,0.21400000000000002,5.9383492119011585,29.080066673526677,-34.63892533333333,17.49377683333333
626.46,4.732489618142881,34.38996338679396,32.97219756095366,211.77685726861867,2026-06-25 04:22:52.635503,0.6180000000000001,0.21400000000000002,5.938347301643031,29.134886438237178,-34.63892533333333,17.49377683333333
626.584,4.732379855552832,34.39000805667234,32.972063526669565,211.778515133843,2026-06-25 04:22:52.685490,0.6180000000000001,0.21200000000000002,5.938347301643031,29.176589817526114,-34.63892533333333,17.49377683333333
626.796,4.7320269636471695,34.39006752522589,32.97177054085181,211.77704384648504,2026-06-25 04:22:52.760471,0.6180000000000001,0.21400000000000002,5.9403103496562855,29.247889143407285,-34.63892533333333,17.49377683333333
627.0693333333334,4.730895296958223,34.390147929400136,32.97092810642631,211.4917446247538,2026-06-25 04:22:52.885438,0.6180000000000001,0.21400000000000002,5.941039502328301,29.339815947216294,-34.63892533333333,17.49377683333333
627.326,4.728647960267065,34.39021600609958,32.96900326415107,211.511218067734,2026-06-25 04:22:53.035399,0.6180000000000001,0.21400000000000002,5.938347301643031,29.42613745811012,-34.63892533333333,17.49377683333333
627.5176666666666,4.727899673656956,34.39022355046399,32.96823567105464,211.4698540676667,2026-06-25 04:22:53.068724,0.6180000000000001,0.21400000000000002,5.938347301643031,29.490598326634714,-34.63892533333333,17.49377683333333
627.688,4.725287837459511,34.3902500119973,32.96555964511393,211.53843811620408,2026-06-25 04:22:53.185360,0.6180000000000001,0.21400000000000002,5.938339660528025,29.490759137684083,-34.63892533333333,17.49377683333333
627.79,4.722513523688357,34.3902500119973,32.962535141280554,211.2660790256806,2026-06-25 04:22:53.285334,0.6180000000000001,0.21300000000000002,5.93833392961615,29.489962453099274,-34.63892533333333,17.49377683333333
627.999,4.721068052651442,34.3902500119973,32.960966217361445,211.2804934950742,2026-06-25 04:22:53.335321,0.6180000000000001,0.21400000000000002,5.93832819863553,29.488330030763738,-34.63892533333333,17.49377683333333
628.4896666666667,4.715821018285665,34.39019525616821,32.9557753227978,211.34079581002152,2026-06-25 04:22:53.518606,0.6180000000000001,0.2133888888888876,5.9382958280453115,29.533569647650666,-34.63892533333333,17.49377683333333
628.271,4.714621207962436,34.39020641183435,32.954611708102796,211.34316754926658,2026-06-25 04:22:53.560262,0.6180000000000001,0.21400000000000002,5.938297632429308,29.51313778291198,-34.63892533333333,17.49377683333333
628.878,4.709779148888783,34.39009147848227,32.950966225182526,211.0949977842595,2026-06-25 04:22:53.751879,0.6180000000000001,0.21400000000000002,5.938282348659297,29.56985489524298,-34.63892533333333,17.49377683333333
629.2356666666666,4.7071447208154,34.390006218538396,32.94909425057363,211.1981317638136,2026-06-25 04:22:53.868515,0.6180000000000001,0.21452150537634573,5.938271049848102,29.603274698390223,-34.63892533333333,17.49377683333333
629.446,4.704355446786808,34.389881652178296,32.94702623575927,211.1503183008281,2026-06-25 04:22:54.010145,0.6180000000000001,0.21400000000000002,5.938257511426028,29.58460611063699,-34.63892533333333,17.49377683333333
629.841,4.702370217885839,34.38974895935981,32.94551773066963,211.17393468113497,2026-06-25 04:22:54.135112,0.6199487179487173,0.21400000000000002,5.93824671747524,29.521268515050743,-34.63892533333333,17.49377683333333
629.955,4.7009399317001055,34.389630970014004,32.94445232424947,211.18814795308327,2026-06-25 04:22:54.235086,0.6180000000000001,0.21400000000000002,5.938240316022743,29.502988803919514,-34.63892533333333,17.49377683333333
630.184,4.699280473761821,34.38946306335038,32.94301178664447,211.20063237414416,2026-06-25 04:22:54.360054,0.6180000000000001,0.21400000000000002,5.938238405338332,29.46626903331383,-34.63892533333333,17.49377683333333
630.4085,4.698320154360999,34.389355594871176,32.94206436644619,211.21657873743413,2026-06-25 04:22:54.435034,0.6180000000000001,0.21400000000000002,5.938514049356497,29.472809783753245,-34.63892533333333,17.49377683333333
630.594,4.696518191468346,34.38912651082888,32.94003822206024,211.23093134076277,2026-06-25 04:22:54.584995,0.6180000000000001,0.21200000000000002,5.938225030602475,29.480199170193725,-34.63892533333333,17.49377683333333
630.844,4.695815114500517,34.38900125450728,32.9391066846954,211.24559463617064,2026-06-25 04:22:54.659975,0.6209999999999958,0.21200000000000002,5.938215476987875,29.490157912027257,-34.63892533333333,17.49377683333333
630.953,4.695272479559536,34.388871015135564,32.93837400584594,211.24782555940197,2026-06-25 04:22:54.734956,0.6180000000000001,0.21200000000000002,5.9382173877273,29.494499923466677,-34.63892533333333,17.49377683333333
631.1824999999999,4.6950114968599514,34.38868733717348,32.93805427939587,211.2549933070641,2026-06-25 04:22:54.834930,0.6180000000000001,0.21200000000000002,5.9382135661934345,29.50238301874379,-34.63892533333333,17.49377683333333
631.456,4.695274371595454,34.388493709129875,32.93850821120818,211.18032098610936,2026-06-25 04:22:54.934904,0.6180000000000001,0.21200000000000002,5.938208690525855,29.50028374532551,-34.63892533333333,17.49377683333333
631.587,4.6953938590431195,34.38839740354112,32.93872162019086,211.26413842744046,2026-06-25 04:22:54.984891,0.6180000000000001,0.21200000000000002,5.938205923208228,29.499278243249485,-34.63892533333333,17.49377683333333
631.9010000000001,4.696496936204165,34.38808567476128,32.9404567906695,211.11764287226114,2026-06-25 04:22:55.134852,0.6180000000000001,0.21299999999999056,5.9382040124275415,29.49686810850236,-34.63892533333333,17.49377683333333
632.0174999999999,4.69680593048009,34.38792219905133,32.94104541543274,211.25656211819702,2026-06-25 04:22:55.209832,0.6180000000000001,0.21200000000000002,5.938211655412748,29.493516577252823,-34.63892533333333,17.49377683333333
632.2629999999999,4.696775747379563,34.38769911653591,32.941303658030364,210.9604200366558,2026-06-25 04:22:55.309806,0.6180000000000001,0.21200000000000002,5.938219298452971,29.48617273308904,-34.63892533333333,17.49377683333333
632.35,4.696911440472609,34.38764422612472,32.941533049866074,210.9657745234824,2026-06-25 04:22:55.334800,0.6180000000000001,0.21200000000000002,5.938213566248451,29.483570230269287,-34.63892533333333,17.49377683333333
632.6215,4.695388306592251,34.38735243957129,32.94010123012765,210.96783852470372,2026-06-25 04:22:55.459767,0.6240000000000001,0.21200000000000002,5.938223119890558,29.47544862664213,-34.63892533333333,17.49377683333333
632.872,4.692299100111381,34.387049970622044,32.936811094657415,210.9894430932825,2026-06-25 04:22:55.584734,0.6180000000000001,0.21400000000000002,5.93821951074971,29.467955213350777,-34.63892533333333,17.49377683333333
633.063,4.688128629644899,34.386738396798876,32.93214600402743,210.8773541492402,2026-06-25 04:22:55.709702,0.6180000000000001,0.21400000000000002,5.9382078339476525,29.465216260981595,-34.63892533333333,17.49377683333333
633.1655000000001,4.6844501385087085,34.38648241807872,32.927997431647256,211.05511660337248,2026-06-25 04:22:55.809676,0.6180000000000001,0.21400000000000002,5.938194458427825,29.469967922101425,-34.63892533333333,17.49377683333333
633.466,4.680871054025791,34.38622116783861,32.924146860952796,211.10040753618298,2026-06-25 04:22:55.909650,0.6180000000000001,0.21400000000000002,5.938167706342799,29.48389840177467,-34.63892533333333,17.49377683333333
633.662,4.677502329062673,34.385955083532295,32.92083752444643,211.1282213018633,2026-06-25 04:22:56.009624,0.6180000000000001,0.21400000000000002,5.938158151710341,29.492984504989167,-34.63892533333333,17.49377683333333
633.7895000000001,4.674330971205626,34.38568460531034,32.917955645304346,211.0084643112385,2026-06-25 04:22:56.109598,0.6180000000000001,0.21400000000000002,5.938148596899053,29.49889510784554,-34.63892533333333,17.49377683333333
634.109,4.672052087633961,34.3854792422807,32.91595449184789,211.17607702605616,2026-06-25 04:22:56.184578,0.6180000000000001,0.21400000000000002,5.9381409529234634,29.513089247376673,-34.63892533333333,17.49377683333333
634.2836666666666,4.669069426078626,34.385201861995874,32.913431091066954,210.94157295091412,2026-06-25 04:22:56.284552,0.6180000000000001,0.21400000000000002,5.938128718284076,29.52081340059579,-34.63892533333333,17.49377683333333
634.53,4.666017229124644,34.38492183738739,32.91093651340427,210.94336507171892,2026-06-25 04:22:56.384526,0.6180000000000001,0.21400000000000002,5.938114198142204,29.531706815154823,-34.63892533333333,17.49377683333333
634.691,4.662675026266851,34.384638821583735,32.90821031165568,210.97244146789083,2026-06-25 04:22:56.484500,0.6180000000000001,0.21400000000000002,5.938102731394649,29.5388265976068,-34.63892533333333,17.49377683333333
634.848,4.66164049869903,34.38456708429791,32.90729765948819,210.97923710505424,2026-06-25 04:22:56.509493,0.6180000000000001,0.21400000000000002,5.938102731339615,29.545769491053758,-34.63892533333333,17.49377683333333
635.1,4.655397790650731,34.38411357218835,32.901514876139224,211.03819841447776,2026-06-25 04:22:56.667785,0.6180000000000001,0.21400000000000002,5.938075524824731,29.556913498369898,-34.63892533333333,17.49377683333333
635.192,4.654740631057411,34.38406622573061,32.90104834889034,211.03174444420824,2026-06-25 04:22:56.684448,0.6180000000000001,0.21400000000000002,5.938087441998915,29.560981945485313,-34.63892533333333,17.49377683333333
635.6755,4.647804523530229,34.38356084470038,32.893475906838546,211.10808634060743,2026-06-25 04:22:56.859402,0.6180000000000001,0.21400000000000002,5.938047305204147,29.58236340396687,-34.63892533333333,17.49377683333333
635.8695,4.644509090817629,34.38327099980047,32.8895299426692,211.14242646023615,2026-06-25 04:22:56.959376,0.6210000000000001,0.21400000000000002,5.938030102895068,29.590942520710247,-34.63892533333333,17.49377683333333
636.185,4.641086967413303,34.382763721253205,32.885934849932305,211.17542667072235,2026-06-25 04:22:57.084344,0.6180000000000001,0.21400000000000002,5.938016722890163,29.60489464098104,-34.63892533333333,17.49377683333333
636.1210000000001,4.639848262059939,34.38290856363899,32.88485285425946,211.18431936828435,2026-06-25 04:22:57.134331,0.6180000000000001,0.21400000000000002,5.9380128999667425,29.60206441690076,-34.63892533333333,17.49377683333333
636.6315,4.635932467660892,34.38225840244415,32.882264788582944,211.22039276131684,2026-06-25 04:22:57.309285,0.6180000000000001,0.21400000000000002,5.938001147291592,29.62463987616618,-34.63892533333333,17.49377683333333
637.06775,4.632240569769118,34.38168623520909,32.880206699209324,211.5627921438259,2026-06-25 04:22:57.509233,0.6180000000000001,0.21400000000000002,5.937971814864667,29.643931833275968,-34.63892533333333,17.49377683333333
637.3945,4.630028780161609,34.381262508850725,32.87870289014755,211.57854150496757,2026-06-25 04:22:57.659194,0.6180000000000001,0.21400000000000002,5.937970845992498,29.65838145387338,-34.63892533333333,17.49377683333333
637.645,4.628440290769365,34.38091491805662,32.87721967187269,211.59804342486922,2026-06-25 04:22:57.784161,0.6180000000000001,0.21400000000000002,5.937961287810019,29.669459127812633,-34.63892533333333,17.49377683333333
637.803,4.628449824026255,34.38091448621254,32.877200087068886,211.45150562054624,2026-06-25 04:22:57.784161,0.6180000000000001,0.21400000000000002,5.937963199457526,29.676446243510846,-34.63892533333333,17.49377683333333
638.1415,4.6264061109301915,34.38043676678115,32.874782078536256,211.32976518485134,2026-06-25 04:22:57.959116,0.6180000000000001,0.21400000000000002,5.93795172944861,29.691415475560497,-34.63892533333333,17.49377683333333
638.2683333333333,4.62575778037405,34.38028241984278,32.87396753983481,211.3272745757966,2026-06-25 04:22:58.017434,0.6180000000000001,0.21400000000000002,5.937959715090121,29.697024331094614,-34.63892533333333,17.49377683333333
638.4784999999999,4.624423575320561,34.37997224367538,32.872330710224574,211.34877856402542,2026-06-25 04:22:58.134070,0.6180000000000001,0.21400000000000002,5.9379459942996276,29.70631837423327,-34.63892533333333,17.49377683333333
638.7105,4.622758192907861,34.379648746359635,32.87055620380757,211.3667221123195,2026-06-25 04:22:58.259037,0.6180000000000001,0.21400000000000002,5.937938347448082,29.71657793652432,-34.63892533333333,17.49377683333333
639.0015000000001,4.62094221387115,34.37939638562487,32.868958435201314,211.37900428973015,2026-06-25 04:22:58.359011,0.6180000000000001,0.21400000000000002,5.937938347448082,29.729446611639386,-34.63892533333333,17.49377683333333
639.2053333333333,4.617302378882581,34.379049987041476,32.86614908090908,211.4067171591919,2026-06-25 04:22:58.500641,0.6180000000000001,0.21253333333333416,5.937930700458891,29.738460580520094,-34.63892533333333,17.49377683333333
639.67725,4.612756852597435,34.378678425669975,32.86215796849021,211.43958503210808,2026-06-25 04:22:58.658933,0.6180000000000001,0.21400000000000002,5.9379252637648055,29.759329797924618,-34.63892533333333,17.49377683333333
639.84,4.609584571381141,34.37839420174879,32.85880395991105,211.63520568987056,2026-06-25 04:22:58.783901,0.6180000000000001,0.21300000000000002,5.937890551800621,29.766526969316292,-34.63892533333333,17.49377683333333
640.135,4.607907401879878,34.37817573256332,32.85643902788135,211.50900023690517,2026-06-25 04:22:58.883874,0.6180000000000001,0.21400000000000002,5.937880992255398,29.779572533436372,-34.63892533333333,17.49377683333333
640.176,4.607427928917239,34.37806985298113,32.85554437568912,211.80475672061883,2026-06-25 04:22:58.933861,0.6180000000000001,0.21400000000000002,5.937880992255398,29.78138564573781,-34.63892533333333,17.49377683333333
640.4,4.606940608246046,34.37786477442877,32.85435028274795,211.76989517521625,2026-06-25 04:22:59.033835,0.6180000000000001,0.21400000000000002,5.937867062190835,29.78298243720801,-34.63892533333333,17.49377683333333
640.585,4.606491455928986,34.377571018611235,32.85349946282699,211.81751075993677,2026-06-25 04:22:59.183796,0.6180000000000001,0.21400000000000002,5.937877168354708,29.78430121587759,-34.63892533333333,17.49377683333333
640.875,4.60626098536684,34.377480591990114,32.85342462874994,211.52465327665715,2026-06-25 04:22:59.233783,0.6227727272727265,0.21400000000000002,5.937881687471271,29.786368490548828,-34.63892533333333,17.49377683333333
641.057,4.606080816914307,34.377386473764915,32.85330828307068,211.52803435605023,2026-06-25 04:22:59.283770,0.6180000000000001,0.21200000000000002,5.937880992255398,29.787665883618363,-34.63892533333333,17.49377683333333
641.1845000000001,4.605194328044715,34.377127788384946,32.85298479530647,211.5461386659211,2026-06-25 04:22:59.433731,0.6180000000000001,0.21400000000000002,5.93786760847908,29.788574771620375,-34.63892533333333,17.49377683333333
641.432,4.604818552402419,34.37704583661947,32.8528587597052,211.55048339868438,2026-06-25 04:22:59.483718,0.6209999999999963,0.21400000000000002,5.937867608451545,29.78032071995599,-34.63892533333333,17.49377683333333
641.562,4.603970480681995,34.37688787500248,32.85260721656441,211.84390963292574,2026-06-25 04:22:59.583692,0.6180000000000001,0.21400000000000002,5.937873344426484,29.77527317572772,-34.63892533333333,17.49377683333333
641.8885,4.603012681556011,34.37674207307397,32.85232456076676,211.86238993816204,2026-06-25 04:22:59.683666,0.6180000000000001,0.21400000000000002,5.937861872421534,29.762596074262095,-34.63892533333333,17.49377683333333
642.0260000000001,4.602474866169333,34.37667227445376,32.85211438219184,211.5787987513164,2026-06-25 04:22:59.733653,0.6210000000000032,0.21400000000000002,5.937856136377756,29.757257325559113,-34.63892533333333,17.49377683333333
642.2527500000001,4.599497012731304,34.37644815497946,32.85016053897253,211.59824673460116,2026-06-25 04:22:59.908607,0.6180000000000001,0.21400000000000002,5.9378540225451895,29.74966076155643,-34.63892533333333,17.49377683333333
642.639,4.595589475144302,34.376305444333745,32.84687767509149,211.6251517951479,2026-06-25 04:23:00.033575,0.6180000000000001,0.21400000000000002,5.937850400278908,29.832854006460952,-34.63892533333333,17.49377683333333
642.8299999999999,4.588685896544056,34.37618226288731,32.840614734367165,211.66767247598492,2026-06-25 04:23:00.158542,0.6180000000000001,0.21400000000000002,5.937844251675511,29.87399293144933,-34.63892533333333,17.49377683333333
643.114,4.574370646809692,34.37601542078578,32.82703768959823,211.63610770327122,2026-06-25 04:23:00.358490,0.6180000000000001,0.21400000000000002,5.93780068450327,29.935162851327384,-34.63892533333333,17.49377683333333
643.251,4.572867907342996,34.37600264429358,32.82544472645516,211.79658089565012,2026-06-25 04:23:00.383484,0.6180000000000001,0.21400000000000002,5.937794946586802,29.955789829719915,-34.63892533333333,17.49377683333333
643.408,4.568948886082435,34.37596390167597,32.82164845244724,211.54415000849346,2026-06-25 04:23:00.433471,0.6240000000000001,0.21400000000000002,5.933857149768162,29.966366857370204,-34.63892533333333,17.49377683333333
643.7104999999999,4.560362374542432,34.375880594449995,32.81278330618956,211.94044629173266,2026-06-25 04:23:00.583431,0.6180000000000001,0.21400000000000002,5.93575232875081,29.986746162237782,-34.63892533333333,17.49377683333333
644.073,4.555994120054259,34.375833471187185,32.808149052709915,211.9747479971294,2026-06-25 04:23:00.683405,0.6180000000000001,0.21400000000000002,5.937701239153753,30.003560301194653,-34.63892533333333,17.49377683333333
643.8726666666668,4.555739378111254,34.375835952271586,32.80787056727586,211.743527128613,2026-06-25 04:23:00.700068,0.6180000000000001,0.21400000000000002,5.937697393664121,29.997671266169565,-34.63892533333333,17.49377683333333
644.2596666666667,4.550149157051039,34.37578099115879,32.8020250229969,212.03716111775674,2026-06-25 04:23:00.883353,0.6227346938775503,0.21400000000000002,5.936840964147735,30.006669045804756,-34.63892533333333,17.49377683333333
644.456,4.547861751820335,34.37576768178205,32.79989405262033,212.0577500600352,2026-06-25 04:23:00.983327,0.6180000000000001,0.21200000000000002,5.937659160492281,30.00993877897502,-34.63892533333333,17.49377683333333
644.646,4.545975764832605,34.37576768178205,32.79843509626291,212.0725820029411,2026-06-25 04:23:01.083301,0.6180000000000001,0.21200000000000002,5.935696720786943,30.01310303688173,-34.63892533333333,17.49377683333333
644.869,4.545163506725854,34.37576768178205,32.797854640212805,211.93395187165478,2026-06-25 04:23:01.133288,0.6180000000000001,0.21200000000000002,5.935694793807705,30.016234681849955,-34.63892533333333,17.49377683333333
645.046,4.543366044515893,34.37578679826346,32.796694769769964,212.10685365721486,2026-06-25 04:23:01.283249,0.6180000000000001,0.21200000000000002,5.9337189364672085,30.01703559540489,-34.63892533333333,17.49377683333333
645.23,4.54300839959727,34.37579808582124,32.796502185121,211.82408585259844,2026-06-25 04:23:01.333236,0.6180000000000001,0.21200000000000002,5.933711256899747,30.017868183507197,-34.63892533333333,17.49377683333333
645.4143333333333,4.543017775760423,34.37580549757811,32.7965531213656,211.91990602466234,2026-06-25 04:23:01.349898,0.6180000000000001,0.21200000000000002,5.936399781114414,30.018702279921285,-34.63892533333333,17.49377683333333
645.746,4.542051062694584,34.37587750318421,32.79628027497615,212.13381247186814,2026-06-25 04:23:01.533184,0.6180000000000001,0.21200000000000002,5.9376209042708155,30.02020305014193,-34.63892533333333,17.49377683333333
645.6085,4.541888100132658,34.375864662098465,32.79629038891819,212.1230082532237,2026-06-25 04:23:01.558177,0.6180000000000001,0.21200000000000002,5.933715096683478,30.01958087153287,-34.63892533333333,17.49377683333333
646.051,4.54125675261322,34.37592838659307,32.79630299030956,212.1342401787185,2026-06-25 04:23:01.666482,0.6180000000000001,0.21200000000000002,5.9337107083532885,30.015165228242015,-34.63892533333333,17.49377683333333
646.334,4.540448088536634,34.375992222425,32.79631411415918,212.1438870675834,2026-06-25 04:23:01.783119,0.6180000000000001,0.21200000000000002,5.933707417074534,29.943794849285933,-34.63892533333333,17.49377683333333
646.4716666666667,4.539336158608628,34.37609036959239,32.795974063071434,212.15861094439194,2026-06-25 04:23:01.933080,0.6180000000000001,0.21200000000000002,5.934624807462506,29.909076396389715,-34.63892533333333,17.49377683333333
646.6610000000001,4.539346948220407,34.376091620241404,32.796037929811376,212.01097581648384,2026-06-25 04:23:01.933080,0.6180000000000001,0.21200000000000002,5.933701657281403,29.861328015651107,-34.63892533333333,17.49377683333333
646.8425,4.537886779846913,34.3762203395416,32.79494762780711,212.02510070317953,2026-06-25 04:23:02.108034,0.6180000000000001,0.21300000000000002,5.933695897432961,29.849359932755416,-34.63892533333333,17.49377683333333
647.063,4.5365361595486435,34.37632301954975,32.793732200767494,212.18054514917532,2026-06-25 04:23:02.233001,0.6180000000000001,0.21200000000000002,5.937613252695883,29.88093234434078,-34.63892533333333,17.49377683333333
647.1885,4.536240476619886,34.37634558122542,32.79351187668942,212.18147264798867,2026-06-25 04:23:02.257995,0.6180000000000001,0.21200000000000002,5.933697817387051,29.898902129619522,-34.63892533333333,17.49377683333333
647.439,4.535390840164477,34.37641059954413,32.79281535061317,212.19669686538305,2026-06-25 04:23:02.332975,0.6180000000000001,0.21200000000000002,5.933688217519803,29.934770107406976,-34.63892533333333,17.49377683333333
647.683,4.5339578602721735,34.376547695830084,32.791803787784715,212.21415220713934,2026-06-25 04:23:02.482936,0.6180000000000001,0.21200000000000002,5.933679257498967,29.96970737918398,-34.63892533333333,17.49377683333333
648.0345,4.53346747162438,34.376715243635175,32.79172613828634,212.22547593300723,2026-06-25 04:23:02.657891,0.6180000000000001,0.21200000000000002,5.933672857347771,29.990404164842268,-34.63892533333333,17.49377683333333
648.2194999999999,4.533354077970419,34.37671563302963,32.79159078816615,212.22779440754465,2026-06-25 04:23:02.657891,0.6180000000000001,0.21200000000000002,5.933672857403087,29.931899809753602,-34.63892533333333,17.49377683333333
648.4485,4.533932958580284,34.376862903875534,32.79267003583594,212.07838596474406,2026-06-25 04:23:02.807852,0.6180000000000001,0.21200000000000002,5.93563349033971,29.85948090534652,-34.63892533333333,17.49377683333333
648.6365000000001,4.534683924691313,34.37696219526639,32.793964670681234,211.93124070936676,2026-06-25 04:23:02.907826,0.6180000000000001,0.21200000000000002,5.9356315773564186,29.800027830986096,-34.63892533333333,17.49377683333333
648.828,4.535486370957819,34.37706140062137,32.79537406861802,211.9253705769397,2026-06-25 04:23:03.007800,0.6180000000000001,0.21200000000000002,5.935635403309223,29.73946791747541,-34.63892533333333,17.49377683333333
649.0039999999999,4.53622134052955,34.37718421057071,32.79673955911341,211.91966419647096,2026-06-25 04:23:03.132767,0.622583333333329,0.21400000000000002,5.9346054819508804,29.72015336426887,-34.63892533333333,17.49377683333333
649.234,4.536495419480124,34.37728099205726,32.797391010250124,211.91339679937556,2026-06-25 04:23:03.232741,0.6240000000000001,0.21400000000000002,5.933688217533631,29.727793586791254,-34.63892533333333,17.49377683333333
649.63,4.536480124701103,34.377375230078535,32.79758055964222,211.91065754798169,2026-06-25 04:23:03.332715,0.6240000000000001,0.21400000000000002,5.933695348870699,29.74094805687326,-34.63892533333333,17.49377683333333
649.85,4.536363164946159,34.377554152622665,32.797473594924114,211.91602124685036,2026-06-25 04:23:03.532663,0.6240000000000001,0.21400000000000002,5.933692057497124,29.74825609580771,-34.63892533333333,17.49377683333333
650.08225,4.536392962143026,34.37755539935293,32.797494077286125,211.92364401687362,2026-06-25 04:23:03.532663,0.6240000000000001,0.21400000000000002,5.93368583123623,29.75784046993796,-34.63892533333333,17.49377683333333
650.279,4.536464733738444,34.377680140933684,32.79748430907518,211.9297058290903,2026-06-25 04:23:03.682624,0.6180000000000001,0.21400000000000002,5.933680537523674,29.815108109842903,-34.63892533333333,17.49377683333333
650.42,4.536486773440504,34.37771939995214,32.797573574783314,211.92396476334824,2026-06-25 04:23:03.732611,0.6240000000000001,0.21400000000000002,5.933688217533631,29.85614870565788,-34.63892533333333,17.49377683333333
650.6405,4.536500966607876,34.37777571029195,32.79780625550141,211.77769969163174,2026-06-25 04:23:03.807591,0.6240000000000001,0.21400000000000002,5.933690137515378,29.920329211879196,-34.63892533333333,17.49377683333333
650.8035,4.536524797076428,34.377846174829465,32.798241744215794,211.6359946065678,2026-06-25 04:23:03.907565,0.6240000000000001,0.21400000000000002,5.933686297538056,29.967773304913546,-34.63892533333333,17.49377683333333
651.028,4.536641978512428,34.377910673776924,32.79872360991351,211.63397097346828,2026-06-25 04:23:04.007539,0.6240000000000001,0.21400000000000002,5.933690137515378,30.001323658965813,-34.63892533333333,17.49377683333333
651.218,4.536827896553462,34.37795506605594,32.79905778531392,211.64335879968476,2026-06-25 04:23:04.082519,0.6240000000000001,0.21400000000000002,5.933680537523674,30.020668609530905,-34.63892533333333,17.49377683333333
651.438,4.53714183907686,34.37800715451948,32.79939761861445,211.6420338127995,2026-06-25 04:23:04.182493,0.6240000000000001,0.21400000000000002,5.933682457533077,30.04306802597471,-34.63892533333333,17.49377683333333
651.6376666666666,4.537232434251789,34.378045305521795,32.79958499990067,211.64167170832775,2026-06-25 04:23:04.265805,0.6240000000000001,0.21400000000000002,5.933684377542481,30.063397193322942,-34.63892533333333,17.49377683333333
651.89,4.536963616295045,34.37809217907414,32.79969935787664,211.3390677452354,2026-06-25 04:23:04.382441,0.6240000000000001,0.21200000000000002,5.933699737341141,30.089088645213785,-34.63892533333333,17.49377683333333
652.0305,4.536276284562027,34.37811551138059,32.79950142899643,211.63805824918606,2026-06-25 04:23:04.457422,0.6210000000000001,0.21400000000000002,5.933697817387051,30.04571565050289,-34.63892533333333,17.49377683333333
652.218,4.535263320483258,34.37813479897149,32.79900270546352,211.3644617326637,2026-06-25 04:23:04.532402,0.6240000000000001,0.21400000000000002,5.933684377542481,29.98783354012357,-34.63892533333333,17.49377683333333
652.453,4.533805166325708,34.37814890145273,32.79798811119567,211.3757589589556,2026-06-25 04:23:04.607383,0.6209999999999953,0.21400000000000002,5.933682457533078,29.915287961781484,-34.63892533333333,17.49377683333333
652.621,4.531986062242674,34.37814890145273,32.796491802426246,211.38483900080536,2026-06-25 04:23:04.682363,0.6180000000000001,0.21400000000000002,5.933684377542481,29.86342559088161,-34.63892533333333,17.49377683333333
652.85675,4.527613016463172,34.37814890145273,32.79221924702675,211.41462720597414,2026-06-25 04:23:04.819827,0.6240000000000001,0.2137125984251973,5.933678352918388,29.790648484097996,-34.63892533333333,17.49377683333333
653.2362499999999,4.520650506894812,34.37813528744064,32.785120627212855,211.47529167151038,2026-06-25 04:23:05.019775,0.6240000000000001,0.2131569343065682,5.933654069988147,29.732544112060516,-34.63892533333333,17.49377683333333
653.6406666666667,4.516028483680447,34.37809753411714,32.78041545915389,211.47027413466392,2026-06-25 04:23:05.165570,0.6240000000000001,0.21400000000000002,5.93364435913166,29.673803765805513,-34.63892533333333,17.49377683333333
653.8565,4.513150903582883,34.378053761377714,32.777528511167205,211.26860100900944,2026-06-25 04:23:05.282207,0.6180000000000001,0.21300000000000002,5.933607571911079,29.688750043227074,-34.63892533333333,17.49377683333333
654.114,4.510798165827942,34.37797657045447,32.77518207974089,211.29680988688244,2026-06-25 04:23:05.432168,0.6180000000000001,0.21400000000000002,5.933592209457043,29.73216977287309,-34.63892533333333,17.49377683333333
654.342,4.5096243507863125,34.37791409482902,32.77391676188853,211.30154931708122,2026-06-25 04:23:05.532142,0.6180000000000001,0.21400000000000002,5.9335960501120475,29.770615203394595,-34.63892533333333,17.49377683333333
654.461,4.509073905443555,34.37787903737335,32.773311760446575,211.315824336723,2026-06-25 04:23:05.582129,0.6180000000000001,0.21400000000000002,5.93358452806404,29.79068102020188,-34.63892533333333,17.49377683333333
654.626,4.507597920322456,34.37778005987454,32.77200282203967,211.32585804884314,2026-06-25 04:23:05.707096,0.6180000000000001,0.21400000000000002,5.933583567851875,29.81850337123718,-34.63892533333333,17.49377683333333
655.0605,4.505127494568976,34.37762137946999,32.77073219717219,211.3487081261783,2026-06-25 04:23:05.882050,0.6180000000000001,0.21400000000000002,5.933576846560378,29.854211702837095,-34.63892533333333,17.49377683333333
655.274,4.505142575020402,34.37762029093868,32.77071978365467,211.34719448426247,2026-06-25 04:23:05.882050,0.6180000000000001,0.21400000000000002,5.933580687326042,29.868213618540846,-34.63892533333333,17.49377683333333
655.391,4.5020157959424205,34.37742347567395,32.769512275194565,211.37563317529236,2026-06-25 04:23:06.065336,0.6180000000000001,0.21400000000000002,5.933568185861174,29.875886799511985,-34.63892533333333,17.49377683333333
655.6355,4.500566473812917,34.37734259156407,32.76846992890335,211.39828097729946,2026-06-25 04:23:06.131985,0.6210000000000001,0.21400000000000002,5.933553801371575,29.891921780259377,-34.63892533333333,17.49377683333333
655.8275000000001,4.498396031269077,34.37722126735073,32.766931898483065,211.41471008968372,2026-06-25 04:23:06.231959,0.6180000000000001,0.21400000000000002,5.933549960412246,29.894820741783104,-34.63892533333333,17.49377683333333
656.0506666666666,4.493943456116795,34.377020078186895,32.76243509021879,211.43896844949126,2026-06-25 04:23:06.381920,0.6180000000000001,0.21400000000000002,5.93355076519851,29.88224734341817,-34.63892533333333,17.49377683333333
656.2059999999999,4.4896819187772685,34.37683939925922,32.75771931238117,211.48024975911392,2026-06-25 04:23:06.506887,0.6210000000000035,0.21400000000000002,5.9335307552005805,29.8734957323083,-34.63892533333333,17.49377683333333
656.6856666666666,4.485679576309358,34.37664658308993,32.7532506596141,211.53009390560197,2026-06-25 04:23:06.631855,0.6180000000000001,0.21240650406504089,5.933503148426799,29.851108691109854,-34.63892533333333,17.49377683333333
656.851,4.482328055543594,34.37644365371578,32.74960486676943,211.5620899370607,2026-06-25 04:23:06.756822,0.6240000000000001,0.21400000000000002,5.933488501313817,29.86526653583126,-34.63892533333333,17.49377683333333
657.0326666666667,4.47976048757408,34.3762297660291,32.746989878350526,211.5872728052209,2026-06-25 04:23:06.881790,0.6236438356164405,0.21400000000000002,5.933477204975,29.880823038599743,-34.63892533333333,17.49377683333333
657.4842000000001,4.476524639371271,34.375847882865685,32.74375912151325,211.6175764368377,2026-06-25 04:23:07.091735,0.6240000000000001,0.21400000000000002,5.933467081145273,29.90327457278586,-34.63892533333333,17.49377683333333
657.713,4.475296749091353,34.37567923217966,32.742519878255344,211.62766567062476,2026-06-25 04:23:07.181712,0.6240000000000001,0.21400000000000002,5.933465452320404,29.883484882091462,-34.63892533333333,17.49377683333333
657.829,4.4741140807735365,34.37548452043982,32.74135390984252,211.64882482750127,2026-06-25 04:23:07.281686,0.6180000000000001,0.21200000000000002,5.933450085771316,29.873451647298843,-34.63892533333333,17.49377683333333
658.11,4.473532316947688,34.37538526323987,32.740843378172784,211.6580070060713,2026-06-25 04:23:07.331672,0.6180000000000001,0.21200000000000002,5.933446244064855,29.84914700094775,-34.63892533333333,17.49377683333333
658.147,4.472918715081969,34.37528478716249,32.74036996970774,211.66161692298684,2026-06-25 04:23:07.381659,0.6180000000000001,0.21200000000000002,5.933446244064855,29.845946745022513,-34.63892533333333,17.49377683333333
658.4776666666667,4.471054592151542,34.375044954194514,32.73916346490391,211.76079209033156,2026-06-25 04:23:07.498296,0.6180000000000001,0.21200000000000002,5.93344240233072,29.817346259636654,-34.63892533333333,17.49377683333333
658.6902500000001,4.4676986224993485,34.37473760707671,32.73688737267783,211.75748620905742,2026-06-25 04:23:07.644091,0.6180000000000001,0.21200000000000002,5.917764614188065,29.827778741090977,-34.63892533333333,17.49377683333333
658.833,4.463465215979272,34.37444135550909,32.73364505605525,211.73111635001678,2026-06-25 04:23:07.781555,0.6180000000000001,0.21200000000000002,5.913839232527323,29.83864190068876,-34.63892533333333,17.49377683333333
659.072,4.461563904993284,34.374331487640546,32.732031496693715,212.05003428354186,2026-06-25 04:23:07.831542,0.6180000000000001,0.21200000000000002,5.917741968041614,29.856829607475962,-34.63892533333333,17.49377683333333
659.2836666666667,4.457365713397313,34.37410888080524,32.72831126077065,211.785344326083,2026-06-25 04:23:07.931516,0.6180000000000001,0.21200000000000002,5.9177366504498154,29.872937269693356,-34.63892533333333,17.49377683333333
659.39,4.4529096092427904,34.37388355675545,32.724213828854765,211.82532699066425,2026-06-25 04:23:08.031490,0.6180000000000001,0.21200000000000002,5.917718577140018,29.88102915039784,-34.63892533333333,17.49377683333333
659.58,4.4506418290254866,34.37376961083442,32.7220294110321,211.84571488441662,2026-06-25 04:23:08.081477,0.6180000000000001,0.21200000000000002,5.921629278210449,29.89548799679771,-34.63892533333333,17.49377683333333
659.84,4.444835431098397,34.37346176551531,32.71609018005967,211.8914801745789,2026-06-25 04:23:08.214776,0.6180000000000001,0.21200000000000002,5.921614275574819,29.91527378660805,-34.63892533333333,17.49377683333333
660.0386666666667,4.441376015673074,34.37326690774602,32.712484260539384,211.9352113427883,2026-06-25 04:23:08.298087,0.6180000000000001,0.21370226537216933,5.924922594692229,29.93039215933493,-34.63892533333333,17.49377683333333
660.289,4.4358808973834964,34.372953159301275,32.70682845665081,211.99772604334171,2026-06-25 04:23:08.431386,0.6180000000000001,0.21400000000000002,5.925470363023802,29.949442323626677,-34.63892533333333,17.49377683333333
660.5060000000001,4.432606840443927,34.37277437781741,32.70366692634063,212.01670508264178,2026-06-25 04:23:08.506366,0.6180000000000001,0.21400000000000002,5.925470363023802,29.96595584819916,-34.63892533333333,17.49377683333333
660.5865,4.427699540926552,34.37253432074726,32.699047119541135,212.0531734672586,2026-06-25 04:23:08.606340,0.6180000000000001,0.21400000000000002,5.927418161513964,29.972081833121205,-34.63892533333333,17.49377683333333
660.757,4.420479074050048,34.37223169926496,32.692113558194244,212.10583496326032,2026-06-25 04:23:08.731308,0.6180000000000001,0.21400000000000002,5.925443265681193,29.98505674528529,-34.63892533333333,17.49377683333333
661.0395,4.416425065050606,34.37207893881357,32.68807076671307,212.14147625271826,2026-06-25 04:23:08.793791,0.6180000000000001,0.21400000000000002,5.927389219313585,30.006554766906145,-34.63892533333333,17.49377683333333
661.423,4.407607656404509,34.37174215479906,32.67937066905452,212.22337487607027,2026-06-25 04:23:08.931256,0.6180000000000001,0.21400000000000002,5.9293120013713985,30.035738806876402,-34.63892533333333,17.49377683333333
661.626,4.402936004055613,34.37155708029192,32.67500057881236,212.27877566338208,2026-06-25 04:23:09.006236,0.6180000000000001,0.21400000000000002,5.927319652556498,30.051186942766783,-34.63892533333333,17.49377683333333
661.843,4.395460139366038,34.37124711329997,32.66861454542695,212.34062814245436,2026-06-25 04:23:09.131203,0.6180000000000001,0.21400000000000002,5.929255566202997,30.067700467339257,-34.63892533333333,17.49377683333333
662.2326666666667,4.386382860923831,34.37074796975305,32.661459198619234,212.41031148407296,2026-06-25 04:23:09.297827,0.6180000000000001,0.21400000000000002,5.9292344550489275,30.09735378565758,-34.63892533333333,17.49377683333333
662.109,4.3846063999006875,34.37083126415498,32.66008954222451,212.4350503665575,2026-06-25 04:23:09.331151,0.6180000000000001,0.21400000000000002,5.929215557937532,30.087942852299076,-34.63892533333333,17.49377683333333
662.6233333333333,4.378119364591712,34.37037133393152,32.65476670532172,212.51313830007663,2026-06-25 04:23:09.481112,0.6180000000000001,0.21400000000000002,5.929171604689698,30.12708320316748,-34.63892533333333,17.49377683333333
662.7893333333333,4.3728905905727915,34.36999341487267,32.65010493468849,212.25433054552914,2026-06-25 04:23:09.631073,0.6180000000000001,0.21400000000000002,5.929164828861463,30.139715668969465,-34.63892533333333,17.49377683333333
663.098,4.3700191431359965,34.36974096928422,32.64744536680288,212.29249638896047,2026-06-25 04:23:09.731047,0.6180000000000001,0.21200000000000002,5.9291422493069295,30.16320495276995,-34.63892533333333,17.49377683333333
663.3225,4.368244810083598,34.369551434976486,32.64585383050141,212.31086184997707,2026-06-25 04:23:09.806028,0.6180000000000001,0.21400000000000002,5.929134532025052,30.180289221279267,-34.63892533333333,17.49377683333333
663.5243333333334,4.365906404230553,34.36923542511001,32.643951478769615,212.33369330089158,2026-06-25 04:23:09.930995,0.6180000000000001,0.21400000000000002,5.92912501388,30.19564857477948,-34.63892533333333,17.49377683333333
663.777,4.364433297436163,34.36873020008899,32.64297452160328,212.36346241623065,2026-06-25 04:23:10.030969,0.6180000000000001,0.21400000000000002,5.929103661785194,30.21487630385158,-34.63892533333333,17.49377683333333
663.737,4.363217375468104,34.368982663254364,32.642359810427756,212.36202061095912,2026-06-25 04:23:10.130943,0.6180000000000001,0.21400000000000002,5.929111379512015,30.211832336188444,-34.63892533333333,17.49377683333333
664.059,4.363234344676705,34.36873014686366,32.6423662182153,212.36532789707036,2026-06-25 04:23:10.130943,0.6180000000000001,0.21300000000000002,5.92911137949811,30.23633627587664,-34.63892533333333,17.49377683333333
664.197,4.362137992615424,34.368478057192924,32.64180524339636,212.37951050179606,2026-06-25 04:23:10.230917,0.6180000000000001,0.21400000000000002,5.929103661785194,30.246837964314437,-34.63892533333333,17.49377683333333
664.434,4.360864534142538,34.368163994386876,32.64100277635802,212.39704535064735,2026-06-25 04:23:10.355884,0.6180000000000001,0.21400000000000002,5.929094354963294,30.263074414962173,-34.63892533333333,17.49377683333333
664.8226666666666,4.358932316604167,34.367726554612446,32.63973735583311,212.4132459879632,2026-06-25 04:23:10.530839,0.6196124031007704,0.21400000000000002,5.929092084986384,30.19276109390469,-34.63892533333333,17.49377683333333
664.9485,4.35727842755519,34.36741648176332,32.63860712717967,212.43025173956607,2026-06-25 04:23:10.655806,0.6240000000000001,0.21400000000000002,5.929084366967548,30.169996703939667,-34.63892533333333,17.49377683333333
665.146,4.356089642672417,34.36723164186835,32.63772795028706,212.44537631412328,2026-06-25 04:23:10.730786,0.6240000000000001,0.21200000000000002,5.929076648865276,30.134267164723063,-34.63892533333333,17.49377683333333
665.384,4.355165117181134,34.36710903423236,32.63701017897453,212.45252184685316,2026-06-25 04:23:10.780773,0.6240000000000001,0.21400000000000002,5.929076648865276,30.091210808603797,-34.63892533333333,17.49377683333333
665.6714999999999,4.353541197407105,34.366926165615055,32.635692426689104,212.4637973062276,2026-06-25 04:23:10.855754,0.6240000000000001,0.2129999999999988,5.929076648851371,30.19211252266717,-34.63892533333333,17.49377683333333
665.8593333333333,4.35028726034897,34.36662434404385,32.6328553459162,212.48705488005552,2026-06-25 04:23:10.980721,0.6240000000000001,0.21400000000000002,5.929071729069574,30.258034975855285,-34.63892533333333,17.49377683333333
666.2475999999999,4.344212949002284,34.36615089862012,32.62702597713521,212.24890773328568,2026-06-25 04:23:11.180669,0.6240000000000001,0.21200000000000002,5.9290492713548275,30.388567343302714,-34.63892533333333,17.49377683333333
666.6506666666667,4.3368625012714785,34.3656900614556,32.62034620840663,212.52511433098294,2026-06-25 04:23:11.380617,0.6240000000000001,0.2133609195402298,5.929011040385802,30.371709936863066,-34.63892533333333,17.49377683333333
667.1175000000001,4.330083248588735,34.36541052426333,32.61490656936594,212.36810668021113,2026-06-25 04:23:11.505584,0.6240000000000001,0.21400000000000002,5.929007180813136,30.3521856251539,-34.63892533333333,17.49377683333333
667.2266666666666,4.320642938678982,34.365138886921734,32.60682861295808,212.43649258824607,2026-06-25 04:23:11.630552,0.6180000000000001,0.21200000000000002,5.928986347895977,30.347619961401854,-34.63892533333333,17.49377683333333
667.471,4.311655631597792,34.36492679271546,32.5982886596984,212.5114106005633,2026-06-25 04:23:11.730526,0.6180000000000001,0.21400000000000002,5.928957003836931,30.31933795462526,-34.63892533333333,17.49377683333333
667.6533333333333,4.3017992145718535,34.36472134683418,32.58780001952989,212.2860038520039,2026-06-25 04:23:11.830500,0.6180000000000001,0.21200000000000002,5.92893933818171,30.292107852478157,-34.63892533333333,17.49377683333333
667.923,4.292139250893854,34.364521009218294,32.57685615524666,212.67856716632036,2026-06-25 04:23:11.930474,0.6180000000000001,0.21200000000000002,5.928887520261288,30.251835178553087,-34.63892533333333,17.49377683333333
668.01,4.285700086395822,34.36437563586993,32.569252073407675,212.74379724696803,2026-06-25 04:23:12.005454,0.6180000000000001,0.21200000000000002,5.928852774967328,30.238842387583443,-34.63892533333333,17.49377683333333
668.297,4.278397967249086,34.36418758229209,32.56081593648882,212.83623370850327,2026-06-25 04:23:12.105428,0.6180000000000001,0.21200000000000002,5.928794861454599,30.195981111626107,-34.63892533333333,17.49377683333333
668.535,4.273837003875274,34.36405107231456,32.55595367957641,212.87595240756028,2026-06-25 04:23:12.180409,0.6180000000000001,0.21200000000000002,5.928779416777768,30.18275527316751,-34.63892533333333,17.49377683333333
668.662,4.268833593284561,34.363877052308354,32.551378945283915,213.0642815268797,2026-06-25 04:23:12.280383,0.6210000000000001,0.21200000000000002,5.928763971585976,30.17579871169162,-34.63892533333333,17.49377683333333
668.7625,4.266526544370237,34.363792545064186,32.54943934978628,213.23495061869073,2026-06-25 04:23:12.330370,0.6180000000000001,0.21200000000000002,5.928752387483355,30.170293716192987,-34.63892533333333,17.49377683333333
669.0554999999999,4.261096226975186,34.36358953946859,32.545186882696065,213.28331236354362,2026-06-25 04:23:12.455337,0.6180000000000001,0.21299999999999839,5.9287330800193025,30.15424432633131,-34.63892533333333,17.49377683333333
669.427,4.255024782872394,34.363378249849724,32.54037970941453,213.3391737269133,2026-06-25 04:23:12.596967,0.6180000000000001,0.21266242038216573,5.928709959240654,30.14617222956725,-34.63892533333333,17.49377683333333
669.6714999999999,4.2496130980752325,34.363197737138826,32.535745064120825,213.38354673691398,2026-06-25 04:23:12.730265,0.6180000000000001,0.21400000000000002,5.92869446251597,30.189416820011868,-34.63892533333333,17.49377683333333
669.7893333333333,4.246951478943704,34.36310943517115,32.533432900423804,213.42735897202863,2026-06-25 04:23:12.796915,0.6180000000000001,0.21400000000000002,5.928662402578035,30.210257941650834,-34.63892533333333,17.49377683333333
670.2384999999999,4.2418196499685585,34.362922523600616,32.52882050490433,213.47812406589955,2026-06-25 04:23:12.955207,0.6180000000000001,0.21400000000000002,5.9286403945031045,30.28970182116569,-34.63892533333333,17.49377683333333
670.5206666666667,4.238508902074954,34.362794713274184,32.52627950366349,213.50600310282917,2026-06-25 04:23:13.080174,0.6180000000000001,0.21400000000000002,5.928631543491758,30.339608495755183,-34.63892533333333,17.49377683333333
670.8685,4.233772167676426,34.36264324105189,32.52322762852673,213.53403502269856,2026-06-25 04:23:13.255128,0.6180000000000001,0.21400000000000002,5.928631408513865,30.376515255222095,-34.63892533333333,17.49377683333333
671.288,4.227979645147734,34.362508007418114,32.51959174162498,213.59823873375876,2026-06-25 04:23:13.455076,0.6180000000000001,0.21400000000000002,5.928597908295233,30.42002636690618,-34.63892533333333,17.49377683333333
671.489,4.226719261291337,34.3624891645909,32.51877560860668,213.69759121270195,2026-06-25 04:23:13.496732,0.6180000000000001,0.21400000000000002,5.928590734918796,30.390667430129486,-34.63892533333333,17.49377683333333
671.892,4.222774040535596,34.362426163535886,32.516149159852,213.64483648959708,2026-06-25 04:23:13.630031,0.6180000000000001,0.21400000000000002,5.928582457924559,30.32541214954018,-34.63892533333333,17.49377683333333
672.166,4.220159637214227,34.36238339230483,32.51404703370772,213.67490277842518,2026-06-25 04:23:13.730005,0.6180000000000001,0.21400000000000002,5.92856700710827,30.28104503569038,-34.63892533333333,17.49377683333333
672.0197499999999,4.2189993363735026,34.36239460598627,32.51292627687766,213.69398827073678,2026-06-25 04:23:13.792488,0.6180000000000001,0.2131642857142836,5.926267838101794,30.304726387517164,-34.63892533333333,17.49377683333333
672.51,4.216301971117894,34.36238142282988,32.5102312231448,213.72940845873092,2026-06-25 04:23:13.979940,0.6180000000000001,0.21200000000000002,5.924610324016106,30.22534325771838,-34.63892533333333,17.49377683333333
672.6503333333334,4.216065930074815,34.36238142282988,32.51000241633892,213.98723025420523,2026-06-25 04:23:14.013264,0.6180000000000001,0.21400000000000002,5.92461320701134,30.20577620296211,-34.63892533333333,17.49377683333333
673.0899999999999,4.2150068299726815,34.36238142282988,32.50900728729904,213.73287498283023,2026-06-25 04:23:14.154894,0.6180000000000001,0.21400000000000002,5.924620016801049,30.301107366016353,-34.63892533333333,17.49377683333333
673.156,4.214532967380777,34.36239855466352,32.5086186161042,213.74462970689868,2026-06-25 04:23:14.229874,0.6180000000000001,0.21400000000000002,5.924610324016106,30.31541788177432,-34.63892533333333,17.49377683333333
673.4286666666666,4.213983030697896,34.3624614311131,32.5079069038388,213.775483079914,2026-06-25 04:23:14.396498,0.6180000000000001,0.21200000000000002,5.924609354718042,30.374539103441023,-34.63892533333333,17.49377683333333
673.6193333333332,4.213938840036651,34.36246884211935,32.50783643959576,213.81024538048533,2026-06-25 04:23:14.413160,0.6180000000000001,0.21400000000000002,5.924612619883298,30.41179435219067,-34.63892533333333,17.49377683333333
673.7684999999999,4.213810424953938,34.362570608386434,32.507121640121674,213.76610740374576,2026-06-25 04:23:14.604777,0.6180000000000001,0.21400000000000002,5.926557740658428,30.40897231436867,-34.63892533333333,17.49377683333333
674.0316666666666,4.212866665976926,34.36270090729162,32.506530761301796,213.76691528040791,2026-06-25 04:23:14.779731,0.6180000000000001,0.21200000000000002,5.924603838343255,30.403993545965378,-34.63892533333333,17.49377683333333
674.2635,4.212577240248642,34.36273779692998,32.506343650335154,213.91612632210166,2026-06-25 04:23:14.829718,0.6180000000000001,0.21200000000000002,5.924606446837828,30.400088384915126,-34.63892533333333,17.49377683333333
674.4273333333333,4.211300472006523,34.36286006036685,32.506083266071805,213.7761712366226,2026-06-25 04:23:14.963017,0.6180000000000001,0.21200000000000002,5.924606446851806,30.40910804695342,-34.63892533333333,17.49377683333333
674.587,4.2105933180605195,34.36292076080256,32.505939141116734,214.08059470359564,2026-06-25 04:23:15.029666,0.6180000000000001,0.21200000000000002,5.92460256965955,30.417898317790335,-34.63892533333333,17.49377683333333
674.8455,4.209950068026274,34.363051809014195,32.50596638805267,213.81121976152778,2026-06-25 04:23:15.154633,0.6180000000000001,0.21200000000000002,5.926540313958741,30.43212974792401,-34.63892533333333,17.49377683333333
674.993,4.209823018767326,34.36313550228892,32.50602259120229,213.80966722851628,2026-06-25 04:23:15.229614,0.6180000000000001,0.21200000000000002,5.928505199386558,30.440250196452894,-34.63892533333333,17.49377683333333
675.2493333333333,4.209749804412608,34.363274830414355,32.505978894617975,213.81518782058075,2026-06-25 04:23:15.346250,0.6180000000000001,0.21200000000000002,5.924901040382218,30.454362343161844,-34.63892533333333,17.49377683333333
675.4200000000001,4.209212052408732,34.363459795828646,32.505689013254134,213.81407524587195,2026-06-25 04:23:15.492045,0.6180000000000001,0.21200000000000002,5.925893106869457,30.466577520627684,-34.63892533333333,17.49377683333333
675.67975,4.20692377400304,34.36374907953948,32.5047955977352,213.83025275137464,2026-06-25 04:23:15.704490,0.6180000000000001,0.21200000000000002,5.926833314315025,30.48528931495566,-34.63892533333333,17.49377683333333
676.065,4.20390789202594,34.364003219026856,32.50333735139743,213.84910437938245,2026-06-25 04:23:15.879444,0.6180000000000001,0.21200000000000002,5.928505199386558,30.42458346630045,-34.63892533333333,17.49377683333333
676.252,4.202539901244575,34.3641053528315,32.502255191755104,213.862861989115,2026-06-25 04:23:15.946094,0.6180000000000001,0.21200000000000002,5.925023235133912,30.391061005648034,-34.63892533333333,17.49377683333333
676.6700000000001,4.201463880425129,34.364192673143215,32.50156060398506,213.74379598292336,2026-06-25 04:23:16.004412,0.6180000000000001,0.21300000000000138,5.9284781562658875,30.31612844654257,-34.63892533333333,17.49377683333333
676.8683333333333,4.196462298364902,34.36451938327343,32.49718978821617,213.6278149569236,2026-06-25 04:23:16.212691,0.6180000000000001,0.21367543859649105,5.92518739557192,30.298960110973425,-34.63892533333333,17.49377683333333
677.2396666666667,4.194284772135639,34.364653182366474,32.49520713743737,213.64375149931683,2026-06-25 04:23:16.296002,0.6180000000000001,0.21400000000000002,5.925803005617999,30.365391730614594,-34.63892533333333,17.49377683333333
677.5115000000001,4.19033400255632,34.36490965602252,32.49146397453724,213.3964011577158,2026-06-25 04:23:16.454295,0.6180000000000001,0.21400000000000002,5.9245211421495165,30.414022777129286,-34.63892533333333,17.49377683333333
677.715,4.188742911465689,34.365032587995046,32.489819127434636,213.4098257885913,2026-06-25 04:23:16.529275,0.6180000000000001,0.21400000000000002,5.924517264356107,30.45042897442814,-34.63892533333333,17.49377683333333
677.8510000000001,4.186948136809722,34.36519736207099,32.488023948411424,213.4305605921302,2026-06-25 04:23:16.629249,0.6180000000000001,0.21299999999999528,5.926466787293276,30.472646732536404,-34.63892533333333,17.49377683333333
678.1859999999999,4.184831264313594,34.36544515540178,32.486272041428755,213.45472097596598,2026-06-25 04:23:16.754216,0.6180000000000001,0.2130000000000044,5.92449399691051,30.473599508474546,-34.63892533333333,17.49377683333333
678.1226666666666,4.184320834671436,34.365403832660164,32.486118815773544,213.4498531715135,2026-06-25 04:23:16.779210,0.6180000000000001,0.21338738738738608,5.925703182079295,30.473419381680273,-34.63892533333333,17.49377683333333
678.5815,4.180360252816376,34.365857072276484,32.483771687890155,213.19289134308278,2026-06-25 04:23:16.979158,0.6180000000000001,0.21200000000000002,5.92448624089023,30.498578112430003,-34.63892533333333,17.49377683333333
678.4445000000001,4.17920371183004,34.36577500542346,32.48312862724639,213.1994073229598,2026-06-25 04:23:17.029145,0.6180000000000001,0.21200000000000002,5.926445486687654,30.47433471020592,-34.63892533333333,17.49377683333333
678.903,4.175623807798058,34.36610164657344,32.48097210695758,213.23560687752334,2026-06-25 04:23:17.179106,0.6180000000000001,0.21200000000000002,5.924468789372661,30.56647051639523,-34.63892533333333,17.49377683333333
678.9995,4.174481329388419,34.36618249794171,32.4802319778407,213.09844313292473,2026-06-25 04:23:17.229093,0.6180000000000001,0.21200000000000002,5.924464911187727,30.58684879627904,-34.63892533333333,17.49377683333333
679.1903333333333,4.171369027435628,34.366422599432006,32.478129754542344,212.9972148014192,2026-06-25 04:23:17.379054,0.6180000000000001,0.2134859437750996,5.9244329423816575,30.627147812629573,-34.63892533333333,17.49377683333333
679.368,4.169374381770366,34.366580356408434,32.476767773468595,212.71206659434637,2026-06-25 04:23:17.479027,0.6180000000000001,0.21200000000000002,5.924435823940673,30.664666372830165,-34.63892533333333,17.49377683333333
679.702,4.168275575503626,34.36665831898893,32.47600955479677,213.01504175902136,2026-06-25 04:23:17.529014,0.6180000000000001,0.21200000000000002,5.924435823940673,30.73519845035546,-34.63892533333333,17.49377683333333
679.8123333333334,4.16583941372036,34.366812218498936,32.47414443571273,213.02168358716384,2026-06-25 04:23:17.628988,0.6180000000000001,0.21200000000000002,5.924443322144328,30.74402523786662,-34.63892533333333,17.49377683333333
680.0333333333333,4.162338107136766,34.3670384471178,32.47072582920092,212.755862205442,2026-06-25 04:23:17.778949,0.6180000000000001,0.21200000000000002,5.9244335614109,30.685250482589446,-34.63892533333333,17.49377683333333
680.2405,4.159829914261584,34.367258079346165,32.4675536452945,212.8047908485428,2026-06-25 04:23:17.928910,0.6180000000000001,0.21300000000000002,5.924395099104006,30.6301546901237,-34.63892533333333,17.49377683333333
680.356,4.159774106705307,34.367258469317576,32.46747383559054,212.80443190910879,2026-06-25 04:23:17.928910,0.6180000000000001,0.21200000000000002,5.924397038455204,30.60561043887442,-34.63892533333333,17.49377683333333
680.8346666666666,4.15797639140493,34.367516305924994,32.46550499609038,212.82233978132072,2026-06-25 04:23:18.112196,0.6180000000000001,0.21200000000000002,5.924391983563738,30.556065988423263,-34.63892533333333,17.49377683333333
681.0830000000001,4.157622253320662,34.36757474635348,32.46513194524755,212.83230604339676,2026-06-25 04:23:18.153852,0.6180000000000001,0.21400000000000002,5.924385402250107,30.530362217123727,-34.63892533333333,17.49377683333333
681.243,4.156666749361851,34.36774327200859,32.46488880398777,212.53752632652998,2026-06-25 04:23:18.278819,0.6180000000000001,0.21400000000000002,5.924393159752809,30.51380139803142,-34.63892533333333,17.49377683333333
681.4133333333334,4.155976462149611,34.36787376301521,32.46491520099162,212.84208118383333,2026-06-25 04:23:18.378793,0.6180000000000001,0.21200000000000002,5.924386937597488,30.496171026039395,-34.63892533333333,17.49377683333333
681.865,4.155094861706533,34.36806319468062,32.46484001620425,212.56634316681436,2026-06-25 04:23:18.528754,0.6180000000000001,0.2124285714285708,5.924375982296515,30.4389242617663,-34.63892533333333,17.49377683333333
682.05925,4.153836091652916,34.368273488953676,32.46408380532967,212.57869868839435,2026-06-25 04:23:18.703708,0.6180000000000001,0.21268750000000083,5.924371099088303,30.41282123664733,-34.63892533333333,17.49377683333333
682.457,4.152164881406783,34.3684453713189,32.46279365494493,212.58666735293357,2026-06-25 04:23:18.853669,0.6180000000000001,0.21200000000000002,5.924375705242347,30.36369159773291,-34.63892533333333,17.49377683333333
682.643,4.151157361145236,34.36852804039699,32.461990433606395,212.5986748873954,2026-06-25 04:23:18.928650,0.6180000000000001,0.21400000000000002,5.924369886950968,30.367390435611533,-34.63892533333333,17.49377683333333
682.7883333333333,4.149787940533828,34.368634524809956,32.46096427460775,212.55749533166033,2026-06-25 04:23:19.028624,0.6180000000000001,0.21200000000000002,5.92435825017238,30.370280567000563,-34.63892533333333,17.49377683333333
682.983,4.147660705776413,34.36881264120012,32.45947795209442,212.34476306496333,2026-06-25 04:23:19.203578,0.6180000000000001,0.21200000000000002,5.924348552661055,30.374151752163854,-34.63892533333333,17.49377683333333
683.2693333333333,4.147178724671468,34.36886759827541,32.45909759022131,212.3545829834926,2026-06-25 04:23:19.261896,0.6180000000000001,0.21200000000000002,5.924343251284734,30.379845841299588,-34.63892533333333,17.49377683333333
683.471,4.14650993645923,34.368932905278065,32.45861952649638,212.35681851386937,2026-06-25 04:23:19.328545,0.6180000000000001,0.21200000000000002,5.924346613142004,30.383856230038955,-34.63892533333333,17.49377683333333
683.7003333333333,4.145030522313431,34.36908352863377,32.45736120854676,212.3772006555209,2026-06-25 04:23:19.495169,0.6180000000000001,0.21200000000000002,5.9243344586398266,30.388416804340917,-34.63892533333333,17.49377683333333
683.9,4.144735701828125,34.369113287119326,32.4571058444496,212.3731638697141,2026-06-25 04:23:19.528493,0.6180000000000001,0.21200000000000002,5.924342734075923,30.392387420629976,-34.63892533333333,17.49377683333333
684.061,4.143477181811933,34.369198089722104,32.456032701539996,212.3810163390295,2026-06-25 04:23:19.628467,0.6180000000000001,0.21200000000000002,5.924342734075923,30.395589102879754,-34.63892533333333,17.49377683333333
684.2660000000001,4.141521777204179,34.36929815436798,32.45418771777942,212.3997638103635,2026-06-25 04:23:19.753435,0.6180000000000001,0.21200000000000002,5.9243349758038715,30.3996657790363,-34.63892533333333,17.49377683333333
684.437,4.140860834053971,34.36933093070409,32.45354185544398,212.4055398462011,2026-06-25 04:23:19.795090,0.6180000000000001,0.21200000000000002,5.9243340560613715,30.403066323537615,-34.63892533333333,17.49377683333333
684.6839999999999,4.138046265515929,34.36946712284884,32.45053935454378,212.45093919773248,2026-06-25 04:23:19.978376,0.6180000000000001,0.21200000000000002,5.924301773978559,30.407978221150625,-34.63892533333333,17.49377683333333
685.03,4.136694663887367,34.369536702605146,32.44917076878745,212.1656322283138,2026-06-25 04:23:20.078350,0.6180000000000001,0.21200000000000002,5.924303941876292,30.414858855053875,-34.63892533333333,17.49377683333333
685.2725,4.13498533872575,34.3696185913128,32.44771520176367,212.17483063214914,2026-06-25 04:23:20.203317,0.6210000000000001,0.21200000000000002,5.924305881549227,30.419681264653693,-34.63892533333333,17.49377683333333
685.46875,4.133877847697628,34.36966405353546,32.44671929772336,212.19052617362996,2026-06-25 04:23:20.278298,0.6180000000000001,0.21200000000000002,5.924296645362443,30.423583936340144,-34.63892533333333,17.49377683333333
685.855,4.131242984974444,34.36976753072488,32.444337252472366,212.21139575960916,2026-06-25 04:23:20.453252,0.6180000000000001,0.21200000000000002,5.924292303670789,30.431264990805836,-34.63892533333333,17.49377683333333
686.229,4.128678398896181,34.36987049143315,32.442465106254375,212.23830121435662,2026-06-25 04:23:20.628207,0.6180000000000001,0.21200000000000002,5.924280665157487,30.438702439013394,-34.63892533333333,17.49377683333333
686.363,4.128452014424934,34.369884748171614,32.442532534593546,212.24070236936512,2026-06-25 04:23:20.653200,0.6180000000000001,0.21200000000000002,5.924280665157487,30.441367193184014,-34.63892533333333,17.49377683333333
686.0554999999999,4.128022113679881,34.36985995469601,32.442132347835454,212.0986629697223,2026-06-25 04:23:20.678194,0.6180000000000001,0.21200000000000002,5.924274845886845,30.43525217894919,-34.63892533333333,17.49377683333333
686.7855,4.126039741892894,34.36996601401431,32.441553352452,212.26904811920264,2026-06-25 04:23:20.853148,0.6210000000000001,0.21200000000000002,5.924267086691424,30.449769123311533,-34.63892533333333,17.49377683333333
687.056,4.125156287454251,34.37000835124843,32.441494369426756,212.13292356992918,2026-06-25 04:23:20.953122,0.6210000000000001,0.21200000000000002,5.924263207051738,30.455148347215662,-34.63892533333333,17.49377683333333
687.2366666666667,4.124316077588239,34.37005722752011,32.441585397537864,211.9950329916203,2026-06-25 04:23:21.078089,0.6180000000000001,0.2126069651741291,5.924260089809072,30.458741125226798,-34.63892533333333,17.49377683333333
687.4125,4.123724664191821,34.37010217889149,32.4417945935558,212.15212698501992,2026-06-25 04:23:21.203057,0.6150000000000001,0.21400000000000002,5.924253507819599,30.462237786483026,-34.63892533333333,17.49377683333333
687.704,4.123479137330192,34.370127190439504,32.44196861279556,212.00601929865363,2026-06-25 04:23:21.278037,0.6180000000000001,0.21400000000000002,5.924257387543237,30.468034621115383,-34.63892533333333,17.49377683333333
687.899,4.123281087702171,34.37015062275703,32.44214061519807,212.01574569344734,2026-06-25 04:23:21.353018,0.6180000000000001,0.21400000000000002,5.924249628081968,30.471912435020393,-34.63892533333333,17.49377683333333
688.03175,4.122743212714363,34.37019325238896,32.44217988849479,212.01651988197113,2026-06-25 04:23:21.502979,0.6180000000000001,0.21400000000000002,5.924253184522122,30.474552331409573,-34.63892533333333,17.49377683333333
688.428,4.122031969530565,34.370225399155196,32.44180965871563,211.73417490277254,2026-06-25 04:23:21.627946,0.6180000000000001,0.21400000000000002,5.924249628095961,30.482432248126802,-34.63892533333333,17.49377683333333
688.6193333333334,4.121260747674449,34.37025163015729,32.441120633148465,211.73297611500078,2026-06-25 04:23:21.744582,0.6174567901234475,0.21400000000000002,5.924257387543237,30.486237145872916,-34.63892533333333,17.49377683333333
688.8216666666667,4.120642784913415,34.37027554386224,32.44041600547503,211.77618967872556,2026-06-25 04:23:21.861219,0.6124444444444404,0.21400000000000002,5.924238850891512,30.534186717956498,-34.63892533333333,17.49377683333333
689.402,4.12021724002175,34.370328395075596,32.43977888168331,211.75590707290633,2026-06-25 04:23:21.977855,0.6180000000000001,0.21400000000000002,5.924245748330344,30.791541915446015,-34.63892533333333,17.49377683333333
689.138,4.120108626918753,34.37029728286778,32.43954023008515,211.76093565718486,2026-06-25 04:23:22.027842,0.6120000000000001,0.21400000000000002,5.924237988715156,30.748905912056063,-34.63892533333333,17.49377683333333
689.2890000000001,4.119863168808689,34.37030573843111,32.439000193747184,211.76608845684993,2026-06-25 04:23:22.177803,0.6180000000000001,0.21400000000000002,5.924235188823712,30.799164648925906,-34.63892533333333,17.49377683333333
689.65775,4.119700899844581,34.37034037592019,32.438765200260846,211.76453765300886,2026-06-25 04:23:22.265280,0.6240000000000001,0.21400000000000002,5.924241697340158,30.774289578388647,-34.63892533333333,17.49377683333333
690.2855,4.118911217859758,34.37037595893252,32.43814306088426,211.77741514711693,2026-06-25 04:23:22.561036,0.6180000000000001,0.21400000000000002,5.924238331052354,30.731942932884184,-34.63892533333333,17.49377683333333
690.478,4.118498585099937,34.37038862533773,32.43795477580404,211.78507341140485,2026-06-25 04:23:22.677672,0.6180000000000001,0.21400000000000002,5.924234108865583,30.743126522469076,-34.63892533333333,17.49377683333333
690.652,4.118052232790323,34.3703991048315,32.437884313527306,211.7855236257331,2026-06-25 04:23:22.777646,0.6180000000000001,0.21400000000000002,5.924237988715156,30.75340689460718,-34.63892533333333,17.49377683333333
690.8555,4.117508929976604,34.370415269290156,32.43793042826433,211.79545769374235,2026-06-25 04:23:22.927607,0.6211499999999966,0.21400000000000002,5.924232071929864,30.765430203400875,-34.63892533333333,17.49377683333333
691.2455,4.117313221889873,34.37042678786693,32.43801277631948,211.80692295259269,2026-06-25 04:23:23.027581,0.6180000000000001,0.21400000000000002,5.924224409087723,30.74398933259346,-34.63892533333333,17.49377683333333
691.571,4.117194934084976,34.37045171669822,32.43805593937498,211.8088205604838,2026-06-25 04:23:23.077568,0.6180000000000001,0.21400000000000002,5.924226349082478,30.71658869291645,-34.63892533333333,17.49377683333333
691.499,4.117118850882837,34.3704322988765,32.43821242428547,211.80510913604536,2026-06-25 04:23:23.227529,0.6180000000000001,0.21400000000000002,5.924230228988023,30.722649663904914,-34.63892533333333,17.49377683333333
691.7846666666666,4.117098590565093,34.370456743049154,32.43824760188772,211.77535664478327,2026-06-25 04:23:23.260854,0.6180000000000001,0.21377777777778176,5.924230228988023,30.69860220030718,-34.63892533333333,17.49377683333333
692.0523333333334,4.11703950652619,34.370483120497376,32.4384889780671,211.6171223261858,2026-06-25 04:23:23.427477,0.6180000000000001,0.21200000000000002,5.924226349082478,30.67606997945654,-34.63892533333333,17.49377683333333
692.2386666666666,4.117048921863944,34.37051205925486,32.43886577420534,211.52666957720717,2026-06-25 04:23:23.577438,0.6180000000000001,0.21200000000000002,5.924222469148945,30.66001743095312,-34.63892533333333,17.49377683333333
692.355,4.117037985939206,34.370534361074164,32.439119333989645,211.52433510478923,2026-06-25 04:23:23.677412,0.6180000000000001,0.21200000000000002,5.924226349082478,30.63421496783248,-34.63892533333333,17.49377683333333
692.626,4.1170175964524525,34.37055332173074,32.439228473216104,211.67149034518562,2026-06-25 04:23:23.752392,0.6180000000000001,0.21200000000000002,5.92422828903525,30.57410779729648,-34.63892533333333,17.49377683333333
692.8756666666667,4.116967120202194,34.37059476144673,32.4392140006945,211.8135190394627,2026-06-25 04:23:23.894022,0.6180000000000001,0.21208080808080745,5.924222625913936,30.518732310541896,-34.63892533333333,17.49377683333333
693.2226666666666,4.11686656323561,34.37063411749642,32.439066301551584,211.78623066357338,2026-06-25 04:23:24.010658,0.6180000000000001,0.21400000000000002,5.924220940653812,30.566886348342884,-34.63892533333333,17.49377683333333
693.4606666666667,4.116669771519846,34.37070782402023,32.43864558929505,211.53957534484277,2026-06-25 04:23:24.193944,0.6180000000000001,0.21400000000000002,5.924222699070932,30.619073979312795,-34.63892533333333,17.49377683333333
693.931,4.116640415967089,34.37079750577746,32.43855528427146,211.83676398718984,2026-06-25 04:23:24.227268,0.6180000000000001,0.21400000000000002,5.924222469148945,30.625718190179292,-34.63892533333333,17.49377683333333
693.69,4.116443113867719,34.370721943775415,32.438145894040616,211.68589567932372,2026-06-25 04:23:24.377229,0.6180000000000001,0.21299999999999292,5.924226349068484,30.6693612203594,-34.63892533333333,17.49377683333333
694.092,4.116355515957206,34.370840441676904,32.438044301535086,211.54366457293042,2026-06-25 04:23:24.452210,0.6180000000000001,0.21200000000000002,5.924226349068483,30.59434928443527,-34.63892533333333,17.49377683333333
694.4382499999999,4.116316247466926,34.370935196359675,32.43808924421299,211.54956120100277,2026-06-25 04:23:24.602171,0.6180000000000001,0.21400000000000002,5.924223439132328,30.526886653293232,-34.63892533333333,17.49377683333333
694.694,4.116450152198354,34.371042368610915,32.43842997151327,211.55025732118503,2026-06-25 04:23:24.752132,0.6180000000000001,0.2129999999999972,5.924224409115712,30.48237913658342,-34.63892533333333,17.49377683333333
694.842,4.116489009071828,34.371059898688394,32.43850055787256,211.5565939965761,2026-06-25 04:23:24.777125,0.6180000000000001,0.21400000000000002,5.924218589187424,30.492928013028695,-34.63892533333333,17.49377683333333
695.0596666666667,4.1166809314411275,34.37118585135875,32.43898394547833,211.54810799151812,2026-06-25 04:23:24.927086,0.6180000000000001,0.21342982456140422,5.9242291228746,30.508442464197085,-34.63892533333333,17.49377683333333
695.495,4.116771017257561,34.371344759706794,32.43921105434716,211.55640681619832,2026-06-25 04:23:25.093709,0.6180000000000001,0.21341592920353986,5.9242236022268795,30.539471366533867,-34.63892533333333,17.49377683333333
695.693,4.116776603311925,34.37137737175809,32.43923517132515,211.8517700065208,2026-06-25 04:23:25.127034,0.6180000000000001,0.21200000000000002,5.924222469148945,30.55358405258903,-34.63892533333333,17.49377683333333
695.8795,4.116741962477048,34.37154208192314,32.43916593633148,211.70371614243493,2026-06-25 04:23:25.276995,0.6180000000000001,0.21300000000000002,5.924226349026504,30.566877062433925,-34.63892533333333,17.49377683333333
696.0735,4.116593966319985,34.371677523917704,32.43909680505813,211.5603307297717,2026-06-25 04:23:25.389466,0.6217012987013,0.21200000000000002,5.924225769583897,30.57617735168018,-34.63892533333333,17.49377683333333
696.314,4.116282783458545,34.371853070458876,32.439026164356555,211.5599606169768,2026-06-25 04:23:25.526930,0.6180000000000001,0.21200000000000002,5.924230228988023,30.587115209033957,-34.63892533333333,17.49377683333333
696.534,4.116151193840438,34.371921451297155,32.439008816364,211.56259744579492,2026-06-25 04:23:25.576917,0.6180000000000001,0.21200000000000002,5.924230228988023,30.597120733432426,-34.63892533333333,17.49377683333333
696.6475,4.115992869234061,34.37202806185111,32.438990990803035,211.5729416674784,2026-06-25 04:23:25.651897,0.6180000000000001,0.21200000000000002,5.924220529168185,30.60228267442891,-34.63892533333333,17.49377683333333
696.828,4.115885212957937,34.37213872301236,32.43899094071895,211.57330083004817,2026-06-25 04:23:25.726878,0.6240000000000001,0.21200000000000002,5.924222469148945,30.610491752401288,-34.63892533333333,17.49377683333333
697.047,4.115834487669751,34.37225445328096,32.43903994617777,211.5771717443266,2026-06-25 04:23:25.801858,0.6180000000000001,0.21200000000000002,5.924220529168184,30.63435357700827,-34.63892533333333,17.49377683333333
697.2205,4.115830706821272,34.37241550813332,32.4391964648187,211.57686184867097,2026-06-25 04:23:25.901832,0.6180000000000001,0.21200000000000002,5.924222469134951,30.65325780791836,-34.63892533333333,17.49377683333333
697.467,4.116020331408882,34.3726285625302,32.439552584700486,211.58143610510527,2026-06-25 04:23:26.026799,0.6180000000000001,0.21200000000000002,5.924218488381216,30.68011598036411,-34.63892533333333,17.49377683333333
697.822,4.11654737499784,34.372900424229314,32.44013649571661,211.57986326312982,2026-06-25 04:23:26.176760,0.6210000000000001,0.21200000000000002,5.924220529168185,30.718796107010128,-34.63892533333333,17.49377683333333
698.0233333333332,4.11687392372442,34.37305937635243,32.440465870054815,211.58055591807337,2026-06-25 04:23:26.260072,0.6180000000000001,0.21200000000000002,5.92421973746264,30.714768775711168,-34.63892533333333,17.49377683333333
698.627,4.117217722641275,34.37352245792216,32.44105918252119,211.58136286054295,2026-06-25 04:23:26.426695,0.6180000000000001,0.21200000000000002,5.924222469148945,30.692653020839767,-34.63892533333333,17.49377683333333
698.48875,4.117037172444704,34.373390519240296,32.44119482297331,211.57241819964557,2026-06-25 04:23:26.489179,0.6180000000000001,0.21200000000000002,5.924232324114349,30.697717907274285,-34.63892533333333,17.49377683333333
698.797,4.116577515044341,34.37381615537459,32.441437167850985,211.58236121768334,2026-06-25 04:23:26.626643,0.6180000000000001,0.21200000000000002,5.924226349082478,30.68642495072137,-34.63892533333333,17.49377683333333
699.11,4.1161266661581015,34.374078203264226,32.44154483682718,211.58722577670414,2026-06-25 04:23:26.743279,0.6180000000000001,0.21200000000000002,5.924226349082478,30.66560285460123,-34.63892533333333,17.49377683333333
699.269,4.115909937800616,34.37432856351248,32.44172643631323,211.43992140326856,2026-06-25 04:23:26.851584,0.6180000000000001,0.21200000000000002,5.924230228988023,30.65502549586927,-34.63892533333333,17.49377683333333
699.393,4.115858852787351,34.37450472965844,32.44191424457483,211.45316130488146,2026-06-25 04:23:26.926565,0.6180000000000001,0.21200000000000002,5.924216649164683,30.646776486543718,-34.63892533333333,17.49377683333333
699.734,4.116000275126972,34.374745115314916,32.442363614501595,211.3109005935291,2026-06-25 04:23:27.026539,0.6180000000000001,0.21200000000000002,5.924214709197917,30.62409171089845,-34.63892533333333,17.49377683333333
699.868,4.116429694738972,34.37503391289993,32.44335713600094,211.29985908099775,2026-06-25 04:23:27.143175,0.6180000000000001,0.21200000000000002,5.9242256215896925,30.61447968008112,-34.63892533333333,17.49377683333333
700.104,4.11684669815203,34.37524317112066,32.44424270818381,211.30071471817465,2026-06-25 04:23:27.226487,0.6180000000000001,0.21200000000000002,5.924224409087723,30.587017395669452,-34.63892533333333,17.49377683333333
700.33,4.11750130003927,34.375498165493255,32.445489070019974,211.30084335897993,2026-06-25 04:23:27.326461,0.6180000000000001,0.21200000000000002,5.924222469148945,30.560718767376923,-34.63892533333333,17.49377683333333
700.4465,4.118075653859687,34.375692524158524,32.44648014478577,211.15283371258894,2026-06-25 04:23:27.401441,0.6180000000000001,0.21200000000000002,5.924222469148945,30.54716217358896,-34.63892533333333,17.49377683333333
700.644,4.11924317394466,34.376087130529605,32.44839509879185,210.9958024726171,2026-06-25 04:23:27.551402,0.6180000000000001,0.21200000000000002,5.924229766234671,30.54411543891096,-34.63892533333333,17.49377683333333
701.0145,4.120232226237483,34.376487347526876,32.450196951423045,210.98463867415833,2026-06-25 04:23:27.701363,0.6150000000000001,0.21200000000000002,5.9242399286259495,30.622085471444063,-34.63892533333333,17.49377683333333
701.157,4.1206008169476585,34.37668941117456,32.451037384168444,210.9855215057382,2026-06-25 04:23:27.776343,0.6180000000000001,0.21200000000000002,5.924237988715156,30.652073945495264,-34.63892533333333,17.49377683333333
701.4196666666667,4.121120166375754,34.37705110220523,32.452263480037836,210.68944634424565,2026-06-25 04:23:27.909642,0.6180000000000001,0.21200000000000002,5.923551942522811,30.70735094561769,-34.63892533333333,17.49377683333333
701.7025,4.121283371739653,34.37716449267884,32.452562961880616,210.83907552321295,2026-06-25 04:23:27.951298,0.6180000000000001,0.21200000000000002,5.9242399286259495,30.766871928617544,-34.63892533333333,17.49377683333333
701.8679999999999,4.121959240664719,34.37764141587981,32.45355740271185,210.69255383879437,2026-06-25 04:23:28.126252,0.6180000000000001,0.21200000000000002,5.924237988701163,30.77640225980712,-34.63892533333333,17.49377683333333
701.993,4.121965159224106,34.37764143621476,32.453575262770634,210.6868205111327,2026-06-25 04:23:28.126252,0.6180000000000001,0.21200000000000002,5.924245748330344,30.782819269148316,-34.63892533333333,17.49377683333333
702.2356666666666,4.122464476230727,34.37805005789884,32.45403577483216,210.68520442612655,2026-06-25 04:23:28.276213,0.6166814814814857,0.21200000000000002,5.924246600920813,30.795276823282666,-34.63892533333333,17.49377683333333
702.352,4.122752769728427,34.378321548636414,32.45428184409433,210.39086573359316,2026-06-25 04:23:28.376187,0.6180000000000001,0.21200000000000002,5.924249628095961,30.8012489199762,-34.63892533333333,17.49377683333333
702.6643333333333,4.123017618780515,34.37859137818407,32.454555959954625,210.3930526315857,2026-06-25 04:23:28.476161,0.6180000000000001,0.21200000000000002,5.9242484878887085,30.815071638856526,-34.63892533333333,17.49377683333333
702.841,4.123291024898672,34.37892620223334,32.45496438821792,210.39353855925143,2026-06-25 04:23:28.601128,0.6180000000000001,0.21400000000000002,5.922286071925946,30.820867376070193,-34.63892533333333,17.49377683333333
703.024,4.12344262522401,34.37932184809226,32.45559897747763,210.24695843626108,2026-06-25 04:23:28.751089,0.6180000000000001,0.21400000000000002,5.924249628095961,30.826870884995294,-34.63892533333333,17.49377683333333
703.2529999999999,4.123413396149289,34.379322641020266,32.455638858291024,210.24752324539094,2026-06-25 04:23:28.751089,0.6180000000000001,0.21400000000000002,5.920328342465012,30.834383472666595,-34.63892533333333,17.49377683333333
703.516,4.123398156861504,34.37964773770037,32.45636833626115,210.10263752059967,2026-06-25 04:23:28.876057,0.6180000000000001,0.21400000000000002,5.924253507833591,30.843011466367695,-34.63892533333333,17.49377683333333
703.6322499999999,4.123535812188547,34.37999736321652,32.457389430072745,210.1114901149075,2026-06-25 04:23:29.013521,0.6180000000000001,0.21400000000000002,5.920320094911907,30.838085176943625,-34.63892533333333,17.49377683333333
703.843,4.123649601389073,34.380155396188286,32.45786266604763,210.11395653799084,2026-06-25 04:23:29.076005,0.6180000000000001,0.21400000000000002,5.924241868536743,30.78960195005884,-34.63892533333333,17.49377683333333
703.9956666666667,4.124237585240903,34.38060327789709,32.458887915203626,209.81035984488724,2026-06-25 04:23:29.259290,0.6180000000000001,0.21400000000000002,5.924254715566897,30.754480846202405,-34.63892533333333,17.49377683333333
704.1904999999999,4.124385203357696,34.380704868358876,32.459116196261945,209.8123417529784,2026-06-25 04:23:29.300946,0.6180000000000001,0.21400000000000002,5.922291905681649,30.709659262787408,-34.63892533333333,17.49377683333333
704.4214999999999,4.124654486470105,34.38105682580844,32.459608215870986,209.80920256462923,2026-06-25 04:23:29.450907,0.6180000000000001,0.21400000000000002,5.922295785405276,30.724486427338036,-34.63892533333333,17.49377683333333
704.644,4.124773445464096,34.381395331485216,32.45990680503736,209.67844024902467,2026-06-25 04:23:29.600868,0.6180000000000001,0.21306666666666693,5.9203302894084775,30.74251330685435,-34.63892533333333,17.49377683333333
705.001,4.124782338125738,34.38166869667345,32.46009405600102,209.81306968325435,2026-06-25 04:23:29.725835,0.6180000000000001,0.21200000000000002,5.92033418326732,30.771437333763654,-34.63892533333333,17.49377683333333
705.2496666666667,4.1247753420833595,34.381879068296826,32.46018436615331,209.52606683775338,2026-06-25 04:23:29.825809,0.6180000000000001,0.21200000000000002,5.920333507450425,30.791584228324208,-34.63892533333333,17.49377683333333
705.541,4.124756382282724,34.38218385009982,32.4602059424789,209.5346719627827,2026-06-25 04:23:29.975770,0.6180000000000001,0.21200000000000002,5.920326395521548,30.813966339236654,-34.63892533333333,17.49377683333333
705.6626666666667,4.124674751026547,34.38224814814518,32.46016815678675,209.53205703688633,2026-06-25 04:23:30.009095,0.6180000000000001,0.21200000000000002,5.920331031095876,30.82319659961921,-34.63892533333333,17.49377683333333
705.8953333333334,4.124155510825088,34.38256565181741,32.459985812588066,209.237571346722,2026-06-25 04:23:30.175718,0.6180000000000001,0.21200000000000002,5.920341970900746,30.84084789207681,-34.63892533333333,17.49377683333333
706.259,4.123595492591306,34.3829213725373,32.459848681205415,209.2552077444512,2026-06-25 04:23:30.300685,0.6180000000000001,0.21200000000000002,5.9203283424369255,30.868437519686037,-34.63892533333333,17.49377683333333
706.057,4.123264580235609,34.38279118965073,32.459810698205544,209.26031075868468,2026-06-25 04:23:30.375666,0.6180000000000001,0.21200000000000002,5.920322501606531,30.853112758612532,-34.63892533333333,17.49377683333333
706.4365,4.1228439365707175,34.38308779452541,32.459830552495674,209.26041868240387,2026-06-25 04:23:30.475640,0.6180000000000001,0.21200000000000002,5.920328342465012,30.86851465003919,-34.63892533333333,17.49377683333333
706.851,4.122510353435101,34.383287896886145,32.459876577549515,209.27078037153305,2026-06-25 04:23:30.575614,0.6180000000000001,0.21300000000000002,5.920322501550356,30.866223897151485,-34.63892533333333,17.49377683333333
706.693,4.1224025735823036,34.383245661340524,32.45988977137526,209.26309913680674,2026-06-25 04:23:30.600607,0.6180000000000001,0.21200000000000002,5.920330289394434,30.867097091255847,-34.63892533333333,17.49377683333333
707.0776666666667,4.121826962945673,34.383548950748256,32.45996025884285,208.98369475721356,2026-06-25 04:23:30.775562,0.6180000000000001,0.21200000000000002,5.920326395521548,30.86497121362624,-34.63892533333333,17.49377683333333
707.3979999999999,4.121353052383304,34.38372347216671,32.45998011281205,208.98199358582124,2026-06-25 04:23:30.900529,0.6180000000000001,0.21200000000000002,5.92033418326732,30.863200877056006,-34.63892533333333,17.49377683333333
707.5885000000001,4.121125863219254,34.38385544489077,32.45998082035388,209.00345387267313,2026-06-25 04:23:31.000503,0.6180000000000001,0.21200000000000002,5.920312766692596,30.862148070240305,-34.63892533333333,17.49377683333333
707.8293333333335,4.121102086839858,34.384011099080034,32.45997868244726,209.00141868949288,2026-06-25 04:23:31.125470,0.6180000000000001,0.21200000000000002,5.920317526004763,30.860817093994733,-34.63892533333333,17.49377683333333
708.0854999999999,4.121350364787036,34.38415769935385,32.45999429009514,208.99967769153838,2026-06-25 04:23:31.250438,0.6180000000000001,0.21300000000000108,5.920320554634979,30.85940137739304,-34.63892533333333,17.49377683333333
708.183,4.121603842075293,34.384241134545,32.46002457395689,209.007698185356,2026-06-25 04:23:31.325418,0.6180000000000001,0.21200000000000002,5.920310819692956,30.85886253925902,-34.63892533333333,17.49377683333333
708.4895,4.121949542206259,34.38434633062328,32.46011370731148,208.85588967272454,2026-06-25 04:23:31.425392,0.6180000000000001,0.21200000000000002,5.920320554606892,30.85716865322746,-34.63892533333333,17.49377683333333
708.578,4.1219540617162735,34.384347035007465,32.46010659004567,208.71074372360403,2026-06-25 04:23:31.425392,0.6180000000000001,0.21200000000000002,5.920322501606531,30.85667955399812,-34.63892533333333,17.49377683333333
708.918,4.122354418743639,34.38453956317028,32.460431321892955,208.70819166296468,2026-06-25 04:23:31.625340,0.6180000000000001,0.21200000000000002,5.920326395521548,30.854800528710253,-34.63892533333333,17.49377683333333
708.9782499999999,4.122415821884041,34.38457498979557,32.46049547357555,208.71507094267054,2026-06-25 04:23:31.662830,0.6180000000000001,0.21200000000000002,5.920318746732824,30.854467554376154,-34.63892533333333,17.49377683333333
709.4783333333334,4.121812314129273,34.384756770320706,32.460730876774285,208.71333656276317,2026-06-25 04:23:31.875275,0.6180000000000001,0.21200000000000002,5.920329212689743,30.851703821348583,-34.63892533333333,17.49377683333333
709.611,4.121046888545916,34.38483494831165,32.4606213063011,208.73098212461474,2026-06-25 04:23:31.975249,0.6180000000000001,0.21200000000000002,5.920314713692235,30.850970633049986,-34.63892533333333,17.49377683333333
709.916,4.120032138069715,34.38490844880905,32.46026163305646,208.7252085044137,2026-06-25 04:23:32.075223,0.6180000000000001,0.21200000000000002,5.9203302894084775,30.84928503683587,-34.63892533333333,17.49377683333333
710.052,4.1197003138776935,34.384931269295016,32.46005535093312,208.72891748965856,2026-06-25 04:23:32.108547,0.6180000000000001,0.21200000000000002,5.920329362289198,30.848533426720724,-34.63892533333333,17.49377683333333
710.334,4.118583377962573,34.38501122529619,32.45939272837267,208.46853182890686,2026-06-25 04:23:32.225184,0.6180000000000001,0.21200000000000002,5.920306925665588,30.846974941040788,-34.63892533333333,17.49377683333333
710.45,4.1176917472334775,34.385089678122924,32.45876046357505,208.61464957947578,2026-06-25 04:23:32.350151,0.6180000000000001,0.21200000000000002,5.920310819692956,30.846333861824927,-34.63892533333333,17.49377683333333
710.5540000000001,4.117755536284296,34.3850904994147,32.45881103975066,208.47462292111356,2026-06-25 04:23:32.350151,0.6180000000000001,0.21200000000000002,5.920306925665588,30.845759101148637,-34.63892533333333,17.49377683333333
710.783,4.117129901119739,34.385179035352806,32.458396184329345,208.48146411509657,2026-06-25 04:23:32.500112,0.6180000000000001,0.21200000000000002,5.920304978637859,30.84449352235181,-34.63892533333333,17.49377683333333
711.0625,4.117037311740431,34.3852344056711,32.45838555687748,208.48783059858133,2026-06-25 04:23:32.600086,0.6180000000000001,0.21200000000000002,5.920301084568358,30.842948853034287,-34.63892533333333,17.49377683333333
711.1606666666667,4.11705848851494,34.385299862642604,32.45854696497102,208.489229834844,2026-06-25 04:23:32.725053,0.6180000000000001,0.21200000000000002,5.920300291329117,30.842406330536956,-34.63892533333333,17.49377683333333
711.374,4.117092697429873,34.38534991769539,32.458731500902005,208.48516602837324,2026-06-25 04:23:32.825027,0.6180000000000001,0.21200000000000002,5.920306925665588,30.841227334277903,-34.63892533333333,17.49377683333333
711.6779999999999,4.1171391505613855,34.38540917502711,32.45899512955554,208.49331791011613,2026-06-25 04:23:32.949995,0.6180000000000001,0.21200000000000002,5.920300435554434,30.839547264608754,-34.63892533333333,17.49377683333333
711.826,4.117178259050075,34.385488409802484,32.459264781081494,208.4853127709145,2026-06-25 04:23:33.124949,0.6180000000000001,0.21200000000000002,5.920310819692956,30.838729335954035,-34.63892533333333,17.49377683333333
712.114,4.11720678653828,34.385510196240176,32.45927510131046,208.20345541147543,2026-06-25 04:23:33.174936,0.6180000000000001,0.21200000000000002,5.920306925665588,30.818234635834965,-34.63892533333333,17.49377683333333
712.2406666666666,4.117242096015594,34.38552397155741,32.45920897093787,208.49610733692623,2026-06-25 04:23:33.208261,0.6180000000000001,0.21200000000000002,5.920302409638453,30.809220763097418,-34.63892533333333,17.49377683333333
712.414,4.117314858365075,34.38557381598531,32.45915170791362,208.20898043208828,2026-06-25 04:23:33.324897,0.6180000000000001,0.21200000000000002,5.920303031596086,30.796885989877605,-34.63892533333333,17.49377683333333
712.6085,4.117386581247689,34.385625539963925,32.4590408920332,208.2069454819469,2026-06-25 04:23:33.449864,0.6180000000000001,0.21200000000000002,5.920306925651544,30.78304495108191,-34.63892533333333,17.49377683333333
712.844,4.117457732276792,34.38566618955369,32.45903757689788,208.21039735378363,2026-06-25 04:23:33.549838,0.6180000000000001,0.21200000000000002,5.920304978637859,30.776206811231916,-34.63892533333333,17.49377683333333
712.9935,4.117604532694042,34.38572647646569,32.45916062997074,208.21264820249166,2026-06-25 04:23:33.699799,0.6180000000000001,0.21200000000000002,5.920303031610131,30.81191562590375,-34.63892533333333,17.49377683333333
713.193,4.117594612886926,34.385726504732325,32.45916789545919,208.2145367852959,2026-06-25 04:23:33.699799,0.6180000000000001,0.21200000000000002,5.920303031610131,30.859567187957463,-34.63892533333333,17.49377683333333
713.6129999999999,4.117666014817121,34.385796592437394,32.459386250843046,208.2145557636072,2026-06-25 04:23:33.874754,0.6133972602739775,0.21200000000000002,5.920306925665588,30.959886265965295,-34.63892533333333,17.49377683333333
713.8335,4.117586460432959,34.38584689816316,32.45957483853509,208.21861455315724,2026-06-25 04:23:33.999721,0.6180000000000001,0.21200000000000002,5.920304978637859,31.012553781919415,-34.63892533333333,17.49377683333333
714.03025,4.117327985046436,34.38591326346335,32.45985741279923,208.22299024842923,2026-06-25 04:23:34.162179,0.6126052631578875,0.21200000000000002,5.9203034244315145,31.01269653763046,-34.63892533333333,17.49377683333333
714.256,4.117205826110423,34.385938934943454,32.45996574573659,208.2225981566105,2026-06-25 04:23:34.224663,0.6180000000000001,0.21200000000000002,5.920306925665588,30.980100014291327,-34.63892533333333,17.49377683333333
714.3725,4.117060214488567,34.38599132761405,32.460221279734704,208.08234995150883,2026-06-25 04:23:34.349630,0.6180000000000001,0.21200000000000002,5.920304978637859,30.963278331150647,-34.63892533333333,17.49377683333333
714.7935,4.117206685094586,34.38605587958297,32.46061953953607,208.23247416183776,2026-06-25 04:23:34.499591,0.6150000000000001,0.21200000000000002,5.920301084540268,30.902489244436225,-34.63892533333333,17.49377683333333
715.0346666666666,4.1172726308124,34.3860814784039,32.46076649857279,208.22612663543433,2026-06-25 04:23:34.557909,0.6163749999999879,0.21200000000000002,5.920310495147372,30.88067834709474,-34.63892533333333,17.49377683333333
715.3810000000001,4.1173964269914,34.386155737457706,32.46109264571554,208.2333988894767,2026-06-25 04:23:34.699539,0.6149999999999954,0.21200000000000002,5.920304978637859,30.850291913171713,-34.63892533333333,17.49377683333333
715.315,4.11741994184868,34.386144653147454,32.46114843937494,207.94023598924937,2026-06-25 04:23:34.724532,0.6120000000000001,0.21200000000000002,5.920310819692956,30.856082590666187,-34.63892533333333,17.49377683333333
715.668,4.117356139408242,34.3862251308256,32.46141104783212,207.95386064584815,2026-06-25 04:23:34.874493,0.6180000000000001,0.21200000000000002,5.920299137526586,30.82511123982455,-34.63892533333333,17.49377683333333
715.831,4.117305041420992,34.386241056887854,32.46150520428436,207.94351148978046,2026-06-25 04:23:34.907818,0.6180000000000001,0.21200000000000002,5.920313020642964,30.830162263091832,-34.63892533333333,17.49377683333333
715.971,4.11718077383754,34.38632121829475,32.462014556738325,207.95400654841944,2026-06-25 04:23:35.074441,0.6180000000000001,0.21200000000000002,5.920303031610131,30.868051486872808,-34.63892533333333,17.49377683333333
716.2536666666666,4.1172573738662495,34.386337845180954,32.462149313177086,207.95958924700923,2026-06-25 04:23:35.107766,0.6180000000000001,0.21200000000000002,5.920299137526586,30.94455163393534,-34.63892533333333,17.49377683333333
716.424,4.117970934977021,34.38643026839704,32.46298103470071,207.94940269092862,2026-06-25 04:23:35.291051,0.6180000000000001,0.21200000000000002,5.920308370610306,30.99065018953554,-34.63892533333333,17.49377683333333
716.612,4.118157666591035,34.386447249679556,32.46314545599741,207.96159654638356,2026-06-25 04:23:35.324376,0.6180000000000001,0.21200000000000002,5.92029524341495,31.041530004327136,-34.63892533333333,17.49377683333333
717.0360000000001,4.119506008423023,34.3865528260645,32.464162140350474,207.94610436228572,2026-06-25 04:23:35.490999,0.6180000000000001,0.21200000000000002,5.920309566442769,31.032747549086835,-34.63892533333333,17.49377683333333
716.836,4.11979745717886,34.38653514147307,32.46437269468874,207.94512185979474,2026-06-25 04:23:35.524324,0.6180000000000001,0.21200000000000002,5.920306925665588,31.036890216653013,-34.63892533333333,17.49377683333333
717.2316666666667,4.120999794191344,34.386644148676204,32.4653624645892,207.93400901659814,2026-06-25 04:23:35.690947,0.6180000000000001,0.21200000000000002,5.920316756609576,31.028694639317923,-34.63892533333333,17.49377683333333
717.463,4.121227988579345,34.386662516589986,32.465556467762234,207.93674297801317,2026-06-25 04:23:35.724272,0.6180000000000001,0.21200000000000002,5.920314713692235,31.023902953833044,-34.63892533333333,17.49377683333333
717.612,4.121518342165925,34.386718848547304,32.46617227187127,207.92640821507533,2026-06-25 04:23:35.824246,0.6180000000000001,0.21200000000000002,5.920326395521548,31.02081666649624,-34.63892533333333,17.49377683333333
717.809,4.121563585219833,34.3867907424275,32.46691544440907,207.74247192165356,2026-06-25 04:23:35.949213,0.6180000000000001,0.21200000000000002,5.920317253229506,31.033910996568345,-34.63892533333333,17.49377683333333
718.146,4.1214807496838795,34.38686377598963,32.46756939725859,207.9380855438555,2026-06-25 04:23:36.074180,0.6180000000000001,0.21200000000000002,5.920318607663427,31.05631094192011,-34.63892533333333,17.49377683333333
718.3943333333333,4.121354811262482,34.38693345684368,32.468021992018826,207.85211635734572,2026-06-25 04:23:36.190817,0.6180000000000001,0.21200000000000002,5.920321328869281,31.07281733092809,-34.63892533333333,17.49377683333333
718.6386666666667,4.1212632728788305,34.38700409064203,32.46833545572088,207.89597450506997,2026-06-25 04:23:36.307453,0.6180000000000001,0.21200000000000002,5.9203192452681455,31.0890578452138,-34.63892533333333,17.49377683333333
718.894,4.121200335501607,34.38707563817944,32.46846106190899,207.66250741435903,2026-06-25 04:23:36.424089,0.6180000000000001,0.21200000000000002,5.920314713692235,31.016189343273727,-34.63892533333333,17.49377683333333
719.118,4.1211023240929965,34.387137945882316,32.46833766116628,207.66243212227644,2026-06-25 04:23:36.524063,0.6180000000000001,0.21200000000000002,5.920317634149564,30.949272642910216,-34.63892533333333,17.49377683333333
719.4005,4.120894154923228,34.38726449389055,32.467825769372794,207.66504945920119,2026-06-25 04:23:36.724011,0.6180000000000001,0.21200000000000002,5.920318607663427,30.86487992928217,-34.63892533333333,17.49377683333333
719.6436666666667,4.120923746251756,34.38726462067123,32.46783315684889,207.663750754532,2026-06-25 04:23:36.724011,0.6180000000000001,0.21200000000000002,5.920322501606531,30.79223746958695,-34.63892533333333,17.49377683333333
719.991,4.121098403883807,34.38739342546614,32.46741458891673,207.67333134460165,2026-06-25 04:23:36.923959,0.6180000000000001,0.21200000000000002,5.92031393489238,30.83839392924603,-34.63892533333333,17.49377683333333
720.219,4.121217969536627,34.38749154549595,32.46730024869762,207.6641959661808,2026-06-25 04:23:37.073920,0.6180000000000001,0.21200000000000002,5.920326006130046,30.899342108692576,-34.63892533333333,17.49377683333333
720.467,4.1211309104218925,34.387557515310185,32.467295036370864,207.66648096393865,2026-06-25 04:23:37.173894,0.6180000000000001,0.21200000000000002,5.920326395521548,30.90030965994272,-34.63892533333333,17.49377683333333
720.602,4.121046062898957,34.38759068212843,32.46733478252982,207.67487044899008,2026-06-25 04:23:37.223881,0.6180000000000001,0.21200000000000002,5.920318607663427,30.900836351147436,-34.63892533333333,17.49377683333333
720.8266666666667,4.120841885678179,34.38765734584996,32.46752807552628,207.67786663582746,2026-06-25 04:23:37.323855,0.6180000000000001,0.21200000000000002,5.920318607663427,30.90171286934985,-34.63892533333333,17.49377683333333
721.2682,4.1204131007950355,34.38779848763116,32.46814551631946,207.68387902125554,2026-06-25 04:23:37.533800,0.6180000000000001,0.21200000000000002,5.920318607663427,30.9034354747073,-34.63892533333333,17.49377683333333
721.459,4.120229088658306,34.387859244075834,32.46839453707816,207.68985613991697,2026-06-25 04:23:37.623776,0.6180000000000001,0.21200000000000002,5.920314713692235,30.9041798649433,-34.63892533333333,17.49377683333333
721.661,4.119993783075612,34.38792709123645,32.468450702684905,207.68941373160152,2026-06-25 04:23:37.723750,0.6180000000000001,0.21200000000000002,5.920318607663427,30.891024448002455,-34.63892533333333,17.49377683333333
721.883,4.119868949471802,34.38797811374736,32.46841618465015,207.6903165897389,2026-06-25 04:23:37.798731,0.6180000000000001,0.21200000000000002,5.920320554634979,30.87656651453281,-34.63892533333333,17.49377683333333
722.066,4.119820783586713,34.388046275998015,32.46836816984191,207.7023000955247,2026-06-25 04:23:37.898705,0.6180000000000001,0.21200000000000002,5.920308872679272,30.864648488294325,-34.63892533333333,17.49377683333333
722.239,4.119873391994396,34.388114557024025,32.46835574705194,207.70014471957256,2026-06-25 04:23:37.998679,0.6180000000000001,0.21299999999999056,5.920312766692596,30.853381720320236,-34.63892533333333,17.49377683333333
722.4473333333332,4.119883039729188,34.38820000401634,32.468283308954135,207.70069296231404,2026-06-25 04:23:38.123646,0.6180000000000001,0.21200000000000002,5.9203141447060394,30.836815350030594,-34.63892533333333,17.49377683333333
722.864,4.119747773581438,34.38826837814981,32.46814575777961,207.70122558945206,2026-06-25 04:23:38.223620,0.6180000000000001,0.21200000000000002,5.920318607663427,30.80350477480196,-34.63892533333333,17.49377683333333
722.9594999999999,4.119590376577092,34.38831963277667,32.46803837389615,207.70112903044017,2026-06-25 04:23:38.298601,0.6180000000000001,0.21200000000000002,5.920320554634979,30.79586999095957,-34.63892533333333,17.49377683333333
723.2859999999998,4.11958509406111,34.38843045553976,32.46797444086614,207.7056931722247,2026-06-25 04:23:38.461058,0.6180000000000001,0.21200000000000002,5.920318607663427,30.773050890404015,-34.63892533333333,17.49377683333333
723.417,4.119756507196421,34.388506977086294,32.46801734825416,207.71777798470373,2026-06-25 04:23:38.573529,0.6180000000000001,0.21200000000000002,5.920304978609771,30.79125015697636,-34.63892533333333,17.49377683333333
723.622,4.119862464844022,34.38857475614394,32.46808129858218,207.71057098018332,2026-06-25 04:23:38.673503,0.6180000000000001,0.21200000000000002,5.920314713692235,30.819729925276544,-34.63892533333333,17.49377683333333
723.8145,4.119728380397731,34.38862536066652,32.468072223357765,207.7112497009063,2026-06-25 04:23:38.748483,0.6180000000000001,0.21300000000000002,5.920316660677831,30.846473122338917,-34.63892533333333,17.49377683333333
724.0145,4.11852761572564,34.38872584844724,32.467587253954434,207.7240551538423,2026-06-25 04:23:38.898444,0.6180000000000001,0.21200000000000002,5.920310819678912,30.87425826214399,-34.63892533333333,17.49377683333333
724.23025,4.117518007380228,34.388775748429936,32.46707081849458,207.4731174682762,2026-06-25 04:23:38.973425,0.6180000000000001,0.21200000000000002,5.9203079965153895,30.896203320013853,-34.63892533333333,17.49377683333333
724.823,4.113188137152026,34.38897233728852,32.46448265064592,207.47465620234962,2026-06-25 04:23:39.190035,0.6180000000000001,0.21200000000000002,5.920306925665588,30.80392059803322,-34.63892533333333,17.49377683333333
724.7325,4.111091001922328,34.388918289733844,32.46307643681838,207.63792152541842,2026-06-25 04:23:39.273347,0.6180000000000001,0.21200000000000002,5.920295243358771,30.818010157441485,-34.63892533333333,17.49377683333333
725.424,4.1084015998327095,34.389068303892714,32.461092711590815,207.5243471669198,2026-06-25 04:23:39.373320,0.6180000000000001,0.21200000000000002,5.920283560911507,30.75876548514722,-34.63892533333333,17.49377683333333
725.269,4.106975356978236,34.3890365504545,32.45993981017436,207.53012599453461,2026-06-25 04:23:39.423307,0.6180000000000001,0.21200000000000002,5.920283560911507,30.734484758297473,-34.63892533333333,17.49377683333333
725.6365,4.102847787375277,34.38914655362265,32.45638712694206,207.57665721800825,2026-06-25 04:23:39.548275,0.6180000000000001,0.21200000000000002,5.920257552518142,30.792053578408964,-34.63892533333333,17.49377683333333
725.939,4.097950600765536,34.38922357260243,32.45197857059793,207.3117829174375,2026-06-25 04:23:39.673242,0.6180000000000001,0.21200000000000002,5.920264089510621,30.839440158228637,-34.63892533333333,17.49377683333333
726.0479999999999,4.092549661099764,34.389293532885205,32.44693012915889,207.36172251289108,2026-06-25 04:23:39.789879,0.6180000000000001,0.21200000000000002,5.920238792167179,30.85651499194877,-34.63892533333333,17.49377683333333
726.281,4.0874237350241955,34.38935711520566,32.4422397873958,207.40809256024943,2026-06-25 04:23:39.898184,0.6180000000000001,0.21200000000000002,5.9202173550582735,30.899533355725172,-34.63892533333333,17.49377683333333
726.353,4.086186231259373,34.38937197312092,32.44107010540506,207.42170295830834,2026-06-25 04:23:39.923177,0.6180000000000001,0.21200000000000002,5.920209565851784,30.918904632859515,-34.63892533333333,17.49377683333333
726.6535,4.079730883735334,34.38945692127947,32.435500755945554,207.33726409170652,2026-06-25 04:23:40.073138,0.6180000000000001,0.21200000000000002,5.920182301732557,30.99975281034383,-34.63892533333333,17.49377683333333
726.867,4.079631343216638,34.38945710625864,32.43541506462692,207.18983578924394,2026-06-25 04:23:40.073138,0.6180000000000001,0.21200000000000002,5.920190091781957,31.05719402795745,-34.63892533333333,17.49377683333333
727.041,4.074875509448377,34.38953877385655,32.43133506509607,207.2514864806795,2026-06-25 04:23:40.223099,0.6180000000000001,0.21200000000000002,5.916224325097136,31.104007947698797,-34.63892533333333,17.49377683333333
727.247,4.072703422119277,34.38959143117807,32.429397232033686,207.2751626821113,2026-06-25 04:23:40.323073,0.6180000000000001,0.21200000000000002,5.920135560649317,31.096208407797352,-34.63892533333333,17.49377683333333
727.46675,4.07120878214635,34.38965435552318,32.42800802326502,207.136341398295,2026-06-25 04:23:40.448040,0.6180000000000001,0.21200000000000002,5.920127435268597,31.08516330219111,-34.63892533333333,17.49377683333333
727.8040000000001,4.0702044292608495,34.38972660797252,32.427134195344536,207.16143377151442,2026-06-25 04:23:40.598001,0.6180000000000001,0.21200000000000002,5.9181599356853845,31.068212394952408,-34.63892533333333,17.49377683333333
727.9559999999999,4.069801592843669,34.38977214968931,32.4268969161933,207.15971564591217,2026-06-25 04:23:40.697975,0.6180000000000001,0.21200000000000002,5.9181657928758655,31.060572549436387,-34.63892533333333,17.49377683333333
728.21975,4.069152117861276,34.38983623929483,32.42663563003762,207.31769067108584,2026-06-25 04:23:40.847936,0.6180000000000001,0.21200000000000002,5.916192966772629,31.04253434837622,-34.63892533333333,17.49377683333333
728.644,4.068185032949263,34.38989587968672,32.42638810683559,207.03599507185282,2026-06-25 04:23:40.997897,0.6180000000000001,0.21200000000000002,5.9181599427627525,31.013430855915576,-34.63892533333333,17.49377683333333
728.8175,4.066931758864129,34.389953604363775,32.42600233979819,207.04884545315335,2026-06-25 04:23:41.160355,0.6180000000000001,0.21200000000000002,5.918415685301815,31.0015287794467,-34.63892533333333,17.49377683333333
729.0903333333334,4.0661334135622695,34.39000056940929,32.42558216556062,207.05693720159286,2026-06-25 04:23:41.306150,0.6180000000000001,0.21200000000000002,5.916190166588322,30.98281244978334,-34.63892533333333,17.49377683333333
729.4245000000001,4.065661606053117,34.39004118903381,32.42512787314749,207.07077390785486,2026-06-25 04:23:41.447780,0.6180000000000001,0.21200000000000002,5.920104397515117,31.17076436073627,-34.63892533333333,17.49377683333333
729.6307499999999,4.064933276224918,34.390077599822824,32.42429153060824,207.07626213709418,2026-06-25 04:23:41.597741,0.6180000000000001,0.21200000000000002,5.920104397529169,31.244848765641766,-34.63892533333333,17.49377683333333
729.867,4.063910158103755,34.39010398157287,32.42318065052352,206.79781269241303,2026-06-25 04:23:41.722708,0.6180000000000001,0.21200000000000002,5.916180358276003,31.24334671668319,-34.63892533333333,17.49377683333333
730.0703333333332,4.062504547495254,34.39012141702853,32.421890489302115,206.8134262562945,2026-06-25 04:23:41.822682,0.6180000000000001,0.21200000000000002,5.916172538904386,31.242053947914616,-34.63892533333333,17.49377683333333
730.31,4.060679804841179,34.39013654345103,32.420380436381414,206.82136008286545,2026-06-25 04:23:41.922656,0.6180000000000001,0.21200000000000002,5.916176448604299,31.240530176202142,-34.63892533333333,17.49377683333333
730.371,4.0595747658055075,34.390142951042634,32.41952092669356,206.830812528062,2026-06-25 04:23:41.972643,0.6180000000000001,0.21200000000000002,5.916172538904386,31.24014234557157,-34.63892533333333,17.49377683333333
730.65,4.0577284786664265,34.39015117898103,32.418132242649094,206.85271280756396,2026-06-25 04:23:42.047623,0.6180000000000001,0.21200000000000002,5.918122864650549,31.238368497277634,-34.63892533333333,17.49377683333333
730.843,4.054351519409228,34.390161457954015,32.41570171854183,206.593519722935,2026-06-25 04:23:42.172591,0.6180000000000001,0.21200000000000002,5.916152049633434,31.237141426594018,-34.63892533333333,17.49377683333333
731.28075,4.049403249283198,34.390167249674015,32.41226883559251,206.65390308153587,2026-06-25 04:23:42.347545,0.6180000000000001,0.21200000000000002,5.916129873789217,31.234358264978713,-34.63892533333333,17.49377683333333
731.404,4.0446033474545855,34.390167249674015,32.40863337295402,206.68364859664067,2026-06-25 04:23:42.522500,0.6180000000000001,0.21200000000000002,5.916109979869409,31.233574656368578,-34.63892533333333,17.49377683333333
731.6579999999999,4.043849094140289,34.390167249674015,32.407903047020184,206.69340780592117,2026-06-25 04:23:42.555824,0.6180000000000001,0.21200000000000002,5.916105729670647,31.23195975505439,-34.63892533333333,17.49377683333333
731.8115,4.040755718227143,34.39016062284927,32.404883192124345,206.72180375350908,2026-06-25 04:23:42.697454,0.6180000000000001,0.21200000000000002,5.916092383836068,31.230983820598766,-34.63892533333333,17.49377683333333
732.2676,4.038064796116545,34.39014538487176,32.40186850339485,206.75016010265009,2026-06-25 04:23:42.872408,0.6180000000000001,0.21200000000000002,5.916079976557438,31.22808399190033,-34.63892533333333,17.49377683333333
732.606,4.036391110757739,34.39011460906719,32.39980885165644,206.76952153430366,2026-06-25 04:23:43.047363,0.6180000000000001,0.21200000000000002,5.9160708767909505,31.225932485582526,-34.63892533333333,17.49377683333333
732.39,4.0361263513798455,34.39012503657584,32.39933468703631,206.7755992171022,2026-06-25 04:23:43.122343,0.6180000000000001,0.21200000000000002,5.916063055853616,31.227305787487506,-34.63892533333333,17.49377683333333
732.844,4.036077421330831,34.39010716964375,32.399161549305745,206.78002169434782,2026-06-25 04:23:43.172330,0.6180000000000001,0.21200000000000002,5.916063055853616,31.22441931033537,-34.63892533333333,17.49377683333333
733.09025,4.036096240311882,34.390087049628065,32.399174844691395,206.52868370005012,2026-06-25 04:23:43.297298,0.6180000000000001,0.21200000000000002,5.916068862303031,31.2228536825849,-34.63892533333333,17.49377683333333
733.236,4.035897536618998,34.3900567932864,32.39969266162691,206.49594317399263,2026-06-25 04:23:43.472252,0.6180000000000001,0.21200000000000002,5.916066966343445,31.221927021692995,-34.63892533333333,17.49377683333333
733.35,4.035917007484229,34.39005673481973,32.399686871838476,206.49688714689273,2026-06-25 04:23:43.472252,0.6180000000000001,0.21200000000000002,5.916066966343445,31.22120222346537,-34.63892533333333,17.49377683333333
733.653,4.035597672694501,34.390038669317036,32.4000980403685,206.50464339975093,2026-06-25 04:23:43.572226,0.6180000000000001,0.21200000000000002,5.916063055853616,31.21927578607088,-34.63892533333333,17.49377683333333
733.873,4.035149038902951,34.39001370247278,32.40055170771412,206.50600904664176,2026-06-25 04:23:43.709690,0.6180000000000001,0.21200000000000002,5.916066449861793,31.21787705264914,-34.63892533333333,17.49377683333333
734.015,4.03489652704906,34.389993631442515,32.40080424524382,206.51488586100993,2026-06-25 04:23:43.822161,0.6180000000000001,0.21200000000000002,5.916059145335573,31.216974233804198,-34.63892533333333,17.49377683333333
734.179,4.0348689494901855,34.389976517746746,32.40090432785028,206.5165457177215,2026-06-25 04:23:43.922135,0.6180000000000001,0.21200000000000002,5.916059145335573,31.21593154161708,-34.63892533333333,17.49377683333333
734.415,4.035053996085084,34.38996069599528,32.40092397872806,206.5245322652442,2026-06-25 04:23:44.022109,0.6180000000000001,0.21200000000000002,5.916051324214835,31.214431082128307,-34.63892533333333,17.49377683333333
734.598,4.0350725754401,34.38995429043244,32.40091854888409,206.52106930476276,2026-06-25 04:23:44.072096,0.6180000000000001,0.21300000000000174,5.916057190062443,31.213267590236587,-34.63892533333333,17.49377683333333
734.813,4.03512310720822,34.389943872086874,32.400913468133645,206.52279512351797,2026-06-25 04:23:44.147076,0.6180000000000001,0.21200000000000002,5.916057190034226,31.211900646210793,-34.63892533333333,17.49377683333333
734.9723333333333,4.03490657992698,34.38993351506456,32.40086815795643,206.5160146562648,2026-06-25 04:23:44.238719,0.6180000000000001,0.21200000000000002,5.916068029714586,31.210887624126563,-34.63892533333333,17.49377683333333
735.317,4.034270566160706,34.38992112558026,32.40073651181671,206.53001061124382,2026-06-25 04:23:44.372017,0.6180000000000001,0.21200000000000002,5.916059145335573,31.20869627509917,-34.63892533333333,17.49377683333333
735.4459999999999,4.033484332313954,34.389920956237056,32.40054046143563,206.4685731037071,2026-06-25 04:23:44.471991,0.6180000000000001,0.21200000000000002,5.916058221024638,31.207876108683696,-34.63892533333333,17.49377683333333
735.672,4.0327176263492275,34.389920956237056,32.40031189622829,206.2560998954202,2026-06-25 04:23:44.571965,0.6180000000000001,0.21200000000000002,5.916059145335573,31.15033957048812,-34.63892533333333,17.49377683333333
735.8652500000001,4.031941101594343,34.389920956237056,32.39990350461623,206.27412933906825,2026-06-25 04:23:44.696933,0.6180000000000001,0.21336746987951777,5.916044739777152,31.090191025488906,-34.63892533333333,17.49377683333333
736.262,4.030806080946484,34.38994496913878,32.399017811286264,206.42187984873257,2026-06-25 04:23:44.896881,0.6180000000000001,0.21200000000000002,5.916049368913488,30.96670365043883,-34.63892533333333,17.49377683333333
736.472,4.030816477899891,34.389946506625236,32.39900514900492,206.28294752038582,2026-06-25 04:23:44.896881,0.6180000000000001,0.21200000000000002,5.916047413612142,30.949771772948445,-34.63892533333333,17.49377683333333
736.6220000000001,4.030059157718747,34.38997934754066,32.398205838689634,206.29309835561958,2026-06-25 04:23:45.046842,0.6180000000000001,0.21200000000000002,5.916041547651667,30.955347329473586,-34.63892533333333,17.49377683333333
736.8595,4.029559325793779,34.39002950693559,32.397389031762515,206.30105575629784,2026-06-25 04:23:45.196803,0.6180000000000001,0.21200000000000002,5.91603763697843,30.964175293971724,-34.63892533333333,17.49377683333333
737.078,4.029592600822938,34.390031477461434,32.39742887412267,206.2995168469641,2026-06-25 04:23:45.196803,0.6180000000000001,0.21200000000000002,5.916041547651667,30.972297021310013,-34.63892533333333,17.49377683333333
737.295,4.029348094134474,34.39009740034095,32.396891962617815,206.30598976772063,2026-06-25 04:23:45.346763,0.6180000000000001,0.21200000000000002,5.91603763697843,30.980362993083048,-34.63892533333333,17.49377683333333
737.455,4.0292672628549075,34.39016863214228,32.3967214089316,206.31279945796126,2026-06-25 04:23:45.471731,0.6180000000000001,0.21200000000000002,5.916031770919195,30.986310253376534,-34.63892533333333,17.49377683333333
737.6676666666667,4.029206637739408,34.390192016435485,32.39668434062292,206.31370442615275,2026-06-25 04:23:45.505055,0.6180000000000001,0.21200000000000002,5.916033288986443,31.044963982866225,-34.63892533333333,17.49377683333333
737.913,4.028914622905603,34.39029412848009,32.396494623168195,206.31351946782527,2026-06-25 04:23:45.646685,0.6180000000000001,0.21200000000000002,5.91603763697843,31.249638813752338,-34.63892533333333,17.49377683333333
738.076,4.028440037852912,34.39040396117578,32.39629275348077,206.31890646485394,2026-06-25 04:23:45.771653,0.6180000000000001,0.21200000000000002,5.916035681634758,31.376711453455158,-34.63892533333333,17.49377683333333
738.247,4.027969949433677,34.39050201009013,32.39615213756237,206.32267867341298,2026-06-25 04:23:45.871627,0.6180000000000001,0.21200000000000002,5.916035681634758,31.35001054052816,-34.63892533333333,17.49377683333333
738.4602500000001,4.027698891411222,34.39056116955191,32.3961009854969,206.32694489156077,2026-06-25 04:23:45.921614,0.6138703703703806,0.21200000000000002,5.9160344625536725,31.316712472214196,-34.63892533333333,17.49377683333333
738.7895,4.026792909698071,34.39076921728637,32.39588253018228,206.33986534194585,2026-06-25 04:23:46.096568,0.6180000000000001,0.21200000000000002,5.9160278601613046,31.265301503903004,-34.63892533333333,17.49377683333333
739.2443333333334,4.02617921510124,34.39094544278396,32.39564835491419,206.33898666212903,2026-06-25 04:23:46.221535,0.6180000000000001,0.21200000000000002,5.916036985187801,31.1942812394022,-34.63892533333333,17.49377683333333
739.4356666666666,4.025622414538181,34.391183288987385,32.39525996558174,206.36091504990156,2026-06-25 04:23:46.371496,0.6180000000000001,0.21200000000000002,5.916016373160071,31.16440536411937,-34.63892533333333,17.49377683333333
739.607,4.025331457425489,34.39135772087211,32.39497365884874,206.35717117899338,2026-06-25 04:23:46.471470,0.6180000000000001,0.21200000000000002,5.916023949403414,31.18326479619384,-34.63892533333333,17.49377683333333
739.8755,4.025125485224663,34.39149901972322,32.39475768697247,206.36213570578147,2026-06-25 04:23:46.546451,0.6180000000000001,0.21200000000000002,5.916021994003304,31.21511635125138,-34.63892533333333,17.49377683333333
740.085,4.024777442391402,34.391699289886304,32.39446812782774,206.36887195206248,2026-06-25 04:23:46.646425,0.6180000000000001,0.21200000000000002,5.916018083188976,31.239968868139854,-34.63892533333333,17.49377683333333
740.2,4.0243887555314295,34.391858508665436,32.394231757750354,206.3699593938875,2026-06-25 04:23:46.721405,0.6180000000000001,0.21200000000000002,5.916020038603195,31.25361106118126,-34.63892533333333,17.49377683333333
740.4357500000001,4.023288367463444,34.392145227636746,32.39363290644125,206.3772104296576,2026-06-25 04:23:46.846373,0.6180000000000001,0.21200000000000002,5.916020038603195,31.169868362867238,-34.63892533333333,17.49377683333333
740.654,4.021812098030886,34.39245043058429,32.392716380297735,206.39288525925994,2026-06-25 04:23:46.971340,0.6180000000000001,0.21200000000000002,5.916012216918101,31.092341983622177,-34.63892533333333,17.49377683333333
740.796,4.0207171517385465,34.39264657287842,32.39188691323951,206.39938103636155,2026-06-25 04:23:47.046320,0.6180000000000001,0.21200000000000002,5.91601221690399,31.041900994605875,-34.63892533333333,17.49377683333333
741.012,4.018710148065467,34.392990890979895,32.390138478969014,206.1295361364355,2026-06-25 04:23:47.171288,0.6180000000000001,0.21200000000000002,5.916008306033223,30.965173856383963,-34.63892533333333,17.49377683333333
741.2083333333334,4.0177048344324,34.393140284811075,32.3891832884754,206.18930369460332,2026-06-25 04:23:47.221275,0.6180000000000001,0.21200000000000002,5.915998413652245,31.064711903293315,-34.63892533333333,17.49377683333333
741.398,4.0156638350865625,34.39343719151978,32.38728937397187,206.16444903260967,2026-06-25 04:23:47.321249,0.6180000000000001,0.21200000000000002,5.915988751185533,31.16087005047734,-34.63892533333333,17.49377683333333
741.607,4.013005302142949,34.39375012033535,32.3848989935019,206.17919520152162,2026-06-25 04:23:47.421223,0.6180000000000001,0.21200000000000002,5.915988751185533,31.26682990686464,-34.63892533333333,17.49377683333333
741.7895,4.008283273189987,34.39416631640399,32.38065258270615,206.21110686210415,2026-06-25 04:23:47.546190,0.6180000000000001,0.21200000000000002,5.915980327327638,31.359354661844,-34.63892533333333,17.49377683333333
742.187,4.002842183874723,34.394873087993474,32.37552417341425,205.95928785749052,2026-06-25 04:23:47.671158,0.6180000000000001,0.21400000000000002,5.915977017938262,31.324615637171075,-34.63892533333333,17.49377683333333
742.0975,3.999702919987776,34.39460038788884,32.37234740901643,206.2741633314597,2026-06-25 04:23:47.746138,0.6180000000000001,0.21300000000000002,5.915959417559349,31.33318376486034,-34.63892533333333,17.49377683333333
742.394,3.9964347623738674,34.39524803619831,32.36903461613702,206.32257472847908,2026-06-25 04:23:47.846112,0.6180000000000001,0.21200000000000002,5.915924215150396,31.30479885022496,-34.63892533333333,17.49377683333333
742.877,3.9946905710156435,34.395935447692594,32.368456811666256,206.3547405481522,2026-06-25 04:23:48.004404,0.6180000000000001,0.21400000000000002,5.915894949216728,31.265855486384943,-34.63892533333333,17.49377683333333
742.547,3.99425620216067,34.39587275161049,32.36803011750923,206.0812977720782,2026-06-25 04:23:48.021066,0.6180000000000001,0.21400000000000002,5.915887054603399,31.290151659873484,-34.63892533333333,17.49377683333333
743.0935,3.9948361075809338,34.39634724944539,32.370106255856484,206.07431889828783,2026-06-25 04:23:48.121040,0.6180000000000001,0.21400000000000002,5.9158968338618525,31.274380009931413,-34.63892533333333,17.49377683333333
743.2435,3.996791875817208,34.39698335874059,32.37424959690165,205.77576717020045,2026-06-25 04:23:48.271001,0.6180000000000001,0.21300000000000077,5.915902701459268,31.280286146337748,-34.63892533333333,17.49377683333333
743.378,3.99676188390227,34.396984734286804,32.37426468025475,205.77713853752445,2026-06-25 04:23:48.271001,0.6180000000000001,0.21400000000000002,5.9159027014733825,31.28558198198209,-34.63892533333333,17.49377683333333
743.688,3.9993251897344346,34.39764695188177,32.37837204860404,205.75954547800032,2026-06-25 04:23:48.420962,0.6180000000000001,0.21300000000000002,5.9159105247248895,31.297787997221835,-34.63892533333333,17.49377683333333
743.8015,4.0001557328629485,34.397872809045964,32.37963804620553,205.61087524676415,2026-06-25 04:23:48.470949,0.6180000000000001,0.21300000000000877,5.915914436315359,31.301624446886812,-34.63892533333333,17.49377683333333
743.981,4.001739224032543,34.398330563839785,32.38205772483048,205.44868874970769,2026-06-25 04:23:48.570923,0.6180000000000001,0.21400000000000002,5.915930082409077,31.291224650313904,-34.63892533333333,17.49377683333333
744.3556666666667,4.003202208075257,34.39879915535096,32.38434225890388,205.44750779272505,2026-06-25 04:23:48.670897,0.6180000000000001,0.21361904761906467,5.915926170931516,31.269517368330703,-34.63892533333333,17.49377683333333
744.6435,4.004951535241425,34.39939501635986,32.387047082924425,205.15389277437814,2026-06-25 04:23:48.795864,0.6180000000000001,0.21200000000000002,5.915930082409077,31.252841000009987,-34.63892533333333,17.49377683333333
744.788,4.006598367880855,34.40000290597548,32.389429742036185,204.85210839805876,2026-06-25 04:23:48.920832,0.6120000000000001,0.21200000000000002,5.915943120460626,31.244469018924832,-34.63892533333333,17.49377683333333
745.0585,4.008801118294436,34.40086971596786,32.39234026252016,204.55339424901683,2026-06-25 04:23:49.095786,0.6162567567567602,0.21200000000000002,5.9159507757671,31.26276486475593,-34.63892533333333,17.49377683333333
745.485,4.010734062306429,34.401623648443135,32.394790278861294,204.54259560765774,2026-06-25 04:23:49.245747,0.6120000000000001,0.21200000000000002,5.9159555063216995,31.39467433410812,-34.63892533333333,17.49377683333333
745.6179999999999,4.01297171733016,34.40238634314656,32.397545937339196,204.5016222520806,2026-06-25 04:23:49.395708,0.6120000000000001,0.21200000000000002,5.91596528443699,31.43318286991536,-34.63892533333333,17.49377683333333
745.9,4.015130577479692,34.403025346920764,32.40006059825113,204.22891854621147,2026-06-25 04:23:49.520675,0.6120000000000001,0.21200000000000002,5.915969195632304,31.41460302135489,-34.63892533333333,17.49377683333333
746.059,4.016077176548664,34.40328170436011,32.401106754619626,204.22531698314,2026-06-25 04:23:49.570662,0.6120000000000001,0.21200000000000002,5.915969195632304,31.4041271492942,-34.63892533333333,17.49377683333333
746.2556666666666,4.017996835761876,34.40379490395059,32.40320464444653,203.92117377812428,2026-06-25 04:23:49.670636,0.6134333333333425,0.21200000000000002,5.915985774438724,31.391169571692934,-34.63892533333333,17.49377683333333
746.486,4.019887160330295,34.40430807952301,32.40529338874524,203.90735089366223,2026-06-25 04:23:49.770610,0.6120000000000001,0.21200000000000002,5.915992662211513,31.375993832502285,-34.63892533333333,17.49377683333333
746.5915,4.021191711304446,34.40469241420429,32.40680719265205,203.9046529132863,2026-06-25 04:23:49.845591,0.6150000000000001,0.21200000000000002,5.915988751185533,31.37017001305315,-34.63892533333333,17.49377683333333
746.9870000000001,4.023279746440727,34.405585687598986,32.409320645904764,203.67950873233846,2026-06-25 04:23:49.987220,0.6137777777777872,0.21200000000000002,5.914848621376251,31.38287634143779,-34.63892533333333,17.49377683333333
746.825,4.02375039452556,34.40541557748025,32.409895943278435,203.5920439999365,2026-06-25 04:23:50.020545,0.6180000000000001,0.21200000000000002,5.9120875688982535,31.377671726524234,-34.63892533333333,17.49377683333333
747.193,4.0249886697760555,34.40609260199436,32.411319440209006,203.58831768753836,2026-06-25 04:23:50.120519,0.6120000000000001,0.21200000000000002,5.9120875688982535,31.389494555463667,-34.63892533333333,17.49377683333333
747.4580000000001,4.0260581095790435,34.406595552930575,32.41260992202964,203.29903519237004,2026-06-25 04:23:50.220493,0.6120000000000001,0.21200000000000002,5.9140557803899485,31.398008277390165,-34.63892533333333,17.49377683333333
747.63375,4.027405370696304,34.407279175186794,32.41445539894759,203.24168748713245,2026-06-25 04:23:50.357957,0.6120000000000001,0.21200000000000002,5.915475160207237,31.401956719368073,-34.63892533333333,17.49377683333333
747.78,4.027510475353177,34.40734332255385,32.414572274744046,203.00515567335202,2026-06-25 04:23:50.370454,0.6120000000000001,0.21200000000000002,5.912103268792993,31.38981999522213,-34.63892533333333,17.49377683333333
748.362,4.029628258348754,34.40848099828032,32.41759785494338,202.99840436462142,2026-06-25 04:23:50.570402,0.6120000000000001,0.21200000000000002,5.916027860175413,31.341522057082365,-34.63892533333333,17.49377683333333
748.264,4.030034376391407,34.40832151268874,32.41814290114228,202.99318024103204,2026-06-25 04:23:50.603726,0.6120000000000001,0.21200000000000002,5.912106313976264,31.349654699586996,-34.63892533333333,17.49377683333333
748.6700000000001,4.032368334448559,34.409429545960904,32.42151819043054,202.69659485987944,2026-06-25 04:23:50.803674,0.6162857142857113,0.21200000000000002,5.91211504341668,31.315962323496365,-34.63892533333333,17.49377683333333
749.0286,4.033719507043804,34.41010404259031,32.423982415335324,202.4018884541766,2026-06-25 04:23:50.950303,0.6180000000000001,0.21200000000000002,5.912127995177061,31.316667981709696,-34.63892533333333,17.49377683333333
749.284,4.0349984153383325,34.41098170779014,32.4266950137504,202.39109491003103,2026-06-25 04:23:51.145252,0.6180000000000001,0.21200000000000002,5.912134667223102,31.395739182561844,-34.63892533333333,17.49377683333333
749.4200000000001,4.035672991115346,34.41166435120738,32.427787606842266,202.10802908766502,2026-06-25 04:23:51.303544,0.6180000000000001,0.21200000000000002,5.91213585203105,31.41185184436496,-34.63892533333333,17.49377683333333
749.562,4.035714049664314,34.41173847193532,32.427928566519626,202.10998995378185,2026-06-25 04:23:51.320206,0.6180000000000001,0.21200000000000002,5.912134667223102,31.41239176082862,-34.63892533333333,17.49377683333333
749.905,4.036236584642966,34.41215734146545,32.428352718639495,202.11157149251477,2026-06-25 04:23:51.420180,0.6180000000000001,0.21300000000000816,5.912132704870778,31.41369592524436,-34.63892533333333,17.49377683333333
750.1045,4.036976069614283,34.41267033560831,32.4288135157056,201.82708850914003,2026-06-25 04:23:51.545148,0.6180000000000001,0.21200000000000002,5.912136629561266,31.414454469853517,-34.63892533333333,17.49377683333333
750.157,4.037454139109401,34.41297095506371,32.429076649272766,201.82316518478314,2026-06-25 04:23:51.620128,0.6180000000000001,0.21200000000000002,5.9121385918994305,31.414654086855926,-34.63892533333333,17.49377683333333
750.3545,4.037971487762755,34.41326573567483,32.42935202788255,201.81377240731712,2026-06-25 04:23:51.695109,0.6180000000000001,0.21200000000000002,5.912148403434505,31.415109482885736,-34.63892533333333,17.49377683333333
750.644,4.039114041758894,34.41384007018304,32.43004617669491,201.53339475798523,2026-06-25 04:23:51.845070,0.6180000000000001,0.21200000000000002,5.912146441152975,31.40614434297039,-34.63892533333333,17.49377683333333
750.7973333333333,4.0397044382265195,34.414053109859765,32.4305876173806,201.53537540322898,2026-06-25 04:23:51.903388,0.6180000000000001,0.21200000000000002,5.912141917848323,31.401395967194844,-34.63892533333333,17.49377683333333
751.009,4.040857230181145,34.41448271314549,32.43159805118741,201.5223369255904,2026-06-25 04:23:52.020024,0.6180000000000001,0.21200000000000002,5.912152328040039,31.394841144113386,-34.63892533333333,17.49377683333333
751.2665,4.042506709521341,34.41492594274398,32.43332096117513,201.51597849880517,2026-06-25 04:23:52.144991,0.6180000000000001,0.21200000000000002,5.9121523280400385,31.38686696957728,-34.63892533333333,17.49377683333333
751.6439999999999,4.0447798311180945,34.41540884962061,32.4358928961389,201.42332317807467,2026-06-25 04:23:52.286621,0.6180000000000001,0.21200000000000002,5.912162496089712,31.316187888364563,-34.63892533333333,17.49377683333333
752.0005000000001,4.046208675506125,34.416011368716106,32.437599009429164,201.21041243972738,2026-06-25 04:23:52.369933,0.6180000000000001,0.21200000000000002,5.9121699882764815,31.244369006048107,-34.63892533333333,17.49377683333333
751.777,4.047967863265012,34.415686135333495,32.43985820374333,201.2035783768331,2026-06-25 04:23:52.469907,0.6180000000000001,0.21200000000000002,5.9121660638408455,31.289394308145507,-34.63892533333333,17.49377683333333
752.292,4.04971552352928,34.41637757965274,32.44261641700225,200.91477644395985,2026-06-25 04:23:52.586543,0.6180000000000001,0.21200000000000002,5.912173912712118,31.185644730605667,-34.63892533333333,17.49377683333333
752.423,4.0502253548560425,34.416482182804764,32.443434084609706,200.90021983262486,2026-06-25 04:23:52.619868,0.6180000000000001,0.21200000000000002,5.912189610114883,31.15925406136738,-34.63892533333333,17.49377683333333
752.99,4.051246996362344,34.41732318812608,32.44548882892192,200.89586853273846,2026-06-25 04:23:52.719842,0.6180000000000001,0.21200000000000002,5.912193534394789,31.35509756036016,-34.63892533333333,17.49377683333333
752.6375,4.051879464513506,34.41678622240756,32.44687459819718,200.74701264611488,2026-06-25 04:23:52.819815,0.6180000000000001,0.21200000000000002,5.912199420758021,31.23334300410805,-34.63892533333333,17.49377683333333
752.811,4.052265645381329,34.417081909082796,32.447601588099644,200.60943783654352,2026-06-25 04:23:52.903127,0.6180000000000001,0.21200000000000002,5.912197458646381,31.293270423993842,-34.63892533333333,17.49377683333333
753.29,4.053063848577621,34.417838963398765,32.448313495642786,200.3289633620999,2026-06-25 04:23:53.086413,0.6180000000000001,0.210307692307693,5.91220138286966,31.452568001060442,-34.63892533333333,17.49377683333333
753.434,4.053522972613844,34.41806700521269,32.4484337202571,200.32607053394935,2026-06-25 04:23:53.169724,0.6180000000000001,0.21100000000000002,5.91220334493883,31.453102366648984,-34.63892533333333,17.49377683333333
753.637,4.054173995841869,34.41833573062282,32.448595171907826,200.3292442146516,2026-06-25 04:23:53.269698,0.6180000000000001,0.21000000000000002,5.912197458646381,31.453855673693944,-34.63892533333333,17.49377683333333
753.8466666666667,4.054777560215034,34.418598305210196,32.448985250010765,200.0436255150342,2026-06-25 04:23:53.369672,0.6180000000000001,0.21200000000000002,5.9122071269614365,31.45463371988652,-34.63892533333333,17.49377683333333
754.037,4.055251830829924,34.41885707306267,32.44959772612662,200.0376531539663,2026-06-25 04:23:53.469646,0.6180000000000001,0.21200000000000002,5.912213155369621,31.455340022551006,-34.63892533333333,17.49377683333333
754.24,4.055579296674444,34.419173484873056,32.45066514882241,200.03580398494722,2026-06-25 04:23:53.594614,0.6180000000000001,0.21200000000000002,5.912215117424635,31.456093329595966,-34.63892533333333,17.49377683333333
754.4733333333334,4.055727811013463,34.419319597662955,32.45115979216949,200.03531991064722,2026-06-25 04:23:53.652932,0.6180000000000001,0.21200000000000002,5.912217079479649,31.456959199762586,-34.63892533333333,17.49377683333333
754.704,4.055858593747686,34.4194865300218,32.451757672022666,200.03649998405356,2026-06-25 04:23:53.719581,0.6180000000000001,0.21200000000000002,5.912217079479649,31.45781517427016,-34.63892533333333,17.49377683333333
754.8613333333333,4.056405150870955,34.41989603931953,32.452967277642585,199.7650201118851,2026-06-25 04:23:53.886204,0.6180000000000001,0.21200000000000002,5.912209751476893,31.458399018153937,-34.63892533333333,17.49377683333333
755.033,4.056531661910588,34.41997767324139,32.45318992247395,199.7629895616145,2026-06-25 04:23:53.919529,0.6180000000000001,0.21200000000000002,5.912213155369621,31.459036051205096,-34.63892533333333,17.49377683333333
755.316,4.056852446239787,34.42022067587163,32.45382598284866,199.76035288549494,2026-06-25 04:23:54.019503,0.6180000000000001,0.21200000000000002,5.912217079479649,31.460086228021467,-34.63892533333333,17.49377683333333
755.3705,4.05703138646425,34.42040226919638,32.454349005484204,199.75484009816861,2026-06-25 04:23:54.094483,0.6180000000000001,0.21200000000000002,5.912222965588068,31.46028847055324,-34.63892533333333,17.49377683333333
755.5705,4.057229668610208,34.42064405070567,32.455124902062266,199.75532023206688,2026-06-25 04:23:54.194457,0.6149999999999839,0.21200000000000002,5.912222965588068,31.461030644981776,-34.63892533333333,17.49377683333333
755.888,4.057694377755237,34.4210275029811,32.45644582349663,199.48362106760396,2026-06-25 04:23:54.352749,0.6180000000000001,0.21200000000000002,5.9122185930431055,31.46220884688707,-34.63892533333333,17.49377683333333
756.003,4.057943679868625,34.42112887820249,32.456811289485756,199.4796717757393,2026-06-25 04:23:54.394405,0.6180000000000001,0.21200000000000002,5.912222965588068,31.462635597183475,-34.63892533333333,17.49377683333333
756.305,4.058856630591319,34.421433661091456,32.45794735750332,199.47914046868428,2026-06-25 04:23:54.519372,0.6120000000000001,0.21200000000000002,5.912221003561366,31.463756280570557,-34.63892533333333,17.49377683333333
756.4176666666666,4.060097392545287,34.42168027397896,32.459105198154624,199.28058740025904,2026-06-25 04:23:54.619346,0.6180000000000001,0.21200000000000002,5.912218213103256,31.464174372165296,-34.63892533333333,17.49377683333333
756.6665,4.061767553045069,34.42199196561968,32.46074836500934,199.32192198257232,2026-06-25 04:23:54.744314,0.6150000000000001,0.21200000000000002,5.912230813638257,31.465097760850128,-34.63892533333333,17.49377683333333
756.8395,4.062907662351661,34.422245209680284,32.46206552785962,199.1736411089942,2026-06-25 04:23:54.844288,0.6180000000000001,0.21200000000000002,5.912238661575204,31.465739741730808,-34.63892533333333,17.49377683333333
757.0016666666667,4.063804783342199,34.422567699814444,32.463467830838376,199.16544093757105,2026-06-25 04:23:54.969255,0.6180000000000001,0.21200000000000002,5.912244547457138,31.46634152149661,-34.63892533333333,17.49377683333333
757.279,4.064201319579543,34.422830341086986,32.464323366871255,199.15587965538262,2026-06-25 04:23:55.069229,0.6180000000000001,0.21200000000000002,5.912256319022839,31.467370670037507,-34.63892533333333,17.49377683333333
757.67725,4.064483781582679,34.42316757407187,32.46490580837861,199.16557230681323,2026-06-25 04:23:55.194197,0.6180000000000001,0.21200000000000002,5.912246643167666,31.46884852486832,-34.63892533333333,17.49377683333333
757.831,4.064857316949398,34.42365426507402,32.46527007031587,199.02406743309183,2026-06-25 04:23:55.369151,0.6180000000000001,0.21200000000000002,5.912250433268298,31.469419071460255,-34.63892533333333,17.49377683333333
758.0285,4.064968991093451,34.42379714150198,32.46531802855154,198.8894300159159,2026-06-25 04:23:55.419138,0.6180000000000001,0.21200000000000002,5.912248471326526,31.47015196870843,-34.63892533333333,17.49377683333333
758.231,4.065208125505686,34.42423580053698,32.46541886823617,198.88622722923768,2026-06-25 04:23:55.569099,0.6180000000000001,0.21200000000000002,5.912252395195915,31.47090342031732,-34.63892533333333,17.49377683333333
758.4516666666667,4.065122182029086,34.424337410585885,32.46542339426814,198.89404402893044,2026-06-25 04:23:55.602423,0.6180000000000001,0.21200000000000002,5.912245615176699,31.471722286103464,-34.63892533333333,17.49377683333333
758.573,4.064772462129054,34.42469319506215,32.465415131352415,198.8874730701935,2026-06-25 04:23:55.719060,0.6180000000000001,0.21200000000000002,5.912256319022839,31.472172538590108,-34.63892533333333,17.49377683333333
758.8309999999999,4.06417278330716,34.4249293633392,32.46528837979022,198.75037160964672,2026-06-25 04:23:55.794040,0.6180000000000001,0.21200000000000002,5.91226220470661,31.473129943602913,-34.63892533333333,17.49377683333333
759.0456666666665,4.062750604010109,34.425334329351436,32.46481445144577,198.88606305235905,2026-06-25 04:23:55.919008,0.6180000000000001,0.21200000000000002,5.912248767186909,31.473926544156203,-34.63892533333333,17.49377683333333
759.213,4.06108904962228,34.425753154082244,32.46411200369541,198.6433151352282,2026-06-25 04:23:56.043975,0.6180000000000001,0.21200000000000002,5.912246509398909,31.489491978086495,-34.63892533333333,17.49377683333333
759.4246666666667,4.059419950144997,34.4261886396229,32.4633536538516,198.46875066234173,2026-06-25 04:23:56.168942,0.6180000000000001,0.21200000000000002,5.912231065168528,31.509924952527356,-34.63892533333333,17.49377683333333
759.603,4.0580843918074665,34.42654743700311,32.46272819642089,198.3976011679403,2026-06-25 04:23:56.268916,0.6180000000000001,0.21200000000000002,5.9122327756366495,31.527140135717683,-34.63892533333333,17.49377683333333
759.943,4.0566897629102705,34.42691789249226,32.46192999394116,198.41648186961578,2026-06-25 04:23:56.368890,0.6180000000000001,0.21200000000000002,5.912221003561366,31.559961606473088,-34.63892533333333,17.49377683333333
760.016,4.056659731431134,34.42691927916271,32.4618899292453,198.2740490398499,2026-06-25 04:23:56.368890,0.6180000000000001,0.21200000000000002,5.912228851512467,31.567008569311746,-34.63892533333333,17.49377683333333
760.2525,4.054564075554351,34.42739694952492,32.460461703599506,198.15686707074872,2026-06-25 04:23:56.493858,0.6180000000000001,0.21200000000000002,5.912219041520507,31.588150921816315,-34.63892533333333,17.49377683333333
760.4756666666667,4.051258234606196,34.427963022573124,32.45799088118745,198.17553360356047,2026-06-25 04:23:56.635488,0.6180000000000001,0.21200000000000002,5.912217079479649,31.60783389718213,-34.63892533333333,17.49377683333333
760.6403333333334,4.048201984582511,34.42844533490493,32.455573432116445,198.18014564145275,2026-06-25 04:23:56.752124,0.6180000000000001,0.21200000000000002,5.912216425454233,31.62235725764622,-34.63892533333333,17.49377683333333
761.0706666666666,4.044623651542111,34.42923628096756,32.45250485349944,197.97346692596872,2026-06-25 04:23:56.935409,0.6180000000000001,0.21200000000000002,5.912173527801966,31.621368425798764,-34.63892533333333,17.49377683333333
761.318,4.044067667428327,34.42938209509875,32.4519772837996,197.98423635498526,2026-06-25 04:23:56.968734,0.6180000000000001,0.21200000000000002,5.9121660638408455,31.617611046944944,-34.63892533333333,17.49377683333333
761.4796666666667,4.044705457915752,34.430066916132596,32.45305582900945,197.97995528796974,2026-06-25 04:23:57.118695,0.6180000000000001,0.21200000000000002,5.911252468439254,31.61515507828712,-34.63892533333333,17.49377683333333
761.652,4.047852345031439,34.43077750001904,32.45737110525811,197.6975067165781,2026-06-25 04:23:57.268656,0.6180000000000001,0.21200000000000002,5.912162139362736,31.61253706633641,-34.63892533333333,17.49377683333333
761.8523333333333,4.0494560313410854,34.43102502966108,32.45954272233649,197.68540379612358,2026-06-25 04:23:57.318643,0.6180000000000001,0.21381481481480266,5.9082449082247015,31.60904477653263,-34.63892533333333,17.49377683333333
762.13,4.050874255335615,34.43126740079862,32.4614832834414,197.3947865131736,2026-06-25 04:23:57.368630,0.6180000000000001,0.21200000000000002,5.912185685806664,31.597195045507476,-34.63892533333333,17.49377683333333
762.254,4.054196271332477,34.43176966297366,32.46593187548158,197.37289192250643,2026-06-25 04:23:57.468604,0.6180000000000001,0.21400000000000002,5.908269268645853,31.59190320884318,-34.63892533333333,17.49377683333333
762.525,4.057564557704936,34.43228421719988,32.470451316095186,197.34561274715236,2026-06-25 04:23:57.568578,0.6180000000000001,0.21200000000000002,5.908285022108737,31.580337985165574,-34.63892533333333,17.49377683333333
762.64075,4.0597616622051635,34.43268304199009,32.47345324604038,197.32388319578808,2026-06-25 04:23:57.643558,0.6180000000000001,0.21200000000000002,5.908612743696546,31.575398226343864,-34.63892533333333,17.49377683333333
762.753,4.062068684603016,34.43307884952555,32.47661136296402,197.04020961549864,2026-06-25 04:23:57.718539,0.6180000000000001,0.21200000000000002,5.912224927614771,31.570607833879613,-34.63892533333333,17.49377683333333
763.0405000000001,4.065480568230867,34.434043091824506,32.48073075966402,196.73436328622208,2026-06-25 04:23:57.893493,0.6180000000000001,0.21200000000000002,5.908324403720153,31.583020927212385,-34.63892533333333,17.49377683333333
763.2130000000001,4.066132948656239,34.43427613727034,32.481402500736856,196.7263134744831,2026-06-25 04:23:57.935149,0.6180000000000001,0.21391304347826304,5.912085366186067,31.59046878321205,-34.63892533333333,17.49377683333333
763.61275,4.068530769491784,34.435475371105035,32.48288578037191,196.70884519532711,2026-06-25 04:23:58.143428,0.6180000000000001,0.21200000000000002,5.909142839580574,31.6077283799417,-34.63892533333333,17.49377683333333
764.0047500000001,4.071516843615447,34.4368261378435,32.48536007527513,196.4263795903678,2026-06-25 04:23:58.368369,0.6180000000000001,0.21200000000000002,5.909484658840449,31.680720610736895,-34.63892533333333,17.49377683333333
764.483,4.073024890806655,34.437595354827415,32.4870053382565,196.4127380410834,2026-06-25 04:23:58.468343,0.6180000000000001,0.21200000000000002,5.908351969254243,31.77273122836967,-34.63892533333333,17.49377683333333
764.2864999999999,4.073450613293246,34.4374373831615,32.48755150291994,196.2722738613304,2026-06-25 04:23:58.493337,0.6180000000000001,0.21200000000000002,5.908353938074858,31.734926552227805,-34.63892533333333,17.49377683333333
764.612,4.075500129942738,34.43837810313458,32.49005675047983,196.12716547474815,2026-06-25 04:23:58.618304,0.6180000000000001,0.21200000000000002,5.908355907065927,31.79754956537883,-34.63892533333333,17.49377683333333
764.8496666666666,4.077063172737623,34.43901677038158,32.49170689729173,195.84860731963843,2026-06-25 04:23:58.718278,0.6120000000000001,0.21200000000000002,5.9122823790426295,31.730806414277513,-34.63892533333333,17.49377683333333
765.1089999999999,4.078702791859141,34.43998880273413,32.49313680913134,195.82948194490612,2026-06-25 04:23:58.868239,0.6180000000000001,0.21200000000000002,5.910335582765391,31.657978684183792,-34.63892533333333,17.49377683333333
765.2945,4.078983253661029,34.440316335505344,32.49334111480323,195.8213466623971,2026-06-25 04:23:58.918226,0.6150000000000138,0.21200000000000002,5.908383470938079,31.60588532711802,-34.63892533333333,17.49377683333333
765.4984999999999,4.079075468238052,34.44164213964683,32.49339927541944,195.68437335149088,2026-06-25 04:23:59.118174,0.6180000000000001,0.21200000000000002,5.910347381435548,31.548596675681836,-34.63892533333333,17.49377683333333
765.602,4.079110753573104,34.44164433127439,32.49338356909907,195.75659237165087,2026-06-25 04:23:59.118174,0.6180000000000001,0.21200000000000002,5.908384601525579,31.548815831919022,-34.63892533333333,17.49377683333333
765.9929999999999,4.078769955380658,34.44281969525309,32.49332713049712,195.69173042235144,2026-06-25 04:23:59.293128,0.6150000000000057,0.21200000000000002,5.910343429768164,31.55351584650696,-34.63892533333333,17.49377683333333
766.251,4.0785726131268385,34.443498338301865,32.49335781772146,195.55426511686736,2026-06-25 04:23:59.393102,0.6180000000000001,0.21200000000000002,5.910349329082109,31.55661713490514,-34.63892533333333,17.49377683333333
766.4290000000001,4.07847240150361,34.44435098159852,32.49348570632141,195.56152197912294,2026-06-25 04:23:59.518070,0.6180000000000001,0.21200000000000002,5.908379533339454,31.55875678348993,-34.63892533333333,17.49377683333333
766.66075,4.078982082061617,34.44529227048213,32.494169145675805,195.55410106445353,2026-06-25 04:23:59.655534,0.6180000000000001,0.21200000000000002,5.908386658865459,31.54548241768379,-34.63892533333333,17.49377683333333
766.88,4.078804450973379,34.445377575348445,32.49402582797426,195.5561156980393,2026-06-25 04:23:59.668030,0.6180000000000001,0.21200000000000002,5.908387408536704,31.507054582773243,-34.63892533333333,17.49377683333333
767.117,4.080977151910616,34.44657693837382,32.49636432086726,195.54789095966524,2026-06-25 04:23:59.842985,0.6180000000000001,0.21200000000000002,5.908385439744494,31.4655157144777,-34.63892533333333,17.49377683333333
767.42025,4.085733461105867,34.44760224149985,32.501289522647994,195.40293974179923,2026-06-25 04:23:59.992946,0.6180000000000001,0.21200000000000002,5.908400581284809,31.46719592935092,-34.63892533333333,17.49377683333333
767.8185,4.094486297225636,34.44862256119849,32.51006684516157,195.33513490897167,2026-06-25 04:24:00.142907,0.6180000000000001,0.21200000000000002,5.908407096032717,31.737259773988104,-34.63892533333333,17.49377683333333
768.041,4.108626072628976,34.44957696659835,32.52512538095038,195.39783422453922,2026-06-25 04:24:00.284536,0.6180000000000001,0.21200000000000002,5.911684099615662,31.888142901249374,-34.63892533333333,17.49377683333333
768.157,4.112189499069492,34.449801349685515,32.528910836382444,195.36844050112163,2026-06-25 04:24:00.317861,0.6180000000000001,0.21200000000000002,5.908430720090573,31.852356133529216,-34.63892533333333,17.49377683333333
768.42575,4.133947036918516,34.45096178710901,32.555136382725344,194.94862439203496,2026-06-25 04:24:00.492815,0.6180000000000001,0.21082631578947428,5.908491143236094,31.759975064595977,-34.63892533333333,17.49377683333333
768.718,4.147934325584437,34.45177939220942,32.57288597325538,194.52159358051847,2026-06-25 04:24:00.617783,0.6180000000000001,0.21200000000000002,5.908607867936464,31.65951602312345,-34.63892533333333,17.49377683333333
768.799,4.156889646043562,34.45252796349067,32.58369742921483,194.09546455923228,2026-06-25 04:24:00.734419,0.6180000000000001,0.21200000000000002,5.908669761625303,31.631672798626354,-34.63892533333333,17.49377683333333
769.0976666666667,4.163285103914851,34.45326557260629,32.59050673130924,193.66129644484877,2026-06-25 04:24:00.851055,0.6180000000000001,0.21200000000000002,5.908696326404777,31.616662951374654,-34.63892533333333,17.49377683333333
769.4789999999999,4.169799372680859,34.45439614140624,32.5953974258068,193.34098778099894,2026-06-25 04:24:01.034341,0.6180000000000001,0.21200000000000002,5.908718582008143,31.622760183301615,-34.63892533333333,17.49377683333333
769.8679999999999,4.173966699534356,34.45549056555356,32.59811149037079,192.98708291516832,2026-06-25 04:24:01.184302,0.6180000000000001,0.21200000000000002,5.908729175237959,31.628196192106184,-34.63892533333333,17.49377683333333
769.695,4.174929865685861,34.45528844642242,32.59854078069145,192.95259080933388,2026-06-25 04:24:01.217627,0.6180000000000001,0.21200000000000002,5.908745609847903,31.62621386012738,-34.63892533333333,17.49377683333333
770.0500000000001,4.178264987811271,34.45625579860549,32.60165619793025,192.66320086694813,2026-06-25 04:24:01.350925,0.6180000000000001,0.21200000000000002,5.908757772337371,31.621596039004064,-34.63892533333333,17.49377683333333
770.476,4.180858366260542,34.45718469069207,32.60451496935757,192.36951379093642,2026-06-25 04:24:01.467561,0.6180000000000001,0.21200000000000002,5.908781023577076,31.60614732899582,-34.63892533333333,17.49377683333333
770.297,4.181857378786229,34.45691081415318,32.60568758814532,192.36057594832374,2026-06-25 04:24:01.517548,0.6180000000000001,0.21200000000000002,5.90878495829399,31.612638688365482,-34.63892533333333,17.49377683333333
770.6676666666667,4.184237785258062,34.457807193628575,32.60821651497701,192.08409692650883,2026-06-25 04:24:01.634185,0.6180000000000001,0.21200000000000002,5.90878785018256,31.59919661831136,-34.63892533333333,17.49377683333333
770.789,4.184903481144894,34.45798507761969,32.60892776070741,192.08410727151295,2026-06-25 04:24:01.667509,0.6180000000000001,0.21200000000000002,5.90878495829399,31.591702753612417,-34.63892533333333,17.49377683333333
771.2545,4.1891577611438855,34.458993913801706,32.61265825257861,191.78824451451098,2026-06-25 04:24:01.842464,0.6180000000000001,0.21200000000000002,5.908802664165412,31.558640171392767,-34.63892533333333,17.49377683333333
771.047,4.190047711086401,34.45887709320634,32.61345772803411,191.78095631290026,2026-06-25 04:24:01.867457,0.6180000000000001,0.21200000000000002,5.908804631396184,31.573378057129776,-34.63892533333333,17.49377683333333
771.41,4.191327760514425,34.45924616824658,32.61450721511931,191.77762588518547,2026-06-25 04:24:01.917444,0.6180000000000001,0.21200000000000002,5.9088046314529326,31.547595635334435,-34.63892533333333,17.49377683333333
771.6185,4.195415998102212,34.459841356434,32.61837723490241,191.6150680787363,2026-06-25 04:24:02.042412,0.6180000000000001,0.21200000000000002,5.908820369412608,31.532786723642065,-34.63892533333333,17.49377683333333
771.8040000000001,4.199739383923713,34.46041219183105,32.623326836812026,191.44974194130424,2026-06-25 04:24:02.167379,0.6180000000000001,0.21200000000000002,5.908838074106539,31.51961140892295,-34.63892533333333,17.49377683333333
772.0590000000001,4.203105670214472,34.46085009403041,32.627603970236585,191.23967787845461,2026-06-25 04:24:02.267353,0.6180000000000001,0.21200000000000002,5.908855430909039,31.529213800703825,-34.63892533333333,17.49377683333333
772.4625,4.208945832437034,34.46169269611384,32.63493835989949,190.71152767867272,2026-06-25 04:24:02.454804,0.6180000000000001,0.21200000000000002,5.908881640116405,31.54383018902655,-34.63892533333333,17.49377683333333
772.218,4.209460455244186,34.46163538538309,32.63561833004605,190.84685029913507,2026-06-25 04:24:02.467301,0.6240000000000001,0.21200000000000002,5.908879382987977,31.535980213363985,-34.63892533333333,17.49377683333333
772.618,4.2133510266163725,34.4622830348472,32.64026214291882,190.5467243940219,2026-06-25 04:24:02.617262,0.6120000000000001,0.21200000000000002,5.908906920445593,31.52304770127038,-34.63892533333333,17.49377683333333
772.9535,4.215014988644697,34.462841994975065,32.64218984548443,190.53807413115598,2026-06-25 04:24:02.692242,0.6120000000000001,0.21200000000000002,5.90891085424046,31.478208314503874,-34.63892533333333,17.49377683333333
772.848,4.216604296328079,34.46256593572646,32.643954155813724,190.52713222393987,2026-06-25 04:24:02.767223,0.6180000000000001,0.21200000000000002,5.908914788035327,31.49230833031272,-34.63892533333333,17.49377683333333
773.2723333333333,4.219428023393216,34.46331102440065,32.646934271837324,190.49079245178905,2026-06-25 04:24:02.900521,0.6180000000000001,0.21200000000000002,5.908915548177962,31.435596418386464,-34.63892533333333,17.49377683333333
773.429,4.2213676373358435,34.46361474624655,32.64898610365934,190.10425266770926,2026-06-25 04:24:02.992164,0.6180000000000001,0.21200000000000002,5.908928555955709,31.414658006284867,-34.63892533333333,17.49377683333333
773.64,4.221951259492335,34.463707389545576,32.6496011248476,190.23277643176897,2026-06-25 04:24:03.017157,0.6120000000000001,0.21200000000000002,5.908930522874414,31.395390831509815,-34.63892533333333,17.49377683333333
773.752,4.223024541197836,34.46387103440804,32.65073951020269,190.2254832393418,2026-06-25 04:24:03.067144,0.6120000000000001,0.21200000000000002,5.908934456513275,31.388177753001898,-34.63892533333333,17.49377683333333
774.0323333333334,4.225452264146893,34.464343254380516,32.65329858063243,189.87799175721872,2026-06-25 04:24:03.217105,0.6136428571428608,0.21200000000000002,5.908939841735698,31.370123589236524,-34.63892533333333,17.49377683333333
774.2405,4.225726983128484,34.4647187450158,32.65358816835113,189.66892835893407,2026-06-25 04:24:03.342073,0.6120000000000001,0.21200000000000002,5.908963957897107,31.356717138259754,-34.63892533333333,17.49377683333333
774.42,4.223497262425699,34.46507740247351,32.651211500414135,189.6786311513863,2026-06-25 04:24:03.467040,0.6180000000000001,0.21200000000000002,5.908965924603087,31.345156891901077,-34.63892533333333,17.49377683333333
774.6683333333334,4.222112127378438,34.46516838439344,32.649802772135686,189.4254766702769,2026-06-25 04:24:03.500365,0.6120000000000001,0.21200000000000002,5.908965924603087,31.3291636077094,-34.63892533333333,17.49377683333333
774.787,4.217283078498498,34.46548698343574,32.64493557712486,189.45121879938102,2026-06-25 04:24:03.617001,0.6180000000000001,0.21200000000000002,5.908961991191129,31.340809311381598,-34.63892533333333,17.49377683333333
775.18025,4.208667736396759,34.46581113535237,32.636779667307856,189.51545621379398,2026-06-25 04:24:03.741969,0.6180000000000001,0.21200000000000002,5.908933984471505,31.422314835536397,-34.63892533333333,17.49377683333333
775.519,4.187806978578699,34.46630462980781,32.616721320913925,189.38222007911023,2026-06-25 04:24:03.941916,0.6180000000000001,0.21200000000000002,5.908895118848245,31.483823019654825,-34.63892533333333,17.49377683333333
775.729,4.170988796375797,34.46659838844072,32.598924075875,189.23634978950884,2026-06-25 04:24:04.066884,0.6180000000000001,0.21200000000000002,5.908847909905751,31.473602746131956,-34.63892533333333,17.49377683333333
775.96,4.16397003537382,34.46682432420555,32.59095886995707,189.55601712680544,2026-06-25 04:24:04.116871,0.6180000000000001,0.21200000000000002,5.908816435007808,31.462360445256802,-34.63892533333333,17.49377683333333
775.865,4.157126615478141,34.46671223192063,32.583083997160735,189.3562143896337,2026-06-25 04:24:04.166858,0.6180000000000001,0.21200000000000002,5.908777088831786,31.46698390232667,-34.63892533333333,17.49377683333333
776.2909999999999,4.144816410590136,34.46704259401147,32.56906104396579,189.59890884239536,2026-06-25 04:24:04.266832,0.6180000000000001,0.21100000000000113,5.908710193309203,31.446251347466003,-34.63892533333333,17.49377683333333
776.433,4.136337002692524,34.46721972573118,32.55971175660328,189.79246172528264,2026-06-25 04:24:04.350143,0.6180000000000001,0.21200000000000002,5.908680959394219,31.444541667687744,-34.63892533333333,17.49377683333333
776.706,4.127143909009333,34.46746214261117,32.55002844478546,190.15615521522264,2026-06-25 04:24:04.466780,0.6180000000000001,0.21200000000000002,5.908607867936464,31.454920643989006,-34.63892533333333,17.49377683333333
776.963,4.124950878232627,34.467711069964636,32.54804003194538,190.1866617175336,2026-06-25 04:24:04.516767,0.6180000000000001,0.21200000000000002,5.9085842515458395,31.464691328638906,-34.63892533333333,17.49377683333333
776.8779999999999,4.123431608802967,34.46756292710101,32.54723275056877,190.20861580846957,2026-06-25 04:24:04.591747,0.6180000000000001,0.21200000000000002,5.908564570425368,31.461459779241075,-34.63892533333333,17.49377683333333
777.2873333333333,4.125696615829054,34.468012168153074,32.55241537202319,190.20806643409895,2026-06-25 04:24:04.750039,0.6180000000000001,0.21250406504064848,5.908555673639638,31.477021907321596,-34.63892533333333,17.49377683333333
777.45,4.127138436736072,34.468088654833096,32.55484780368238,190.2065477973148,2026-06-25 04:24:04.791695,0.6180000000000001,0.21200000000000002,5.908550793154103,31.48320620577705,-34.63892533333333,17.49377683333333
777.669,4.132164784209191,34.46831512119741,32.56300761971727,190.16795017263792,2026-06-25 04:24:04.916662,0.6180000000000001,0.21200000000000002,5.908572442967251,31.49153219775498,-34.63892533333333,17.49377683333333
777.8610000000001,4.139119267043045,34.468569554975744,32.57333659973946,189.9997331545818,2026-06-25 04:24:05.066623,0.6180000000000001,0.21200000000000002,5.908601051425229,31.498831697571255,-34.63892533333333,17.49377683333333
777.9975,4.14262200286165,34.468695456147664,32.57845288147024,189.9586449725799,2026-06-25 04:24:05.141604,0.6180000000000001,0.21300000000000122,5.908613771870879,31.50402118572188,-34.63892533333333,17.49377683333333
778.357,4.147299782982116,34.4691118746052,32.584907291055316,189.79165631120523,2026-06-25 04:24:05.266571,0.6180000000000001,0.21200000000000002,5.904712469492649,31.51768873876328,-34.63892533333333,17.49377683333333
778.321,4.151113805920715,34.46889311858134,32.59044058892568,189.49712937083942,2026-06-25 04:24:05.416532,0.6180000000000001,0.21200000000000002,5.904732218779166,31.516320082547733,-34.63892533333333,17.49377683333333
778.6496666666667,4.1506406227750015,34.4691161096258,32.5898882525585,189.554486595291,2026-06-25 04:24:05.416532,0.6180000000000001,0.21200000000000002,5.905678472889837,31.528815406885997,-34.63892533333333,17.49377683333333
778.8969999999999,4.152674174587281,34.46928747991626,32.59316591671785,189.35444730698245,2026-06-25 04:24:05.541499,0.6180000000000001,0.21200000000000002,5.906705493284569,31.538218581996535,-34.63892533333333,17.49377683333333
779.0699999999999,4.153135617867967,34.469353542077094,32.5940116513129,189.34752932359063,2026-06-25 04:24:05.591486,0.6180000000000001,0.21200000000000002,5.906713364336052,31.54479573547682,-34.63892533333333,17.49377683333333
779.281,4.154312599666949,34.469597839869635,32.59612338086309,188.95218984933928,2026-06-25 04:24:05.791434,0.6180000000000001,0.21200000000000002,5.904751967353492,31.552817581629075,-34.63892533333333,17.49377683333333
779.517,4.154326166255438,34.46959997643962,32.59609245477133,189.08450649595267,2026-06-25 04:24:05.791434,0.6180000000000001,0.21200000000000002,5.906713378482366,31.56178988348658,-34.63892533333333,17.49377683333333
779.682,4.155324772241404,34.469786248724915,32.59730986412831,188.94759637622207,2026-06-25 04:24:05.966389,0.6180000000000001,0.21200000000000002,5.904755916982897,31.56806289114118,-34.63892533333333,17.49377683333333
779.8396666666667,4.155634258915917,34.46981672515101,32.5976302740817,188.75146410185928,2026-06-25 04:24:05.999713,0.6180000000000001,0.21200000000000002,5.90766702446822,31.574057098455587,-34.63892533333333,17.49377683333333
780.007,4.157445422321804,34.46996411229435,32.59943491724287,188.67380734855237,2026-06-25 04:24:06.166337,0.6180000000000001,0.21200000000000002,5.904763816156251,31.580418815309347,-34.63892533333333,17.49377683333333
780.3003333333332,4.158516508470911,34.47000927166947,32.60049164218253,188.62877173456997,2026-06-25 04:24:06.232986,0.6180000000000001,0.21200000000000002,5.904760551176372,31.591570828917533,-34.63892533333333,17.49377683333333
780.505,4.1594328286966045,34.4700548740242,32.60133784633703,188.6733923122605,2026-06-25 04:24:06.291304,0.6180000000000001,0.21200000000000002,5.9047578917833565,31.599351892957795,-34.63892533333333,17.49377683333333
780.729,4.161161618289575,34.47013002102141,32.603251877083586,188.39646702554572,2026-06-25 04:24:06.416271,0.6180000000000001,0.21200000000000002,5.904771715215664,31.60786797607678,-34.63892533333333,17.49377683333333
780.817,4.161618809080349,34.47016650436042,32.604025961478364,188.3858656966617,2026-06-25 04:24:06.491252,0.6180000000000001,0.21200000000000002,5.904783563576908,31.611213580159234,-34.63892533333333,17.49377683333333
781.0625,4.161240880116344,34.470205942846874,32.60424597182381,188.25819391294667,2026-06-25 04:24:06.591226,0.6180000000000001,0.21200000000000002,5.906746885778318,31.620547055184726,-34.63892533333333,17.49377683333333
781.3040000000001,4.158515893540669,34.47023830143472,32.602486363627705,188.00842446110605,2026-06-25 04:24:06.716193,0.6180000000000001,0.21200000000000002,5.906752809795198,31.62972845729738,-34.63892533333333,17.49377683333333
781.4085,4.156843461183745,34.47024665255536,32.60116452735535,188.01534209862098,2026-06-25 04:24:06.766180,0.6180000000000001,0.21200000000000002,5.904793437038002,31.633701362145295,-34.63892533333333,17.49377683333333
781.6295,4.151588256526802,34.47024665255536,32.596417575838665,187.92052878917758,2026-06-25 04:24:06.891148,0.6180000000000001,0.21200000000000002,5.9047815887906925,31.642103390579646,-34.63892533333333,17.49377683333333
781.826,4.146916924158713,34.47024665255536,32.59159792613018,187.83064723056646,2026-06-25 04:24:06.991122,0.6180000000000001,0.21200000000000002,5.904759866569574,31.64957397242286,-34.63892533333333,17.49377683333333
782.1173333333332,4.1402170843872055,34.47020866327444,32.58452011414456,187.76847873483814,2026-06-25 04:24:07.166076,0.6180000000000001,0.21200000000000002,5.904715267348599,31.660649949574626,-34.63892533333333,17.49377683333333
782.237,4.140659794352084,34.47020376717647,32.58506644540347,187.7619887527218,2026-06-25 04:24:07.166076,0.6180000000000001,0.21200000000000002,5.904722343794047,31.66519946421706,-34.63892533333333,17.49377683333333
782.485,4.136795266906063,34.47014671830974,32.581246613653164,187.80765571548133,2026-06-25 04:24:07.316037,0.6180000000000001,0.21200000000000002,5.904688769408683,31.636833124362973,-34.63892533333333,17.49377683333333
782.636,4.135871588835711,34.470105101430086,32.58043170424605,187.68522061316696,2026-06-25 04:24:07.391017,0.6180000000000001,0.21200000000000002,5.904686794351827,31.61590554071067,-34.63892533333333,17.49377683333333
782.841,4.134980460643103,34.470040105600965,32.57964350905618,187.82356936173787,2026-06-25 04:24:07.490991,0.6180000000000001,0.21200000000000002,5.904682844195378,31.58749392052044,-34.63892533333333,17.49377683333333
783.0229999999999,4.134265281658526,34.46996391627143,32.57896474198037,187.56184219533475,2026-06-25 04:24:07.590965,0.6180000000000001,0.21200000000000002,5.9046927194939025,31.562269945522303,-34.63892533333333,17.49377683333333
783.253,4.133421272692542,34.46985285651985,32.578118143426394,187.5799715963688,2026-06-25 04:24:07.715933,0.6180000000000001,0.21200000000000002,5.904676874065278,31.530393493601544,-34.63892533333333,17.49377683333333
783.359,4.132629413983563,34.46975352301958,32.577434754154496,187.58453025620668,2026-06-25 04:24:07.815907,0.6180000000000001,0.21200000000000002,5.904676918982074,31.535367032475342,-34.63892533333333,17.49377683333333
783.63,4.132148009443233,34.46969963906952,32.57707314775732,187.58291285073557,2026-06-25 04:24:07.865894,0.6180000000000001,0.21200000000000002,5.904684819294971,31.567016818677978,-34.63892533333333,17.49377683333333
783.8470000000001,4.130942342929692,34.46958383036233,32.5761565409947,187.60292992280813,2026-06-25 04:24:07.965867,0.6180000000000001,0.21200000000000002,5.904668524748256,31.592360005415898,-34.63892533333333,17.49377683333333
784.0446666666667,4.128395286785076,34.469394160272806,32.57400165982769,187.62208780646424,2026-06-25 04:24:08.115828,0.6180000000000001,0.21217435897435938,5.904661118014372,31.615445273826918,-34.63892533333333,17.49377683333333
784.209,4.126077165204152,34.46925774712471,32.57193171265004,187.63413438012975,2026-06-25 04:24:08.215802,0.6180000000000001,0.21200000000000002,5.904661118014372,31.63463757960539,-34.63892533333333,17.49377683333333
784.4549999999999,4.123975524020031,34.4691495554337,32.57001732145206,187.64584095256228,2026-06-25 04:24:08.290783,0.6180000000000001,0.21200000000000002,5.904661118014372,31.67811631688335,-34.63892533333333,17.49377683333333
784.619,4.121738258970848,34.46903773371341,32.56792462795423,187.6666615618321,2026-06-25 04:24:08.365763,0.6180000000000001,0.21200000000000002,5.90464926698942,31.707102141735348,-34.63892533333333,17.49377683333333
784.7682500000001,4.117944761582908,34.46884180837202,32.56411931993964,187.69443070344715,2026-06-25 04:24:08.490731,0.6180000000000001,0.21200000000000002,5.904637544527224,31.733481009779002,-34.63892533333333,17.49377683333333
785.0905,4.113390245087404,34.46859668880818,32.55943477586149,187.73653077862065,2026-06-25 04:24:08.640692,0.6149999999999319,0.21200000000000002,5.904613712375843,31.790202702955327,-34.63892533333333,17.49377683333333
785.209,4.11099675919657,34.46846979715885,32.557092201317985,187.76077442415055,2026-06-25 04:24:08.715672,0.6180000000000001,0.21200000000000002,5.904597909584458,31.800070048963285,-34.63892533333333,17.49377683333333
785.4066666666668,4.107187764150798,34.46829664962849,32.553695636897245,187.58808013023986,2026-06-25 04:24:08.815646,0.6180000000000001,0.21200000000000002,5.904582106337104,31.81652950376702,-34.63892533333333,17.49377683333333
785.8829999999999,4.0980018374545075,34.46776209716736,32.5457936405044,187.66884333643625,2026-06-25 04:24:08.982269,0.6180000000000001,0.21200000000000002,5.904576855154001,31.858231352399535,-34.63892533333333,17.49377683333333
786.037,4.087837397879395,34.46776171156306,32.5366903452009,187.6452892010852,2026-06-25 04:24:09.115568,0.6180000000000001,0.21200000000000002,5.904558400611084,31.88267986149995,-34.63892533333333,17.49377683333333
786.2145,4.087142071849985,34.46776171156306,32.53580016090982,187.7901656538207,2026-06-25 04:24:09.115568,0.6180000000000001,0.21200000000000002,5.904544571365979,31.910859149586447,-34.63892533333333,17.49377683333333
785.735,4.083200978602478,34.46800162890551,32.53229036504737,187.9409763478972,2026-06-25 04:24:09.165555,0.6180000000000001,0.21200000000000002,5.904534693859019,31.843869407614676,-34.63892533333333,17.49377683333333
786.4883333333333,4.067886008881813,34.46740037866987,32.51704885256756,187.8209141665892,2026-06-25 04:24:09.315516,0.6180000000000001,0.21200000000000002,5.90445401708285,31.954331985573404,-34.63892533333333,17.49377683333333
786.6975,4.0546845477571125,34.4671755735604,32.503505414881516,187.90310467394556,2026-06-25 04:24:09.440483,0.6180000000000001,0.21200000000000002,5.90442800076139,31.98753856449223,-34.63892533333333,17.49377683333333
786.8530000000001,4.044773578497785,34.46699776050235,32.49312249337368,187.97880541844054,2026-06-25 04:24:09.540457,0.6180000000000001,0.21200000000000002,5.9043904550714625,32.01222520842154,-34.63892533333333,17.49377683333333
787.2719999999999,4.034207195755455,34.46677941551663,32.482139138849,188.35517817456076,2026-06-25 04:24:09.665424,0.6180000000000001,0.21200000000000002,5.904306821314023,31.963887779354796,-34.63892533333333,17.49377683333333
787.4686666666666,4.024339545734452,34.4665245753185,32.47256878436878,188.4190322967275,2026-06-25 04:24:09.815385,0.6180000000000001,0.21200000000000002,5.904285088701773,31.93674186474457,-34.63892533333333,17.49377683333333
787.598,4.017386382872241,34.46627942634952,32.466861928621825,188.48546020360402,2026-06-25 04:24:09.965346,0.6180000000000001,0.21200000000000002,5.904242226193746,31.918889975136498,-34.63892533333333,17.49377683333333
787.8542,4.015167347146372,34.46614047631853,32.46557629088851,188.75075677463457,2026-06-25 04:24:10.055323,0.6173777777777809,0.21200000000000002,5.904217012163505,31.888695627513798,-34.63892533333333,17.49377683333333
788.338,4.012130564555575,34.46586393972342,32.464034506271844,188.81485612832833,2026-06-25 04:24:10.240275,0.6180000000000001,0.21100000000000002,5.904192807449942,31.925253107120792,-34.63892533333333,17.49377683333333
788.4685,4.011677596663841,34.465725082177,32.464000737290846,188.8135759373912,2026-06-25 04:24:10.340249,0.6180000000000001,0.21000000000000002,5.90419873792343,31.935114105650584,-34.63892533333333,17.49377683333333
788.768,4.011482722094954,34.46556149497681,32.46402211023336,188.81409433900376,2026-06-25 04:24:10.415229,0.6180000000000001,0.21000000000000002,5.904202691558158,31.95774528618448,-34.63892533333333,17.49377683333333
788.636,4.011344262070686,34.46562543536858,32.46401518098022,188.81970168253505,2026-06-25 04:24:10.465216,0.6180000000000001,0.21000000000000002,5.904194784288703,31.947770942843995,-34.63892533333333,17.49377683333333
789.07,4.011003944804581,34.46546944294769,32.463930171630466,188.8296919019429,2026-06-25 04:24:10.540196,0.6180000000000001,0.21200000000000002,5.904188853729624,31.970038859141674,-34.63892533333333,17.49377683333333
789.2413333333334,4.009986708411262,34.4653259704265,32.46348625094971,188.82981931899786,2026-06-25 04:24:10.665164,0.6180000000000001,0.21200000000000002,5.9041967357622545,31.977013358589797,-34.63892533333333,17.49377683333333
789.453,4.008864502657625,34.465219351623986,32.46283986653183,189.099054927232,2026-06-25 04:24:10.765138,0.6180000000000001,0.21200000000000002,5.904194784288703,31.98562971491189,-34.63892533333333,17.49377683333333
789.843,4.008223697908653,34.46509896469323,32.46242379082267,189.1115648239209,2026-06-25 04:24:10.815125,0.6180000000000001,0.21200000000000002,5.904186876905128,31.989697926610397,-34.63892533333333,17.49377683333333
789.686,4.007233188578255,34.465169509219315,32.46178310277391,188.98743001761082,2026-06-25 04:24:10.890105,0.6180000000000001,0.21100000000000002,5.904182923170546,31.995114491398734,-34.63892533333333,17.49377683333333
790.009,4.005448330447779,34.46497966357587,32.46086866054197,188.8743808348072,2026-06-25 04:24:11.031735,0.6139701492537355,0.2113432835820882,5.904174956575443,31.979109651311546,-34.63892533333333,17.49377683333333
790.168,4.005028908509496,34.46495209390868,32.46066460196259,189.14451799770933,2026-06-25 04:24:11.065060,0.6120000000000001,0.21200000000000002,5.9041671079469085,31.9689678695494,-34.63892533333333,17.49377683333333
790.3907500000001,4.003373742778625,34.46483292998847,32.46038157515896,189.14952004664727,2026-06-25 04:24:11.240014,0.6120000000000001,0.21200000000000002,5.904172999167501,31.95475980736374,-34.63892533333333,17.49377683333333
790.703,4.002799412384876,34.46476138048867,32.4603793639527,188.9109970343294,2026-06-25 04:24:11.364981,0.6120000000000001,0.21200000000000002,5.9041512922667625,31.890798094415707,-34.63892533333333,17.49377683333333
790.832,4.002730708967372,34.46471517423711,32.46030965144865,189.09660070492083,2026-06-25 04:24:11.464955,0.6120000000000001,0.21200000000000002,5.904149699678385,31.86263373833189,-34.63892533333333,17.49377683333333
791.042,4.002739864360817,34.464675697076416,32.46016549055117,189.1595738111393,2026-06-25 04:24:11.564929,0.6120000000000001,0.21200000000000002,5.904171061795615,31.81678478656753,-34.63892533333333,17.49377683333333
791.3115,4.002778316662017,34.46464031533811,32.459943563143554,189.16940220303505,2026-06-25 04:24:11.689897,0.6120000000000001,0.21200000000000002,5.904161177088253,31.757945298469952,-34.63892533333333,17.49377683333333
791.449,4.002776949141471,34.46462977284031,32.45987418785764,189.17772891765634,2026-06-25 04:24:11.731553,0.6120000000000001,0.21200000000000002,5.904151998331554,31.727925151481408,-34.63892533333333,17.49377683333333
791.688,4.002543631075451,34.464602595942274,32.459684664557535,189.17366927481586,2026-06-25 04:24:11.889845,0.6120000000000001,0.21200000000000002,5.904161177116785,31.74013129672473,-34.63892533333333,17.49377683333333
791.847,4.00215348640118,34.46460216982544,32.45961703457034,189.17678531683515,2026-06-25 04:24:11.989819,0.6120000000000001,0.21200000000000002,5.904161177116785,31.765637516318062,-34.63892533333333,17.49377683333333
792.129,4.0015895377518875,34.46460216982544,32.459559759552974,189.18326637206206,2026-06-25 04:24:12.114786,0.6180000000000001,0.21200000000000002,5.9041592001639,31.810874962389267,-34.63892533333333,17.49377683333333
792.4845,4.001401312436706,34.46460372633041,32.459618096811596,189.1886372444198,2026-06-25 04:24:12.189766,0.6150000000001138,0.21200000000000002,5.904157223196748,31.86790301940455,-34.63892533333333,17.49377683333333
792.289,4.001233584631922,34.46460216982544,32.45958631636891,189.189317799436,2026-06-25 04:24:12.214760,0.6180000000000001,0.21200000000000002,5.904155246229597,31.836541598458023,-34.63892533333333,17.49377683333333
792.677,4.001082196495759,34.464611689146984,32.45964254729695,189.19786544149923,2026-06-25 04:24:12.289740,0.6180000000000001,0.21200000000000002,5.904149315271078,31.89878319092478,-34.63892533333333,17.49377683333333
793.0,4.000967273692347,34.46465042154136,32.45976818882599,189.20258168640058,2026-06-25 04:24:12.464695,0.6180000000000001,0.21200000000000002,5.9041473382753935,31.822635228032375,-34.63892533333333,17.49377683333333
792.8796666666667,4.000981846694909,34.464641869831325,32.45975437524793,189.20152110306043,2026-06-25 04:24:12.498019,0.6139493670886075,0.21200000000000002,5.9041473382753935,31.86015152899292,-34.63892533333333,17.49377683333333
793.2316666666666,4.000940494818547,34.46469532745841,32.45963326672657,189.20123980946303,2026-06-25 04:24:12.664643,0.6180000000000001,0.21200000000000002,5.904151621763665,31.750408554437982,-34.63892533333333,17.49377683333333
793.4925000000001,4.000744189969548,34.46473603782612,32.459435249439125,189.2014379955894,2026-06-25 04:24:12.789610,0.6180000000000001,0.21200000000000002,5.904155246215331,31.760839428093856,-34.63892533333333,17.49377683333333
793.687,4.000595483669035,34.46476289799579,32.459330606882716,189.2098780816466,2026-06-25 04:24:12.864591,0.6180000000000001,0.21200000000000002,5.9041473382753935,31.80130805826233,-34.63892533333333,17.49377683333333
793.8495,4.000454062167311,34.46479151783704,32.45927206150587,189.208762008082,2026-06-25 04:24:12.939571,0.6180000000000001,0.21200000000000002,5.9041512922667625,31.835118610459656,-34.63892533333333,17.49377683333333
794.029,4.000291768118288,34.46485286195196,32.459297917936624,189.21092614594363,2026-06-25 04:24:13.089532,0.6180000000000001,0.21200000000000002,5.9041512922667625,31.87246626657915,-34.63892533333333,17.49377683333333
794.267,4.000259048141037,34.46490681255524,32.45943462275356,189.21916350130175,2026-06-25 04:24:13.214499,0.6180000000000001,0.21200000000000002,5.904143384255493,31.83008520377673,-34.63892533333333,17.49377683333333
794.3785,4.000224854356555,34.46494049919142,32.459566107145186,189.2171234439766,2026-06-25 04:24:13.289480,0.6180000000000001,0.21200000000000002,5.9041473382753935,31.802304803784654,-34.63892533333333,17.49377683333333
794.607,4.000157714996279,34.46497475342103,32.459703440916,189.21621063700601,2026-06-25 04:24:13.364460,0.6180000000000001,0.21200000000000002,5.9041512922667625,31.745373670168604,-34.63892533333333,17.49377683333333
794.8183333333333,4.000071090193735,34.4650291099195,32.45991726744551,189.21576644706494,2026-06-25 04:24:13.481097,0.6180000000000001,0.21200000000000002,5.904154543302871,31.69936913121932,-34.63892533333333,17.49377683333333
795.0495,4.000063629238772,34.46506825191649,32.46008081577672,189.22330164064013,2026-06-25 04:24:13.564408,0.6180000000000001,0.21200000000000002,5.9041473382753935,31.72128089005,-34.63892533333333,17.49377683333333
795.25,4.00019861914626,34.465127292896696,32.4603840774192,189.0969362505562,2026-06-25 04:24:13.689376,0.6180000000000001,0.21200000000000002,5.904143384255493,31.740285825791393,-34.63892533333333,17.49377683333333
795.378,4.000459279344665,34.465186201011285,32.46078469125276,189.22407965934005,2026-06-25 04:24:13.814343,0.6180000000000001,0.21200000000000002,5.9041473382753935,31.752418652598866,-34.63892533333333,17.49377683333333
795.619,4.000684728894496,34.465232977158834,32.46111864119136,189.22499849462977,2026-06-25 04:24:13.914317,0.6180000000000001,0.21200000000000002,5.9041473382753935,31.775262490572302,-34.63892533333333,17.49377683333333
795.8109999999999,4.000815034179574,34.465279055321936,32.4613895689411,189.09551688071605,2026-06-25 04:24:14.014291,0.6180000000000001,0.21200000000000002,5.9041473382753935,31.7934617307835,-34.63892533333333,17.49377683333333
795.953,4.000838194581887,34.46527914761133,32.461400431369604,188.96308522825674,2026-06-25 04:24:14.014291,0.6180000000000001,0.21200000000000002,5.9041512922667625,31.80692158552304,-34.63892533333333,17.49377683333333
796.2693333333333,4.00071179891497,34.46534690508688,32.46162485186234,189.2289033036608,2026-06-25 04:24:14.164252,0.6180000000000001,0.21200000000000002,5.904148947253089,31.93349194937501,-34.63892533333333,17.49377683333333
796.457,4.000248844912502,34.46541263671093,32.46152950500606,189.10024719603334,2026-06-25 04:24:14.314213,0.6180000000000001,0.21200000000000002,5.9041512922667625,32.00858058462125,-34.63892533333333,17.49377683333333
796.639,3.9999433955305825,34.46544813078291,32.46135013533561,189.23456768314787,2026-06-25 04:24:14.397524,0.6180000000000001,0.21200000000000002,5.9041499923243945,32.08140188985116,-34.63892533333333,17.49377683333333
796.86,3.999418784369373,34.46551730743417,32.460867899015845,188.98300332550568,2026-06-25 04:24:14.564148,0.6180000000000001,0.21200000000000002,5.904143384255493,32.16982776048748,-34.63892533333333,17.49377683333333
797.024,3.9993493080384828,34.46553711839906,32.46076383539542,188.9815827738177,2026-06-25 04:24:14.614135,0.6180000000000001,0.21200000000000002,5.9041473382753935,32.21840042980512,-34.63892533333333,17.49377683333333
797.34,3.9992366685675567,34.46555733773477,32.46061925536171,188.9877885488453,2026-06-25 04:24:14.664122,0.6180000000000001,0.21200000000000002,5.904143384255493,32.15908903849945,-34.63892533333333,17.49377683333333
797.48,3.9991607110927614,34.465606031049106,32.46047541716477,188.98616052925198,2026-06-25 04:24:14.789089,0.6180000000000001,0.21200000000000002,5.9041473382753935,32.13281183981974,-34.63892533333333,17.49377683333333
797.718,3.9991832327566774,34.46563465892701,32.4604621792897,189.25197957283842,2026-06-25 04:24:14.864069,0.6180000000000001,0.21200000000000002,5.904143384255493,32.08814060206422,-34.63892533333333,17.49377683333333
797.8546666666666,3.999262598803417,34.46567826965972,32.460493082630144,189.25270099556275,2026-06-25 04:24:14.980706,0.6161833333333329,0.21200000000000002,5.904143384255493,32.08637760340165,-34.63892533333333,17.49377683333333
798.058,3.999095530888543,34.465745560844496,32.460491667289716,189.12154682146542,2026-06-25 04:24:15.163991,0.6180000000000001,0.21200000000000002,5.9041473382753935,32.10626894510718,-34.63892533333333,17.49377683333333
798.385,3.999238342503313,34.465763946355096,32.460509763946426,189.2571308790096,2026-06-25 04:24:15.163991,0.6180000000000001,0.21200000000000002,5.904143384255493,32.13825813562049,-34.63892533333333,17.49377683333333
798.3199999999999,3.9991545830441915,34.46574570670585,32.460504000579036,189.1234644474528,2026-06-25 04:24:15.213978,0.6180000000000001,0.21200000000000002,5.904147338261128,32.131899428026095,-34.63892533333333,17.49377683333333
798.641,3.9987224864707875,34.46581870478543,32.460445345167386,189.00065734178446,2026-06-25 04:24:15.363939,0.6180000000000001,0.21200000000000002,5.904143384255493,32.16330166091531,-34.63892533333333,17.49377683333333
798.923,3.9981159154506782,34.465874287408475,32.46029057938373,189.0057154098914,2026-06-25 04:24:15.513900,0.6180000000000001,0.21200000000000002,5.904143384255493,32.19088866924789,-34.63892533333333,17.49377683333333
799.048,3.998073249742994,34.4658793926566,32.460275400772844,189.00973446916998,2026-06-25 04:24:15.526397,0.6180000000000001,0.21200000000000002,5.904139806783098,32.16288980143058,-34.63892533333333,17.49377683333333
799.16,3.9977071383993126,34.46591229328073,32.46017317591924,189.27351929865824,2026-06-25 04:24:15.613874,0.6180000000000001,0.21200000000000002,5.9041394302070564,32.05207766847424,-34.63892533333333,17.49377683333333
799.4445000000001,3.9973450280845344,34.46596148146574,32.46006244128924,189.1470304827512,2026-06-25 04:24:15.738841,0.6180000000000001,0.21200000000000002,5.9041394301927905,31.79743242498838,-34.63892533333333,17.49377683333333
799.6975,3.9972232266514673,34.466002523897586,32.46002081349934,189.15427184171355,2026-06-25 04:24:15.838815,0.6180000000000001,0.21200000000000002,5.904133499077336,31.803336585089404,-34.63892533333333,17.49377683333333
799.924,3.9972453219611124,34.466056485001324,32.46003253043326,189.278746726386,2026-06-25 04:24:15.963783,0.6180000000000001,0.21200000000000002,5.904143384255493,31.808622325258902,-34.63892533333333,17.49377683333333
800.0616666666666,3.997318789630351,34.46607196546413,32.46005606057494,189.28639686839233,2026-06-25 04:24:15.997107,0.6180000000000001,0.21200000000000002,5.904134597417783,31.811834997356033,-34.63892533333333,17.49377683333333
800.3915,3.9978338707166245,34.46617084168546,32.460256213141996,189.02195498000847,2026-06-25 04:24:16.201221,0.6180000000000001,0.21200000000000002,5.9041394302070564,31.819532186315147,-34.63892533333333,17.49377683333333
800.658,3.9980369838094463,34.4662026485859,32.460340235344546,189.28722984275558,2026-06-25 04:24:16.263705,0.6180000000000001,0.21200000000000002,5.9041354761300875,31.82575139053224,-34.63892533333333,17.49377683333333
800.7860000000001,3.9983276839535704,34.46627239989947,32.46062201357185,189.02439411601387,2026-06-25 04:24:16.388672,0.6180000000000001,0.21200000000000002,5.904137453168572,31.82873847548454,-34.63892533333333,17.49377683333333
801.0635,3.9983618992974383,34.46633255813046,32.460863935097734,189.2843308335159,2026-06-25 04:24:16.488646,0.6180000000000001,0.21200000000000002,5.904141407231275,31.835214382314714,-34.63892533333333,17.49377683333333
801.3,3.998256436042065,34.46638037180967,32.460996440356816,189.28518525096743,2026-06-25 04:24:16.563626,0.6180000000000001,0.21200000000000002,5.904143384255493,31.84073348849611,-34.63892533333333,17.49377683333333
801.4656666666666,3.997880852995318,34.46648468038339,32.46101523635681,189.03034741928082,2026-06-25 04:24:16.713587,0.6180000000000001,0.21200000000000002,5.904139364263687,31.844599585426558,-34.63892533333333,17.49377683333333
801.6606666666667,3.9977691429800717,34.466538244797626,32.460876490690644,189.03086803269503,2026-06-25 04:24:16.780237,0.6180000000000001,0.21200000000000002,5.904141351229789,31.849150222658576,-34.63892533333333,17.49377683333333
801.93,3.997570671131731,34.46659976745919,32.46080221858596,189.0354415416661,2026-06-25 04:24:16.863548,0.6180000000000001,0.21200000000000002,5.9041394302070564,31.855435547245705,-34.63892533333333,17.49377683333333
802.043,3.997491204369988,34.466728588380136,32.46048576008688,189.0396647673657,2026-06-25 04:24:17.013509,0.6180000000000001,0.21200000000000002,5.9041354761300875,31.858072583180157,-34.63892533333333,17.49377683333333
802.3040000000001,3.997479475301404,34.4668457431755,32.46039560933643,189.04174516487925,2026-06-25 04:24:17.138477,0.6180000000000001,0.21200000000000002,5.9041354761300875,31.864163436090703,-34.63892533333333,17.49377683333333
802.641,3.9974263248436173,34.467000208027315,32.46048575494153,189.04151947091867,2026-06-25 04:24:17.213457,0.6180000000000001,0.21200000000000002,5.9041394302070564,31.872027870691674,-34.63892533333333,17.49377683333333
802.48,3.9973443536268323,34.46692087457825,32.46066221538354,189.03757201666156,2026-06-25 04:24:17.288437,0.6180000000000001,0.21200000000000002,5.904143384255493,31.86827067790011,-34.63892533333333,17.49377683333333
802.909,3.9972423207167864,34.467111770102164,32.46093239394793,189.1780218931165,2026-06-25 04:24:17.388411,0.6180000000000001,0.21300000000000002,5.9041354761300875,31.87828207981055,-34.63892533333333,17.49377683333333
803.07,3.9971120850317394,34.46726105550972,32.46120963859667,189.31334424547168,2026-06-25 04:24:17.513379,0.6180000000000001,0.21200000000000002,5.904131522024584,31.882039272602114,-34.63892533333333,17.49377683333333
803.1795,3.9971037140893637,34.467261979409365,32.46119346275371,189.18226322647243,2026-06-25 04:24:17.513379,0.6180000000000001,0.21400000000000002,5.904133499077336,31.884594630432396,-34.63892533333333,17.49377683333333
803.3820000000001,3.996894883844602,34.467422345552464,32.461293496704315,189.17853889506713,2026-06-25 04:24:17.638346,0.6180000000000001,0.21300000000001423,5.904141407231275,31.88932029217334,-34.63892533333333,17.49377683333333
803.636,3.9965675827160707,34.46763227432543,32.46123600566189,189.1880558277318,2026-06-25 04:24:17.788307,0.6180000000000001,0.21400000000000002,5.904133499077336,31.895247788875555,-34.63892533333333,17.49377683333333
804.0655,3.9959943114536776,34.467938177865285,32.46130425814321,189.06492228596846,2026-06-25 04:24:17.988255,0.6180000000000001,0.21274999999999766,5.904131522024584,31.90527085908659,-34.63892533333333,17.49377683333333
804.332,3.9955156624389585,34.468144185054015,32.46139438682196,189.33316126622395,2026-06-25 04:24:18.113222,0.6180000000000001,0.21400000000000002,5.904127567890546,31.911490063303678,-34.63892533333333,17.49377683333333
804.407,3.9951036040443295,34.46831992189483,32.46137582412048,189.06982092687886,2026-06-25 04:24:18.213196,0.6180000000000001,0.21300000000000002,5.904133499077336,31.91324030839292,-34.63892533333333,17.49377683333333
804.733,3.9947314113387846,34.46850161357249,32.461251701516815,189.0848010343685,2026-06-25 04:24:18.313170,0.6180000000000001,0.21200000000000002,5.904119659536865,31.9208480403808,-34.63892533333333,17.49377683333333
804.811,3.9946834997343896,34.46853568114201,32.46114278263977,189.07075913280406,2026-06-25 04:24:18.329833,0.6180000000000001,0.2121176470588275,5.904138732423732,31.92266829527361,-34.63892533333333,17.49377683333333
805.027,3.9940835984057284,34.46889059364056,32.46052731533103,189.08355794968588,2026-06-25 04:24:18.513118,0.6180000000000001,0.21200000000000002,5.904127567890546,31.927709001130612,-34.63892533333333,17.49377683333333
805.1724999999999,3.9940174507279043,34.468943564769575,32.460467372909385,189.0865481128269,2026-06-25 04:24:18.538112,0.6180000000000001,0.21200000000000002,5.904125590780724,31.93110447660373,-34.63892533333333,17.49377683333333
805.4127500000001,3.9934498299245704,34.46928762189833,32.46004318919306,188.83203115858095,2026-06-25 04:24:18.700569,0.6180000000000001,0.2102964285714289,5.904123027660363,31.94406207853348,-34.63892533333333,17.49377683333333
805.6595,3.9931532289523406,34.46947577070499,32.45986730912283,189.09542956248865,2026-06-25 04:24:18.788047,0.6150000000000039,0.21200000000000002,5.904123613727974,32.037235092207894,-34.63892533333333,17.49377683333333
805.81,3.992369104326383,34.46975983121435,32.45961066659838,189.10607980637997,2026-06-25 04:24:18.913014,0.6180000000000001,0.21200000000000002,5.9041157053172215,32.09406402253414,-34.63892533333333,17.49377683333333
806.0385,3.991272002628556,34.47005610427583,32.4592225671345,188.8519271469052,2026-06-25 04:24:19.037981,0.6180000000000001,0.21200000000000002,5.9041157053172215,32.17953866992619,-34.63892533333333,17.49377683333333
806.591,3.98963178120777,34.470678769451304,32.4586453733652,188.8663185691929,2026-06-25 04:24:19.212936,0.6180000000000001,0.21200000000000002,5.904111751069042,32.09086272202446,-34.63892533333333,17.49377683333333
806.4455,3.989077232743766,34.47048582484634,32.45855094396419,188.87547528218616,2026-06-25 04:24:19.287916,0.6180000000000001,0.21200000000000002,5.904102011726519,32.11421539246736,-34.63892533333333,17.49377683333333
806.8546666666666,3.9880541401950214,34.47109048203398,32.45846132229934,188.62097418511684,2026-06-25 04:24:19.446208,0.6180000000000001,0.21200000000000002,5.904103842487075,32.04854436619325,-34.63892533333333,17.49377683333333
807.205,3.9873534310683185,34.47160834160377,32.45900304684212,188.59084451579784,2026-06-25 04:24:19.637825,0.6180000000000001,0.21200000000000002,5.90409929324922,31.99603719338683,-34.63892533333333,17.49377683333333
807.491,3.987062297486731,34.47195513536446,32.459698332608845,188.37271606500929,2026-06-25 04:24:19.762792,0.6180000000000001,0.21200000000000002,5.9040998881532865,31.97060059576986,-34.63892533333333,17.49377683333333
807.703,3.986979923847256,34.47223836494628,32.460318890612,188.37350944231613,2026-06-25 04:24:19.862766,0.6180000000000001,0.21200000000000002,5.904101153540099,31.951745495438395,-34.63892533333333,17.49377683333333
807.8885,3.9870633899379477,34.47259723236871,32.46102662729315,188.12008721182139,2026-06-25 04:24:19.987734,0.6180000000000001,0.21200000000000002,5.904093956595529,31.935247282648362,-34.63892533333333,17.49377683333333
808.0409999999999,3.9873814435649497,34.47303545681897,32.46180958892627,188.11474385267454,2026-06-25 04:24:20.137695,0.6180000000000001,0.21200000000000002,5.901704021239616,31.95245514150615,-34.63892533333333,17.49377683333333
808.272,3.9877385179767737,34.47340482953199,32.46257951504156,188.1176291954289,2026-06-25 04:24:20.262662,0.6180000000000001,0.21200000000000002,5.90409593379096,31.990173470974508,-34.63892533333333,17.49377683333333
808.478,3.9879030614046354,34.47355381203269,32.46294816768266,187.8621009029283,2026-06-25 04:24:20.312649,0.6180000000000001,0.21200000000000002,5.904091979400097,32.02380973015405,-34.63892533333333,17.49377683333333
808.585,3.9881769318322906,34.47377831704936,32.463535494566656,187.85226673385637,2026-06-25 04:24:20.387630,0.6180000000000001,0.21200000000000002,5.904103842472806,32.041280990990046,-34.63892533333333,17.49377683333333
808.8316666666666,3.9886918487907947,34.47415462897854,32.464461749517675,187.85669307824196,2026-06-25 04:24:20.512597,0.6180000000000001,0.21200000000000002,5.9040971218340275,32.07302193639109,-34.63892533333333,17.49377683333333
809.0955,3.989166616172502,34.47453284873025,32.46518618058995,187.59356191677813,2026-06-25 04:24:20.637564,0.6180000000000001,0.21100000000000002,5.904101865320181,32.078981420188754,-34.63892533333333,17.49377683333333
809.416,3.9893448515166683,34.47491242129396,32.4656227189509,187.58926970208705,2026-06-25 04:24:20.762532,0.6166956521739158,0.2104347826086948,5.904109172174312,32.086220894189324,-34.63892533333333,17.49377683333333
809.61,3.989196317288691,34.47529246437078,32.465883197640636,187.58907248841479,2026-06-25 04:24:20.887499,0.6180000000000001,0.21200000000000002,5.902149200479982,32.09060297829575,-34.63892533333333,17.49377683333333
809.796,3.9890031025840997,34.47559637150914,32.4660620564992,187.3370376500017,2026-06-25 04:24:20.987473,0.6180000000000001,0.21200000000000002,5.9041058196397005,32.10609231498607,-34.63892533333333,17.49377683333333
810.0165,3.9889459935853977,34.475899746689706,32.46626790666497,187.34026103962447,2026-06-25 04:24:21.087447,0.6180000000000001,0.21200000000000002,5.904103842487075,32.131308710687904,-34.63892533333333,17.49377683333333
810.1656666666668,3.9891903490691045,34.47627758916029,32.466557740965335,187.34261994927326,2026-06-25 04:24:21.212415,0.6126666666665657,0.21200000000000002,5.9036642020233305,32.1483674213101,-34.63892533333333,17.49377683333333
810.679,3.9895782242599287,34.476728378531256,32.46683687517567,187.34181340346262,2026-06-25 04:24:21.312389,0.6180000000000001,0.21200000000000002,5.904103842487075,32.20707225786463,-34.63892533333333,17.49377683333333
810.456,3.9898335573512616,34.47657856178348,32.467022588331055,187.33900193940545,2026-06-25 04:24:21.362376,0.6180000000000001,0.21200000000000002,5.900178712983087,32.18156996198477,-34.63892533333333,17.49377683333333
810.8824999999999,3.99054052544448,34.477100719879346,32.46765460642831,187.08034749331742,2026-06-25 04:24:21.487343,0.6120000000000001,0.21200000000000002,5.90214128480233,32.2303445323559,-34.63892533333333,17.49377683333333
811.076,3.9907591103352313,34.4772468912238,32.46800719962347,187.0777176620355,2026-06-25 04:24:21.537330,0.6180000000000001,0.21100000000000096,5.900182681451323,32.22322020011804,-34.63892533333333,17.49377683333333
811.2633333333333,3.9912747332808767,34.47756630743774,32.46863772886497,187.0711296713459,2026-06-25 04:24:21.645635,0.6180000000000001,0.2117676767676774,5.904114786650188,32.153309268005,-34.63892533333333,17.49377683333333
811.425,3.991563206811355,34.477761751296256,32.469077685930934,187.0732496450126,2026-06-25 04:24:21.712284,0.6180000000000001,0.21200000000000002,5.904111751069042,32.09297687997151,-34.63892533333333,17.49377683333333
811.7395,3.9917183638659064,34.47812254687989,32.469688174521025,186.81368789452392,2026-06-25 04:24:21.837252,0.6180000000000001,0.21200000000000002,5.902153161809551,31.97560861582795,-34.63892533333333,17.49377683333333
811.8935,3.9916077084928077,34.478477849087106,32.470054879284405,186.81500805746234,2026-06-25 04:24:21.962219,0.6180000000000001,0.21200000000000002,5.902153161809551,32.02810486270588,-34.63892533333333,17.49377683333333
812.078,3.9915207292619703,34.47861850421799,32.470165058694874,186.81674383505265,2026-06-25 04:24:22.012206,0.6180000000000001,0.21200000000000002,5.902153161809551,32.09229396362075,-34.63892533333333,17.49377683333333
812.242,3.991097512754166,34.47910287107844,32.47049469527341,186.8172658840222,2026-06-25 04:24:22.187161,0.6180000000000001,0.21200000000000002,5.904118473266691,32.148440446664104,-34.63892533333333,17.49377683333333
812.6505,3.990839188188242,34.479508287241515,32.470755773647625,186.5703714155049,2026-06-25 04:24:22.337121,0.6180000000000001,0.21200000000000002,5.902147223341624,32.16658188679209,-34.63892533333333,17.49377683333333
813.0390000000001,3.9908739591077804,34.480051260238085,32.470928747905795,186.57310484661696,2026-06-25 04:24:22.528738,0.6180000000000001,0.21200000000000002,5.900920123426171,32.183835129117,-34.63892533333333,17.49377683333333
812.806,3.9908679614603457,34.48000851917085,32.470940695420495,186.57301811982327,2026-06-25 04:24:22.545401,0.6180000000000001,0.21200000000000002,5.903321980030478,32.17348762471107,-34.63892533333333,17.49377683333333
813.426,3.99077619730893,34.48047286495725,32.47100084180593,186.57429687132353,2026-06-25 04:24:22.712024,0.6180000000000001,0.21200000000000002,5.904111751069042,32.20102175660667,-34.63892533333333,17.49377683333333
813.6246666666666,3.9906315994456096,34.48071692640347,32.471046994767335,186.323455293406,2026-06-25 04:24:22.811998,0.6180000000000001,0.21400000000000002,5.904085665840398,32.16553598415506,-34.63892533333333,17.49377683333333
813.89,3.990491675652654,34.480956219621035,32.471131338274475,186.31847008653003,2026-06-25 04:24:22.911972,0.6180000000000001,0.21400000000000002,5.9041157053172215,32.11814223437067,-34.63892533333333,17.49377683333333
814.0825,3.990385267474316,34.48118835973886,32.471294844782484,186.19632523892608,2026-06-25 04:24:23.011946,0.6180000000000001,0.21200000000000002,5.904109773930684,32.08375794982233,-34.63892533333333,17.49377683333333
814.149,3.9903848586603763,34.48118912189543,32.47128646157896,186.32990035458036,2026-06-25 04:24:23.011946,0.6180000000000001,0.21400000000000002,5.900178712983087,32.07187974243289,-34.63892533333333,17.49377683333333
814.4533333333334,3.990221017990063,34.4815264602254,32.47162520320182,186.1280993547841,2026-06-25 04:24:23.161906,0.6180000000000001,0.21200000000000002,5.900182681451323,32.017519825908835,-34.63892533333333,17.49377683333333
814.566,3.9900472274926844,34.4817443290116,32.47184655322056,186.08023169033874,2026-06-25 04:24:23.261880,0.6180000000000001,0.21400000000000002,5.900174744486212,32.01144193274485,-34.63892533333333,17.49377683333333
814.844,3.9894838118464833,34.482021532211895,32.4719696476238,186.07834833212368,2026-06-25 04:24:23.395179,0.6180000000000001,0.21218947368420862,5.900554909099314,32.073355713292365,-34.63892533333333,17.49377683333333
814.9665,3.9893180671432913,34.482108705789656,32.47201628956407,186.07724436797847,2026-06-25 04:24:23.436835,0.6180000000000001,0.21200000000000002,5.900186649890921,32.10063786479261,-34.63892533333333,17.49377683333333
815.437,3.9881161305583763,34.48251453240742,32.4719004291648,186.08904723956897,2026-06-25 04:24:23.611789,0.6180000000000001,0.21400000000000002,5.900182681451323,32.20542359769767,-34.63892533333333,17.49377683333333
815.2280000000001,3.987847742789158,34.48245279944217,32.471845393850344,186.00764059345417,2026-06-25 04:24:23.645114,0.6180000000000001,0.21333742331288244,5.900177398266331,32.15887690656663,-34.63892533333333,17.49377683333333
815.61,3.986380144814054,34.48281899691471,32.47145338025231,185.8503668717807,2026-06-25 04:24:23.811737,0.6180000000000001,0.21200000000000002,5.900170775960698,32.187917049144005,-34.63892533333333,17.49377683333333
815.887,3.9852235797134066,34.48299225724664,32.47099399181301,185.85762773077232,2026-06-25 04:24:23.911711,0.6180000000000001,0.21200000000000002,5.90409593379096,32.15988633267371,-34.63892533333333,17.49377683333333
816.033,3.983313802587766,34.483197610159465,32.46999317941536,185.87171378215476,2026-06-25 04:24:24.036678,0.6150000000000001,0.21200000000000002,5.902127402001637,32.14511202002148,-34.63892533333333,17.49377683333333
816.2660000000001,3.981687647707542,34.4833305629353,32.46881118715937,185.87485734970198,2026-06-25 04:24:24.124156,0.6180000000000001,0.21200000000000002,5.9001725798203095,32.12153383613128,-34.63892533333333,17.49377683333333
816.6500000000001,3.9785626712797986,34.483678215607995,32.46623286959382,185.65919668924897,2026-06-25 04:24:24.311607,0.6180000000000001,0.21355555555554154,5.9031942092303975,32.102928832977454,-34.63892533333333,17.49377683333333
816.362,3.9777401824283483,34.48360694807442,32.46544582760642,185.66231161179738,2026-06-25 04:24:24.361594,0.6180000000000001,0.21200000000000002,5.900139026725531,32.11651802300884,-34.63892533333333,17.49377683333333
816.777,3.9766673051259565,34.48381011690005,32.464206319443036,185.67633667559164,2026-06-25 04:24:24.461568,0.6180000000000001,0.21200000000000002,5.900131089130325,32.096936377651126,-34.63892533333333,17.49377683333333
817.2036,3.9757431801136223,34.484002722667505,32.46300790053474,185.65756769769155,2026-06-25 04:24:24.621526,0.6180000000000001,0.21200000000000002,5.900130258068094,32.08372707107384,-34.63892533333333,17.49377683333333
817.4385,3.9752987159791306,34.48415973904242,32.462411108571814,185.43592107342903,2026-06-25 04:24:24.761490,0.6180000000000001,0.21200000000000002,5.900125135855154,32.124081144400805,-34.63892533333333,17.49377683333333
817.674,3.975080233815561,34.48428658242713,32.4623188850386,185.4401811636186,2026-06-25 04:24:24.886457,0.6180000000000001,0.21400000000000002,5.900123151406228,32.16453829326629,-34.63892533333333,17.49377683333333
817.86,3.9746972783763113,34.484400720054495,32.46240349937647,185.44229304459404,2026-06-25 04:24:25.011424,0.6180000000000001,0.21200000000000002,5.900124446525239,32.19242030802481,-34.63892533333333,17.49377683333333
818.2574999999999,3.973541905027557,34.48459599872576,32.46240566033412,185.4380485651543,2026-06-25 04:24:25.211372,0.6122499999999937,0.21200000000000002,5.900126789549465,32.208501969498485,-34.63892533333333,17.49377683333333
818.098,3.97320014277544,34.484557547314026,32.462426669125186,185.1959878597316,2026-06-25 04:24:25.261359,0.6180000000000001,0.21200000000000002,5.90012315142055,32.202049076404016,-34.63892533333333,17.49377683333333
818.472,3.972815307389907,34.48462951816965,32.46233927054459,185.20067886208602,2026-06-25 04:24:25.311346,0.6180000000000001,0.21200000000000002,5.90012315142055,32.21717999814278,-34.63892533333333,17.49377683333333
818.6685,3.9719242509800137,34.484705358310805,32.461894191946556,185.4710460354024,2026-06-25 04:24:25.436314,0.6180000000000001,0.21200000000000002,5.900111244626737,32.219347895558855,-34.63892533333333,17.49377683333333
818.8286666666667,3.97117983803909,34.484770191237544,32.46120421730965,185.2209364170594,2026-06-25 04:24:25.561281,0.6180000000000001,0.21200000000000002,5.9001097746380475,32.19733334588364,-34.63892533333333,17.49377683333333
819.2146666666667,3.9701436400421097,34.48483992057487,32.4603449557738,185.41119581275177,2026-06-25 04:24:25.727904,0.6180000000000001,0.21343589743589522,5.90011124464106,32.14427851024596,-34.63892533333333,17.49377683333333
819.415,3.96935595777544,34.48487838445937,32.45990589936397,185.23567972460762,2026-06-25 04:24:25.844541,0.6136595744680781,0.21200000000000002,5.900107275657275,32.119326702493055,-34.63892533333333,17.49377683333333
819.599,3.968617386664824,34.48490939564859,32.45956709688407,185.2495224332664,2026-06-25 04:24:25.961177,0.6180000000000001,0.21200000000000002,5.900095368534053,32.130603629694605,-34.63892533333333,17.49377683333333
819.8309999999999,3.968138408573818,34.48492390078304,32.45936979715103,185.256570968247,2026-06-25 04:24:26.036157,0.6150000000000049,0.2110000000000016,5.900091399435689,32.1448223639922,-34.63892533333333,17.49377683333333
820.0746666666668,3.9669956579890306,34.48494060722464,32.458867258202986,185.26002936007288,2026-06-25 04:24:26.161125,0.6180000000000001,0.2102057613168694,5.900096185212118,32.15975612084788,-34.63892533333333,17.49377683333333
820.251,3.9656205992253737,34.48494513195792,32.458149075803625,185.26826110524482,2026-06-25 04:24:26.261099,0.6180000000000001,0.21200000000000002,5.900095368534053,32.17056317608269,-34.63892533333333,17.49377683333333
820.4085,3.9640937788430035,34.48494513195792,32.45717053492519,185.28244814380443,2026-06-25 04:24:26.336079,0.6180000000000001,0.21100000000000002,5.900087430294356,32.180215980616616,-34.63892533333333,17.49377683333333
820.711,3.9606070390885266,34.48494513195792,32.454338425917186,185.0435022635407,2026-06-25 04:24:26.461047,0.6180000000000001,0.21200000000000002,5.900089414872183,32.18061733472573,-34.63892533333333,17.49377683333333
820.834,3.957199310740935,34.48493508147649,32.45087503179595,185.06205952305484,2026-06-25 04:24:26.561020,0.6180000000000001,0.21200000000000002,5.900086453203555,32.18030010413691,-34.63892533333333,17.49377683333333
821.133,3.9554601124128035,34.48493033841498,32.44912662460281,185.08363889954333,2026-06-25 04:24:26.611007,0.6120000000000001,0.21200000000000002,5.900071553514174,32.17952895010391,-34.63892533333333,17.49377683333333
821.2615,3.9493911822063508,34.48489847688559,32.442146830981784,185.13611975832038,2026-06-25 04:24:26.785962,0.6180000000000001,0.21200000000000002,5.900039798320876,32.17919753440746,-34.63892533333333,17.49377683333333
821.3785,3.9493381468105504,34.48489736325452,32.441987714525084,185.14184274127558,2026-06-25 04:24:26.785962,0.6150000000000001,0.21200000000000002,5.9000338442865985,32.1788957784815,-34.63892533333333,17.49377683333333
821.677,3.9453171226527237,34.48486753614258,32.43782118964462,185.1789809068904,2026-06-25 04:24:26.910929,0.6180000000000001,0.21200000000000002,5.900012011452379,32.17452981147495,-34.63892533333333,17.49377683333333
821.787,3.9437132847742014,34.4848532518452,32.43641445635734,185.18407942150574,2026-06-25 04:24:26.960916,0.6120000000000001,0.21200000000000002,5.900015981123717,32.172872597939815,-34.63892533333333,17.49377683333333
821.9804999999999,3.9394580444721,34.484812557073305,32.43317061731412,185.20897609938729,2026-06-25 04:24:27.085884,0.6142500000000184,0.21200000000000002,5.900010522814882,32.16995740867574,-34.63892533333333,17.49377683333333
822.244,3.933155862343157,34.48474713353958,32.42845631124478,185.25651846967673,2026-06-25 04:24:27.260838,0.6120000000000001,0.21200000000000002,5.899988192822645,32.16598762898021,-34.63892533333333,17.49377683333333
822.4960000000001,3.9331892292250954,34.484746705264364,32.42841856202391,185.25842718348534,2026-06-25 04:24:27.260838,0.6120000000000001,0.21200000000000002,5.8999881927653375,32.16307833825578,-34.63892533333333,17.49377683333333
822.5995,3.9282916869038393,34.484681761292066,32.42381413522193,185.30856451908366,2026-06-25 04:24:27.410799,0.6120000000000001,0.21200000000000002,5.899952462929564,32.16438870112433,-34.63892533333333,17.49377683333333
822.8377499999999,3.9252403354703675,34.484627968561526,32.420410111566326,185.19306581939688,2026-06-25 04:24:27.523270,0.6120000000000001,0.21200000000000002,5.89994480995643,32.16740506782416,-34.63892533333333,17.49377683333333
823.027,3.9218480452332294,34.484558557900925,32.41657005898156,185.10970074577432,2026-06-25 04:24:27.660734,0.6180000000000001,0.21200000000000002,5.899920701103026,32.16980106949444,-34.63892533333333,17.49377683333333
823.258,3.9206626913720424,34.484531760208995,32.415342661651344,185.11996262238375,2026-06-25 04:24:27.710721,0.6120000000000001,0.21200000000000002,5.899916730743955,32.17272564749092,-34.63892533333333,17.49377683333333
823.4383333333334,3.9173211488301782,34.48445676997591,32.41241309180696,185.1740935255236,2026-06-25 04:24:27.844019,0.6129090909091192,0.21200000000000002,5.899918294798747,32.1750087596065,-34.63892533333333,17.49377683333333
823.6216666666666,3.915125089813088,34.484407702765374,32.410781143547574,185.16107593987547,2026-06-25 04:24:27.927331,0.6120000000000001,0.21200000000000002,5.899899489745086,32.17732985325449,-34.63892533333333,17.49377683333333
823.9915,3.910375433287674,34.48429580865609,32.407712928987905,185.19662659625695,2026-06-25 04:24:28.110617,0.6150000000000001,0.21200000000000002,5.89988496682529,32.18201213216805,-34.63892533333333,17.49377683333333
824.2235000000001,3.909219042983933,34.48426397689549,32.40710855283223,185.20828956480258,2026-06-25 04:24:28.160604,0.6120000000000001,0.21200000000000002,5.899879010813778,32.18494937067534,-34.63892533333333,17.49377683333333
824.5859999999999,3.9065748404129224,34.48416579507905,32.40591797415923,185.30675258412649,2026-06-25 04:24:28.310564,0.6120000000000001,0.21200000000000002,5.899863994943876,32.18953880584297,-34.63892533333333,17.49377683333333
824.8199999999999,3.905589074401209,34.48406364602482,32.40540654112223,185.38485822620294,2026-06-25 04:24:28.460525,0.6120000000000001,0.21200000000000002,5.89984327392779,32.192501365371875,-34.63892533333333,17.49377683333333
825.1289999999999,3.9055384452792428,34.48402883255288,32.40531025267004,185.38916765460934,2026-06-25 04:24:28.510512,0.6120000000000001,0.21200000000000002,5.899841288475964,32.19641346321132,-34.63892533333333,17.49377683333333
825.283,3.9056992643112944,34.483940319472694,32.40519249833993,185.51170001593462,2026-06-25 04:24:28.635480,0.6120000000000001,0.21200000000000002,5.899849230240273,32.19836318187564,-34.63892533333333,17.49377683333333
825.4549999999999,3.9058767197004105,34.48383109001236,32.40521866096549,185.51093171666642,2026-06-25 04:24:28.785441,0.6120000000000001,0.21200000000000002,5.899851215677766,32.20054078973449,-34.63892533333333,17.49377683333333
825.595,3.905921758677836,34.483830771005195,32.40521673335229,185.5118741143705,2026-06-25 04:24:28.785441,0.6120000000000001,0.21200000000000002,5.899851215677766,32.202313261247504,-34.63892533333333,17.49377683333333
825.8823333333333,3.9056884733049864,34.48369997609918,32.405306137678515,185.51780505399788,2026-06-25 04:24:28.960395,0.6120000000000001,0.21200000000000002,5.899848110264223,32.205951048019465,-34.63892533333333,17.49377683333333
826.2292,3.9049759692369017,34.48354562683617,32.4051279152541,185.52978764604367,2026-06-25 04:24:29.160343,0.6120000000000001,0.21200000000000002,5.899840573672889,32.21034255720148,-34.63892533333333,17.49377683333333
826.654,3.9035040848194615,34.48338727197547,32.40343394978115,185.53954367946253,2026-06-25 04:24:29.360291,0.6180000000000001,0.21200000000000002,5.899841288432967,32.2157207421924,-34.63892533333333,17.49377683333333
826.9045,3.90109138210204,34.483265600500374,32.4008722860197,185.54655698980463,2026-06-25 04:24:29.510252,0.6180000000000001,0.21100000000000002,5.899849230240273,32.218892200149625,-34.63892533333333,17.49377683333333
827.065,3.899681478598617,34.483203776502876,32.39954033987189,185.5618645868692,2026-06-25 04:24:29.585232,0.6180000000000001,0.21099999999999836,5.899839302923809,32.22092421213419,-34.63892533333333,17.49377683333333
827.241,3.8972739156544733,34.48308568410179,32.39735166472318,185.58189828154053,2026-06-25 04:24:29.726862,0.6164835164835151,0.21200000000000002,5.899829331912292,32.223152462036275,-34.63892533333333,17.49377683333333
827.4663333333333,3.8960017363890174,34.48300118365675,32.39616837893828,185.6051984210521,2026-06-25 04:24:29.826836,0.6180000000000001,0.21200000000000002,5.899808845269474,32.22600529713818,-34.63892533333333,17.49377683333333
827.617,3.894828442110121,34.48288733640713,32.394965922789794,185.6174016250075,2026-06-25 04:24:29.960134,0.6180000000000001,0.21200000000000002,5.899801577862793,32.2279128140998,-34.63892533333333,17.49377683333333
827.912,3.8945685881415173,34.48282229453773,32.39454200520693,185.61501162716857,2026-06-25 04:24:30.035115,0.6150000000000001,0.21200000000000002,5.899809520200431,32.23164766478795,-34.63892533333333,17.49377683333333
827.976,3.8944327242832957,34.482756757788664,32.39420804569267,185.62228593274358,2026-06-25 04:24:30.110095,0.6120000000000001,0.21000000000000002,5.899801577862793,32.232457937479616,-34.63892533333333,17.49377683333333
828.264,3.8943060190736385,34.48264608096084,32.393877717856284,185.62528016270034,2026-06-25 04:24:30.235063,0.6180000000000001,0.21200000000000002,5.899801672414943,32.26191569962405,-34.63892533333333,17.49377683333333
828.383,3.8937955375253215,34.48248888710894,32.39374767542974,185.6257956361091,2026-06-25 04:24:30.410017,0.6120000000000001,0.21200000000000002,5.899805549053113,32.27408748328789,-34.63892533333333,17.49377683333333
828.5989999999999,3.8937735127678494,34.4824887616717,32.39375350104085,185.62614813887063,2026-06-25 04:24:30.410017,0.6180000000000001,0.21200000000000002,5.89980753460527,32.29618080489621,-34.63892533333333,17.49377683333333
828.931,3.8926811593036885,34.48230529705558,32.393814112942245,185.64158839499356,2026-06-25 04:24:30.609965,0.6120000000000001,0.21200000000000002,5.899797606643805,32.33013905847938,-34.63892533333333,17.49377683333333
829.01675,3.8927249612441375,34.48230498368396,32.39380051014395,185.63920218542953,2026-06-25 04:24:30.609965,0.6180000000000001,0.21200000000000002,5.899801397352188,32.30327487569348,-34.63892533333333,17.49377683333333
829.234,3.8919411784978366,34.4821175759312,32.39367839688647,185.65218147956384,2026-06-25 04:24:30.809913,0.6150000000000001,0.21200000000000002,5.899791649729316,32.16336600833352,-34.63892533333333,17.49377683333333
829.424,3.891780062771075,34.482070056595525,32.39358194883735,185.7812094038324,2026-06-25 04:24:30.859900,0.6180000000000001,0.21200000000000002,5.899793635381814,32.04100612433637,-34.63892533333333,17.49377683333333
829.6685,3.8913666394085746,34.481950279291794,32.39321340899447,185.65702210083998,2026-06-25 04:24:30.984867,0.6180000000000001,0.21200000000000002,5.899793635396149,31.88354827361367,-34.63892533333333,17.49377683333333
829.81125,3.890923749544548,34.481804347767266,32.392497364316476,185.66260056544624,2026-06-25 04:24:31.134828,0.6180000000000001,0.21200000000000002,5.8997907106048,31.880063534346256,-34.63892533333333,17.49377683333333
830.0615,3.8906503034875373,34.481656579726305,32.3916202931463,185.79811163634204,2026-06-25 04:24:31.284789,0.6180000000000001,0.21200000000000002,5.899785692800492,31.9375066865205,-34.63892533333333,17.49377683333333
830.161,3.8905628484164567,34.481581927169366,32.39120469734446,185.67119603652037,2026-06-25 04:24:31.359770,0.6180000000000001,0.21200000000000002,5.899785692814827,31.960346221550797,-34.63892533333333,17.49377683333333
830.5275,3.8904161776029316,34.48148153577584,32.39087626757646,185.67346791041228,2026-06-25 04:24:31.459744,0.6180000000000001,0.21200000000000002,5.899787678467325,32.06878627543737,-34.63892533333333,17.49377683333333
830.683,3.8903375254838446,34.48143109791171,32.39079130052657,185.67212928080508,2026-06-25 04:24:31.509731,0.6180000000000001,0.21200000000000002,5.899791649757986,32.114795629814864,-34.63892533333333,17.49377683333333
830.9335,3.8899495787005307,34.48122756809614,32.39087359022055,185.940206686818,2026-06-25 04:24:31.709678,0.6180000000000001,0.21200000000000002,5.899781721481163,32.188913592976064,-34.63892533333333,17.49377683333333
831.0223333333333,3.889906652722623,34.48122744262351,32.39086427605858,185.9326391834758,2026-06-25 04:24:31.709678,0.6180000000000001,0.21200000000000002,5.899792836136912,32.215197607856254,-34.63892533333333,17.49377683333333
831.2975,3.888506734155721,34.480995804252174,32.3905380702773,185.81721694091573,2026-06-25 04:24:31.934620,0.6180000000000001,0.21200000000000002,5.899787678467325,32.29661394663147,-34.63892533333333,17.49377683333333
831.4269999999999,3.888579080460068,34.48099570493427,32.39066389303741,185.81794937705516,2026-06-25 04:24:31.934620,0.6180000000000001,0.21200000000000002,5.899787678467325,32.32220226995849,-34.63892533333333,17.49377683333333
831.8836666666667,3.8861138798665564,34.480779324598636,32.38853921192225,185.96802318447808,2026-06-25 04:24:32.142899,0.6180000000000001,0.21200000000000002,5.899778908432842,32.32815370739868,-34.63892533333333,17.49377683333333
832.0335,3.885415194844981,34.48070985130093,32.38764955676568,185.8481597374787,2026-06-25 04:24:32.209548,0.6180000000000001,0.21200000000000002,5.899773778713487,32.33010638705515,-34.63892533333333,17.49377683333333
832.2016666666667,3.8840075156693956,34.48053623797241,32.38580485953204,185.80881992090517,2026-06-25 04:24:32.376171,0.6180000000000001,0.21200000000000002,5.899759690271549,32.323547680348476,-34.63892533333333,17.49377683333333
832.369,3.883486594265339,34.4804493980171,32.384977540157244,186.00337044592848,2026-06-25 04:24:32.459483,0.6180000000000001,0.21200000000000002,5.899753921342732,32.307576950967025,-34.63892533333333,17.49377683333333
832.591,3.8834327185336446,34.48042349064943,32.38499664021348,185.87264665487527,2026-06-25 04:24:32.484476,0.6180000000000001,0.21200000000000002,5.899759878629938,32.28638869246494,-34.63892533333333,17.49377683333333
832.876,3.882956507004087,34.48026794612609,32.384742611723446,186.00407998727525,2026-06-25 04:24:32.634437,0.6180000000000001,0.21200000000000002,5.8997618643254395,32.259187549793346,-34.63892533333333,17.49377683333333
833.0623333333333,3.8823807808892297,34.48012236898743,32.38501333240442,186.01056711844217,2026-06-25 04:24:32.776067,0.6180000000000001,0.21200000000000002,5.899759016131227,32.24140341090045,-34.63892533333333,17.49377683333333
833.193,3.882237857200541,34.48008813854848,32.385103449107916,186.01318508980162,2026-06-25 04:24:32.809392,0.6180000000000001,0.21200000000000002,5.899757892877093,32.22893224373406,-34.63892533333333,17.49377683333333
833.453,3.881268640116549,34.47993615226071,32.38501874784273,186.02161965924898,2026-06-25 04:24:32.959353,0.6180000000000001,0.21200000000000002,5.8997556234206945,32.349544654714514,-34.63892533333333,17.49377683333333
833.742,3.880054043605411,34.47981126088373,32.384216639829575,186.03396798671002,2026-06-25 04:24:33.084320,0.6180000000000001,0.21200000000000002,5.899749949779698,32.48360998845817,-34.63892533333333,17.49377683333333
833.799,3.8786536145030954,34.47971289450275,32.382962470547255,185.90956009935863,2026-06-25 04:24:33.184294,0.6180000000000001,0.21200000000000002,5.899753921328395,32.488008651771985,-34.63892533333333,17.49377683333333
834.053,3.8774139488351023,34.47964006682441,32.38172913760842,185.79206064558355,2026-06-25 04:24:33.259274,0.6180000000000001,0.21200000000000002,5.899749949779698,32.45849571957081,-34.63892533333333,17.49377683333333
834.2080000000001,3.8751505991838195,34.47952145278643,32.37926670377162,185.81430062383893,2026-06-25 04:24:33.384242,0.6120000000000001,0.21000000000000002,5.899736049079701,32.4404858593693,-34.63892533333333,17.49377683333333
834.435,3.8751205540959077,34.47952097177482,32.379229300979816,185.81781149207728,2026-06-25 04:24:33.384242,0.6150000000000028,0.21100000000000094,5.899734063111807,32.4141101286226,-34.63892533333333,17.49377683333333
834.5865,3.8721301626341447,34.479381995774105,32.375967749532045,186.09696675621723,2026-06-25 04:24:33.534203,0.6120000000000001,0.21000000000000002,5.899724133917495,32.396506942683715,-34.63892533333333,17.49377683333333
834.8525,3.8687557140382314,34.47927018440148,32.372637045062234,185.99529581939353,2026-06-25 04:24:33.659170,0.6120000000000001,0.21000000000000002,5.899712218468542,32.36559969872501,-34.63892533333333,17.49377683333333
835.101,3.865861138028494,34.47920518728876,32.37006695108543,185.88668146111561,2026-06-25 04:24:33.734151,0.6120000000000001,0.21000000000000002,5.899706260693884,32.295056309203986,-34.63892533333333,17.49377683333333
835.285,3.8651860306213632,34.479182974005276,32.36940363736086,185.8882317463568,2026-06-25 04:24:33.759144,0.6120000000000001,0.21000000000000002,5.899710232572331,32.23514826373716,-34.63892533333333,17.49377683333333
835.4645,3.8568509738267975,34.47905796031776,32.36241077287212,185.94114981026397,2026-06-25 04:24:33.909105,0.6120000000000001,0.21000000000000002,5.899692358861233,32.176705360686604,-34.63892533333333,17.49377683333333
835.633,3.8534406907272443,34.479017595104835,32.359502954861135,185.96253740081866,2026-06-25 04:24:33.959092,0.6120000000000001,0.21000000000000002,5.899686400857165,32.121843916875946,-34.63892533333333,17.49377683333333
835.832,3.8418929620199567,34.47890090204555,32.34915441962878,186.02948382091807,2026-06-25 04:24:34.109053,0.6120000000000001,0.21000000000000002,5.899669406495764,32.08956687353185,-34.63892533333333,17.49377683333333
835.979,3.833886485516443,34.47882688399568,32.34159126639935,186.1056059572578,2026-06-25 04:24:34.209027,0.6120000000000001,0.21000000000000002,5.899618872112505,32.11757344501234,-34.63892533333333,17.49377683333333
836.2684999999999,3.8283232861439616,34.478773867687565,32.33618869497488,186.1605488524416,2026-06-25 04:24:34.284007,0.6120000000000001,0.21000000000000002,5.899583118007774,32.17272924394835,-34.63892533333333,17.49377683333333
836.4165,3.8218078006822283,34.47870606293594,32.329813624790006,186.2186790842403,2026-06-25 04:24:34.383981,0.6120000000000001,0.2109999999999978,5.899547361981109,32.200926336323285,-34.63892533333333,17.49377683333333
836.6875,3.816460690375256,34.47864182072257,32.32464215841349,186.2695070952523,2026-06-25 04:24:34.483955,0.6120000000000001,0.21100000000000002,5.899515576670784,32.252557498712456,-34.63892533333333,17.49377683333333
836.831,3.813048721695489,34.4785959228832,32.32142927342365,186.30443531455575,2026-06-25 04:24:34.558936,0.6120000000000001,0.21200000000000002,5.899491736665944,32.27989724706245,-34.63892533333333,17.49377683333333
837.04125,3.808301418866718,34.478524897946116,32.317070084014006,186.33577027869134,2026-06-25 04:24:34.683903,0.6120000000000001,0.21090963855421627,5.899481264361031,32.336097440636344,-34.63892533333333,17.49377683333333
837.291,3.8042106929584447,34.478458650101885,32.31338457782248,186.36971377151298,2026-06-25 04:24:34.808871,0.6120000000000001,0.21000000000000002,5.899463921870818,32.43042505531038,-34.63892533333333,17.49377683333333
837.49,3.8021659553830336,34.47842229085085,32.31170161632455,186.51697391646684,2026-06-25 04:24:34.883851,0.6120000000000001,0.21100000000000002,5.899453987671083,32.5055849965321,-34.63892533333333,17.49377683333333
837.675,3.7998406868279178,34.47837707138467,32.31001212459862,186.53518910331164,2026-06-25 04:24:34.983825,0.6120000000000001,0.21200000000000002,5.899446040185035,32.575457303698016,-34.63892533333333,17.49377683333333
837.7945,3.798035447480859,34.47833577463916,32.30888955975533,186.68532695755653,2026-06-25 04:24:35.083799,0.6120000000000001,0.21100000000000002,5.899430144839885,32.56472005796418,-34.63892533333333,17.49377683333333
837.9965,3.7966714461945523,34.47829839636162,32.30810039728938,186.57362186016445,2026-06-25 04:24:35.183773,0.6120000000000001,0.2110000000000076,5.899418223079921,32.51203091717067,-34.63892533333333,17.49377683333333
838.3109999999999,3.7955479169818545,34.47826491323229,32.3074047958569,186.71162421896872,2026-06-25 04:24:35.283747,0.6120000000000001,0.21200000000000002,5.89941623609362,32.42999757667781,-34.63892533333333,17.49377683333333
838.4605,3.794472393800006,34.47823528301004,32.306649419317125,186.7192991812505,2026-06-25 04:24:35.383721,0.6120000000000001,0.21200000000000002,5.89941424909297,32.391002395743975,-34.63892533333333,17.49377683333333
838.712,3.792834544493155,34.47819884084281,32.305403797110216,186.73037611193791,2026-06-25 04:24:35.533682,0.6180000000000001,0.21200000000000002,5.899412262077971,32.325401807082756,-34.63892533333333,17.49377683333333
838.7919999999999,3.7928637580716957,34.478197923816445,32.30542731225985,186.73395039528427,2026-06-25 04:24:35.533682,0.6149999999999788,0.21200000000000002,5.899408288047972,32.304534820629904,-34.63892533333333,17.49377683333333
839.02,3.791641403430116,34.47817299490797,32.30448942609729,186.74750506925398,2026-06-25 04:24:35.658649,0.6180000000000001,0.21200000000000002,5.899400339916228,32.32989109302222,-34.63892533333333,17.49377683333333
839.4023333333334,3.7907997472494657,34.47814840485868,32.303806312263994,186.75912784701927,2026-06-25 04:24:35.791948,0.6135500000000104,0.21200000000000002,5.899394312484572,32.36325282264027,-34.63892533333333,17.49377683333333
839.2384999999999,3.7905963703069525,34.47815326163286,32.30365211489375,186.76017075047864,2026-06-25 04:24:35.833603,0.6120000000000001,0.21200000000000002,5.899392391640984,32.35714695289365,-34.63892533333333,17.49377683333333
839.673,3.7897793856691937,34.47813206998889,32.30319281371592,186.77053223595823,2026-06-25 04:24:36.008558,0.6180000000000001,0.21200000000000002,5.899388417481837,32.34620100603274,-34.63892533333333,17.49377683333333
840.029,3.7893176096178296,34.47812918373175,32.30313895310609,186.77251467061865,2026-06-25 04:24:36.083538,0.6120000000000001,0.21200000000000002,5.899392391640983,32.32377324724352,-34.63892533333333,17.49377683333333
839.8089999999999,3.7890777762506382,34.47812918373175,32.30316170327689,186.7700665349722,2026-06-25 04:24:36.108532,0.6167000000000183,0.21200000000000002,5.8993946436645,32.33763309818069,-34.63892533333333,17.49377683333333
840.219,3.787835743319291,34.47812918373175,32.303054141259864,186.78843162411653,2026-06-25 04:24:36.283486,0.6150000000000051,0.21200000000000002,5.899382456164188,32.311803375979615,-34.63892533333333,17.49377683333333
840.4646666666666,3.7868743380421037,34.47813037643894,32.30284672598336,186.79634424381575,2026-06-25 04:24:36.408454,0.6180000000000001,0.21200000000000002,5.899380469048739,32.29632654243313,-34.63892533333333,17.49377683333333
840.82375,3.7855306017850388,34.47814315842988,32.30229130655898,187.0525076332413,2026-06-25 04:24:36.595905,0.6180000000000001,0.21200000000000002,5.899372520500837,32.30551423322585,-34.63892533333333,17.49377683333333
841.25775,3.7844876385285335,34.4781639213373,32.30134311659616,186.8175976192978,2026-06-25 04:24:36.795853,0.6180000000000001,0.21200000000000002,5.899375354410669,32.32422893666693,-34.63892533333333,17.49377683333333
841.434,3.7841597940978415,34.47817454576922,32.300822040243645,186.8257480702281,2026-06-25 04:24:36.883330,0.6180000000000001,0.21200000000000002,5.899368546183833,32.33067031713415,-34.63892533333333,17.49377683333333
841.8826000000001,3.783285244965338,34.47821158172855,32.29914169867957,187.00843680813108,2026-06-25 04:24:37.138263,0.6180000000000001,0.21200000000000002,5.899360597463718,32.3384629170955,-34.63892533333333,17.49377683333333
842.029,3.7831006232264137,34.47822221770294,32.2986891154702,186.83539846019474,2026-06-25 04:24:37.208245,0.6180000000000001,0.21200000000000002,5.899368546183833,32.34100602149661,-34.63892533333333,17.49377683333333
842.226,3.7819026809197727,34.47824698174587,32.297829571961515,186.84548282729716,2026-06-25 04:24:37.358206,0.6180000000000001,0.21200000000000002,5.8993645718381265,32.34442809504183,-34.63892533333333,17.49377683333333
842.424,3.7814848489757034,34.47825527937312,32.29753981676726,186.85058176573332,2026-06-25 04:24:37.408193,0.6180000000000001,0.21200000000000002,5.899362512118929,32.33073622352628,-34.63892533333333,17.49377683333333
842.594,3.780105024494808,34.47828048053367,32.296590766770215,186.8688404372803,2026-06-25 04:24:37.558154,0.6180000000000001,0.21200000000000002,5.899348674168273,32.24543704801502,-34.63892533333333,17.49377683333333
842.8743333333333,3.7790065626036173,34.478302532470885,32.29552259019027,186.88134295665085,2026-06-25 04:24:37.691453,0.6120000000000001,0.21000000000000002,5.899341860729474,32.123438612816685,-34.63892533333333,17.49377683333333
843.009,3.7786926207240183,34.47830948452324,32.29521779132533,186.88169125579054,2026-06-25 04:24:37.733108,0.6120000000000001,0.21000000000000002,5.899344699679051,32.14456566686683,-34.63892533333333,17.49377683333333
843.2496666666666,3.776925110384816,34.478337043896865,32.29325191251714,186.89384173195066,2026-06-25 04:24:37.908063,0.6137358490565973,0.21000000000000002,5.899341875021657,32.1823224317782,-34.63892533333333,17.49377683333333
843.4794999999999,3.7749613080588897,34.47835543389118,32.29150757324497,186.90552275288047,2026-06-25 04:24:38.033030,0.6120000000000001,0.21000000000000002,5.8993407251611245,32.218379619321695,-34.63892533333333,17.49377683333333
843.7245,3.7728605120644954,34.47836906728898,32.28999226507845,186.92012705930046,2026-06-25 04:24:38.133004,0.6120000000000001,0.21000000000000002,5.899336750600141,32.25681621518026,-34.63892533333333,17.49377683333333
843.943,3.771087147860538,34.47837862700699,32.288839702816816,186.93608172595884,2026-06-25 04:24:38.207985,0.6120000000000001,0.21000000000000002,5.899328801435117,32.29109538332348,-34.63892533333333,17.49377683333333
844.0813333333332,3.7687479940570228,34.47839018255451,32.28738667042064,186.95669672666878,2026-06-25 04:24:38.307958,0.6120000000000001,0.21000000000000002,5.899317273509415,32.39727666197594,-34.63892533333333,17.49377683333333
844.4114999999999,3.766298623499401,34.478411612768596,32.285868616565175,186.98304373387768,2026-06-25 04:24:38.432926,0.6120000000000001,0.21000000000000002,5.899300978388711,32.54886432842202,-34.63892533333333,17.49377683333333
844.5905,3.765015810660543,34.478417143794395,32.28503231654864,186.99492634680504,2026-06-25 04:24:38.532900,0.6120000000000001,0.21000000000000002,5.899295016138172,32.53744897854137,-34.63892533333333,17.49377683333333
844.289,3.7644494765253866,34.478402997395726,32.28459036426435,186.99961642123347,2026-06-25 04:24:38.607880,0.6120000000000001,0.21000000000000002,5.899289053815863,32.556676509206255,-34.63892533333333,17.49377683333333
844.8643333333334,3.764251762563037,34.47842361568411,32.28421519615662,187.01133434506363,2026-06-25 04:24:38.724517,0.6180000000000001,0.21200000000000002,5.89928110394752,32.51998583156381,-34.63892533333333,17.49377683333333
845.029,3.764616589055614,34.478428815966964,32.28415606644305,187.0110239626643,2026-06-25 04:24:38.874477,0.6180000000000001,0.21200000000000002,5.89928110394752,32.50948455997901,-34.63892533333333,17.49377683333333
845.4225,3.7648075248170887,34.47843006958236,32.284213665775475,187.01034227884713,2026-06-25 04:24:38.932796,0.6180000000000001,0.21200000000000002,5.897320919507924,32.4843899221129,-34.63892533333333,17.49377683333333
845.293,3.7652487761849898,34.47843006958236,32.28449902746992,187.001162540829,2026-06-25 04:24:39.057763,0.6180000000000001,0.21200000000000002,5.899293028706972,32.49264851322767,-34.63892533333333,17.49377683333333
845.57,3.765320272843768,34.47843006958236,32.28462789268213,187.00617136207973,2026-06-25 04:24:39.107750,0.6180000000000001,0.21200000000000002,5.899289053815863,32.47498341871963,-34.63892533333333,17.49377683333333
846.0,3.7651838079775315,34.47842436496282,32.284920666539094,187.00728900748192,2026-06-25 04:24:39.257711,0.6180000000000001,0.21200000000000002,5.899293028706972,32.44756106984434,-34.63892533333333,17.49377683333333
845.8842000000001,3.765075393796586,34.47842634088788,32.28493252170117,187.00682599698143,2026-06-25 04:24:39.287703,0.6180000000000001,0.21290000000001139,5.899293028706972,32.45494597216936,-34.63892533333333,17.49377683333333
846.2785,3.7643949602389277,34.478409240467975,32.285100377412306,186.89033070773604,2026-06-25 04:24:39.532639,0.6180000000000001,0.21200000000000002,5.899285078896046,32.42980031597977,-34.63892533333333,17.49377683333333
846.4365,3.7643801627746556,34.47840886981096,32.285090100406855,187.01914043943793,2026-06-25 04:24:39.532639,0.6180000000000001,0.21200000000000002,5.899287066355955,32.4197241970907,-34.63892533333333,17.49377683333333
846.5550000000001,3.7638136021789528,34.47839513263436,32.28505491551391,187.02118604254028,2026-06-25 04:24:39.682600,0.6150000000000191,0.21100000000000635,5.899289053815863,32.412167107923906,-34.63892533333333,17.49377683333333
846.834,3.7632355783750855,34.47838108140872,32.28491099300689,187.02918573008748,2026-06-25 04:24:39.807568,0.6120000000000001,0.21000000000000002,5.899285078896046,32.39437446760716,-34.63892533333333,17.49377683333333
847.0405000000001,3.7632346820821163,34.47838092898765,32.284898952104136,187.03089113634542,2026-06-25 04:24:39.807568,0.6120000000000001,0.21000000000000002,5.899285078881692,32.381205362856576,-34.63892533333333,17.49377683333333
847.2536666666666,3.762480092676235,34.47836159071391,32.28452264847338,186.99106406464992,2026-06-25 04:24:39.957529,0.6120000000000001,0.21000000000000002,5.8961361962969345,32.36761110541026,-34.63892533333333,17.49377683333333
847.3766666666667,3.7614506637737137,34.478339874064595,32.28382577915392,187.0469891293717,2026-06-25 04:24:40.107489,0.6120000000000001,0.21000000000000002,5.8992783656254035,32.35976703817384,-34.63892533333333,17.49377683333333
847.8866666666667,3.759919174191012,34.47831629018965,32.282673927566115,187.0600231396706,2026-06-25 04:24:40.257450,0.6120000000000001,0.21000000000000002,5.899275982119831,32.32724285694966,-34.63892533333333,17.49377683333333
848.0545,3.7580241075623664,34.47829132534863,32.281000167978746,187.07376455066802,2026-06-25 04:24:40.407411,0.6120000000000001,0.21000000000000002,5.899271166418305,32.31653963783438,-34.63892533333333,17.49377683333333
848.2205,3.757069185487439,34.47827847026309,32.279991709436736,187.0825500971159,2026-06-25 04:24:40.482392,0.6120000000000001,0.21000000000000002,5.899267191398005,32.305953335710434,-34.63892533333333,17.49377683333333
848.489,3.7567373341373433,34.478274228613735,32.27968220694652,187.09085980041425,2026-06-25 04:24:40.507385,0.6120000000000001,0.21000000000000002,5.8992612287742485,32.288830310889466,-34.63892533333333,17.49377683333333
848.6443333333333,3.7545052509689634,34.4782452918648,32.277057167571805,187.10987449217507,2026-06-25 04:24:40.674008,0.6120000000000001,0.21000000000000002,5.899251423414105,32.278924253078706,-34.63892533333333,17.49377683333333
848.859,3.7540652953718765,34.47823948367083,32.27652050772234,186.8602685373922,2026-06-25 04:24:40.707333,0.6120000000000001,0.21000000000000002,5.899245328118842,32.26523433627584,-34.63892533333333,17.49377683333333
849.0236666666666,3.7512353502958184,34.47821370523437,32.27349041474677,187.08895226491808,2026-06-25 04:24:40.857294,0.6180000000000001,0.21571568627451201,5.898695959116223,32.254733064691045,-34.63892533333333,17.49377683333333
849.2565,3.748717805367896,34.47819279383023,32.270878731955165,187.15214040503807,2026-06-25 04:24:40.982261,0.6150000000000001,0.21600000000000003,5.8992373776045115,32.239884606792295,-34.63892533333333,17.49377683333333
849.396,3.7465412677578844,34.47817276203827,32.26870166942418,187.17850876717407,2026-06-25 04:24:41.107229,0.6120000000000001,0.21400000000000002,5.899217500866459,32.23098828663392,-34.63892533333333,17.49377683333333
849.715,3.7461169483289787,34.478167766372835,32.268311280581194,187.18080037670524,2026-06-25 04:24:41.140553,0.6164727272727281,0.21549090909090934,5.8992204643523545,32.210644730142704,-34.63892533333333,17.49377683333333
849.8715,3.7444343682383616,34.47814681676342,32.26672073599879,187.19358996439317,2026-06-25 04:24:41.282183,0.6150000000000035,0.2149999999999989,5.899215513148147,32.20066427061019,-34.63892533333333,17.49377683333333
850.1085,3.743417835553799,34.47812725337213,32.265810807578546,187.20631318045912,2026-06-25 04:24:41.432144,0.6149999999999839,0.21600000000000003,5.899207562217472,32.189877991725616,-34.63892533333333,17.49377683333333
850.226,3.743167509043074,34.47812209819854,32.265612666820815,187.20801936063722,2026-06-25 04:24:41.473800,0.6172682926829275,0.21424390243902422,5.899208095504949,32.230815931201796,-34.63892533333333,17.49377683333333
850.514,3.74241589403367,34.478107123177104,32.26522464442476,187.21883272664013,2026-06-25 04:24:41.607099,0.6180000000000001,0.21400000000000002,5.89920159894768,32.33115743391791,-34.63892533333333,17.49377683333333
850.694,3.741856015074449,34.478097762058844,32.26519766471134,187.22746527745738,2026-06-25 04:24:41.707072,0.6127499999999788,0.21575000000000713,5.899195635584561,32.39387087311546,-34.63892533333333,17.49377683333333
851.0147499999999,3.7409906175493197,34.47808479051102,32.26541609467242,187.22948616708945,2026-06-25 04:24:41.882027,0.6128684210526288,0.21200000000000002,5.89920159894768,32.500017964010205,-34.63892533333333,17.49377683333333
851.4783333333334,3.740784861982957,34.47807466759703,32.26558645579943,187.2455946210317,2026-06-25 04:24:42.073644,0.6162499999999994,0.21200000000000002,5.89918685613043,32.472568310269885,-34.63892533333333,17.49377683333333
851.342,3.7408133630004663,34.4780759353171,32.26560123540413,187.24523045375085,2026-06-25 04:24:42.106968,0.6120000000000001,0.21200000000000002,5.899185696569455,32.48064086707721,-34.63892533333333,17.49377683333333
851.659,3.7411007298511025,34.47807466307306,32.265433546819764,187.24347926460135,2026-06-25 04:24:42.231936,0.6180000000000001,0.21200000000000002,5.899189672207085,32.461870692202474,-34.63892533333333,17.49377683333333
851.9085,3.7411867856687326,34.47807466307306,32.265211445091886,187.24055917863095,2026-06-25 04:24:42.331910,0.6120000000000001,0.21200000000000002,5.899195635606098,32.44709732112598,-34.63892533333333,17.49377683333333
852.069,3.741019879750198,34.47807466307306,32.264968992762064,187.2411150485037,2026-06-25 04:24:42.431884,0.6149999999999575,0.21200000000000002,5.899197623396197,32.44803703831819,-34.63892533333333,17.49377683333333
852.227,3.7406465418120427,34.47807794711535,32.26473269546361,187.24258715252262,2026-06-25 04:24:42.531857,0.6150000000000001,0.21200000000000002,5.899199611171938,32.450301487077425,-34.63892533333333,17.49377683333333
852.4655,3.7401536090163034,34.47808423138684,32.264442970133274,187.25137808561402,2026-06-25 04:24:42.656825,0.6180000000000001,0.21200000000000002,5.899193647801641,32.45371965814753,-34.63892533333333,17.49377683333333
852.6755,3.739995167163608,34.478087296335715,32.26433923239317,187.25841356955974,2026-06-25 04:24:42.706812,0.6180000000000001,0.21200000000000002,5.89918768438827,32.45672936852372,-34.63892533333333,17.49377683333333
852.931,3.7397241539515624,34.47809827032128,32.264142524151545,187.26021351136114,2026-06-25 04:24:42.856773,0.6120000000000001,0.21200000000000002,5.899189672207085,32.46039118281475,-34.63892533333333,17.49377683333333
853.0790000000001,3.7397601062752255,34.47810132989307,32.26417029295981,187.34565602689102,2026-06-25 04:24:42.890097,0.6120000000000001,0.2113473684210515,5.899189672207085,32.45325974425543,-34.63892533333333,17.49377683333333
853.157,3.739857623323502,34.47811199813339,32.26426223038255,187.26450831030058,2026-06-25 04:24:43.006734,0.6180000000000001,0.21000000000000002,5.899185696569455,32.43109698227474,-34.63892533333333,17.49377683333333
853.3753333333333,3.73995680872402,34.478122436617085,32.26446847009367,187.2700983602308,2026-06-25 04:24:43.106708,0.6120000000000001,0.21060818713450302,5.899180163165901,32.36906019126039,-34.63892533333333,17.49377683333333
853.6505,3.7398592534894277,34.478136462842265,32.26476159857263,187.2639535860523,2026-06-25 04:24:43.231675,0.6120000000000001,0.21200000000000002,5.899191660011542,32.29087489205066,-34.63892533333333,17.49377683333333
853.788,3.7396248516820148,34.47814840571846,32.26499938888894,187.26155525642415,2026-06-25 04:24:43.331649,0.6180000000000001,0.21000000000000002,5.899197623396197,32.25509698570859,-34.63892533333333,17.49377683333333
853.977,3.739479119985214,34.47815764128302,32.26514898471227,187.26682351023857,2026-06-25 04:24:43.406629,0.6120000000000001,0.21000000000000002,5.8991936478159985,32.29025366625464,-34.63892533333333,17.49377683333333
854.1826666666666,3.7393979482879494,34.47817021740408,32.26529197661356,187.28019688458104,2026-06-25 04:24:43.506603,0.616222222222242,0.21140740740741398,5.8991789231917675,32.32851058318041,-34.63892533333333,17.49377683333333
854.6276666666666,3.7393782865266423,34.47820161781983,32.265613250008414,187.2756500833801,2026-06-25 04:24:43.656564,0.6164918032786841,0.21149726775956137,5.896248544774544,32.41128689451901,-34.63892533333333,17.49377683333333
854.519,3.7393774815546426,34.478189163108105,32.26598825628629,187.2778308110801,2026-06-25 04:24:43.756538,0.6120000000000001,0.21000000000000002,5.899185696569455,32.39107335332322,-34.63892533333333,17.49377683333333
854.8746666666666,3.739175978768466,34.47821360289759,32.26634651244716,187.28470892450045,2026-06-25 04:24:43.856512,0.6180000000000001,0.21000000000000002,5.896284184868424,32.47495152873082,-34.63892533333333,17.49377683333333
855.034,3.7381403060011857,34.47823039187104,32.2662184201214,187.2846089470405,2026-06-25 04:24:44.006473,0.6120000000000001,0.21200000000000002,5.899189672192726,32.517620164903676,-34.63892533333333,17.49377683333333
855.24875,3.736569039174502,34.47824153050405,32.265110187593095,187.29658813212376,2026-06-25 04:24:44.118944,0.6120000000000001,0.21200000000000002,5.897151657568504,32.575129095561316,-34.63892533333333,17.49377683333333
855.41,3.7339699120475847,34.47825369913988,32.26283712095235,187.31892948546917,2026-06-25 04:24:44.256408,0.6120000000000001,0.21200000000000002,5.899173769484263,32.58391204626109,-34.63892533333333,17.49377683333333
855.7149999999999,3.7319703633882737,34.478259032268696,32.260952359025886,187.2044339530014,2026-06-25 04:24:44.331388,0.6120000000000001,0.21200000000000002,5.899169793731765,32.52754100336457,-34.63892533333333,17.49377683333333
855.886,3.727831165433168,34.47826592742047,32.25716329949063,187.10065938100118,2026-06-25 04:24:44.456356,0.6161199999999988,0.21200000000000002,5.896465340326955,32.49593625472421,-34.63892533333333,17.49377683333333
856.241,3.72394836913464,34.47826704474055,32.253714023973195,187.13445215295556,2026-06-25 04:24:44.556330,0.6120000000000001,0.21200000000000002,5.89914593861369,32.43032405725447,-34.63892533333333,17.49377683333333
856.4216666666666,3.719671471431898,34.47826803928452,32.2498965433538,187.16660371746096,2026-06-25 04:24:44.656304,0.6163870967741955,0.21200000000000002,5.89520253543141,32.404950864784624,-34.63892533333333,17.49377683333333
856.671,3.7116356334615874,34.47826803928452,32.24219497503543,187.2277441399475,2026-06-25 04:24:44.856252,0.6150000000000001,0.21200000000000002,5.899102201415958,32.42860782105983,-34.63892533333333,17.49377683333333
856.8416666666667,3.711407032252423,34.47826704474055,32.241959679956615,187.24154428626244,2026-06-25 04:24:44.856252,0.6137241379310332,0.21200000000000002,5.897958411909775,32.44480081786852,-34.63892533333333,17.49377683333333
857.101,3.7064362110703706,34.478259692708974,32.23712985479575,187.27030207039377,2026-06-25 04:24:45.006213,0.6180000000000001,0.21200000000000002,5.899082319910641,32.46940658255047,-34.63892533333333,17.49377683333333
857.181,3.704081181949608,34.47825059545659,32.23510284383624,187.30518661482077,2026-06-25 04:24:45.106186,0.6180000000000001,0.21200000000000002,5.897772547062942,32.476997049804545,-34.63892533333333,17.49377683333333
857.4265,3.7017179703391765,34.47823588890135,32.23335015849877,187.32206859568205,2026-06-25 04:24:45.231154,0.6180000000000001,0.21200000000000002,5.899046531144369,32.447634018792556,-34.63892533333333,17.49377683333333
857.662,3.700438422400728,34.478225012104616,32.23254325220649,187.33598205174755,2026-06-25 04:24:45.306134,0.6180000000000001,0.21200000000000002,5.895109379277789,32.41641235168658,-34.63892533333333,17.49377683333333
857.8325,3.6979692220533966,34.4782000250267,32.230943636367485,187.08621003907567,2026-06-25 04:24:45.443599,0.6180000000000001,0.21200000000000002,5.89852335651474,32.39380812985402,-34.63892533333333,17.49377683333333
858.0419999999999,3.6958634954875382,34.47817663054187,32.22940898872779,187.1123441262415,2026-06-25 04:24:45.556069,0.6180000000000001,0.21200000000000002,5.89509541089381,32.37404097151096,-34.63892533333333,17.49377683333333
858.233,3.6938690584743576,34.478152764157116,32.22777740025504,187.13068011638336,2026-06-25 04:24:45.656043,0.6180000000000001,0.21200000000000002,5.895085433316048,32.38513413893971,-34.63892533333333,17.49377683333333
858.484,3.6927491235177476,34.47813957254603,32.22683137121376,187.40551174738656,2026-06-25 04:24:45.706030,0.6180000000000001,0.21200000000000002,5.895073459945943,32.39971207100577,-34.63892533333333,17.49377683333333
858.6666666666666,3.689205354807509,34.47810035249062,32.22372981466297,187.1587150013928,2026-06-25 04:24:45.839329,0.6180000000000001,0.21200000000000002,5.895081348861901,32.410321243346004,-34.63892533333333,17.49377683333333
858.8036666666667,3.6867919505909943,34.47807317663892,32.22151890583998,187.18685957585305,2026-06-25 04:24:45.922640,0.6180000000000001,0.21200000000000002,5.895060490778518,32.41827812260119,-34.63892533333333,17.49377683333333
859.068,3.6813831291340744,34.47800867940468,32.21656174712058,187.23137763283805,2026-06-25 04:24:46.105926,0.6180000000000001,0.21200000000000002,5.89896699226764,32.41024408942504,-34.63892533333333,17.49377683333333
859.1904999999999,3.681379167207452,34.47800835158057,32.21657728565079,187.22934860028911,2026-06-25 04:24:46.105926,0.6180000000000001,0.21200000000000002,5.897006235335998,32.40010081253031,-34.63892533333333,17.49377683333333
859.4875,3.67689307384554,34.47794851346943,32.212732021931416,187.2615196285885,2026-06-25 04:24:46.255887,0.6180000000000001,0.21200000000000002,5.895029555354234,32.375508541201846,-34.63892533333333,17.49377683333333
859.724,3.676885935022739,34.47794820687396,32.2127163193919,187.26350237020742,2026-06-25 04:24:46.255887,0.6180000000000001,0.21200000000000002,5.8950295553686525,32.355925806625464,-34.63892533333333,17.49377683333333
859.8644999999999,3.6725884302190135,34.477882555240015,32.209196038434925,187.29812509379252,2026-06-25 04:24:46.405848,0.6180000000000001,0.21200000000000002,5.896976377140323,32.34429208904417,-34.63892533333333,17.49377683333333
860.0504999999999,3.6697722732801115,34.477829672946946,32.20690990810165,187.31354050309344,2026-06-25 04:24:46.518318,0.6180000000000001,0.21200000000000002,5.895466464703555,32.330514399213165,-34.63892533333333,17.49377683333333
860.4075,3.6662823771254427,34.4777496826751,32.204224814320696,187.35451325088673,2026-06-25 04:24:46.680776,0.6180000000000001,0.21200000000000002,5.894981655428969,32.39012328812549,-34.63892533333333,17.49377683333333
860.6593333333334,3.6643475498870237,34.47768448266625,32.20293519624686,187.37469102454384,2026-06-25 04:24:46.805743,0.6180000000000001,0.21200000000000002,5.895826773905256,32.432172322274184,-34.63892533333333,17.49377683333333
860.8483333333334,3.662669372412426,34.47759396908574,32.201831111822166,187.3932128096434,2026-06-25 04:24:46.972367,0.6180000000000001,0.21200000000000002,5.898887441883069,32.45177947593464,-34.63892533333333,17.49377683333333
861.0695000000001,3.661215199431737,34.47750532964049,32.200752378156665,187.41097626602226,2026-06-25 04:24:47.130659,0.6180000000000001,0.21200000000000002,5.89494572783532,32.45002925321484,-34.63892533333333,17.49377683333333
861.2980000000001,3.6604956625511123,34.47749069247856,32.20015022737442,187.41310723494874,2026-06-25 04:24:47.155652,0.6180000000000001,0.21200000000000002,5.894949719924767,32.44822099748852,-34.63892533333333,17.49377683333333
861.6443333333333,3.655928258238575,34.47737607884224,32.19610663744441,187.4253183651943,2026-06-25 04:24:47.355600,0.6180000000000001,0.21200000000000002,5.895128979669477,32.44518620801356,-34.63892533333333,17.49377683333333
862.0016666666667,3.649673498821309,34.477289225384276,32.18968960633111,187.2746103130057,2026-06-25 04:24:47.505561,0.6180000000000001,0.21200000000000002,5.898028915891709,32.41083638135167,-34.63892533333333,17.49377683333333
862.355,3.64497676263513,34.4771884879341,32.18466876217815,187.26207496247468,2026-06-25 04:24:47.605535,0.6180000000000001,0.21200000000000002,5.894913790211142,32.37687106767481,-34.63892533333333,17.49377683333333
862.2764999999999,3.6416276957075238,34.47723147863496,32.18116982297471,187.54911331824232,2026-06-25 04:24:47.680515,0.6180000000000001,0.21200000000000002,5.894895824301458,32.384417135005855,-34.63892533333333,17.49377683333333
862.645,3.6361885863717966,34.47710381680092,32.17573739231317,187.61594048578684,2026-06-25 04:24:47.830476,0.6180000000000001,0.21200000000000002,5.897315734806477,32.348993876260785,-34.63892533333333,17.49377683333333
862.926,3.6327988836230634,34.47703472048379,32.172488438231554,187.63649044028486,2026-06-25 04:24:47.955444,0.6180000000000001,0.21200000000000002,5.894841923774101,32.40555003737592,-34.63892533333333,17.49377683333333
862.975,3.6317955946490015,34.47700770832292,32.17157766152113,187.63539242762184,2026-06-25 04:24:48.005431,0.6180000000000001,0.21200000000000002,5.894849909395364,32.41811756646268,-34.63892533333333,17.49377683333333
863.32,3.6309508423502916,34.47698106256118,32.1708433870484,187.6452078402365,2026-06-25 04:24:48.055418,0.6180000000000001,0.21200000000000002,5.8987760520308825,32.50660323044103,-34.63892533333333,17.49377683333333
863.4085,3.629954656511722,34.47694190031004,32.17006117188357,187.66587500439607,2026-06-25 04:24:48.130398,0.6180000000000001,0.21200000000000002,5.8948259521853545,32.52930172685285,-34.63892533333333,17.49377683333333
863.58625,3.6285624037899713,34.47686679375871,32.16938538412605,187.67687901722402,2026-06-25 04:24:48.280359,0.6120000000000001,0.21200000000000002,5.894821959216037,32.555276343418775,-34.63892533333333,17.49377683333333
863.883,3.6273194203905814,34.47678479539006,32.16937258447425,187.68819231541875,2026-06-25 04:24:48.455313,0.6120000000000001,0.21200000000000002,5.894817966217866,32.45090085315452,-34.63892533333333,17.49377683333333
864.0305000000001,3.6273320417893453,34.476784492322366,32.169368632415456,187.8189633086048,2026-06-25 04:24:48.455313,0.6120000000000001,0.21200000000000002,5.898748201046394,32.39902087063059,-34.63892533333333,17.49377683333333
864.251,3.626357989074037,34.4767008560266,32.16931360094659,187.9626454678763,2026-06-25 04:24:48.655261,0.6120000000000001,0.21200000000000002,5.896773108077982,32.36975161918041,-34.63892533333333,17.49377683333333
864.4383333333334,3.6263768402460177,34.476700282301344,32.169278400814285,187.9580874742504,2026-06-25 04:24:48.655261,0.6120000000000001,0.21200000000000002,5.898746058585567,32.44302650675231,-34.63892533333333,17.49377683333333
864.6,3.6258586212840003,34.4766436790881,32.16888667156256,187.9694312785832,2026-06-25 04:24:48.805222,0.6120000000000001,0.21000000000000002,5.894805987050231,32.506261952432645,-34.63892533333333,17.49377683333333
864.909,3.6254882489734968,34.47661811243559,32.16854728003342,187.9767896612709,2026-06-25 04:24:48.880203,0.6120000000000001,0.21200000000000002,5.896767139751123,32.62712640221754,-34.63892533333333,17.49377683333333
865.0213333333335,3.624578001426915,34.47657933227028,32.16789409558047,187.9729221069321,2026-06-25 04:24:49.005170,0.6120000000000001,0.21200000000000002,5.895057028011058,32.67106525828827,-34.63892533333333,17.49377683333333
865.188,3.6237295926243878,34.4765514520343,32.16733204155906,187.9872493684968,2026-06-25 04:24:49.105144,0.6120000000000001,0.21200000000000002,5.894801993936644,32.73625643940198,-34.63892533333333,17.49377683333333
865.4973333333334,3.622837098078835,34.4765239471738,32.16654119489795,187.99399318583187,2026-06-25 04:24:49.221780,0.6120540540540651,0.21200000000000002,5.89869680558413,32.68932382651663,-34.63892533333333,17.49377683333333
865.6486666666666,3.6220459519505894,34.47650026647215,32.16560583441288,188.01062133602755,2026-06-25 04:24:49.338417,0.6120000000000001,0.21200000000000002,5.898717032796168,32.66636325943696,-34.63892533333333,17.49377683333333
866.034,3.62126149492721,34.47648042930167,32.16456394156678,188.01487498163996,2026-06-25 04:24:49.455053,0.6120000000000001,0.21200000000000002,5.894790014422755,32.60789978907547,-34.63892533333333,17.49377683333333
866.2206666666667,3.6202385005690023,34.47646634389954,32.16351062587437,188.02117450123697,2026-06-25 04:24:49.571689,0.6120000000000001,0.21200000000000002,5.894789957781208,32.579578384748096,-34.63892533333333,17.49377683333333
866.4540000000001,3.6189793325894932,34.47645604182742,32.16241840197685,188.03192353394948,2026-06-25 04:24:49.688325,0.6120000000000001,0.21200000000000002,5.894786021193747,32.54134563859093,-34.63892533333333,17.49377683333333
866.621,3.617558212877519,34.47644946481086,32.161202719412394,188.03983463135103,2026-06-25 04:24:49.804962,0.6120000000000001,0.21200000000000002,5.894786021193747,32.50838268594216,-34.63892533333333,17.49377683333333
866.884,3.616067657491225,34.47644946481086,32.159549852069034,188.06113866362887,2026-06-25 04:24:49.954923,0.6120000000000001,0.21200000000000002,5.894770047859298,32.45647097009406,-34.63892533333333,17.49377683333333
867.02925,3.6156893784479487,34.47644946481086,32.159128390991135,188.06960845470266,2026-06-25 04:24:49.992413,0.6131959459459415,0.21200000000000002,5.894762857195903,32.4278010966076,-34.63892533333333,17.49377683333333
867.373,3.614453803217153,34.476459801210424,32.157881445791624,188.0725794329535,2026-06-25 04:24:50.154870,0.6180000000000001,0.21200000000000002,5.898700453223903,32.432702755068185,-34.63892533333333,17.49377683333333
867.33,3.614125259951721,34.476456079115344,32.15769382302157,188.076808298023,2026-06-25 04:24:50.204857,0.6120000000000001,0.21200000000000002,5.894766054615866,32.42793455224252,-34.63892533333333,17.49377683333333
867.6188,3.6132448293405646,34.476478029723786,32.15746342235208,188.0868305426472,2026-06-25 04:24:50.374813,0.6120000000000001,0.21182222222223965,5.894761351267863,32.45995913308094,-34.63892533333333,17.49377683333333
867.81,3.6127175972787273,34.47649158375731,32.15736519015309,188.09641495323496,2026-06-25 04:24:50.479786,0.6150000000000087,0.21000000000000002,5.89475407430842,32.48116100238949,-34.63892533333333,17.49377683333333
868.275,3.6119175193536717,34.47651904018729,32.157135458643175,188.10390218272678,2026-06-25 04:24:50.604753,0.6120000000000001,0.21000000000000002,5.894754074322849,32.53272412596938,-34.63892533333333,17.49377683333333
868.131,3.6113525131482245,34.47651047745309,32.15688158038223,188.10838739616935,2026-06-25 04:24:50.654740,0.6120000000000001,0.21000000000000002,5.894750080834127,32.516756190925285,-34.63892533333333,17.49377683333333
868.427,3.60893891445651,34.47654234418719,32.15550090600944,187.8596310278995,2026-06-25 04:24:50.779708,0.6120000000000001,0.21000000000000002,5.894753711277108,32.54957916851593,-34.63892533333333,17.49377683333333
868.561,3.605430319579914,34.476567277766854,32.15315384764743,187.8795847008632,2026-06-25 04:24:50.904675,0.6120000000000001,0.21000000000000002,5.894750080834127,32.564438219181966,-34.63892533333333,17.49377683333333
869.05,3.6017796229521406,34.47659590944634,32.150276604093904,187.9095426070497,2026-06-25 04:24:51.004649,0.6120000000000001,0.21000000000000002,5.894738100194807,32.6186626652692,-34.63892533333333,17.49377683333333
868.8556666666667,3.600511268788211,34.476588523584056,32.149134267708085,187.91593826904997,2026-06-25 04:24:51.037974,0.6120000000000001,0.21000000000000002,5.894735269592789,32.5971133455222,-34.63892533333333,17.49377683333333
869.3344999999999,3.593345917845827,34.47664428905603,32.14254503258685,187.9889077838582,2026-06-25 04:24:51.254584,0.6120000000000001,0.21000000000000002,5.8946881778916405,32.650210425825065,-34.63892533333333,17.49377683333333
869.43475,3.5921728379681266,34.47665273670019,32.14142825973284,188.00060932467917,2026-06-25 04:24:51.292074,0.6120000000000001,0.21000000000000002,5.894681026343179,32.66132699171514,-34.63892533333333,17.49377683333333
869.609,3.5885192208810723,34.47668935359917,32.13792172300988,188.0301689167922,2026-06-25 04:24:51.454532,0.6180000000000001,0.21000000000000002,5.894666210904111,32.680649302002884,-34.63892533333333,17.49377683333333
869.8513333333334,3.5868644084791885,34.476714809533156,32.1363998802866,188.04299488146725,2026-06-25 04:24:51.571168,0.6180000000000001,0.21000000000000002,5.89466197776987,32.707521266764594,-34.63892533333333,17.49377683333333
870.0554999999999,3.585860909204488,34.47673252834862,32.13551889507103,188.05369379915396,2026-06-25 04:24:51.654480,0.6180000000000001,0.21000000000000002,5.894656225508296,32.730160989483345,-34.63892533333333,17.49377683333333
870.2675,3.5846787670215834,34.47675785489146,32.13457213996319,188.0685253150889,2026-06-25 04:24:51.779447,0.6120000000000001,0.21000000000000002,5.894646239939284,32.75366933829827,-34.63892533333333,17.49377683333333
870.375,3.5839333788579157,34.47677665947593,32.13414165053754,188.07895920354105,2026-06-25 04:24:51.879421,0.6180000000000001,0.21000000000000002,5.89660368839614,32.76558984536244,-34.63892533333333,17.49377683333333
870.6754000000001,3.5826032976548206,34.476806763941035,32.133886594050274,188.0829831624411,2026-06-25 04:24:52.064373,0.6180000000000001,0.21000000000000002,5.894644143006308,32.79890073207944,-34.63892533333333,17.49377683333333
870.982,3.5819737707372763,34.47682020021639,32.133850554950286,188.0960006715047,2026-06-25 04:24:52.154349,0.6120000000000001,0.21000000000000002,5.894634257106361,32.83289912711081,-34.63892533333333,17.49377683333333
871.2280000000001,3.5813102164643897,34.47683754574321,32.13385254735396,188.10800210908278,2026-06-25 04:24:52.304310,0.6180000000000001,0.21000000000000002,5.89462523755216,32.86017768281115,-34.63892533333333,17.49377683333333
871.406,3.5810130715600343,34.47684662255493,32.13383020669335,188.10388929630872,2026-06-25 04:24:52.404284,0.6180000000000001,0.21000000000000002,5.894634257106361,32.87991582474064,-34.63892533333333,17.49377683333333
871.6775,3.5808767773748955,34.47685163670273,32.13378985739462,188.1113663785337,2026-06-25 04:24:52.479265,0.6120000000000001,0.21100000000000002,5.894628265559996,32.91002203560504,-34.63892533333333,17.49377683333333
871.856,3.580693943513575,34.47685163670273,32.13365300805448,188.118294032598,2026-06-25 04:24:52.604232,0.6120000000000001,0.21000000000000002,5.894622273955894,32.92981562175345,-34.63892533333333,17.49377683333333
872.0284999999999,3.580493000629025,34.47685163670273,32.13344929720454,188.11857567623048,2026-06-25 04:24:52.666716,0.6120000000000001,0.2106533333333357,5.894624963526882,32.948943877275006,-34.63892533333333,17.49377683333333
872.44125,3.578831476042976,34.47685162069226,32.131811274648854,188.1316950316144,2026-06-25 04:24:52.904154,0.6145499999999977,0.21000000000000002,5.894622273955894,32.98497784360644,-34.63892533333333,17.49377683333333
872.6334999999999,3.5780530786214326,34.476847814193285,32.13104974487253,188.1368676491489,2026-06-25 04:24:52.979134,0.6120000000000001,0.2109999999999988,5.89462227394146,32.918220889646385,-34.63892533333333,17.49377683333333
872.8786666666666,3.5753720358681402,34.47683000168775,32.12850035152156,188.15130375645188,2026-06-25 04:24:53.154089,0.6120425531914981,0.21000000000000002,5.894622188967169,32.83308913474801,-34.63892533333333,17.49377683333333
873.106,3.5739701923479106,34.47681630832331,32.12704641877085,188.1780256360375,2026-06-25 04:24:53.254063,0.6120000000000001,0.21000000000000002,5.894598306875496,32.75414983244931,-34.63892533333333,17.49377683333333
873.22,3.5731655926585115,34.47680398517326,32.12610621781046,188.1826831097443,2026-06-25 04:24:53.329043,0.6120000000000001,0.21100000000000002,5.894598306875496,32.7160227334768,-34.63892533333333,17.49377683333333
873.49,3.5725338891324006,34.47679032136761,32.12526626164252,188.19091444828427,2026-06-25 04:24:53.404024,0.6120000000000001,0.21200000000000002,5.8945943122610505,32.666016812282045,-34.63892533333333,17.49377683333333
873.63,3.571771110756452,34.47676407846218,32.12401403297888,188.19868810608855,2026-06-25 04:24:53.528991,0.6150000000000001,0.21000000000000002,5.8965558398125815,32.64008781610699,-34.63892533333333,17.49377683333333
873.7893333333333,3.571235685539321,34.47674516830318,32.123307595884086,188.2001012417626,2026-06-25 04:24:53.603971,0.6120000000000001,0.21000000000000002,5.894593424562536,32.610578149031575,-34.63892533333333,17.49377683333333
874.2360000000001,3.569174195181924,34.47669171989013,32.12145629739994,188.22083692036193,2026-06-25 04:24:53.803919,0.6120000000000001,0.21000000000000002,5.894583692288752,32.52785230409207,-34.63892533333333,17.49377683333333
874.388,3.5674825043451848,34.47665517593997,32.120336775906395,188.0996264452727,2026-06-25 04:24:53.928887,0.6120000000000001,0.21100000000000002,5.894584325595018,32.58366811832245,-34.63892533333333,17.49377683333333
874.7743333333334,3.5642186623783823,34.47658103007327,32.11873232444497,188.26754074295138,2026-06-25 04:24:54.120503,0.6120000000000001,0.21000000000000002,5.89455860148591,32.83329827041891,-34.63892533333333,17.49377683333333
874.632,3.563639640258477,34.47659231175174,32.11845385383209,188.2661200330162,2026-06-25 04:24:54.153828,0.6120000000000001,0.21000000000000002,5.894562354306108,32.741329267014876,-34.63892533333333,17.49377683333333
875.0754999999999,3.561835624754396,34.47653639977582,32.117623825418384,188.28277673245105,2026-06-25 04:24:54.278796,0.6120000000000001,0.21000000000000002,5.896521948103051,32.79087994218068,-34.63892533333333,17.49377683333333
875.337,3.5608806140428357,34.476508861760244,32.11722941857876,188.2939857463699,2026-06-25 04:24:54.353776,0.6120000000000001,0.21000000000000002,5.894550369596601,32.75080940605308,-34.63892533333333,17.49377683333333
875.3705,3.5597071225752934,34.47647138260993,32.1167215451368,188.0415352168163,2026-06-25 04:24:54.453750,0.6120000000000001,0.21000000000000002,5.894548372116143,32.74567608689333,-34.63892533333333,17.49377683333333
875.64,3.559699933774095,34.47647131136936,32.11674134084793,188.04533452856967,2026-06-25 04:24:54.453750,0.6120000000000001,0.21000000000000002,5.894546374635683,32.70437968350371,-34.63892533333333,17.49377683333333
875.8246666666668,3.5580185223226493,34.47641417419376,32.115648751309294,188.11779008900598,2026-06-25 04:24:54.603711,0.6120000000000001,0.21200000000000002,5.894548380130963,32.67608258087184,-34.63892533333333,17.49377683333333
876.068,3.555905466476175,34.476347253465974,32.11347107595709,188.33852217027896,2026-06-25 04:24:54.778665,0.6120000000000001,0.21200000000000002,5.894530394488826,32.65252861830496,-34.63892533333333,17.49377683333333
876.2170000000001,3.5559357491067844,34.476347154577866,32.11353294888513,188.3334629921209,2026-06-25 04:24:54.778665,0.6120000000000001,0.21100000000000335,5.894538384627225,32.65697940274511,-34.63892533333333,17.49377683333333
876.361,3.55423614984952,34.476299900624255,32.11154019384643,188.0919879546023,2026-06-25 04:24:54.903633,0.6120000000000001,0.21200000000000002,5.89452639939797,32.66128083200268,-34.63892533333333,17.49377683333333
876.61175,3.5524079631375622,34.476254077696886,32.109567361548116,188.1025231051879,2026-06-25 04:24:55.028600,0.6120000000000001,0.21200000000000002,5.89452639939797,32.668770994407815,-34.63892533333333,17.49377683333333
876.775,3.5501161300218382,34.47619274191318,32.10733604135843,188.12985547068084,2026-06-25 04:24:55.203554,0.6120000000000001,0.21200000000000002,5.894506423438349,32.65741974558263,-34.63892533333333,17.49377683333333
877.1225,3.549386219473227,34.476168140132074,32.106678050352464,188.13919283935738,2026-06-25 04:24:55.278535,0.6120000000000001,0.21200000000000002,5.894502428159793,32.62752047220861,-34.63892533333333,17.49377683333333
877.27225,3.5490268055231198,34.47614973326426,32.10632466497742,188.13672832638272,2026-06-25 04:24:55.341019,0.6120000000000001,0.21200000000000002,5.894509419821463,32.61463582130858,-34.63892533333333,17.49377683333333
877.4315,3.5478108768546206,34.4760948105523,32.10504392557472,188.15677273498818,2026-06-25 04:24:55.528470,0.6120000000000001,0.21200000000000002,5.894492439833449,32.6009337802012,-34.63892533333333,17.49377683333333
877.8355,3.5470370826778606,34.4760646596028,32.104071997850696,188.29365280801554,2026-06-25 04:24:55.653437,0.6180000000000001,0.21000000000000002,5.894492439833449,32.570458524254626,-34.63892533333333,17.49377683333333
878.26,3.5463655478495375,34.47604342570624,32.1032494542808,188.2972133722808,2026-06-25 04:24:55.728418,0.6150000000000001,0.21000000000000002,5.896462134938128,32.53848759512613,-34.63892533333333,17.49377683333333
878.094,3.5461864561119674,34.476049273979626,32.1030400136009,188.16209728396709,2026-06-25 04:24:55.753411,0.6120000000000001,0.21000000000000002,5.894502428159793,32.55098977235894,-34.63892533333333,17.49377683333333
878.429,3.5445234038743956,34.476019053545805,32.10096498187468,188.25351117232734,2026-06-25 04:24:55.903372,0.6180000000000001,0.21000000000000002,5.894486446756782,32.52575947493127,-34.63892533333333,17.49377683333333
878.869,3.5428787957605867,34.47600309254805,32.098986171835485,188.46175229143898,2026-06-25 04:24:56.053333,0.6128059701492551,0.21000000000000002,5.895007094850787,32.49262117383223,-34.63892533333333,17.49377683333333
879.117,3.541355852842231,34.47600309254805,32.097620484059675,188.47431591523647,2026-06-25 04:24:56.203294,0.6180000000000001,0.21000000000000002,5.894474460401292,32.50903427890235,-34.63892533333333,17.49377683333333
879.2395,3.541097621134992,34.47600022974292,32.09755493748402,188.47806466847774,2026-06-25 04:24:56.228287,0.6180000000000001,0.21000000000000002,5.894472462646497,32.52243277163667,-34.63892533333333,17.49377683333333
879.624,3.5398130125413036,34.47600612887062,32.09694832048558,188.48870240700182,2026-06-25 04:24:56.353255,0.6180000000000001,0.21000000000000002,5.894470464891701,32.567189785427566,-34.63892533333333,17.49377683333333
879.4755,3.5392241565642326,34.47600022974292,32.09672649435837,188.49331767449348,2026-06-25 04:24:56.403242,0.6179545454545466,0.21000000000000002,5.894466408814113,32.54824537804726,-34.63892533333333,17.49377683333333
879.8456666666667,3.53639566775662,34.476040185207744,32.09536340024887,188.51792622790686,2026-06-25 04:24:56.636514,0.6126181818181844,0.2117939393939386,5.894455305902487,32.59678268803504,-34.63892533333333,17.49377683333333
880.0895,3.535838257094098,34.47604755389787,32.0950605013272,188.5231420468542,2026-06-25 04:24:56.678170,0.6149999999999898,0.21100000000000346,5.89445448256453,32.629334880903265,-34.63892533333333,17.49377683333333
880.414,3.53438413560634,34.476096183063454,32.09420934708235,188.53863287459245,2026-06-25 04:24:56.803138,0.6120000000000001,0.21000000000000002,5.894446491227654,32.67265622028428,-34.63892533333333,17.49377683333333
880.281,3.533889526628437,34.47608050903548,32.093892505612295,188.54599099205114,2026-06-25 04:24:56.853124,0.6120000000000001,0.21200000000000002,5.894438499775248,32.65490047871979,-34.63892533333333,17.49377683333333
880.6439999999999,3.5329397827639344,34.476139342576595,32.093166491807125,188.55554692888612,2026-06-25 04:24:56.969761,0.6120000000000001,0.21200000000000002,5.8944355902343295,32.70336163802737,-34.63892533333333,17.49377683333333
880.785,3.5326731805831253,34.47615166785624,32.09295712829546,188.29562381123395,2026-06-25 04:24:57.003085,0.6120000000000001,0.21200000000000002,5.894438499775248,32.71103668148406,-34.63892533333333,17.49377683333333
881.047,3.5315146068592975,34.476240731962015,32.09192089475489,188.56907108758216,2026-06-25 04:24:57.190537,0.6120000000000001,0.21200000000000002,5.894430736538647,32.701757146572824,-34.63892533333333,17.49377683333333
881.2774999999999,3.530869098471631,34.47630212796327,32.09142222385286,188.57405573303498,2026-06-25 04:24:57.303007,0.6120000000000001,0.21200000000000002,5.894430508207309,32.69359328093526,-34.63892533333333,17.49377683333333
881.466,3.5301418503560296,34.47637937355517,32.09100406325409,188.5834950525175,2026-06-25 04:24:57.427975,0.6120000000000001,0.21200000000000002,5.8944245144519245,32.67324061958927,-34.63892533333333,17.49377683333333
881.584,3.5297039891945627,34.47643021160466,32.09080688409927,188.58488615433154,2026-06-25 04:24:57.502955,0.6120000000000001,0.21000000000000002,5.894426512380014,32.659623802514574,-34.63892533333333,17.49377683333333
881.8875,3.529347198994259,34.47648465264861,32.090637176635965,188.4558434499818,2026-06-25 04:24:57.577936,0.6120000000000001,0.21200000000000002,5.894430508192867,32.62460088741141,-34.63892533333333,17.49377683333333
882.0543333333334,3.5290136555307843,34.47658253296431,32.090458088064366,188.34149083488396,2026-06-25 04:24:57.702903,0.6120000000000001,0.2116140350877174,5.894413753577961,32.60534886214054,-34.63892533333333,17.49377683333333
882.357,3.528810768064499,34.476688654344585,32.09048118583458,188.47426922083494,2026-06-25 04:24:57.827870,0.6120000000000001,0.21000000000000002,5.894414524710381,32.570422110999786,-34.63892533333333,17.49377683333333
882.63175,3.528528056962632,34.47682845621898,32.090827714613425,188.3472264143803,2026-06-25 04:24:57.977831,0.6120000000000001,0.21000000000000002,5.894415011723316,32.57551968738369,-34.63892533333333,17.49377683333333
882.769,3.528376285363297,34.47695284810006,32.09123219889997,188.34927810990038,2026-06-25 04:24:58.102799,0.6120000000000001,0.21000000000000002,5.894414524724824,32.57883291054713,-34.63892533333333,17.49377683333333
883.0565,3.528386584095726,34.47705895429946,32.09151830859679,188.35147689981883,2026-06-25 04:24:58.202773,0.6120000000000001,0.21000000000000002,5.894414524724824,32.58577317764723,-34.63892533333333,17.49377683333333
883.325,3.528379339978482,34.47705959432598,32.09152924215887,188.35373412058027,2026-06-25 04:24:58.202773,0.6120000000000001,0.21000000000000002,5.894414524724824,32.59225478361724,-34.63892533333333,17.49377683333333
883.4385,3.528485090231794,34.47725763632024,32.0918404983521,188.35108677494165,2026-06-25 04:24:58.377727,0.6120000000000001,0.21000000000000002,5.894418220945225,32.60501575874577,-34.63892533333333,17.49377683333333
883.658,3.5285559973627474,34.477469705761415,32.09215998131832,188.3520764963024,2026-06-25 04:24:58.552681,0.6120000000000001,0.21000000000000002,5.894418520638771,32.72921324255292,-34.63892533333333,17.49377683333333
883.857,3.528554457085043,34.47747028056454,32.092181274548395,188.35527071937383,2026-06-25 04:24:58.552681,0.6150000000000001,0.21000000000000002,5.894416522681798,32.841811416938405,-34.63892533333333,17.49377683333333
884.0016666666667,3.5285723367630997,34.47766373345909,32.0927651647053,188.3576783208449,2026-06-25 04:24:58.702642,0.6120000000000001,0.21000000000000002,5.894414524724824,32.90785010214234,-34.63892533333333,17.49377683333333
884.219,3.5285412142517933,34.47786683190915,32.093337542512074,188.35628400504032,2026-06-25 04:24:58.852603,0.6120000000000001,0.21000000000000002,5.894418520638771,32.8914645367422,-34.63892533333333,17.49377683333333
884.4383333333332,3.528566339706766,34.47798695654072,32.093381979742006,188.3555050733334,2026-06-25 04:24:58.935915,0.6120000000000001,0.21000000000000002,5.894421540999073,32.874928183930415,-34.63892533333333,17.49377683333333
884.6320000000001,3.5285575116573202,34.47804358375029,32.093522711212465,188.3609435717661,2026-06-25 04:24:58.977571,0.6120000000000001,0.21000000000000002,5.894416522681797,32.86032693623487,-34.63892533333333,17.49377683333333
884.748,3.5285901956950183,34.47815238286867,32.09353194297072,188.36623226782686,2026-06-25 04:24:59.052551,0.6120000000000001,0.21200000000000002,5.89441052878199,32.85158126635872,-34.63892533333333,17.49377683333333
885.055,3.5286225851389568,34.47837681289645,32.093519705051015,188.35910454387505,2026-06-25 04:24:59.202512,0.6120000000000001,0.21000000000000002,5.894422516523835,32.83516821240968,-34.63892533333333,17.49377683333333
885.342,3.5286140849356515,34.47856948715303,32.093610951073096,188.36589215124837,2026-06-25 04:24:59.327480,0.6120000000000001,0.21000000000000002,5.894416522681797,32.87586304282068,-34.63892533333333,17.49377683333333
885.3955000000001,3.5286019648345968,34.47872753235623,32.09372957909716,188.36464961468266,2026-06-25 04:24:59.427453,0.6120000000000001,0.21000000000000002,5.894418520638771,32.883449012949576,-34.63892533333333,17.49377683333333
885.684,3.5286285721759927,34.4789294435833,32.09389998044454,188.36973715955057,2026-06-25 04:24:59.552421,0.6120000000000001,0.21000000000000002,5.894414524724824,32.92435653411184,-34.63892533333333,17.49377683333333
885.8416666666667,3.5286477850864437,34.47898468942802,32.09396520935141,188.37371463979773,2026-06-25 04:24:59.585746,0.6120000000000001,0.21000000000000002,5.894410850798198,32.94461995497014,-34.63892533333333,17.49377683333333
886.0316666666666,3.5288090372626155,34.47926250548317,32.09436801391922,188.37136021075318,2026-06-25 04:24:59.752369,0.6120000000000001,0.21000000000000002,5.894414524724824,32.86311878447187,-34.63892533333333,17.49377683333333
886.17,3.5290018660288434,34.479432850761945,32.09474701670282,188.3714003326608,2026-06-25 04:24:59.852343,0.6120000000000001,0.21000000000000002,5.894414524724824,32.80378021296873,-34.63892533333333,17.49377683333333
886.393,3.529382987288881,34.47969356354868,32.095462859938316,188.10826817922862,2026-06-25 04:25:00.002304,0.6180000000000001,0.21000000000000002,5.894418520638771,32.70812357601544,-34.63892533333333,17.49377683333333
886.60025,3.529354232551575,34.47969432805161,32.09544625903547,188.11210415974048,2026-06-25 04:25:00.002304,0.6158839285714254,0.21070535714285826,5.894415933998046,32.61922295714298,-34.63892533333333,17.49377683333333
886.8446666666667,3.52952007231769,34.48004988204665,32.096210978692,188.10654480732305,2026-06-25 04:25:00.202252,0.6180000000000001,0.21000000000000002,5.894424206521416,32.5969080050355,-34.63892533333333,17.49377683333333
887.2239999999999,3.5293260645669866,34.48027699722641,32.096490867607805,188.11312200415964,2026-06-25 04:25:00.327219,0.6149999999999952,0.21000000000000002,5.8944205185813034,32.60190121208332,-34.63892533333333,17.49377683333333
887.443,3.529140729483134,34.48046124851422,32.096680223942215,188.11555040706648,2026-06-25 04:25:00.427193,0.6180000000000001,0.21000000000000002,5.894420518581303,32.604783933551175,-34.63892533333333,17.49377683333333
887.6513333333332,3.5290593026441166,34.480694661982994,32.09703438244802,188.11581277281144,2026-06-25 04:25:00.552160,0.6167956989247275,0.21159856630824248,5.894422516523835,32.610786857453505,-34.63892533333333,17.49377683333333
887.8493333333332,3.529343165129319,34.48097891357964,32.09767085620149,188.12121342351563,2026-06-25 04:25:00.702121,0.613400000000006,0.21153333333333135,5.894415457104745,32.62207836309069,-34.63892533333333,17.49377683333333
887.973,3.529693535135776,34.48117080736395,32.098195803653006,188.12109747029592,2026-06-25 04:25:00.802095,0.6120000000000001,0.21000000000000002,5.894414524724824,32.62913080179674,-34.63892533333333,17.49377683333333
888.2860000000001,3.5299848267566176,34.48143878859659,32.099082158033745,187.8689361219155,2026-06-25 04:25:00.939559,0.6120000000000001,0.21000000000000002,5.894426042277588,32.6469805051525,-34.63892533333333,17.49377683333333
888.3985,3.5301069981336926,34.48166016895864,32.099845176145095,187.8518622369007,2026-06-25 04:25:01.052030,0.6120000000000001,0.21000000000000002,5.894428510293661,32.653396133355436,-34.63892533333333,17.49377683333333
888.855,3.5302088747963567,34.481909377889735,32.10058202764246,187.86712819021537,2026-06-25 04:25:01.176997,0.6120000000000001,0.21000000000000002,5.894412526753407,32.568278382665476,-34.63892533333333,17.49377683333333
889.01675,3.530178020427555,34.48221333625811,32.10089924528525,187.86054248856593,2026-06-25 04:25:01.326958,0.6120000000000001,0.21000000000000002,5.894422516523835,32.53365222732323,-34.63892533333333,17.49377683333333
889.337,3.529763715209077,34.48257358208836,32.10049193306066,187.60242599342573,2026-06-25 04:25:01.501913,0.6120000000000001,0.21000000000000002,5.894426512380014,32.531834413817855,-34.63892533333333,17.49377683333333
889.4066666666668,3.529592232208198,34.482643519916024,32.10032341389424,187.63218561798215,2026-06-25 04:25:01.535237,0.6120000000000001,0.21000000000000002,5.89441886948588,32.53487233776476,-34.63892533333333,17.49377683333333
889.681,3.5290055323226635,34.48288832785449,32.09977145328556,187.61140531761512,2026-06-25 04:25:01.651874,0.6120000000000001,0.21000000000000002,5.894422516523835,32.54683507177576,-34.63892533333333,17.49377683333333
889.8699999999999,3.5283667649439545,34.48310152958109,32.09928267090066,187.61562204755424,2026-06-25 04:25:01.751848,0.6120000000000001,0.21000000000000002,5.894422516466067,32.55507671233984,-34.63892533333333,17.49377683333333
890.0385,3.527850255389051,34.48326327853062,32.09888373156261,187.62377385801182,2026-06-25 04:25:01.826828,0.6120000000000001,0.21000000000000002,5.894416522681798,32.56242441834539,-34.63892533333333,17.49377683333333
890.2646666666666,3.5269138869150503,34.483535640184094,32.09813147754935,187.62900834809082,2026-06-25 04:25:01.951795,0.6120000000000001,0.21000000000000002,5.89441727648974,32.57228676953185,-34.63892533333333,17.49377683333333
890.356,3.5260463345336,34.48375591076977,32.09743602646953,187.51381317518076,2026-06-25 04:25:02.051769,0.6120000000000001,0.21000000000000002,5.894404534781083,32.57626950236176,-34.63892533333333,17.49377683333333
890.6795,3.5243625741830344,34.484035713992604,32.0962705478825,187.39288494514562,2026-06-25 04:25:02.176737,0.6120000000000001,0.21000000000000002,5.8944065328102715,32.590376225761126,-34.63892533333333,17.49377683333333
891.042,3.5228113411633073,34.48437798464845,32.09526644776889,187.1409613247463,2026-06-25 04:25:02.251717,0.6120000000000001,0.21000000000000002,5.89441052878199,32.606183605149916,-34.63892533333333,17.49377683333333
890.8824999999999,3.5207505164176083,34.484205889759664,32.09386034501991,187.41088795396,2026-06-25 04:25:02.326698,0.6120000000000001,0.21000000000000002,5.894406532795829,32.599228358218845,-34.63892533333333,17.49377683333333
891.2046666666666,3.516363155489124,34.484668779993456,32.09060884788162,187.1885476989265,2026-06-25 04:25:02.451665,0.6120000000000001,0.21000000000000002,5.894388171853719,32.61327693953311,-34.63892533333333,17.49377683333333
891.4196666666667,3.5101783965390028,34.48502431757236,32.08567007544638,187.23405267749067,2026-06-25 04:25:02.601626,0.6120000000000001,0.21000000000000002,5.894367433361314,32.622652350756795,-34.63892533333333,17.49377683333333
891.85,3.506057110369401,34.485265311003275,32.08225507050851,187.2690609330614,2026-06-25 04:25:02.701600,0.6120000000000001,0.21000000000000002,5.894350586173073,32.641417708725456,-34.63892533333333,17.49377683333333
892.0229999999999,3.500263316484412,34.48568516388819,32.07750366986331,187.32838525322367,2026-06-25 04:25:02.871556,0.6120000000000001,0.21000000000000002,5.894308944747713,32.64896164426823,-34.63892533333333,17.49377683333333
892.4413333333333,3.4961536288905486,34.486054264390454,32.07421645997561,187.1816592236542,2026-06-25 04:25:03.018184,0.6120000000000001,0.21000000000000002,5.894294633873423,32.66720372347092,-34.63892533333333,17.49377683333333
892.608,3.4926483023731367,34.48646075849673,32.07147613858197,187.1241640766762,2026-06-25 04:25:03.176476,0.6120000000000001,0.21000000000000002,5.894288638615786,32.67447148410944,-34.63892533333333,17.49377683333333
892.84875,3.4904079390652605,34.48685627898758,32.06995540451673,187.14647660337454,2026-06-25 04:25:03.326437,0.6120000000000001,0.21000000000000002,5.89427481395343,32.684969764351784,-34.63892533333333,17.49377683333333
893.265,3.488793321113084,34.48725944358257,32.069212266404534,187.16302477259572,2026-06-25 04:25:03.476398,0.6120000000000001,0.21000000000000002,5.89426665559991,32.70312099654648,-34.63892533333333,17.49377683333333
893.4045,3.487855530269418,34.48760271730892,32.06912971623999,187.17414834769298,2026-06-25 04:25:03.601365,0.6120000000000001,0.21000000000000002,5.894258661547413,32.70920411220092,-34.63892533333333,17.49377683333333
893.5605,3.487531587389384,34.487741536561714,32.069151906183464,187.17979850009107,2026-06-25 04:25:03.651352,0.6120000000000001,0.21000000000000002,5.89425466446337,32.71600673615858,-34.63892533333333,17.49377683333333
893.906,3.4869463480232548,34.48802151385799,32.06923384811242,187.18496532740647,2026-06-25 04:25:03.751326,0.6120000000000001,0.21000000000000002,5.894254664477819,32.73107280396223,-34.63892533333333,17.49377683333333
894.031,3.4867111270730073,34.488163119788176,32.069282267626406,187.1807712332693,2026-06-25 04:25:03.801313,0.6120000000000001,0.21000000000000002,5.89426265858811,32.73652362444112,-34.63892533333333,17.49377683333333
894.2036666666667,3.486520042932589,34.48849772844238,32.069421483778775,186.96164424017138,2026-06-25 04:25:03.917950,0.6120000000000001,0.21000000000000002,5.894247062127171,32.74405302446263,-34.63892533333333,17.49377683333333
894.4503333333332,3.486945446114254,34.488935123377566,32.069647257086025,186.93138045298488,2026-06-25 04:25:04.067911,0.6120000000000001,0.21000000000000002,5.894252910470452,32.754809310207634,-34.63892533333333,17.49377683333333
894.607,3.487181463169998,34.489105208521295,32.06973154593157,186.93919931654804,2026-06-25 04:25:04.126229,0.6150000000000001,0.21000000000000002,5.894242673081199,32.76164100520784,-34.63892533333333,17.49377683333333
894.86,3.4879807079561895,34.48962697567294,32.070078520865984,186.93077451007676,2026-06-25 04:25:04.301183,0.6180000000000001,0.21000000000000002,5.8942507648695335,32.76503511404062,-34.63892533333333,17.49377683333333
895.2176666666668,3.4881704160121108,34.490233668978846,32.07038559040777,186.92334903988282,2026-06-25 04:25:04.467806,0.6127191011236037,0.21000000000000002,5.894262179542034,32.74648193045798,-34.63892533333333,17.49377683333333
895.06,3.4881762931719518,34.49013226960995,32.070445483610776,186.92484463144115,2026-06-25 04:25:04.501131,0.6120000000000001,0.21000000000000002,5.894258661547413,32.75466054726562,-34.63892533333333,17.49377683333333
895.36,3.4881866135270547,34.49054091766521,32.070566768399864,186.93591085407792,2026-06-25 04:25:04.601105,0.6180000000000001,0.21200000000000002,5.8942466702519365,32.73909869710311,-34.63892533333333,17.49377683333333
895.806,3.488187541910684,34.49095426855772,32.07069636142901,186.93293515564682,2026-06-25 04:25:04.701079,0.6180000000000001,0.21000000000000002,5.894254664477819,32.71596341319484,-34.63892533333333,17.49377683333333
895.678,3.4881649816420186,34.49085034120298,32.070784793515365,186.9298913392522,2026-06-25 04:25:04.734403,0.6180000000000001,0.21000000000000002,5.894257577592418,32.72260313593085,-34.63892533333333,17.49377683333333
895.947,3.488093563439681,34.491317917579664,32.071111569908275,186.67310215532913,2026-06-25 04:25:04.851040,0.6120000000000001,0.21000000000000002,5.894258661547413,32.70444264054602,-34.63892533333333,17.49377683333333
896.2392500000001,3.488016353971589,34.49171019099554,32.071710452509656,186.67840692003168,2026-06-25 04:25:04.976007,0.6173693181818136,0.21000000000000002,5.894254664477819,32.680563592272115,-34.63892533333333,17.49377683333333
896.41,3.4880015744094686,34.49210369057904,32.07239657946206,186.67937616918138,2026-06-25 04:25:05.100975,0.6180000000000001,0.21000000000000002,5.894254664477819,32.666612018302004,-34.63892533333333,17.49377683333333
896.5856666666667,3.4880417620668625,34.49241924692986,32.07295546904336,186.67718208876263,2026-06-25 04:25:05.200949,0.6165714285714333,0.21000000000000002,5.894258661547413,32.65225871526197,-34.63892533333333,17.49377683333333
896.876,3.4880867103162387,34.49281379830238,32.073611825679535,186.68648816845769,2026-06-25 04:25:05.325916,0.6149999999999967,0.21000000000000002,5.8942486688156315,32.64413332175869,-34.63892533333333,17.49377683333333
897.11,3.4880915274243027,34.493050328276944,32.07399807433122,186.67740534057,2026-06-25 04:25:05.400896,0.6180000000000001,0.21000000000000002,5.89426265858811,32.63795597337123,-34.63892533333333,17.49377683333333
897.1875,3.4881177413210978,34.4932864317657,32.074396618005224,186.6806735859926,2026-06-25 04:25:05.475877,0.6150000000000001,0.21000000000000002,5.894258661532964,32.63591005670444,-34.63892533333333,17.49377683333333
897.4476666666666,3.488323799693878,34.49367855165175,32.07512180500667,186.60742165245344,2026-06-25 04:25:05.600844,0.6162063492063516,0.21000000000000002,5.894254664477819,32.63153071015746,-34.63892533333333,17.49377683333333
897.663,3.4886782335408286,34.49399075920225,32.075770581249735,186.42659983475033,2026-06-25 04:25:05.700818,0.6180000000000001,0.21000000000000002,5.894254664477819,32.640073998450504,-34.63892533333333,17.49377683333333
897.8565000000001,3.489093129771394,34.4942234691795,32.076282311275776,186.42752262032286,2026-06-25 04:25:05.775799,0.6150000000000138,0.21000000000000002,5.8942526659285726,32.647751055500216,-34.63892533333333,17.49377683333333
898.139,3.4895926828033614,34.49445502172764,32.07680543735263,186.4226951208089,2026-06-25 04:25:05.850779,0.6180000000000001,0.21000000000000002,5.894258661547413,32.65895916204564,-34.63892533333333,17.49377683333333
898.2126666666667,3.49057452115618,34.49481145105448,32.07783947403737,186.4154730298309,2026-06-25 04:25:05.967415,0.6177037037036944,0.21000000000000002,5.894262461203384,32.661881865935364,-34.63892533333333,17.49377683333333
898.3805,3.4913639893406363,34.49506407304776,32.07875914569712,186.41277816907726,2026-06-25 04:25:06.050727,0.6150000000000001,0.21000000000000002,5.894262658573662,32.66854060534023,-34.63892533333333,17.49377683333333
898.63875,3.4932519135491544,34.49558569757331,32.08144838877139,186.40257844255288,2026-06-25 04:25:06.225681,0.6142749999999952,0.21000000000000002,5.89426665559991,32.72012550840145,-34.63892533333333,17.49377683333333
899.14,3.494553126750382,34.49609512546396,32.08375908903474,186.39096696839036,2026-06-25 04:25:06.350649,0.6120000000000001,0.21000000000000002,5.894278646461932,32.822979937164256,-34.63892533333333,17.49377683333333
899.198,3.494991345653351,34.496237772457214,32.08474633563249,186.13512687846676,2026-06-25 04:25:06.400636,0.6180000000000001,0.21000000000000002,5.89427464953682,32.8348812974999,-34.63892533333333,17.49377683333333
898.931,3.495369486955753,34.495951231059735,32.085725305252666,186.12549801190315,2026-06-25 04:25:06.450623,0.6120000000000001,0.21000000000000002,5.894282643358148,32.78009400078237,-34.63892533333333,17.49377683333333
899.4415,3.4960582335753707,34.49665595627763,32.08806899403304,185.8689554649145,2026-06-25 04:25:06.600584,0.6148660714285716,0.21000000000000002,5.894282464911478,32.8774756855375,-34.63892533333333,17.49377683333333
899.6406666666667,3.496338156407953,34.4970170163741,32.08933018333579,185.86326729903638,2026-06-25 04:25:06.733882,0.6167640449438206,0.21000000000000002,5.894289813745116,32.890904258460324,-34.63892533333333,17.49377683333333
900.025,3.496472671264024,34.49783499679832,32.0901726188327,185.8160269239774,2026-06-25 04:25:06.883843,0.6120000000000001,0.21000000000000002,5.894283477868907,32.916817471146544,-34.63892533333333,17.49377683333333
899.933,3.4964348541506776,34.49741363424118,32.09043089948702,185.6106438104909,2026-06-25 04:25:07.050466,0.6180000000000001,0.21000000000000002,5.894286640225467,32.910614481813155,-34.63892533333333,17.49377683333333
900.2585,3.496445506531721,34.497835879683585,32.09042496868041,185.60816693722595,2026-06-25 04:25:07.050466,0.6180000000000001,0.21000000000000002,5.894292635439763,32.92356805256338,-34.63892533333333,17.49377683333333
900.473,3.4965319128567227,34.49813856226112,32.09047464464764,185.610659881804,2026-06-25 04:25:07.175434,0.6150000000000028,0.21000000000000002,5.894290637049445,32.89825784401513,-34.63892533333333,17.49377683333333
900.71,3.4970487458623176,34.498429323947214,32.090619735180724,185.6144320296585,2026-06-25 04:25:07.300401,0.6150000000000001,0.21000000000000002,5.894284641791808,32.87029271848626,-34.63892533333333,17.49377683333333
901.017,3.497539613505424,34.4987635228797,32.09085944963154,185.48318384310053,2026-06-25 04:25:07.375382,0.6120000000000001,0.21000000000000002,5.894288638615786,32.844616058331326,-34.63892533333333,17.49377683333333
900.8695,3.4980571212315033,34.49859737589321,32.09114693599771,185.4813563627191,2026-06-25 04:25:07.450362,0.6120000000000001,0.21000000000000002,5.894286640225467,32.85365567244797,-34.63892533333333,17.49377683333333
901.2263333333334,3.499145397364362,34.49914659614205,32.0922386996617,185.3495863831937,2026-06-25 04:25:07.633648,0.6120000000000001,0.21000000000000002,5.894287935492497,32.83178695626297,-34.63892533333333,17.49377683333333
901.4929999999999,3.4993818559506926,34.49923300455664,32.0925267900557,185.33944038934666,2026-06-25 04:25:07.675304,0.6120000000000001,0.21000000000000002,5.894302627391354,32.81544415108034,-34.63892533333333,17.49377683333333
901.8215,3.4997462774730685,34.499523553143355,32.09330011498923,185.3400987695253,2026-06-25 04:25:07.825264,0.6120000000000001,0.21000000000000002,5.894302627391353,32.79531185794599,-34.63892533333333,17.49377683333333
902.0313333333334,3.5000850931610654,34.499808710044825,32.09407295169175,185.3426905877117,2026-06-25 04:25:07.983557,0.6120000000000001,0.21000000000000002,5.8942989637155,32.77931520876117,-34.63892533333333,17.49377683333333
902.2347500000001,3.500425419461687,34.50000876295849,32.09467733304959,185.17329736748044,2026-06-25 04:25:08.100193,0.6120000000000001,0.21000000000000002,5.894299994929893,32.74509535036806,-34.63892533333333,17.49377683333333
902.481,3.500875470474781,34.50025276304088,32.09536728508432,185.34246449275645,2026-06-25 04:25:08.250154,0.6120000000000001,0.21000000000000002,5.894298630654059,32.70366983559889,-34.63892533333333,17.49377683333333
902.7256666666667,3.5008795858838604,34.500404121322724,32.095597104181714,185.12674928392988,2026-06-25 04:25:08.350128,0.6120000000000001,0.21000000000000002,5.894310620822603,32.66251067777744,-34.63892533333333,17.49377683333333
902.847,3.5007070411582824,34.50054957662383,32.09573768222163,185.07794280483552,2026-06-25 04:25:08.450102,0.6120000000000001,0.21000000000000002,5.894314617487664,32.708335893876914,-34.63892533333333,17.49377683333333
903.056,3.5005385628823635,34.50075196297926,32.09600480291966,185.08727023865012,2026-06-25 04:25:08.600063,0.6120000000000001,0.21000000000000002,5.8943052135154845,32.79902625895537,-34.63892533333333,17.49377683333333
903.45675,3.5005984901571168,34.50087851199734,32.096301851787274,185.0844430496241,2026-06-25 04:25:08.700036,0.6151000000000022,0.21000000000000002,5.894312685766218,32.92614147788229,-34.63892533333333,17.49377683333333
903.674,3.500682178049826,34.50100444640318,32.09661242663014,185.09631413168594,2026-06-25 04:25:08.800010,0.6120000000000001,0.21000000000000002,5.894298630654059,32.850319331847174,-34.63892533333333,17.49377683333333
903.851,3.501094035293153,34.501176330279726,32.09725120951449,185.08879656249988,2026-06-25 04:25:08.949971,0.6120000000000001,0.21000000000000002,5.89430771413215,32.78854478709127,-34.63892533333333,17.49377683333333
904.0646666666667,3.501664519440517,34.50133676927445,32.09784756043299,185.09255038105843,2026-06-25 04:25:09.099932,0.6120000000000001,0.21000000000000002,5.894301374560883,32.71397325566277,-34.63892533333333,17.49377683333333
904.186,3.5019920261466257,34.50143807698098,32.09815270728109,184.8264630245485,2026-06-25 04:25:09.199906,0.6180000000000001,0.21000000000000002,5.894314617487664,32.671626863400704,-34.63892533333333,17.49377683333333
904.455,3.502229263339421,34.50153462197086,32.09833375181687,184.83047638870667,2026-06-25 04:25:09.299880,0.6180000000000001,0.21000000000000002,5.894310620822603,32.73301846829163,-34.63892533333333,17.49377683333333
904.634,3.5022801819486644,34.501565147677816,32.098373067724914,185.0248039299456,2026-06-25 04:25:09.333205,0.6134634146341452,0.21000000000000002,5.894310620822603,32.77387013102573,-34.63892533333333,17.49377683333333
904.8706666666667,3.5025617964223286,34.501715922245914,32.098618837793076,185.0785331013913,2026-06-25 04:25:09.499828,0.6120000000000001,0.21200000000000002,5.894314522328973,32.82788257151218,-34.63892533333333,17.49377683333333
905.096,3.502824995553616,34.50184384670161,32.09888750607423,184.8326025884053,2026-06-25 04:25:09.649789,0.6120000000000001,0.21200000000000002,5.894310620822603,32.87930850076405,-34.63892533333333,17.49377683333333
905.2439999999999,3.5028865488927297,34.50186382505781,32.098923850628466,184.83199083837107,2026-06-25 04:25:09.674782,0.6120000000000001,0.21200000000000002,5.89431261912624,32.91308529453301,-34.63892533333333,17.49377683333333
905.414,3.502926381354595,34.50188504402928,32.09897282346873,184.82863269069026,2026-06-25 04:25:09.699776,0.6120000000000001,0.21200000000000002,5.894318614123833,32.95188296305146,-34.63892533333333,17.49377683333333
905.6885000000001,3.503323088113154,34.50202459437092,32.09919420839918,184.83724364698992,2026-06-25 04:25:09.874730,0.6120000000000001,0.21200000000000002,5.894307570703034,32.90035292811934,-34.63892533333333,17.49377683333333
906.049,3.5036683920441507,34.50214041630863,32.099328228958655,184.83313822871705,2026-06-25 04:25:10.024691,0.6120000000000001,0.21200000000000002,5.894314617473218,32.832678692807804,-34.63892533333333,17.49377683333333
906.2686,3.5039891911974395,34.50228675261367,32.09969759681776,184.83143975763684,2026-06-25 04:25:10.219640,0.6120000000000001,0.21200000000000002,5.894317062479776,32.79162058804154,-34.63892533333333,17.49377683333333
906.713,3.5042476608950066,34.502420385715006,32.1001394974163,184.83858396809276,2026-06-25 04:25:10.399593,0.6120000000000001,0.21200000000000002,5.894310620822603,32.71045821969194,-34.63892533333333,17.49377683333333
906.7796666666667,3.504265882044733,34.502420410544964,32.10012308259593,184.82594938481728,2026-06-25 04:25:10.399593,0.6140000000000001,0.21133333333333335,5.894327939483025,32.698282646882205,-34.63892533333333,17.49377683333333
907.08225,3.5047722021722274,34.50258753808743,32.10074621463833,184.75329857056994,2026-06-25 04:25:10.624535,0.6120000000000001,0.21000000000000002,5.894315897660187,32.64302076579207,-34.63892533333333,17.49377683333333
907.24,3.505225712992701,34.50268131449138,32.1013299667697,184.82905154061547,2026-06-25 04:25:10.749502,0.6120000000000001,0.21000000000000002,5.894322610731108,32.70800018112701,-34.63892533333333,17.49377683333333
907.5129999999999,3.5059364191799602,34.50277646620087,32.10220433176039,184.7018997411216,2026-06-25 04:25:10.874470,0.6150000000000214,0.21000000000000002,5.894320612398578,32.84641057081967,-34.63892533333333,17.49377683333333
907.6175000000001,3.505921888659007,34.50277671595421,32.10219982854551,184.5737489562373,2026-06-25 04:25:10.874470,0.615000000000008,0.21000000000000002,5.892356612528288,32.89939183720394,-34.63892533333333,17.49377683333333
907.782,3.506690968594629,34.50287311243712,32.10308699485303,184.82961267087853,2026-06-25 04:25:10.999437,0.6120000000000001,0.21000000000000002,5.894318614123833,32.982792969454664,-34.63892533333333,17.49377683333333
908.0780000000001,3.5070849091128165,34.50296518788815,32.10355254648613,184.56068407439,2026-06-25 04:25:11.116073,0.612750000000015,0.21000000000000002,5.8943375977447525,32.868837823200394,-34.63892533333333,17.49377683333333
908.285,3.507140817721763,34.50305207576909,32.1037092749187,184.56577326280984,2026-06-25 04:25:11.224378,0.6120000000000001,0.21000000000000002,5.894332602119283,32.789146217542914,-34.63892533333333,17.49377683333333
908.4024999999999,3.5070739452034765,34.50311282144122,32.103736334729305,184.56544320256518,2026-06-25 04:25:11.299359,0.6180000000000001,0.21000000000000002,5.894334600379583,32.74391064428322,-34.63892533333333,17.49377683333333
908.6785,3.5068447611516818,34.50321586631324,32.103736237619295,184.57009550647024,2026-06-25 04:25:11.424326,0.6120000000000001,0.21000000000000002,5.894332602119283,32.63765517007315,-34.63892533333333,17.49377683333333
908.831,3.5068331743518213,34.50332093626982,32.10387937907417,184.5757790113696,2026-06-25 04:25:11.549294,0.6120000000000001,0.21000000000000002,5.890394625116425,32.57894517073607,-34.63892533333333,17.49377683333333
909.0139999999999,3.506863325843224,34.503321082146144,32.10389745099354,184.57712719615208,2026-06-25 04:25:11.549294,0.6120000000000001,0.21000000000000002,5.892360623304759,32.50849317153163,-34.63892533333333,17.49377683333333
909.2689999999999,3.507520267146191,34.503478521049345,32.10459666956654,184.57301561574062,2026-06-25 04:25:11.732579,0.6120000000000001,0.21000000000000002,5.894330603858983,32.49372193990854,-34.63892533333333,17.49377683333333
909.356,3.507741231477449,34.503514836922655,32.104866647555845,184.57418721633886,2026-06-25 04:25:11.774235,0.6120000000000001,0.21000000000000002,5.892362621593944,32.490714770145765,-34.63892533333333,17.49377683333333
909.6096666666667,3.508642036707986,34.50366846767199,32.106134507486466,184.56375040652313,2026-06-25 04:25:11.949190,0.6120000000000001,0.21000000000000002,5.891310464845591,32.49347721573747,-34.63892533333333,17.49377683333333
909.84,3.5090821621275756,34.503779495103885,32.106932028019514,184.56418592442913,2026-06-25 04:25:12.074157,0.6120000000000001,0.21000000000000002,5.8923726199727415,32.54008803091471,-34.63892533333333,17.49377683333333
910.063,3.5092799327884094,34.503891090689,32.10746310559167,184.56797929707787,2026-06-25 04:25:12.199124,0.6120000000000001,0.21000000000000002,5.894334600379583,32.58521485487067,-34.63892533333333,17.49377683333333
910.303,3.509301355905621,34.50400275882569,32.10799941056868,184.5621458279225,2026-06-25 04:25:12.324092,0.6120000000000001,0.21000000000000002,5.894344591551072,32.633781840294134,-34.63892533333333,17.49377683333333
910.6616,3.509286480617739,34.504158106732916,32.109070190580496,184.57037336758026,2026-06-25 04:25:12.499046,0.6120000000000001,0.21000000000000002,5.894337376879577,32.70634901101437,-34.63892533333333,17.49377683333333
911.0527500000001,3.5094097669970568,34.50435442465196,32.110378757636674,184.32143819603888,2026-06-25 04:25:12.723988,0.6120000000000001,0.21000000000000002,5.892552007761298,32.85016871699272,-34.63892533333333,17.49377683333333
911.48025,3.5099645654297333,34.50452295139192,32.1108227155444,184.3167188114057,2026-06-25 04:25:12.923935,0.6120000000000001,0.21000000000000002,5.891833434122148,32.8540812519022,-34.63892533333333,17.49377683333333
911.656,3.510348726938796,34.50462471101805,32.11078106004049,184.32038905994838,2026-06-25 04:25:13.048903,0.6120000000000001,0.21000000000000002,5.894334600379583,32.850626422324915,-34.63892533333333,17.49377683333333
912.011,3.5100084340933995,34.50477718815557,32.11047947749003,184.30279555688503,2026-06-25 04:25:13.248851,0.6120000000000001,0.21000000000000002,5.890649450910507,32.84364796144334,-34.63892533333333,17.49377683333333
912.2303333333333,3.5100870570057636,34.50477804859452,32.11048057973625,184.3168131455931,2026-06-25 04:25:13.248851,0.6120000000000001,0.21000000000000002,5.8943468214436905,32.83933638655125,-34.63892533333333,17.49377683333333
912.4694999999999,3.508813396483176,34.50493832851787,32.11007415866804,184.32747729872034,2026-06-25 04:25:13.473792,0.6120000000000001,0.21000000000000002,5.890410667975852,32.834634935206154,-34.63892533333333,17.49377683333333
912.71,3.5082010789633715,34.505003606099095,32.10974482091615,184.33662336731396,2026-06-25 04:25:13.573766,0.6120000000000001,0.21000000000000002,5.892370621741328,32.82990727367934,-34.63892533333333,17.49377683333333
912.864,3.5077497669709286,34.50505023715693,32.10945244367371,184.09291528404384,2026-06-25 04:25:13.648747,0.6120000000000001,0.21000000000000002,5.894326607309491,32.82687999769128,-34.63892533333333,17.49377683333333
913.027,3.507253499426931,34.50509442739702,32.109192054952494,184.08888846430034,2026-06-25 04:25:13.723727,0.6120000000000001,0.21000000000000002,5.892370649992226,32.82367580297664,-34.63892533333333,17.49377683333333
913.315,3.5067327330336484,34.505136594018154,32.10900824533283,184.08899453573903,2026-06-25 04:25:13.798707,0.6120000000000001,0.21000000000000002,5.890410667990348,32.81801440372624,-34.63892533333333,17.49377683333333
913.4585,3.505888844012681,34.50520073070682,32.108963683557064,184.1058641927355,2026-06-25 04:25:13.923675,0.6120000000000001,0.21000000000000002,5.89045810864453,32.81519353291918,-34.63892533333333,17.49377683333333
913.643,3.50518796046144,34.505259429732284,32.10905609340289,184.11048696527706,2026-06-25 04:25:14.048642,0.6120000000000001,0.21000000000000002,5.894326607309491,32.81156669902439,-34.63892533333333,17.49377683333333
914.0293333333334,3.504921589852048,34.505311936586146,32.10911148930459,184.11775576640386,2026-06-25 04:25:14.181941,0.6120000000000001,0.21000000000000002,5.894322610731108,32.803972298872516,-34.63892533333333,17.49377683333333
914.2146666666667,3.504872720517876,34.505347219569295,32.10911076040307,184.12042234809226,2026-06-25 04:25:14.281915,0.6120000000000001,0.21000000000000002,5.89302622739886,32.80032908361416,-34.63892533333333,17.49377683333333
914.3795,3.50494728479221,34.5053836636138,32.10907994861946,184.12188817631733,2026-06-25 04:25:14.398551,0.6120000000000001,0.21000000000000002,5.892354599983015,32.797088849899666,-34.63892533333333,17.49377683333333
914.6835,3.505063697001556,34.50541504151755,32.109146137962085,184.11776368344556,2026-06-25 04:25:14.523519,0.6120000000000001,0.21000000000000002,5.892362614487704,32.791112928468685,-34.63892533333333,17.49377683333333
914.976,3.5052267318106836,34.505453155653356,32.109336637534284,184.1253685360056,2026-06-25 04:25:14.623492,0.6120000000000001,0.21000000000000002,5.892354607118302,32.785363069854995,-34.63892533333333,17.49377683333333
914.862,3.505527707905047,34.505434694235134,32.10968214233561,184.1216092592802,2026-06-25 04:25:14.748460,0.6120000000000001,0.21000000000000002,5.890390614325458,32.787604040391614,-34.63892533333333,17.49377683333333
915.2293333333333,3.5055794435991907,34.5054560706751,32.10977052166535,184.12707566441597,2026-06-25 04:25:14.781785,0.6120000000000001,0.21000000000000002,5.890386944294121,32.780383135329174,-34.63892533333333,17.49377683333333
915.3934999999999,3.505494368561805,34.505468172390906,32.11005138614382,184.12601709974481,2026-06-25 04:25:14.948408,0.6120000000000001,0.21000000000000002,5.894322610731108,32.77715600670554,-34.63892533333333,17.49377683333333
915.636,3.505563073601964,34.505468172390906,32.110088193573134,184.12465926933058,2026-06-25 04:25:14.948408,0.6120000000000001,0.21000000000000002,5.894326607309491,32.77238902990615,-34.63892533333333,17.49377683333333
915.8373333333334,3.504208828845156,34.505468172390906,32.10963210704848,184.05679388937313,2026-06-25 04:25:15.098369,0.6120000000000001,0.21000000000000002,5.8943250253218205,32.76843129246721,-34.63892533333333,17.49377683333333
915.9784999999999,3.5009268031933614,34.505462678925056,32.1077772598793,184.02872902726668,2026-06-25 04:25:15.248330,0.6120000000000001,0.21000000000000002,5.890384598052022,32.76565628947816,-34.63892533333333,17.49377683333333
916.2574999999999,3.498109681241397,34.505456106268454,32.105830287392095,183.91655689689082,2026-06-25 04:25:15.323310,0.6120000000000001,0.21000000000000002,5.8943166158057485,32.76017180895433,-34.63892533333333,17.49377683333333
916.4693333333333,3.4901286691609883,34.50543742324233,32.09940872703965,183.9274008876217,2026-06-25 04:25:15.481602,0.6120000000000001,0.21000000000000002,5.893640597668399,32.75600766633438,-34.63892533333333,17.49377683333333
916.6845000000001,3.4895501474438295,34.50543612096702,32.09909405729662,183.969065811085,2026-06-25 04:25:15.498264,0.6120000000000001,0.21000000000000002,5.894302627275779,32.75177799826015,-34.63892533333333,17.49377683333333
917.0033333333334,3.4745116443871438,34.50539513992174,32.08541593607694,183.83283176568372,2026-06-25 04:25:15.714875,0.6120000000000001,0.21000000000000002,5.890307145087482,32.74551048855759,-34.63892533333333,17.49377683333333
916.891,3.472001736461005,34.50540099011096,32.08311316065961,183.84377904061307,2026-06-25 04:25:15.748199,0.6120000000000001,0.21000000000000002,5.8903063810168295,32.74771869636707,-34.63892533333333,17.49377683333333
917.275,3.4633921816981283,34.505375830228346,32.07501769103615,183.9036886236878,2026-06-25 04:25:15.848173,0.6120000000000001,0.21000000000000002,5.890282312008219,32.8404466053164,-34.63892533333333,17.49377683333333
917.4813333333333,3.454385324554224,34.50535546214909,32.06605093702737,183.8887437030834,2026-06-25 04:25:15.948147,0.6120000000000001,0.21000000000000002,5.891534326286662,32.91330646216728,-34.63892533333333,17.49377683333333
917.775,3.440627526121205,34.5053134841933,32.05140332785368,183.91613920794208,2026-06-25 04:25:16.114770,0.6120000000000001,0.21000000000000002,5.891492980929865,33.01700522450271,-34.63892533333333,17.49377683333333
917.715,3.437931683893606,34.50532053907654,32.04845156025515,184.09720526838942,2026-06-25 04:25:16.148095,0.6120000000000001,0.21000000000000002,5.894114748834303,32.99581819020037,-34.63892533333333,17.49377683333333
918.0573333333333,3.4295643965379328,34.50528243690925,32.03918992808884,184.1847935034519,2026-06-25 04:25:16.298056,0.6120000000000001,0.21000000000000002,5.891342921369424,32.99435460328058,-34.63892533333333,17.49377683333333
918.4083999999999,3.4234971951631104,34.505244440322215,32.03339702306671,184.50404711751042,2026-06-25 04:25:16.498004,0.6120000000000001,0.21000000000000002,5.893993986030183,32.96564899031069,-34.63892533333333,17.49377683333333
918.6523333333333,3.420246450847362,34.50521238189508,32.031422498078484,184.48001519979462,2026-06-25 04:25:16.697952,0.6120000000000001,0.21000000000000002,5.890066372059472,32.94909889527002,-34.63892533333333,17.49377683333333
919.046,3.418867615082478,34.50519468172972,32.03089715734366,184.54528006034516,2026-06-25 04:25:16.847913,0.6120000000000001,0.21000000000000002,5.893986794970603,32.9279269392153,-34.63892533333333,17.49377683333333
919.2183333333332,3.4183897405326995,34.50518652465968,32.03060475813798,184.5557558401946,2026-06-25 04:25:16.964549,0.6120000000000001,0.21000000000000002,5.89004441919297,32.918658606209135,-34.63892533333333,17.49377683333333
919.3955000000001,3.41816806810028,34.50518207401607,32.030438235815126,184.5663844759637,2026-06-25 04:25:17.022867,0.6120000000000001,0.21000000000000002,5.892000168636106,32.912498087746926,-34.63892533333333,17.49377683333333
919.642,3.417664319539879,34.50518207401607,32.03020795026542,184.55858542639507,2026-06-25 04:25:17.197821,0.6120000000000001,0.21000000000000002,5.89004959108439,32.93056747016355,-34.63892533333333,17.49377683333333
919.7703333333334,3.4173136783657263,34.50518207401607,32.0301843690282,184.56367064215755,2026-06-25 04:25:17.247808,0.6120000000000001,0.21000000000000002,5.892911247966243,32.93997478893353,-34.63892533333333,17.49377683333333
920.0015000000001,3.416337132314199,34.50518984031892,32.030083329407745,184.5735275291587,2026-06-25 04:25:17.372776,0.6120000000000001,0.21000000000000002,5.890041564469485,32.95692018001661,-34.63892533333333,17.49377683333333
920.251,3.4155650727926012,34.50519704600014,32.02999739560538,184.70660316361045,2026-06-25 04:25:17.447756,0.6120000000000001,0.21000000000000002,5.89200817400563,32.9752094737811,-34.63892533333333,17.49377683333333
920.3753333333333,3.4137344440718813,34.50521985848941,32.029622127335905,184.5955598578734,2026-06-25 04:25:17.597717,0.6120000000000001,0.21000000000000002,5.893965165422616,32.97699374298272,-34.63892533333333,17.49377683333333
920.621,3.41223985475391,34.505253113181595,32.02896898818237,184.7396869383341,2026-06-25 04:25:17.747678,0.6120000000000001,0.21000000000000002,5.890021497460601,32.96359455065387,-34.63892533333333,17.49377683333333
920.8176666666667,3.4112192190539528,34.5052986808823,32.0281319044449,184.88310857000207,2026-06-25 04:25:17.897639,0.6120000000000001,0.21000000000000002,5.893173434669663,32.95286792450188,-34.63892533333333,17.49377683333333
921.0323333333332,3.4109466939331843,34.505308722728,32.02792899017331,184.88202343510994,2026-06-25 04:25:17.930964,0.6120000000000001,0.21000000000000002,5.890580207670801,32.94115953934616,-34.63892533333333,17.49377683333333
921.168,3.4090538275169875,34.505391696533245,32.02623672968375,184.88598065311066,2026-06-25 04:25:18.147574,0.6120000000000001,0.21000000000000002,5.893954801878106,32.90270670969745,-34.63892533333333,17.49377683333333
921.4023333333333,3.40860097943,34.50540756711682,32.025859957920005,184.8923043300848,2026-06-25 04:25:18.180899,0.6131851851851873,0.21000000000000002,5.893951641929396,32.830764543226636,-34.63892533333333,17.49377683333333
921.7715000000001,3.4066962896914967,34.50551639946,32.024233923370545,184.9119884774136,2026-06-25 04:25:18.322528,0.6150000000000311,0.21100000000001035,5.8919741307796505,32.76985918480903,-34.63892533333333,17.49377683333333
921.66,3.4056142898796935,34.505476140553185,32.023241789521386,184.9205716993945,2026-06-25 04:25:18.397509,0.6180000000000001,0.21200000000000002,5.890001429740631,32.75165886089102,-34.63892533333333,17.49377683333333
922.0636666666666,3.4041138658991095,34.5055745224251,32.02175536974715,184.68206378533745,2026-06-25 04:25:18.497483,0.6135421686747075,0.21000000000000002,5.892914779376747,32.817550018632986,-34.63892533333333,17.49377683333333
922.375,3.402571612220317,34.50570309034727,32.020200680863816,184.94592902310194,2026-06-25 04:25:18.597457,0.6180000000000001,0.21200000000000002,5.889993402443663,32.86836945821269,-34.63892533333333,17.49377683333333
922.3095000000001,3.4010973796060706,34.50563626561325,32.01885377637568,184.83055135979387,2026-06-25 04:25:18.697431,0.6149999999999934,0.21100000000000224,5.893918807422113,32.85767778810841,-34.63892533333333,17.49377683333333
922.698,3.400080868042939,34.50575610203611,32.01814663527335,184.97490022757032,2026-06-25 04:25:18.772411,0.6150000000000001,0.21100000000000002,5.8899733335626525,32.92109326651324,-34.63892533333333,17.49377683333333
922.846,3.398777748652015,34.50582936842726,32.01745769825141,184.9819160351747,2026-06-25 04:25:18.872385,0.6180000000000001,0.21000000000000002,5.891940071231028,32.92044948933183,-34.63892533333333,17.49377683333333
923.029,3.3975114372663375,34.505906393374346,32.01704762164415,184.8689222456296,2026-06-25 04:25:18.972359,0.6120000000000001,0.20900000000000002,5.891930043662735,32.902036021871126,-34.63892533333333,17.49377683333333
923.359,3.3972064086919893,34.50602774667139,32.01696820666771,184.99598250536712,2026-06-25 04:25:18.997352,0.6120000000000001,0.20800000000000002,5.889969319856118,32.86883140841741,-34.63892533333333,17.49377683333333
923.2045,3.395550122194504,34.505925223593145,32.016528044514345,185.00992924527847,2026-06-25 04:25:19.122320,0.6120000000000001,0.20800000000000002,5.893892809990381,32.884377204716195,-34.63892533333333,17.49377683333333
923.6437500000001,3.393145281410487,34.50615772830988,32.01535401176626,184.77323484081887,2026-06-25 04:25:19.272281,0.6120000000000001,0.20800000000000002,5.8899532642171994,32.84017985180848,-34.63892533333333,17.49377683333333
923.855,3.3909005393582543,34.5062704009597,32.0139033368041,184.78799406363734,2026-06-25 04:25:19.397248,0.6120000000000001,0.20800000000000002,5.889949250234897,32.86878618589876,-34.63892533333333,17.49377683333333
924.0279999999999,3.3892185525002936,34.50636416407284,32.01255005343106,184.80320816512267,2026-06-25 04:25:19.497222,0.6120000000000001,0.20800000000000002,5.889940869924154,32.905292549861784,-34.63892533333333,17.49377683333333
924.2760000000001,3.3874596547252604,34.50648443021889,32.01097407726966,184.82335161405786,2026-06-25 04:25:19.622189,0.6120000000000001,0.20800000000000002,5.889927172780662,32.95762537219034,-34.63892533333333,17.49377683333333
924.4455,3.386490555655185,34.506583251863255,32.009984384204515,184.83352801262507,2026-06-25 04:25:19.722163,0.6120000000000001,0.20800000000000002,5.89385481147551,32.97601705991685,-34.63892533333333,17.49377683333333
924.677,3.386014619689043,34.50665863381639,32.0094633472271,184.84653940982506,2026-06-25 04:25:19.797144,0.6120000000000001,0.20800000000000002,5.889909108815194,32.927938686861765,-34.63892533333333,17.49377683333333
924.9975,3.3856710335252727,34.5068133244413,32.00915218058117,184.84747945721512,2026-06-25 04:25:19.922111,0.6120000000000001,0.20800000000000002,5.889913123087807,32.86137661963,-34.63892533333333,17.49377683333333
924.858,3.3857592882126477,34.50678668815911,32.009307944515896,184.84446872497017,2026-06-25 04:25:19.947105,0.6120000000000001,0.21000000000000002,5.891881974428077,32.89034825263728,-34.63892533333333,17.49377683333333
925.1999999999999,3.3857643250037057,34.506952565751476,32.0094915923766,184.8487956426253,2026-06-25 04:25:20.080403,0.6125357142857257,0.2081785714285752,5.8902639881225705,32.81932102332912,-34.63892533333333,17.49377683333333
925.462,3.3859717973825387,34.5070765103287,32.00990774496557,184.84350937937648,2026-06-25 04:25:20.197040,0.6180000000000001,0.21000000000000002,5.893854811533369,32.76490835058425,-34.63892533333333,17.49377683333333
925.8131999999999,3.386410979585546,34.507238568859115,32.01042352659867,184.85249643390733,2026-06-25 04:25:20.347001,0.6180000000000001,0.21000000000000002,5.890875635843903,32.84496683151284,-34.63892533333333,17.49377683333333
926.0485,3.386887469453393,34.50742960465088,32.01094424166546,184.84670237359492,2026-06-25 04:25:20.521955,0.6180000000000001,0.21000000000000002,5.891883981535353,32.89860510190722,-34.63892533333333,17.49377683333333
926.402,3.387002175555512,34.50756744016373,32.01116909777481,184.85039107049582,2026-06-25 04:25:20.646922,0.6150000000000032,0.21000000000000002,5.889915130209596,32.97918788382142,-34.63892533333333,17.49377683333333
926.61,3.3868260028950936,34.507678283215306,32.0112581670303,184.84597188598866,2026-06-25 04:25:20.746896,0.6180000000000001,0.21000000000000002,5.893341870620449,33.018933648974674,-34.63892533333333,17.49377683333333
926.8269999999999,3.3863556199942764,34.50782647669919,32.011330754671995,184.85767723261222,2026-06-25 04:25:20.880195,0.6180000000000001,0.21000000000000002,5.893726145500373,33.05752296163477,-34.63892533333333,17.49377683333333
927.1946666666666,3.385531265105914,34.50806826940326,32.011368517167654,184.86239226404285,2026-06-25 04:25:21.080143,0.6173090909090875,0.21000000000000002,5.889915750582665,33.110166257195154,-34.63892533333333,17.49377683333333
927.104,3.3853910550613624,34.508049685036205,32.01137669424888,184.86127005508925,2026-06-25 04:25:21.096805,0.6180000000000001,0.21000000000000002,5.889917137331386,33.10678213032997,-34.63892533333333,17.49377683333333
927.66725,3.3853277787293936,34.50826411306277,32.01134206016781,184.87200988549404,2026-06-25 04:25:21.271760,0.6120000000000001,0.21000000000000002,5.889908973704475,33.12780539639779,-34.63892533333333,17.49377683333333
927.79,3.3853632096785877,34.508348079855104,32.01132290840219,184.61742725169515,2026-06-25 04:25:21.346740,0.6120000000000001,0.21000000000000002,5.893842811477081,33.13238703139082,-34.63892533333333,17.49377683333333
928.021,3.385367428028978,34.50851618460986,32.011138145053806,184.87125906952843,2026-06-25 04:25:21.496701,0.6120000000000001,0.21000000000000002,5.88991312307329,33.14100908991131,-34.63892533333333,17.49377683333333
928.2739999999999,3.3852058089609276,34.50862834261293,32.0109481577512,184.6194585755626,2026-06-25 04:25:21.596675,0.6120000000000001,0.21000000000000002,5.889912103067716,33.10680577165213,-34.63892533333333,17.49377683333333
928.439,3.3851245781833614,34.50868441476368,32.01083964494945,184.623346180672,2026-06-25 04:25:21.646662,0.6120000000000001,0.21000000000000002,5.889909108815194,33.03382508092837,-34.63892533333333,17.49377683333333
928.622,3.3847575597410966,34.50885285879939,32.01069567606816,184.88551141203905,2026-06-25 04:25:21.796623,0.6120000000000001,0.21000000000000002,5.890788105058181,32.95288286030752,-34.63892533333333,17.49377683333333
928.876,3.384589016640591,34.50904975108837,32.010866864463054,184.88710478319624,2026-06-25 04:25:21.971577,0.6120000000000001,0.21000000000000002,5.889905094513548,32.86497534840226,-34.63892533333333,17.49377683333333
929.064,3.3846110313154494,34.50913445474689,32.01098374979245,184.88606197768303,2026-06-25 04:25:22.046558,0.6120000000000001,0.21000000000000002,5.892981435891307,32.87190868904164,-34.63892533333333,17.49377683333333
929.2705000000001,3.38459372606608,34.5092191090649,32.01108504997866,184.63332792191235,2026-06-25 04:25:22.121538,0.6120000000000001,0.21000000000000002,5.889907101664371,32.87952429990351,-34.63892533333333,17.49377683333333
929.4366666666666,3.384459453972465,34.50941742070057,32.01124108698206,184.8650835259298,2026-06-25 04:25:22.296492,0.6120000000000001,0.21000000000000002,5.89352442650762,32.88565243874877,-34.63892533333333,17.49377683333333
929.635,3.384222513614158,34.50953128118457,32.01129228958335,184.63606034485187,2026-06-25 04:25:22.396466,0.6120000000000001,0.21000000000000002,5.889909108815194,32.89296686726017,-34.63892533333333,17.49377683333333
929.8787500000001,3.383991208821796,34.50970331926037,32.01137412325268,184.7391923835261,2026-06-25 04:25:22.546427,0.6120000000000001,0.21000000000000002,5.889898878709697,32.85823405159444,-34.63892533333333,17.49377683333333
930.0303333333335,3.3840002066064656,34.509837695518236,32.011447203259195,184.89617173819244,2026-06-25 04:25:22.663064,0.6120000000000001,0.21000000000000002,5.889907724563235,32.83663439631376,-34.63892533333333,17.49377683333333
930.259,3.384380819550239,34.50999242338176,32.011613600730115,184.64586480715272,2026-06-25 04:25:22.796362,0.6120000000000001,0.21000000000000002,5.88990108018287,32.80405085915593,-34.63892533333333,17.49377683333333
930.452,3.3846008262819582,34.510109461173535,32.01178355331745,184.7693756889925,2026-06-25 04:25:22.896336,0.6120000000000001,0.21000000000000002,5.889907101635338,32.77654959382882,-34.63892533333333,17.49377683333333
930.593,3.384633941039205,34.510109566359205,32.01179282905182,184.8995079646966,2026-06-25 04:25:22.896336,0.6120000000000001,0.21000000000000002,5.893838811400459,32.75645799584373,-34.63892533333333,17.49377683333333
930.82675,3.384253114553544,34.51031648964109,32.01184214941534,184.64641224688353,2026-06-25 04:25:23.071290,0.6120000000000001,0.21000000000000002,5.889906697116549,32.87729756326125,-34.63892533333333,17.49377683333333
931.1015,3.3821580886584393,34.51055639212747,32.011150803666865,184.654494075433,2026-06-25 04:25:23.271238,0.6150000000000001,0.20800000000000002,5.8918779672824435,33.01933252004401,-34.63892533333333,17.49377683333333
931.2690000000001,3.381413412400198,34.510607269288535,32.01076626741249,184.66526585775682,2026-06-25 04:25:23.312894,0.6120000000000001,0.21000000000000002,5.892810529945504,33.02283347540861,-34.63892533333333,17.49377683333333
931.498,3.3791971821811253,34.51076983032991,32.009595502349754,184.68443664946884,2026-06-25 04:25:23.446193,0.6120000000000001,0.20800000000000002,5.889893051434413,33.02376314674447,-34.63892533333333,17.49377683333333
931.614,3.377444888075683,34.510893449736905,32.00824971937672,184.70027618234195,2026-06-25 04:25:23.546167,0.6120000000000001,0.20964285714285727,5.889883588823261,33.02423407196263,-34.63892533333333,17.49377683333333
931.8140000000001,3.3753222516502257,34.51104942409856,32.00628734121173,184.71325452012644,2026-06-25 04:25:23.671134,0.6120000000000001,0.21000000000000002,5.8898810080794535,33.02504601199395,-34.63892533333333,17.49377683333333
932.0029999999999,3.3737152182779244,34.51117557847214,32.00462278407258,184.727949050407,2026-06-25 04:25:23.771108,0.6120000000000001,0.2089999999999973,5.889872979040651,33.02192101829565,-34.63892533333333,17.49377683333333
932.226,3.3717921435270486,34.51133500401011,32.00267059094949,184.74431015870684,2026-06-25 04:25:23.896075,0.6120000000000001,0.21000000000000002,5.8898649499002245,32.981494056324706,-34.63892533333333,17.49377683333333
932.37,3.3702484082474555,34.511463728880386,32.00123274815869,184.76137537252677,2026-06-25 04:25:23.996049,0.6120000000000001,0.21000000000000002,5.889852905950034,32.95538875352733,-34.63892533333333,17.49377683333333
932.704,3.3685776863698216,34.51159372026297,31.99981245557351,184.51338517612658,2026-06-25 04:25:24.096023,0.6120000000000001,0.21000000000000002,5.889856920629135,32.89483895398344,-34.63892533333333,17.49377683333333
932.7696666666667,3.3679015867171542,34.51163752613618,31.99928322506895,184.689996320413,2026-06-25 04:25:24.129348,0.6160000000000001,0.20933333333333334,5.889852905920997,32.882934452476285,-34.63892533333333,17.49377683333333
933.029,3.3637259256386995,34.51189034531225,31.996098655077745,184.5481609715451,2026-06-25 04:25:24.320965,0.6120000000000001,0.21600000000000003,5.889842869092579,32.8766646224015,-34.63892533333333,17.49377683333333
933.215,3.3627191582224554,34.51194620197086,31.995355117360145,184.55617225306415,2026-06-25 04:25:24.362621,0.6120000000000001,0.21433734939759028,5.889840184519992,32.87505698014094,-34.63892533333333,17.49377683333333
933.6335,3.3577710135870555,34.51229381558646,31.991524855695364,184.61005637135273,2026-06-25 04:25:24.620887,0.6120000000000001,0.21600000000000003,5.88980224742245,32.8714397850547,-34.63892533333333,17.49377683333333
933.7955,3.3575883085068083,34.512294222662874,31.99134789308291,184.61335047532546,2026-06-25 04:25:24.620887,0.6120000000000001,0.21600000000000003,5.8898007124647185,32.870039580505185,-34.63892533333333,17.49377683333333
934.0985000000001,3.355257372570446,34.51256699168201,31.98971063333847,184.6275259157215,2026-06-25 04:25:24.820834,0.6120000000000001,0.21600000000000003,5.889798704907373,32.86742067940332,-34.63892533333333,17.49377683333333
934.303,3.354013453958545,34.512739006677194,31.989214617388573,184.6361093544128,2026-06-25 04:25:24.945802,0.6120000000000001,0.21600000000000003,5.8897966973935905,32.8656531372405,-34.63892533333333,17.49377683333333
934.4376666666667,3.3535754263394963,34.5128081709528,31.989083899169916,184.6448761896211,2026-06-25 04:25:24.995789,0.6120000000000001,0.21600000000000003,5.8897890168023395,32.864489181195225,-34.63892533333333,17.49377683333333
934.715,3.353088125076259,34.512877167905884,31.988925645038194,184.64648624288856,2026-06-25 04:25:25.045776,0.6120000000000001,0.21600000000000003,5.8897926822789,32.862092123200995,-34.63892533333333,17.49377683333333
934.8100000000001,3.352027645161907,34.51310813760801,31.98866087444601,184.66166868391406,2026-06-25 04:25:25.212399,0.6120000000000001,0.21600000000000003,5.889779524106241,32.8612710155948,-34.63892533333333,17.49377683333333
935.084,3.3518373339098755,34.5131543659537,31.98862001511555,184.66385663463706,2026-06-25 04:25:25.245724,0.6120000000000001,0.21600000000000003,5.889780636760576,32.85890276839377,-34.63892533333333,17.49377683333333
935.281,3.35157470317361,34.51336246455284,31.988700223682468,184.67520427869792,2026-06-25 04:25:25.395685,0.6120000000000001,0.21047999999998912,5.889768912203982,32.85720005051566,-34.63892533333333,17.49377683333333
935.479,3.3514922169540267,34.513501042016784,31.988779532756826,184.41926502064814,2026-06-25 04:25:25.495658,0.6120000000000001,0.21000000000000002,5.889772606269813,32.855488689399586,-34.63892533333333,17.49377683333333
935.6639999999999,3.3512865473203433,34.51370803596169,31.988752302335488,184.41978718853392,2026-06-25 04:25:25.645619,0.6120000000000001,0.21000000000000002,5.889774796395736,32.85388969037699,-34.63892533333333,17.49377683333333
935.7595,3.3512909187492927,34.5137081547031,31.988769899118708,184.41766018670072,2026-06-25 04:25:25.645619,0.6120000000000001,0.21000000000000002,5.889778629145146,32.853064261151815,-34.63892533333333,17.49377683333333
936.19,3.3509493854149968,34.51402757146294,31.988496844113754,184.42983316083243,2026-06-25 04:25:25.845567,0.6120000000000001,0.21000000000000002,5.889768590980866,32.84934334721005,-34.63892533333333,17.49377683333333
936.1236666666667,3.3508705505183127,34.513982378684624,31.988414787791623,184.68166602578512,2026-06-25 04:25:25.878892,0.6120000000000001,0.21000000000000002,5.889772606269813,32.84991668199473,-34.63892533333333,17.49377683333333
936.534,3.3504099733717414,34.51425291491735,31.9880381238746,184.43175743831026,2026-06-25 04:25:26.045515,0.6120000000000001,0.21000000000000002,5.889772606269813,32.84637007335182,-34.63892533333333,17.49377683333333
936.6705,3.3500733748469913,34.514319164373575,31.987937562709607,184.43731962092406,2026-06-25 04:25:26.095502,0.6120000000000001,0.21000000000000002,5.889768590980866,32.845190271370285,-34.63892533333333,17.49377683333333
936.8913333333334,3.349754105254272,34.51440824147548,31.98779180686574,184.43742213937293,2026-06-25 04:25:26.162151,0.6120000000000001,0.21000000000000002,5.8924196822844745,32.8432815563208,-34.63892533333333,17.49377683333333
937.2566666666667,3.348243090792502,34.51464886279053,31.9872663724114,184.443930797678,2026-06-25 04:25:26.345437,0.6120000000000001,0.21000000000000002,5.892914532958858,32.840123893386085,-34.63892533333333,17.49377683333333
937.4045000000001,3.3470539124905647,34.51480964072989,31.986720341440098,184.463850480535,2026-06-25 04:25:26.470404,0.6120000000000001,0.21000000000000002,5.889758552627802,32.83884613470767,-34.63892533333333,17.49377683333333
937.658,3.3456741308978457,34.515008115961194,31.98583999486358,184.46800754729261,2026-06-25 04:25:26.628696,0.6120000000000001,0.21000000000000002,5.893697943538385,32.83665507388482,-34.63892533333333,17.49377683333333
937.8505,3.3453081668496254,34.51506037853492,31.985588620559454,184.47957292510736,2026-06-25 04:25:26.670352,0.6120000000000001,0.21000000000000002,5.88975252953464,32.83499125057753,-34.63892533333333,17.49377683333333
938.227,3.3441074206388968,34.51527244756911,31.984693800486724,184.4883373633842,2026-06-25 04:25:26.845307,0.6120000000000001,0.21000000000000002,5.8897517994557,32.8317370714856,-34.63892533333333,17.49377683333333
938.4069999999999,3.3431512506498278,34.5154483169958,31.984076137314702,184.5024084225821,2026-06-25 04:25:26.995268,0.6120000000000001,0.21000000000000002,5.889740483130474,32.83018128865281,-34.63892533333333,17.49377683333333
938.658,3.343166084761557,34.515448641689,31.98407652183963,184.49833606047238,2026-06-25 04:25:26.995268,0.6120000000000001,0.21000000000000002,5.889748514100471,32.828011835924855,-34.63892533333333,17.49377683333333
938.79,3.3417343295918176,34.51564612959873,31.983354348503124,184.51167399309193,2026-06-25 04:25:27.170222,0.6120000000000001,0.21000000000000002,5.889740483144997,32.82687092851414,-34.63892533333333,17.49377683333333
939.068,3.3404922730762876,34.515782787731105,31.98281282712709,184.51937512514777,2026-06-25 04:25:27.295189,0.6120000000000001,0.21000000000000002,5.889740483144997,32.8636643671575,-34.63892533333333,17.49377683333333
939.2975,3.3395202058024296,34.515888205853834,31.982340215496254,184.5300301881751,2026-06-25 04:25:27.395163,0.6120000000000001,0.21000000000000002,5.8897344598485155,32.894391803659275,-34.63892533333333,17.49377683333333
939.589,3.3394919692357656,34.516041527203406,31.982347612010056,184.53383635177903,2026-06-25 04:25:27.395163,0.6120000000000001,0.21000000000000002,5.893666780733604,32.90332502069237,-34.63892533333333,17.49377683333333
939.4859999999999,3.3384759620381335,34.51588856950347,31.98156853159175,184.28524808471693,2026-06-25 04:25:27.545124,0.6120000000000001,0.21000000000000002,5.889729462697565,32.907768712945725,-34.63892533333333,17.49377683333333
939.8076666666666,3.3379794089785353,34.51620358497782,31.980913252907442,184.29650136442507,2026-06-25 04:25:27.711748,0.6120000000000001,0.21000000000000002,5.889720405248003,32.8938911627047,-34.63892533333333,17.49377683333333
940.0285,3.3377746844374796,34.51628187000183,31.980765474609235,184.4250133997717,2026-06-25 04:25:27.795059,0.6120000000000001,0.21000000000000002,5.889722413066749,32.88436382899,-34.63892533333333,17.49377683333333
940.2933333333334,3.337255989578931,34.51641729552466,31.980885372481904,184.3013749234256,2026-06-25 04:25:27.945020,0.6120000000000001,0.21000000000000002,5.889723145084,32.8729382189729,-34.63892533333333,17.49377683333333
940.581,3.3368273799566204,34.51654616688561,31.98110522158826,184.31055174196356,2026-06-25 04:25:28.044994,0.6120000000000001,0.21000000000000002,5.889716389581461,32.931523200139615,-34.63892533333333,17.49377683333333
940.46,3.336609782741488,34.51650402665585,31.981214362794937,184.30759347929563,2026-06-25 04:25:28.094981,0.6120000000000001,0.21000000000000002,5.889720405248003,32.901536585110314,-34.63892533333333,17.49377683333333
940.788,3.3362248324285706,34.51662803786419,31.981337281163544,184.49219918606087,2026-06-25 04:25:28.194955,0.6120000000000001,0.21000000000000002,5.889715153982819,32.98282261593356,-34.63892533333333,17.49377683333333
941.184,3.3358668738676966,34.516770946772915,31.98126488513334,184.31647471124893,2026-06-25 04:25:28.344916,0.6120000000000001,0.21000000000000002,5.889720405248003,33.080960628756735,-34.63892533333333,17.49377683333333
941.02,3.335897651212216,34.51674612665082,31.981196301741647,184.3214268616243,2026-06-25 04:25:28.378240,0.6120000000000001,0.21000000000000002,5.889711901447681,33.04031761334512,-34.63892533333333,17.49377683333333
941.394,3.33607176682667,34.516893465476315,31.980889460763397,184.3246339936797,2026-06-25 04:25:28.544864,0.6120000000000001,0.21000000000000002,5.889710365994507,33.09157969992775,-34.63892533333333,17.49377683333333
941.6375,3.336279896715315,34.51697169374991,31.98079437443598,184.32405673608238,2026-06-25 04:25:28.657334,0.6120000000000001,0.21000000000000002,5.889712373885874,33.10389276578557,-34.63892533333333,17.49377683333333
941.9996666666666,3.3365481440069615,34.51709651331018,31.980949490992113,184.3226012507421,2026-06-25 04:25:28.844786,0.6120000000000001,0.21000000000000002,5.889716389581461,33.12220644963842,-34.63892533333333,17.49377683333333
942.2855000000001,3.3365134965056944,34.517205713762706,31.98125629534337,184.32900855520165,2026-06-25 04:25:29.019740,0.6120000000000001,0.21000000000000002,5.889710964110203,33.004016387990816,-34.63892533333333,17.49377683333333
942.4,3.3363521862100876,34.51729512321451,31.981432305179084,184.32798499423893,2026-06-25 04:25:29.169701,0.6120000000000001,0.21000000000000002,5.8897143817336675,32.95082489341777,-34.63892533333333,17.49377683333333
942.5989999999999,3.3363154099460015,34.51735255707362,31.981532718131113,184.33270557416753,2026-06-25 04:25:29.269675,0.6120000000000001,0.21000000000000002,5.8897103660235555,32.85837854040429,-34.63892533333333,17.49377683333333
942.897,3.3363445333456334,34.517394739523155,31.981635686004378,184.3334238747667,2026-06-25 04:25:29.344655,0.6120000000000001,0.21000000000000002,5.889712373885874,32.869934651164186,-34.63892533333333,17.49377683333333
943.0815,3.336663957791786,34.5174902830439,31.981921010172606,184.33346011981703,2026-06-25 04:25:29.519610,0.6120000000000001,0.21000000000000002,5.889712230467136,32.88559347988436,-34.63892533333333,17.49377683333333
943.232,3.33675153135631,34.51752088725265,31.981865045225618,184.3341010157349,2026-06-25 04:25:29.577928,0.6120000000000001,0.21000000000000002,5.889712420043294,32.89836667079161,-34.63892533333333,17.49377683333333
943.6712,3.336909417772469,34.51766643436186,31.981654716679913,184.33450761379126,2026-06-25 04:25:29.854522,0.6120000000000001,0.21000000000000002,5.889715415853122,32.93564232159867,-34.63892533333333,17.49377683333333
943.8489999999999,3.336802346441327,34.51773877933084,31.98152880164013,184.33711620138018,2026-06-25 04:25:29.994486,0.6120000000000001,0.21000000000000002,5.8897143817336675,32.946674087311855,-34.63892533333333,17.49377683333333
944.2316666666667,3.336167864240983,34.51784236791547,31.981530002565705,184.3447751753755,2026-06-25 04:25:30.194434,0.6120000000000001,0.21000000000000002,5.889711953609613,32.96729652017553,-34.63892533333333,17.49377683333333
944.415,3.3355573444665336,34.51790333609512,31.981487996603985,184.343552079296,2026-06-25 04:25:30.311070,0.6120000000000001,0.21000000000000002,5.88971912967411,32.97229762112114,-34.63892533333333,17.49377683333333
944.6479999999999,3.3355160001560398,34.51790756221467,31.981494408921677,184.34616907181055,2026-06-25 04:25:30.319401,0.6120000000000001,0.21000000000000002,5.889718397385685,32.967887096811,-34.63892533333333,17.49377683333333
944.8486666666666,3.3341507185414954,34.51802760588979,31.981231447362223,184.36120752700194,2026-06-25 04:25:30.544343,0.6120000000000001,0.21000000000000002,5.8897085579485315,32.96408861950812,-34.63892533333333,17.49377683333333
945.0315,3.3336685008052234,34.51809638058657,31.98108802040541,184.37398245331232,2026-06-25 04:25:30.669310,0.6120000000000001,0.21100000000000105,5.889696310798511,32.958330704407324,-34.63892533333333,17.49377683333333
945.2215,3.3334272668728095,34.51815279265517,31.981124808006562,184.36598061529142,2026-06-25 04:25:30.769284,0.6120000000000001,0.21000000000000002,5.8897103660235555,32.946870501283016,-34.63892533333333,17.49377683333333
945.464,3.3334133808789503,34.518225201708766,31.981454078836634,184.37244017372245,2026-06-25 04:25:30.894251,0.6120000000000001,0.21000000000000002,5.889704342407552,32.93224366308488,-34.63892533333333,17.49377683333333
945.636,3.333444700685651,34.51822539569267,31.981466103941983,184.3767072178117,2026-06-25 04:25:30.894251,0.6120000000000001,0.21000000000000002,5.889700326610294,32.92186916341446,-34.63892533333333,17.49377683333333
945.814,3.3338628474241525,34.518315512000974,31.982030199048072,184.3766846975359,2026-06-25 04:25:31.044212,0.6120000000000001,0.21000000000000002,5.8896996058380875,32.911132762592736,-34.63892533333333,17.49377683333333
946.1796666666668,3.334286517137418,34.51840962772184,31.982449375086876,184.3721829915341,2026-06-25 04:25:31.194173,0.6120000000000001,0.21000000000000002,5.889706828344775,32.78047535228816,-34.63892533333333,17.49377683333333
946.436,3.3343749339670326,34.51850807555425,31.982617470011903,184.36956728117343,2026-06-25 04:25:31.344134,0.6120000000000001,0.21000000000000002,5.889712373885874,32.672732817466255,-34.63892533333333,17.49377683333333
946.745,3.3344329668211685,34.51863502591142,31.982574907742627,184.38069687260446,2026-06-25 04:25:31.494095,0.6180000000000001,0.21000000000000002,5.889700326624818,32.61103747944696,-34.63892533333333,17.49377683333333
946.6583333333333,3.334462598997247,34.5186110143072,31.982506138456845,184.37948422897648,2026-06-25 04:25:31.527420,0.6120000000000001,0.21000000000000002,5.88970086898628,32.57928123004595,-34.63892533333333,17.49377683333333
947.0325,3.334436920995943,34.518775132232086,31.98210900470569,184.37679512481617,2026-06-25 04:25:31.719036,0.6120000000000001,0.21100000000000002,5.889708358161236,32.76629271839319,-34.63892533333333,17.49377683333333
947.2394999999999,3.3344849053237207,34.518775718812364,31.982099015466474,184.38126948410448,2026-06-25 04:25:31.719036,0.6120000000000001,0.21000000000000002,5.889704342407552,32.878076490434395,-34.63892533333333,17.49377683333333
947.448,3.333867092630934,34.51892460245157,31.981749733731903,184.3805353139225,2026-06-25 04:25:31.910653,0.6120000000000001,0.21000000000000002,5.889711035306154,32.99067028980934,-34.63892533333333,17.49377683333333
947.6676666666667,3.333233608277878,34.51901967519614,31.981610042907402,184.32679676553832,2026-06-25 04:25:32.027289,0.6120000000000001,0.21000000000000002,5.889704342407552,33.01090714022781,-34.63892533333333,17.49377683333333
947.9915000000001,3.3322305414866507,34.51916076256451,31.98160248205653,184.27127138665816,2026-06-25 04:25:32.193913,0.6120000000000001,0.21000000000000002,5.889702334516185,32.94919116354341,-34.63892533333333,17.49377683333333
948.2,3.332214269580269,34.51916106651647,31.981584501380162,184.1472292485356,2026-06-25 04:25:32.193913,0.6120000000000001,0.21000000000000002,5.889700326624818,32.90945534942496,-34.63892533333333,17.49377683333333
948.4103333333334,3.331502279785996,34.51930953503621,31.981971004599018,184.17036413240072,2026-06-25 04:25:32.360536,0.6120000000000001,0.2100972222222231,5.889692294972203,32.86937013965878,-34.63892533333333,17.49377683333333
948.6525,3.3312636535949993,34.51938602013536,31.98224001456021,184.1594186237852,2026-06-25 04:25:32.443847,0.6120000000000001,0.21000000000000002,5.889694302863569,32.84762286234971,-34.63892533333333,17.49377683333333
948.9925000000001,3.331058962838717,34.519593062994765,31.982550150823442,184.29316479242044,2026-06-25 04:25:32.618802,0.6120000000000001,0.21000000000000002,5.889690287037261,32.825052832928506,-34.63892533333333,17.49377683333333
948.89,3.331044033576056,34.519552640883155,31.982562869090902,184.16509616905196,2026-06-25 04:25:32.660458,0.6120000000000001,0.21000000000000002,5.889690338515324,32.83185703297461,-34.63892533333333,17.49377683333333
949.2495,3.331103892972232,34.519776188435515,31.982100207095193,184.16447555762213,2026-06-25 04:25:32.843743,0.6120000000000001,0.21000000000000002,5.889694302863569,32.807992545983666,-34.63892533333333,17.49377683333333
949.3695,3.3310907201982305,34.519827416324546,31.981864765400964,184.1669474081331,2026-06-25 04:25:32.893730,0.6120000000000001,0.21000000000000002,5.889692294972203,32.80002665324677,-34.63892533333333,17.49377683333333
949.664,3.3308857959043996,34.519957517454046,31.981149186173,184.1731039580107,2026-06-25 04:25:33.018698,0.6120000000000001,0.21000000000000002,5.889688279087796,32.86884992956845,-34.63892533333333,17.49377683333333
949.932,3.3305446323579857,34.5200370895058,31.9806354537779,184.1706837067142,2026-06-25 04:25:33.093678,0.6120000000000001,0.21000000000000002,5.889696310813035,32.93272818914162,-34.63892533333333,17.49377683333333
950.091,3.329473415767349,34.52016332670642,31.979641611339385,184.1796641717709,2026-06-25 04:25:33.210314,0.6120000000000001,0.21000000000000002,5.889692294972203,32.97062611179883,-34.63892533333333,17.49377683333333
950.22,3.3284457949875437,34.52025455881469,31.978810871886974,184.18674258822244,2026-06-25 04:25:33.293626,0.6120000000000001,0.21000000000000002,5.889690287037261,32.98987644405889,-34.63892533333333,17.49377683333333
950.529,3.326849280832456,34.520365445608626,31.977617682885466,184.20083668966413,2026-06-25 04:25:33.393600,0.6120000000000001,0.21000000000000002,5.889684263203389,32.9895149356838,-34.63892533333333,17.49377683333333
950.636,3.3258836974476043,34.52042154323025,31.976923466268786,184.20900928181905,2026-06-25 04:25:33.443587,0.6120000000000001,0.21000000000000002,5.889680247275406,32.989389753172034,-34.63892533333333,17.49377683333333
950.8601666666667,3.3223235481990776,34.52062090632203,31.974310289996335,184.22532452518954,2026-06-25 04:25:33.618541,0.6120000000000001,0.21000000000000002,5.8896820289737715,32.98912749386001,-34.63892533333333,17.49377683333333
951.47625,3.3184088930932405,34.52091061041412,31.971573798242645,184.1183194665538,2026-06-25 04:25:33.868476,0.6120000000000001,0.21125510204081274,5.889641582234221,32.97400218497316,-34.63892533333333,17.49377683333333
951.584,3.3171830859716787,34.52105737628748,31.971060566487974,184.02787824868648,2026-06-25 04:25:33.993443,0.6120000000000001,0.21200000000000002,5.889644102616241,32.95297257494458,-34.63892533333333,17.49377683333333
951.986,3.3164409903661647,34.521215028266354,31.970955929255105,184.04030166143522,2026-06-25 04:25:34.093417,0.6120000000000001,0.21200000000000002,5.889636070150179,32.874514076276384,-34.63892533333333,17.49377683333333
951.8456666666667,3.3162359857456987,34.52117549841381,31.970956909416696,184.20779111769207,2026-06-25 04:25:34.126742,0.6120000000000001,0.21200000000000002,5.889638747638867,32.90190298833218,-34.63892533333333,17.49377683333333
952.288,3.3149535162314345,34.52145723763485,31.970863157644835,184.0519893871949,2026-06-25 04:25:34.330856,0.6120000000000001,0.21200000000000002,5.889632290125133,32.82482969683437,-34.63892533333333,17.49377683333333
952.7043333333332,3.3140599905640933,34.52163032966269,31.970624182457303,184.06596834864413,2026-06-25 04:25:34.476651,0.6120000000000001,0.21200000000000002,5.889623226327848,32.81494469791534,-34.63892533333333,17.49377683333333
952.8525,3.313186251121697,34.5217980877634,31.970215341633182,184.1960586854608,2026-06-25 04:25:34.618281,0.6120000000000001,0.21200000000000002,5.8896260294005405,32.81256769501929,-34.63892533333333,17.49377683333333
953.115,3.312461857844061,34.52200386810741,31.969702002018288,184.07845173488414,2026-06-25 04:25:34.793235,0.6120000000000001,0.21200000000000002,5.8896200048694025,32.82565714206403,-34.63892533333333,17.49377683333333
953.2099999999999,3.3125567973929577,34.52200407341218,31.9697473968223,184.07216237801276,2026-06-25 04:25:34.793235,0.6120000000000001,0.21200000000000002,5.889628840770923,32.83039427528022,-34.63892533333333,17.49377683333333
953.572,3.312570788570831,34.52220801226932,31.96960834198221,184.08591378152454,2026-06-25 04:25:34.968189,0.6120000000000001,0.21000000000000002,5.889613980265627,32.84844524606192,-34.63892533333333,17.49377683333333
953.7985000000001,3.3128222405983934,34.522352034319375,31.96986937408083,184.08341385549292,2026-06-25 04:25:35.093157,0.6120000000000001,0.21000000000000002,5.889617996672986,32.859739568940526,-34.63892533333333,17.49377683333333
954.082,3.3128623724873325,34.52246582629576,31.97013226934653,184.0853795899058,2026-06-25 04:25:35.193131,0.6120000000000001,0.21000000000000002,5.889617996672987,32.84134238547471,-34.63892533333333,17.49377683333333
954.265,3.3129507854478595,34.52249471123143,31.970231165864938,184.08491562109208,2026-06-25 04:25:35.218124,0.6120000000000001,0.21000000000000002,5.8896200048694025,32.82684187423921,-34.63892533333333,17.49377683333333
954.446,3.312727022591816,34.522691350714915,31.97048465285543,184.0826226403566,2026-06-25 04:25:35.393079,0.6120000000000001,0.21000000000000002,5.889626029371485,32.812499838536326,-34.63892533333333,17.49377683333333
954.567,3.3126535729435638,34.522746906382714,31.97048209712729,184.08687473875892,2026-06-25 04:25:35.443066,0.6120000000000001,0.21000000000000002,5.889622013022236,32.802912068812304,-34.63892533333333,17.49377683333333
954.8413333333334,3.3124619091232055,34.52292979057356,31.970356682901194,184.09650857601588,2026-06-25 04:25:35.609689,0.6120000000000001,0.21000000000000002,5.889612972478494,32.78236935538708,-34.63892533333333,17.49377683333333
955.0646666666667,3.312279764111009,34.52307348008037,31.970345214513188,184.09156894343502,2026-06-25 04:25:35.742987,0.6120000000000001,0.21000000000000002,5.889622818593178,32.78821843795568,-34.63892533333333,17.49377683333333
955.202,3.3121982683057656,34.52312727103735,31.970344992060706,183.84086733991353,2026-06-25 04:25:35.792974,0.6120000000000001,0.21000000000000002,5.8896200048694025,32.79181518723666,-34.63892533333333,17.49377683333333
955.424,3.3120703422948115,34.5232592751102,31.970543767475185,184.09880145662578,2026-06-25 04:25:35.917942,0.6120000000000001,0.21000000000000002,5.889617996672987,32.79762934990932,-34.63892533333333,17.49377683333333
955.6083333333332,3.3120376313586415,34.52344029769089,31.97079149510347,183.91119085153136,2026-06-25 04:25:36.092896,0.6120000000000001,0.21000000000000002,5.8896119720546825,32.8024570255219,-34.63892533333333,17.49377683333333
955.8125,3.3120528520437156,34.523492058015734,31.97086569575167,183.848999559436,2026-06-25 04:25:36.142883,0.6120000000000001,0.21000000000000002,5.889615988418459,32.807804134586476,-34.63892533333333,17.49377683333333
956.0430000000001,3.311876395629712,34.52364384826437,31.970963002362588,183.9517595766611,2026-06-25 04:25:36.292844,0.6120000000000001,0.21000000000000002,5.889615988476571,32.81384091159571,-34.63892533333333,17.49377683333333
956.146,3.3116341823285143,34.523794169814344,31.971052703019144,183.8592180449041,2026-06-25 04:25:36.442805,0.6120000000000001,0.21000000000000002,5.889607955603738,32.81653847355644,-34.63892533333333,17.49377683333333
956.4655,3.311289517958497,34.52391747162622,31.97111891699171,183.858682106871,2026-06-25 04:25:36.567772,0.6120000000000001,0.21000000000000002,5.889613980265627,32.824906153619125,-34.63892533333333,17.49377683333333
956.6395,3.311301738338483,34.52391763395681,31.97113049202534,183.85702115089623,2026-06-25 04:25:36.567772,0.6120000000000001,0.21000000000000002,5.889617996672987,32.82946320003824,-34.63892533333333,17.49377683333333
956.8575000000001,3.310828932657013,34.52406451164885,31.97113963583189,183.86373800939992,2026-06-25 04:25:36.717733,0.6120000000000001,0.21000000000000002,5.889613980265627,32.8351726030231,-34.63892533333333,17.49377683333333
957.079,3.310533109642142,34.52418615588815,31.971119459919354,183.86971643985584,2026-06-25 04:25:36.842701,0.6120000000000001,0.21000000000000002,5.8896099638001544,32.84097367073479,-34.63892533333333,17.49377683333333
957.277,3.310445894051685,34.52423472432484,31.971125705722116,183.87164621309546,2026-06-25 04:25:36.892688,0.6120000000000001,0.21000000000000002,5.88960996382921,32.84615927528068,-34.63892533333333,17.49377683333333
957.515,3.3103126079653866,34.52433179832236,31.97117469019457,183.87254113476217,2026-06-25 04:25:36.992662,0.6120000000000001,0.21000000000000002,5.8896119720546825,32.85239247670452,-34.63892533333333,17.49377683333333
957.64925,3.310149203147245,34.52446557339104,31.97138188129435,183.87720319819644,2026-06-25 04:25:37.130126,0.6120000000000001,0.21000000000000002,5.889607955603738,32.85590847372617,-34.63892533333333,17.49377683333333
957.79,3.309824230960539,34.524624425924074,31.971678794959036,183.8796059718095,2026-06-25 04:25:37.292583,0.6120000000000001,0.21000000000000002,5.889607955603738,32.859594705240475,-34.63892533333333,17.49377683333333
957.9879999999999,3.309660645012998,34.5246576876743,31.971659234004036,183.88417522571825,2026-06-25 04:25:37.325908,0.6120000000000001,0.21000000000000002,5.889604918753006,32.86478030978636,-34.63892533333333,17.49377683333333
958.175,3.3092647715734826,34.524773080797914,31.971738968692915,183.88204052910535,2026-06-25 04:25:37.442544,0.6150000000000001,0.21000000000000002,5.8896119720401545,32.869677825190806,-34.63892533333333,17.49377683333333
958.4350000000001,3.3088634237235053,34.524924131943294,31.971689166091917,183.88947750828788,2026-06-25 04:25:37.592505,0.6120000000000001,0.21000000000000002,5.8896070105496205,32.87648720489753,-34.63892533333333,17.49377683333333
958.665,3.3090413306138684,34.52507848853418,31.971749497418514,183.9016675452085,2026-06-25 04:25:37.742466,0.6120000000000001,0.21000000000000002,5.889591889509396,32.88251088694578,-34.63892533333333,17.49377683333333
958.856,3.3091332972785272,34.52510518680447,31.971782320811045,183.76825331343082,2026-06-25 04:25:37.767460,0.6120000000000001,0.21000000000000002,5.88960193086921,32.887513162038026,-34.63892533333333,17.49377683333333
959.0550000000001,3.309416329888907,34.52523843375748,31.971922376379084,183.89991110546487,2026-06-25 04:25:37.892427,0.6120000000000001,0.21000000000000002,5.889595906018453,32.892724956505866,-34.63892533333333,17.49377683333333
959.569,3.309588628715212,34.52545724892259,31.971981572254265,183.64001623435632,2026-06-25 04:25:37.942414,0.6120000000000001,0.21000000000000002,5.889607955603738,32.906186576387604,-34.63892533333333,17.49377683333333
959.3315,3.3095571835099387,34.52529131857771,31.972009999933984,183.7639284767186,2026-06-25 04:25:37.967408,0.6120000000000001,0.21000000000000002,5.88960996382921,32.89996646992474,-34.63892533333333,17.49377683333333
959.511,3.309560532064125,34.525319274056415,31.972145842317794,183.6368427072571,2026-06-25 04:25:38.092375,0.6120000000000001,0.21000000000000002,5.8896119720546825,32.90466756091457,-34.63892533333333,17.49377683333333
959.8230000000001,3.309140086943433,34.525631023071945,31.972055300545996,183.64631766000954,2026-06-25 04:25:38.242336,0.6120000000000001,0.21000000000000002,5.889604680027816,32.91283881656264,-34.63892533333333,17.49377683333333
960.058,3.3087381301647474,34.5257797196834,31.971875441191642,183.6488878739799,2026-06-25 04:25:38.367303,0.6120000000000001,0.21000000000000002,5.889605947363738,32.91899344822063,-34.63892533333333,17.49377683333333
960.2383333333332,3.308553730241384,34.52589293718417,31.971737441428115,183.6549034359594,2026-06-25 04:25:38.458946,0.6120000000000001,0.21000000000000002,5.889600771629785,32.92371636414542,-34.63892533333333,17.49377683333333
960.6120000000001,3.308623068335275,34.526194946240516,31.971527946922993,183.5557959398909,2026-06-25 04:25:38.692219,0.6120000000000001,0.21000000000000002,5.889600725904869,32.84074104169298,-34.63892533333333,17.49377683333333
961.009,3.3086618829740773,34.526354831982495,31.971446000954668,183.65549910401958,2026-06-25 04:25:38.808855,0.6120000000000001,0.21000000000000002,5.889606847597232,32.75024429154215,-34.63892533333333,17.49377683333333
961.3096666666667,3.3084249413861264,34.526616975127915,31.971370137352697,183.66021154109487,2026-06-25 04:25:38.992140,0.6120000000000001,0.21000000000000002,5.889604775890405,32.82029900685824,-34.63892533333333,17.49377683333333
961.4365,3.307991999030756,34.526844745959075,31.971434516876243,183.66653200679724,2026-06-25 04:25:39.142101,0.6120000000000001,0.21100000000000002,5.889599922600153,32.850639188182534,-34.63892533333333,17.49377683333333
961.604,3.3076556794773806,34.527002104108135,31.971479537973003,183.6692004097312,2026-06-25 04:25:39.242075,0.6120000000000001,0.21200000000000002,5.889599922614681,32.890707364570055,-34.63892533333333,17.49377683333333
961.804,3.3076043905228136,34.527030806009634,31.9714671966719,183.46747144925214,2026-06-25 04:25:39.258738,0.6120000000000001,0.2116,5.889600725916493,32.938549963241705,-34.63892533333333,17.49377683333333
962.094,3.307046153296876,34.52733370770576,31.97147449199758,183.67848677581438,2026-06-25 04:25:39.442023,0.6120000000000001,0.21200000000000002,5.8895959060765675,33.02046418410039,-34.63892533333333,17.49377683333333
962.279,3.3070458610628846,34.52733437566859,31.971480528808616,183.5531398218166,2026-06-25 04:25:39.442023,0.6120000000000001,0.21200000000000002,5.889595906062039,33.07364302543004,-34.63892533333333,17.49377683333333
962.598,3.3065975230022504,34.5276574715555,31.971573851263738,183.43047858653125,2026-06-25 04:25:39.591984,0.6120000000000001,0.21200000000000002,5.8895959060765675,33.165340595074156,-34.63892533333333,17.49377683333333
962.4140000000001,3.3064769086262835,34.52759639590323,31.97165197647182,183.43686566822115,2026-06-25 04:25:39.625309,0.6120000000000001,0.21200000000000002,5.8895959060765675,33.11244920694091,-34.63892533333333,17.49377683333333
962.8824999999999,3.3060115808784527,34.52791840179709,31.97200098242749,183.4350792511615,2026-06-25 04:25:39.766939,0.6120000000000001,0.21200000000000002,5.889595906062039,33.24712102944329,-34.63892533333333,17.49377683333333
963.081,3.3058046395953733,34.528109748159295,31.972350662317492,183.44037117736013,2026-06-25 04:25:39.866912,0.6120000000000001,0.21200000000000002,5.889591889509396,33.19057150585231,-34.63892533333333,17.49377683333333
963.2455,3.3057987957006847,34.52830647074171,31.972715913143716,183.44147511031795,2026-06-25 04:25:39.966886,0.6120000000000001,0.21200000000000002,5.889591889494867,33.103406637841154,-34.63892533333333,17.49377683333333
963.4825000000001,3.3059827555128827,34.52850851213867,31.97304165555957,183.4468049674067,2026-06-25 04:25:40.066860,0.6120000000000001,0.21200000000000002,5.889585864600523,32.977825642590965,-34.63892533333333,17.49377683333333
963.651,3.306315859134114,34.52876868087758,31.973428490275722,183.44412789770792,2026-06-25 04:25:40.191828,0.6074117647058788,0.20894117647058577,5.889588817994633,32.888541264111495,-34.63892533333333,17.49377683333333
963.8620000000001,3.306536253587547,34.52909124543184,31.97396154103412,183.44063273039816,2026-06-25 04:25:40.341789,0.6060000000000001,0.20800000000000002,5.889593897763924,32.81909549880825,-34.63892533333333,17.49377683333333
963.9549999999999,3.3065435595373014,34.52920116188843,31.974129319499227,183.43820819122845,2026-06-25 04:25:40.391776,0.6090000000000854,0.20800000000000002,5.8895979143165675,32.82530043403789,-34.63892533333333,17.49377683333333
964.3966666666666,3.306279228784312,34.52965203500375,31.974469543987478,183.44689170951668,2026-06-25 04:25:40.558399,0.6060000000000001,0.20800000000000002,5.889591889509396,32.85476831640091,-34.63892533333333,17.49377683333333
964.204,3.306198892601244,34.52957638792437,31.97451573667751,183.4457978517299,2026-06-25 04:25:40.591724,0.6060000000000001,0.20800000000000002,5.889591889509396,32.84191364771726,-34.63892533333333,17.49377683333333
965.0203333333333,3.305508478208763,34.53024373141435,31.97460339236328,183.4545149467726,2026-06-25 04:25:40.824996,0.6060000000000001,0.20800000000000002,5.889592056838515,32.899922577441295,-34.63892533333333,17.49377683333333
964.8633333333332,3.305546870895609,34.530202223045315,31.974650210880025,183.28100315997966,2026-06-25 04:25:40.841658,0.6078156028368822,0.20800000000000002,5.889585916753125,32.88726881248386,-34.63892533333333,17.49377683333333
965.4525,3.3054539033981225,34.53072919430371,31.974859425226995,183.45775584908534,2026-06-25 04:25:40.991619,0.6090000000000001,0.20800000000000002,5.889591889509396,32.93475401325299,-34.63892533333333,17.49377683333333
965.213,3.305464333616893,34.53060750192913,31.97495089677182,183.45593407308087,2026-06-25 04:25:41.041606,0.6060000000000001,0.20800000000000002,5.889591889509396,32.91545097690073,-34.63892533333333,17.49377683333333
965.6445,3.305691365932768,34.53110431129416,31.975341181354608,183.33106974205086,2026-06-25 04:25:41.191567,0.6060000000000001,0.20900000000000002,5.889591889494867,32.950228681226406,-34.63892533333333,17.49377683333333
965.7885,3.3057633813497107,34.53123063579807,31.97549136325555,183.33324712479615,2026-06-25 04:25:41.241554,0.6090000000000001,0.20900000000000002,5.889589881182223,32.96001262173962,-34.63892533333333,17.49377683333333
966.066,3.3059578458291785,34.53154895858957,31.97590791356463,183.20600646857167,2026-06-25 04:25:41.366522,0.6120000000000001,0.21000000000000002,5.889591889509396,32.964637237723075,-34.63892533333333,17.49377683333333
966.2185,3.306163255377243,34.53180624394148,31.976283385229344,183.20898565039056,2026-06-25 04:25:41.466496,0.6120000000000001,0.21000000000000002,5.889587872913167,32.96717869335362,-34.63892533333333,17.49377683333333
966.4290000000001,3.3065458400709873,34.5321738908469,31.97694582366779,183.20503752485328,2026-06-25 04:25:41.608125,0.6120000000000001,0.21000000000000002,5.889592507442807,32.970686735387915,-34.63892533333333,17.49377683333333
966.6579999999999,3.306874756526369,34.53245665551112,31.977517112584344,183.20700620565339,2026-06-25 04:25:41.716430,0.6120000000000001,0.21000000000000002,5.889589881182223,32.9654801868734,-34.63892533333333,17.49377683333333
966.8363999999999,3.307353668227221,34.532888953560466,31.978305167051367,183.20552647245108,2026-06-25 04:25:41.881387,0.6120000000000001,0.21000000000000002,5.889590175761672,32.95925507302428,-34.63892533333333,17.49377683333333
967.111,3.307699815700716,34.53330879992029,31.97891705749404,183.19537680106936,2026-06-25 04:25:42.041346,0.6120000000000001,0.21000000000000002,5.889603939123738,32.94967314329913,-34.63892533333333,17.49377683333333
967.2725,3.3077621084910573,34.53350539182778,31.97918360187932,183.2036452690397,2026-06-25 04:25:42.116326,0.6120000000000001,0.20899999999999921,5.889593897792982,32.940594637379235,-34.63892533333333,17.49377683333333
967.605,3.307770130565182,34.53383219821211,31.979508632993284,183.20137445302134,2026-06-25 04:25:42.191307,0.6120000000000001,0.21000000000000002,5.889599922614681,32.91275358914385,-34.63892533333333,17.49377683333333
967.381,3.3077578039449387,34.53370165410966,31.979792508435345,183.1967947056828,2026-06-25 04:25:42.241294,0.6120000000000001,0.21000000000000002,5.889603939123738,32.931509663744535,-34.63892533333333,17.49377683333333
967.8955999999998,3.3079489248638625,34.53422154918037,31.98108467546725,183.17965569271465,2026-06-25 04:25:42.391254,0.6120000000000001,0.20816000000005094,5.889603296479964,32.888888377463914,-34.63892533333333,17.49377683333333
968.0219999999999,3.3087636061737107,34.53473544479352,31.98326493573005,182.9490762830053,2026-06-25 04:25:42.591202,0.6120000000000001,0.21000000000000002,5.8895959060765675,32.89114919056925,-34.63892533333333,17.49377683333333
968.4670000000001,3.3098184925565652,34.535364297739015,31.985355167745205,182.94263433200658,2026-06-25 04:25:42.791150,0.6120000000000001,0.20899999999999913,5.88960193086921,32.89910854050497,-34.63892533333333,17.49377683333333
968.29,3.3100839596916845,34.53523849182984,31.985879028588702,182.93868222635894,2026-06-25 04:25:42.841137,0.6120000000000001,0.20800000000000002,5.889603939123738,32.895942686710306,-34.63892533333333,17.49377683333333
968.6045,3.310199311232021,34.53542448963897,31.986061320204136,182.79988687519213,2026-06-25 04:25:42.866131,0.6120000000000001,0.21000000000000002,5.889610116628974,32.902524885048784,-34.63892533333333,17.49377683333333
969.063,3.3112789529095212,34.53615193696828,31.988045186970254,182.9141819458396,2026-06-25 04:25:43.124397,0.6120000000000001,0.21000000000000002,5.889608614035938,32.92104998396809,-34.63892533333333,17.49377683333333
968.9069999999999,3.31144745928935,34.536051814351595,31.98834558135907,182.679309042958,2026-06-25 04:25:43.166053,0.6120000000000001,0.21000000000000002,5.88960996382921,32.91474700592793,-34.63892533333333,17.49377683333333
969.4279999999999,3.311500634780364,34.53661624112151,31.988858504807563,182.68073157296192,2026-06-25 04:25:43.366000,0.6120000000000001,0.20810526315789854,5.889612394834405,32.930720566453495,-34.63892533333333,17.49377683333333
970.02,3.3114078463590753,34.537119466218655,31.988782541067767,182.43917813803827,2026-06-25 04:25:43.540955,0.6120000000000001,0.21000000000000002,5.889603939123738,32.894530603474344,-34.63892533333333,17.49377683333333
969.836,3.311364144479633,34.537063468390755,31.988751974696406,182.4319989514702,2026-06-25 04:25:43.565948,0.6120000000000001,0.21000000000000002,5.8896119720401545,32.9057788352111,-34.63892533333333,17.49377683333333
969.713,3.3113599605004382,34.53700973072052,31.988717887639112,182.4340867645582,2026-06-25 04:25:43.590942,0.6120000000000001,0.21000000000000002,5.889607955603738,32.913298033600356,-34.63892533333333,17.49377683333333
970.2646666666666,3.3110033172884434,34.53758081173356,31.988697210998282,182.43493224392543,2026-06-25 04:25:43.807552,0.6120000000000001,0.21000000000000002,5.889613946450219,32.87957371562148,-34.63892533333333,17.49377683333333
970.411,3.310861440756625,34.53769935579539,31.988790267656235,182.4407918664475,2026-06-25 04:25:43.865870,0.6120000000000001,0.21000000000000002,5.889608295979706,32.86887188583451,-34.63892533333333,17.49377683333333
970.644,3.3102642587477056,34.53815245486263,31.989027332968448,182.44203280115326,2026-06-25 04:25:44.090811,0.6120000000000001,0.21000000000000002,5.8896119720546825,32.77278810679718,-34.63892533333333,17.49377683333333
970.89,3.3100404441314746,34.538296648129545,31.989051714413065,182.44780998739267,2026-06-25 04:25:44.165792,0.6120000000000001,0.21000000000000002,5.88960795558921,32.67134343021702,-34.63892533333333,17.49377683333333
971.0885000000001,3.3098151224462464,34.53843968019033,31.98905817728697,182.45022896089458,2026-06-25 04:25:44.240772,0.6120000000000001,0.21000000000000002,5.88960795558921,32.589486648504945,-34.63892533333333,17.49377683333333
971.229,3.3092001997243834,34.538762143130974,31.988877801526463,182.20312755297857,2026-06-25 04:25:44.415727,0.6120000000000001,0.21000000000000002,5.889605947363738,32.62734603846685,-34.63892533333333,17.49377683333333
971.4230000000001,3.3088751804403027,34.538893550900625,31.98873129151868,182.20305383062833,2026-06-25 04:25:44.490707,0.6120000000000001,0.21000000000000002,5.889609871134281,32.69030552354302,-34.63892533333333,17.49377683333333
971.5889999999999,3.308593067913028,34.53902628206737,31.98860600413765,182.2068991139577,2026-06-25 04:25:44.565688,0.6120000000000001,0.21000000000000002,5.88960795558921,32.744178072628735,-34.63892533333333,17.49377683333333
972.044,3.308126422782749,34.539379320134834,31.988335959924868,182.21814790642475,2026-06-25 04:25:44.740642,0.6120000000000001,0.21000000000000002,5.889599922614681,32.822073953336414,-34.63892533333333,17.49377683333333
971.8976666666667,3.308117347798694,34.53932484465534,31.988324608911558,182.22205847615268,2026-06-25 04:25:44.773967,0.6120000000000001,0.21000000000000002,5.889593228360277,32.844350724141684,-34.63892533333333,17.49377683333333
972.2503333333334,3.3080894530312492,34.53964959864558,31.988340890943732,182.21733281335685,2026-06-25 04:25:44.940590,0.6120000000000001,0.21000000000000002,5.889603010575946,32.76164466858448,-34.63892533333333,17.49377683333333
972.455,3.3082251267577,34.539806945887925,31.988480523095145,182.21449348327894,2026-06-25 04:25:45.040564,0.6120000000000001,0.21000000000000002,5.889607955603738,32.701703504064824,-34.63892533333333,17.49377683333333
972.6330000000002,3.30862404335814,34.5399603502512,31.988689485235057,182.21834435893376,2026-06-25 04:25:45.140538,0.6120000000000001,0.21000000000000002,5.889602026486541,32.64957226326104,-34.63892533333333,17.49377683333333
972.9986666666667,3.3094815453139823,34.54018501824073,31.98908592379632,182.21925309839952,2026-06-25 04:25:45.290499,0.6120000000000001,0.21000000000000002,5.889599197406411,32.666345930711856,-34.63892533333333,17.49377683333333
973.196,3.3104556498838593,34.540403536786656,31.9896609198723,182.2096983089143,2026-06-25 04:25:45.440460,0.6120000000000001,0.21000000000000002,5.889607955603738,32.702685242161344,-34.63892533333333,17.49377683333333
973.42,3.310832798148105,34.5405096030449,31.990081458587348,182.21426690561282,2026-06-25 04:25:45.515440,0.6120000000000001,0.21000000000000002,5.889601765020972,32.74393527137427,-34.63892533333333,17.49377683333333
973.6355,3.311362831664187,34.54068579378193,31.990788497864536,181.95407599229694,2026-06-25 04:25:45.640408,0.6120000000000001,0.21000000000000002,5.8896119720546825,32.78362000930011,-34.63892533333333,17.49377683333333
973.8585,3.311486705906657,34.54085835571363,31.991518933835923,182.19937672008228,2026-06-25 04:25:45.765375,0.6120000000000001,0.21000000000000002,5.889622013051291,32.8349774858102,-34.63892533333333,17.49377683333333
973.956,3.3114980648541334,34.54096050713114,31.991886833796,182.19848669513246,2026-06-25 04:25:45.840355,0.6120000000000001,0.21000000000000002,5.889624021233179,32.859343996823156,-34.63892533333333,17.49377683333333
974.382,3.311641449630135,34.54113966608509,31.99226478428417,182.2129563394511,2026-06-25 04:25:45.940329,0.6120000000000001,0.21000000000000002,5.889607955603738,32.9565887804817,-34.63892533333333,17.49377683333333
974.2793333333333,3.3117445829787653,34.54109529340045,31.992367811382447,182.210879235543,2026-06-25 04:25:45.973654,0.6120000000000001,0.21000000000000002,5.889609101438092,32.94014917864392,-34.63892533333333,17.49377683333333
974.544,3.3120544640861027,34.54129503692098,31.99275260774066,181.95450103642776,2026-06-25 04:25:46.090290,0.6120000000000001,0.21000000000000002,5.889615988476571,32.9760417684963,-34.63892533333333,17.49377683333333
974.758,3.3121964971866453,34.54142688137426,31.99307701962809,182.2101387634973,2026-06-25 04:25:46.190264,0.6120000000000001,0.21000000000000002,5.8896119720546825,33.00173892550324,-34.63892533333333,17.49377683333333
974.97475,3.3120915096320855,34.54150865666932,31.993227414568622,181.96011318848807,2026-06-25 04:25:46.252748,0.6120000000000001,0.21000000000000002,5.889612474078362,33.027766302985725,-34.63892533333333,17.49377683333333
975.2130000000001,3.3117783110342978,34.54175326971761,31.993585848755583,181.95340659786177,2026-06-25 04:25:46.440199,0.6120000000000001,0.21000000000000002,5.8896255568816,33.05637540418621,-34.63892533333333,17.49377683333333
975.482,3.311722471821845,34.54191545133422,31.99375780736497,181.96865404662879,2026-06-25 04:25:46.565166,0.6120000000000001,0.21000000000000002,5.889607955603738,33.07254249273703,-34.63892533333333,17.49377683333333
975.565,3.3117776357072697,34.54201259210433,31.993872249029202,181.96299190956256,2026-06-25 04:25:46.640147,0.6120000000000001,0.21000000000000002,5.889615988476571,33.04817166833938,-34.63892533333333,17.49377683333333
975.8454999999999,3.3118677588989596,34.54210968088296,31.994008944266675,181.96619602709814,2026-06-25 04:25:46.715127,0.6120000000000001,0.21000000000000002,5.889613980265627,32.96581002685106,-34.63892533333333,17.49377683333333
976.0466666666666,3.3120118200393627,34.54227154755774,31.994300730328693,181.96546736864423,2026-06-25 04:25:46.840095,0.6120000000000001,0.21000000000000002,5.889615988476571,32.906742586995755,-34.63892533333333,17.49377683333333
976.226,3.3120965452392808,34.5424011797895,31.99459594377344,181.96338014426175,2026-06-25 04:25:46.940069,0.6120000000000001,0.21000000000000002,5.8896200048694025,32.854085946329384,-34.63892533333333,17.49377683333333
976.435,3.312142812088095,34.54249858108206,31.99485391050799,181.96769867673876,2026-06-25 04:25:47.015049,0.6120000000000001,0.21000000000000002,5.889615988462042,32.810121764106086,-34.63892533333333,17.49377683333333
976.771,3.312158645391398,34.54274298836814,31.995274980219186,181.9819207661273,2026-06-25 04:25:47.140017,0.6120000000000001,0.21000000000000002,5.889599922614681,32.826121105419126,-34.63892533333333,17.49377683333333
976.6439999999999,3.3120347131616565,34.54266129186228,31.99543567420237,181.77238622140288,2026-06-25 04:25:47.202500,0.6120000000000001,0.21000000000000002,5.889624021233179,32.82007373533949,-34.63892533333333,17.49377683333333
977.036,3.311706855950646,34.54292295180851,31.995752517348222,181.7224725138069,2026-06-25 04:25:47.339965,0.6120000000000001,0.21000000000000002,5.889615988476571,32.83873963353805,-34.63892533333333,17.49377683333333
977.1826666666666,3.3113902045691153,34.54307653829826,31.995877258243635,181.72770085891113,2026-06-25 04:25:47.456601,0.6120000000000001,0.21000000000000002,5.88961215671709,32.845723473000085,-34.63892533333333,17.49377683333333
977.4365,3.3112287179399607,34.543186550393486,31.9959425011731,181.73193115891013,2026-06-25 04:25:47.539912,0.6120000000000001,0.21000000000000002,5.88960996382921,32.85781027697815,-34.63892533333333,17.49377683333333
977.71,3.3111351225565433,34.54331899854774,31.996045725286002,181.73287583321772,2026-06-25 04:25:47.639886,0.6120000000000001,0.21000000000000002,5.8896119720546825,32.87083355033862,-34.63892533333333,17.49377683333333
977.8919999999999,3.311145602720073,34.54345203514559,31.9962401266915,181.73338563773848,2026-06-25 04:25:47.739860,0.6120000000000001,0.20848979591836936,5.889612955668206,32.87949986021651,-34.63892533333333,17.49377683333333
978.2755,3.311254712810239,34.543752997014856,31.99658130719245,181.73482242906294,2026-06-25 04:25:47.889821,0.6120000000000001,0.21000000000000002,5.889613980265627,32.897761013173515,-34.63892533333333,17.49377683333333
978.0074999999999,3.311318541300098,34.54365240751957,31.996766071280916,181.73698992107865,2026-06-25 04:25:47.964802,0.6120000000000001,0.20899999999999902,5.889607955603738,32.88499963379287,-34.63892533333333,17.49377683333333
978.395,3.311370838699508,34.54385367952624,31.996956954319835,181.7366193502411,2026-06-25 04:25:48.039782,0.6120000000000001,0.21000000000000002,5.8896119720401545,32.903451255098844,-34.63892533333333,17.49377683333333
978.6577500000001,3.3112747518000134,34.544089426227515,31.99743711059203,181.73289895785507,2026-06-25 04:25:48.214737,0.6120000000000001,0.21000000000000002,5.8896200048694025,32.91596264477147,-34.63892533333333,17.49377683333333
979.265,3.311095408969745,34.54441594776474,31.997761450319622,181.74408200609062,2026-06-25 04:25:48.414684,0.6120000000000001,0.21000000000000002,5.8896119720546825,32.94487812099869,-34.63892533333333,17.49377683333333
979.0146666666666,3.3111105662487534,34.54435959937109,31.997801225711736,181.74421851930921,2026-06-25 04:25:48.456340,0.6120000000000001,0.20943089430894357,5.889609098496283,32.93295797682597,-34.63892533333333,17.49377683333333
979.4873333333334,3.3112542138078314,34.54466375997678,31.998137779113893,181.74261043059363,2026-06-25 04:25:48.639626,0.6120000000000001,0.21000000000000002,5.8896149792218395,32.95546498672865,-34.63892533333333,17.49377683333333
979.693,3.31151174807459,34.54479876655995,31.998517258361048,181.74813579051087,2026-06-25 04:25:48.739600,0.6120000000000001,0.20800000000000002,5.889607955603738,32.96525823433792,-34.63892533333333,17.49377683333333
979.8215,3.3118836998160597,34.54496702191746,31.999126886005715,181.74729215135395,2026-06-25 04:25:48.864567,0.6149999999999953,0.21000000000000002,5.889607955603738,32.971377030048416,-34.63892533333333,17.49377683333333
980.0945,3.3119068401502476,34.54496711867681,31.99912548497072,181.74490081530138,2026-06-25 04:25:48.864567,0.6150000000000001,0.20800000000000002,5.889613980265627,32.984376494865266,-34.63892533333333,17.49377683333333
980.265,3.3121896916803117,34.545134890116614,31.999749631324004,181.48919125908503,2026-06-25 04:25:48.989535,0.6120000000000001,0.21000000000000002,5.8896200048694025,32.99249520823989,-34.63892533333333,17.49377683333333
980.4916666666667,3.312468303239676,34.54529061726539,32.00034601117569,181.49454535888265,2026-06-25 04:25:49.106171,0.6120000000000001,0.20800000000000002,5.889613266918389,33.00328841468123,-34.63892533333333,17.49377683333333
980.6426666666666,3.3128196107541075,34.545445584608,32.00096263189496,181.49481238834898,2026-06-25 04:25:49.222807,0.6120000000000001,0.20800000000000002,5.889612155452279,33.010478594854646,-34.63892533333333,17.49377683333333
981.043,3.313227738946553,34.5456653212751,32.001597140742724,181.48712994417374,2026-06-25 04:25:49.339443,0.6120000000000001,0.20800000000000002,5.889624021233179,33.02954130211354,-34.63892533333333,17.49377683333333
980.838,3.313435620024698,34.54559969093249,32.00187862871266,181.4846546456619,2026-06-25 04:25:49.389430,0.6120000000000001,0.20800000000000002,5.889624021233179,33.01977979922909,-34.63892533333333,17.49377683333333
981.2725,3.3139553881069377,34.54582833583496,32.002619221323364,181.49442654222432,2026-06-25 04:25:49.514398,0.6150000000000057,0.20800000000000002,5.8896119720546825,33.0404694236354,-34.63892533333333,17.49377683333333
981.485,3.3140758262366163,34.54592460818727,32.00307518307221,181.4842832284092,2026-06-25 04:25:49.589378,0.6120000000000001,0.20800000000000002,5.889627083191334,33.05058805467415,-34.63892533333333,17.49377683333333
981.855,3.3143477956653484,34.54611694549006,32.003874877138664,181.48507127642395,2026-06-25 04:25:49.739339,0.6170434782608719,0.20800000000000002,5.889628037567901,33.0682063769534,-34.63892533333333,17.49377683333333
982.0045,3.3144581494136873,34.546322186953965,32.0044927137299,181.48774338215804,2026-06-25 04:25:49.901797,0.6120000000000001,0.21000000000000002,5.889625025316859,33.071995778098575,-34.63892533333333,17.49377683333333
982.2105,3.314723721394018,34.546523990811394,32.00479513649845,181.48869244833804,2026-06-25 04:25:50.064254,0.6120000000000001,0.21000000000000002,5.889624021218651,33.04663326730815,-34.63892533333333,17.49377683333333
982.447,3.3149405261195537,34.546615977005686,32.00490330937467,181.36557612670293,2026-06-25 04:25:50.139235,0.6120000000000001,0.21000000000000002,5.889622013051291,33.01751562749295,-34.63892533333333,17.49377683333333
982.578,3.3154135904762696,34.54679695527019,32.00519817869955,181.23146660419397,2026-06-25 04:25:50.289196,0.6120000000000001,0.21000000000000002,5.88963205385904,33.00420648588858,-34.63892533333333,17.49377683333333
982.8087499999999,3.315778557965097,34.54694463153626,32.005477178027725,181.2316520541383,2026-06-25 04:25:50.414163,0.6120000000000001,0.21000000000000002,5.889631839890068,32.99612762447043,-34.63892533333333,17.49377683333333
983.205,3.3160025243227413,34.54714842343739,32.00565085601545,181.2363605641199,2026-06-25 04:25:50.489144,0.6120000000000001,0.21000000000000002,5.889628037567901,32.98225439007414,-34.63892533333333,17.49377683333333
983.135,3.316242540702039,34.54703296238684,32.00580136375863,181.23784676707328,2026-06-25 04:25:50.589118,0.6120000000000001,0.21000000000000002,5.889624021233179,32.98470518227033,-34.63892533333333,17.49377683333333
983.45325,3.3162593837133696,34.547303992820225,32.00585302403156,181.23378694564096,2026-06-25 04:25:50.726582,0.6120000000000001,0.21000000000000002,5.889632384313375,33.003851527207054,-34.63892533333333,17.49377683333333
983.5915,3.316148515793932,34.54742952843567,32.00583711752095,181.2310168387593,2026-06-25 04:25:50.839052,0.6120000000000001,0.21000000000000002,5.889638078244904,33.04440321592541,-34.63892533333333,17.49377683333333
983.8005,3.3161105458595577,34.54756636664462,32.00580053611259,181.23712710593307,2026-06-25 04:25:50.964020,0.6120000000000001,0.21000000000000002,5.889632053815458,33.10570739633874,-34.63892533333333,17.49377683333333
984.2220000000001,3.3163240906339326,34.54775329966956,32.00586042693328,181.24675698342685,2026-06-25 04:25:51.105650,0.6120000000000001,0.20800000000000002,5.889621952176164,33.229342382196194,-34.63892533333333,17.49377683333333
984.072,3.316390090081917,34.547717775211574,32.005873268302324,181.24082025693858,2026-06-25 04:25:51.138974,0.6120000000000001,0.21000000000000002,5.889628037567901,33.185344166588536,-34.63892533333333,17.49377683333333
984.7185,3.316414191519634,34.54793475303496,32.006313732203935,181.23732809606213,2026-06-25 04:25:51.313929,0.6120000000000001,0.21000000000000002,5.889639207843584,33.187998255936755,-34.63892533333333,17.49377683333333
984.918,3.3163206646818084,34.548111465459144,32.00695916689992,181.24291176657684,2026-06-25 04:25:51.488883,0.6120000000000001,0.21000000000000002,5.889634062011873,33.166725177081695,-34.63892533333333,17.49377683333333
985.0485,3.3163166415009075,34.54818542536532,32.007195641612654,181.24684191450152,2026-06-25 04:25:51.563864,0.6120000000000001,0.20900000000000002,5.889630045720734,33.152809704447186,-34.63892533333333,17.49377683333333
985.2973333333333,3.3162960031578295,34.54830708262491,32.00753905752763,181.24972289519144,2026-06-25 04:25:51.688831,0.6120000000000001,0.21000000000000002,5.88962874218293,33.120925627483324,-34.63892533333333,17.49377683333333
985.514,3.3162923901656405,34.54835560775627,32.00766939010553,181.24598623603777,2026-06-25 04:25:51.738818,0.6120000000000001,0.21000000000000002,5.889636070150179,33.00382698448458,-34.63892533333333,17.49377683333333
985.6379999999999,3.316117646168335,34.5485204281394,32.008014528997634,181.24902831526921,2026-06-25 04:25:51.913772,0.6120000000000001,0.21100000000000357,5.889634061982819,32.93681053033767,-34.63892533333333,17.49377683333333
985.859,3.3161355197152202,34.548520772472344,32.008018544446756,181.25218730083964,2026-06-25 04:25:51.913772,0.6120000000000001,0.21100000000000002,5.8896320538590405,32.8173699144789,-34.63892533333333,17.49377683333333
986.0540000000001,3.3157577866053876,34.548704138604265,32.0084048098674,181.12549184193335,2026-06-25 04:25:52.113720,0.6120000000000001,0.21200000000000002,5.889638078273959,32.748573159204646,-34.63892533333333,17.49377683333333
986.276,3.315795902041029,34.54870444710541,32.0084398439045,181.1285677570642,2026-06-25 04:25:52.113720,0.6120000000000001,0.21200000000000002,5.889636070135651,32.805188375032664,-34.63892533333333,17.49377683333333
986.5895,3.3158708934397585,34.54890512488485,32.009146825025226,181.13640598639734,2026-06-25 04:25:52.288675,0.6120000000000001,0.21200000000000002,5.889628037553373,32.885138240627704,-34.63892533333333,17.49377683333333
986.4639999999999,3.3160526025226122,34.54886099562368,32.00943803946712,181.1376196101867,2026-06-25 04:25:52.338662,0.6120000000000001,0.21200000000000002,5.889624021233179,32.8531327920402,-34.63892533333333,17.49377683333333
986.7645,3.316807767857461,34.54903599560865,32.010350688872975,181.0052509084858,2026-06-25 04:25:52.488622,0.6120000000000001,0.21200000000000002,5.889632053873567,32.929767352203854,-34.63892533333333,17.49377683333333
987.0856666666667,3.317208714757809,34.549121933270186,32.01085382064284,181.00222206144946,2026-06-25 04:25:52.588596,0.6120000000000001,0.21200000000000002,5.889637054524581,32.92931664118725,-34.63892533333333,17.49377683333333
987.3029999999999,3.31753212386422,34.549235637342,32.011427681623765,180.9976251074799,2026-06-25 04:25:52.721895,0.6120000000000001,0.21200000000000002,5.889643484734236,32.92540920218758,-34.63892533333333,17.49377683333333
987.556,3.3173062127857738,34.54943873680939,32.01219015818556,180.99992861607083,2026-06-25 04:25:52.938505,0.6120000000000001,0.21200000000000002,5.889644102616241,32.92086051169562,-34.63892533333333,17.49377683333333
987.4784999999999,3.317287404257792,34.54941796202161,32.012258843199724,181.00090467348556,2026-06-25 04:25:52.963499,0.6120000000000001,0.21099999999999888,5.889642094506989,32.92225388526529,-34.63892533333333,17.49377683333333
987.8893333333332,3.3173512720648883,34.54945944217642,32.01231117921531,181.0102716643339,2026-06-25 04:25:52.988492,0.6120000000000001,0.21178294573642695,5.889633361489051,32.90786833648892,-34.63892533333333,17.49377683333333
987.987,3.3176427372437383,34.54962589426286,32.012799222082336,180.88393479153595,2026-06-25 04:25:53.188440,0.6120000000000001,0.21000000000000002,5.88963406192471,32.88827971668382,-34.63892533333333,17.49377683333333
988.2280000000001,3.3180729154908546,34.54970888038308,32.01296290993605,181.00596521336766,2026-06-25 04:25:53.288414,0.6120000000000001,0.21000000000000002,5.889638078099634,32.83994329306924,-34.63892533333333,17.49377683333333
988.4746666666666,3.3183763714155057,34.54976422587137,32.01304644307017,180.82278226156922,2026-06-25 04:25:53.355063,0.6120000000000001,0.21000000000000002,5.889635921355074,32.790470328373864,-34.63892533333333,17.49377683333333
988.833,3.3189417180047243,34.549979286997,32.013223734330296,180.79067069644327,2026-06-25 04:25:53.555011,0.6120000000000001,0.21000000000000002,5.889643488371059,32.818349333723994,-34.63892533333333,17.49377683333333
988.6585,3.3190758239734865,34.54993071766258,32.0132675821002,181.00020674530046,2026-06-25 04:25:53.613329,0.6120000000000001,0.21000000000000002,5.889644102601714,32.79571196829438,-34.63892533333333,17.49377683333333
988.996,3.318873948791687,34.550084304347756,32.0132942558241,180.7504590856831,2026-06-25 04:25:53.738297,0.6120000000000001,0.21000000000000002,5.889648118805692,32.83949483839464,-34.63892533333333,17.49377683333333
989.268,3.318694615432194,34.55014778284632,32.01328426416924,180.75185088829338,2026-06-25 04:25:53.813277,0.6120000000000001,0.21000000000000002,5.88965012688589,32.8747805885199,-34.63892533333333,17.49377683333333
989.6725,3.318547528686546,34.55029787967325,32.013274080902185,180.76144037754528,2026-06-25 04:25:53.963238,0.6120000000000001,0.21000000000000002,5.889642094506989,32.92364284720127,-34.63892533333333,17.49377683333333
989.4445000000001,3.3186577070383283,34.55027592360723,32.01328471256642,180.7606525976267,2026-06-25 04:25:53.988232,0.6120000000000001,0.21000000000000002,5.889640086397737,32.89669222928701,-34.63892533333333,17.49377683333333
989.8420000000001,3.3187614601534348,34.55038427607185,32.013298983549255,180.76616658001709,2026-06-25 04:25:54.088206,0.6120000000000001,0.21000000000000002,5.889636070150179,32.94367850394018,-34.63892533333333,17.49377683333333
989.9675,3.3190890516955722,34.550494006511855,32.01337184400746,180.75965391131638,2026-06-25 04:25:54.213173,0.6120000000000001,0.21000000000000002,5.889644102558134,32.958513164239456,-34.63892533333333,17.49377683333333
990.2,3.319460110240908,34.550628136065846,32.01368338816381,180.7611638963317,2026-06-25 04:25:54.363134,0.6120000000000001,0.21000000000000002,5.889642094506989,32.985995702244146,-34.63892533333333,17.49377683333333
990.4006666666666,3.319469568093322,34.55069719573937,32.01393022651312,180.75879426437015,2026-06-25 04:25:54.438114,0.6120000000000001,0.21000000000000002,5.889647294971958,33.007357631090784,-34.63892533333333,17.49377683333333
990.6765,3.3194684983437996,34.5508591942522,32.01445503200497,180.76313624604546,2026-06-25 04:25:54.613069,0.6120000000000001,0.21000000000000002,5.889644102616241,33.03615171368552,-34.63892533333333,17.49377683333333
990.8703333333333,3.319499224217522,34.55086616509552,32.01449118074222,180.75921078445077,2026-06-25 04:25:54.621400,0.6120000000000001,0.21000000000000002,5.889651316859341,33.01631305695842,-34.63892533333333,17.49377683333333
991.041,3.3192646754082946,34.55102433772384,32.01497542272414,180.76672362478993,2026-06-25 04:25:54.788023,0.6120000000000001,0.21000000000000002,5.889644102616241,32.98244805341863,-34.63892533333333,17.49377683333333
991.2555,3.3191577094882776,34.5511461938831,32.01530244588312,180.76874676876147,2026-06-25 04:25:54.912991,0.6120000000000001,0.21000000000000002,5.889644102616241,32.9398852999463,-34.63892533333333,17.49377683333333
991.8136000000001,3.319402922090562,34.55147389135881,32.01587380181667,180.63645176869647,2026-06-25 04:25:55.167924,0.6120000000000001,0.21000000000000002,5.889644102616241,32.86001031712269,-34.63892533333333,17.49377683333333
991.6700000000001,3.319531187906202,34.55140260242244,32.01600575023569,180.64512150348622,2026-06-25 04:25:55.237906,0.6120000000000001,0.21000000000000002,5.889644102601714,32.86662606401488,-34.63892533333333,17.49377683333333
992.0306666666665,3.3198980620693916,34.55173742414068,32.016411351726696,180.51940984406377,2026-06-25 04:25:55.487841,0.6120000000000001,0.21000000000000002,5.889646270075724,32.85000991234974,-34.63892533333333,17.49377683333333
992.2935,3.319900223296812,34.55173774321578,32.01640047701241,180.51864043563862,2026-06-25 04:25:55.487841,0.6120000000000001,0.21000000000000002,5.88965012688589,32.83790100700041,-34.63892533333333,17.49377683333333
992.549,3.320062207970966,34.55189998176517,32.01674401397686,180.52417720652713,2026-06-25 04:25:55.637802,0.6120000000000001,0.21000000000000002,5.889644102616241,32.82612995316369,-34.63892533333333,17.49377683333333
992.756,3.3201118925244,34.55201031750618,32.01707493344804,180.52250305918685,2026-06-25 04:25:55.737776,0.6120000000000001,0.21000000000000002,5.889648118805692,32.8165933263762,-34.63892533333333,17.49377683333333
993.01,3.3200581032090937,34.55203851154255,32.0171604259197,180.52619319864164,2026-06-25 04:25:55.762769,0.6120000000000001,0.21000000000000002,5.8896461107109666,32.812296631180615,-34.63892533333333,17.49377683333333
993.161,3.3200857501543006,34.55206601429779,32.01724994766051,180.52870889646508,2026-06-25 04:25:55.787763,0.6120000000000001,0.21000000000000002,5.889644102616241,32.82684367582417,-34.63892533333333,17.49377683333333
993.4576000000001,3.3197104229807834,34.552292419745534,32.01776963900011,180.5235720508515,2026-06-25 04:25:55.987710,0.6120000000000001,0.21000000000000002,5.889656151097434,32.85541753967373,-34.63892533333333,17.49377683333333
993.795,3.3194783575293867,34.55255246166875,32.01795861460996,180.52990390198738,2026-06-25 04:25:56.187658,0.6120000000000001,0.21000000000000002,5.889652134966089,32.88792199571835,-34.63892533333333,17.49377683333333
993.686,3.3195323708559727,34.552523024115665,32.01795128915454,180.53622784924522,2026-06-25 04:25:56.212652,0.6120000000000001,0.21000000000000002,5.889642094506989,32.87742114892267,-34.63892533333333,17.49377683333333
993.9979999999999,3.319763645940077,34.55275800292154,32.0179631945848,180.53885975245123,2026-06-25 04:25:56.387606,0.6120000000000001,0.21000000000000002,5.889640086397737,32.95016579244779,-34.63892533333333,17.49377683333333
994.2026666666667,3.3198187192223023,34.55281799270028,32.01805973377438,180.53212217726443,2026-06-25 04:25:56.437593,0.6120000000000001,0.21000000000000002,5.889651009224159,33.012920621991135,-34.63892533333333,17.49377683333333
994.5,3.3199876054324196,34.55293621020365,32.0180912807805,180.532751700936,2026-06-25 04:25:56.537567,0.6120000000000001,0.21000000000000002,5.889652134966089,33.055850894572536,-34.63892533333333,17.49377683333333
994.5993333333332,3.3198806786887523,34.553175914194505,32.01880627818664,180.53371601251524,2026-06-25 04:25:56.737515,0.6120000000000001,0.21000000000000002,5.889652134966089,33.06949568014926,-34.63892533333333,17.49377683333333
994.8326666666667,3.3197172568073365,34.55323621525854,32.01914953108812,180.54136303346465,2026-06-25 04:25:56.787502,0.6120000000000001,0.21000000000000002,5.889645134553809,33.101547189893296,-34.63892533333333,17.49377683333333
995.191,3.319339128666735,34.55347716152359,32.02000102070619,180.5433793158897,2026-06-25 04:25:56.937463,0.6120000000000001,0.21000000000000002,5.889648118805692,33.15076915128589,-34.63892533333333,17.49377683333333
994.987,3.319194331483269,34.55341684982361,32.02024813828781,180.54248152503152,2026-06-25 04:25:56.987450,0.6120000000000001,0.21000000000000002,5.889648118805692,33.1227469741954,-34.63892533333333,17.49377683333333
995.468,3.31899271983583,34.5535977324278,32.02055470561617,180.54776243408315,2026-06-25 04:25:57.087424,0.6120000000000001,0.21000000000000002,5.889647023481296,33.176655851428116,-34.63892533333333,17.49377683333333
995.766,3.3188616742167913,34.55383811308411,32.02073728263013,180.3088717706215,2026-06-25 04:25:57.237385,0.6120000000000001,0.21000000000000002,5.889636070150179,33.016224643052674,-34.63892533333333,17.49377683333333
995.6596666666668,3.3188699556001766,34.5537782611469,32.020695484715304,180.30367361675064,2026-06-25 04:25:57.287372,0.6120000000000001,0.21000000000000002,5.889642049875237,33.073470230828605,-34.63892533333333,17.49377683333333
995.979,3.3188665852602575,34.55398756007829,32.02055728291191,180.30444474802096,2026-06-25 04:25:57.412339,0.6120000000000001,0.21000000000000002,5.889644102601714,32.90155401424736,-34.63892533333333,17.49377683333333
996.2025,3.31881222785133,34.55410640339924,32.02031134101897,180.30778042515283,2026-06-25 04:25:57.512313,0.6120000000000001,0.21000000000000002,5.889642094506989,32.90399862479905,-34.63892533333333,17.49377683333333
996.49,3.3188300326307925,34.55413622544017,32.02025674057386,180.311411801261,2026-06-25 04:25:57.537306,0.6120000000000001,0.21000000000000002,5.889640086397737,32.91149975638067,-34.63892533333333,17.49377683333333
996.6569999999999,3.318028685679973,34.55443949478634,32.01953965330609,180.3129514441004,2026-06-25 04:25:57.797239,0.6120000000000001,0.21000000000000002,5.889644102587187,32.915856935421125,-34.63892533333333,17.49377683333333
996.7565,3.317994929167501,34.55445807725614,32.01932660649415,180.31533985717812,2026-06-25 04:25:57.812235,0.6120000000000001,0.21000000000000002,5.889642094506989,32.918452979220675,-34.63892533333333,17.49377683333333
996.973,3.3174985095779963,34.554601673315986,32.01925059413176,180.32645048929436,2026-06-25 04:25:57.937202,0.6120000000000001,0.21000000000000002,5.889632053873567,32.92410165743779,-34.63892533333333,17.49377683333333
997.2303333333333,3.3170198456590954,34.554752235291744,32.01936979390167,180.07579585282113,2026-06-25 04:25:58.070501,0.6120000000000001,0.21000000000000002,5.889639304198713,32.93000472809944,-34.63892533333333,17.49377683333333
997.372,3.3165455572709623,34.554990903831786,32.019523888495385,180.07519350377942,2026-06-25 04:25:58.287111,0.6120000000000001,0.21000000000000002,5.889644102616241,32.93227077642336,-34.63892533333333,17.49377683333333
997.66,3.3166398485975024,34.5549919191836,32.019527509107576,180.08589255664768,2026-06-25 04:25:58.287111,0.6120000000000001,0.21000000000000002,5.889632053873567,32.93687751936892,-34.63892533333333,17.49377683333333
997.8325,3.3165506162243297,34.55507290697873,32.0195641395415,180.08754816541438,2026-06-25 04:25:58.362091,0.6120000000000001,0.21000000000000002,5.889632053873567,32.93955574050435,-34.63892533333333,17.49377683333333
998.0585,3.3168675569207022,34.555308867994256,32.01984596375661,180.08764079584,2026-06-25 04:25:58.587033,0.6120000000000001,0.21000000000000002,5.8896320538590405,32.940729172366886,-34.63892533333333,17.49377683333333
998.2217999999999,3.3169265121883535,34.55540044756761,32.01999367789547,180.08011208506764,2026-06-25 04:25:58.677009,0.6120000000000001,0.20813617021277042,5.889643555724935,32.94157705477021,-34.63892533333333,17.49377683333333
998.461,3.3170277776603725,34.5554622321534,32.0201057815675,180.08991950606497,2026-06-25 04:25:58.736994,0.6120000000000001,0.21000000000000002,5.889632053873567,32.942819023361,-34.63892533333333,17.49377683333333
998.5830000000001,3.316850504163219,34.55563383901678,32.02035608026331,180.08850603727973,2026-06-25 04:25:58.911948,0.6120000000000001,0.21000000000000002,5.889636070135652,32.943452468879705,-34.63892533333333,17.49377683333333
998.8465,3.3167762054959633,34.555775495270915,32.020407620640356,180.21391867540686,2026-06-25 04:25:59.061909,0.6120000000000001,0.21000000000000002,5.889638078273958,32.94482060735659,-34.63892533333333,17.49377683333333
999.2493333333332,3.316897763101817,34.555911851903986,32.020473320919045,180.12740257557064,2026-06-25 04:25:59.153552,0.6120000000000001,0.21000000000000002,5.889632563184007,32.94691218907616,-34.63892533333333,17.49377683333333
999.1155,3.316993141832648,34.555857062962254,32.020455388796215,180.09769939327296,2026-06-25 04:25:59.211870,0.6120000000000001,0.21000000000000002,5.889628037567901,32.94621730280359,-34.63892533333333,17.49377683333333
999.441,3.3170696397611983,34.55597806071342,32.02053762137419,180.09978044240333,2026-06-25 04:25:59.286850,0.6120000000000001,0.21000000000000002,5.889628037567901,32.94790735621621,-34.63892533333333,17.49377683333333
999.6235,3.3168493485376804,34.55614643269996,32.02071739953183,180.0892094408672,2026-06-25 04:25:59.486798,0.6120000000000001,0.21000000000000002,5.889645441317004,32.94885492840609,-34.63892533333333,17.49377683333333
999.853,3.3167797331451796,34.55618834150575,32.02074362945776,180.10110464345675,2026-06-25 04:25:59.536785,0.6120000000000001,0.21000000000000002,5.889632053873567,32.950046532885956,-34.63892533333333,17.49377683333333
999.985,3.3165227526914616,34.55629344037146,32.020772202619675,180.10489775837453,2026-06-25 04:25:59.670084,0.6120000000000001,0.21000000000000002,5.889629676870407,32.9507319001685,-34.63892533333333,17.49377683333333
1000.2375,3.3161339744514318,34.55643752373939,32.02094866805328,180.1052111530544,2026-06-25 04:25:59.861701,0.6120000000000001,0.21000000000000002,5.889634062011873,32.952042924705175,-34.63892533333333,17.49377683333333
1000.446,3.3159916643639997,34.55648962599316,32.021031790031074,180.1118441628361,2026-06-25 04:25:59.936681,0.6120000000000001,0.21000000000000002,5.889628037567901,32.953125493481004,-34.63892533333333,17.49377683333333
1000.6176666666667,3.315933691190534,34.55649117631916,32.021005479430066,180.11166399203702,2026-06-25 04:25:59.936681,0.6120000000000001,0.21000000000000002,5.889630473670108,32.954016817093404,-34.63892533333333,17.49377683333333
1000.822,3.315425705015245,34.556593822661306,32.02104796813138,180.11128567808896,2026-06-25 04:26:00.086642,0.6120000000000001,0.21000000000000002,5.889636070150179,32.95507775180097,-34.63892533333333,17.49377683333333
1001.096,3.3151223408510506,34.5566267037189,32.02095637370662,180.10884964179277,2026-06-25 04:26:00.136629,0.6120000000000001,0.21000000000000002,5.889644102616241,32.95650040812988,-34.63892533333333,17.49377683333333
1001.1935000000001,3.314557190239305,34.55667468999481,32.02069476999332,180.12385363482576,2026-06-25 04:26:00.211609,0.6120000000000001,0.21000000000000002,5.889628037567901,32.95700664532721,-34.63892533333333,17.49377683333333
1001.531,3.312954240572467,34.55678110212508,32.01962101233775,180.13642000391593,2026-06-25 04:26:00.386564,0.6120000000000001,0.21000000000000002,5.889624021233179,32.95875900485643,-34.63892533333333,17.49377683333333
1001.60375,3.3125292627020153,34.55680882706273,32.019261090249465,180.13506673552797,2026-06-25 04:26:00.436551,0.6120000000000001,0.21000000000000002,5.889629157478335,32.95913673568828,-34.63892533333333,17.49377683333333
1001.819,3.3119971336858107,34.55687267021505,32.01872429092727,180.142810676722,2026-06-25 04:26:00.561518,0.6120000000000001,0.21000000000000002,5.889624021175069,32.9602543516547,-34.63892533333333,17.49377683333333
1002.0833333333334,3.310963096685436,34.556935561314766,32.01791647028205,179.97657624923343,2026-06-25 04:26:00.669823,0.6120000000000001,0.21000000000000002,5.889613771754833,32.96162681694524,-34.63892533333333,17.49377683333333
1002.237,3.3107772823562005,34.556968190158074,32.01768332240513,180.15875795253785,2026-06-25 04:26:00.736473,0.6120000000000001,0.21000000000000002,5.889613980265627,32.96242468138274,-34.63892533333333,17.49377683333333
1002.4285,3.3104537395852334,34.55705168072092,32.01714389987322,180.1615967829188,2026-06-25 04:26:00.911427,0.6120000000000001,0.21000000000000002,5.889613980265627,32.96341898316006,-34.63892533333333,17.49377683333333
1002.681,3.310546782944118,34.55710579818299,32.01687964562208,180.17048599113335,2026-06-25 04:26:01.036394,0.6120000000000001,0.21000000000000002,5.889603939123738,32.96473000769674,-34.63892533333333,17.49377683333333
1002.7665,3.3104733573976217,34.55712510677804,32.01679059996983,180.16556178403306,2026-06-25 04:26:01.086381,0.6120000000000001,0.21000000000000002,5.889611971996571,32.965173938777475,-34.63892533333333,17.49377683333333
1003.029,3.3103794515642617,34.55716481427875,32.01661745661514,180.16221991705257,2026-06-25 04:26:01.186355,0.6120000000000001,0.21000000000000002,5.889619840934408,32.9659327933036,-34.63892533333333,17.49377683333333
1003.17,3.3098824809086627,34.55721993519346,32.01645243383172,180.17714145006565,2026-06-25 04:26:01.336316,0.6120000000000001,0.21000000000000002,5.889603939123738,32.924076420078926,-34.63892533333333,17.49377683333333
1003.6123333333334,3.3090837310364356,34.5572677978611,32.01652801236067,179.93580925125622,2026-06-25 04:26:01.486277,0.6120000000000001,0.21000000000000002,5.889602823405792,32.79276812866245,-34.63892533333333,17.49377683333333
1003.847,3.3085786040570064,34.55729811931716,32.016611249753225,180.1841298680885,2026-06-25 04:26:01.586251,0.6120000000000001,0.21000000000000002,5.889609416103618,32.83836416530507,-34.63892533333333,17.49377683333333
1004.015,3.308138007454222,34.55732686419044,32.0167000643572,179.94226748720132,2026-06-25 04:26:01.686225,0.6060000000000001,0.21000000000000002,5.889603939123738,32.87940022945212,-34.63892533333333,17.49377683333333
1004.258,3.3078326498304573,34.557352567436546,32.01682264195889,179.94844569580323,2026-06-25 04:26:01.786199,0.6120000000000001,0.21000000000000002,5.889599922614681,32.9387559650934,-34.63892533333333,17.49377683333333
1004.489,3.307521571178667,34.55738130722881,32.016918508873545,180.0761730175036,2026-06-25 04:26:01.911166,0.6120000000000001,0.21000000000000002,5.889599922614681,32.99518055329558,-34.63892533333333,17.49377683333333
1004.80175,3.3072908549780284,34.557408111441916,32.01687138786035,179.99169760816122,2026-06-25 04:26:02.011140,0.6111885245901654,0.21000000000000002,5.8895959060765675,33.071573583426456,-34.63892533333333,17.49377683333333
1004.737,3.30723421701223,34.55740210733671,32.0169178159044,180.20394373241078,2026-06-25 04:26:02.036134,0.6120000000000001,0.21000000000000002,5.889599922614681,33.05575760036978,-34.63892533333333,17.49377683333333
1005.012,3.3068800383838055,34.557435847123806,32.016626234400434,179.9614389635839,2026-06-25 04:26:02.186095,0.6060000000000001,0.21000000000000002,5.8895959060765675,33.122929729181905,-34.63892533333333,17.49377683333333
1005.2573333333333,3.3066299241560255,34.55745204206122,32.01632633267425,179.96353182358104,2026-06-25 04:26:02.286069,0.6120000000000001,0.21000000000000002,5.8895971673083425,33.10646090904027,-34.63892533333333,17.49377683333333
1005.435,3.3064344793502896,34.557473461199066,32.0158714642443,179.9696410083394,2026-06-25 04:26:02.436030,0.6089999999999788,0.21000000000000002,5.889591889494867,33.094534440106194,-34.63892533333333,17.49377683333333
1005.572,3.3064020990696883,34.557486073617014,32.01561571715425,179.97084818654895,2026-06-25 04:26:02.536004,0.6120000000000001,0.20800000000000002,5.889591889509396,33.0853378571195,-34.63892533333333,17.49377683333333
1006.0097499999999,3.306153482487186,34.55749584819951,32.01546216880919,179.96972875504477,2026-06-25 04:26:02.635977,0.6120000000000001,0.20808088235294084,5.889599597746453,33.055952424985,-34.63892533333333,17.49377683333333
1006.176,3.3061897838576577,34.55750210566046,32.015322043826394,179.973579387217,2026-06-25 04:26:02.685964,0.6120000000000001,0.21000000000000002,5.8895959060765675,33.07462675752104,-34.63892533333333,17.49377683333333
1006.4465,3.3059130697261097,34.557506190118275,32.01530977720418,180.1059367103611,2026-06-25 04:26:02.735951,0.6120000000000001,0.21000000000000002,5.889589881211282,33.13637161490162,-34.63892533333333,17.49377683333333
1006.6467999999999,3.3044896383347058,34.55752619653961,32.01528423231805,179.98702045328406,2026-06-25 04:26:02.995884,0.6120000000000001,0.20949090909093204,5.889592838857629,33.18209248341667,-34.63892533333333,17.49377683333333
1007.01,3.3034493705381998,34.557537158541784,32.01524796267497,180.00400346899903,2026-06-25 04:26:03.185834,0.6120000000000001,0.21000000000000002,5.889579839633535,33.20864096047646,-34.63892533333333,17.49377683333333
1006.8833333333333,3.3033916197915567,34.55753670756565,32.01512591972805,179.99935467429822,2026-06-25 04:26:03.202496,0.6120000000000001,0.21000000000000002,5.889585162881319,33.2360840432408,-34.63892533333333,17.49377683333333
1007.423,3.302779957051872,34.55754566247711,32.01463537545786,180.0072582073712,2026-06-25 04:26:03.335795,0.6120000000000001,0.21000000000000002,5.88958385628788,33.104529576027986,-34.63892533333333,17.49377683333333
1007.3136666666666,3.3021859309120143,34.557542629602196,32.01380186992171,180.00778262473534,2026-06-25 04:26:03.435769,0.6120000000000001,0.20800000000000002,5.889585548819689,33.12388654022536,-34.63892533333333,17.49377683333333
1007.6245,3.300561291239413,34.55754959390204,32.011959300274256,180.02306580938276,2026-06-25 04:26:03.610723,0.6120000000000001,0.20800000000000002,5.889577831291833,33.06885492707279,-34.63892533333333,17.49377683333333
1007.8245,3.300641531301683,34.55754970847377,32.011956666714994,180.0272354146252,2026-06-25 04:26:03.610723,0.6120000000000001,0.21000000000000002,5.889573814593899,33.033445846223984,-34.63892533333333,17.49377683333333
1008.0685,3.2985943592618403,34.557552015480994,32.01036619980017,180.03820225837538,2026-06-25 04:26:03.760684,0.6120000000000001,0.20900000000000002,5.889573814593899,32.99024676758841,-34.63892533333333,17.49377683333333
1008.2475000000001,3.29560495197448,34.557553814252735,32.00895988992212,180.06301127610152,2026-06-25 04:26:03.960632,0.6120000000000001,0.20808860759493755,5.8895599338854,32.96147688939874,-34.63892533333333,17.49377683333333
1008.484,3.293884393014415,34.55755475848472,32.00819932424766,180.08145669481524,2026-06-25 04:26:04.135587,0.6120000000000001,0.20800000000000002,5.889547705352637,32.96147688939874,-34.63892533333333,17.49377683333333
1008.668,3.293884393014415,34.55755475848472,32.00784229543421,180.08585636285213,2026-06-25 04:26:04.235561,0.6120000000000001,0.20800000000000002,5.889543688436753,32.96147688939874,-34.63892533333333,17.49377683333333
