PRES (dbar),TEMP (°C),SAL (psu),COND (mS/cm),OXY (µmol/kg),TIME,FLUO (ug/L),TURB (NTU),PH,LAT (°N),LON (°E)
0.505,18.830984754863202,35.41902321488069,47.23263319277198,221.63457965908844,2026-06-25 04:09:33.064611,NaN,NaN,NaN,-34.588367,17.487849
0.8244285714285713,18.828629980881743,35.41902321488069,47.2304086158142,221.6556740752117,2026-06-25 04:09:32.800395,NaN,NaN,NaN,-34.588367,17.487849
0.9936363636363637,18.82879005446012,35.419029814473696,47.230555888212706,221.78153768849307,2026-06-25 04:09:32.723791,NaN,NaN,NaN,-34.588367,17.487849
1.194,18.827476228069326,35.41904886763998,47.228752451924,221.66227771573114,2026-06-25 04:09:32.414781,NaN,NaN,NaN,-34.588367,17.487849
1.3974000000000002,18.828905354079723,35.41910023731648,47.229349458036715,221.65273807928332,2026-06-25 04:09:32.014885,NaN,NaN,NaN,-34.588367,17.487849
1.556,18.829629939787573,35.419128665398226,47.22969322122999,221.64536676205836,2026-06-25 04:09:31.864924,NaN,NaN,NaN,-34.588367,17.487849
1.8595000000000002,18.830075698064498,35.419170916332156,47.22995456928867,221.648244463968,2026-06-25 04:09:31.714963,NaN,NaN,NaN,-34.588367,17.487849
2.0066666666666664,18.83045297789208,35.41921922869008,47.23016397143764,221.64303912022402,2026-06-25 04:09:31.556671,NaN,NaN,NaN,-34.588367,17.487849
2.1712499999999997,18.830453821459347,35.419317569191826,47.23008212335839,221.64614676868084,2026-06-25 04:09:31.302571,NaN,NaN,NaN,-34.588367,17.487849
2.4452499999999997,18.828926196670963,35.41950493715765,47.229159213628385,221.63693722758342,2026-06-25 04:09:30.952662,NaN,NaN,NaN,-34.588367,17.487849
2.608,18.827663755482085,35.419613216373996,47.228210803736125,221.67337806924462,2026-06-25 04:09:30.781873,NaN,NaN,NaN,-34.588367,17.487849
3.0105,18.824432843062663,35.41992608412352,47.2261527112903,221.55766763199907,2026-06-25 04:09:30.381977,NaN,NaN,NaN,-34.588367,17.487849
3.192,18.82386832820848,35.42100718733016,47.2284972382105,221.38412387847902,2026-06-25 04:09:29.375573,NaN,NaN,NaN,-34.588367,17.487849
3.429705882352941,18.825646493792316,35.421927957477074,47.23171306578592,221.6825600000003,2026-06-25 04:09:28.530499,NaN,NaN,NaN,-34.588367,17.487849
3.5919090909090907,18.825688960383363,35.42227214162957,47.2344273374721,221.69818237785447,2026-06-25 04:09:28.217390,NaN,NaN,NaN,-34.588367,17.487849
3.8221,18.82891132072013,35.42258068879657,47.238098529883246,221.69209209520193,2026-06-25 04:09:27.883462,NaN,NaN,NaN,-34.588367,17.487849
3.969666666666667,18.84239227857572,35.424124860762475,47.251812301547375,221.56755346725203,2026-06-25 04:09:26.283046,NaN,NaN,NaN,-34.588367,17.487849
4.1774000000000004,18.842654476273196,35.42424575849167,47.252615846838246,221.56858471921763,2026-06-25 04:09:26.096428,NaN,NaN,NaN,-34.588367,17.487849
4.4295,18.842436368338138,35.424415815640586,47.252738694165664,221.57385179425015,2026-06-25 04:09:25.824832,NaN,NaN,NaN,-34.588367,17.487849
4.630699999999999,18.85225177911259,35.42513113951308,47.26263906847531,221.495926789621,2026-06-25 04:09:24.451856,NaN,NaN,NaN,-34.588367,17.487849
4.79448,18.85505216212967,35.42531836011471,47.2664764973017,221.47331320080116,2026-06-25 04:09:24.070956,NaN,NaN,NaN,-34.588367,17.487849
4.989588235294117,18.856286182722858,35.42552544057473,47.26891055549073,221.4777565257316,2026-06-25 04:09:23.628836,NaN,NaN,NaN,-34.588367,17.487849
5.1922,18.85562623545059,35.42597313290696,47.26975760021931,221.48388089147673,2026-06-25 04:09:22.657324,NaN,NaN,NaN,-34.588367,17.487849
5.4356,18.855035220669823,35.426281422706204,47.27023142574815,221.4915891993053,2026-06-25 04:09:21.827540,NaN,NaN,NaN,-34.588367,17.487849
5.604105263157895,18.859405316343658,35.42658411503917,47.273851645336514,221.23907421235123,2026-06-25 04:09:20.812542,NaN,NaN,NaN,-34.588367,17.487849
5.797419354838708,18.860605597485343,35.426659859509826,47.274796962021206,221.43730211735462,2026-06-25 04:09:20.546907,NaN,NaN,NaN,-34.588367,17.487849
6.007153846153845,18.86115940924895,35.426839405716606,47.275175767594,221.13451786519957,2026-06-25 04:09:19.856516,NaN,NaN,NaN,-34.588367,17.487849
6.22875,18.86168081310262,35.42711159396788,47.27612388842975,221.10344116554032,2026-06-25 04:09:18.830822,NaN,NaN,NaN,-34.588367,17.487849
6.408799999999999,18.85712288489807,35.427249698936954,47.27218104777846,221.14421498860705,2026-06-25 04:09:18.358445,NaN,NaN,NaN,-34.588367,17.487849
6.57,18.85681524816328,35.42735156545052,47.27230598739424,221.14761723270126,2026-06-25 04:09:17.985209,NaN,NaN,NaN,-34.588367,17.487849
6.8026800000000005,18.856171587681935,35.42735156545052,47.27140757119826,220.92415162940569,2026-06-25 04:09:17.198747,NaN,NaN,NaN,-34.588367,17.487849
7.0228,18.852382199206733,35.42735156545052,47.268508519958594,220.83040008629865,2026-06-25 04:09:15.515852,NaN,NaN,NaN,-34.588367,17.487849
7.212185185185184,18.853192546292316,35.427243744683096,47.268671153737344,221.05269023830428,2026-06-25 04:09:14.771232,NaN,NaN,NaN,-34.588367,17.487849
7.413296296296296,18.855315199210523,35.42667380763504,47.2703501395062,220.8224391761428,2026-06-25 04:09:13.234595,NaN,NaN,NaN,-34.588367,17.487849
7.603950000000002,18.855478527533485,35.42667380763504,47.27030781082421,221.17059716955038,2026-06-25 04:09:11.935119,NaN,NaN,NaN,-34.588367,17.487849
7.823285714285714,18.855387335508908,35.42667380763504,47.26982558537397,220.99957933511567,2026-06-25 04:09:11.273863,NaN,NaN,NaN,-34.588367,17.487849
8.020733333333334,18.855007617874204,35.42696643716546,47.26987602566998,221.17005617266986,2026-06-25 04:09:10.233896,NaN,NaN,NaN,-34.588367,17.487849
8.190764705882353,18.85494887630071,35.427393515960716,47.26954305098551,220.83832004041216,2026-06-25 04:09:09.723637,NaN,NaN,NaN,-34.588367,17.487849
8.428999999999998,18.85423292585483,35.42802960609459,47.269771317940766,220.8471984470494,2026-06-25 04:09:08.361051,NaN,NaN,NaN,-34.588367,17.487849
8.615166666666665,18.85352346648167,35.428114210736865,47.26931477123052,221.02733009606618,2026-06-25 04:09:07.335207,NaN,NaN,NaN,-34.588367,17.487849
8.81808695652174,18.850796963353684,35.42821972013983,47.26713823606688,221.20538799137066,2026-06-25 04:09:05.267509,NaN,NaN,NaN,-34.588367,17.487849
9.01286046511628,18.849983982121646,35.428114210736865,47.267354605424416,220.9043006396281,2026-06-25 04:09:05.404379,NaN,NaN,NaN,-34.588367,17.487849
9.20134375,18.84871429498999,35.42802960609459,47.26765808334338,220.66632918462662,2026-06-25 04:09:05.395261,NaN,NaN,NaN,-34.588367,17.487849
9.3738,18.848251575189884,35.42721288565866,47.26446573751824,220.57514796439705,2026-06-25 04:09:03.622286,NaN,NaN,NaN,-34.588367,17.487849
9.5825,18.847628753703344,35.4267731984463,47.26380406501329,221.0381938330581,2026-06-25 04:09:02.591305,NaN,NaN,NaN,-34.588367,17.487849
9.797499999999998,18.8463060770183,35.42655984255827,47.2622889989623,221.26215790508556,2026-06-25 04:09:01.614476,NaN,NaN,NaN,-34.588367,17.487849
9.983785714285712,18.84549167209149,35.42650904701387,47.26139625209321,221.2615919088976,2026-06-25 04:09:00.498100,NaN,NaN,NaN,-34.588367,17.487849
10.20906818181818,18.84520603691871,35.42647784172873,47.26093049331721,220.94473584462062,2026-06-25 04:08:58.789455,NaN,NaN,NaN,-34.588367,17.487849
10.40891111111111,18.845435013676116,35.426310664810615,47.260876667069546,221.27728789765143,2026-06-25 04:08:57.947098,NaN,NaN,NaN,-34.588367,17.487849
10.598304347826089,18.847196408092838,35.425577664376895,47.261829248831326,220.92359825054717,2026-06-25 04:08:56.024266,NaN,NaN,NaN,-34.588367,17.487849
10.793866666666668,18.843960073701798,35.4249010165391,47.25805811363294,220.8810044783329,2026-06-25 04:08:53.724866,NaN,NaN,NaN,-34.588367,17.487849
10.990263157894736,18.843028951152892,35.42477769501866,47.25744546153419,220.96298485785,2026-06-25 04:08:52.948752,NaN,NaN,NaN,-34.588367,17.487849
11.210333333333335,18.842122632594698,35.424566017537565,47.25569241666002,220.9667452432408,2026-06-25 04:08:50.905230,NaN,NaN,NaN,-34.588367,17.487849
11.411148148148149,18.842284707978777,35.424566017537565,47.25549434493152,220.7422945889736,2026-06-25 04:08:49.655556,NaN,NaN,NaN,-34.588367,17.487849
11.617216216216216,18.842370660293277,35.424566017537565,47.25601503381285,220.63917850865258,2026-06-25 04:08:48.007437,NaN,NaN,NaN,-34.588367,17.487849
11.801791666666666,18.84455003162823,35.42559648379471,47.259572057210185,219.82278852104574,2026-06-25 04:08:46.532990,NaN,NaN,NaN,-34.588367,17.487849
12.018638888888889,18.850567090669305,35.42786729980912,47.2680661576906,220.60168983104737,2026-06-25 04:08:44.198182,NaN,NaN,NaN,-34.588367,17.487849
12.21176,18.85114456016113,35.42961788511823,47.27105861437863,219.23787153465557,2026-06-25 04:08:42.073903,NaN,NaN,NaN,-34.588367,17.487849
12.398270833333333,18.852242778154192,35.42961788511823,47.27346359684958,218.91712313350686,2026-06-25 04:08:41.737365,NaN,NaN,NaN,-34.588367,17.487849
12.611045454545454,18.848822228299206,35.42961788511823,47.26970839386272,219.25798937524212,2026-06-25 04:08:38.824204,NaN,NaN,NaN,-34.588367,17.487849
12.803333333333336,18.8470071590667,35.428578372759205,47.266591138032446,219.38336289507734,2026-06-25 04:08:36.708788,NaN,NaN,NaN,-34.588367,17.487849
12.990342857142855,18.845519228570318,35.427599173584866,47.26409132743066,219.35672894366954,2026-06-25 04:08:35.846669,NaN,NaN,NaN,-34.588367,17.487849
13.202120000000003,18.840403148900897,35.42625422062926,47.25566376454751,220.26385378490465,2026-06-25 04:08:33.900033,NaN,NaN,NaN,-34.588367,17.487849
13.401285714285715,18.839331952558364,35.42625422062926,47.256076132172375,220.00578447618204,2026-06-25 04:08:32.826742,NaN,NaN,NaN,-34.588367,17.487849
13.612111111111108,18.83777858967432,35.42625422062926,47.254812886789196,220.35665360820502,2026-06-25 04:08:31.569530,NaN,NaN,NaN,-34.588367,17.487849
13.82388888888889,18.836376903749738,35.42766077234025,47.25439075605743,220.36162944802555,2026-06-25 04:08:28.430070,NaN,NaN,NaN,-34.588367,17.487849
14.001050000000001,18.83599465618599,35.427969408772675,47.25408642959494,220.3649169446957,2026-06-25 04:08:27.496702,NaN,NaN,NaN,-34.588367,17.487849
14.201365384615382,18.835898654957965,35.4282206837219,47.25516918203391,220.10518995318995,2026-06-25 04:08:27.474016,NaN,NaN,NaN,-34.588367,17.487849
14.40704347826087,18.836981446943952,35.42838128642007,47.25624651583189,220.26607432756182,2026-06-25 04:08:24.778063,NaN,NaN,NaN,-34.588367,17.487849
14.610357142857143,18.84038746988287,35.42850000174598,47.264207934860835,219.5084854209142,2026-06-25 04:08:24.071881,NaN,NaN,NaN,-34.588367,17.487849
14.8234375,18.837334821849247,35.42852793675854,47.25915745314856,219.70251744878243,2026-06-25 04:08:20.805322,NaN,NaN,NaN,-34.588367,17.487849
14.99408888888889,18.83471065829344,35.42864128408944,47.2547427055569,219.73515249524746,2026-06-25 04:08:18.628458,NaN,NaN,NaN,-34.588367,17.487849
15.212800000000001,18.83337038908889,35.428867817444186,47.25397289288715,219.6938562753823,2026-06-25 04:08:16.469122,NaN,NaN,NaN,-34.588367,17.487849
15.40211111111111,18.832914571019725,35.42934336788402,47.25384225572544,220.36990203318766,2026-06-25 04:08:16.177510,NaN,NaN,NaN,-34.588367,17.487849
15.588953488372095,18.8324552183636,35.42934336788402,47.254088700609095,220.0170849883715,2026-06-25 04:08:16.090490,NaN,NaN,NaN,-34.588367,17.487849
15.804962962962964,18.83057358486674,35.42934336788402,47.253112997362756,220.75656794051073,2026-06-25 04:08:12.281965,NaN,NaN,NaN,-34.588367,17.487849
16.02743181818182,18.827383154361033,35.42848386709403,47.24636876378456,221.1246638108138,2026-06-25 04:08:06.743930,NaN,NaN,NaN,-34.588367,17.487849
16.208480769230768,18.826700083850653,35.428103162204486,47.24531904189548,221.14016049543557,2026-06-25 04:08:05.586452,NaN,NaN,NaN,-34.588367,17.487849
16.418583333333334,18.82647346956607,35.42768949115235,47.24588158707105,221.13048819269298,2026-06-25 04:08:04.590798,NaN,NaN,NaN,-34.588367,17.487849
16.591930232558138,18.824932165297888,35.42768949115235,47.24474236405445,221.15980915383912,2026-06-25 04:08:04.544662,NaN,NaN,NaN,-34.588367,17.487849
16.7877619047619,18.825050546490537,35.42768949115235,47.24540322485019,221.159042310119,2026-06-25 04:08:03.933083,NaN,NaN,NaN,-34.588367,17.487849
16.9944,18.827695335457662,35.42870790598745,47.24989187655277,221.21949711261811,2026-06-25 04:07:59.552986,NaN,NaN,NaN,-34.588367,17.487849
17.2321,18.824292102802715,35.42870790598745,47.245786852663706,221.84019756950187,2026-06-25 04:07:56.397809,NaN,NaN,NaN,-34.588367,17.487849
17.395153846153846,18.821981131911613,35.42870790598745,47.24306062975271,221.85170133034478,2026-06-25 04:07:54.333296,NaN,NaN,NaN,-34.588367,17.487849
17.59557142857143,18.821788152597144,35.42862429186732,47.242744994210724,221.8623584808771,2026-06-25 04:07:52.282548,NaN,NaN,NaN,-34.588367,17.487849
17.8052,18.82202576193633,35.42851233092972,47.242895681098425,221.64358346449364,2026-06-25 04:07:47.644313,NaN,NaN,NaN,-34.588367,17.487849
18.010366666666663,18.824078128590838,35.42851233092972,47.24511141740768,221.63672897135885,2026-06-25 04:07:45.897546,NaN,NaN,NaN,-34.588367,17.487849
18.205644444444445,18.823652178312933,35.42851233092972,47.24460944641649,220.4437284795817,2026-06-25 04:07:45.850336,NaN,NaN,NaN,-34.588367,17.487849
18.39391428571429,18.823944488131502,35.428797417309966,47.245008715558555,219.91602007843608,2026-06-25 04:07:43.120412,NaN,NaN,NaN,-34.588367,17.487849
18.6102380952381,18.823788147321682,35.42970841946552,47.2467494985994,219.8794931410377,2026-06-25 04:07:39.463270,NaN,NaN,NaN,-34.588367,17.487849
18.815369565217395,18.82377096720389,35.43030219145292,47.247728896057254,219.82742768770962,2026-06-25 04:07:37.157867,NaN,NaN,NaN,-34.588367,17.487849
19.010550724637678,18.823396147560427,35.430592288906155,47.24732614740976,220.1861615407198,2026-06-25 04:07:36.652926,NaN,NaN,NaN,-34.588367,17.487849
19.19639393939394,18.822974638040414,35.43093526319406,47.24699231269898,219.50715818760426,2026-06-25 04:07:34.460678,NaN,NaN,NaN,-34.588367,17.487849
19.395368421052634,18.823620898014006,35.431517566052875,47.24902883221266,219.71932117835823,2026-06-25 04:07:32.830162,NaN,NaN,NaN,-34.588367,17.487849
19.570615384615387,18.824025883298926,35.43218114662163,47.25001125018483,219.50187117230485,2026-06-25 04:07:31.665486,NaN,NaN,NaN,-34.588367,17.487849
19.84266666666667,18.823717313236816,35.432625095461184,47.25067237649095,219.42982999084813,2026-06-25 04:07:30.613196,NaN,NaN,NaN,-34.588367,17.487849
20.026277777777775,18.823317783768047,35.432719557439285,47.25103815299301,219.99262532775313,2026-06-25 04:07:28.308242,NaN,NaN,NaN,-34.588367,17.487849
20.207375,18.822948934597505,35.43278415257581,47.25072769522607,219.90152983774053,2026-06-25 04:07:27.226579,NaN,NaN,NaN,-34.588367,17.487849
20.392557692307694,18.821416937353316,35.43278415257581,47.24808319732138,219.8624939373468,2026-06-25 04:07:27.027272,NaN,NaN,NaN,-34.588367,17.487849
20.60620833333333,18.8210141132377,35.43278415257581,47.24780586357863,219.86434062961843,2026-06-25 04:07:24.216947,NaN,NaN,NaN,-34.588367,17.487849
20.80712,18.82038500913213,35.4333461532318,47.24837421658371,219.86687238899123,2026-06-25 04:07:22.368679,NaN,NaN,NaN,-34.588367,17.487849
21.00296666666667,18.818851499088066,35.4333461532318,47.24657578256613,219.72072180559707,2026-06-25 04:07:21.663862,NaN,NaN,NaN,-34.588367,17.487849
21.189714285714285,18.814559675322037,35.4333461532318,47.24343770985373,220.2407737547539,2026-06-25 04:07:20.267084,NaN,NaN,NaN,-34.588367,17.487849
21.4102,18.810362252491046,35.431109137864446,47.237254360785755,220.73563310923916,2026-06-25 04:07:17.779875,NaN,NaN,NaN,-34.588367,17.487849
21.61713157894737,18.807630011904404,35.43006439557938,47.23173687160003,221.3319452341838,2026-06-25 04:07:16.593605,NaN,NaN,NaN,-34.588367,17.487849
21.812416666666667,18.807047606246403,35.43006439557938,47.23053689900584,220.98940979633502,2026-06-25 04:07:16.270060,NaN,NaN,NaN,-34.588367,17.487849
21.98621052631579,18.807276433708093,35.43006439557938,47.231622117914526,221.00275019549815,2026-06-25 04:07:14.671738,NaN,NaN,NaN,-34.588367,17.487849
22.21856756756757,18.806621598380257,35.43026039750421,47.23192579433725,221.553936746277,2026-06-25 04:07:11.256981,NaN,NaN,NaN,-34.588367,17.487849
22.390285714285714,18.804831374813983,35.43026039750421,47.2297554813195,221.5887679668429,2026-06-25 04:07:09.990681,NaN,NaN,NaN,-34.588367,17.487849
22.607318181818183,18.800789957081072,35.43026039750421,47.22599023059298,221.8197647432492,2026-06-25 04:07:07.906994,NaN,NaN,NaN,-34.588367,17.487849
22.8114,18.80043445025404,35.43016946553376,47.22529307204553,221.73569714931003,2026-06-25 04:07:06.567797,NaN,NaN,NaN,-34.588367,17.487849
23.013878048780487,18.79959832706634,35.43009136997146,47.22452105804271,221.75807479279322,2026-06-25 04:07:04.593556,NaN,NaN,NaN,-34.588367,17.487849
23.207266666666673,18.798550447423924,35.42997869280451,47.223257334399015,222.0936750171195,2026-06-25 04:07:03.195899,NaN,NaN,NaN,-34.588367,17.487849
23.413240740740736,18.796900143865404,35.42997869280451,47.221371442964795,222.4024327511791,2026-06-25 04:07:00.081340,NaN,NaN,NaN,-34.588367,17.487849
23.614780821917808,18.797526095680904,35.42997869280451,47.221939066090656,222.65608243205003,2026-06-25 04:06:56.732758,NaN,NaN,NaN,-34.588367,17.487849
23.812766666666672,18.800134023694632,35.43000033956614,47.22509686983479,221.0456369799507,2026-06-25 04:06:52.964121,NaN,NaN,NaN,-34.588367,17.487849
24.00040298507463,18.80336193640329,35.431249752630514,47.22974666214612,222.49685227064435,2026-06-25 04:06:50.355531,NaN,NaN,NaN,-34.588367,17.487849
24.209553846153852,18.810594856034996,35.43243000082401,47.23919716488084,220.263250926774,2026-06-25 04:06:46.430354,NaN,NaN,NaN,-34.588367,17.487849
24.396965517241377,18.814374298185957,35.43259393005335,47.24311671952834,219.28470915861743,2026-06-25 04:06:43.682901,NaN,NaN,NaN,-34.588367,17.487849
24.61347619047619,18.816252978500387,35.43271973291192,47.2447946904672,219.56355264328272,2026-06-25 04:06:40.278698,NaN,NaN,NaN,-34.588367,17.487849
24.8082,18.819680295176916,35.43589814510978,47.251918747920854,218.9229668472338,2026-06-25 04:06:38.692563,NaN,NaN,NaN,-34.588367,17.487849
25.005891891891892,18.823257732027592,35.441722716154906,47.26296709078145,217.13191718065264,2026-06-25 04:06:36.598447,NaN,NaN,NaN,-34.588367,17.487849
25.208416666666665,18.823648310928647,35.441722716154906,47.26956413428152,216.34392699608932,2026-06-25 04:06:34.141458,NaN,NaN,NaN,-34.588367,17.487849
25.38414814814815,18.824591465587023,35.441722716154906,47.26825003902441,216.57738418142927,2026-06-25 04:06:33.404035,NaN,NaN,NaN,-34.588367,17.487849
25.605655172413798,18.823977062778148,35.43981575176278,47.26040648021994,217.89025056351338,2026-06-25 04:06:30.491511,NaN,NaN,NaN,-34.588367,17.487849
25.80615909090909,18.82083824321859,35.436913352395884,47.25610056798368,218.3144776430221,2026-06-25 04:06:28.468410,NaN,NaN,NaN,-34.588367,17.487849
26.007246575342467,18.816794708800387,35.436913352395884,47.25169837722123,218.62957937360002,2026-06-25 04:06:25.772335,NaN,NaN,NaN,-34.588367,17.487849
26.20907352941176,18.811647424816087,35.436913352395884,47.245944741400315,218.75552728534225,2026-06-25 04:06:22.494433,NaN,NaN,NaN,-34.588367,17.487849
26.382,18.810378920194022,35.43695138728977,47.243907336525076,218.2677056941521,2026-06-25 04:06:21.583878,NaN,NaN,NaN,-34.588367,17.487849
26.603758620689657,18.802174808925386,35.4370441934489,47.23398480282851,219.72643747875043,2026-06-25 04:06:16.067685,NaN,NaN,NaN,-34.588367,17.487849
26.81674,18.795837546946327,35.4370441934489,47.22955993665324,219.06912182770054,2026-06-25 04:06:12.555876,NaN,NaN,NaN,-34.588367,17.487849
27.011116279069768,18.796701979386302,35.4370441934489,47.232042723132736,219.13216993518512,2026-06-25 04:06:12.263464,NaN,NaN,NaN,-34.588367,17.487849
27.197173913043482,18.798576712633572,35.437022408519844,47.23619323202964,218.7735125076866,2026-06-25 04:06:11.507367,NaN,NaN,NaN,-34.588367,17.487849
27.384210526315794,18.797372325183364,35.43675233686121,47.233052904842054,218.65885396521873,2026-06-25 04:06:09.236163,NaN,NaN,NaN,-34.588367,17.487849
27.60664705882353,18.79252932203928,35.43572840505768,47.22341549125158,220.4087515371342,2026-06-25 04:06:06.068567,NaN,NaN,NaN,-34.588367,17.487849
27.81365517241379,18.7828326640764,35.433721591157536,47.2128809080207,220.5279602566612,2026-06-25 04:06:04.896459,NaN,NaN,NaN,-34.588367,17.487849
28.01669565217392,18.7722283057666,35.432151872405264,47.2011445577516,221.89158239978804,2026-06-25 04:06:03.540965,NaN,NaN,NaN,-34.588367,17.487849
28.197047619047616,18.771011595285067,35.43106624199331,47.19892689026616,222.59814015478116,2026-06-25 04:06:01.143660,NaN,NaN,NaN,-34.588367,17.487849
28.412960526315793,18.771976447783008,35.43106624199331,47.19936574867489,222.26904750046745,2026-06-25 04:05:58.882940,NaN,NaN,NaN,-34.588367,17.487849
28.58729545454545,18.771655744462727,35.43106624199331,47.19925353589926,222.39396367556054,2026-06-25 04:05:57.387875,NaN,NaN,NaN,-34.588367,17.487849
28.785227272727276,18.76976194831602,35.43177815757261,47.199705240220325,222.3664986563016,2026-06-25 04:05:55.146414,NaN,NaN,NaN,-34.588367,17.487849
29.011636363636367,18.76867095840836,35.43183502481076,47.1978865956479,222.71251813789257,2026-06-25 04:05:52.976525,NaN,NaN,NaN,-34.588367,17.487849
29.22155172413793,18.76782983930734,35.43199640161245,47.19677325801907,222.71922998720365,2026-06-25 04:05:51.806767,NaN,NaN,NaN,-34.588367,17.487849
29.413863636363637,18.768369685249194,35.432347005901754,47.19813733311143,222.51010520616921,2026-06-25 04:05:50.260188,NaN,NaN,NaN,-34.588367,17.487849
29.607966666666663,18.768657736588818,35.434407038512504,47.19999995762563,222.23233570195333,2026-06-25 04:05:48.766411,NaN,NaN,NaN,-34.588367,17.487849
29.81658064516129,18.770340498844554,35.43607194462078,47.20572394842157,221.51387786997603,2026-06-25 04:05:46.167303,NaN,NaN,NaN,-34.588367,17.487849
30.01291666666667,18.771359410675515,35.43607194462078,47.20762739606619,221.66571845767027,2026-06-25 04:05:43.884072,NaN,NaN,NaN,-34.588367,17.487849
30.198183673469387,18.771707001943543,35.43607194462078,47.20529543142442,221.36294582599422,2026-06-25 04:05:42.353320,NaN,NaN,NaN,-34.588367,17.487849
30.401999999999994,18.76961029423347,35.43536865535479,47.203188053748804,221.66472387424747,2026-06-25 04:05:41.159675,NaN,NaN,NaN,-34.588367,17.487849
30.615499999999997,18.76755894454949,35.43536865535479,47.20013336224944,221.00561515781683,2026-06-25 04:05:39.041237,NaN,NaN,NaN,-34.588367,17.487849
30.814000000000004,18.766426779340026,35.435062236126335,47.201234454568436,221.05266497499528,2026-06-25 04:05:38.209162,NaN,NaN,NaN,-34.588367,17.487849
31.023136363636365,18.765367774108018,35.4348727623546,47.20059620676236,221.18202698035708,2026-06-25 04:05:36.996600,NaN,NaN,NaN,-34.588367,17.487849
31.222214285714283,18.764707053835252,35.4348727623546,47.19815005070111,220.92581109164072,2026-06-25 04:05:33.935872,NaN,NaN,NaN,-34.588367,17.487849
31.39629268292683,18.764410389566006,35.43287054698461,47.1955146737243,220.63182261399015,2026-06-25 04:05:31.133771,NaN,NaN,NaN,-34.588367,17.487849
31.59326666666667,18.76357119041049,35.43243393964996,47.19405827839468,222.12683955984372,2026-06-25 04:05:31.327623,NaN,NaN,NaN,-34.588367,17.487849
31.79416,18.763807139327334,35.43243393964996,47.19219094415039,222.46838039397332,2026-06-25 04:05:28.544348,NaN,NaN,NaN,-34.588367,17.487849
32.021818181818176,18.765909532647427,35.43287054698461,47.196694763737426,222.43265295273807,2026-06-25 04:05:22.668516,NaN,NaN,NaN,-34.588367,17.487849
32.21874418604651,18.76918293910008,35.433477599262744,47.202854965949854,220.0545895310364,2026-06-25 04:05:20.004993,NaN,NaN,NaN,-34.588367,17.487849
32.410072463768124,18.77087594247635,35.43381950064315,47.206537466070436,221.3017423386996,2026-06-25 04:05:19.306119,NaN,NaN,NaN,-34.588367,17.487849
32.60787837837839,18.769356744462208,35.43505909923559,47.20160996985859,222.6723271628037,2026-06-25 04:05:20.180528,NaN,NaN,NaN,-34.588367,17.487849
32.80972,18.76880599741612,35.435379339634814,47.2006302077687,221.98908780905168,2026-06-25 04:05:19.308756,NaN,NaN,NaN,-34.588367,17.487849
32.988249999999994,18.77329341576243,35.43688605239386,47.20812439312948,221.95177906078214,2026-06-25 04:05:15.281805,NaN,NaN,NaN,-34.588367,17.487849
33.199149999999996,18.777894428473555,35.43963816978696,47.218373605013184,219.7399961170212,2026-06-25 04:05:12.837442,NaN,NaN,NaN,-34.588367,17.487849
33.420888888888896,18.782993241510393,35.44496900827781,47.23047054758047,219.27946694040267,2026-06-25 04:05:11.135664,NaN,NaN,NaN,-34.588367,17.487849
33.62125,18.787260016630338,35.450107231165596,47.23967540103119,216.42894319754552,2026-06-25 04:05:09.573066,NaN,NaN,NaN,-34.588367,17.487849
33.802229729729724,18.790568868206186,35.451607632684606,47.24942404476681,217.42595664847696,2026-06-25 04:05:07.549361,NaN,NaN,NaN,-34.588367,17.487849
33.989723404255315,18.793067792434947,35.451607632684606,47.25333209862348,215.21538175416035,2026-06-25 04:05:05.797044,NaN,NaN,NaN,-34.588367,17.487849
34.18873076923077,18.795644130255962,35.451607632684606,47.25003914497835,217.25266993248678,2026-06-25 04:05:02.763914,NaN,NaN,NaN,-34.588367,17.487849
34.40761538461539,18.796900984984077,35.45002007589183,47.24985421911947,216.8473980922421,2026-06-25 04:05:01.323905,NaN,NaN,NaN,-34.588367,17.487849
34.61571428571429,18.797618922381805,35.45002007589183,47.249428280824915,216.84777376790763,2026-06-25 04:04:59.751925,NaN,NaN,NaN,-34.588367,17.487849
34.819300000000005,18.79819264227279,35.45002007589183,47.25175829046342,216.14729745889045,2026-06-25 04:04:57.643070,NaN,NaN,NaN,-34.588367,17.487849
34.997672413793104,18.799389272312546,35.452876252635384,47.25623176247153,214.92406697966865,2026-06-25 04:04:56.554790,NaN,NaN,NaN,-34.588367,17.487849
35.190875,18.800986291703776,35.454941978245614,47.26244583121505,215.5741289959136,2026-06-25 04:04:54.564705,NaN,NaN,NaN,-34.588367,17.487849
35.40835555555555,18.80174404989629,35.454941978245614,47.26872159909188,212.49623430217744,2026-06-25 04:04:50.547142,NaN,NaN,NaN,-34.588367,17.487849
35.60510909090909,18.79789418860522,35.454941978245614,47.25986412138275,210.9852150404288,2026-06-25 04:04:49.112263,NaN,NaN,NaN,-34.588367,17.487849
35.796749999999996,18.794222102908574,35.450893169719706,47.25025986275278,214.09360923672676,2026-06-25 04:04:47.765763,NaN,NaN,NaN,-34.588367,17.487849
36.02575,18.788126895916186,35.445915714526976,47.235252702615476,214.0422418542306,2026-06-25 04:04:44.842240,NaN,NaN,NaN,-34.588367,17.487849
36.20943478260869,18.78244617135991,35.4434132771782,47.22154614683462,220.3398067361849,2026-06-25 04:04:43.259717,NaN,NaN,NaN,-34.588367,17.487849
36.42768421052631,18.785277812466905,35.4434132771782,47.231113158896676,214.88161030561045,2026-06-25 04:04:39.717391,NaN,NaN,NaN,-34.588367,17.487849
36.60338372093023,18.78607811488164,35.4434132771782,47.233128585856925,218.19815404021404,2026-06-25 04:04:38.154274,NaN,NaN,NaN,-34.588367,17.487849
36.790484375000005,18.786734677401082,35.44523442559729,47.23335982958767,216.1547894743749,2026-06-25 04:04:37.385433,NaN,NaN,NaN,-34.588367,17.487849
36.98147368421053,18.78825641039539,35.45409653483893,47.242599686630925,220.26723820774126,2026-06-25 04:04:35.181732,NaN,NaN,NaN,-34.588367,17.487849
37.202727272727266,18.789674189585853,35.4589069908519,47.259944371736964,213.75964308762184,2026-06-25 04:04:32.433883,NaN,NaN,NaN,-34.588367,17.487849
37.41569230769232,18.787574928601938,35.4589069908519,47.2629582731009,211.46307998232805,2026-06-25 04:04:30.028217,NaN,NaN,NaN,-34.588367,17.487849
37.61026530612244,18.790056559714316,35.4589069908519,47.257774665241286,216.34833436374188,2026-06-25 04:04:27.590155,NaN,NaN,NaN,-34.588367,17.487849
37.817972222222224,18.79015327102788,35.458566769617384,47.25344244698493,215.68889432214553,2026-06-25 04:04:26.559089,NaN,NaN,NaN,-34.588367,17.487849
37.99176923076923,18.788758592291295,35.45721661442357,47.25380408125643,214.83062429185594,2026-06-25 04:04:26.335333,NaN,NaN,NaN,-34.588367,17.487849
38.19070588235293,18.790365619433114,35.45721661442357,47.25216643118864,215.93567771139922,2026-06-25 04:04:23.768762,NaN,NaN,NaN,-34.588367,17.487849
38.404900000000005,18.79235769968476,35.458566769617384,47.253630176636406,215.59353034174887,2026-06-25 04:04:21.105927,NaN,NaN,NaN,-34.588367,17.487849
38.61792857142857,18.78998629451679,35.459535534940876,47.25349778318755,215.48353577388556,2026-06-25 04:04:20.553214,NaN,NaN,NaN,-34.588367,17.487849
38.824958333333335,18.782151059469474,35.46565185194815,47.25526437706302,212.81139324609012,2026-06-25 04:04:18.394550,NaN,NaN,NaN,-34.588367,17.487849
39.01501388888889,18.781148908213293,35.46565185194815,47.256852925731295,212.36138651455545,2026-06-25 04:04:16.751923,NaN,NaN,NaN,-34.588367,17.487849
39.196931818181824,18.783489752025204,35.46565185194815,47.258403853958136,212.63580977625287,2026-06-25 04:04:14.838470,NaN,NaN,NaN,-34.588367,17.487849
39.41775,18.78781289345273,35.465315783925334,47.25934521653093,213.68804505625403,2026-06-25 04:04:12.724674,NaN,NaN,NaN,-34.588367,17.487849
39.603730769230765,18.78964635510885,35.465315783925334,47.26045264319753,213.6721250403153,2026-06-25 04:04:11.238883,NaN,NaN,NaN,-34.588367,17.487849
39.802888888888894,18.788174516714367,35.465315783925334,47.262402654316446,213.1391685961911,2026-06-25 04:04:09.840530,NaN,NaN,NaN,-34.588367,17.487849
40.024208333333334,18.782929658395993,35.466716299175,47.259026309568945,213.2676513419747,2026-06-25 04:04:08.315927,NaN,NaN,NaN,-34.588367,17.487849
40.220736842105275,18.780332327540325,35.46683460175143,47.25643440849591,213.43770102522274,2026-06-25 04:04:06.956194,NaN,NaN,NaN,-34.588367,17.487849
40.39908888888889,18.779775185616426,35.46690077271644,47.2550371623033,212.77520859930183,2026-06-25 04:04:05.232287,NaN,NaN,NaN,-34.588367,17.487849
40.60342307692308,18.78000387566831,35.46814992904752,47.255906029425304,213.75612824905787,2026-06-25 04:04:03.713922,NaN,NaN,NaN,-34.588367,17.487849
40.797526315789476,18.77711907458332,35.472236803262696,47.26037733834813,211.22539712293664,2026-06-25 04:04:02.419219,NaN,NaN,NaN,-34.588367,17.487849
41.033181818181816,18.7728092253778,35.47691098397927,47.26325343781916,210.31199879294542,2026-06-25 04:04:01.378342,NaN,NaN,NaN,-34.588367,17.487849
41.215045454545454,18.77059312840668,35.481824581414635,47.26403819613244,209.4443416896497,2026-06-25 04:04:00.449039,NaN,NaN,NaN,-34.588367,17.487849
41.39794444444445,18.769381708687234,35.48545781095089,47.2651965186983,208.44625261486976,2026-06-25 04:03:59.243292,NaN,NaN,NaN,-34.588367,17.487849
41.61367391304348,18.766523354180013,35.48545781095089,47.26650776716304,210.0257673434153,2026-06-25 04:03:57.095664,NaN,NaN,NaN,-34.588367,17.487849
41.795923076923074,18.765358081606387,35.48545781095089,47.26646381002881,207.86751709717817,2026-06-25 04:03:55.881348,NaN,NaN,NaN,-34.588367,17.487849
41.999750000000006,18.767599415830706,35.48585364560253,47.2616049007917,211.97958323015612,2026-06-25 04:03:54.241818,NaN,NaN,NaN,-34.588367,17.487849
42.20523076923078,18.764340112031825,35.48585364560253,47.25357607727562,211.70718514109362,2026-06-25 04:03:51.853552,NaN,NaN,NaN,-34.588367,17.487849
42.40942105263158,18.754810433864115,35.48585364560253,47.25312030748756,208.0696467258258,2026-06-25 04:03:50.948525,NaN,NaN,NaN,-34.588367,17.487849
42.62356666666667,18.732287164449886,35.50160152917171,47.25151030531635,206.16696188833487,2026-06-25 04:03:48.282816,NaN,NaN,NaN,-34.588367,17.487849
42.807344827586206,18.718413670261018,35.51104477317189,47.24704111520527,200.0283865971798,2026-06-25 04:03:46.667835,NaN,NaN,NaN,-34.588367,17.487849
42.99865517241379,18.70248148324979,35.518583176281005,47.23867227687215,200.32933374848096,2026-06-25 04:03:45.072561,NaN,NaN,NaN,-34.588367,17.487849
43.20320000000001,18.678001989676392,35.52771952602445,47.225047067661436,199.72699058711652,2026-06-25 04:03:43.085837,NaN,NaN,NaN,-34.588367,17.487849
43.386833333333335,18.648356645124963,35.537730977938544,47.20702613678918,197.45868122106805,2026-06-25 04:03:40.848087,NaN,NaN,NaN,-34.588367,17.487849
43.59335483870968,18.616557534454447,35.54210580319089,47.181394832770415,196.83514011185292,2026-06-25 04:03:39.210073,NaN,NaN,NaN,-34.588367,17.487849
43.79228571428572,18.61137770712655,35.543722172778864,47.17577405454565,197.19460715301477,2026-06-25 04:03:37.581082,NaN,NaN,NaN,-34.588367,17.487849
44.01723076923077,18.614203326743407,35.543722172778864,47.17887885830206,196.56425195951863,2026-06-25 04:03:35.178411,NaN,NaN,NaN,-34.588367,17.487849
44.20632075471697,18.596992445555962,35.544033391688686,47.16343761609008,196.44684790493662,2026-06-25 04:03:33.353657,NaN,NaN,NaN,-34.588367,17.487849
44.39845454545454,18.590078899814678,35.54411688671161,47.15613964095814,196.67433926398746,2026-06-25 04:03:31.936016,NaN,NaN,NaN,-34.588367,17.487849
44.61292592592593,18.612476485283143,35.54438317770616,47.17465693363377,198.94759102698833,2026-06-25 04:03:29.376078,NaN,NaN,NaN,-34.588367,17.487849
44.803311111111114,18.578738881357573,35.54808564322674,47.14824517770476,197.87763546052574,2026-06-25 04:03:27.317725,NaN,NaN,NaN,-34.588367,17.487849
45.001599999999996,18.558026069512138,35.549541419555865,47.1298403857258,197.38912933927975,2026-06-25 04:03:26.405185,NaN,NaN,NaN,-34.588367,17.487849
45.221656249999995,18.532454023270184,35.55045564196869,47.105130339463045,197.37958979612733,2026-06-25 04:03:22.892351,NaN,NaN,NaN,-34.588367,17.487849
45.401038461538455,18.51109011909445,35.55080077193438,47.08249310987356,199.26607115274447,2026-06-25 04:03:21.197120,NaN,NaN,NaN,-34.588367,17.487849
45.5858947368421,18.51127836442106,35.55093168125994,47.08293574383503,199.09543954772715,2026-06-25 04:03:20.204784,NaN,NaN,NaN,-34.588367,17.487849
45.805034482758614,18.539192057335715,35.55093168125994,47.11256225135972,197.2970907574648,2026-06-25 04:03:17.241884,NaN,NaN,NaN,-34.588367,17.487849
46.012928571428574,18.538349520341736,35.55174525254345,47.11247637264203,197.36558971548885,2026-06-25 04:03:15.423762,NaN,NaN,NaN,-34.588367,17.487849
46.203807692307684,18.530423496001706,35.55174525254345,47.10445512733277,197.40259899988033,2026-06-25 04:03:13.849996,NaN,NaN,NaN,-34.588367,17.487849
46.40994285714286,18.53080279832047,35.55174525254345,47.1044358612304,197.42549856901667,2026-06-25 04:03:12.019649,NaN,NaN,NaN,-34.588367,17.487849
46.608765432098764,18.532688732030387,35.551256614955456,47.10584771765431,197.07454608725794,2026-06-25 04:03:09.646652,NaN,NaN,NaN,-34.588367,17.487849
46.7928085106383,18.53954963085716,35.55111568546685,47.113200991298186,196.88835672429886,2026-06-25 04:03:07.534253,NaN,NaN,NaN,-34.588367,17.487849
47.00481818181819,18.539258914336866,35.550938570600465,47.11287707641507,196.79005984609495,2026-06-25 04:03:04.502258,NaN,NaN,NaN,-34.588367,17.487849
47.177238095238096,18.53368537898266,35.550809107659525,47.10749349999634,197.2155934538557,2026-06-25 04:03:03.075790,NaN,NaN,NaN,-34.588367,17.487849
47.40977777777778,18.513542283207688,35.550809107659525,47.08475967547944,197.2130977118851,2026-06-25 04:03:01.590265,NaN,NaN,NaN,-34.588367,17.487849
47.606159090909095,18.512044984225952,35.550809107659525,47.084939745932026,196.8161114591336,2026-06-25 04:02:59.467207,NaN,NaN,NaN,-34.588367,17.487849
47.80564150943395,18.51583098221626,35.55160250462999,47.090099542983225,197.5395491917261,2026-06-25 04:02:57.316824,NaN,NaN,NaN,-34.588367,17.487849
48.008780487804884,18.50914368229373,35.55195720735519,47.083508544478,197.04093828781592,2026-06-25 04:02:55.629183,NaN,NaN,NaN,-34.588367,17.487849
48.190000000000005,18.50023979635747,35.55225446200517,47.07482713222738,198.23223949694503,2026-06-25 04:02:53.489136,NaN,NaN,NaN,-34.588367,17.487849
48.40291304347825,18.492202909015763,35.55225446200517,47.06676848449491,198.57980764551246,2026-06-25 04:02:52.006108,NaN,NaN,NaN,-34.588367,17.487849
48.61223809523809,18.483484859872704,35.55225446200517,47.05785601423035,198.6006035805376,2026-06-25 04:02:51.157468,NaN,NaN,NaN,-34.588367,17.487849
48.7895,18.471366987135767,35.552038045968935,47.04472369649054,199.5901005926856,2026-06-25 04:02:49.900950,NaN,NaN,NaN,-34.588367,17.487849
49.04333333333333,18.463057728938754,35.55143470035318,47.03631112407711,200.2019817910326,2026-06-25 04:02:48.899128,NaN,NaN,NaN,-34.588367,17.487849
49.20749999999999,18.43323374167545,35.55051782587718,47.006474930914,202.21560063252585,2026-06-25 04:02:47.929305,NaN,NaN,NaN,-34.588367,17.487849
49.42264150943397,18.36532084039334,35.54929964294131,46.933719072754286,205.0913059878333,2026-06-25 04:02:45.446333,NaN,NaN,NaN,-34.588367,17.487849
49.62176923076924,18.338379214333063,35.54929964294131,46.90568972539723,203.34136375554408,2026-06-25 04:02:44.178884,NaN,NaN,NaN,-34.588367,17.487849
49.798280000000005,18.297588432620874,35.54929964294131,46.86564070924614,206.1293693300648,2026-06-25 04:02:42.249695,NaN,NaN,NaN,-34.588367,17.487849
50.022111111111116,18.284499426008036,35.54940529534519,46.85313305700929,206.661650961768,2026-06-25 04:02:40.022275,NaN,NaN,NaN,-34.588367,17.487849
50.19691428571428,18.300805119432002,35.54940529534519,46.86927388948869,205.81104001814143,2026-06-25 04:02:38.881144,NaN,NaN,NaN,-34.588367,17.487849
50.407133333333334,18.313978152328822,35.54940529534519,46.88181639154918,205.67015063785223,2026-06-25 04:02:38.119438,NaN,NaN,NaN,-34.588367,17.487849
50.60988888888889,18.319133433139847,35.54855891885217,46.88698555761308,205.45427475274474,2026-06-25 04:02:36.662040,NaN,NaN,NaN,-34.588367,17.487849
50.78138095238096,18.31215504902493,35.54855891885217,46.88007405658542,205.96196771131298,2026-06-25 04:02:35.525828,NaN,NaN,NaN,-34.588367,17.487849
51.02244444444444,18.32325556891877,35.54855891885217,46.8904398585822,206.099983302542,2026-06-25 04:02:34.347829,NaN,NaN,NaN,-34.588367,17.487849
51.19194285714286,18.38478992073223,35.54864513027709,46.95371306395572,200.28972604450743,2026-06-25 04:02:32.969828,NaN,NaN,NaN,-34.588367,17.487849
51.397448275862054,18.44878291580471,35.54964716743527,47.02126722104619,198.49217199753846,2026-06-25 04:02:31.617570,NaN,NaN,NaN,-34.588367,17.487849
51.61075,18.501314356446624,35.550504438516576,47.075987885668795,198.67664991192422,2026-06-25 04:02:29.999888,NaN,NaN,NaN,-34.588367,17.487849
51.8084193548387,18.525053561213063,35.550504438516576,47.100291575380886,197.85263911251894,2026-06-25 04:02:28.407561,NaN,NaN,NaN,-34.588367,17.487849
51.99262857142857,18.530097408815465,35.550504438516576,47.10524166995321,197.740435745167,2026-06-25 04:02:27.019950,NaN,NaN,NaN,-34.588367,17.487849
52.19627777777778,18.531101885459563,35.549484601516056,47.1056450921634,198.02760733862073,2026-06-25 04:02:25.914842,NaN,NaN,NaN,-34.588367,17.487849
52.36666666666667,18.542631547729183,35.54807383911696,47.114370317331776,196.23614526944476,2026-06-25 04:02:24.770695,NaN,NaN,NaN,-34.588367,17.487849
52.59950000000001,18.551817397076956,35.54757101152218,47.12319295611018,196.5566061389938,2026-06-25 04:02:24.362072,NaN,NaN,NaN,-34.588367,17.487849
52.779250000000005,18.566636851315387,35.54671857408185,47.13780984007161,196.51132577784534,2026-06-25 04:02:23.573438,NaN,NaN,NaN,-34.588367,17.487849
53.00005882352941,18.563613232854028,35.54598792586852,47.13408195646344,196.9409443938247,2026-06-25 04:02:22.638571,NaN,NaN,NaN,-34.588367,17.487849
53.19955555555557,18.566350842034094,35.54550638526631,47.13549927223562,197.50366314497347,2026-06-25 04:02:21.677057,NaN,NaN,NaN,-34.588367,17.487849
53.425642857142854,18.5782310221689,35.54507568968744,47.149110903136894,197.35105050842031,2026-06-25 04:02:20.277422,NaN,NaN,NaN,-34.588367,17.487849
53.60290476190475,18.579813683476914,35.54507568968744,47.15092143021601,197.1528383695255,2026-06-25 04:02:19.927513,NaN,NaN,NaN,-34.588367,17.487849
53.825086956521744,18.602377769283382,35.54507568968744,47.173083778617084,197.022047160415,2026-06-25 04:02:18.214916,NaN,NaN,NaN,-34.588367,17.487849
53.99727586206897,18.60617726137037,35.545134649671674,47.17692871298169,196.72088673930418,2026-06-25 04:02:17.124796,NaN,NaN,NaN,-34.588367,17.487849
54.1900625,18.599444242410577,35.5460732725774,47.17080259192777,197.35768218705485,2026-06-25 04:02:16.111321,NaN,NaN,NaN,-34.588367,17.487849
54.39033333333334,18.576838150838505,35.548022493201806,47.15043877314161,197.84375985531358,2026-06-25 04:02:14.805515,NaN,NaN,NaN,-34.588367,17.487849
54.62214285714286,18.55602009459519,35.549935573605644,47.1319260274693,197.88695560886018,2026-06-25 04:02:13.786257,NaN,NaN,NaN,-34.588367,17.487849
54.76800000000001,18.530790314568073,35.55185789452231,47.108617261552546,198.2694017189918,2026-06-25 04:02:12.747242,NaN,NaN,NaN,-34.588367,17.487849
54.9900625,18.5087528485816,35.55254151725333,47.087090713124766,199.42174584193629,2026-06-25 04:02:12.085807,NaN,NaN,NaN,-34.588367,17.487849
55.20753571428571,18.452110648703783,35.55259068361738,47.03096940759934,200.1536585391377,2026-06-25 04:02:10.940570,NaN,NaN,NaN,-34.588367,17.487849
55.38829411764705,18.41277963381757,35.55259068361738,46.99003197344968,202.0108681643656,2026-06-25 04:02:10.062438,NaN,NaN,NaN,-34.588367,17.487849
55.588857142857144,18.359670973088505,35.55259068361738,46.935138126355056,202.6358456678889,2026-06-25 04:02:09.042256,NaN,NaN,NaN,-34.588367,17.487849
55.78916666666666,18.30887377137599,35.55259068361738,46.88216014016516,205.2068747063167,2026-06-25 04:02:08.027837,NaN,NaN,NaN,-34.588367,17.487849
56.00286206896552,18.2626470868892,35.55259068361738,46.83558424410863,207.47205985190755,2026-06-25 04:02:06.517216,NaN,NaN,NaN,-34.588367,17.487849
56.20645,18.248980529078985,35.554346718108796,46.82450809052765,205.9138653683206,2026-06-25 04:02:05.481279,NaN,NaN,NaN,-34.588367,17.487849
56.41148837209303,18.234917729775685,35.55851785612081,46.81561763861507,205.75828313383482,2026-06-25 04:02:03.494588,NaN,NaN,NaN,-34.588367,17.487849
56.598369565217375,18.23102288787484,35.56176510117591,46.81545890304443,205.0175198887659,2026-06-25 04:02:01.915904,NaN,NaN,NaN,-34.588367,17.487849
56.798380952380946,18.226827979194592,35.56235599772985,46.81367403281566,205.06289098982285,2026-06-25 04:01:59.792286,NaN,NaN,NaN,-34.588367,17.487849
56.99782608695652,18.225204456300702,35.56235599772985,46.81237473828759,205.26027141838824,2026-06-25 04:01:58.217955,NaN,NaN,NaN,-34.588367,17.487849
57.194913043478266,18.2257218955777,35.56235599772985,46.811985998190394,205.9151992119405,2026-06-25 04:01:57.000881,NaN,NaN,NaN,-34.588367,17.487849
57.414888888888896,18.231686349005162,35.5598075837721,46.81312315407629,207.66112068133432,2026-06-25 04:01:55.722712,NaN,NaN,NaN,-34.588367,17.487849
57.61788235294118,18.233225365524167,35.558047110581796,46.81207922622201,207.9834332518684,2026-06-25 04:01:54.984015,NaN,NaN,NaN,-34.588367,17.487849
57.81266666666667,18.233985535342097,35.55538552114819,46.81054050054761,208.051694755846,2026-06-25 04:01:53.814875,NaN,NaN,NaN,-34.588367,17.487849
58.0191923076923,18.235923369544246,35.55296651552663,46.811651845343135,208.03631641334815,2026-06-25 04:01:52.707685,NaN,NaN,NaN,-34.588367,17.487849
58.197548387096774,18.247227605373457,35.55088349257775,46.81965387939443,208.10313457342323,2026-06-25 04:01:51.428490,NaN,NaN,NaN,-34.588367,17.487849
58.39855172413793,18.256951349816767,35.54934704914655,46.82764753659151,208.10546641772032,2026-06-25 04:01:50.099082,NaN,NaN,NaN,-34.588367,17.487849
58.62104166666668,18.273580293976035,35.54928971249714,46.84380300601398,208.01279348609148,2026-06-25 04:01:48.843949,NaN,NaN,NaN,-34.588367,17.487849
58.796882352941175,18.32066953934815,35.54928971249714,46.89355147478764,202.40062130612696,2026-06-25 04:01:47.515374,NaN,NaN,NaN,-34.588367,17.487849
58.99386206896551,18.370220847202866,35.54928971249714,46.94403424658452,202.13786747193987,2026-06-25 04:01:46.513809,NaN,NaN,NaN,-34.588367,17.487849
59.217000000000006,18.437193088547772,35.55010745673561,47.01062525997551,198.7435835022262,2026-06-25 04:01:45.264049,NaN,NaN,NaN,-34.588367,17.487849
59.39891666666667,18.501998082211898,35.55081370649722,47.07950311479035,198.3869262713141,2026-06-25 04:01:44.203492,NaN,NaN,NaN,-34.588367,17.487849
59.614521739130424,18.52737702447641,35.55081370649722,47.10889747620068,198.15258287689073,2026-06-25 04:01:43.026263,NaN,NaN,NaN,-34.588367,17.487849
59.777928571428575,18.52462624202452,35.55081370649722,47.10387214348574,197.6041756737233,2026-06-25 04:01:42.187351,NaN,NaN,NaN,-34.588367,17.487849
60.018055555555556,18.527713976397294,35.55078552873617,47.10536638233595,198.0612963486427,2026-06-25 04:01:41.287585,NaN,NaN,NaN,-34.588367,17.487849
60.202526315789484,18.545313581887836,35.549950438239435,47.12294500185433,196.43171695511543,2026-06-25 04:01:40.198396,NaN,NaN,NaN,-34.588367,17.487849
60.40407692307693,18.54684487579555,35.54949994464951,47.12447150636642,196.00245510462887,2026-06-25 04:01:39.607254,NaN,NaN,NaN,-34.588367,17.487849
60.6118125,18.550043307419454,35.54897303737149,47.127560086829845,195.9895960479638,2026-06-25 04:01:38.797609,NaN,NaN,NaN,-34.588367,17.487849
60.81600000000001,18.554813940314304,35.54895605074474,47.13211199707076,195.90955622016057,2026-06-25 04:01:37.965724,NaN,NaN,NaN,-34.588367,17.487849
61.03625,18.57224616919617,35.54895605074474,47.148955615825784,195.84179926788883,2026-06-25 04:01:36.844993,NaN,NaN,NaN,-34.588367,17.487849
61.218357142857144,18.57254630743326,35.54895605074474,47.15013989834365,195.84239492908108,2026-06-25 04:01:35.669407,NaN,NaN,NaN,-34.588367,17.487849
61.423919999999995,18.563230480761124,35.54895605074474,47.14164210879922,195.53921524079115,2026-06-25 04:01:34.147446,NaN,NaN,NaN,-34.588367,17.487849
61.606107142857134,18.562728765853045,35.54895605074474,47.14147791445406,195.89822451876825,2026-06-25 04:01:33.380718,NaN,NaN,NaN,-34.588367,17.487849
61.82150000000001,18.561867299252164,35.54866087324217,47.140127017994004,195.90101496275003,2026-06-25 04:01:31.952519,NaN,NaN,NaN,-34.588367,17.487849
62.013272727272735,18.56838641360063,35.54866087324217,47.145013142911644,195.93105251539072,2026-06-25 04:01:30.515393,NaN,NaN,NaN,-34.588367,17.487849
62.212769230769226,18.579201635786582,35.54866087324217,47.155343153286566,196.35405634423572,2026-06-25 04:01:29.656002,NaN,NaN,NaN,-34.588367,17.487849
62.421124999999996,18.582520236433453,35.54890098883185,47.16084907187556,196.13447767448204,2026-06-25 04:01:28.699200,NaN,NaN,NaN,-34.588367,17.487849
62.61719999999999,18.557615001088827,35.55054256544596,47.13802708100961,196.57867324421437,2026-06-25 04:01:27.353717,NaN,NaN,NaN,-34.588367,17.487849
62.8164761904762,18.55096887858278,35.55131910629002,47.13246737296537,198.2221109961149,2026-06-25 04:01:26.808026,NaN,NaN,NaN,-34.588367,17.487849
63.00352173913044,18.504502655086057,35.55283808595406,47.08637850714699,199.82072729055224,2026-06-25 04:01:25.556903,NaN,NaN,NaN,-34.588367,17.487849
63.20264705882354,18.471222834945955,35.55283808595406,47.053265609278384,201.1781320948228,2026-06-25 04:01:24.515487,NaN,NaN,NaN,-34.588367,17.487849
63.419117647058826,18.451827341558904,35.55283808595406,47.03321720486418,201.65302900372185,2026-06-25 04:01:23.692172,NaN,NaN,NaN,-34.588367,17.487849
63.61045,18.4207502684841,35.55219305737406,47.0008664260731,202.4363002546267,2026-06-25 04:01:22.604955,NaN,NaN,NaN,-34.588367,17.487849
63.81656,18.375807751642792,35.550692744195054,46.95400271901299,206.7610380949344,2026-06-25 04:01:21.588720,NaN,NaN,NaN,-34.588367,17.487849
64.00966666666666,18.307986837219584,35.549357767773856,46.88248853456402,210.55482852646594,2026-06-25 04:01:20.559655,NaN,NaN,NaN,-34.588367,17.487849
64.21977777777778,18.250820435458284,35.549357767773856,46.821606548893016,211.50674860269234,2026-06-25 04:01:19.396069,NaN,NaN,NaN,-34.588367,17.487849
64.42326666666666,18.22821178932577,35.549357767773856,46.800294816848535,212.800208445218,2026-06-25 04:01:18.103628,NaN,NaN,NaN,-34.588367,17.487849
64.59848484848484,18.22015523587168,35.55007645962236,46.79336129121066,211.43238103639695,2026-06-25 04:01:17.402902,NaN,NaN,NaN,-34.588367,17.487849
64.81451851851853,18.210611351172375,35.552675225903116,46.78919024188916,211.66703677589442,2026-06-25 04:01:16.034908,NaN,NaN,NaN,-34.588367,17.487849
65.0215,18.207234493405764,35.55621677351712,46.7886961470628,210.37902653910842,2026-06-25 04:01:14.512746,NaN,NaN,NaN,-34.588367,17.487849
65.2023142857143,18.204115249610823,35.559722446211914,46.788732835567714,209.15472399153614,2026-06-25 04:01:13.314877,NaN,NaN,NaN,-34.588367,17.487849
65.41753846153846,18.200383935830207,35.56440248207956,46.789086844622474,207.62235461529792,2026-06-25 04:01:11.987530,NaN,NaN,NaN,-34.588367,17.487849
65.60931578947368,18.19696567182901,35.56829431486219,46.79086695738612,208.26733420071855,2026-06-25 04:01:10.971803,NaN,NaN,NaN,-34.588367,17.487849
65.79347368421053,18.189706476656664,35.57359511710397,46.79422286633283,201.88221286323696,2026-06-25 04:01:09.619524,NaN,NaN,NaN,-34.588367,17.487849
66.01072413793104,18.184899667250757,35.57704592964771,46.79182374393862,201.69340994757005,2026-06-25 04:01:08.175527,NaN,NaN,NaN,-34.588367,17.487849
66.21772972972974,18.18214412701691,35.5789896806066,46.78951772415989,202.01877215973894,2026-06-25 04:01:06.623648,NaN,NaN,NaN,-34.588367,17.487849
66.39528205128205,18.182662903932457,35.57932678408756,46.790053013080446,201.41132952533576,2026-06-25 04:01:05.263642,NaN,NaN,NaN,-34.588367,17.487849
66.59696,18.18383418044731,35.57932678408756,46.79251582485765,201.40984719038414,2026-06-25 04:01:03.377467,NaN,NaN,NaN,-34.588367,17.487849
66.8044,18.183315357797873,35.57932678408756,46.79322672915135,201.1898144963381,2026-06-25 04:01:02.167782,NaN,NaN,NaN,-34.588367,17.487849
67.01613636363636,18.159571696101846,35.57805223668221,46.76730139643542,201.2999006906061,2026-06-25 04:01:01.157137,NaN,NaN,NaN,-34.588367,17.487849
67.18725925925926,18.136675075623856,35.57651927130065,46.74174993599148,201.73520596439374,2026-06-25 04:01:00.055740,NaN,NaN,NaN,-34.588367,17.487849
67.40599999999999,18.094279593069242,35.575163762170796,46.694563662301924,201.94781159797668,2026-06-25 04:00:58.552891,NaN,NaN,NaN,-34.588367,17.487849
67.60614705882352,18.065160221655116,35.575163762170796,46.66437423494914,202.54842517654816,2026-06-25 04:00:57.262296,NaN,NaN,NaN,-34.588367,17.487849
67.78958620689656,18.04268105273264,35.575163762170796,46.64420319482249,202.25469331123918,2026-06-25 04:00:55.627073,NaN,NaN,NaN,-34.588367,17.487849
67.99795833333333,18.031479634653135,35.57642481721011,46.63588222814818,196.62590896263737,2026-06-25 04:00:54.445629,NaN,NaN,NaN,-34.588367,17.487849
68.19342857142858,18.018327042253045,35.57672415122068,46.622551909758606,196.7116922600591,2026-06-25 04:00:53.364363,NaN,NaN,NaN,-34.588367,17.487849
68.38995833333333,18.00566771335665,35.57684115121915,46.6077297679829,196.66347858262034,2026-06-25 04:00:52.589862,NaN,NaN,NaN,-34.588367,17.487849
68.61711764705882,17.99452989701589,35.57693821311799,46.59766017734684,196.16840709755152,2026-06-25 04:00:50.841911,NaN,NaN,NaN,-34.588367,17.487849
68.82113636363637,17.99401212555878,35.57814175225022,46.59733161543,196.47822295639853,2026-06-25 04:00:49.609010,NaN,NaN,NaN,-34.588367,17.487849
69.01709999999999,17.990414315276144,35.58183227026838,46.59870401464373,196.56041791390894,2026-06-25 04:00:48.239746,NaN,NaN,NaN,-34.588367,17.487849
69.19875,17.986767521247625,35.5861848301605,46.601994008900284,195.50984165064517,2026-06-25 04:00:47.137117,NaN,NaN,NaN,-34.588367,17.487849
69.402,17.97980470108656,35.591054734675076,46.603244736152014,195.53891123400842,2026-06-25 04:00:46.030560,NaN,NaN,NaN,-34.588367,17.487849
69.608375,17.975963585464783,35.595451239314,46.60230058547655,195.54637527544674,2026-06-25 04:00:44.880413,NaN,NaN,NaN,-34.588367,17.487849
69.82070833333333,17.968897525479573,35.59766798775633,46.595732866033416,195.83222802492324,2026-06-25 04:00:43.300617,NaN,NaN,NaN,-34.588367,17.487849
70.00498,17.96284930580372,35.597996878198394,46.58995869861093,195.94717828983016,2026-06-25 04:00:42.165996,NaN,NaN,NaN,-34.588367,17.487849
70.21144444444445,17.94436631483662,35.59814667539951,46.571851652002714,195.79340288709477,2026-06-25 04:00:40.270157,NaN,NaN,NaN,-34.588367,17.487849
70.42724999999999,17.936685278021866,35.59816671119564,46.56442728836349,195.80343497099113,2026-06-25 04:00:38.731391,NaN,NaN,NaN,-34.588367,17.487849
70.60717857142858,17.940108426226022,35.59816671119564,46.56802187318779,195.80392801888908,2026-06-25 04:00:37.256062,NaN,NaN,NaN,-34.588367,17.487849
70.7907391304348,17.941406305820518,35.598299708844124,46.56931458278513,195.78115251071952,2026-06-25 04:00:36.384938,NaN,NaN,NaN,-34.588367,17.487849
71.01713333333332,17.943411209804058,35.598435270145785,46.571624887414565,195.7717013230598,2026-06-25 04:00:34.501660,NaN,NaN,NaN,-34.588367,17.487849
71.19383333333333,17.93850255655005,35.598435270145785,46.566629620910774,195.7841354672107,2026-06-25 04:00:33.760742,NaN,NaN,NaN,-34.588367,17.487849
71.40919047619047,17.92340529923762,35.598435270145785,46.551524340439066,195.8872818134383,2026-06-25 04:00:32.605488,NaN,NaN,NaN,-34.588367,17.487849
71.57764705882353,17.91576730614754,35.59838472157195,46.54390344966196,195.93385823556739,2026-06-25 04:00:31.899790,NaN,NaN,NaN,-34.588367,17.487849
71.8035,17.907282401506812,35.59828231766778,46.53546668086778,195.74731184759497,2026-06-25 04:00:30.943421,NaN,NaN,NaN,-34.588367,17.487849
72.01116666666667,17.907977680764123,35.59816975320225,46.535553943127745,196.01930311018972,2026-06-25 04:00:29.764562,NaN,NaN,NaN,-34.588367,17.487849
72.20153571428571,17.912668548997818,35.598142214629846,46.540441236139266,195.89669233349775,2026-06-25 04:00:29.040346,NaN,NaN,NaN,-34.588367,17.487849
72.4038717948718,17.91798303679445,35.598142214629846,46.54581092312992,195.92984711994632,2026-06-25 04:00:27.619608,NaN,NaN,NaN,-34.588367,17.487849
72.59376923076924,17.924366368655708,35.598142214629846,46.55323201421483,195.94174701205898,2026-06-25 04:00:26.543607,NaN,NaN,NaN,-34.588367,17.487849
72.80652380952381,17.910419909415076,35.598262061206924,46.538593685415336,195.87602770624213,2026-06-25 04:00:24.788478,NaN,NaN,NaN,-34.588367,17.487849
72.98104761904763,17.903722653649847,35.598415667624806,46.53158898820642,195.93407996073566,2026-06-25 04:00:23.919657,NaN,NaN,NaN,-34.588367,17.487849
73.23253333333335,17.894557517924788,35.598415667624806,46.523126530706875,196.14739153578995,2026-06-25 04:00:22.264850,NaN,NaN,NaN,-34.588367,17.487849
73.41383333333333,17.889119338326964,35.598415667624806,46.51784156492173,195.88363993832573,2026-06-25 04:00:21.410489,NaN,NaN,NaN,-34.588367,17.487849
73.59072,17.881070306890052,35.597987588130174,46.509572635659026,195.9035640356346,2026-06-25 04:00:20.012770,NaN,NaN,NaN,-34.588367,17.487849
73.80893333333333,17.858350728492074,35.596434372993826,46.48446957724041,196.12085920529088,2026-06-25 04:00:18.852406,NaN,NaN,NaN,-34.588367,17.487849
74.01453846153846,17.822571324580874,35.59437644731207,46.44529847598097,196.09449531809614,2026-06-25 04:00:17.797809,NaN,NaN,NaN,-34.588367,17.487849
74.20842307692308,17.786362771864304,35.59210175412985,46.40567422405196,195.60263524828366,2026-06-25 04:00:16.746160,NaN,NaN,NaN,-34.588367,17.487849
74.40667857142856,17.738029693198488,35.5886385318246,46.352593792111975,195.52871372899165,2026-06-25 04:00:15.190385,NaN,NaN,NaN,-34.588367,17.487849
74.601,17.71473553999967,35.58696681309418,46.32660859219904,195.368337083311,2026-06-25 04:00:14.317755,NaN,NaN,NaN,-34.588367,17.487849
74.78922222222222,17.70283808848727,35.58522303001654,46.31337843714851,195.3524767664033,2026-06-25 04:00:13.008744,NaN,NaN,NaN,-34.588367,17.487849
75.01711764705884,17.692880240918047,35.58412072429981,46.302738639428185,195.46382243008213,2026-06-25 04:00:11.769743,NaN,NaN,NaN,-34.588367,17.487849
75.1947894736842,17.685068210695654,35.583633652802426,46.29404449335681,195.18456063990675,2026-06-25 04:00:11.045318,NaN,NaN,NaN,-34.588367,17.487849
75.41640909090908,17.678982259677294,35.58288556410427,46.28649960255559,195.0953383705998,2026-06-25 04:00:09.836423,NaN,NaN,NaN,-34.588367,17.487849
75.62586666666667,17.668446519086427,35.582237987835555,46.27540588968261,195.12928056836117,2026-06-25 04:00:08.805025,NaN,NaN,NaN,-34.588367,17.487849
75.82066666666665,17.660117666437653,35.58184800612697,46.26611462084404,194.948687535466,2026-06-25 04:00:08.159083,NaN,NaN,NaN,-34.588367,17.487849
76.0055,17.64878956425207,35.581326964726216,46.25412068366182,194.78864439392228,2026-06-25 04:00:07.215678,NaN,NaN,NaN,-34.588367,17.487849
76.19083333333334,17.64240831081929,35.58105481818982,46.24786365945983,194.9622072614419,2026-06-25 04:00:06.648365,NaN,NaN,NaN,-34.588367,17.487849
76.39789999999999,17.634836421962223,35.58059867547186,46.23961719413534,194.85361739457963,2026-06-25 04:00:05.244287,NaN,NaN,NaN,-34.588367,17.487849
76.61000000000001,17.632925728832838,35.580463600046365,46.237538825808286,194.7955043383258,2026-06-25 04:00:04.369098,NaN,NaN,NaN,-34.588367,17.487849
76.81366666666666,17.631540330323723,35.58038470147339,46.23649449478703,194.80930038370832,2026-06-25 04:00:03.189822,NaN,NaN,NaN,-34.588367,17.487849
77.01634090909091,17.627109149085175,35.58032509186856,46.23153889568845,194.6081343809816,2026-06-25 04:00:01.315917,NaN,NaN,NaN,-34.588367,17.487849
77.21206818181818,17.623716012528334,35.579994506551095,46.22750539612261,194.84893093670854,2026-06-25 04:00:00.233244,NaN,NaN,NaN,-34.588367,17.487849
77.39935000000001,17.614265711638215,35.57888963786833,46.21698186503983,194.92783389475392,2026-06-25 03:59:58.559363,NaN,NaN,NaN,-34.588367,17.487849
77.62117647058824,17.596848686796804,35.576955053873064,46.19953280105063,195.05160245499246,2026-06-25 03:59:57.320568,NaN,NaN,NaN,-34.588367,17.487849
77.79804999999999,17.541609316979805,35.57445116832309,46.14066081854351,195.27469531319258,2026-06-25 03:59:56.342440,NaN,NaN,NaN,-34.588367,17.487849
78.02325,17.462159261169756,35.57190915748624,46.055331749250534,195.74372442026302,2026-06-25 03:59:55.490163,NaN,NaN,NaN,-34.588367,17.487849
78.18633333333334,17.409797958577865,35.56968562030138,45.99902953839102,195.38821299213112,2026-06-25 03:59:54.729250,NaN,NaN,NaN,-34.588367,17.487849
78.40469230769232,17.37852306719712,35.5678383258742,45.96426811747073,195.21502882482073,2026-06-25 03:59:54.023237,NaN,NaN,NaN,-34.588367,17.487849
78.61007142857143,17.342031421749827,35.56429929177744,45.92205249357003,195.02547616149297,2026-06-25 03:59:52.755161,NaN,NaN,NaN,-34.588367,17.487849
78.81932432432433,17.292076539408885,35.557393769734695,45.86564987889517,195.3637189219015,2026-06-25 03:59:50.538075,NaN,NaN,NaN,-34.588367,17.487849
79.00670512820513,17.24595811112145,35.55132644548936,45.81261709490691,194.9946137394587,2026-06-25 03:59:49.221284,NaN,NaN,NaN,-34.588367,17.487849
79.19158974358976,17.142702021826192,35.53854552634671,45.69483007939682,195.41192727825043,2026-06-25 03:59:47.383942,NaN,NaN,NaN,-34.588367,17.487849
79.39299999999999,17.010788710771447,35.518601589144374,45.54369514250023,195.10721886775042,2026-06-25 03:59:45.197845,NaN,NaN,NaN,-34.588367,17.487849
79.57645454545455,17.002145473344566,35.514795033725655,45.53286987378578,194.98731821934263,2026-06-25 03:59:44.727059,NaN,NaN,NaN,-34.588367,17.487849
79.80461538461539,16.905053706075968,35.50637138059401,45.420419037876286,195.26248332502135,2026-06-25 03:59:43.522128,NaN,NaN,NaN,-34.588367,17.487849
80.0015,16.83504277108707,35.50637138059401,45.341596143779476,195.4751803161996,2026-06-25 03:59:42.907728,NaN,NaN,NaN,-34.588367,17.487849
80.20678260869566,16.763418300197294,35.50637138059401,45.265944081384056,195.03504511455347,2026-06-25 03:59:42.007807,NaN,NaN,NaN,-34.588367,17.487849
80.39946153846154,16.743218696767183,35.50637138059401,45.25094196423058,194.70498940057354,2026-06-25 03:59:41.245799,NaN,NaN,NaN,-34.588367,17.487849
80.586625,16.744793031736805,35.50637138059401,45.260396541308026,194.76759456861876,2026-06-25 03:59:40.637784,NaN,NaN,NaN,-34.588367,17.487849
80.83584210526315,16.625150998607086,35.502899222674465,45.12552809985322,195.1233559123408,2026-06-25 03:59:38.459076,NaN,NaN,NaN,-34.588367,17.487849
81.02846296296296,16.67945257066845,35.500323136733186,45.193507172182905,194.94758952571988,2026-06-25 03:59:37.686470,NaN,NaN,NaN,-34.588367,17.487849
81.19995833333333,16.463019744245354,35.473967077494784,44.93403815765628,195.62697388657207,2026-06-25 03:59:36.281628,NaN,NaN,NaN,-34.588367,17.487849
81.38850000000001,16.171760523142897,35.43331898814478,44.58501485017875,194.89413732642922,2026-06-25 03:59:34.482002,NaN,NaN,NaN,-34.588367,17.487849
81.57046153846156,15.997711429010051,35.399286249126234,44.3827829543713,195.42153649840964,2026-06-25 03:59:32.732633,NaN,NaN,NaN,-34.588367,17.487849
81.79117647058824,15.996293582911024,35.395667919341385,44.383666278846874,195.4656531002133,2026-06-25 03:59:32.247692,NaN,NaN,NaN,-34.588367,17.487849
82.00023529411766,15.99423091959034,35.39234730094311,44.38349022943008,195.44848961214535,2026-06-25 03:59:31.265595,NaN,NaN,NaN,-34.588367,17.487849
82.2066,15.995654046787191,35.39234730094311,44.38471027625544,195.43583479332733,2026-06-25 03:59:30.408367,NaN,NaN,NaN,-34.588367,17.487849
82.40355000000001,15.99807435196858,35.39234730094311,44.38708987884548,195.4277640754326,2026-06-25 03:59:29.634402,NaN,NaN,NaN,-34.588367,17.487849
82.60245454545453,16.030280335915236,35.40048382767709,44.42112878017714,195.2796326175534,2026-06-25 03:59:28.224542,NaN,NaN,NaN,-34.588367,17.487849
82.80968085106383,16.147076775572057,35.42012783901359,44.55483146936786,195.81038024911945,2026-06-25 03:59:26.310003,NaN,NaN,NaN,-34.588367,17.487849
82.99204255319151,16.24992963031761,35.431645542767704,44.67651499581201,195.9870532908554,2026-06-25 03:59:25.253895,NaN,NaN,NaN,-34.588367,17.487849
83.17330000000001,16.450888808884866,35.43652533974409,44.924978913210985,195.51732293529574,2026-06-25 03:59:23.368535,NaN,NaN,NaN,-34.588367,17.487849
83.39413333333331,16.327366960032776,35.43652533974409,44.775323967430495,195.73449035457733,2026-06-25 03:59:22.427114,NaN,NaN,NaN,-34.588367,17.487849
83.58827777777778,16.183076897097344,35.43652533974409,44.60149609592478,195.84684658336687,2026-06-25 03:59:21.543456,NaN,NaN,NaN,-34.588367,17.487849
83.82914285714287,16.101009745277004,35.42003224983503,44.50469213052859,195.58334878002017,2026-06-25 03:59:20.300526,NaN,NaN,NaN,-34.588367,17.487849
84.00284848484847,16.06790829344356,35.41190633634308,44.46564485602271,195.48619005766392,2026-06-25 03:59:19.544229,NaN,NaN,NaN,-34.588367,17.487849
84.20047368421054,16.047194292778677,35.41048043808502,44.44305600663763,195.35693289095514,2026-06-25 03:59:18.164366,NaN,NaN,NaN,-34.588367,17.487849
84.39605882352942,16.04922892105838,35.41048043808502,44.44771656979826,195.34835099701834,2026-06-25 03:59:17.019308,NaN,NaN,NaN,-34.588367,17.487849
84.61848484848485,16.06607596946297,35.41048043808502,44.4688801821361,195.3053267529802,2026-06-25 03:59:15.146891,NaN,NaN,NaN,-34.588367,17.487849
84.78690566037737,16.0792975062949,35.41048043808502,44.48488484315617,195.36480875442533,2026-06-25 03:59:13.997676,NaN,NaN,NaN,-34.588367,17.487849
84.99613043478259,16.085376378188556,35.41048043808502,44.491839877010605,195.23921627578983,2026-06-25 03:59:12.376401,NaN,NaN,NaN,-34.588367,17.487849
85.20393333333332,16.047119704284366,35.409726408476885,44.454355932086486,195.34083518048502,2026-06-25 03:59:10.776818,NaN,NaN,NaN,-34.588367,17.487849
85.40741666666668,15.960219166324135,35.40615427512597,44.36060754396138,195.6414357715317,2026-06-25 03:59:10.151980,NaN,NaN,NaN,-34.588367,17.487849
85.61280000000001,15.86401195986684,35.40219722466106,44.255863308989646,195.82531155930087,2026-06-25 03:59:09.460494,NaN,NaN,NaN,-34.588367,17.487849
85.81441666666667,15.763004980362803,35.39682118760968,44.14351762709931,195.73080415447401,2026-06-25 03:59:08.477417,NaN,NaN,NaN,-34.588367,17.487849
86.01609523809525,15.747019761675093,35.39189262601518,44.12652264414961,195.53808101988713,2026-06-25 03:59:07.465776,NaN,NaN,NaN,-34.588367,17.487849
86.18391666666668,15.758151071739986,35.38911012083812,44.13820185547354,195.5496047642765,2026-06-25 03:59:06.882000,NaN,NaN,NaN,-34.588367,17.487849
86.42154545454547,15.756503738881143,35.38484540843043,44.13716553490872,195.52178369329835,2026-06-25 03:59:06.096219,NaN,NaN,NaN,-34.588367,17.487849
86.59939999999999,15.748592088174163,35.381723172424714,44.130783578172945,195.83293467841852,2026-06-25 03:59:05.573174,NaN,NaN,NaN,-34.588367,17.487849
86.823,15.611125524868397,35.37502320208954,43.97677414597069,196.45046956175509,2026-06-25 03:59:04.721253,NaN,NaN,NaN,-34.588367,17.487849
87.01826315789474,15.519412636041112,35.36924777357039,43.874671704023555,196.96582835250277,2026-06-25 03:59:04.070671,NaN,NaN,NaN,-34.588367,17.487849
87.1884,15.434989788665797,35.35992165556703,43.78134024653568,196.82802310547476,2026-06-25 03:59:03.072159,NaN,NaN,NaN,-34.588367,17.487849
87.38721052631577,15.415448584352966,35.355270551701004,43.75889297104411,197.05375005429255,2026-06-25 03:59:02.528968,NaN,NaN,NaN,-34.588367,17.487849
87.59657142857142,15.38356840431018,35.347312457608666,43.71847528188852,197.23660585890718,2026-06-25 03:59:01.381648,NaN,NaN,NaN,-34.588367,17.487849
87.80927777777778,15.366574882166592,35.347312457608666,43.69424910701323,197.0594676272195,2026-06-25 03:59:00.426738,NaN,NaN,NaN,-34.588367,17.487849
87.99628571428572,15.34696320564828,35.347312457608666,43.67675724838234,197.16912785779482,2026-06-25 03:58:59.579736,NaN,NaN,NaN,-34.588367,17.487849
88.19605882352941,15.319682332935754,35.347335314123605,43.65669551238171,197.65480071140172,2026-06-25 03:58:58.718196,NaN,NaN,NaN,-34.588367,17.487849
88.41535,15.31901298135835,35.35222862516836,43.66057238525867,197.6776973086496,2026-06-25 03:58:57.917669,NaN,NaN,NaN,-34.588367,17.487849
88.60478571428573,15.318154601516294,35.35781475338378,43.664540832806885,197.95722466008658,2026-06-25 03:58:57.030401,NaN,NaN,NaN,-34.588367,17.487849
88.80447826086957,15.314768779563737,35.363576083346004,43.668684365284406,198.25818429368783,2026-06-25 03:58:56.119769,NaN,NaN,NaN,-34.588367,17.487849
89.00627586206897,15.289876019701328,35.36988194385695,43.65163600114867,198.66648946180263,2026-06-25 03:58:54.667224,NaN,NaN,NaN,-34.588367,17.487849
89.20270588235294,15.244204083678493,35.37316400137955,43.60974836073556,200.08602824053057,2026-06-25 03:58:53.249033,NaN,NaN,NaN,-34.588367,17.487849
89.41338461538463,15.207978968048035,35.37467706389157,43.57086920114952,199.87597020549683,2026-06-25 03:58:51.979794,NaN,NaN,NaN,-34.588367,17.487849
89.60225000000001,15.192151836100996,35.376092999386934,43.55642557567699,200.4831352751653,2026-06-25 03:58:50.990309,NaN,NaN,NaN,-34.588367,17.487849
89.831,15.1937931420258,35.37771758921861,43.56334792469608,200.7463363065351,2026-06-25 03:58:50.197566,NaN,NaN,NaN,-34.588367,17.487849
90.0052666666667,15.197517287534124,35.379396390981555,43.572860412376336,200.8064772137497,2026-06-25 03:58:49.532355,NaN,NaN,NaN,-34.588367,17.487849
90.17813333333334,15.188550253108803,35.38173752750122,43.56633777808721,201.15468353290314,2026-06-25 03:58:48.619260,NaN,NaN,NaN,-34.588367,17.487849
90.38019999999999,15.187514009384111,35.382732035496936,43.56603733341245,201.1842175700105,2026-06-25 03:58:48.137719,NaN,NaN,NaN,-34.588367,17.487849
90.60827272727273,15.189592513494869,35.384071503305755,43.5680146619153,200.85293037077687,2026-06-25 03:58:47.348833,NaN,NaN,NaN,-34.588367,17.487849
90.81294117647059,15.19711192325456,35.38440423794047,43.574165716368135,200.8172621729031,2026-06-25 03:58:46.277321,NaN,NaN,NaN,-34.588367,17.487849
91.01254545454545,15.198120518191683,35.38440423794047,43.574643700417354,200.7680935216934,2026-06-25 03:58:45.710624,NaN,NaN,NaN,-34.588367,17.487849
91.20792857142858,15.198867142666872,35.38440423794047,43.575685259739394,200.79871319861374,2026-06-25 03:58:44.987111,NaN,NaN,NaN,-34.588367,17.487849
91.41328571428572,15.19723430369869,35.383863949402276,43.57466842254505,200.81995158516557,2026-06-25 03:58:44.233736,NaN,NaN,NaN,-34.588367,17.487849
91.61115384615384,15.197304274009898,35.383298642058485,43.57514230953847,200.82963563079514,2026-06-25 03:58:43.480087,NaN,NaN,NaN,-34.588367,17.487849
91.78561904761905,15.197676309519068,35.383298642058485,43.57527713945328,200.8218422380503,2026-06-25 03:58:42.862665,NaN,NaN,NaN,-34.588367,17.487849
92.0202608695652,15.197413834221804,35.383298642058485,43.57478513200743,200.82935121041157,2026-06-25 03:58:41.610507,NaN,NaN,NaN,-34.588367,17.487849
92.1972105263158,15.1974512679593,35.383322848655766,43.57472949365944,200.82484062477243,2026-06-25 03:58:40.695185,NaN,NaN,NaN,-34.588367,17.487849
92.40629411764705,15.196432133675202,35.38458908562832,43.57322427284313,200.9822372514083,2026-06-25 03:58:39.634935,NaN,NaN,NaN,-34.588367,17.487849
92.60843750000001,15.191874707111923,35.385368537294276,43.56952096694387,201.07751792798683,2026-06-25 03:58:39.122569,NaN,NaN,NaN,-34.588367,17.487849
92.81649999999999,15.177946070736544,35.38652557416082,43.55887834978258,201.8361939134038,2026-06-25 03:58:38.345271,NaN,NaN,NaN,-34.588367,17.487849
93.00341666666667,15.162209346029217,35.38731402153265,43.54750216241075,201.66658323596207,2026-06-25 03:58:37.743761,NaN,NaN,NaN,-34.588367,17.487849
93.2111,15.160848890324498,35.38775477424358,43.5450060942578,201.36172637034346,2026-06-25 03:58:37.025615,NaN,NaN,NaN,-34.588367,17.487849
93.38085714285714,15.163633942889273,35.38775477424358,43.54644267713144,201.36534245703157,2026-06-25 03:58:36.578589,NaN,NaN,NaN,-34.588367,17.487849
93.5810769230769,15.157112636627543,35.38775477424358,43.540474821574804,201.69454419700355,2026-06-25 03:58:35.916674,NaN,NaN,NaN,-34.588367,17.487849
93.77584615384617,15.147189365764833,35.387277776969434,43.53373912656199,201.7626948439752,2026-06-25 03:58:35.282224,NaN,NaN,NaN,-34.588367,17.487849
94.01279999999998,15.16037527307841,35.38629363820076,43.543113891750224,201.4191586140745,2026-06-25 03:58:34.149698,NaN,NaN,NaN,-34.588367,17.487849
94.23541176470587,15.1631644666974,35.38629363820076,43.54452335886908,201.18022776416498,2026-06-25 03:58:33.954063,NaN,NaN,NaN,-34.588367,17.487849
94.41177777777779,15.183458988495678,35.38629363820076,43.5629507884828,200.97127482062248,2026-06-25 03:58:32.850592,NaN,NaN,NaN,-34.588367,17.487849
94.60780000000001,15.187467173730205,35.38767170439542,43.56724348286973,202.04677867487834,2026-06-25 03:58:31.913614,NaN,NaN,NaN,-34.588367,17.487849
94.8258888888889,15.179490078068234,35.38938258631762,43.5614754704772,201.22682825127677,2026-06-25 03:58:31.303773,NaN,NaN,NaN,-34.588367,17.487849
95.01027777777777,15.151124700933716,35.392986147759046,43.543937914029016,202.51397978524506,2026-06-25 03:58:30.145742,NaN,NaN,NaN,-34.588367,17.487849
95.20720833333333,15.133384555766462,35.39559897939191,43.528398318828316,202.629031763949,2026-06-25 03:58:29.135589,NaN,NaN,NaN,-34.588367,17.487849
95.39721739130435,15.12221034735873,35.39741224156256,43.51858250182924,203.45350221503577,2026-06-25 03:58:28.411774,NaN,NaN,NaN,-34.588367,17.487849
95.5665,15.109642338850339,35.3981745653006,43.50498660779641,202.99620430140854,2026-06-25 03:58:27.900494,NaN,NaN,NaN,-34.588367,17.487849
95.81466666666667,15.098315109519097,35.398576057178076,43.492657966815045,203.32919942736203,2026-06-25 03:58:26.954907,NaN,NaN,NaN,-34.588367,17.487849
95.98835714285714,15.100213632299498,35.398576057178076,43.49444829612762,203.57403252979773,2026-06-25 03:58:26.652605,NaN,NaN,NaN,-34.588367,17.487849
96.20926315789474,15.104742332319578,35.39866467389932,43.50073387759258,203.5183955490029,2026-06-25 03:58:25.746450,NaN,NaN,NaN,-34.588367,17.487849
96.42453846153846,15.107240358484292,35.39866467389932,43.504994455699894,203.25119042620292,2026-06-25 03:58:25.131023,NaN,NaN,NaN,-34.588367,17.487849
96.60992307692308,15.101714177535282,35.39880046453693,43.49860122025684,203.58953362908392,2026-06-25 03:58:24.404290,NaN,NaN,NaN,-34.588367,17.487849
96.81128571428572,15.097282326719213,35.39914313770219,43.492555105134436,203.61656541906422,2026-06-25 03:58:23.731938,NaN,NaN,NaN,-34.588367,17.487849
96.99046153846153,15.10101327717207,35.39930907214618,43.49621666025,203.2913354449686,2026-06-25 03:58:22.889300,NaN,NaN,NaN,-34.588367,17.487849
97.19308333333333,15.10460752288626,35.39930907214618,43.50123247476173,203.43773125823935,2026-06-25 03:58:22.206145,NaN,NaN,NaN,-34.588367,17.487849
97.3904761904762,15.107673682674019,35.39930907214618,43.505595549401725,203.24364826980863,2026-06-25 03:58:21.749121,NaN,NaN,NaN,-34.588367,17.487849
97.61273333333334,15.112505743195833,35.39738276780497,43.512262579592594,203.1183549508185,2026-06-25 03:58:20.649884,NaN,NaN,NaN,-34.588367,17.487849
97.79363636363638,15.12087679086301,35.39454206993615,43.517853240736045,202.88521016031106,2026-06-25 03:58:19.826462,NaN,NaN,NaN,-34.588367,17.487849
97.997625,15.166882206330087,35.388617324536796,43.551115019410986,201.0471341516648,2026-06-25 03:58:18.474826,NaN,NaN,NaN,-34.588367,17.487849
98.18566666666666,15.178266102026432,35.3868548986326,43.56088983585758,201.1007367421879,2026-06-25 03:58:17.959633,NaN,NaN,NaN,-34.588367,17.487849
98.39670588235293,15.193678073013393,35.385519846245614,43.57373880284939,200.91735375253623,2026-06-25 03:58:17.161381,NaN,NaN,NaN,-34.588367,17.487849
98.59814285714286,15.196131679214147,35.385519846245614,43.575112833639665,200.8905166409261,2026-06-25 03:58:16.208898,NaN,NaN,NaN,-34.588367,17.487849
98.80893333333333,15.19085778237677,35.385519846245614,43.571383282716276,200.92560511641307,2026-06-25 03:58:15.351265,NaN,NaN,NaN,-34.588367,17.487849
99.00223076923076,15.185606814321805,35.38803259892923,43.56789286472963,200.9885251400275,2026-06-25 03:58:14.710663,NaN,NaN,NaN,-34.588367,17.487849
99.19831249999999,15.157328729290718,35.39105846709411,43.54618167838764,203.22584284258014,2026-06-25 03:58:13.997868,NaN,NaN,NaN,-34.588367,17.487849
99.39526315789473,15.10213489912154,35.39455655008321,43.50076152609454,203.67657447179602,2026-06-25 03:58:13.118163,NaN,NaN,NaN,-34.588367,17.487849
99.59705263157895,15.071260956747691,35.39455655008321,43.46886859021646,203.82279431549276,2026-06-25 03:58:12.184196,NaN,NaN,NaN,-34.588367,17.487849
99.79273333333335,15.04349021039083,35.39455655008321,43.43651916178018,203.9935026302736,2026-06-25 03:58:11.468944,NaN,NaN,NaN,-34.588367,17.487849
100.01711764705883,14.991010530678603,35.39166416572485,43.38031702630313,204.66906489693542,2026-06-25 03:58:10.545459,NaN,NaN,NaN,-34.588367,17.487849
100.19753846153846,14.921196358600533,35.38588861535871,43.307119298404885,205.2133853097181,2026-06-25 03:58:09.865772,NaN,NaN,NaN,-34.588367,17.487849
100.41830769230768,14.830371252839425,35.37770092443773,43.20585225739041,205.21648458138083,2026-06-25 03:58:09.062135,NaN,NaN,NaN,-34.588367,17.487849
100.61188888888888,14.778412794630567,35.36863628281143,43.15000535633576,205.36005773197942,2026-06-25 03:58:08.337538,NaN,NaN,NaN,-34.588367,17.487849
100.80057142857142,14.709539808647678,35.35774440507209,43.071758567593875,205.54912485712626,2026-06-25 03:58:07.504025,NaN,NaN,NaN,-34.588367,17.487849
101.01009090909089,14.660936532384897,35.351157758241136,43.01442645748527,205.7720715710255,2026-06-25 03:58:06.988899,NaN,NaN,NaN,-34.588367,17.487849
101.21264705882352,14.57881943271517,35.34290490135943,42.91341916057049,206.2402018877234,2026-06-25 03:58:06.343613,NaN,NaN,NaN,-34.588367,17.487849
101.4305,14.550429057301537,35.332904608448054,42.879322713510184,206.21895481996148,2026-06-25 03:58:05.393860,NaN,NaN,NaN,-34.588367,17.487849
101.61270588235294,14.538170563444103,35.327965452509545,42.86278804954935,206.25860657915968,2026-06-25 03:58:04.841063,NaN,NaN,NaN,-34.588367,17.487849
101.82563636363638,14.537747982284479,35.322009968667935,42.862601189434514,206.6446258328916,2026-06-25 03:58:04.053301,NaN,NaN,NaN,-34.588367,17.487849
102.026,14.519579173488683,35.31875989267895,42.84319085809043,207.11247071845594,2026-06-25 03:58:03.555054,NaN,NaN,NaN,-34.588367,17.487849
102.21727272727274,14.478408951576368,35.31481580640704,42.79452770545069,206.6264427068533,2026-06-25 03:58:02.949043,NaN,NaN,NaN,-34.588367,17.487849
102.42055555555555,14.418615467520649,35.30984512649185,42.7197211457228,207.25743984727,2026-06-25 03:58:02.222465,NaN,NaN,NaN,-34.588367,17.487849
102.6215625,14.40146506182756,35.305097110232516,42.700247295603226,207.44992773674298,2026-06-25 03:58:01.651086,NaN,NaN,NaN,-34.588367,17.487849
102.8196875,14.373125925737096,35.29646786808782,42.669502600092805,207.8496856336038,2026-06-25 03:58:00.788811,NaN,NaN,NaN,-34.588367,17.487849
102.99908695652174,14.340334241265698,35.28664495673975,42.6327276632881,207.8224521098618,2026-06-25 03:57:59.945281,NaN,NaN,NaN,-34.588367,17.487849
103.20849999999999,14.265862361907997,35.27440623497727,42.54350598963135,208.9534509928026,2026-06-25 03:57:59.038374,NaN,NaN,NaN,-34.588367,17.487849
103.40118749999999,14.1983695314213,35.26505839060975,42.4613306227572,209.6413749990313,2026-06-25 03:57:58.358194,NaN,NaN,NaN,-34.588367,17.487849
103.60733333333332,14.143956799204625,35.256845622200515,42.39521111115004,210.09394521193173,2026-06-25 03:57:57.729192,NaN,NaN,NaN,-34.588367,17.487849
103.8245,14.107444354967267,35.248983916356735,42.356058657223514,210.67239430464946,2026-06-25 03:57:57.039788,NaN,NaN,NaN,-34.588367,17.487849
104.01213333333334,14.06625615942578,35.244509171536954,42.3065220196916,211.00615206359802,2026-06-25 03:57:56.462855,NaN,NaN,NaN,-34.588367,17.487849
104.19404999999999,14.053039510070203,35.23989141108294,42.2909955228166,210.49418670556483,2026-06-25 03:57:55.448953,NaN,NaN,NaN,-34.588367,17.487849
104.40777777777778,14.063983212660816,35.23989141108294,42.30655186960844,210.5006362628505,2026-06-25 03:57:54.874380,NaN,NaN,NaN,-34.588367,17.487849
104.61133333333333,14.065727671149126,35.23989141108294,42.30882914841508,210.38265310360285,2026-06-25 03:57:53.935736,NaN,NaN,NaN,-34.588367,17.487849
104.79207692307692,14.05943153118968,35.23997780576529,42.30186739006603,210.75800491327908,2026-06-25 03:57:53.550794,NaN,NaN,NaN,-34.588367,17.487849
105.009,14.023796145800306,35.23997780576529,42.25632153158131,210.51705822978155,2026-06-25 03:57:52.892952,NaN,NaN,NaN,-34.588367,17.487849
105.19266666666665,14.034440943926862,35.23997780576529,42.26622870411602,210.6055580738243,2026-06-25 03:57:52.305605,NaN,NaN,NaN,-34.588367,17.487849
105.40384615384617,14.060786097710551,35.23943601140377,42.29996449952301,210.31012624909025,2026-06-25 03:57:51.839701,NaN,NaN,NaN,-34.588367,17.487849
105.6015,14.066550304294982,35.23905500274267,42.30624039654123,210.43272796058366,2026-06-25 03:57:51.709927,NaN,NaN,NaN,-34.588367,17.487849
105.82600000000001,14.069379151107167,35.23407870900888,42.31350138797981,210.55272930011705,2026-06-25 03:57:50.820992,NaN,NaN,NaN,-34.588367,17.487849
106.00481818181817,14.053230554120017,35.23170997633357,42.29465055868702,210.67038694674008,2026-06-25 03:57:50.497743,NaN,NaN,NaN,-34.588367,17.487849
106.21627272727274,14.015834319173893,35.22476215987817,42.25083468909292,211.0487600735866,2026-06-25 03:57:49.729762,NaN,NaN,NaN,-34.588367,17.487849
106.43181818181819,14.003444077028417,35.22158759912442,42.23871427382507,210.85279011382192,2026-06-25 03:57:49.393486,NaN,NaN,NaN,-34.588367,17.487849
106.63866666666667,13.958458238142534,35.21539030960612,42.1920270473233,211.97239420714214,2026-06-25 03:57:48.731537,NaN,NaN,NaN,-34.588367,17.487849
106.81018181818182,13.829482463349992,35.21095941696944,42.02282005843435,213.23939589245248,2026-06-25 03:57:48.102913,NaN,NaN,NaN,-34.588367,17.487849
106.99426666666668,13.79338668217831,35.208539188136676,41.969703119579854,212.17122977547703,2026-06-25 03:57:47.648486,NaN,NaN,NaN,-34.588367,17.487849
107.20555555555556,13.87970602634709,35.20818156409245,42.081173658010215,211.35934552920492,2026-06-25 03:57:47.070859,NaN,NaN,NaN,-34.588367,17.487849
107.4280909090909,13.956603004876724,35.20818156409245,42.17884247660811,211.04173569681205,2026-06-25 03:57:46.480609,NaN,NaN,NaN,-34.588367,17.487849
107.623,13.964817050081264,35.20818156409245,42.19007023633817,211.3622592127997,2026-06-25 03:57:45.866807,NaN,NaN,NaN,-34.588367,17.487849
107.80220000000001,13.946031320077278,35.20898969782004,42.173561211948936,212.6317886982726,2026-06-25 03:57:45.129143,NaN,NaN,NaN,-34.588367,17.487849
107.99072727272728,13.84457533157804,35.20898969782004,42.045722636115386,213.12940361873908,2026-06-25 03:57:44.390244,NaN,NaN,NaN,-34.588367,17.487849
108.21720000000002,13.819925415960236,35.20898969782004,42.01713178362521,213.68312395836776,2026-06-25 03:57:43.929455,NaN,NaN,NaN,-34.588367,17.487849
108.38100000000003,13.797895400322943,35.20497560538559,41.99069091699747,213.66260311006096,2026-06-25 03:57:43.276898,NaN,NaN,NaN,-34.588367,17.487849
108.5987142857143,13.809162177296802,35.19581810533377,42.005273566631786,213.59127533775273,2026-06-25 03:57:42.621225,NaN,NaN,NaN,-34.588367,17.487849
108.82175000000001,13.811365364903255,35.19013393561587,42.00961669100143,213.6993938510597,2026-06-25 03:57:42.349867,NaN,NaN,NaN,-34.588367,17.487849
108.99038461538461,13.75603101182306,35.16887581183773,41.94564214713217,215.35876057228273,2026-06-25 03:57:41.542385,NaN,NaN,NaN,-34.588367,17.487849
109.183375,13.720810129173035,35.16025899376642,41.90262355858584,216.28469312207534,2026-06-25 03:57:41.281396,NaN,NaN,NaN,-34.588367,17.487849
109.41691666666668,13.637565425124357,35.13645951884393,41.80862987336086,219.50412562030843,2026-06-25 03:57:40.629482,NaN,NaN,NaN,-34.588367,17.487849
109.62540000000001,13.45869261614881,35.11045747232981,41.584229636572616,222.60204299809706,2026-06-25 03:57:39.980485,NaN,NaN,NaN,-34.588367,17.487849
109.79733333333333,13.33383242673738,35.09506986785356,41.4258592796029,224.29454378097648,2026-06-25 03:57:39.596418,NaN,NaN,NaN,-34.588367,17.487849
110.0385,13.154714219618864,35.07348514648385,41.2083546610194,224.60253292672115,2026-06-25 03:57:39.031982,NaN,NaN,NaN,-34.588367,17.487849
110.2145,13.129727317401255,35.057951744644164,41.17355974777371,225.0290208264696,2026-06-25 03:57:38.532112,NaN,NaN,NaN,-34.588367,17.487849
110.41064285714286,13.193665987360845,35.04640787165456,41.248974406009765,222.5926230978056,2026-06-25 03:57:38.068840,NaN,NaN,NaN,-34.588367,17.487849
110.597375,13.24999194555427,35.03961984311992,41.32879389687969,223.93479374438542,2026-06-25 03:57:37.626098,NaN,NaN,NaN,-34.588367,17.487849
110.78925000000001,13.216388814874458,35.03961984311992,41.29836371143041,226.65808554644462,2026-06-25 03:57:37.088738,NaN,NaN,NaN,-34.588367,17.487849
111.00644444444444,13.102559068792827,35.03961984311992,41.15922444432307,226.7445570971017,2026-06-25 03:57:36.718002,NaN,NaN,NaN,-34.588367,17.487849
111.186,12.972001801582792,35.04300224925767,41.00431872599591,227.7000930455151,2026-06-25 03:57:36.237175,NaN,NaN,NaN,-34.588367,17.487849
111.40235714285713,12.93370228045603,35.05615684006762,40.96894871795546,225.15292241752556,2026-06-25 03:57:35.694459,NaN,NaN,NaN,-34.588367,17.487849
111.60791666666667,12.995506049114809,35.0748424198595,41.063735371279044,223.73699663749085,2026-06-25 03:57:35.101756,NaN,NaN,NaN,-34.588367,17.487849
111.80925,13.09720039600744,35.09546157598209,41.21308501389565,219.89970984860875,2026-06-25 03:57:34.560231,NaN,NaN,NaN,-34.588367,17.487849
111.98792857142858,13.21256850548229,35.12142953218433,41.37747295507024,217.73930379310116,2026-06-25 03:57:33.912781,NaN,NaN,NaN,-34.588367,17.487849
112.15812500000001,13.260825458363692,35.13736118698543,41.44586970951231,215.31517365733782,2026-06-25 03:57:33.520918,NaN,NaN,NaN,-34.588367,17.487849
112.39880000000001,13.285702255305187,35.16149955144767,41.47784697582985,214.6149311492605,2026-06-25 03:57:32.867339,NaN,NaN,NaN,-34.588367,17.487849
112.609,13.291362809465754,35.17366476096286,41.486705690170126,214.48710531231868,2026-06-25 03:57:32.469109,NaN,NaN,NaN,-34.588367,17.487849
112.84249999999999,13.297160401262929,35.187122983556044,41.49716823272343,214.52553854113583,2026-06-25 03:57:31.898425,NaN,NaN,NaN,-34.588367,17.487849
113.03038461538463,13.302889820986334,35.19412549429524,41.50579105291449,213.89148105867713,2026-06-25 03:57:31.514230,NaN,NaN,NaN,-34.588367,17.487849
113.1772,13.319227309768104,35.20063334741663,41.52864794113861,213.88379095734751,2026-06-25 03:57:30.992827,NaN,NaN,NaN,-34.588367,17.487849
113.407,13.330559968226158,35.2024898374787,41.55257061049713,213.59479236322085,2026-06-25 03:57:30.502955,NaN,NaN,NaN,-34.588367,17.487849
113.59,13.309749226925685,35.2024898374787,41.53095541803724,213.64600113244046,2026-06-25 03:57:30.110750,NaN,NaN,NaN,-34.588367,17.487849
113.7902,13.28668573496879,35.2024898374787,41.505932050360784,213.6625477157542,2026-06-25 03:57:29.693166,NaN,NaN,NaN,-34.588367,17.487849
113.998875,13.257129929397102,35.19968111744444,41.47409967305647,213.95007676014092,2026-06-25 03:57:29.078326,NaN,NaN,NaN,-34.588367,17.487849
114.20599999999999,13.239424431076287,35.19776077510265,41.45426366928388,214.08129089979525,2026-06-25 03:57:28.723419,NaN,NaN,NaN,-34.588367,17.487849
114.43620000000001,13.216495876052505,35.19561682797887,41.42808893889961,213.97899191764589,2026-06-25 03:57:28.313526,NaN,NaN,NaN,-34.588367,17.487849
114.60763636363636,13.18850196137589,35.19379841513187,41.395562099602685,214.38613473281623,2026-06-25 03:57:27.840013,NaN,NaN,NaN,-34.588367,17.487849
114.82805882352942,13.169449236177874,35.19379841513187,41.378763075954375,213.92634248803762,2026-06-25 03:57:27.118543,NaN,NaN,NaN,-34.588367,17.487849
114.97800000000001,13.168423961074181,35.19379841513187,41.38320124891738,213.9580778007074,2026-06-25 03:57:26.665067,NaN,NaN,NaN,-34.588367,17.487849
115.21189999999999,13.171984872593333,35.19570722488366,41.39177368614567,213.94723402427968,2026-06-25 03:57:26.189080,NaN,NaN,NaN,-34.588367,17.487849
115.40050000000001,13.175633120999908,35.200042098459946,41.40041633074959,214.22173068736646,2026-06-25 03:57:25.499259,NaN,NaN,NaN,-34.588367,17.487849
115.61679999999998,13.17784760358018,35.20405744656925,41.40552017481527,214.16285870907302,2026-06-25 03:57:25.059374,NaN,NaN,NaN,-34.588367,17.487849
115.80309090909091,13.180468777588182,35.20767482308464,41.409557431907665,214.7958440521766,2026-06-25 03:57:24.672657,NaN,NaN,NaN,-34.588367,17.487849
116.00133333333332,13.193836627399543,35.214799057504905,41.428911967307904,215.55488068055746,2026-06-25 03:57:23.915783,NaN,NaN,NaN,-34.588367,17.487849
116.22485714285712,13.207001887339445,35.218706897696194,41.448211195066555,215.10357001471235,2026-06-25 03:57:23.433369,NaN,NaN,NaN,-34.588367,17.487849
116.41785714285713,13.22384455871932,35.22240668988274,41.4735973705745,216.9209490041303,2026-06-25 03:57:22.919218,NaN,NaN,NaN,-34.588367,17.487849
116.60610000000001,13.21653501125417,35.22480196937576,41.46503572953781,216.84305024183544,2026-06-25 03:57:21.900198,NaN,NaN,NaN,-34.588367,17.487849
116.79300000000002,13.212594202959954,35.22480196937576,41.46031002874091,216.8571348725001,2026-06-25 03:57:21.712939,NaN,NaN,NaN,-34.588367,17.487849
117.02744444444446,13.206307262574894,35.22480196937576,41.45271366223766,216.76721587804394,2026-06-25 03:57:21.177608,NaN,NaN,NaN,-34.588367,17.487849
117.21315384615384,13.197831118157533,35.220930108359816,41.44354764066349,216.8249320021679,2026-06-25 03:57:20.413277,NaN,NaN,NaN,-34.588367,17.487849
117.356375,13.190836277213638,35.21883470826745,41.4356351888051,216.85875017545965,2026-06-25 03:57:20.093169,NaN,NaN,NaN,-34.588367,17.487849
117.58466666666665,13.155042308909922,35.21419527897648,41.3930927644754,216.99971287567158,2026-06-25 03:57:19.526650,NaN,NaN,NaN,-34.588367,17.487849
117.81099999999999,13.119429366692913,35.21028490537041,41.350378016451025,216.5829087458092,2026-06-25 03:57:19.095928,NaN,NaN,NaN,-34.588367,17.487849
117.99222222222222,13.091544250297693,35.20598975804952,41.31890685416025,216.72077389897822,2026-06-25 03:57:18.639381,NaN,NaN,NaN,-34.588367,17.487849
118.19353846153845,13.056283761315692,35.200802768444916,41.28000588197405,216.77556928565795,2026-06-25 03:57:18.075425,NaN,NaN,NaN,-34.588367,17.487849
118.39380000000001,13.031446526378232,35.197043969034006,41.25117505221917,216.77402317172974,2026-06-25 03:57:17.636309,NaN,NaN,NaN,-34.588367,17.487849
118.59549999999999,13.008543295315253,35.1928900337456,41.22482013407485,216.8731596274655,2026-06-25 03:57:17.111446,NaN,NaN,NaN,-34.588367,17.487849
118.81445454545457,12.994925032139752,35.18921758318325,41.20938100770877,216.89968237897804,2026-06-25 03:57:16.574767,NaN,NaN,NaN,-34.588367,17.487849
119.01954545454545,12.989901522615442,35.18521414325052,41.203941161705046,216.81240210459939,2026-06-25 03:57:15.865861,NaN,NaN,NaN,-34.588367,17.487849
119.2291875,12.989169628268765,35.18287237517568,41.204261371894006,216.6906305042581,2026-06-25 03:57:15.338158,NaN,NaN,NaN,-34.588367,17.487849
119.4238888888889,12.976512681469515,35.18118873573446,41.18921705679288,216.9282709887597,2026-06-25 03:57:14.868142,NaN,NaN,NaN,-34.588367,17.487849
119.58149999999999,12.964371856127292,35.17953533345998,41.1748469831655,216.9605148345006,2026-06-25 03:57:14.415482,NaN,NaN,NaN,-34.588367,17.487849
119.78322222222222,12.941562890882516,35.17818261031949,41.148622523794096,217.05105661764458,2026-06-25 03:57:13.896173,NaN,NaN,NaN,-34.588367,17.487849
120.01125000000002,12.924761897296802,35.177286113792405,41.130559859743315,217.0673023092573,2026-06-25 03:57:13.486557,NaN,NaN,NaN,-34.588367,17.487849
120.2172,12.89777962698731,35.17643419629539,41.10182993577967,217.11373164411637,2026-06-25 03:57:13.007515,NaN,NaN,NaN,-34.588367,17.487849
120.4038,12.879331333834287,35.1759561298862,41.08274790041892,217.06090336429222,2026-06-25 03:57:12.607620,NaN,NaN,NaN,-34.588367,17.487849
120.57442857142857,12.874208635972007,35.175807814013886,41.076820661629355,217.31786191679478,2026-06-25 03:57:12.450518,NaN,NaN,NaN,-34.588367,17.487849
120.81711111111109,12.86783609896141,35.17554002790539,41.07052981510305,217.3183686748202,2026-06-25 03:57:12.091088,NaN,NaN,NaN,-34.588367,17.487849
121.00109090909092,12.869570087243801,35.17554002790539,41.07520405391258,217.03028597460863,2026-06-25 03:57:11.467008,NaN,NaN,NaN,-34.588367,17.487849
121.21844444444443,12.870772728238101,35.17554002790539,41.07728321062163,217.01340477161128,2026-06-25 03:57:11.207985,NaN,NaN,NaN,-34.588367,17.487849
121.42944444444444,12.873552783866751,35.175751456254034,41.081048666553166,217.30652797069305,2026-06-25 03:57:10.635911,NaN,NaN,NaN,-34.588367,17.487849
121.60500000000002,12.874730631502851,35.17640219282004,41.08365203848939,217.292449987066,2026-06-25 03:57:09.979733,NaN,NaN,NaN,-34.588367,17.487849
121.7827,12.875709123098591,35.1771058099693,41.083692397104286,217.2906953655187,2026-06-25 03:57:09.423450,NaN,NaN,NaN,-34.588367,17.487849
122.00649999999999,12.875581705912092,35.1778663858005,41.08331393248787,217.35700961529204,2026-06-25 03:57:08.863596,NaN,NaN,NaN,-34.588367,17.487849
122.19350000000001,12.875973345383613,35.17800954848425,41.083930390377034,217.29666811656443,2026-06-25 03:57:08.758623,NaN,NaN,NaN,-34.588367,17.487849
122.43181818181819,12.87840548474054,35.17891352652484,41.08774552486395,217.2720954170101,2026-06-25 03:57:08.090615,NaN,NaN,NaN,-34.588367,17.487849
122.61585714285714,12.881153174704227,35.17937972544506,41.09244391139623,217.3678722354554,2026-06-25 03:57:07.716038,NaN,NaN,NaN,-34.588367,17.487849
122.79657142857143,12.881862716166506,35.17988839017756,41.09499965348738,217.56804142530942,2026-06-25 03:57:07.251873,NaN,NaN,NaN,-34.588367,17.487849
123.0113,12.881248497239108,35.180222241098605,41.094288602231245,217.25959521252102,2026-06-25 03:57:06.894109,NaN,NaN,NaN,-34.588367,17.487849
123.20775,12.881406075253743,35.180624876062616,41.09464371848655,217.25808290784053,2026-06-25 03:57:06.365497,NaN,NaN,NaN,-34.588367,17.487849
123.38028571428569,12.88177804178494,35.18079940600511,41.09597168581554,217.40399270656187,2026-06-25 03:57:06.109314,NaN,NaN,NaN,-34.588367,17.487849
123.60685714285715,12.882364053741023,35.18102364750853,41.09564328599384,217.3637199423036,2026-06-25 03:57:05.702277,NaN,NaN,NaN,-34.588367,17.487849
123.8005,12.881291116255358,35.181198743102144,41.09432655418141,217.57878697356045,2026-06-25 03:57:05.347012,NaN,NaN,NaN,-34.588367,17.487849
123.998,12.880342768523098,35.18134929534445,41.093140174983915,217.33919060129764,2026-06-25 03:57:05.017931,NaN,NaN,NaN,-34.588367,17.487849
124.19118181818185,12.878933241678773,35.18157012766685,41.09266934833484,217.28093720565505,2026-06-25 03:57:04.541540,NaN,NaN,NaN,-34.588367,17.487849
124.39866666666667,12.877961848898027,35.181858321582254,41.0913261059374,217.46387438530473,2026-06-25 03:57:03.993199,NaN,NaN,NaN,-34.588367,17.487849
124.6119090909091,12.877860998244627,35.18196553987628,41.09124128780153,217.6035614001665,2026-06-25 03:57:03.796280,NaN,NaN,NaN,-34.588367,17.487849
124.79016666666666,12.879065218160639,35.182294559608266,41.092509157437945,217.60248986661503,2026-06-25 03:57:03.260056,NaN,NaN,NaN,-34.588367,17.487849
125.03760000000003,12.878049189204143,35.182549466691036,41.09222841684389,217.62323861954818,2026-06-25 03:57:02.865159,NaN,NaN,NaN,-34.588367,17.487849
125.16988888888889,12.87859836016103,35.18285184873733,41.093723804878614,217.70536542524985,2026-06-25 03:57:02.354737,NaN,NaN,NaN,-34.588367,17.487849
125.388,12.878149782527746,35.182998040414276,41.09342742659351,217.83135580208295,2026-06-25 03:57:02.066617,NaN,NaN,NaN,-34.588367,17.487849
125.63519999999998,12.87284807085741,35.182998040414276,41.087855780763924,217.9668242724514,2026-06-25 03:57:01.540504,NaN,NaN,NaN,-34.588367,17.487849
125.8264,12.863237326355948,35.182998040414276,41.078681801399924,217.7480166643579,2026-06-25 03:57:00.985649,NaN,NaN,NaN,-34.588367,17.487849
126.00766666666667,12.860052191132006,35.182794358343244,41.07636056203713,218.08378376811416,2026-06-25 03:57:00.582976,NaN,NaN,NaN,-34.588367,17.487849
126.21533333333333,12.857757624792436,35.18250244171551,41.07536240526621,218.10370526270384,2026-06-25 03:57:00.294163,NaN,NaN,NaN,-34.588367,17.487849
126.36283333333334,12.853260553429623,35.18186094404033,41.07208838292224,218.4465183011943,2026-06-25 03:56:59.869273,NaN,NaN,NaN,-34.588367,17.487849
126.6188888888889,12.841248888200179,35.18078513994402,41.05878840159076,218.27820347459598,2026-06-25 03:56:59.416614,NaN,NaN,NaN,-34.588367,17.487849
126.81090909090909,12.828307864121895,35.179590852828476,41.04402745799184,218.54991523143718,2026-06-25 03:56:58.992987,NaN,NaN,NaN,-34.588367,17.487849
127.02194117647059,12.80513384746859,35.17733970879422,41.01829054198484,218.44836552193735,2026-06-25 03:56:58.355452,NaN,NaN,NaN,-34.588367,17.487849
127.1724,12.785458912600394,35.17529018548857,40.99703447587435,218.41177790853038,2026-06-25 03:56:57.831471,NaN,NaN,NaN,-34.588367,17.487849
127.41450000000002,12.768643100828916,35.17324832638915,40.979355228725964,218.54268806841756,2026-06-25 03:56:57.346598,NaN,NaN,NaN,-34.588367,17.487849
127.5897,12.753457822204911,35.17142906846156,40.962603081526,218.6899074698122,2026-06-25 03:56:56.906712,NaN,NaN,NaN,-34.588367,17.487849
127.80575,12.73896542527065,35.1698511798849,40.94589172292851,218.75442115497918,2026-06-25 03:56:56.499319,NaN,NaN,NaN,-34.588367,17.487849
127.9754,12.728092557223452,35.16891259990658,40.93335777138445,218.61550584605254,2026-06-25 03:56:56.241886,NaN,NaN,NaN,-34.588367,17.487849
128.18625,12.699239273435072,35.16720128843401,40.90148489824444,218.78696066477602,2026-06-25 03:56:55.693279,NaN,NaN,NaN,-34.588367,17.487849
128.40955555555558,12.683288936670989,35.16632388666398,40.88401294446613,219.02959206530733,2026-06-25 03:56:55.334344,NaN,NaN,NaN,-34.588367,17.487849
128.6132,12.67490917819815,35.165664779905356,40.875577653504095,219.54192343952468,2026-06-25 03:56:55.002209,NaN,NaN,NaN,-34.588367,17.487849
128.79900000000004,12.674487282489803,35.16507533350083,40.877817292314816,219.86890304496708,2026-06-25 03:56:54.552326,NaN,NaN,NaN,-34.588367,17.487849
129.019,12.673359107588878,35.16482308273465,40.87817643976951,219.94897887703854,2026-06-25 03:56:54.162428,NaN,NaN,NaN,-34.588367,17.487849
129.21425000000002,12.671965213072554,35.16473848391446,40.87730769261733,220.17946690646684,2026-06-25 03:56:53.881251,NaN,NaN,NaN,-34.588367,17.487849
129.38700000000003,12.67011909040144,35.16473848391446,40.87602394826633,220.1401134377979,2026-06-25 03:56:53.590355,NaN,NaN,NaN,-34.588367,17.487849
129.606,12.667499032358183,35.16473848391446,40.87364532821194,220.00134144937485,2026-06-25 03:56:53.087708,NaN,NaN,NaN,-34.588367,17.487849
129.81111111111113,12.666796653444205,35.1648862661028,40.87255714503013,220.32596816950675,2026-06-25 03:56:52.635048,NaN,NaN,NaN,-34.588367,17.487849
130.02974999999998,12.667160380224137,35.165002331143754,40.87338071215905,220.32484571476115,2026-06-25 03:56:52.269171,NaN,NaN,NaN,-34.588367,17.487849
130.2033076923077,12.664664013574923,35.165002331143754,40.871879998625744,220.72350902972266,2026-06-25 03:56:51.713066,NaN,NaN,NaN,-34.588367,17.487849
130.41814285714287,12.659906247620382,35.165002331143754,40.86747571386129,221.00841415325968,2026-06-25 03:56:51.206055,NaN,NaN,NaN,-34.588367,17.487849
130.6098333333333,12.65727728680796,35.164801907057594,40.86501159110717,220.71545704107677,2026-06-25 03:56:50.829963,NaN,NaN,NaN,-34.588367,17.487849
130.805,12.650701268267406,35.164470910677586,40.857558928011485,220.86422903592617,2026-06-25 03:56:50.500882,NaN,NaN,NaN,-34.588367,17.487849
130.97625,12.645215110025784,35.16420269321607,40.85165669983612,220.9532438990529,2026-06-25 03:56:50.250947,NaN,NaN,NaN,-34.588367,17.487849
131.22241666666667,12.623296044208901,35.16323046124757,40.82746969714792,221.04107589791693,2026-06-25 03:56:49.655269,NaN,NaN,NaN,-34.588367,17.487849
131.33433333333332,12.611497105979685,35.16236769295006,40.814722170415955,220.88758023554303,2026-06-25 03:56:49.263705,NaN,NaN,NaN,-34.588367,17.487849
131.616375,12.603172283427462,35.161310338222364,40.80497152973084,220.85107667500412,2026-06-25 03:56:48.895051,NaN,NaN,NaN,-34.588367,17.487849
131.80371428571428,12.588483730541256,35.160003501850404,40.786819097354204,221.02251866076932,2026-06-25 03:56:48.513900,NaN,NaN,NaN,-34.588367,17.487849
131.97327272727273,12.576498171924971,35.15825300407232,40.77285623844761,221.10600420834504,2026-06-25 03:56:48.132181,NaN,NaN,NaN,-34.588367,17.487849
132.18141666666668,12.567869429792793,35.156138418412695,40.76395951867001,220.84654005978092,2026-06-25 03:56:47.684949,NaN,NaN,NaN,-34.588367,17.487849
132.38527272727273,12.560083952223442,35.15204674090309,40.755647166062225,220.70836069137542,2026-06-25 03:56:47.023379,NaN,NaN,NaN,-34.588367,17.487849
132.5905,12.555719785651858,35.14903549189443,40.748875355523865,220.65691189264808,2026-06-25 03:56:46.639389,NaN,NaN,NaN,-34.588367,17.487849
132.8047,12.545006881391561,35.14435618745519,40.73554775308818,220.41001958851288,2026-06-25 03:56:46.129522,NaN,NaN,NaN,-34.588367,17.487849
133.001,12.538102922804537,35.14112984998667,40.72833717575005,220.725904878252,2026-06-25 03:56:45.827100,NaN,NaN,NaN,-34.588367,17.487849
133.192,12.52700922213649,35.13626364736108,40.716937454210445,219.85848985927208,2026-06-25 03:56:45.398046,NaN,NaN,NaN,-34.588367,17.487849
133.41100000000003,12.491851705188537,35.129861377722634,40.67662354334087,219.90837888324546,2026-06-25 03:56:44.901205,NaN,NaN,NaN,-34.588367,17.487849
133.6162,12.464734019921513,35.126646926201666,40.644033371530824,218.73114224710972,2026-06-25 03:56:44.664903,NaN,NaN,NaN,-34.588367,17.487849
133.77488888888888,12.413847700374227,35.1208549150279,40.58118393696416,218.36617452583027,2026-06-25 03:56:44.248345,NaN,NaN,NaN,-34.588367,17.487849
134.0164,12.36504149529871,35.11260193609113,40.52381621783804,216.63267723557195,2026-06-25 03:56:43.665164,NaN,NaN,NaN,-34.588367,17.487849
134.23649999999998,12.357420643027108,35.110657150812386,40.51604553017552,216.0599568445627,2026-06-25 03:56:43.527700,NaN,NaN,NaN,-34.588367,17.487849
134.39266666666668,12.31721154368838,35.10324374271572,40.46925014300933,215.00444642985389,2026-06-25 03:56:42.970900,NaN,NaN,NaN,-34.588367,17.487849
134.61314285714283,12.297672728749541,35.100195378315966,40.445999695689316,214.2321678568361,2026-06-25 03:56:42.722552,NaN,NaN,NaN,-34.588367,17.487849
134.83130000000003,12.256376112753038,35.093492079817686,40.39792440993461,213.84379209741434,2026-06-25 03:56:42.115568,NaN,NaN,NaN,-34.588367,17.487849
134.98399999999998,12.245934523074489,35.0914753641072,40.386025967134955,212.7234590422562,2026-06-25 03:56:41.905623,NaN,NaN,NaN,-34.588367,17.487849
135.2222,12.227948904913614,35.08706526861384,40.36552043054952,212.43413483447742,2026-06-25 03:56:41.365763,NaN,NaN,NaN,-34.588367,17.487849
135.41866666666667,12.223209009428038,35.08472739030863,40.36085289693213,213.09107566958872,2026-06-25 03:56:40.976976,NaN,NaN,NaN,-34.588367,17.487849
135.589125,12.220455408946185,35.08341881681888,40.35810810053255,213.0308398598811,2026-06-25 03:56:40.672194,NaN,NaN,NaN,-34.588367,17.487849
135.81266666666667,12.216102861842819,35.08196248427382,40.35368797220462,214.38092658883187,2026-06-25 03:56:40.191069,NaN,NaN,NaN,-34.588367,17.487849
136.01933333333332,12.21290932929119,35.08165029159626,40.351072236262105,214.7024303264264,2026-06-25 03:56:39.827275,NaN,NaN,NaN,-34.588367,17.487849
136.164,12.210968170389942,35.08165029159626,40.34926929445995,214.9736189356823,2026-06-25 03:56:39.599557,NaN,NaN,NaN,-34.588367,17.487849
136.42919999999998,12.201815544507706,35.08165029159626,40.33953178269012,215.45535004990168,2026-06-25 03:56:39.076360,NaN,NaN,NaN,-34.588367,17.487849
136.5662222222222,12.197477730242316,35.08185358727809,40.33511483380427,215.84898281867677,2026-06-25 03:56:38.899739,NaN,NaN,NaN,-34.588367,17.487849
136.83125,12.188989981982406,35.08237513402823,40.32711996862034,216.37078748549138,2026-06-25 03:56:38.529003,NaN,NaN,NaN,-34.588367,17.487849
136.992,12.186157072108998,35.08287007885998,40.325617926301526,216.78602558084305,2026-06-25 03:56:38.233246,NaN,NaN,NaN,-34.588367,17.487849
137.192,12.185659680041265,35.083752359964784,40.32673823380931,216.79617889861197,2026-06-25 03:56:37.706717,NaN,NaN,NaN,-34.588367,17.487849
137.35850000000002,12.186149418882728,35.08438480406136,40.32746204533923,217.10608408727003,2026-06-25 03:56:37.225176,NaN,NaN,NaN,-34.588367,17.487849
137.62199999999999,12.186766555918924,35.08466724397393,40.32770102699575,217.10548403330307,2026-06-25 03:56:36.958579,NaN,NaN,NaN,-34.588367,17.487849
137.80616666666666,12.187094436004246,35.08476124595806,40.327495785463775,217.1020860679103,2026-06-25 03:56:36.342073,NaN,NaN,NaN,-34.588367,17.487849
138.01080000000002,12.187050428237711,35.08476124595806,40.327612752872625,217.10407189658287,2026-06-25 03:56:36.367066,NaN,NaN,NaN,-34.588367,17.487849
138.17066666666665,12.187388594552957,35.08476124595806,40.327146778647396,217.20003339334602,2026-06-25 03:56:35.933846,NaN,NaN,NaN,-34.588367,17.487849
138.441,12.187470742569806,35.08446419081317,40.32754189128176,217.41268437559293,2026-06-25 03:56:35.688672,NaN,NaN,NaN,-34.588367,17.487849
138.60483333333335,12.18671197236363,35.0838799365003,40.32737009917955,217.87361420277261,2026-06-25 03:56:35.342333,NaN,NaN,NaN,-34.588367,17.487849
138.78885714285715,12.186284457333732,35.08355500881678,40.3274585173458,217.74854972367447,2026-06-25 03:56:35.145956,NaN,NaN,NaN,-34.588367,17.487849
138.99663636363638,12.18099761141125,35.082188796816915,40.32223880948814,218.11169068478793,2026-06-25 03:56:34.608434,NaN,NaN,NaN,-34.588367,17.487849
139.19733333333332,12.171382867376515,35.080970256268394,40.31100113938291,218.11784572460772,2026-06-25 03:56:34.200964,NaN,NaN,NaN,-34.588367,17.487849
139.42788888888887,12.162156725759804,35.08013749407069,40.30110442126679,217.97523910081665,2026-06-25 03:56:33.951029,NaN,NaN,NaN,-34.588367,17.487849
139.608875,12.147437711992428,35.07890540978398,40.285029401388464,217.8730412772329,2026-06-25 03:56:33.586541,NaN,NaN,NaN,-34.588367,17.487849
139.81799999999998,12.129020350146092,35.07749400115251,40.263565409848106,217.8929222868333,2026-06-25 03:56:33.176231,NaN,NaN,NaN,-34.588367,17.487849
139.98728571428572,12.121201958227484,35.07644945932642,40.255511690161484,217.52007042967165,2026-06-25 03:56:32.860837,NaN,NaN,NaN,-34.588367,17.487849
140.18919999999997,12.11478836112908,35.075403030897306,40.24877064122151,217.10089013501093,2026-06-25 03:56:32.528067,NaN,NaN,NaN,-34.588367,17.487849
140.4223636363636,12.10749526147231,35.07441039769184,40.24012652269119,216.85148618096656,2026-06-25 03:56:32.181794,NaN,NaN,NaN,-34.588367,17.487849
140.61999999999998,12.099685005714916,35.07346375976738,40.23179651616543,216.43443371421,2026-06-25 03:56:31.798257,NaN,NaN,NaN,-34.588367,17.487849
140.80588888888886,12.093154238247898,35.072677799170364,40.22462411261685,216.4976387497789,2026-06-25 03:56:31.435018,NaN,NaN,NaN,-34.588367,17.487849
141.0145,12.088929783139854,35.07196113000814,40.21979651884013,216.43894156174667,2026-06-25 03:56:31.001798,NaN,NaN,NaN,-34.588367,17.487849
141.21100000000004,12.086162653467653,35.071545109126596,40.217774364302464,216.55462952234973,2026-06-25 03:56:30.648557,NaN,NaN,NaN,-34.588367,17.487849
141.37525000000002,12.084431520948467,35.071287614018765,40.216786154843646,216.41351592337162,2026-06-25 03:56:30.393623,NaN,NaN,NaN,-34.588367,17.487849
141.62571428571428,12.084048528331804,35.07097177723471,40.21690818281906,216.7291615744192,2026-06-25 03:56:29.904465,NaN,NaN,NaN,-34.588367,17.487849
141.79814285714286,12.084911949319933,35.070872356666136,40.217631498991814,216.7236323433674,2026-06-25 03:56:29.668812,NaN,NaN,NaN,-34.588367,17.487849
141.99485714285714,12.08556662524399,35.07075033786867,40.21839682706261,216.71587455357496,2026-06-25 03:56:29.354608,NaN,NaN,NaN,-34.588367,17.487849
142.1785,12.086510459824364,35.07058009942941,40.219634958801095,216.73087892585153,2026-06-25 03:56:28.881517,NaN,NaN,NaN,-34.588367,17.487849
142.4395,12.087827033457241,35.070400105697935,40.22064414286309,217.02123270531982,2026-06-25 03:56:28.484121,NaN,NaN,NaN,-34.588367,17.487849
142.61928571428572,12.087500346542603,35.070210442421946,40.22050692697547,216.8280850726143,2026-06-25 03:56:28.169203,NaN,NaN,NaN,-34.588367,17.487849
142.80037499999997,12.085148483627083,35.06991147089441,40.21813165427437,216.34991913661807,2026-06-25 03:56:27.750562,NaN,NaN,NaN,-34.588367,17.487849
142.9525,12.075974014531518,35.06955886759232,40.20800113044181,216.2001034619974,2026-06-25 03:56:27.394405,NaN,NaN,NaN,-34.588367,17.487849
143.23899999999998,12.069238180222312,35.069197380741564,40.20050835992673,215.95107986623623,2026-06-25 03:56:27.114478,NaN,NaN,NaN,-34.588367,17.487849
143.38866666666667,12.0635893719248,35.068647370014794,40.194785812386,215.65757108124518,2026-06-25 03:56:26.727912,NaN,NaN,NaN,-34.588367,17.487849
143.58333333333334,12.061927162381345,35.068220446052614,40.19348100584162,215.38110689439236,2026-06-25 03:56:26.469646,NaN,NaN,NaN,-34.588367,17.487849
143.76457142857143,12.057764938891651,35.06763634737131,40.188479681127895,215.39270535551287,2026-06-25 03:56:26.134019,NaN,NaN,NaN,-34.588367,17.487849
144.00199999999998,12.05202006263545,35.066849671581814,40.18277689512088,214.5526525830464,2026-06-25 03:56:25.712701,NaN,NaN,NaN,-34.588367,17.487849
144.2185,12.044849070015978,35.066266811982764,40.1754250273108,214.3315093378878,2026-06-25 03:56:25.403257,NaN,NaN,NaN,-34.588367,17.487849
144.38819999999998,12.04404456317997,35.06606785045846,40.175376244987355,214.29216013428618,2026-06-25 03:56:25.299951,NaN,NaN,NaN,-34.588367,17.487849
144.60399999999998,12.023081787175325,35.06508869089917,40.15207720127486,214.37455188440003,2026-06-25 03:56:24.753427,NaN,NaN,NaN,-34.588367,17.487849
144.7872857142857,12.013164626759874,35.064530916825944,40.141067270118015,213.9399293839168,2026-06-25 03:56:24.405898,NaN,NaN,NaN,-34.588367,17.487849
145.0045,12.010875914553047,35.06423303090361,40.13843024830125,213.95801908737357,2026-06-25 03:56:24.195239,NaN,NaN,NaN,-34.588367,17.487849
145.1871111111111,12.009894097187633,35.06369265064567,40.13766372300714,214.26847265004565,2026-06-25 03:56:23.731471,NaN,NaN,NaN,-34.588367,17.487849
145.41119999999995,12.010906264326017,35.06340621691445,40.13919005718953,214.26107040251142,2026-06-25 03:56:23.415442,NaN,NaN,NaN,-34.588367,17.487849
145.61242857142858,12.01193146858465,35.0631202132567,40.14052257630486,214.26265662853794,2026-06-25 03:56:22.863443,NaN,NaN,NaN,-34.588367,17.487849
145.7678,12.011924798853826,35.06309806077438,40.140614472841484,214.11244265921567,2026-06-25 03:56:22.680634,NaN,NaN,NaN,-34.588367,17.487849
145.99481818181818,12.011047745107687,35.06309806077438,40.13939883191505,214.26826476117657,2026-06-25 03:56:22.248019,NaN,NaN,NaN,-34.588367,17.487849
146.18800000000002,12.010313281468772,35.06309806077438,40.13853167772915,214.27611052095483,2026-06-25 03:56:21.950824,NaN,NaN,NaN,-34.588367,17.487849
146.38566666666668,12.013306724962021,35.063245924020485,40.140673775503934,214.72298280009207,2026-06-25 03:56:21.512605,NaN,NaN,NaN,-34.588367,17.487849
146.60244444444444,12.015475723015022,35.06338260047093,40.14448705670794,214.24008969532508,2026-06-25 03:56:21.159919,NaN,NaN,NaN,-34.588367,17.487849
146.791375,12.013746900172361,35.06348626283759,40.143268157623254,214.22805439653473,2026-06-25 03:56:20.702399,NaN,NaN,NaN,-34.588367,17.487849
147.00416666666666,12.011431544412623,35.06348626283759,40.14043369170861,214.11820274888106,2026-06-25 03:56:20.387898,NaN,NaN,NaN,-34.588367,17.487849
147.25171428571429,12.007525023093148,35.06348626283759,40.13758145686196,213.71126990404545,2026-06-25 03:56:20.021327,NaN,NaN,NaN,-34.588367,17.487849
147.4077142857143,12.005059772505025,35.06335152158076,40.13506751680659,213.52751635598304,2026-06-25 03:56:19.771392,NaN,NaN,NaN,-34.588367,17.487849
147.63566666666665,12.002624055867454,35.0628848471769,40.13228981767791,213.700027970982,2026-06-25 03:56:19.265968,NaN,NaN,NaN,-34.588367,17.487849
147.81060000000002,12.003253847383467,35.06255423810122,40.13304838051528,213.70334713868465,2026-06-25 03:56:19.031585,NaN,NaN,NaN,-34.588367,17.487849
147.97899999999998,12.003615342553584,35.06230195124306,40.1331808228213,213.727684556146,2026-06-25 03:56:18.861629,NaN,NaN,NaN,-34.588367,17.487849
148.1825,12.0019328055416,35.060901813691565,40.13141624248788,212.94106564198103,2026-06-25 03:56:18.263452,NaN,NaN,NaN,-34.588367,17.487849
148.4195,11.994138603347082,35.05965043308455,40.12290589600024,212.81237311895248,2026-06-25 03:56:17.863556,NaN,NaN,NaN,-34.588367,17.487849
148.60122222222222,11.980492280909848,35.05812078625764,40.10766683381254,212.44741384781577,2026-06-25 03:56:17.444221,NaN,NaN,NaN,-34.588367,17.487849
148.80683333333332,11.968113414974326,35.056913017505565,40.093673777638955,212.53088856077116,2026-06-25 03:56:17.147076,NaN,NaN,NaN,-34.588367,17.487849
149.02349999999998,11.955689661972425,35.05548174859979,40.079959541491014,212.48702429871605,2026-06-25 03:56:16.822161,NaN,NaN,NaN,-34.588367,17.487849
149.21175,11.946947594266739,35.05427838438169,40.070084022790255,212.88861906125356,2026-06-25 03:56:16.572226,NaN,NaN,NaN,-34.588367,17.487849
149.37975,11.935182871891623,35.052714569520035,40.058002516225315,212.8123097372225,2026-06-25 03:56:16.247311,NaN,NaN,NaN,-34.588367,17.487849
149.56057142857142,11.9209701768045,35.05133477851681,40.04196274826467,213.60653639745345,2026-06-25 03:56:15.972382,NaN,NaN,NaN,-34.588367,17.487849
149.764,11.920027625462271,35.05108796379455,40.04143694490443,213.52111865974175,2026-06-25 03:56:15.922395,NaN,NaN,NaN,-34.588367,17.487849
150.04399999999998,11.903937815630238,35.04994886163108,40.02175238137068,213.82491763733537,2026-06-25 03:56:15.697454,NaN,NaN,NaN,-34.588367,17.487849
150.20675,11.891914455759416,35.04820222449957,40.008652054201924,214.0373016305383,2026-06-25 03:56:15.347545,NaN,NaN,NaN,-34.588367,17.487849
150.44385714285713,11.884779491322847,35.04699944622648,40.00139792339484,214.10866452059705,2026-06-25 03:56:15.108322,NaN,NaN,NaN,-34.588367,17.487849
150.57066666666665,11.884353492887078,35.04673994605793,40.001196590924124,214.10451675909346,2026-06-25 03:56:15.055955,NaN,NaN,NaN,-34.588367,17.487849
150.81085714285715,11.880096059819282,35.0444024090452,39.99711384678529,214.14530475831455,2026-06-25 03:56:14.565606,NaN,NaN,NaN,-34.588367,17.487849
150.99824999999998,11.870032756974975,35.042571144104656,39.9854790797762,214.55205009344547,2026-06-25 03:56:14.110368,NaN,NaN,NaN,-34.588367,17.487849
151.2016,11.871095599420832,35.042382027257716,39.986554859683714,214.43567151021455,2026-06-25 03:56:14.152857,NaN,NaN,NaN,-34.588367,17.487849
151.3832857142857,11.860238780125679,35.04107582078847,39.97513311503669,214.59881374107488,2026-06-25 03:56:13.794379,NaN,NaN,NaN,-34.588367,17.487849
151.587625,11.847333352122249,35.039422031403404,39.96154369580181,215.36016405949323,2026-06-25 03:56:13.360563,NaN,NaN,NaN,-34.588367,17.487849
151.7904,11.839052854711351,35.03855212599964,39.951953572232284,215.4480776949241,2026-06-25 03:56:13.113128,NaN,NaN,NaN,-34.588367,17.487849
152.01088888888887,11.825184580860258,35.0371559819541,39.93632596048698,215.85535812536216,2026-06-25 03:56:12.678796,NaN,NaN,NaN,-34.588367,17.487849
152.172,11.820385235447478,35.03653943659154,39.931107511636306,215.66083481525817,2026-06-25 03:56:12.473294,NaN,NaN,NaN,-34.588367,17.487849
152.35483333333332,11.815628129800649,35.03562178976366,39.92679408711678,216.06386344073115,2026-06-25 03:56:12.148379,NaN,NaN,NaN,-34.588367,17.487849
152.604,11.807746297513196,35.03466253840756,39.917918604288005,216.28945763018285,2026-06-25 03:56:11.773477,NaN,NaN,NaN,-34.588367,17.487849
152.8045,11.801713832231151,35.03381998942022,39.91105784460089,216.3367812861182,2026-06-25 03:56:11.406906,NaN,NaN,NaN,-34.588367,17.487849
153.00266666666667,11.797353640082896,35.03311407426896,39.905838742224375,216.3849653013041,2026-06-25 03:56:11.094487,NaN,NaN,NaN,-34.588367,17.487849
153.20925,11.79568051265254,35.03202171499092,39.90428045470098,216.59765491395538,2026-06-25 03:56:10.511306,NaN,NaN,NaN,-34.588367,17.487849
153.39875,11.796348057383817,35.03189721855271,39.90581586532031,216.4015910358065,2026-06-25 03:56:10.573790,NaN,NaN,NaN,-34.588367,17.487849
153.6175,11.794363968820171,35.03131413417287,39.90134771380519,216.72251398080618,2026-06-25 03:56:10.223881,NaN,NaN,NaN,-34.588367,17.487849
153.76144444444444,11.795418920321369,35.03070230332439,39.90270038002141,216.70684734177237,2026-06-25 03:56:09.918405,NaN,NaN,NaN,-34.588367,17.487849
154.02200000000002,11.792261098273542,35.029674961380486,39.900543617833456,216.7537250149526,2026-06-25 03:56:09.407427,NaN,NaN,NaN,-34.588367,17.487849
154.210125,11.790634048381264,35.029480943153146,39.89893210537432,216.93912293132777,2026-06-25 03:56:09.311619,NaN,NaN,NaN,-34.588367,17.487849
154.38960000000003,11.784275374532488,35.02861159682037,39.89119385860081,217.13286650818588,2026-06-25 03:56:08.884230,NaN,NaN,NaN,-34.588367,17.487849
154.60933333333332,11.782644682339134,35.02800984885412,39.889228961848175,217.14556678299468,2026-06-25 03:56:08.590973,NaN,NaN,NaN,-34.588367,17.487849
154.85524999999998,11.77624974303326,35.02725678912987,39.88167744085601,217.1802127169798,2026-06-25 03:56:08.224402,NaN,NaN,NaN,-34.588367,17.487849
154.98400000000004,11.769099527064077,35.026893906695676,39.87269065593551,217.68906432711728,2026-06-25 03:56:08.046670,NaN,NaN,NaN,-34.588367,17.487849
155.25,11.759231336815708,35.02637965077576,39.86079447480138,217.6268580946996,2026-06-25 03:56:07.794514,NaN,NaN,NaN,-34.588367,17.487849
155.388,11.753510203509714,35.02554253296294,39.85780776426312,217.9372019150008,2026-06-25 03:56:07.374623,NaN,NaN,NaN,-34.588367,17.487849
155.597,11.753341522541627,35.02521964415584,39.858142084198384,217.9838622959069,2026-06-25 03:56:07.208000,NaN,NaN,NaN,-34.588367,17.487849
155.75920000000002,11.751826663367257,35.02472197820656,39.85606268070717,218.02982028045895,2026-06-25 03:56:06.944735,NaN,NaN,NaN,-34.588367,17.487849
156.02400000000003,11.749218264701854,35.02428969948084,39.85202302006745,218.05090979793025,2026-06-25 03:56:06.708130,NaN,NaN,NaN,-34.588367,17.487849
156.26033333333334,11.743583703335966,35.02350842782461,39.84596145076828,218.14600829937058,2026-06-25 03:56:06.158274,NaN,NaN,NaN,-34.588367,17.487849
156.40511111111113,11.744694632643652,35.02335563135034,39.84681535501164,218.08873831048072,2026-06-25 03:56:06.252694,NaN,NaN,NaN,-34.588367,17.487849
156.60616666666667,11.739707280611285,35.02282335514208,39.842574711137374,218.7474884753713,2026-06-25 03:56:05.825027,NaN,NaN,NaN,-34.588367,17.487849
156.7425,11.738203451948351,35.02267241608874,39.84072783230266,218.47567110390887,2026-06-25 03:56:05.725053,NaN,NaN,NaN,-34.588367,17.487849
156.97942857142857,11.733515876674607,35.022128712830174,39.83412246956637,218.7900724692502,2026-06-25 03:56:05.346581,NaN,NaN,NaN,-34.588367,17.487849
157.20524999999998,11.734283986059964,35.02165230593013,39.835702799313175,218.75433317097287,2026-06-25 03:56:04.987746,NaN,NaN,NaN,-34.588367,17.487849
157.39466666666667,11.73580400386762,35.02125782162845,39.83815275357188,218.805106060479,2026-06-25 03:56:04.675327,NaN,NaN,NaN,-34.588367,17.487849
157.6475714285714,11.735020419791008,35.02085328253121,39.836698093568366,219.1326745286937,2026-06-25 03:56:04.339700,NaN,NaN,NaN,-34.588367,17.487849
157.77025,11.732293272999547,35.020471995503385,39.83323912559263,219.15207956376267,2026-06-25 03:56:04.013000,NaN,NaN,NaN,-34.588367,17.487849
157.98875,11.731113412380255,35.02034194838219,39.83210669424888,219.18173007686048,2026-06-25 03:56:03.900529,NaN,NaN,NaN,-34.588367,17.487849
158.1936,11.730300225246946,35.01997835910796,39.83276409697124,219.17056797344495,2026-06-25 03:56:03.585611,NaN,NaN,NaN,-34.588367,17.487849
158.4015,11.728679674657952,35.01968427043233,39.831207372077934,219.64736862620393,2026-06-25 03:56:03.334010,NaN,NaN,NaN,-34.588367,17.487849
158.57600000000002,11.722368156965661,35.0193141743683,39.82398448604505,220.26935282551767,2026-06-25 03:56:03.025757,NaN,NaN,NaN,-34.588367,17.487849
158.82157142857142,11.717035941475066,35.0191066668717,39.817656419292675,220.54379539414734,2026-06-25 03:56:02.854373,NaN,NaN,NaN,-34.588367,17.487849
159.0254,11.709110505923155,35.01851680427937,39.80865303995972,220.3891962398561,2026-06-25 03:56:02.395921,NaN,NaN,NaN,-34.588367,17.487849
159.19074999999998,11.708003988109835,35.018373665747674,39.80707830253443,220.37214233559718,2026-06-25 03:56:02.288449,NaN,NaN,NaN,-34.588367,17.487849
159.35800000000003,11.705133025655092,35.01802593343454,39.803720528590055,220.5745101943994,2026-06-25 03:56:02.042680,NaN,NaN,NaN,-34.588367,17.487849
159.62316666666666,11.703231452153629,35.01760005650686,39.80201206840035,220.68838378194243,2026-06-25 03:56:01.751089,NaN,NaN,NaN,-34.588367,17.487849
159.80557142857145,11.702459345957704,35.017434451562835,39.80130844617363,220.69631983073126,2026-06-25 03:56:01.640404,NaN,NaN,NaN,-34.588367,17.487849
160.0651428571429,11.700422198175488,35.016516595262246,39.8004333084669,220.90952443901526,2026-06-25 03:56:01.069124,NaN,NaN,NaN,-34.588367,17.487849
160.17175,11.700597739260994,35.01648694894493,39.800779426310726,221.20485048443615,2026-06-25 03:56:01.051272,NaN,NaN,NaN,-34.588367,17.487849
160.43325,11.69228510758614,35.01550195641175,39.79275312376735,221.66698002409976,2026-06-25 03:56:00.495167,NaN,NaN,NaN,-34.588367,17.487849
160.59325,11.69151239131635,35.015473263469204,39.792132302147564,221.5559792746387,2026-06-25 03:56:00.476422,NaN,NaN,NaN,-34.588367,17.487849
160.79542857142857,11.686954333174146,35.01471211404054,39.78649118481909,221.95249863178702,2026-06-25 03:56:00.069385,NaN,NaN,NaN,-34.588367,17.487849
160.982,11.679841209735919,35.014087312225655,39.778212963768944,222.16016653463842,2026-06-25 03:55:59.743279,NaN,NaN,NaN,-34.588367,17.487849
161.236625,11.67285642970331,35.01356736777664,39.76887280909858,222.20869070000336,2026-06-25 03:55:59.476682,NaN,NaN,NaN,-34.588367,17.487849
161.37425,11.67109118580474,35.013226863081584,39.76622759803054,222.23316293192943,2026-06-25 03:55:59.301728,NaN,NaN,NaN,-34.588367,17.487849
161.62766666666667,11.673540359108012,35.01240694266036,39.76894644500703,222.22409722395628,2026-06-25 03:55:58.876838,NaN,NaN,NaN,-34.588367,17.487849
161.8398,11.674926713922181,35.01219472198719,39.77073890533877,222.21338222773633,2026-06-25 03:55:58.766867,NaN,NaN,NaN,-34.588367,17.487849
161.959,11.674234988709326,35.011609065195,39.772175814697675,222.22041227217912,2026-06-25 03:55:58.451949,NaN,NaN,NaN,-34.588367,17.487849
162.17174999999997,11.67117582624023,35.01116524070625,39.768623724752786,222.24590140714474,2026-06-25 03:55:58.202014,NaN,NaN,NaN,-34.588367,17.487849
162.42759999999998,11.671275537947258,35.01112463354935,39.7690664753958,222.28253976736127,2026-06-25 03:55:58.177021,NaN,NaN,NaN,-34.588367,17.487849
162.59025,11.668577784624791,35.010798800395904,39.76571151537222,222.43817114521943,2026-06-25 03:55:57.989570,NaN,NaN,NaN,-34.588367,17.487849
162.806625,11.66367562527487,35.010181179992244,39.76152441448856,222.6248024487483,2026-06-25 03:55:57.602171,NaN,NaN,NaN,-34.588367,17.487849
163.03083333333333,11.653247427826606,35.009679329065754,39.74930314961873,222.7283751707456,2026-06-25 03:55:57.252262,NaN,NaN,NaN,-34.588367,17.487849
163.2098,11.648061452738439,35.00935440682201,39.74339541166922,222.45549102394705,2026-06-25 03:55:56.997328,NaN,NaN,NaN,-34.588367,17.487849
163.39,11.648224806075996,35.00907843627466,39.74283659238753,222.4502959860681,2026-06-25 03:55:56.752392,NaN,NaN,NaN,-34.588367,17.487849
163.6792,11.64882253653184,35.008923200156914,39.74283713008985,222.77037051302054,2026-06-25 03:55:56.597433,NaN,NaN,NaN,-34.588367,17.487849
163.75133333333335,11.649107283037518,35.00885443130678,39.74283683727245,222.5362276391367,2026-06-25 03:55:56.527451,NaN,NaN,NaN,-34.588367,17.487849
164.00171428571429,11.648114341928693,35.00852277334149,39.74129029946283,222.46126856922868,2026-06-25 03:55:56.113273,NaN,NaN,NaN,-34.588367,17.487849
164.2418,11.647199954699426,35.00840329266065,39.74114771557465,222.79542267612723,2026-06-25 03:55:55.907612,NaN,NaN,NaN,-34.588367,17.487849
164.3838,11.646052147718283,35.00827020333478,39.74073859783529,222.56054138295244,2026-06-25 03:55:55.647680,NaN,NaN,NaN,-34.588367,17.487849
164.586,11.644956774740022,35.00816707282317,39.73994569948473,222.49552332977396,2026-06-25 03:55:55.386082,NaN,NaN,NaN,-34.588367,17.487849
164.81799999999998,11.644014092780079,35.008069088157114,39.73878463761873,222.71364532323278,2026-06-25 03:55:55.002848,NaN,NaN,NaN,-34.588367,17.487849
164.9774,11.643823757860995,35.008056463024786,39.738566592454205,222.5193289657648,2026-06-25 03:55:54.917870,NaN,NaN,NaN,-34.588367,17.487849
165.24516666666668,11.643468241825445,35.008002382944056,39.73812623557259,222.64327005167186,2026-06-25 03:55:54.544634,NaN,NaN,NaN,-34.588367,17.487849
165.36075000000002,11.64329581066839,35.00799289045786,39.73795090430489,222.5741989954193,2026-06-25 03:55:54.465488,NaN,NaN,NaN,-34.588367,17.487849
165.57725,11.64564620423538,35.007947975155986,39.74110173524194,222.50639545959208,2026-06-25 03:55:54.115580,NaN,NaN,NaN,-34.588367,17.487849
165.8132,11.646796208128531,35.00792007406184,39.74282046147006,222.76743973100992,2026-06-25 03:55:53.938126,NaN,NaN,NaN,-34.588367,17.487849
165.9905,11.644809196226817,35.00787034084497,39.7406807833277,222.84862493555053,2026-06-25 03:55:53.715684,NaN,NaN,NaN,-34.588367,17.487849
166.23714285714286,11.63941964812011,35.00778068369159,39.73395777208923,222.8469157565131,2026-06-25 03:55:53.435400,NaN,NaN,NaN,-34.588367,17.487849
166.422,11.635543934416116,35.00770641076896,39.72903817343884,222.91769784942616,2026-06-25 03:55:53.253304,NaN,NaN,NaN,-34.588367,17.487849
166.58066666666664,11.63259858453037,35.007612665099636,39.725581110551026,222.93647933772968,2026-06-25 03:55:53.078350,NaN,NaN,NaN,-34.588367,17.487849
166.81060000000002,11.628394639029718,35.007434951838796,39.72161289534094,222.96967686305058,2026-06-25 03:55:52.828415,NaN,NaN,NaN,-34.588367,17.487849
167.005125,11.625424877458645,35.007204887837105,39.71951132294386,223.00453748153694,2026-06-25 03:55:52.578480,NaN,NaN,NaN,-34.588367,17.487849
167.19066666666666,11.625521441712621,35.00689687164138,39.72192108046297,223.01796627757102,2026-06-25 03:55:52.295221,NaN,NaN,NaN,-34.588367,17.487849
167.43124999999998,11.627242626924993,35.00636716997311,39.728329466953,223.293892781527,2026-06-25 03:55:51.816179,NaN,NaN,NaN,-34.588367,17.487849
167.58214285714286,11.628976036175795,35.006161096464275,39.72964993257766,223.30528164933213,2026-06-25 03:55:51.935791,NaN,NaN,NaN,-34.588367,17.487849
167.78966666666668,11.622183330894856,35.00570732956522,39.72335959478278,223.37999889019156,2026-06-25 03:55:51.562078,NaN,NaN,NaN,-34.588367,17.487849
168.00100000000003,11.61824527902495,35.0055255432281,39.71873810552958,223.43283331937567,2026-06-25 03:55:51.468769,NaN,NaN,NaN,-34.588367,17.487849
168.25,11.59915726919597,35.004784631284224,39.69769128610405,223.38420838513528,2026-06-25 03:55:51.128858,NaN,NaN,NaN,-34.588367,17.487849
168.41725,11.590111740502932,35.00439117286018,39.68704320728085,223.33191352245103,2026-06-25 03:55:50.966400,NaN,NaN,NaN,-34.588367,17.487849
168.64825,11.579877126669729,35.0038172173839,39.67338560002603,223.39058194920574,2026-06-25 03:55:50.741459,NaN,NaN,NaN,-34.588367,17.487849
168.82475,11.57428423050566,35.00299320348542,39.666966425764876,223.44161045044424,2026-06-25 03:55:50.441537,NaN,NaN,NaN,-34.588367,17.487849
169.055,11.572724334211301,35.00238975646232,39.66646220790316,223.46217501477432,2026-06-25 03:55:50.229093,NaN,NaN,NaN,-34.588367,17.487849
169.21125,11.568897815676484,35.00169606435703,39.66062641660673,223.2433561530379,2026-06-25 03:55:49.997903,NaN,NaN,NaN,-34.588367,17.487849
169.424,11.563609626097556,35.00075612596618,39.65364489063309,223.4993615064168,2026-06-25 03:55:49.689233,NaN,NaN,NaN,-34.588367,17.487849
169.62199999999999,11.55989933943203,35.000156522530894,39.64941486285514,223.48823774187778,2026-06-25 03:55:49.495950,NaN,NaN,NaN,-34.588367,17.487849
169.848,11.556108702817193,34.9995110713999,39.645604702390166,223.24772365397817,2026-06-25 03:55:49.289338,NaN,NaN,NaN,-34.588367,17.487849
170.02249999999998,11.553920649139977,34.99908802986951,39.64362795094017,223.3093170447681,2026-06-25 03:55:49.154373,NaN,NaN,NaN,-34.588367,17.487849
170.2036666666667,11.551309363265522,34.99830579413018,39.641338278186616,223.0586064840131,2026-06-25 03:55:48.904438,NaN,NaN,NaN,-34.588367,17.487849
170.422,11.547743194890415,34.9973487340855,39.63721181084521,223.38133306438488,2026-06-25 03:55:48.596185,NaN,NaN,NaN,-34.588367,17.487849
170.6052857142857,11.545635514218153,34.99677281200144,39.63471478329143,223.37870924759176,2026-06-25 03:55:48.408139,NaN,NaN,NaN,-34.588367,17.487849
170.81799999999998,11.54376472494721,34.996281346086874,39.632552257696574,223.41759960607257,2026-06-25 03:55:48.246276,NaN,NaN,NaN,-34.588367,17.487849
171.0214,11.540683684587464,34.9954211717937,39.629311125409956,223.42450512136185,2026-06-25 03:55:47.959684,NaN,NaN,NaN,-34.588367,17.487849
171.22766666666666,11.538892597449722,34.99493440447463,39.62749525166536,223.24043351686737,2026-06-25 03:55:47.796393,NaN,NaN,NaN,-34.588367,17.487849
171.3661666666667,11.5390607590707,34.994207112295804,39.62828710336927,223.43948325347225,2026-06-25 03:55:47.546459,NaN,NaN,NaN,-34.588367,17.487849
171.6175,11.537933409008886,34.993367773430194,39.627653871530846,223.34707322829138,2026-06-25 03:55:47.254868,NaN,NaN,NaN,-34.588367,17.487849
171.812,11.53836421621115,34.993294603511615,39.628308864352,223.46041416180222,2026-06-25 03:55:47.229874,NaN,NaN,NaN,-34.588367,17.487849
172.00466666666668,11.531530756581192,34.99235120955725,39.61929200074188,223.53296475093327,2026-06-25 03:55:46.896628,NaN,NaN,NaN,-34.588367,17.487849
172.23414285714287,11.525199112989352,34.99172610360928,39.6113132121995,223.59775154670336,2026-06-25 03:55:46.672877,NaN,NaN,NaN,-34.588367,17.487849
172.4435,11.521759612839993,34.991190879413594,39.60749361455805,223.4566704688997,2026-06-25 03:55:46.480070,NaN,NaN,NaN,-34.588367,17.487849
172.59966666666665,11.519584649372717,34.99059291629394,39.60554534590903,223.31541149092018,2026-06-25 03:55:46.263460,NaN,NaN,NaN,-34.588367,17.487849
172.827,11.518105475408346,34.99008975005809,39.604312921404855,223.3291355051862,2026-06-25 03:55:46.080174,NaN,NaN,NaN,-34.588367,17.487849
173.00716666666668,11.51441753070854,34.98938647215234,39.601083352675744,223.3650280179936,2026-06-25 03:55:45.821908,NaN,NaN,NaN,-34.588367,17.487849
173.2195,11.50880702974709,34.988768776052865,39.59407320399938,223.43396723290857,2026-06-25 03:55:45.592801,NaN,NaN,NaN,-34.588367,17.487849
173.39133333333334,11.507026830871846,34.98855532269351,39.59200339190957,223.44242319885728,2026-06-25 03:55:45.513655,NaN,NaN,NaN,-34.588367,17.487849
173.59466666666665,11.501297987170707,34.98793396760104,39.58471337278218,223.47433067260442,2026-06-25 03:55:45.280383,NaN,NaN,NaN,-34.588367,17.487849
173.8395,11.497915855400654,34.98754007169058,39.581608938034194,223.5182439270461,2026-06-25 03:55:45.130422,NaN,NaN,NaN,-34.588367,17.487849
174.003,11.49279570582771,34.98705666122724,39.57738676173955,223.5665581539557,2026-06-25 03:55:44.942970,NaN,NaN,NaN,-34.588367,17.487849
174.18425,11.49104997761957,34.986896489491755,39.575912521869476,223.58197186092136,2026-06-25 03:55:44.880487,NaN,NaN,NaN,-34.588367,17.487849
174.41275000000002,11.480549183654226,34.98594547871435,39.56549425346511,223.66827637845338,2026-06-25 03:55:44.480591,NaN,NaN,NaN,-34.588367,17.487849
174.56933333333333,11.480510632704048,34.98591102396101,39.5657226288962,223.6706418974637,2026-06-25 03:55:44.497253,NaN,NaN,NaN,-34.588367,17.487849
174.78885714285715,11.475418948080556,34.98523517340901,39.5593734133117,223.70504395883873,2026-06-25 03:55:44.187810,NaN,NaN,NaN,-34.588367,17.487849
174.987,11.471265238937798,34.98449847803106,39.55415110153243,223.43632399349823,2026-06-25 03:55:43.839092,NaN,NaN,NaN,-34.588367,17.487849
175.20749999999998,11.470541455978939,34.98432160177511,39.5531714547531,223.7531596298296,2026-06-25 03:55:43.755780,NaN,NaN,NaN,-34.588367,17.487849
175.35325,11.467986653994366,34.983915891522976,39.55057781641802,223.45873827047294,2026-06-25 03:55:43.530839,NaN,NaN,NaN,-34.588367,17.487849
175.56099999999998,11.466138381182143,34.98355117094157,39.54894282011895,223.48321316084875,2026-06-25 03:55:43.305897,NaN,NaN,NaN,-34.588367,17.487849
175.77925,11.465268845321187,34.98329189485277,39.54825412125355,223.48051211068275,2026-06-25 03:55:43.118446,NaN,NaN,NaN,-34.588367,17.487849
176.03900000000002,11.463969712651298,34.98297149859866,39.54689931845354,223.49732911801803,2026-06-25 03:55:42.818524,NaN,NaN,NaN,-34.588367,17.487849
176.2184,11.464107685248987,34.982920673482546,39.546941341037424,223.71686144258518,2026-06-25 03:55:42.731047,NaN,NaN,NaN,-34.588367,17.487849
176.40300000000002,11.46425993383871,34.98284922419781,39.54680562178805,223.4929152332339,2026-06-25 03:55:42.481112,NaN,NaN,NaN,-34.588367,17.487849
176.61755555555555,11.46529302136812,34.98279767369117,39.54777026996269,223.4936711852762,2026-06-25 03:55:42.236731,NaN,NaN,NaN,-34.588367,17.487849
176.8235,11.467440567086179,34.98279767369117,39.55036202016915,223.46973988048015,2026-06-25 03:55:41.881269,NaN,NaN,NaN,-34.588367,17.487849
176.9795,11.466701451979784,34.98284922419781,39.549474184691135,223.4818499657009,2026-06-25 03:55:41.981242,NaN,NaN,NaN,-34.588367,17.487849
177.17383333333336,11.469012765067129,34.983062961221854,39.55192329659567,223.462494312359,2026-06-25 03:55:41.647996,NaN,NaN,NaN,-34.588367,17.487849
177.43999999999997,11.470243326620198,34.983415916534234,39.553421650278985,223.45471791950735,2026-06-25 03:55:41.381399,NaN,NaN,NaN,-34.588367,17.487849
177.56875,11.470656700349933,34.98373657688225,39.55436438204536,223.45548205627668,2026-06-25 03:55:41.218941,NaN,NaN,NaN,-34.588367,17.487849
177.7912,11.47102372146104,34.98394879793627,39.55502769879447,223.45381492812484,2026-06-25 03:55:41.101472,NaN,NaN,NaN,-34.588367,17.487849
178.013,11.471656321967766,34.98457463428652,39.55640176192554,223.45440225341397,2026-06-25 03:55:40.831542,NaN,NaN,NaN,-34.588367,17.487849
178.17675,11.471851206926438,34.985094956219264,39.557021033582764,223.45113963163558,2026-06-25 03:55:40.644091,NaN,NaN,NaN,-34.588367,17.487849
178.43266666666668,11.471392205115146,34.98570319790304,39.55704290366892,223.46098626409238,2026-06-25 03:55:40.448309,NaN,NaN,NaN,-34.588367,17.487849
178.586,11.47100032089078,34.98602611384297,39.556868796131056,223.4685722020641,2026-06-25 03:55:40.348335,NaN,NaN,NaN,-34.588367,17.487849
178.83433333333335,11.469259227197474,34.986731797227506,39.55534049378823,223.80370885025906,2026-06-25 03:55:40.148387,NaN,NaN,NaN,-34.588367,17.487849
179.008,11.468377363386292,34.987064610850524,39.554426147997845,223.48838376185017,2026-06-25 03:55:40.056744,NaN,NaN,NaN,-34.588367,17.487849
179.19940000000003,11.46558379741469,34.98829139031512,39.550579177174015,223.8311240265847,2026-06-25 03:55:39.741826,NaN,NaN,NaN,-34.588367,17.487849
179.43633333333335,11.464765692252925,34.98907770976152,39.54879305991991,223.51570129180018,2026-06-25 03:55:39.548543,NaN,NaN,NaN,-34.588367,17.487849
179.60583333333332,11.46581721790762,34.98974129635031,39.549919900689055,223.81717354959116,2026-06-25 03:55:39.390251,NaN,NaN,NaN,-34.588367,17.487849
179.858,11.466181104080409,34.99019347341368,39.55006684493931,223.82835435558525,2026-06-25 03:55:39.281946,NaN,NaN,NaN,-34.588367,17.487849
179.964,11.469609612769311,34.991035384420684,39.55520317195066,223.46518969964131,2026-06-25 03:55:39.081998,NaN,NaN,NaN,-34.588367,17.487849
180.2104,11.4727947414406,34.99153322086679,39.55959814400271,223.44565658269104,2026-06-25 03:55:38.962029,NaN,NaN,NaN,-34.588367,17.487849
180.4144,11.47908120346638,34.992385790410395,39.568412222702406,223.71916347598025,2026-06-25 03:55:38.752084,NaN,NaN,NaN,-34.588367,17.487849
180.595,11.489215361998946,34.99352014397402,39.58345520346848,223.62985565405975,2026-06-25 03:55:38.457161,NaN,NaN,NaN,-34.588367,17.487849
180.83633333333333,11.496862697992972,34.99436106805371,39.595409825465396,223.57078823929913,2026-06-25 03:55:38.215557,NaN,NaN,NaN,-34.588367,17.487849
181.0845,11.50006002101384,34.99478881707119,39.6001013315024,223.54762141440418,2026-06-25 03:55:38.082259,NaN,NaN,NaN,-34.588367,17.487849
181.1935,11.500132450686776,34.99503891181142,39.599866224780236,223.70905719762996,2026-06-25 03:55:37.982285,NaN,NaN,NaN,-34.588367,17.487849
181.36766666666668,11.501650823897336,34.9955091228399,39.601856814276196,223.54543024893457,2026-06-25 03:55:37.807330,NaN,NaN,NaN,-34.588367,17.487849
181.55450000000002,11.500827388620376,34.995974048644335,39.600822133767,223.5461026875112,2026-06-25 03:55:37.594886,NaN,NaN,NaN,-34.588367,17.487849
181.7704,11.498786701910086,34.99634989063265,39.598940600071465,223.57777988534232,2026-06-25 03:55:37.342452,NaN,NaN,NaN,-34.588367,17.487849
182.041,11.498034155944957,34.996515485865785,39.59860921981881,223.57505196549084,2026-06-25 03:55:37.132506,NaN,NaN,NaN,-34.588367,17.487849
182.173,11.497059407627123,34.996515485865785,39.59743511593159,223.7438238193019,2026-06-25 03:55:37.032532,NaN,NaN,NaN,-34.588367,17.487849
182.38375,11.495747768889789,34.996515485865785,39.595811123672306,223.61245934414325,2026-06-25 03:55:36.932558,NaN,NaN,NaN,-34.588367,17.487849
182.577,11.489223196153773,34.99636794858731,39.587560412414405,223.68240310104886,2026-06-25 03:55:36.699286,NaN,NaN,NaN,-34.588367,17.487849
182.81257142857143,11.481546697640448,34.99599907037807,39.57832614147589,223.7451778371876,2026-06-25 03:55:36.475535,NaN,NaN,NaN,-34.588367,17.487849
183.0015,11.47749440572252,34.99570787130567,39.57357480587393,223.76485149890738,2026-06-25 03:55:36.332715,NaN,NaN,NaN,-34.588367,17.487849
183.2004,11.473877587587689,34.994992051492474,39.56979895752159,223.79165356830185,2026-06-25 03:55:36.082780,NaN,NaN,NaN,-34.588367,17.487849
183.459,11.471682108722224,34.99404115319383,39.56795179565607,223.81528453775053,2026-06-25 03:55:35.832845,NaN,NaN,NaN,-34.588367,17.487849
183.543,11.469285923212473,34.99325272349371,39.565715265451864,223.83933573430025,2026-06-25 03:55:35.582910,NaN,NaN,NaN,-34.588367,17.487849
183.78300000000002,11.470010061529862,34.9928809125785,39.566400445296324,223.8352899866409,2026-06-25 03:55:35.657891,NaN,NaN,NaN,-34.588367,17.487849
184.02175,11.46804415230949,34.9922138042149,39.56448439308605,223.53695885987642,2026-06-25 03:55:35.457943,NaN,NaN,NaN,-34.588367,17.487849
184.2186,11.465020949037736,34.99089740278743,39.56130499053045,223.88132744992603,2026-06-25 03:55:35.233001,NaN,NaN,NaN,-34.588367,17.487849
184.454,11.458473328403674,34.98961449370821,39.55453730308022,223.95120838276216,2026-06-25 03:55:35.008060,NaN,NaN,NaN,-34.588367,17.487849
184.511,11.45982459946004,34.989438676521885,39.555956990764074,223.9492123091437,2026-06-25 03:55:35.033054,NaN,NaN,NaN,-34.588367,17.487849
184.84683333333336,11.442864413210438,34.98785941775154,39.53750072331284,224.10666386016538,2026-06-25 03:55:34.766456,NaN,NaN,NaN,-34.588367,17.487849
184.954,11.445900586957695,34.98771100725549,39.541046355783166,224.06844607902144,2026-06-25 03:55:34.783119,NaN,NaN,NaN,-34.588367,17.487849
185.19775,11.424158941655223,34.986063419965554,39.51658094423464,224.2664720078337,2026-06-25 03:55:34.545681,NaN,NaN,NaN,-34.588367,17.487849
185.40625,11.399605067861959,34.98376522312094,39.488371190266626,224.4725535442823,2026-06-25 03:55:34.258256,NaN,NaN,NaN,-34.588367,17.487849
185.66633333333334,11.389664068364874,34.98246350252055,39.47704875162522,224.51220784893476,2026-06-25 03:55:34.099964,NaN,NaN,NaN,-34.588367,17.487849
185.81799999999998,11.386317663344613,34.98190949469031,39.47334529304484,224.27118867770596,2026-06-25 03:55:34.033314,NaN,NaN,NaN,-34.588367,17.487849
186.02100000000002,11.37700903516873,34.97980967989166,39.463845835103804,224.49713334107065,2026-06-25 03:55:33.783379,NaN,NaN,NaN,-34.588367,17.487849
186.21266666666668,11.374625237859087,34.97910604394087,39.46147292192773,224.35251478470167,2026-06-25 03:55:33.700068,NaN,NaN,NaN,-34.588367,17.487849
186.43666666666664,11.368062885357391,34.97728295944169,39.45417890890203,224.74746876968638,2026-06-25 03:55:33.483458,NaN,NaN,NaN,-34.588367,17.487849
186.562,11.364614925034019,34.97655719625594,39.449977017251584,224.66692158259855,2026-06-25 03:55:33.395980,NaN,NaN,NaN,-34.588367,17.487849
186.81799999999998,11.355103028899043,34.974609074907065,39.43895253046544,224.69909772967011,2026-06-25 03:55:33.158542,NaN,NaN,NaN,-34.588367,17.487849
187.03333333333333,11.34959984833383,34.97355043685516,39.433137293567874,224.58523741184388,2026-06-25 03:55:33.025244,NaN,NaN,NaN,-34.588367,17.487849
187.182,11.339368864666978,34.97168684036311,39.42249631635207,224.67552765712543,2026-06-25 03:55:32.783640,NaN,NaN,NaN,-34.588367,17.487849
187.38899999999998,11.332589585448854,34.97082676628828,39.414923206533935,224.87293987100307,2026-06-25 03:55:32.663671,NaN,NaN,NaN,-34.588367,17.487849
187.588,11.32262057466706,34.96963930753493,39.403757417468086,225.0243395715308,2026-06-25 03:55:32.496215,NaN,NaN,NaN,-34.588367,17.487849
187.811,11.305496806359953,34.96814384185714,39.38487022953786,224.97360389714234,2026-06-25 03:55:32.267108,NaN,NaN,NaN,-34.588367,17.487849
187.99625,11.294679009454503,34.96727039226122,39.372757530757085,225.0868012452604,2026-06-25 03:55:32.121313,NaN,NaN,NaN,-34.588367,17.487849
188.2253333333333,11.279085773705527,34.9659734825109,39.35386088693772,224.88470026550226,2026-06-25 03:55:31.883874,NaN,NaN,NaN,-34.588367,17.487849
188.4148,11.272398873341368,34.965278495852786,39.34522503427936,224.94713206001322,2026-06-25 03:55:31.733914,NaN,NaN,NaN,-34.588367,17.487849
188.5915,11.267868155379114,34.96472405787435,39.33931774593157,224.9659256009471,2026-06-25 03:55:31.608946,NaN,NaN,NaN,-34.588367,17.487849
188.764,11.264058683084764,34.963982637055544,39.33425020372849,224.67136027451446,2026-06-25 03:55:31.421495,NaN,NaN,NaN,-34.588367,17.487849
188.99533333333332,11.26499876035497,34.9630525135509,39.336778723441,224.63269837737812,2026-06-25 03:55:31.100745,NaN,NaN,NaN,-34.588367,17.487849
189.2455,11.265315922247355,34.96296657657895,39.337328226741754,224.66913106968073,2026-06-25 03:55:31.059089,NaN,NaN,NaN,-34.588367,17.487849
189.421,11.264814279402955,34.96295759544792,39.336759723417906,224.66972196027825,2026-06-25 03:55:31.084083,NaN,NaN,NaN,-34.588367,17.487849
189.55100000000002,11.267188878744136,34.96254746674088,39.340720228578384,224.32430164066648,2026-06-25 03:55:30.867473,NaN,NaN,NaN,-34.588367,17.487849
189.80775,11.269801373127649,34.96218136351296,39.34435671479912,224.3082379373226,2026-06-25 03:55:30.559220,NaN,NaN,NaN,-34.588367,17.487849
190.031,11.270453455354659,34.96212997673131,39.34506868845434,224.30585492075824,2026-06-25 03:55:30.484239,NaN,NaN,NaN,-34.588367,17.487849
190.17725000000002,11.271017453885484,34.96212997673131,39.346583423668264,224.30711100440666,2026-06-25 03:55:30.209311,NaN,NaN,NaN,-34.588367,17.487849
190.5015,11.2713589787078,34.96212997673131,39.346826302032284,224.3027219041431,2026-06-25 03:55:30.034357,NaN,NaN,NaN,-34.588367,17.487849
190.59033333333332,11.271738168820827,34.96219222938847,39.34702110684146,224.26896834782173,2026-06-25 03:55:29.951045,NaN,NaN,NaN,-34.588367,17.487849
190.8158,11.273496578330509,34.962418935219354,39.34892766829894,223.96589079932357,2026-06-25 03:55:29.734435,NaN,NaN,NaN,-34.588367,17.487849
190.998,11.27612342205552,34.96270120116903,39.35271337727787,223.78151530170427,2026-06-25 03:55:29.534487,NaN,NaN,NaN,-34.588367,17.487849
191.202,11.27733075989812,34.96282592080948,39.35454567516632,223.76696564618044,2026-06-25 03:55:29.459506,NaN,NaN,NaN,-34.588367,17.487849
191.368,11.279499579257186,34.96306935287009,39.35807324595265,223.59539389456637,2026-06-25 03:55:29.322042,NaN,NaN,NaN,-34.588367,17.487849
191.643,11.282529547080822,34.963534671585585,39.36370817417179,223.57744160115396,2026-06-25 03:55:29.084604,NaN,NaN,NaN,-34.588367,17.487849
191.809,11.283294878204396,34.963790101486325,39.365045892253235,223.56471916514417,2026-06-25 03:55:28.964635,NaN,NaN,NaN,-34.588367,17.487849
192.03133333333335,11.28355648603313,34.96432190171288,39.365684635315795,223.56736109437225,2026-06-25 03:55:28.718033,NaN,NaN,NaN,-34.588367,17.487849
192.2313333333333,11.281620916958664,34.96466614837642,39.3632054947119,223.58819989506242,2026-06-25 03:55:28.534747,NaN,NaN,NaN,-34.588367,17.487849
192.3765,11.281723636345138,34.96472207142024,39.36340733001357,223.59801105702357,2026-06-25 03:55:28.559741,NaN,NaN,NaN,-34.588367,17.487849
192.5685,11.27872088791229,34.96509565302596,39.35991242330714,223.62612270392708,2026-06-25 03:55:28.359793,NaN,NaN,NaN,-34.588367,17.487849
192.76999999999998,11.277101032982756,34.96530188884957,39.358286722742115,223.64088411245072,2026-06-25 03:55:28.259819,NaN,NaN,NaN,-34.588367,17.487849
193.00585714285714,11.274347769438265,34.96576669512619,39.355951012570735,223.6639795047979,2026-06-25 03:55:28.013455,NaN,NaN,NaN,-34.588367,17.487849
193.133,11.272727294404456,34.96608282239217,39.35477205319793,223.67307569354554,2026-06-25 03:55:27.834930,NaN,NaN,NaN,-34.588367,17.487849
193.44233333333332,11.271536279319372,34.966298588554956,39.35392311244012,223.68509622718202,2026-06-25 03:55:27.684969,NaN,NaN,NaN,-34.588367,17.487849
193.81633333333332,11.269465331794931,34.966676796754605,39.3517495339779,223.6140562391599,2026-06-25 03:55:27.360054,NaN,NaN,NaN,-34.588367,17.487849
193.978,11.26849352892051,34.96681140475159,39.350630816730835,223.39005800325623,2026-06-25 03:55:27.185099,NaN,NaN,NaN,-34.588367,17.487849
194.1805,11.267484139199407,34.966868769762556,39.35025929727114,223.4021357222987,2026-06-25 03:55:27.010145,NaN,NaN,NaN,-34.588367,17.487849
194.439,11.267354165426767,34.966868769762556,39.3501603934458,223.41314975967805,2026-06-25 03:55:27.001814,NaN,NaN,NaN,-34.588367,17.487849
194.592,11.266714568033267,34.966868769762556,39.350175061377776,223.40813429156037,2026-06-25 03:55:26.785204,NaN,NaN,NaN,-34.588367,17.487849
194.745,11.266376430267949,34.96677823858365,39.35029385710785,223.41808331653917,2026-06-25 03:55:26.535269,NaN,NaN,NaN,-34.588367,17.487849
195.01366666666664,11.266110059199244,34.96663282861545,39.35024264112716,223.42626092306637,2026-06-25 03:55:26.368645,NaN,NaN,NaN,-34.588367,17.487849
195.19233333333332,11.26488190389553,34.966394261390576,39.349465430981276,223.43133339130566,2026-06-25 03:55:26.185360,NaN,NaN,NaN,-34.588367,17.487849
195.407,11.264952288418039,34.966341868134066,39.34953372054903,223.43738953507403,2026-06-25 03:55:26.135373,NaN,NaN,NaN,-34.588367,17.487849
195.56099999999998,11.262809953821876,34.96609677281421,39.34807455454143,223.4624079971084,2026-06-25 03:55:25.985412,NaN,NaN,NaN,-34.588367,17.487849
195.83266666666668,11.255153993763466,34.9656685289141,39.34157666527807,223.55727967448058,2026-06-25 03:55:25.752139,NaN,NaN,NaN,-34.588367,17.487849
195.99799999999996,11.256229528334638,34.965626270000406,39.342676534229234,223.51705261713892,2026-06-25 03:55:25.768802,NaN,NaN,NaN,-34.588367,17.487849
196.28300000000002,11.243797525104613,34.965117165437476,39.330158713773926,223.4844077561994,2026-06-25 03:55:25.535529,NaN,NaN,NaN,-34.588367,17.487849
196.46,11.230149427460868,34.96466520053856,39.3148246704299,223.44616830658188,2026-06-25 03:55:25.335581,NaN,NaN,NaN,-34.588367,17.487849
196.59250000000003,11.232820898735309,34.96457456217097,39.31769467636828,223.42101250970714,2026-06-25 03:55:25.373072,NaN,NaN,NaN,-34.588367,17.487849
196.78133333333335,11.223234793554752,34.96427836947367,39.30681708070073,223.5025852814644,2026-06-25 03:55:25.235607,NaN,NaN,NaN,-34.588367,17.487849
197.01,11.20895289537035,34.96356325649385,39.28968695819576,223.62916204947152,2026-06-25 03:55:25.010666,NaN,NaN,NaN,-34.588367,17.487849
197.291,11.198274358418999,34.9627866699029,39.278133523095704,223.383570851556,2026-06-25 03:55:24.785725,NaN,NaN,NaN,-34.588367,17.487849
197.37533333333332,11.198452194294058,34.9627844513114,39.278383708586205,223.39024049865398,2026-06-25 03:55:24.785725,NaN,NaN,NaN,-34.588367,17.487849
197.63833333333332,11.192133738599567,34.962050858278424,39.27265855360534,223.42889795911898,2026-06-25 03:55:24.585777,NaN,NaN,NaN,-34.588367,17.487849
197.765,11.18932505307446,34.96166938263044,39.270004745395354,223.4501694540917,2026-06-25 03:55:24.485803,NaN,NaN,NaN,-34.588367,17.487849
198.011125,11.18129489883135,34.960698015495254,39.26123560912217,223.53943696452313,2026-06-25 03:55:24.242116,NaN,NaN,NaN,-34.588367,17.487849
198.106,11.179336095943462,34.96047537585714,39.259107070184456,223.55259715521075,2026-06-25 03:55:24.185881,NaN,NaN,NaN,-34.588367,17.487849
198.6096,11.168995970794253,34.959137684548,39.24773463305915,223.64821072936,2026-06-25 03:55:23.865964,NaN,NaN,NaN,-34.588367,17.487849
198.8028,11.161540088324541,34.95810322366381,39.23987752583826,223.69788872202494,2026-06-25 03:55:23.626027,NaN,NaN,NaN,-34.588367,17.487849
199.064,11.157844995965737,34.957604583900334,39.23581591858117,223.42221801453462,2026-06-25 03:55:23.511057,NaN,NaN,NaN,-34.588367,17.487849
199.173,11.153207105168212,34.956906508353654,39.2306891773581,223.46121496731877,2026-06-25 03:55:23.352765,NaN,NaN,NaN,-34.588367,17.487849
199.457,11.145465438700674,34.95577306658428,39.22310529806068,223.54258602971262,2026-06-25 03:55:23.052843,NaN,NaN,NaN,-34.588367,17.487849
199.54149999999998,11.146725146934479,34.95556660577394,39.224372565005176,223.51880998536046,2026-06-25 03:55:23.098664,NaN,NaN,NaN,-34.588367,17.487849
199.839,11.13678263255456,34.9548158592017,39.2139904075826,223.61420075291187,2026-06-25 03:55:22.761252,NaN,NaN,NaN,-34.588367,17.487849
200.00799999999998,11.14098371815833,34.95424821466834,39.21873798050664,223.73242839112993,2026-06-25 03:55:22.886220,NaN,NaN,NaN,-34.588367,17.487849
200.165,11.13053184503924,34.95356212179543,39.2065163518337,223.67726515546826,2026-06-25 03:55:22.611291,NaN,NaN,NaN,-34.588367,17.487849
200.42933333333335,11.121273305534771,34.95260025334155,39.195858056961136,223.7535776067157,2026-06-25 03:55:22.403012,NaN,NaN,NaN,-34.588367,17.487849
200.6306,11.116071053045166,34.951868939603834,39.19037680192605,223.7966652391051,2026-06-25 03:55:22.246387,NaN,NaN,NaN,-34.588367,17.487849
200.709,11.113199756163375,34.95135329165273,39.18751209376182,223.80958393040132,2026-06-25 03:55:22.136415,NaN,NaN,NaN,-34.588367,17.487849
200.967,11.112426555835734,34.95087925722054,39.186700078358804,223.81653355289407,2026-06-25 03:55:22.036441,NaN,NaN,NaN,-34.588367,17.487849
201.21,11.112615454011499,34.95003871044856,39.18688159330043,223.8170124312093,2026-06-25 03:55:21.861487,NaN,NaN,NaN,-34.588367,17.487849
201.434,11.113558543856152,34.94885798209992,39.188067997695654,223.8115831675731,2026-06-25 03:55:21.586559,NaN,NaN,NaN,-34.588367,17.487849
201.61866666666666,11.113431451177297,34.94869375806222,39.1879099137603,223.8154488450334,2026-06-25 03:55:21.619883,NaN,NaN,NaN,-34.588367,17.487849
201.863,11.1138914670241,34.948068244714214,39.188432058690424,223.8225865698476,2026-06-25 03:55:21.461591,NaN,NaN,NaN,-34.588367,17.487849
202.00475,11.113887307980864,34.94717506782662,39.188271421014306,223.82530412080192,2026-06-25 03:55:21.286637,NaN,NaN,NaN,-34.588367,17.487849
202.205,11.113247510131904,34.946480845893376,39.18727904815681,223.8277791127286,2026-06-25 03:55:21.153338,NaN,NaN,NaN,-34.588367,17.487849
202.39350000000002,11.110027367167461,34.94519651500295,39.183187415868346,224.0309077286843,2026-06-25 03:55:20.911734,NaN,NaN,NaN,-34.588367,17.487849
202.60380000000004,11.108844573583974,34.945054406386205,39.181950658868175,224.15158281067863,2026-06-25 03:55:20.886741,NaN,NaN,NaN,-34.588367,17.487849
202.833,11.101462980526996,34.94367544348896,39.17371789569469,224.28438471670935,2026-06-25 03:55:20.636806,NaN,NaN,NaN,-34.588367,17.487849
203.012,11.097835033657109,34.943107826635156,39.169764886470844,224.31100990755724,2026-06-25 03:55:20.536832,NaN,NaN,NaN,-34.588367,17.487849
203.23000000000002,11.094215845375468,34.94253007842496,39.16592020793922,224.1792628051053,2026-06-25 03:55:20.436858,NaN,NaN,NaN,-34.588367,17.487849
203.38833333333332,11.091266356030845,34.9420424686537,39.16286965108315,224.3736328200492,2026-06-25 03:55:20.353547,NaN,NaN,NaN,-34.588367,17.487849
203.58166666666668,11.08488730912695,34.940950444511635,39.15667436748666,224.47198104021237,2026-06-25 03:55:20.170261,NaN,NaN,NaN,-34.588367,17.487849
203.8315,11.079167050752668,34.939983178244894,39.15120274659648,224.4857317249399,2026-06-25 03:55:20.011969,NaN,NaN,NaN,-34.588367,17.487849
204.0533333333333,11.072443087850532,34.93889327754795,39.14424483507489,224.86784561578574,2026-06-25 03:55:19.837015,NaN,NaN,NaN,-34.588367,17.487849
204.1925,11.068475658103388,34.93826116922847,39.1399042631975,224.89671199341942,2026-06-25 03:55:19.737041,NaN,NaN,NaN,-34.588367,17.487849
204.409,11.060234599582284,34.93680870621235,39.13110827107678,224.97273130421098,2026-06-25 03:55:19.512099,NaN,NaN,NaN,-34.588367,17.487849
204.5625,11.059908863546834,34.93672527499126,39.130816479726676,224.97057459816853,2026-06-25 03:55:19.499603,NaN,NaN,NaN,-34.588367,17.487849
204.8425,11.051768640975345,34.93507556303052,39.1227046761097,225.03641692842382,2026-06-25 03:55:19.249668,NaN,NaN,NaN,-34.588367,17.487849
205.0815,11.048485128842168,34.93449130094152,39.11932789392512,225.23867428664028,2026-06-25 03:55:19.162191,NaN,NaN,NaN,-34.588367,17.487849
205.18099999999998,11.037742671057142,34.9336509824679,39.107538524345685,225.49925958485915,2026-06-25 03:55:18.962243,NaN,NaN,NaN,-34.588367,17.487849
205.394,11.042630189112439,34.93314350376172,39.11303221517291,225.45709103214324,2026-06-25 03:55:19.037223,NaN,NaN,NaN,-34.588367,17.487849
205.57840000000002,11.019738436446877,34.93181766877446,39.086646785133034,225.8969952011514,2026-06-25 03:55:18.767293,NaN,NaN,NaN,-34.588367,17.487849
205.79066666666668,11.003348426127227,34.930818032143,39.06752198461475,226.17621416287676,2026-06-25 03:55:18.620665,NaN,NaN,NaN,-34.588367,17.487849
206.00099999999998,10.984862082364302,34.92973870129747,39.04618537006918,226.30519385420212,2026-06-25 03:55:18.462373,NaN,NaN,NaN,-34.588367,17.487849
206.26999999999998,10.961582562954543,34.92846604590375,39.02010558025029,226.32988431738107,2026-06-25 03:55:18.212438,NaN,NaN,NaN,-34.588367,17.487849
206.37775,10.966300672877406,34.92804560509592,39.02541112603335,226.259145725128,2026-06-25 03:55:18.274922,NaN,NaN,NaN,-34.588367,17.487849
206.643,10.944029600042338,34.92636924202543,39.00048334005744,226.31108784352247,2026-06-25 03:55:17.962503,NaN,NaN,NaN,-34.588367,17.487849
206.814,10.943189891810988,34.92607844619947,38.99952505565322,226.29393261862887,2026-06-25 03:55:17.917515,NaN,NaN,NaN,-34.588367,17.487849
207.053,10.93482238483243,34.92489213613588,38.990086312502285,226.38713592216317,2026-06-25 03:55:17.712568,NaN,NaN,NaN,-34.588367,17.487849
207.115,10.935200587818716,34.924732277690445,38.99052868157645,226.39340766829162,2026-06-25 03:55:17.737562,NaN,NaN,NaN,-34.588367,17.487849
207.4865,10.931926478525765,34.923768859372174,38.98673509820481,226.412573985694,2026-06-25 03:55:17.562607,NaN,NaN,NaN,-34.588367,17.487849
207.648,10.931297981173957,34.92329488462154,38.98600203649733,226.40889044945584,2026-06-25 03:55:17.487627,NaN,NaN,NaN,-34.588367,17.487849
207.83575,10.930576965872737,34.92228907559886,38.985393455731796,226.1333903005735,2026-06-25 03:55:17.325169,NaN,NaN,NaN,-34.588367,17.487849
208.00775,10.929523643714075,34.92153529491809,38.9846497620799,226.11948528896949,2026-06-25 03:55:17.200202,NaN,NaN,NaN,-34.588367,17.487849
208.25266666666667,10.92689739473151,34.920279943417256,38.98282745574442,226.4695895506142,2026-06-25 03:55:16.987757,NaN,NaN,NaN,-34.588367,17.487849
208.44,10.925190282579287,34.919708990142894,38.98158374118563,226.48418412599324,2026-06-25 03:55:16.887783,NaN,NaN,NaN,-34.588367,17.487849
208.57799999999997,10.922616197660275,34.9189723790989,38.97934670756951,226.1932108704207,2026-06-25 03:55:16.754485,NaN,NaN,NaN,-34.588367,17.487849
208.7586666666667,10.920942758462823,34.91851835226037,38.97780069771861,226.20706022102965,2026-06-25 03:55:16.671173,NaN,NaN,NaN,-34.588367,17.487849
209.0385,10.915853941445171,34.917299344472,38.972362505582176,226.2478404064694,2026-06-25 03:55:16.437901,NaN,NaN,NaN,-34.588367,17.487849
209.221,10.914467165716504,34.91705414301021,38.97080124371626,226.25970352501514,2026-06-25 03:55:16.387914,NaN,NaN,NaN,-34.588367,17.487849
209.3475,10.910454557143666,34.9163119916564,38.966339733346956,226.30377706475667,2026-06-25 03:55:16.237953,NaN,NaN,NaN,-34.588367,17.487849
209.563,10.905058129322901,34.91560461073956,38.96088407114405,226.3544486436848,2026-06-25 03:55:16.054667,NaN,NaN,NaN,-34.588367,17.487849
209.724,10.905900471233998,34.915454410960145,38.961681251977296,226.35434034402778,2026-06-25 03:55:16.087992,NaN,NaN,NaN,-34.588367,17.487849
210.0138,10.900736151827282,34.91449774514943,38.95688025671319,226.39175981565032,2026-06-25 03:55:15.838057,NaN,NaN,NaN,-34.588367,17.487849
210.201,10.898516296316911,34.91366488423688,38.95489134046676,226.4046713057883,2026-06-25 03:55:15.638109,NaN,NaN,NaN,-34.588367,17.487849
210.4093333333333,10.89762890869899,34.913469563082266,38.95385179009712,226.41290117921227,2026-06-25 03:55:15.588122,NaN,NaN,NaN,-34.588367,17.487849
210.62699999999998,10.894879826003596,34.912950968787555,38.95058522711532,226.43725447665864,2026-06-25 03:55:15.454824,NaN,NaN,NaN,-34.588367,17.487849
210.8835,10.8839733995163,34.91211524740049,38.93715289326636,226.402911273695,2026-06-25 03:55:15.188226,NaN,NaN,NaN,-34.588367,17.487849
210.99,10.88573485061276,34.91197999616079,38.93934094398505,226.19572189719017,2026-06-25 03:55:15.225717,NaN,NaN,NaN,-34.588367,17.487849
211.182,10.874959581150918,34.91130466975585,38.92662574005513,226.30788335001063,2026-06-25 03:55:14.988279,NaN,NaN,NaN,-34.588367,17.487849
211.422,10.873191987439943,34.91114240061684,38.92461410853862,226.3209066037532,2026-06-25 03:55:14.938292,NaN,NaN,NaN,-34.588367,17.487849
211.6185,10.868710629478521,34.910593003334085,38.91960541043046,226.35800946588608,2026-06-25 03:55:14.763337,NaN,NaN,NaN,-34.588367,17.487849
211.8033333333333,10.867768136339597,34.91032374105765,38.91863157714126,226.3679135856382,2026-06-25 03:55:14.671694,NaN,NaN,NaN,-34.588367,17.487849
212.00549999999998,10.867002988711716,34.910219483248426,38.9177753025298,226.37254802671848,2026-06-25 03:55:14.638370,NaN,NaN,NaN,-34.588367,17.487849
212.24925000000002,10.865534536175879,34.909578889425305,38.91653447759712,226.3902346109361,2026-06-25 03:55:14.413428,NaN,NaN,NaN,-34.588367,17.487849
212.6105,10.864520021092767,34.90884873198133,38.915717813836046,226.39825333985988,2026-06-25 03:55:14.138500,NaN,NaN,NaN,-34.588367,17.487849
212.827,10.864090360735222,34.90859030326805,38.915247753698495,226.40457342801813,2026-06-25 03:55:14.038526,NaN,NaN,NaN,-34.588367,17.487849
212.92399999999998,10.861361322084125,34.90809525143055,38.91286215904707,226.44117977326215,2026-06-25 03:55:13.838578,NaN,NaN,NaN,-34.588367,17.487849
213.21366666666668,10.859748763093753,34.907894342099276,38.91143666341074,226.46351262327903,2026-06-25 03:55:13.755267,NaN,NaN,NaN,-34.588367,17.487849
213.42133333333334,10.856122393726414,34.90746008351428,38.907877458572905,226.48654856223146,2026-06-25 03:55:13.571981,NaN,NaN,NaN,-34.588367,17.487849
213.64866666666668,10.85385150091713,34.907188534491965,38.90525898206452,226.50651617156848,2026-06-25 03:55:13.455345,NaN,NaN,NaN,-34.588367,17.487849
214.00500000000002,10.850023670080727,34.90674777340639,38.9004300022316,226.55421543138493,2026-06-25 03:55:13.263728,NaN,NaN,NaN,-34.588367,17.487849
214.267,10.846950154533076,34.90634861180152,38.89669231308193,226.5687083855558,2026-06-25 03:55:13.088774,NaN,NaN,NaN,-34.588367,17.487849
214.37749999999997,10.845744138267083,34.90612081908639,38.89536125752996,226.57971501685023,2026-06-25 03:55:12.988800,NaN,NaN,NaN,-34.588367,17.487849
214.6205,10.845149643534196,34.90600670161125,38.894718165094275,226.59238128678996,2026-06-25 03:55:12.938813,NaN,NaN,NaN,-34.588367,17.487849
214.836,10.8430505906408,34.90549168687567,38.892606139811804,226.6127221390978,2026-06-25 03:55:12.688878,NaN,NaN,NaN,-34.588367,17.487849
214.921,10.84305541432421,34.905433322000064,38.89260119305972,226.61183808639896,2026-06-25 03:55:12.713871,NaN,NaN,NaN,-34.588367,17.487849
215.17325,10.842340830763579,34.90505631277452,38.89196127523415,226.49838926034033,2026-06-25 03:55:12.526420,NaN,NaN,NaN,-34.588367,17.487849
215.409,10.841461434965254,34.904614626188234,38.891131481552286,226.29857425270188,2026-06-25 03:55:12.338969,NaN,NaN,NaN,-34.588367,17.487849
215.58166666666668,10.84108869043182,34.904534555165064,38.89077140969127,226.30456874064873,2026-06-25 03:55:12.305644,NaN,NaN,NaN,-34.588367,17.487849
215.8085,10.839428400643554,34.90419344247223,38.8891575996152,226.3347775401635,2026-06-25 03:55:12.164015,NaN,NaN,NaN,-34.588367,17.487849
215.977,10.837583054322218,34.90388689618035,38.88732925223093,226.3530906451619,2026-06-25 03:55:12.039047,NaN,NaN,NaN,-34.588367,17.487849
216.17500000000004,10.835493803541093,34.903512860146535,38.8850065229932,226.36594978810095,2026-06-25 03:55:11.855762,NaN,NaN,NaN,-34.588367,17.487849
216.474,10.835740618372332,34.90342799705176,38.885358668453094,226.37133704438384,2026-06-25 03:55:11.889086,NaN,NaN,NaN,-34.588367,17.487849
216.61100000000002,10.83348479046368,34.90281836676651,38.88239265944565,226.3920202256699,2026-06-25 03:55:11.619157,NaN,NaN,NaN,-34.588367,17.487849
216.7935,10.832319133229458,34.902542599787594,38.88111924043607,226.39964760236154,2026-06-25 03:55:11.514184,NaN,NaN,NaN,-34.588367,17.487849
217.026,10.829066425834341,34.902006126895714,38.878046087776724,226.4366153532597,2026-06-25 03:55:11.314236,NaN,NaN,NaN,-34.588367,17.487849
217.24633333333335,10.828304292279247,34.901893006416024,38.877314054505746,226.44670249562867,2026-06-25 03:55:11.272580,NaN,NaN,NaN,-34.588367,17.487849
217.36450000000002,10.825379914403365,34.9014577462971,38.87420456160221,226.46954557729256,2026-06-25 03:55:11.114288,NaN,NaN,NaN,-34.588367,17.487849
217.65833333333333,10.822734311139294,34.90096788804497,38.8712241360277,226.17606524724835,2026-06-25 03:55:10.939334,NaN,NaN,NaN,-34.588367,17.487849
217.773,10.82288387293511,34.90096690965545,38.87142467994475,226.49554130628968,2026-06-25 03:55:10.939334,NaN,NaN,NaN,-34.588367,17.487849
217.956,10.821242612249389,34.900542527169186,38.86970180561152,226.50414890040668,2026-06-25 03:55:10.789373,NaN,NaN,NaN,-34.588367,17.487849
218.26149999999998,10.820179025108088,34.90025640236594,38.86883052871515,226.46958093569523,2026-06-25 03:55:10.626915,NaN,NaN,NaN,-34.588367,17.487849
218.36,10.820584372564019,34.90007640578446,38.86914632860578,226.1978918118964,2026-06-25 03:55:10.689399,NaN,NaN,NaN,-34.588367,17.487849
218.5645,10.818675235680853,34.89946279078605,38.86746635844537,226.379874250682,2026-06-25 03:55:10.414471,NaN,NaN,NaN,-34.588367,17.487849
218.889,10.817890076073748,34.89917295292439,38.8666676927088,226.55177023492107,2026-06-25 03:55:10.314497,NaN,NaN,NaN,-34.588367,17.487849
218.96650000000002,10.817470067965136,34.89902804396958,38.86635751953439,226.5566126646636,2026-06-25 03:55:10.264510,NaN,NaN,NaN,-34.588367,17.487849
219.1745,10.815703204430768,34.89844939195161,38.86498469873729,226.57536339926264,2026-06-25 03:55:10.064562,NaN,NaN,NaN,-34.588367,17.487849
219.404,10.81396229281768,34.8980900696766,38.863622281159955,226.5938929827766,2026-06-25 03:55:09.939595,NaN,NaN,NaN,-34.588367,17.487849
219.5985,10.813050337743007,34.8979470229298,38.86279833708076,226.605930391113,2026-06-25 03:55:09.889608,NaN,NaN,NaN,-34.588367,17.487849
219.83,10.81081244782263,34.897662195376334,38.86057299096803,226.29972788581273,2026-06-25 03:55:09.789634,NaN,NaN,NaN,-34.588367,17.487849
219.977,10.806581019371968,34.89731055603697,38.855787126459475,226.66411499760142,2026-06-25 03:55:09.664666,NaN,NaN,NaN,-34.588367,17.487849
220.24233333333333,10.798457026160458,34.89682580851567,38.846514211836656,226.42931672259223,2026-06-25 03:55:09.489712,NaN,NaN,NaN,-34.588367,17.487849
220.475,10.791312885837957,34.89648671836269,38.838520828669274,226.49643514566776,2026-06-25 03:55:09.364744,NaN,NaN,NaN,-34.588367,17.487849
220.593,10.780902753890462,34.89622061580093,38.827374541316935,226.58103067566879,2026-06-25 03:55:09.189790,NaN,NaN,NaN,-34.588367,17.487849
220.8045,10.785336300630998,34.89602407057046,38.83205179473174,226.54207335461234,2026-06-25 03:55:09.264770,NaN,NaN,NaN,-34.588367,17.487849
221.0395,10.772242611289911,34.89564199476257,38.81834994066755,226.63258449051867,2026-06-25 03:55:09.039829,NaN,NaN,NaN,-34.588367,17.487849
221.144,10.772235067288701,34.895640206611866,38.81835018667624,226.6512190875797,2026-06-25 03:55:09.039829,NaN,NaN,NaN,-34.588367,17.487849
221.42033333333333,10.760862445165934,34.89514910078139,38.80639967764095,226.75635677704005,2026-06-25 03:55:08.839881,NaN,NaN,NaN,-34.588367,17.487849
221.58633333333333,10.752212677932706,34.89475927327609,38.79695542603939,226.5083573315502,2026-06-25 03:55:08.673258,NaN,NaN,NaN,-34.588367,17.487849
221.84449999999998,10.7483673231066,34.894570369620425,38.79264234452543,226.53715974214956,2026-06-25 03:55:08.589946,NaN,NaN,NaN,-34.588367,17.487849
222.0565,10.743508535154872,34.894295830641155,38.787209565217594,226.58318843307413,2026-06-25 03:55:08.464979,NaN,NaN,NaN,-34.588367,17.487849
222.16,10.74004039362171,34.8940323472696,38.78346841178704,226.27457782836845,2026-06-25 03:55:08.340011,NaN,NaN,NaN,-34.588367,17.487849
222.40833333333333,10.739534853605882,34.893965263863144,38.782933247501205,226.60789880446578,2026-06-25 03:55:08.306687,NaN,NaN,NaN,-34.588367,17.487849
222.666,10.73769373136928,34.893730450175724,38.78096638759683,226.62746406079813,2026-06-25 03:55:08.190051,NaN,NaN,NaN,-34.588367,17.487849
222.769,10.736754521028853,34.893491363501234,38.77985284087459,226.62803610934577,2026-06-25 03:55:08.065083,NaN,NaN,NaN,-34.588367,17.487849
223.075,10.736032936935395,34.89321569171675,38.77879011608117,226.4814967387291,2026-06-25 03:55:07.915122,NaN,NaN,NaN,-34.588367,17.487849
223.168,10.735504311667032,34.892997595858915,38.77795767478957,226.3227615614045,2026-06-25 03:55:07.790155,NaN,NaN,NaN,-34.588367,17.487849
223.357,10.735501595795363,34.8929968952056,38.77796721357798,226.32469892260374,2026-06-25 03:55:07.790155,NaN,NaN,NaN,-34.588367,17.487849
223.66233333333332,10.734777875669307,34.892746450355624,38.77714237835469,226.3370999651683,2026-06-25 03:55:07.640194,NaN,NaN,NaN,-34.588367,17.487849
223.8745,10.73327605761154,34.892506769149776,38.776478581263504,226.18819055054612,2026-06-25 03:55:07.440246,NaN,NaN,NaN,-34.588367,17.487849
223.9635,10.733723912925818,34.89242895498042,38.776624248981925,226.18523595983325,2026-06-25 03:55:07.490233,NaN,NaN,NaN,-34.588367,17.487849
224.24266666666668,10.731638150391817,34.8922007812387,38.775888018184254,226.04616256558097,2026-06-25 03:55:07.290285,NaN,NaN,NaN,-34.588367,17.487849
224.44366666666667,10.728930013139873,34.891978933466675,38.7743801285114,226.0685509832212,2026-06-25 03:55:07.090337,NaN,NaN,NaN,-34.588367,17.487849
224.508,10.72966287773969,34.89190647466736,38.774857305660014,226.06693950020937,2026-06-25 03:55:07.140324,NaN,NaN,NaN,-34.588367,17.487849
224.825,10.728221665782984,34.89183347392291,38.77395519846833,226.0844675686857,2026-06-25 03:55:07.040350,NaN,NaN,NaN,-34.588367,17.487849
224.99566666666666,10.72603750590285,34.89161666581688,38.77237930088928,226.10183188638547,2026-06-25 03:55:06.890389,NaN,NaN,NaN,-34.588367,17.487849
225.22474999999997,10.72340492312932,34.89134351272523,38.76996710898492,225.8645113400546,2026-06-25 03:55:06.702938,NaN,NaN,NaN,-34.588367,17.487849
225.344,10.722538550635345,34.89125191188254,38.769100769259616,225.81195145210626,2026-06-25 03:55:06.640454,NaN,NaN,NaN,-34.588367,17.487849
225.511,10.721058499889358,34.89110208296564,38.76734895569137,225.82462550647514,2026-06-25 03:55:06.540481,NaN,NaN,NaN,-34.588367,17.487849
225.73700000000002,10.719854236994061,34.89098721162284,38.765831235034184,225.67286588099392,2026-06-25 03:55:06.465500,NaN,NaN,NaN,-34.588367,17.487849
225.94233333333332,10.717099043582976,34.89073423926157,38.76261474495412,225.54542612041962,2026-06-25 03:55:06.307208,NaN,NaN,NaN,-34.588367,17.487849
226.156,10.716335576412867,34.8906678982078,38.76172445318951,225.55074673485356,2026-06-25 03:55:06.265552,NaN,NaN,NaN,-34.588367,17.487849
226.406,10.71354885176293,34.89036694820724,38.7590154453851,225.5761832971492,2026-06-25 03:55:06.090598,NaN,NaN,NaN,-34.588367,17.487849
226.63875000000002,10.71196981116831,34.89009101610014,38.75766431656528,225.54718118124904,2026-06-25 03:55:05.940637,NaN,NaN,NaN,-34.588367,17.487849
226.72,10.711789054983683,34.89008499488808,38.75745812947305,225.26863037553233,2026-06-25 03:55:05.940637,NaN,NaN,NaN,-34.588367,17.487849
227.00900000000001,10.710387673908436,34.88964770124801,38.75649376822641,224.95623524816895,2026-06-25 03:55:05.724027,NaN,NaN,NaN,-34.588367,17.487849
227.2405,10.709068479393212,34.88928840115514,38.75555949007395,225.28295486691354,2026-06-25 03:55:05.565735,NaN,NaN,NaN,-34.588367,17.487849
227.355,10.709153825195422,34.88923789853459,38.75566707593024,224.96985941373222,2026-06-25 03:55:05.540741,NaN,NaN,NaN,-34.588367,17.487849
227.567,10.705299059621275,34.88873534242011,38.75257214726916,224.69421821849465,2026-06-25 03:55:05.340793,NaN,NaN,NaN,-34.588367,17.487849
227.80125,10.702222714949109,34.88848811843668,38.74988128407597,224.72591115145664,2026-06-25 03:55:05.253316,NaN,NaN,NaN,-34.588367,17.487849
227.98766666666666,10.697129416953212,34.88806790494343,38.74537132241483,224.45626935568365,2026-06-25 03:55:05.107521,NaN,NaN,NaN,-34.588367,17.487849
228.22750000000002,10.692039822865262,34.88762453822682,38.7406470473486,224.49649781192164,2026-06-25 03:55:04.965891,NaN,NaN,NaN,-34.588367,17.487849
228.42,10.688481095164342,34.88726299112809,38.7371958929976,224.51987943912357,2026-06-25 03:55:04.857586,NaN,NaN,NaN,-34.588367,17.487849
228.698,10.681937792107774,34.88660154586339,38.730690892837295,224.26392135285354,2026-06-25 03:55:04.640976,NaN,NaN,NaN,-34.588367,17.487849
228.769,10.682922323436669,34.886478338903,38.73167605485609,224.5700967838936,2026-06-25 03:55:04.674300,NaN,NaN,NaN,-34.588367,17.487849
229.05,10.675780964043438,34.88567529532972,38.72474388620847,224.3127092274015,2026-06-25 03:55:04.441028,NaN,NaN,NaN,-34.588367,17.487849
229.21524999999997,10.674863573282943,34.88555765270248,38.7237585529884,224.30643440269708,2026-06-25 03:55:04.416034,NaN,NaN,NaN,-34.588367,17.487849
229.45100000000002,10.669823725453892,34.88490708216546,38.71862429867725,224.2164167896507,2026-06-25 03:55:04.266073,NaN,NaN,NaN,-34.588367,17.487849
229.81066666666666,10.666237976377852,34.88448350765959,38.71460407380406,224.34099492138768,2026-06-25 03:55:04.174431,NaN,NaN,NaN,-34.588367,17.487849
229.995,10.659220464513375,34.88372443482952,38.70632696322484,224.15872738996094,2026-06-25 03:55:04.016139,NaN,NaN,NaN,-34.588367,17.487849
230.18533333333335,10.65063733551232,34.88282190787083,38.696198311333006,224.02021646023394,2026-06-25 03:55:03.841184,NaN,NaN,NaN,-34.588367,17.487849
230.35866666666666,10.647880505157326,34.88246305986764,38.69310593690186,223.94598646308762,2026-06-25 03:55:03.774535,NaN,NaN,NaN,-34.588367,17.487849
230.619,10.642726438757254,34.88173626863824,38.68745095226836,223.97998079419162,2026-06-25 03:55:03.641236,NaN,NaN,NaN,-34.588367,17.487849
231.043,10.63870218215255,34.880879225625115,38.68357561215017,224.3328890589999,2026-06-25 03:55:03.491275,NaN,NaN,NaN,-34.588367,17.487849
231.16366666666667,10.637885654944078,34.88068084476325,38.68288769433625,224.11650182349334,2026-06-25 03:55:03.457951,NaN,NaN,NaN,-34.588367,17.487849
231.44,10.632283666946375,34.87952841703645,38.67800396916948,224.39659031522618,2026-06-25 03:55:03.266334,NaN,NaN,NaN,-34.588367,17.487849
231.62099999999998,10.629218853480126,34.87920965338991,38.67517081161756,224.42976001611532,2026-06-25 03:55:03.216347,NaN,NaN,NaN,-34.588367,17.487849
231.75275,10.623090510353483,34.87842900707212,38.6695422927807,224.74384114112456,2026-06-25 03:55:03.091380,NaN,NaN,NaN,-34.588367,17.487849
232.064,10.612170307733997,34.87746507395481,38.65903078934251,224.59056815311348,2026-06-25 03:55:02.941419,NaN,NaN,NaN,-34.588367,17.487849
232.2025,10.60183302818631,34.87680655052202,38.64818745116188,224.6911962294743,2026-06-25 03:55:02.841445,NaN,NaN,NaN,-34.588367,17.487849
232.3875,10.589239776679339,34.876137705352974,38.63417098449747,224.80145296543986,2026-06-25 03:55:02.741471,NaN,NaN,NaN,-34.588367,17.487849
232.59666666666666,10.580874530960875,34.87569181051714,38.62486830160983,224.9221089115571,2026-06-25 03:55:02.674821,NaN,NaN,NaN,-34.588367,17.487849
232.706,10.548262422985252,34.87410214186676,38.58694623661013,224.82898409012415,2026-06-25 03:55:02.441549,NaN,NaN,NaN,-34.588367,17.487849
233.01966666666667,10.544062719179246,34.87387194458632,38.58196695755685,224.8373831122981,2026-06-25 03:55:02.408224,NaN,NaN,NaN,-34.588367,17.487849
233.214,10.540783771967725,34.87358035530741,38.578225989331834,224.74828313794694,2026-06-25 03:55:02.366568,NaN,NaN,NaN,-34.588367,17.487849
233.3955,10.526870227193413,34.872893354640624,38.56175323157231,224.70724941072652,2026-06-25 03:55:02.266595,NaN,NaN,NaN,-34.588367,17.487849
233.666,10.510051942777,34.87150474193256,38.542853635551864,224.1794661695301,2026-06-25 03:55:02.066647,NaN,NaN,NaN,-34.588367,17.487849
233.82899999999998,10.50836531337221,34.871215485053156,38.54134366400033,223.88890456576172,2026-06-25 03:55:02.024991,NaN,NaN,NaN,-34.588367,17.487849
234.17000000000002,10.500374488177602,34.86968624487154,38.53442651568845,223.61108315184833,2026-06-25 03:55:01.804215,NaN,NaN,NaN,-34.588367,17.487849
234.31,10.499087809759045,34.86925468768299,38.53370110215665,223.30532328488277,2026-06-25 03:55:01.741731,NaN,NaN,NaN,-34.588367,17.487849
234.649,10.496350976176057,34.868227924664666,38.53212720086134,223.17454993114538,2026-06-25 03:55:01.516790,NaN,NaN,NaN,-34.588367,17.487849
234.708,10.497278269822207,34.86772383564349,38.53292828573523,223.32732433799617,2026-06-25 03:55:01.591770,NaN,NaN,NaN,-34.588367,17.487849
234.981,10.495643183135586,34.86729939083868,38.53170320612438,223.02490818374602,2026-06-25 03:55:01.454306,NaN,NaN,NaN,-34.588367,17.487849
235.27766666666665,10.492811423313702,34.86588656911169,38.52920871928962,222.7410358846364,2026-06-25 03:55:01.241862,NaN,NaN,NaN,-34.588367,17.487849
235.447,10.491301186278614,34.86523469094456,38.527868956717356,222.75444821943813,2026-06-25 03:55:01.141888,NaN,NaN,NaN,-34.588367,17.487849
235.6,10.490451481602571,34.86491265313193,38.52709068646138,222.76406625567222,2026-06-25 03:55:01.091901,NaN,NaN,NaN,-34.588367,17.487849
235.7335,10.487961739909274,34.86412169443416,38.52469613838466,222.47468013345474,2026-06-25 03:55:00.966933,NaN,NaN,NaN,-34.588367,17.487849
235.9525,10.48787332355943,34.86411898248453,38.52459474051953,222.47196381928867,2026-06-25 03:55:00.966933,NaN,NaN,NaN,-34.588367,17.487849
236.2385,10.484281728631096,34.863188677507594,38.52104892627713,222.19534797845205,2026-06-25 03:55:00.816972,NaN,NaN,NaN,-34.588367,17.487849
236.337,10.481468344949558,34.86258309252236,38.518350676459704,222.22128134294837,2026-06-25 03:55:00.716998,NaN,NaN,NaN,-34.588367,17.487849
236.57999999999998,10.478418841724979,34.861989859370006,38.51563148268785,222.0965558246962,2026-06-25 03:55:00.617025,NaN,NaN,NaN,-34.588367,17.487849
236.9935,10.4710713917891,34.86085088487262,38.50933967660647,221.81636673326622,2026-06-25 03:55:00.417077,NaN,NaN,NaN,-34.588367,17.487849
237.23366666666666,10.468985615123977,34.86052002873729,38.50765202530284,221.9260835020147,2026-06-25 03:55:00.358759,NaN,NaN,NaN,-34.588367,17.487849
237.499,10.460634390934072,34.85961606643313,38.499494577837,222.09398423487465,2026-06-25 03:55:00.192135,NaN,NaN,NaN,-34.588367,17.487849
237.58350000000002,10.455738182239996,34.85922371375273,38.494265967344944,222.15781897371116,2026-06-25 03:55:00.117155,NaN,NaN,NaN,-34.588367,17.487849
237.8245,10.448315680571671,34.85871246699941,38.486111323700484,222.21239814652745,2026-06-25 03:55:00.017181,NaN,NaN,NaN,-34.588367,17.487849
238.015,10.437961658283658,34.85809310222268,38.47424742138251,222.3055309172817,2026-06-25 03:54:59.892213,NaN,NaN,NaN,-34.588367,17.487849
238.19299999999998,10.43240272900388,34.857795934214074,38.46765738011746,222.32308211666637,2026-06-25 03:54:59.829730,NaN,NaN,NaN,-34.588367,17.487849
238.649,10.413483151930224,34.85677531920398,38.44613047787593,222.19576770038475,2026-06-25 03:54:59.608954,NaN,NaN,NaN,-34.588367,17.487849
238.738,10.410427973369554,34.856591789163105,38.443034586101405,222.39459867561655,2026-06-25 03:54:59.567298,NaN,NaN,NaN,-34.588367,17.487849
239.032,10.401841797816974,34.8560480530076,38.43473172966974,222.29488062331674,2026-06-25 03:54:59.442331,NaN,NaN,NaN,-34.588367,17.487849
239.2255,10.397840953797965,34.855734551341904,38.43147367021739,222.16143995775175,2026-06-25 03:54:59.367350,NaN,NaN,NaN,-34.588367,17.487849
239.414,10.39290227154125,34.85532731938438,38.427457490881345,222.04141143280603,2026-06-25 03:54:59.267376,NaN,NaN,NaN,-34.588367,17.487849
239.573,10.384114469050141,34.85470978179603,38.41880429450421,221.77864312664752,2026-06-25 03:54:59.109084,NaN,NaN,NaN,-34.588367,17.487849
239.82549999999998,10.381411574745975,34.85455263149637,38.41582806909853,222.16192162788712,2026-06-25 03:54:59.067428,NaN,NaN,NaN,-34.588367,17.487849
239.907,10.369302641518248,34.853906451253486,38.40199331236021,221.9526665874413,2026-06-25 03:54:58.892474,NaN,NaN,NaN,-34.588367,17.487849
240.201,10.36692023093586,34.8537895230397,38.39923529471714,221.96414596296225,2026-06-25 03:54:58.859149,NaN,NaN,NaN,-34.588367,17.487849
240.451,10.351310448517209,34.85338002500802,38.381832501395934,222.02160466699482,2026-06-25 03:54:58.625877,NaN,NaN,NaN,-34.588367,17.487849
240.552,10.358680899273002,34.85298601008609,38.38977460551592,222.04313794935254,2026-06-25 03:54:58.742513,NaN,NaN,NaN,-34.588367,17.487849
240.7175,10.346593535261949,34.85270946531158,38.37692518469188,221.82544188147415,2026-06-25 03:54:58.542565,NaN,NaN,NaN,-34.588367,17.487849
240.914,10.3419434926329,34.852383873029204,38.37228942053081,221.54103917850586,2026-06-25 03:54:58.442591,NaN,NaN,NaN,-34.588367,17.487849
241.153,10.340209605297185,34.85222383824661,38.370654412900635,221.55900569379256,2026-06-25 03:54:58.392604,NaN,NaN,NaN,-34.588367,17.487849
241.34799999999998,10.337818535497973,34.851908135255265,38.36852331141851,221.57635312560404,2026-06-25 03:54:58.292630,NaN,NaN,NaN,-34.588367,17.487849
241.56833333333336,10.336128915579318,34.85139076041156,38.36712489434231,221.58059129366364,2026-06-25 03:54:58.126007,NaN,NaN,NaN,-34.588367,17.487849
241.84233333333336,10.336164330079928,34.85128780608926,38.36742157233174,221.59318008857596,2026-06-25 03:54:57.942722,NaN,NaN,NaN,-34.588367,17.487849
241.935,10.335932700001944,34.85082906376434,38.36696530117299,221.5891914136113,2026-06-25 03:54:58.092683,NaN,NaN,NaN,-34.588367,17.487849
242.2355,10.336473342461675,34.850294557363256,38.368384189876465,221.27644412861224,2026-06-25 03:54:57.767767,NaN,NaN,NaN,-34.588367,17.487849
242.38299999999998,10.336530083920653,34.850294120193716,38.36843099577234,221.2723362103123,2026-06-25 03:54:57.767767,NaN,NaN,NaN,-34.588367,17.487849
242.6125,10.33632548764163,34.84983240906489,38.36893257377341,221.286856795878,2026-06-25 03:54:57.617806,NaN,NaN,NaN,-34.588367,17.487849
242.79199999999997,10.335808053979727,34.84952005104168,38.368882710755656,220.97284278069014,2026-06-25 03:54:57.517832,NaN,NaN,NaN,-34.588367,17.487849
243.01749999999998,10.33502232286418,34.84920282929522,38.36847903871779,220.98986670532003,2026-06-25 03:54:57.417858,NaN,NaN,NaN,-34.588367,17.487849
243.41850000000002,10.333344059958286,34.84871416196685,38.367189942779405,221.0102038831358,2026-06-25 03:54:57.267898,NaN,NaN,NaN,-34.588367,17.487849
243.566,10.331571935352866,34.84829556275508,38.36572043566336,220.71243710881558,2026-06-25 03:54:57.142930,NaN,NaN,NaN,-34.588367,17.487849
243.76350000000002,10.32818972807302,34.84794782792456,38.362969913580265,220.74332354309124,2026-06-25 03:54:56.992969,NaN,NaN,NaN,-34.588367,17.487849
243.949,10.329498485132655,34.84777063768395,38.36404652368661,220.73036809978188,2026-06-25 03:54:57.042956,NaN,NaN,NaN,-34.588367,17.487849
244.295,10.324894674791276,34.847409252750786,38.36015974774195,220.77385499468957,2026-06-25 03:54:56.892995,NaN,NaN,NaN,-34.588367,17.487849
244.32,10.3226523524671,34.84722330492031,38.358102693054306,220.79562231026696,2026-06-25 03:54:56.843008,NaN,NaN,NaN,-34.588367,17.487849
244.64350000000002,10.316795736129711,34.84683987914622,38.35214736048375,220.69651287590764,2026-06-25 03:54:56.743034,NaN,NaN,NaN,-34.588367,17.487849
244.7695,10.313398818892905,34.84664381561813,38.34844535797488,220.728311596854,2026-06-25 03:54:56.693047,NaN,NaN,NaN,-34.588367,17.487849
244.933,10.305767612692803,34.846242670564195,38.33963539182595,220.63602300376763,2026-06-25 03:54:56.593073,NaN,NaN,NaN,-34.588367,17.487849
245.14600000000002,10.299394135736634,34.84592989842369,38.33183864790317,220.56296899515942,2026-06-25 03:54:56.518093,NaN,NaN,NaN,-34.588367,17.487849
245.3475,10.29107231816825,34.84549936558315,38.321629221018895,220.46744849210833,2026-06-25 03:54:56.418119,NaN,NaN,NaN,-34.588367,17.487849
245.57566666666665,10.282696312153199,34.844936329481364,38.311661369965194,220.3045276491252,2026-06-25 03:54:56.293152,NaN,NaN,NaN,-34.588367,17.487849
245.768,10.277115846814498,34.84422464698071,38.30616223549,219.96371747241005,2026-06-25 03:54:56.143191,NaN,NaN,NaN,-34.588367,17.487849
246.035,10.276065584285044,34.84372826226043,38.30636387766076,219.93860670448925,2026-06-25 03:54:56.043217,NaN,NaN,NaN,-34.588367,17.487849
246.21400000000003,10.276899297469244,34.8432090779254,38.30888878461311,219.59812980187954,2026-06-25 03:54:55.943243,NaN,NaN,NaN,-34.588367,17.487849
246.688,10.279576300549099,34.84253496977638,38.314122761638686,219.5997558393139,2026-06-25 03:54:55.718301,NaN,NaN,NaN,-34.588367,17.487849
246.847,10.278629565055162,34.84197176028606,38.31235532012124,219.60660152533902,2026-06-25 03:54:55.818275,NaN,NaN,NaN,-34.588367,17.487849
247.053,10.279064964914207,34.84113466410624,38.3142269819136,219.93600215500481,2026-06-25 03:54:55.576672,NaN,NaN,NaN,-34.588367,17.487849
247.144,10.27887728407908,34.840936477434646,38.3141504278245,219.94718215838853,2026-06-25 03:54:55.543347,NaN,NaN,NaN,-34.588367,17.487849
247.4755,10.27487079247285,34.84031543693931,38.31100459002308,220.2889896373898,2026-06-25 03:54:55.368393,NaN,NaN,NaN,-34.588367,17.487849
247.568,10.277006080468619,34.8398350527665,38.312687083351236,219.96180231607562,2026-06-25 03:54:55.443373,NaN,NaN,NaN,-34.588367,17.487849
247.80766666666668,10.265495610887214,34.838548023285675,38.30309589661649,220.43604234433803,2026-06-25 03:54:55.176776,NaN,NaN,NaN,-34.588367,17.487849
247.99800000000002,10.264440150849866,34.83843308903421,38.30207758911347,220.37417747638938,2026-06-25 03:54:55.160114,NaN,NaN,NaN,-34.588367,17.487849
248.4645,10.244560675234704,34.836705719976564,38.2818429917767,221.5108256761653,2026-06-25 03:54:54.918510,NaN,NaN,NaN,-34.588367,17.487849
248.834,10.2224509020967,34.8351813182157,38.2571912297462,221.7267502698813,2026-06-25 03:54:54.718562,NaN,NaN,NaN,-34.588367,17.487849
248.93666666666664,10.217602427413494,34.8348561504117,38.25173607450818,221.7894192280334,2026-06-25 03:54:54.676906,NaN,NaN,NaN,-34.588367,17.487849
249.23033333333333,10.195473154181268,34.83338175644081,38.226676018739006,222.28575577304218,2026-06-25 03:54:54.493621,NaN,NaN,NaN,-34.588367,17.487849
249.5965,10.17636720404581,34.83213079564047,38.20508194170393,222.59125592248733,2026-06-25 03:54:54.343660,NaN,NaN,NaN,-34.588367,17.487849
249.845,10.176406099285732,34.83212872728778,38.20514729224152,222.73971293571987,2026-06-25 03:54:54.343660,NaN,NaN,NaN,-34.588367,17.487849
249.99366666666666,10.152678730762725,34.830546834199566,38.17790661382631,222.9955198931787,2026-06-25 03:54:54.160374,NaN,NaN,NaN,-34.588367,17.487849
250.19299999999998,10.14774488847153,34.830179073449315,38.17218487618474,223.014236743386,2026-06-25 03:54:54.118718,NaN,NaN,NaN,-34.588367,17.487849
250.411,10.131428627837396,34.82884245801465,38.153263082324,223.14345323244726,2026-06-25 03:54:53.968757,NaN,NaN,NaN,-34.588367,17.487849
250.7895,10.123798464119046,34.82793198982893,38.144569800899035,223.18538667387952,2026-06-25 03:54:53.868784,NaN,NaN,NaN,-34.588367,17.487849
251.02166666666665,10.117419806885417,34.82677580722472,38.13748416301318,223.23340473003853,2026-06-25 03:54:53.743816,NaN,NaN,NaN,-34.588367,17.487849
251.21766666666667,10.112128486329466,34.825365798119485,38.131602565853264,223.28820810820125,2026-06-25 03:54:53.593855,NaN,NaN,NaN,-34.588367,17.487849
251.459,10.107788993358366,34.82393384889234,38.126615960071504,223.32696154966197,2026-06-25 03:54:53.443894,NaN,NaN,NaN,-34.588367,17.487849
251.59300000000002,10.107811157804518,34.8239327529877,38.12665079545732,223.16912356672182,2026-06-25 03:54:53.443894,NaN,NaN,NaN,-34.588367,17.487849
251.872,10.102517676107345,34.82248038714989,38.12094457949997,223.21921355798816,2026-06-25 03:54:53.243946,NaN,NaN,NaN,-34.588367,17.487849
251.9955,10.103839412238628,34.821992370369486,38.12227796853843,223.20762385212814,2026-06-25 03:54:53.293933,NaN,NaN,NaN,-34.588367,17.487849
252.18349999999998,10.099059860060763,34.820765343790555,38.11773668847747,223.25400609957913,2026-06-25 03:54:53.118979,NaN,NaN,NaN,-34.588367,17.487849
252.487,10.09511435402777,34.820024207431324,38.114326877927084,223.45420652266702,2026-06-25 03:54:52.994012,NaN,NaN,NaN,-34.588367,17.487849
252.542,10.096771944969886,34.81952822833163,38.115754165223855,223.43672412131832,2026-06-25 03:54:53.043999,NaN,NaN,NaN,-34.588367,17.487849
252.7535,10.09138552204788,34.81853188025428,38.111081154833826,223.4931520217129,2026-06-25 03:54:52.894038,NaN,NaN,NaN,-34.588367,17.487849
253.058,10.088181258212447,34.8177814605052,38.10820793653325,223.52352017114922,2026-06-25 03:54:52.819057,NaN,NaN,NaN,-34.588367,17.487849
253.215,10.083429041633515,34.81677833353123,38.10380106399198,223.56921169221675,2026-06-25 03:54:52.719083,NaN,NaN,NaN,-34.588367,17.487849
253.46566666666664,10.07741175883915,34.81568795637907,38.09794232940826,223.62853732505434,2026-06-25 03:54:52.610778,NaN,NaN,NaN,-34.588367,17.487849
253.539,10.069676321904533,34.81451008723601,38.09002979724137,223.70316592360464,2026-06-25 03:54:52.494142,NaN,NaN,NaN,-34.588367,17.487849
253.792,10.063636155074684,34.81375075870392,38.08364180383077,224.08225103808425,2026-06-25 03:54:52.419161,NaN,NaN,NaN,-34.588367,17.487849
254.063,10.051986220509828,34.8124829753894,38.071265703993774,223.86515005140893,2026-06-25 03:54:52.294194,NaN,NaN,NaN,-34.588367,17.487849
254.203,10.052131514360497,34.81248278459739,38.07141527608407,224.1889182129476,2026-06-25 03:54:52.294194,NaN,NaN,NaN,-34.588367,17.487849
254.45266666666666,10.035769547947233,34.810958359840065,38.054030104916116,224.01818570551285,2026-06-25 03:54:52.144233,NaN,NaN,NaN,-34.588367,17.487849
254.80175,10.013619344427733,34.809176601889334,38.030018468929654,224.22904776850766,2026-06-25 03:54:51.969279,NaN,NaN,NaN,-34.588367,17.487849
255.18775,9.987088936501486,34.807137402231874,38.00021510763936,224.45439325762342,2026-06-25 03:54:51.769331,NaN,NaN,NaN,-34.588367,17.487849
255.6105,9.967887649649501,34.80535100751689,37.97842526689486,224.2778061175334,2026-06-25 03:54:51.594376,NaN,NaN,NaN,-34.588367,17.487849
255.809,9.967591834544951,34.805350917573605,37.97806326450287,224.28124544880157,2026-06-25 03:54:51.594376,NaN,NaN,NaN,-34.588367,17.487849
255.9925,9.958113450465966,34.80407357194692,37.96762555670418,224.19282513199124,2026-06-25 03:54:51.469409,NaN,NaN,NaN,-34.588367,17.487849
256.23249999999996,9.952609833951797,34.80305066410752,37.961731307168684,224.0726561843819,2026-06-25 03:54:51.369435,NaN,NaN,NaN,-34.588367,17.487849
256.43600000000004,9.94846533070953,34.80202669270002,37.957311294811035,224.11427666178196,2026-06-25 03:54:51.269461,NaN,NaN,NaN,-34.588367,17.487849
256.524,9.945989248019647,34.80125792538163,37.9546122991671,223.81809135943809,2026-06-25 03:54:51.194481,NaN,NaN,NaN,-34.588367,17.487849
256.891,9.94242514311486,34.79971765965075,37.95050704745324,223.8520627893115,2026-06-25 03:54:51.044520,NaN,NaN,NaN,-34.588367,17.487849
256.986,9.94229257862712,34.79945915121388,37.95054163001801,223.85633791370367,2026-06-25 03:54:51.019526,NaN,NaN,NaN,-34.588367,17.487849
257.1445,9.940514281301846,34.79843068589652,37.94848943033686,223.7028006734816,2026-06-25 03:54:50.919552,NaN,NaN,NaN,-34.588367,17.487849
257.3455,9.938497449888468,34.79688131380965,37.94766898185537,223.4162488938227,2026-06-25 03:54:50.769591,NaN,NaN,NaN,-34.588367,17.487849
257.598,9.937223027894754,34.796104261787754,37.94753446254718,223.27410316771187,2026-06-25 03:54:50.694611,NaN,NaN,NaN,-34.588367,17.487849
257.846,9.936135577500117,34.79558512795084,37.947310232566416,223.28260541663752,2026-06-25 03:54:50.644624,NaN,NaN,NaN,-34.588367,17.487849
258.041,9.934786251868688,34.79506510144502,37.94681860039433,223.29899723802475,2026-06-25 03:54:50.594637,NaN,NaN,NaN,-34.588367,17.487849
258.24725,9.9294417736231,34.79376008107933,37.94312625697232,223.33705389104472,2026-06-25 03:54:50.469670,NaN,NaN,NaN,-34.588367,17.487849
258.483,9.921534761688903,34.792449608660974,37.936119838498264,223.4322462540742,2026-06-25 03:54:50.344702,NaN,NaN,NaN,-34.588367,17.487849
258.62649999999996,9.914724370842446,34.791659107564904,37.9292508702655,223.50544362204064,2026-06-25 03:54:50.269722,NaN,NaN,NaN,-34.588367,17.487849
258.86,9.90676106789542,34.790865967551184,37.9208906270286,223.91106303743413,2026-06-25 03:54:50.194741,NaN,NaN,NaN,-34.588367,17.487849
259.068,9.897588355240957,34.790069317115595,37.91092594405302,223.98044302893334,2026-06-25 03:54:50.119761,NaN,NaN,NaN,-34.588367,17.487849
259.139,9.887690204941723,34.789269691731754,37.89998330768889,224.08789809750297,2026-06-25 03:54:50.044780,NaN,NaN,NaN,-34.588367,17.487849
259.406,9.877167002541182,34.788466144843056,37.88829774544668,223.84902266206853,2026-06-25 03:54:49.969800,NaN,NaN,NaN,-34.588367,17.487849
259.57,9.866362131618367,34.787659303278076,37.87635637975613,223.93668513227112,2026-06-25 03:54:49.894819,NaN,NaN,NaN,-34.588367,17.487849
259.707,9.85908689462838,34.78711912808802,37.868349381382245,224.01731338634195,2026-06-25 03:54:49.844832,NaN,NaN,NaN,-34.588367,17.487849
260.0536666666667,9.842468458950044,34.78585028363565,37.8499895535924,223.82408773115677,2026-06-25 03:54:49.728196,NaN,NaN,NaN,-34.588367,17.487849
260.135,9.837669305483937,34.78548778786746,37.844681955922816,223.86312764979488,2026-06-25 03:54:49.694872,NaN,NaN,NaN,-34.588367,17.487849
260.399,9.824439249943476,34.78439077197063,37.82996785010037,223.99636720958378,2026-06-25 03:54:49.594898,NaN,NaN,NaN,-34.588367,17.487849
260.54449999999997,9.81034299523513,34.78300804430828,37.814571320584484,223.78914098457489,2026-06-25 03:54:49.469930,NaN,NaN,NaN,-34.588367,17.487849
260.8306666666667,9.804768718329145,34.78216773643337,37.808729082869476,223.8308911502908,2026-06-25 03:54:49.394950,NaN,NaN,NaN,-34.588367,17.487849
260.998,9.798429171164031,34.78132979988322,37.80197436801079,223.87924535429838,2026-06-25 03:54:49.319969,NaN,NaN,NaN,-34.588367,17.487849
261.376,9.789639780074086,34.7796365073182,37.792959110465596,223.94087255358022,2026-06-25 03:54:49.170008,NaN,NaN,NaN,-34.588367,17.487849
261.595,9.783709491035884,34.77820802614353,37.78702980835371,224.28515727265923,2026-06-25 03:54:49.045041,NaN,NaN,NaN,-34.588367,17.487849
261.783,9.77212110395788,34.77676654085019,37.77495318490762,224.44903562178294,2026-06-25 03:54:48.845093,NaN,NaN,NaN,-34.588367,17.487849
262.048,9.776946388976892,34.77589494821528,37.780087647405864,224.06336590197276,2026-06-25 03:54:48.920073,NaN,NaN,NaN,-34.588367,17.487849
262.37100000000004,9.76361803678495,34.77452706221268,37.76581789270685,224.52638250799188,2026-06-25 03:54:48.728457,NaN,NaN,NaN,-34.588367,17.487849
262.561,9.761131636425604,34.77413622596035,37.763115957093724,224.54677713783846,2026-06-25 03:54:48.695132,NaN,NaN,NaN,-34.588367,17.487849
262.879,9.751874586343181,34.77265534487674,37.7536222607807,224.79348757264728,2026-06-25 03:54:48.570165,NaN,NaN,NaN,-34.588367,17.487849
263.017,9.743137869462776,34.77116174431954,37.745165657496244,224.69770625906224,2026-06-25 03:54:48.445197,NaN,NaN,NaN,-34.588367,17.487849
263.17366666666663,9.740821486293088,34.77075963817205,37.742899790606664,225.04246923999432,2026-06-25 03:54:48.411873,NaN,NaN,NaN,-34.588367,17.487849
263.43399999999997,9.730517299806824,34.76904887480876,37.7325851161807,225.12862765379967,2026-06-25 03:54:48.270243,NaN,NaN,NaN,-34.588367,17.487849
263.6276666666666,9.719558761536256,34.76752531151792,37.72067844151689,225.56903398369556,2026-06-25 03:54:48.145275,NaN,NaN,NaN,-34.588367,17.487849
263.9785,9.7068417295447,34.76599163459937,37.70609911553028,225.68804856131638,2026-06-25 03:54:48.020308,NaN,NaN,NaN,-34.588367,17.487849
264.1485,9.69599991570583,34.76475729084571,37.69348922547282,226.12486461612497,2026-06-25 03:54:47.920334,NaN,NaN,NaN,-34.588367,17.487849
264.5,9.683380975313987,34.76320659790268,37.67930544002139,226.22375823456252,2026-06-25 03:54:47.795367,NaN,NaN,NaN,-34.588367,17.487849
264.6065,9.683586620949304,34.763205989880596,37.67960085610345,226.22201275262276,2026-06-25 03:54:47.795367,NaN,NaN,NaN,-34.588367,17.487849
264.744,9.671369744209235,34.76133565541453,37.666828513561846,226.30638210782647,2026-06-25 03:54:47.645406,NaN,NaN,NaN,-34.588367,17.487849
264.97950000000003,9.67146915168393,34.76133518475812,37.66698554034234,226.3082858941969,2026-06-25 03:54:47.645406,NaN,NaN,NaN,-34.588367,17.487849
265.281,9.664505198732387,34.760083501103345,37.66026170568428,226.68862906013567,2026-06-25 03:54:47.545432,NaN,NaN,NaN,-34.588367,17.487849
265.346,9.657025657907411,34.75882811485883,37.6532167880325,226.91718918042724,2026-06-25 03:54:47.445458,NaN,NaN,NaN,-34.588367,17.487849
265.59025,9.646529678547772,34.757413542756034,37.64277380999767,227.2073041656254,2026-06-25 03:54:47.332987,NaN,NaN,NaN,-34.588367,17.487849
265.879,9.627548829564596,34.75536855841091,37.62270337103857,227.5419161254228,2026-06-25 03:54:47.170530,NaN,NaN,NaN,-34.588367,17.487849
266.0475,9.613185984055336,34.75411020515057,37.60658372956365,227.8266956455101,2026-06-25 03:54:47.070556,NaN,NaN,NaN,-34.588367,17.487849
266.44599999999997,9.59444911961714,34.75253949923751,37.58488103320867,228.03316443361572,2026-06-25 03:54:46.945588,NaN,NaN,NaN,-34.588367,17.487849
266.672,9.573568819347171,34.75065993422961,37.56056420656484,228.17452087946364,2026-06-25 03:54:46.795627,NaN,NaN,NaN,-34.588367,17.487849
266.78700000000003,9.569992076504988,34.75024436507144,37.556518981527475,228.18534762840284,2026-06-25 03:54:46.762303,NaN,NaN,NaN,-34.588367,17.487849
266.96,9.557590299366463,34.74879021103277,37.542564641512875,228.31854865275366,2026-06-25 03:54:46.645666,NaN,NaN,NaN,-34.588367,17.487849
267.27700000000004,9.55056942680443,34.747551753775234,37.535342834658564,228.36416491174884,2026-06-25 03:54:46.545692,NaN,NaN,NaN,-34.588367,17.487849
267.439,9.550240475974862,34.74755087846918,37.53493592607638,228.36563708789723,2026-06-25 03:54:46.545692,NaN,NaN,NaN,-34.588367,17.487849
267.52,9.545489527706865,34.74631854879574,37.53053202499367,228.39566872834234,2026-06-25 03:54:46.445718,NaN,NaN,NaN,-34.588367,17.487849
267.74,9.543937472100593,34.74570535626011,37.529307466154876,228.4175774326803,2026-06-25 03:54:46.395731,NaN,NaN,NaN,-34.588367,17.487849
268.02666666666664,9.54200643102674,34.74428519378134,37.52836771838286,228.43225226201398,2026-06-25 03:54:46.279095,NaN,NaN,NaN,-34.588367,17.487849
268.167,9.541518999688595,34.74387933408083,37.52817297200364,228.44039057369525,2026-06-25 03:54:46.245771,NaN,NaN,NaN,-34.588367,17.487849
268.3995,9.540483710072394,34.74207805199757,37.52864401244901,228.45059804173832,2026-06-25 03:54:46.095810,NaN,NaN,NaN,-34.588367,17.487849
268.563,9.540545024775183,34.74207655447007,37.52867833629114,228.4556380676751,2026-06-25 03:54:46.095810,NaN,NaN,NaN,-34.588367,17.487849
268.7765,9.539009733693177,34.7405950862528,37.528665910926954,228.47868091929692,2026-06-25 03:54:45.970842,NaN,NaN,NaN,-34.588367,17.487849
268.9945,9.536568590370214,34.739424506671945,37.52739184160548,228.6653123087126,2026-06-25 03:54:45.870868,NaN,NaN,NaN,-34.588367,17.487849
269.236,9.533754292023279,34.73855548261609,37.525230261167515,228.86833049067306,2026-06-25 03:54:45.795888,NaN,NaN,NaN,-34.588367,17.487849
269.47433333333333,9.527886431972364,34.73741207668113,37.51950488312871,229.00303027687033,2026-06-25 03:54:45.695914,NaN,NaN,NaN,-34.588367,17.487849
269.641,9.514931480842721,34.73572423507194,37.50490518040661,229.38632302034082,2026-06-25 03:54:45.545953,NaN,NaN,NaN,-34.588367,17.487849
269.81199999999995,9.510857611871472,34.73535820676389,37.49991901414116,229.47087804354592,2026-06-25 03:54:45.512628,NaN,NaN,NaN,-34.588367,17.487849
270.196,9.490438925226043,34.7335394127572,37.475358249739024,229.63207710877288,2026-06-25 03:54:45.346005,NaN,NaN,NaN,-34.588367,17.487849
270.6245,9.47417735533671,34.73221089704563,37.45656639394082,229.75942602252715,2026-06-25 03:54:45.221038,NaN,NaN,NaN,-34.588367,17.487849
270.7896666666666,9.458134518322138,34.73091641680741,37.438402371442066,229.89950631941008,2026-06-25 03:54:45.096070,NaN,NaN,NaN,-34.588367,17.487849
271.18600000000004,9.442707273382211,34.729653064953396,37.420819079172006,230.05671915460144,2026-06-25 03:54:44.971103,NaN,NaN,NaN,-34.588367,17.487849
271.361,9.434199318584044,34.728911564646026,37.41138325145925,229.8056819110752,2026-06-25 03:54:44.896122,NaN,NaN,NaN,-34.588367,17.487849
271.6843333333333,9.423747623678551,34.72778909099906,37.40059666444991,229.881369945647,2026-06-25 03:54:44.779486,NaN,NaN,NaN,-34.588367,17.487849
271.892,9.414857450943385,34.72653530723647,37.39195426692787,229.59900870994676,2026-06-25 03:54:44.646188,NaN,NaN,NaN,-34.588367,17.487849
272.142,9.414816933777924,34.72639069249985,37.3919693541022,229.89078109018956,2026-06-25 03:54:44.629525,NaN,NaN,NaN,-34.588367,17.487849
272.497,9.408463670186434,34.72474089827754,37.385869817927514,229.6585268902072,2026-06-25 03:54:44.446240,NaN,NaN,NaN,-34.588367,17.487849
272.81733333333335,9.407662417564945,34.72431558103954,37.38470112992348,229.683993517972,2026-06-25 03:54:44.396253,NaN,NaN,NaN,-34.588367,17.487849
272.973,9.405847376029168,34.72346192736775,37.382258631466534,229.6895697835214,2026-06-25 03:54:44.296279,NaN,NaN,NaN,-34.588367,17.487849
273.1886666666667,9.402934242885905,34.722234048041734,37.37785175345025,229.6316613929367,2026-06-25 03:54:44.146318,NaN,NaN,NaN,-34.588367,17.487849
273.445,9.399027218091264,34.72144476450708,37.37273278402386,229.44111021794524,2026-06-25 03:54:43.996357,NaN,NaN,NaN,-34.588367,17.487849
273.612,9.400432491412664,34.7210603073023,37.37448532498108,229.44001641956766,2026-06-25 03:54:44.046344,NaN,NaN,NaN,-34.588367,17.487849
273.81,9.397594529163655,34.72068192852059,37.37096641831036,229.14089420244167,2026-06-25 03:54:43.946370,NaN,NaN,NaN,-34.588367,17.487849
273.979,9.396151933701493,34.720309598538904,37.369194702136205,229.15043060451939,2026-06-25 03:54:43.896383,NaN,NaN,NaN,-34.588367,17.487849
274.1963333333333,9.393188335693477,34.71958491287159,37.36563510398381,229.176765182649,2026-06-25 03:54:43.796409,NaN,NaN,NaN,-34.588367,17.487849
274.414,9.389163219906473,34.71870860765512,37.361128680399396,228.8915433627139,2026-06-25 03:54:43.671442,NaN,NaN,NaN,-34.588367,17.487849
274.627,9.3863640746882,34.71820026245436,37.35835972573005,228.91220932176608,2026-06-25 03:54:43.596461,NaN,NaN,NaN,-34.588367,17.487849
274.963,9.381695608678747,34.71754511698192,37.35445441981344,228.6582275215347,2026-06-25 03:54:43.496487,NaN,NaN,NaN,-34.588367,17.487849
275.2185,9.374341338722683,34.71675370706995,37.34894892357829,228.56332576951502,2026-06-25 03:54:43.371520,NaN,NaN,NaN,-34.588367,17.487849
275.4265,9.360448258207128,34.715998481240725,37.33755004320183,228.01308477193746,2026-06-25 03:54:43.196565,NaN,NaN,NaN,-34.588367,17.487849
275.5775,9.364814578707703,34.715704522161325,37.34140093994729,228.15378712308865,2026-06-25 03:54:43.246552,NaN,NaN,NaN,-34.588367,17.487849
275.861,9.345185578861948,34.714851818920835,37.32233726545432,227.68917557410663,2026-06-25 03:54:43.046604,NaN,NaN,NaN,-34.588367,17.487849
276.0195,9.345009076672437,34.71484952614167,37.32204272748915,227.85025338700368,2026-06-25 03:54:43.046604,NaN,NaN,NaN,-34.588367,17.487849
276.325,9.333125313361922,34.71430430172658,37.30901174591925,227.51495948259833,2026-06-25 03:54:42.946631,NaN,NaN,NaN,-34.588367,17.487849
276.597,9.323988947394223,34.713907315200814,37.298819171360066,227.43130947667652,2026-06-25 03:54:42.871650,NaN,NaN,NaN,-34.588367,17.487849
276.764,9.31549008470989,34.713518576273906,37.28947188010745,227.34698295089675,2026-06-25 03:54:42.796670,NaN,NaN,NaN,-34.588367,17.487849
276.926,9.310566153772287,34.71326468157181,37.28418775957154,227.03929281502212,2026-06-25 03:54:42.746683,NaN,NaN,NaN,-34.588367,17.487849
277.21175,9.301659316146484,34.712648227044326,37.27514089102468,226.90591496820178,2026-06-25 03:54:42.621715,NaN,NaN,NaN,-34.588367,17.487849
277.401,9.295668752638857,34.71204873249599,37.26963541955159,226.50036604497237,2026-06-25 03:54:42.496748,NaN,NaN,NaN,-34.588367,17.487849
277.9,9.292945617665335,34.71158580261166,37.267411877736805,226.51966595049424,2026-06-25 03:54:42.396774,NaN,NaN,NaN,-34.588367,17.487849
278.0135,9.293080628440626,34.71158446193974,37.26747768561178,226.51833211324455,2026-06-25 03:54:42.396774,NaN,NaN,NaN,-34.588367,17.487849
278.256,9.291290452550944,34.71113091522946,37.265743288282906,226.21026179221903,2026-06-25 03:54:42.296800,NaN,NaN,NaN,-34.588367,17.487849
278.462,9.290163216868311,34.71068779352136,37.264114298484046,226.06334126952552,2026-06-25 03:54:42.196826,NaN,NaN,NaN,-34.588367,17.487849
278.645,9.290154068477388,34.710686782559364,37.26410761276885,226.22050786468856,2026-06-25 03:54:42.196826,NaN,NaN,NaN,-34.588367,17.487849
278.811,9.289114355770169,34.71025073697873,37.262553167516714,225.9283421890525,2026-06-25 03:54:42.096852,NaN,NaN,NaN,-34.588367,17.487849
278.961,9.288340229891546,34.7099283855824,37.2617338174675,225.77552639061855,2026-06-25 03:54:42.021872,NaN,NaN,NaN,-34.588367,17.487849
279.1145,9.28742405522018,34.70950323279544,37.261350700595955,225.14326024049285,2026-06-25 03:54:41.921898,NaN,NaN,NaN,-34.588367,17.487849
279.469,9.286532437810767,34.70897809789305,37.26186229552478,224.9812416362613,2026-06-25 03:54:41.796930,NaN,NaN,NaN,-34.588367,17.487849
279.614,9.286521293914483,34.7089777532894,37.26185824107664,224.830309809014,2026-06-25 03:54:41.796930,NaN,NaN,NaN,-34.588367,17.487849
279.98900000000003,9.285124536234267,34.70835287801196,37.26222718624063,224.36452415864696,2026-06-25 03:54:41.646969,NaN,NaN,NaN,-34.588367,17.487849
280.1755,9.282925488489479,34.707833593819274,37.26103282050897,224.08010737851558,2026-06-25 03:54:41.522002,NaN,NaN,NaN,-34.588367,17.487849
280.429,9.278323268316093,34.707313264169876,37.256990284434494,223.81357651431532,2026-06-25 03:54:41.372041,NaN,NaN,NaN,-34.588367,17.487849
280.513,9.279373848683088,34.70720813243338,37.25799256844939,223.79839754548098,2026-06-25 03:54:41.397034,NaN,NaN,NaN,-34.588367,17.487849
280.741,9.277606340384605,34.707104269421244,37.256358238063385,223.82748454067016,2026-06-25 03:54:41.347047,NaN,NaN,NaN,-34.588367,17.487849
281.021,9.271477717404276,34.70647248088085,37.25058049560698,223.54391184674114,2026-06-25 03:54:41.197087,NaN,NaN,NaN,-34.588367,17.487849
281.19500000000005,9.270226333880759,34.7063649648285,37.249383478280386,223.41320039912102,2026-06-25 03:54:41.172093,NaN,NaN,NaN,-34.588367,17.487849
281.334,9.269211156400548,34.70625982255574,37.24841632520227,223.5800149524305,2026-06-25 03:54:41.147100,NaN,NaN,NaN,-34.588367,17.487849
281.6163333333334,9.261512657767197,34.70561328975463,37.24120504970048,223.35315516570157,2026-06-25 03:54:40.997139,NaN,NaN,NaN,-34.588367,17.487849
281.903,9.25570100377566,34.705175269836836,37.23592515283655,223.39753353190744,2026-06-25 03:54:40.897165,NaN,NaN,NaN,-34.588367,17.487849
282.21675,9.247560995170318,34.70461529254805,37.228409351109576,223.78023877614007,2026-06-25 03:54:40.772197,NaN,NaN,NaN,-34.588367,17.487849
282.533,9.23465560898,34.703812147554906,37.215458108848495,224.2091395483189,2026-06-25 03:54:40.597243,NaN,NaN,NaN,-34.588367,17.487849
282.82866666666666,9.231686003197908,34.70365379426886,37.212201857246825,224.34130664517684,2026-06-25 03:54:40.563918,NaN,NaN,NaN,-34.588367,17.487849
283.20550000000003,9.21459166228381,34.70273395919874,37.193641376638695,224.73423669253822,2026-06-25 03:54:40.372302,NaN,NaN,NaN,-34.588367,17.487849
283.3935,9.214479462747088,34.70273126422427,37.19345126265934,224.73308270578946,2026-06-25 03:54:40.372302,NaN,NaN,NaN,-34.588367,17.487849
283.735,9.203631696320075,34.70211227112744,37.181951335295885,224.83256479921772,2026-06-25 03:54:40.247334,NaN,NaN,NaN,-34.588367,17.487849
283.9225,9.198105636314022,34.70173030526706,37.17638139108536,224.87137530019376,2026-06-25 03:54:40.172354,NaN,NaN,NaN,-34.588367,17.487849
284.19624999999996,9.189549446119004,34.7009461752037,37.168026454008064,225.25511883586702,2026-06-25 03:54:40.022393,NaN,NaN,NaN,-34.588367,17.487849
284.37,9.183828853446174,34.70027564348475,37.16250699923453,225.30264709015512,2026-06-25 03:54:39.897425,NaN,NaN,NaN,-34.588367,17.487849
284.696,9.181639396647377,34.70000152136803,37.16039088879301,225.6410440021037,2026-06-25 03:54:39.847438,NaN,NaN,NaN,-34.588367,17.487849
284.767,9.178035922851882,34.69958442086171,37.15687869727703,225.66751602646752,2026-06-25 03:54:39.772458,NaN,NaN,NaN,-34.588367,17.487849
285.03,9.173914220740148,34.69916142129174,37.15279699462302,225.720266054913,2026-06-25 03:54:39.697477,NaN,NaN,NaN,-34.588367,17.487849
285.303,9.16338303350473,34.698487545601125,37.14205504061076,226.14814871875467,2026-06-25 03:54:39.547517,NaN,NaN,NaN,-34.588367,17.487849
285.4003333333333,9.1657480197008,34.69829498973124,37.14446755440361,225.8130398259319,2026-06-25 03:54:39.580841,NaN,NaN,NaN,-34.588367,17.487849
285.686,9.141515185168895,34.69755297983724,37.11852874139683,226.34230097166616,2026-06-25 03:54:39.297582,NaN,NaN,NaN,-34.588367,17.487849
285.844,9.14608088071595,34.69710000896981,37.12368403494477,225.97148937300682,2026-06-25 03:54:39.347569,NaN,NaN,NaN,-34.588367,17.487849
285.9435,9.152803652871771,34.696794426837634,37.130963973306244,226.08556567326224,2026-06-25 03:54:39.422549,NaN,NaN,NaN,-34.588367,17.487849
286.2115,9.134668933394135,34.69633080684781,37.110411529001176,226.41265788393287,2026-06-25 03:54:39.222601,NaN,NaN,NaN,-34.588367,17.487849
286.334,9.127993312151979,34.69586208377736,37.10218962103391,226.47699051192086,2026-06-25 03:54:39.147621,NaN,NaN,NaN,-34.588367,17.487849
286.628,9.123804824029962,34.69554630319408,37.09697861600618,226.5340912558213,2026-06-25 03:54:39.097634,NaN,NaN,NaN,-34.588367,17.487849
286.8435,9.118181917465424,34.69506788629228,37.090224423595245,226.55413455879628,2026-06-25 03:54:39.022653,NaN,NaN,NaN,-34.588367,17.487849
286.908,9.113361689280756,34.69458490374887,37.084788596022065,226.57592491424967,2026-06-25 03:54:38.947673,NaN,NaN,NaN,-34.588367,17.487849
287.122,9.110691725764118,34.69425999850618,37.08201223868556,226.61375061410865,2026-06-25 03:54:38.897686,NaN,NaN,NaN,-34.588367,17.487849
287.3465,9.107384277185854,34.693768506831454,37.07887895921725,226.64783738937757,2026-06-25 03:54:38.822705,NaN,NaN,NaN,-34.588367,17.487849
287.569,9.104676468056347,34.69327309288164,37.076563348353154,226.6643542615237,2026-06-25 03:54:38.747725,NaN,NaN,NaN,-34.588367,17.487849
287.866,9.103221427240099,34.69294034858248,37.075418139937035,226.67149172491943,2026-06-25 03:54:38.697738,NaN,NaN,NaN,-34.588367,17.487849
288.0305,9.100476492198899,34.69210015586091,37.07317277469538,226.88838115528776,2026-06-25 03:54:38.572771,NaN,NaN,NaN,-34.588367,17.487849
288.435,9.097791784654635,34.69108161677562,37.07074436462346,227.04957518473987,2026-06-25 03:54:38.422810,NaN,NaN,NaN,-34.588367,17.487849
288.568,9.096482353712467,34.6905678968554,37.0695537422238,227.06006280634628,2026-06-25 03:54:38.347829,NaN,NaN,NaN,-34.588367,17.487849
288.86400000000003,9.094937711445601,34.690051582907145,37.06809515291792,227.08069017430185,2026-06-25 03:54:38.272849,NaN,NaN,NaN,-34.588367,17.487849
289.022,9.091486849838208,34.689187146946566,37.06443147504264,227.28062098360823,2026-06-25 03:54:38.147881,NaN,NaN,NaN,-34.588367,17.487849
289.271,9.091575201139696,34.68918684489549,37.064568019707146,227.4424083638944,2026-06-25 03:54:38.147881,NaN,NaN,NaN,-34.588367,17.487849
289.634,9.087141106483141,34.688318787330694,37.05944061663186,227.5043540254047,2026-06-25 03:54:38.022914,NaN,NaN,NaN,-34.588367,17.487849
289.8453333333334,9.082444270856714,34.68744846198785,37.0540958359277,227.86422373827514,2026-06-25 03:54:37.897947,NaN,NaN,NaN,-34.588367,17.487849
290.231,9.079029558409333,34.686751914995455,37.050434693757914,227.89367792133098,2026-06-25 03:54:37.797973,NaN,NaN,NaN,-34.588367,17.487849
290.4103333333333,9.076213329978836,34.68605622204333,37.04773988776476,227.92168000939142,2026-06-25 03:54:37.697999,NaN,NaN,NaN,-34.588367,17.487849
290.8245,9.072609062074065,34.68501606547354,37.04461727491801,228.11326206242066,2026-06-25 03:54:37.548038,NaN,NaN,NaN,-34.588367,17.487849
291.014,9.071465024933476,34.684670666278805,37.04361765547305,228.12513353028692,2026-06-25 03:54:37.498051,NaN,NaN,NaN,-34.588367,17.487849
291.154,9.067751591896346,34.68364004851384,37.03996611221031,228.3273412211606,2026-06-25 03:54:37.348090,NaN,NaN,NaN,-34.588367,17.487849
291.43399999999997,9.065582621352146,34.683129393193965,37.03750973441025,228.3492289456236,2026-06-25 03:54:37.273109,NaN,NaN,NaN,-34.588367,17.487849
291.679,9.061797825063989,34.682958010001414,37.03308563912584,228.71635325491013,2026-06-25 03:54:37.148142,NaN,NaN,NaN,-34.588367,17.487849
291.786,9.064911019221364,34.6822821521883,37.03679338873657,228.35930524152576,2026-06-25 03:54:37.248116,NaN,NaN,NaN,-34.588367,17.487849
292.24466666666666,9.058798295494755,34.68161331158844,37.02966779264664,228.76029518731985,2026-06-25 03:54:37.048168,NaN,NaN,NaN,-34.588367,17.487849
292.389,9.055066849179665,34.680622318865424,37.02614041713543,228.78680605094485,2026-06-25 03:54:36.898207,NaN,NaN,NaN,-34.588367,17.487849
292.564,9.053161711890297,34.680300603576924,37.025216324509906,229.1244642637801,2026-06-25 03:54:36.798233,NaN,NaN,NaN,-34.588367,17.487849
292.8415,9.054176478480716,34.680296243573714,37.02597247718097,228.95931184260354,2026-06-25 03:54:36.848220,NaN,NaN,NaN,-34.588367,17.487849
292.954,9.054089378418121,34.67997234889102,37.02557281329949,228.79850272180502,2026-06-25 03:54:36.848220,NaN,NaN,NaN,-34.588367,17.487849
293.1625,9.048635597689088,34.67885873855686,37.02336450874726,229.1725251192276,2026-06-25 03:54:36.623279,NaN,NaN,NaN,-34.588367,17.487849
293.59950000000003,9.041157749001242,34.677926375094714,37.01785842627899,229.4252527984601,2026-06-25 03:54:36.473318,NaN,NaN,NaN,-34.588367,17.487849
293.814,9.035176597425606,34.67746971715851,37.012410738023696,229.65493199982117,2026-06-25 03:54:36.398337,NaN,NaN,NaN,-34.588367,17.487849
294.01099999999997,9.027375893550381,34.677020239000925,37.0047142719492,229.8903723139457,2026-06-25 03:54:36.323357,NaN,NaN,NaN,-34.588367,17.487849
294.372,9.014639989529385,34.67643085393577,36.99149485276544,230.16955892188898,2026-06-25 03:54:36.223383,NaN,NaN,NaN,-34.588367,17.487849
294.616,8.999408962428554,34.6758537397611,36.974809027217006,230.2985160111623,2026-06-25 03:54:36.123409,NaN,NaN,NaN,-34.588367,17.487849
294.859,8.98242075985284,34.67528925966422,36.955278226327025,230.50693295526213,2026-06-25 03:54:36.023435,NaN,NaN,NaN,-34.588367,17.487849
295.094,8.969378334659659,34.6748739616897,36.93994136973826,230.64134449952562,2026-06-25 03:54:35.948455,NaN,NaN,NaN,-34.588367,17.487849
295.1675,8.957279739399958,34.674466857238386,36.92563916728345,230.40953265262627,2026-06-25 03:54:35.873474,NaN,NaN,NaN,-34.588367,17.487849
295.361,8.946773458436624,34.674066375969055,36.91327977556934,230.4730602630498,2026-06-25 03:54:35.798494,NaN,NaN,NaN,-34.588367,17.487849
295.7463333333333,8.936850190793706,34.673545747614746,36.90181726430652,230.2005032981783,2026-06-25 03:54:35.698520,NaN,NaN,NaN,-34.588367,17.487849
296.0245,8.929181185867144,34.67291170162352,36.89333226164241,230.2507691757029,2026-06-25 03:54:35.573552,NaN,NaN,NaN,-34.588367,17.487849
296.262,8.926729934534162,34.67254130034317,36.890950269999735,230.2662563936059,2026-06-25 03:54:35.498572,NaN,NaN,NaN,-34.588367,17.487849
296.3845,8.925354237294465,34.67217919234605,36.88992615829966,229.96426922918698,2026-06-25 03:54:35.423591,NaN,NaN,NaN,-34.588367,17.487849
296.51,8.924502915335179,34.67182365418525,36.88951221092846,229.97227292766357,2026-06-25 03:54:35.348611,NaN,NaN,NaN,-34.588367,17.487849
296.832,8.924161283186761,34.67159096062704,36.88944417395863,229.97767967044842,2026-06-25 03:54:35.298624,NaN,NaN,NaN,-34.588367,17.487849
297.01933333333335,8.923745367532202,34.671136187067525,36.889425929679454,229.97583927741834,2026-06-25 03:54:35.198650,NaN,NaN,NaN,-34.588367,17.487849
297.58366666666666,8.923010908499085,34.6704052193848,36.889209372155825,229.89910307986867,2026-06-25 03:54:35.032027,NaN,NaN,NaN,-34.588367,17.487849
297.75350000000003,8.92249810795513,34.670050592691126,36.88896144637529,229.68205502812452,2026-06-25 03:54:34.948715,NaN,NaN,NaN,-34.588367,17.487849
298.191,8.921769489457947,34.66963494230914,36.888539526223745,229.69827268556529,2026-06-25 03:54:34.848741,NaN,NaN,NaN,-34.588367,17.487849
298.309,8.921407126397188,34.669431840698415,36.888293698176675,229.69793674094615,2026-06-25 03:54:34.798754,NaN,NaN,NaN,-34.588367,17.487849
298.624,8.920477989031559,34.66884215051396,36.887568417847255,229.21364961400326,2026-06-25 03:54:34.648793,NaN,NaN,NaN,-34.588367,17.487849
298.813,8.92046253684895,34.66883872424219,36.88757675805236,229.2193603768487,2026-06-25 03:54:34.648793,NaN,NaN,NaN,-34.588367,17.487849
298.918,8.920483385997942,34.6688375814674,36.887564790382065,229.37961861944285,2026-06-25 03:54:34.648793,NaN,NaN,NaN,-34.588367,17.487849
299.215,8.919250953277853,34.66817028747269,36.886744903406466,229.0768672799732,2026-06-25 03:54:34.473839,NaN,NaN,NaN,-34.588367,17.487849
299.403,8.918550258161405,34.66789139911761,36.88633308759349,228.75917182766233,2026-06-25 03:54:34.398859,NaN,NaN,NaN,-34.588367,17.487849
299.585,8.917460782782229,34.667707825263115,36.88563590370839,228.76682411370555,2026-06-25 03:54:34.298885,NaN,NaN,NaN,-34.588367,17.487849
299.71,8.918025098877811,34.667525865041306,36.88601022338195,228.76552134405222,2026-06-25 03:54:34.348872,NaN,NaN,NaN,-34.588367,17.487849
300.02366666666666,8.916177184781345,34.667166698229174,36.884620179284916,228.45436955198437,2026-06-25 03:54:34.198911,NaN,NaN,NaN,-34.588367,17.487849
300.187,8.914704254079572,34.66681164050069,36.88324415062968,227.82608873138685,2026-06-25 03:54:34.098937,NaN,NaN,NaN,-34.588367,17.487849
300.418,8.911917739572308,34.666548347910265,36.88018455225068,227.21496840453932,2026-06-25 03:54:33.948976,NaN,NaN,NaN,-34.588367,17.487849
300.5795,8.9133942297649,34.66628657880697,36.88183654708391,227.52693132937617,2026-06-25 03:54:34.023956,NaN,NaN,NaN,-34.588367,17.487849
300.9765,8.910201966188971,34.666026191025544,36.87826722582351,226.75046611452865,2026-06-25 03:54:33.873995,NaN,NaN,NaN,-34.588367,17.487849
301.126,8.908257789354687,34.66576648400848,36.87616138017076,226.6012105107125,2026-06-25 03:54:33.799015,NaN,NaN,NaN,-34.588367,17.487849
301.33849999999995,8.905953599658229,34.66550709130551,36.87381247125471,226.14632219789166,2026-06-25 03:54:33.724034,NaN,NaN,NaN,-34.588367,17.487849
301.609,8.903313741350898,34.66524751784395,36.871281008652446,225.69465425976415,2026-06-25 03:54:33.649054,NaN,NaN,NaN,-34.588367,17.487849
301.86199999999997,8.900292433537508,34.66498717619929,36.86864437525693,225.26218999194066,2026-06-25 03:54:33.574074,NaN,NaN,NaN,-34.588367,17.487849
302.2085,8.89494704606956,34.664550146026585,36.864429880381806,224.3498630372153,2026-06-25 03:54:33.449106,NaN,NaN,NaN,-34.588367,17.487849
302.47,8.89087509017459,34.66419506715427,36.861200453234396,223.91059244074978,2026-06-25 03:54:33.349132,NaN,NaN,NaN,-34.588367,17.487849
302.62149999999997,8.889758939391236,34.66410826190706,36.860413282395754,223.59813963356646,2026-06-25 03:54:33.324139,NaN,NaN,NaN,-34.588367,17.487849
302.821,8.883954112782558,34.66356722499419,36.855497380005865,223.1768931105792,2026-06-25 03:54:33.174178,NaN,NaN,NaN,-34.588367,17.487849
303.076,8.881069545754434,34.66329161256437,36.85293131933259,222.72615134852055,2026-06-25 03:54:33.099197,NaN,NaN,NaN,-34.588367,17.487849
303.4105,8.878106553800631,34.66301139358224,36.850281994574416,222.76239066210556,2026-06-25 03:54:33.024217,NaN,NaN,NaN,-34.588367,17.487849
303.595,8.874004240338063,34.66263088399067,36.84662695454837,222.48078726972096,2026-06-25 03:54:32.924243,NaN,NaN,NaN,-34.588367,17.487849
303.856,8.87083053694311,34.66233987937332,36.843762207971125,222.5137343582631,2026-06-25 03:54:32.849263,NaN,NaN,NaN,-34.588367,17.487849
304.032,8.868689450638414,34.662142641982584,36.84177389601918,222.54061652969332,2026-06-25 03:54:32.799276,NaN,NaN,NaN,-34.588367,17.487849
304.278,8.864505622897896,34.66174035846089,36.837643530310714,222.26219404874723,2026-06-25 03:54:32.699302,NaN,NaN,NaN,-34.588367,17.487849
304.334,8.864468185387475,34.661738968763146,36.83765101564067,222.2647231153222,2026-06-25 03:54:32.699302,NaN,NaN,NaN,-34.588367,17.487849
304.83,8.858720884986173,34.66111584806619,36.831441773491214,221.99898957512826,2026-06-25 03:54:32.549341,NaN,NaN,NaN,-34.588367,17.487849
304.95,8.858769173315219,34.66111431480009,36.831479025102205,221.9981672293933,2026-06-25 03:54:32.549341,NaN,NaN,NaN,-34.588367,17.487849
305.14750000000004,8.854590617976545,34.66057405078029,36.82675380099239,222.03749531193938,2026-06-25 03:54:32.424373,NaN,NaN,NaN,-34.588367,17.487849
305.485,8.851589354011335,34.660126254307855,36.82358032462142,221.90831253765398,2026-06-25 03:54:32.324399,NaN,NaN,NaN,-34.588367,17.487849
305.595,8.849451399911828,34.65978190704887,36.82161532186599,221.76887906344416,2026-06-25 03:54:32.249419,NaN,NaN,NaN,-34.588367,17.487849
305.844,8.847338706994776,34.659428781000244,36.82004247888974,221.79648434162416,2026-06-25 03:54:32.174438,NaN,NaN,NaN,-34.588367,17.487849
306.061,8.84515705842901,34.65906846593033,36.818667110688054,221.81700100678734,2026-06-25 03:54:32.099458,NaN,NaN,NaN,-34.588367,17.487849
306.222,8.843600779315405,34.65882338350298,36.81777216962938,221.833724640537,2026-06-25 03:54:32.049471,NaN,NaN,NaN,-34.588367,17.487849
306.42650000000003,8.84098257915269,34.65844833068849,36.81621904173022,221.6978254983379,2026-06-25 03:54:31.974491,NaN,NaN,NaN,-34.588367,17.487849
306.764,8.835512040749746,34.65780567509241,36.81249057560797,221.5953962473998,2026-06-25 03:54:31.849523,NaN,NaN,NaN,-34.588367,17.487849
306.938,8.83532208821697,34.657803769248346,36.81228233852862,221.6016195725134,2026-06-25 03:54:31.849523,NaN,NaN,NaN,-34.588367,17.487849
307.2635,8.827602560938832,34.65713826279948,36.80606790663704,221.67574220727383,2026-06-25 03:54:31.724556,NaN,NaN,NaN,-34.588367,17.487849
307.6816666666667,8.816543271735217,34.65644659356477,36.79583258974964,221.77370392718387,2026-06-25 03:54:31.599588,NaN,NaN,NaN,-34.588367,17.487849
307.984,8.796788383373103,34.655486706791734,36.77557980633372,222.0044028157885,2026-06-25 03:54:31.432965,NaN,NaN,NaN,-34.588367,17.487849
308.149,8.792537023281403,34.65529293939829,36.77111445981354,222.03418896261041,2026-06-25 03:54:31.399640,NaN,NaN,NaN,-34.588367,17.487849
308.5645,8.774930356723074,34.65454023371683,36.752286988149365,222.1796293053189,2026-06-25 03:54:31.274673,NaN,NaN,NaN,-34.588367,17.487849
308.8585,8.761071444459656,34.65392204852387,36.737487619707274,222.135840460238,2026-06-25 03:54:31.174699,NaN,NaN,NaN,-34.588367,17.487849
309.1565,8.747924357079405,34.653289702705806,36.72345215507158,222.07604082798184,2026-06-25 03:54:31.074725,NaN,NaN,NaN,-34.588367,17.487849
309.342,8.73841172532362,34.652806836611674,36.71326384831764,222.1629310938735,2026-06-25 03:54:30.999745,NaN,NaN,NaN,-34.588367,17.487849
309.506,8.725820531742443,34.652480459668695,36.69980929704078,222.26282692781817,2026-06-25 03:54:30.899771,NaN,NaN,NaN,-34.588367,17.487849
309.726,8.732131486886333,34.652150817044145,36.706540116233505,222.21294620402946,2026-06-25 03:54:30.949758,NaN,NaN,NaN,-34.588367,17.487849
309.929,8.716204699151447,34.651650001618044,36.68963191783327,222.36569780248436,2026-06-25 03:54:30.824790,NaN,NaN,NaN,-34.588367,17.487849
310.111,8.706429729249551,34.651143024010494,36.67937830199231,222.14527523577704,2026-06-25 03:54:30.749810,NaN,NaN,NaN,-34.588367,17.487849
310.375,8.696589194224014,34.65062864274286,36.66913098135738,222.22575498770254,2026-06-25 03:54:30.674829,NaN,NaN,NaN,-34.588367,17.487849
310.619,8.68685317201558,34.65010858873978,36.65899777173251,222.31628215362522,2026-06-25 03:54:30.599849,NaN,NaN,NaN,-34.588367,17.487849
310.8175,8.677374717763938,34.649581770320275,36.64913680917361,222.38727314362603,2026-06-25 03:54:30.524868,NaN,NaN,NaN,-34.588367,17.487849
310.994,8.662213945811958,34.648691895296906,36.63334780392138,222.19580153806055,2026-06-25 03:54:30.399901,NaN,NaN,NaN,-34.588367,17.487849
311.111,8.662152974124796,34.6486907261412,36.633301687066314,222.20619385784516,2026-06-25 03:54:30.399901,NaN,NaN,NaN,-34.588367,17.487849
311.39,8.650555538444346,34.647969146534415,36.62109245591423,222.29586734012196,2026-06-25 03:54:30.299927,NaN,NaN,NaN,-34.588367,17.487849
311.64,8.642348258969434,34.64742115796001,36.612288890045946,222.37901457488195,2026-06-25 03:54:30.224947,NaN,NaN,NaN,-34.588367,17.487849
311.801,8.63469671699472,34.646869167777474,36.60408218628733,222.46929132716525,2026-06-25 03:54:30.149966,NaN,NaN,NaN,-34.588367,17.487849
311.91,8.63012282596247,34.64649866961296,36.59926449940756,222.49711431207055,2026-06-25 03:54:30.099979,NaN,NaN,NaN,-34.588367,17.487849
312.151,8.626082610354555,34.64612641554056,36.595090887063506,222.20953103965658,2026-06-25 03:54:30.049992,NaN,NaN,NaN,-34.588367,17.487849
312.502,8.619867208597613,34.64537703198127,36.58886095630021,222.24839641759445,2026-06-25 03:54:29.950018,NaN,NaN,NaN,-34.588367,17.487849
312.62149999999997,8.620167599495193,34.6453763008478,36.58919006128778,222.2481039623427,2026-06-25 03:54:29.950018,NaN,NaN,NaN,-34.588367,17.487849
312.815,8.614770917018161,34.64462179883199,36.584137315189764,222.28136919863036,2026-06-25 03:54:29.800057,NaN,NaN,NaN,-34.588367,17.487849
312.958,8.616013678529464,34.64424223082016,36.585222384208784,222.2771989735328,2026-06-25 03:54:29.850044,NaN,NaN,NaN,-34.588367,17.487849
313.17533333333336,8.61311578208727,34.64347934108269,36.58283910359489,222.03459185137595,2026-06-25 03:54:29.700083,NaN,NaN,NaN,-34.588367,17.487849
313.337,8.6117268050413,34.64271316589217,36.581807234055475,222.31866861548852,2026-06-25 03:54:29.600109,NaN,NaN,NaN,-34.588367,17.487849
313.563,8.610917820096022,34.642328665356274,36.581157154994685,222.01529984830532,2026-06-25 03:54:29.550122,NaN,NaN,NaN,-34.588367,17.487849
313.716,8.609931123727684,34.641943451981,36.58029205576756,222.33601131000793,2026-06-25 03:54:29.500135,NaN,NaN,NaN,-34.588367,17.487849
314.023,8.6087254009591,34.6415576135435,36.57913731151686,222.03538658683337,2026-06-25 03:54:29.450149,NaN,NaN,NaN,-34.588367,17.487849
314.145,8.605422076580213,34.640784217949445,36.575531643087274,222.22521634071487,2026-06-25 03:54:29.350175,NaN,NaN,NaN,-34.588367,17.487849
314.36249999999995,8.603445293243169,34.64039705390823,36.573257302304455,222.08971825536412,2026-06-25 03:54:29.300188,NaN,NaN,NaN,-34.588367,17.487849
314.668,8.59888967629111,34.639621994527126,36.567893992306,222.15744019430153,2026-06-25 03:54:29.200214,NaN,NaN,NaN,-34.588367,17.487849
314.721,8.596313910879378,34.63923414849521,36.5649205931228,222.18197060223503,2026-06-25 03:54:29.150227,NaN,NaN,NaN,-34.588367,17.487849
314.977,8.59245150409901,34.638652290492885,36.56069607160137,222.05840114725743,2026-06-25 03:54:29.075246,NaN,NaN,NaN,-34.588367,17.487849
315.152,8.588838779033223,34.6380705216236,36.557003816508804,222.24633101945358,2026-06-25 03:54:29.000266,NaN,NaN,NaN,-34.588367,17.487849
315.44,8.586703054507712,34.63768284939789,36.55499348949471,221.94316299174096,2026-06-25 03:54:28.950279,NaN,NaN,NaN,-34.588367,17.487849
315.534,8.584794244850766,34.63729538974095,36.553321888203364,221.95765143095866,2026-06-25 03:54:28.900292,NaN,NaN,NaN,-34.588367,17.487849
315.894,8.581522671245235,34.636521555686116,36.55078353973606,221.98207795323077,2026-06-25 03:54:28.800318,NaN,NaN,NaN,-34.588367,17.487849
315.96299999999997,8.581558788186936,34.636521358216235,36.550846110041796,221.98615414465164,2026-06-25 03:54:28.800318,NaN,NaN,NaN,-34.588367,17.487849
316.138,8.578533789341753,34.63574890413913,36.54873725046499,222.0146584380764,2026-06-25 03:54:28.700344,NaN,NaN,NaN,-34.588367,17.487849
316.451,8.57521875778606,34.63497846766178,36.546385191905024,222.04954057526732,2026-06-25 03:54:28.600370,NaN,NaN,NaN,-34.588367,17.487849
316.68,8.573274490544938,34.634594133523706,36.54486144276085,222.0691222174287,2026-06-25 03:54:28.550383,NaN,NaN,NaN,-34.588367,17.487849
316.7733333333333,8.572195462742435,34.634467109494885,36.54378503230533,221.96977313880288,2026-06-25 03:54:28.533721,NaN,NaN,NaN,-34.588367,17.487849
316.966,8.565726811599893,34.633445225217635,36.537975597066996,221.82613861049919,2026-06-25 03:54:28.400422,NaN,NaN,NaN,-34.588367,17.487849
317.167,8.562543403087245,34.63306376247242,36.53477419166003,221.86580133564826,2026-06-25 03:54:28.350435,NaN,NaN,NaN,-34.588367,17.487849
317.354,8.559020005955684,34.63268311865261,36.531138507400414,221.89631290334634,2026-06-25 03:54:28.300448,NaN,NaN,NaN,-34.588367,17.487849
317.5315,8.553141022284393,34.632113880193515,36.52496396207265,221.95469965883356,2026-06-25 03:54:28.225468,NaN,NaN,NaN,-34.588367,17.487849
317.87,8.542432725457692,34.631546452306466,36.513634014590316,221.74680769286647,2026-06-25 03:54:28.100500,NaN,NaN,NaN,-34.588367,17.487849
317.93,8.546816043776195,34.63116942566028,36.51827252455433,221.71561236547598,2026-06-25 03:54:28.150487,NaN,NaN,NaN,-34.588367,17.487849
318.191,8.538038902498723,34.63079337875404,36.508998244155975,221.78347863893353,2026-06-25 03:54:28.050513,NaN,NaN,NaN,-34.588367,17.487849
318.375,8.529643134551298,34.630044679066835,36.500259234544586,221.60271799656906,2026-06-25 03:54:27.950539,NaN,NaN,NaN,-34.588367,17.487849
318.84499999999997,8.518713038815095,34.628929072428704,36.489325826470925,221.64235650964693,2026-06-25 03:54:27.800579,NaN,NaN,NaN,-34.588367,17.487849
319.064,8.512782414837744,34.628190478961734,36.48366943096859,221.3665302645218,2026-06-25 03:54:27.700605,NaN,NaN,NaN,-34.588367,17.487849
319.1905,8.508977228510602,34.62763995191381,36.48014865856684,221.39624445699002,2026-06-25 03:54:27.625624,NaN,NaN,NaN,-34.588367,17.487849
319.49,8.50531117834568,34.62709175106474,36.47678478458239,221.43410944205507,2026-06-25 03:54:27.550644,NaN,NaN,NaN,-34.588367,17.487849
319.561,8.502820282978874,34.626727853708864,36.47449781784283,221.45830867580028,2026-06-25 03:54:27.500657,NaN,NaN,NaN,-34.588367,17.487849
319.764,8.500214894120745,34.62636514621177,36.47208757086447,221.49150562658207,2026-06-25 03:54:27.450670,NaN,NaN,NaN,-34.588367,17.487849
320.01,8.495990798139491,34.62582348552797,36.468111283915,221.52982531937968,2026-06-25 03:54:27.375689,NaN,NaN,NaN,-34.588367,17.487849
320.149,8.491408667993925,34.62528424300401,36.463717838509716,221.256543781832,2026-06-25 03:54:27.300709,NaN,NaN,NaN,-34.588367,17.487849
320.346,8.486345721294441,34.62474804429195,36.45876001282453,221.3020271349875,2026-06-25 03:54:27.225728,NaN,NaN,NaN,-34.588367,17.487849
320.531,8.480883737499523,34.62421429359943,36.453315051341235,221.3636009685387,2026-06-25 03:54:27.150748,NaN,NaN,NaN,-34.588367,17.487849
320.834,8.47699025510961,34.62386009701127,36.44935363495839,221.39701174154874,2026-06-25 03:54:27.100761,NaN,NaN,NaN,-34.588367,17.487849
321.106,8.472941549804636,34.623507131033165,36.44516325700074,221.43088596991728,2026-06-25 03:54:27.050774,NaN,NaN,NaN,-34.588367,17.487849
321.4403333333333,8.464545284766606,34.6228053061676,36.436270359841615,221.52167850580685,2026-06-25 03:54:26.950800,NaN,NaN,NaN,-34.588367,17.487849
321.7905,8.454054853284944,34.6219341855643,36.425056448411226,221.29928445544286,2026-06-25 03:54:26.825833,NaN,NaN,NaN,-34.588367,17.487849
322.104,8.444325500531477,34.6210714657567,36.41472577726479,221.3801430294844,2026-06-25 03:54:26.700865,NaN,NaN,NaN,-34.588367,17.487849
322.20050000000003,8.444429020987332,34.6210708536492,36.41483952296231,221.3805905159835,2026-06-25 03:54:26.700865,NaN,NaN,NaN,-34.588367,17.487849
322.388,8.437447028962255,34.62038582152474,36.40746870729568,221.11305475576194,2026-06-25 03:54:26.600891,NaN,NaN,NaN,-34.588367,17.487849
322.665,8.43426145575923,34.620045133936884,36.40412595789816,221.14978288223548,2026-06-25 03:54:26.550904,NaN,NaN,NaN,-34.588367,17.487849
322.849,8.431182140397599,34.619705660517326,36.40094189722232,221.18506998920427,2026-06-25 03:54:26.500917,NaN,NaN,NaN,-34.588367,17.487849
322.92449999999997,8.426667238002786,34.61919886858439,36.39641516893033,221.2195036075123,2026-06-25 03:54:26.425937,NaN,NaN,NaN,-34.588367,17.487849
323.26750000000004,8.417626194034321,34.61869448390139,36.38768003015032,221.2985147404927,2026-06-25 03:54:26.275976,NaN,NaN,NaN,-34.588367,17.487849
323.375,8.422180861077164,34.61819309062972,36.392040692554545,221.2582418430637,2026-06-25 03:54:26.350956,NaN,NaN,NaN,-34.588367,17.487849
323.793,8.411320367233586,34.61752852549803,36.38164997992946,221.04962594766687,2026-06-25 03:54:26.176002,NaN,NaN,NaN,-34.588367,17.487849
324.096,8.399639647027465,34.616868674193746,36.37007154004594,221.15211550857748,2026-06-25 03:54:26.001048,NaN,NaN,NaN,-34.588367,17.487849
324.207,8.404710587136258,34.61637670764836,36.375202784869515,221.11644348359746,2026-06-25 03:54:26.076028,NaN,NaN,NaN,-34.588367,17.487849
324.472,8.392922054089336,34.616050276904375,36.36293582151279,221.22220562584437,2026-06-25 03:54:25.901074,NaN,NaN,NaN,-34.588367,17.487849
324.553,8.396260262364775,34.6157249990939,36.36652313346022,221.2034301926126,2026-06-25 03:54:25.951061,NaN,NaN,NaN,-34.588367,17.487849
324.75,8.388067818036035,34.6152393734522,36.35762455619669,221.2572283248188,2026-06-25 03:54:25.826093,NaN,NaN,NaN,-34.588367,17.487849
325.1,8.377553787069333,34.614329510689714,36.34619670086274,221.03779075512816,2026-06-25 03:54:25.651139,NaN,NaN,NaN,-34.588367,17.487849
325.16333333333336,8.379537211153124,34.614115695629636,36.34834888926475,221.04297255597797,2026-06-25 03:54:25.684463,NaN,NaN,NaN,-34.588367,17.487849
325.616,8.37208431590905,34.61347983479215,36.34047184081703,221.0960173182997,2026-06-25 03:54:25.551165,NaN,NaN,NaN,-34.588367,17.487849
325.79150000000004,8.367107697201899,34.61284893885315,36.33550649713725,221.13924783498678,2026-06-25 03:54:25.451191,NaN,NaN,NaN,-34.588367,17.487849
326.2045,8.363707609443873,34.61237890009173,36.33233483684083,221.1750439239577,2026-06-25 03:54:25.376210,NaN,NaN,NaN,-34.588367,17.487849
326.502,8.358320312961865,34.61175505942991,36.327530943123165,220.90999076133306,2026-06-25 03:54:25.251243,NaN,NaN,NaN,-34.588367,17.487849
326.554,8.359395153525476,34.61159856901089,36.3284957661912,221.05407439562842,2026-06-25 03:54:25.276237,NaN,NaN,NaN,-34.588367,17.487849
326.85400000000004,8.353193031977828,34.610826263993346,36.32330796963187,220.94723038576504,2026-06-25 03:54:25.126276,NaN,NaN,NaN,-34.588367,17.487849
326.911,8.349821324739363,34.610365835379866,36.32048722155596,220.97931824379597,2026-06-25 03:54:25.051295,NaN,NaN,NaN,-34.588367,17.487849
327.177,8.347276412307389,34.61006027689535,36.31829209991289,221.00206901572332,2026-06-25 03:54:25.001308,NaN,NaN,NaN,-34.588367,17.487849
327.403,8.342858332093801,34.6096040119898,36.314289786794625,221.0498916255214,2026-06-25 03:54:24.926328,NaN,NaN,NaN,-34.588367,17.487849
327.86466666666666,8.333965173921776,34.6088486998756,36.305443793930195,220.83635025610994,2026-06-25 03:54:24.801360,NaN,NaN,NaN,-34.588367,17.487849
328.1823333333333,8.321839646214269,34.60795042381488,36.29219246688749,220.95544247074838,2026-06-25 03:54:24.651399,NaN,NaN,NaN,-34.588367,17.487849
328.448,8.31389423294875,34.607356233557894,36.2832503802251,221.01069877290524,2026-06-25 03:54:24.551425,NaN,NaN,NaN,-34.588367,17.487849
328.695,8.310295033343158,34.6070607824862,36.279219974592266,220.73795892840363,2026-06-25 03:54:24.501438,NaN,NaN,NaN,-34.588367,17.487849
328.719,8.30700717046791,34.606766308568574,36.275578165795075,220.75485263590016,2026-06-25 03:54:24.451451,NaN,NaN,NaN,-34.588367,17.487849
329.097,8.304047135023819,34.606472805548655,36.27235099329834,220.77363178016677,2026-06-25 03:54:24.401465,NaN,NaN,NaN,-34.588367,17.487849
329.191,8.301408970603113,34.606180267111704,36.26953084994649,220.79866260912297,2026-06-25 03:54:24.351478,NaN,NaN,NaN,-34.588367,17.487849
329.53999999999996,8.29803862040816,34.60574337263884,36.26602223496678,220.83892386802071,2026-06-25 03:54:24.276497,NaN,NaN,NaN,-34.588367,17.487849
329.84900000000005,8.29293215108339,34.6048766527174,36.260687241569876,220.87201147986656,2026-06-25 03:54:24.126536,NaN,NaN,NaN,-34.588367,17.487849
330.001,8.293118715567559,34.60487572417401,36.26083558910802,220.870819916578,2026-06-25 03:54:24.126536,NaN,NaN,NaN,-34.588367,17.487849
330.18949999999995,8.289460882573243,34.60401643206376,36.25675956571565,220.909760414776,2026-06-25 03:54:23.976575,NaN,NaN,NaN,-34.588367,17.487849
330.4385,8.287575665873005,34.60344812115662,36.254668650952354,220.92769129562396,2026-06-25 03:54:23.876601,NaN,NaN,NaN,-34.588367,17.487849
331.067,8.285485699833657,34.602742642066644,36.25250358279172,220.9470389702252,2026-06-25 03:54:23.751634,NaN,NaN,NaN,-34.588367,17.487849
331.1685,8.284748884685307,34.60246376819305,36.25182648110376,220.80369394320033,2026-06-25 03:54:23.701647,NaN,NaN,NaN,-34.588367,17.487849
331.3625,8.283582954093191,34.60218229160856,36.2506951259398,220.81711243639322,2026-06-25 03:54:23.626666,NaN,NaN,NaN,-34.588367,17.487849
331.51,8.283959679674183,34.60204370705877,36.25103245322873,220.9741909846291,2026-06-25 03:54:23.651660,NaN,NaN,NaN,-34.588367,17.487849
331.872,8.281660289622325,34.60134819655619,36.24891142722983,220.98659390104743,2026-06-25 03:54:23.501699,NaN,NaN,NaN,-34.588367,17.487849
331.917,8.280800673034701,34.60107184879613,36.24811164020879,220.6877488326175,2026-06-25 03:54:23.451712,NaN,NaN,NaN,-34.588367,17.487849
332.403,8.2780278751143,34.60038509401499,36.245537591429944,221.03026914950453,2026-06-25 03:54:23.326745,NaN,NaN,NaN,-34.588367,17.487849
332.79033333333336,8.272742074983235,34.59943115002943,36.240716736002945,220.7698779600986,2026-06-25 03:54:23.151790,NaN,NaN,NaN,-34.588367,17.487849
333.1875,8.266776583209055,34.5986214375244,36.23522728949359,220.68166256601333,2026-06-25 03:54:23.001829,NaN,NaN,NaN,-34.588367,17.487849
333.366,8.266834776783108,34.598621059273405,36.23531450070221,220.83851753818118,2026-06-25 03:54:23.001829,NaN,NaN,NaN,-34.588367,17.487849
333.887,8.262253126382248,34.59808496826888,36.23084373033381,220.87064833148685,2026-06-25 03:54:22.901855,NaN,NaN,NaN,-34.588367,17.487849
333.9705,8.25838538680533,34.59768493818172,36.22687729195387,220.7517249229569,2026-06-25 03:54:22.826875,NaN,NaN,NaN,-34.588367,17.487849
334.2385,8.25257253501572,34.597153986281626,36.22084702049136,220.6674578949657,2026-06-25 03:54:22.726901,NaN,NaN,NaN,-34.588367,17.487849
334.527,8.246121893213738,34.59662588503127,36.214236786249955,220.73134317448822,2026-06-25 03:54:22.626927,NaN,NaN,NaN,-34.588367,17.487849
334.74,8.24117586426101,34.59623155666969,36.20918608325161,220.76379257072412,2026-06-25 03:54:22.551947,NaN,NaN,NaN,-34.588367,17.487849
335.099,8.234916507584593,34.595969587782704,36.20268868785505,220.8306350300374,2026-06-25 03:54:22.451973,NaN,NaN,NaN,-34.588367,17.487849
335.177,8.237975026329096,34.59570829695518,36.205882141855774,220.80955347497522,2026-06-25 03:54:22.501960,NaN,NaN,NaN,-34.588367,17.487849
335.3185,8.230707899840166,34.59531769822957,36.198226285162754,220.85633894689644,2026-06-25 03:54:22.376992,NaN,NaN,NaN,-34.588367,17.487849
335.5715,8.225833746267375,34.59479909258731,36.19297906425595,220.91390509101632,2026-06-25 03:54:22.277018,NaN,NaN,NaN,-34.588367,17.487849
336.0266666666667,8.221010945365592,34.59415458962287,36.18771215073613,220.62589263171157,2026-06-25 03:54:22.152051,NaN,NaN,NaN,-34.588367,17.487849
336.35749999999996,8.217115051055547,34.5935137502365,36.18339560942195,220.66467237190852,2026-06-25 03:54:22.027083,NaN,NaN,NaN,-34.588367,17.487849
336.7315,8.21422483193146,34.59300393994725,36.18028548409889,220.69404266932867,2026-06-25 03:54:21.927109,NaN,NaN,NaN,-34.588367,17.487849
337.009,8.21197604796603,34.59262308313149,36.177975562091824,220.72088057834367,2026-06-25 03:54:21.852129,NaN,NaN,NaN,-34.588367,17.487849
337.2405,8.208697655710722,34.59211772312395,36.17478906817151,220.7507640221482,2026-06-25 03:54:21.752155,NaN,NaN,NaN,-34.588367,17.487849
337.44,8.208730148895164,34.59211743415725,36.174803589726466,220.75257733966504,2026-06-25 03:54:21.752155,NaN,NaN,NaN,-34.588367,17.487849
337.77500000000003,8.203418708644014,34.59136346860597,36.16990643480839,220.80773965946798,2026-06-25 03:54:21.602194,NaN,NaN,NaN,-34.588367,17.487849
338.097,8.199804625497144,34.59086332939113,36.16671471290568,220.83700913721964,2026-06-25 03:54:21.502220,NaN,NaN,NaN,-34.588367,17.487849
338.162,8.198047089942031,34.59061418265863,36.165165139859525,220.8609202613542,2026-06-25 03:54:21.452233,NaN,NaN,NaN,-34.588367,17.487849
338.5625,8.195528510630968,34.59024155268905,36.162903550078234,220.88677131245262,2026-06-25 03:54:21.377253,NaN,NaN,NaN,-34.588367,17.487849
339.03,8.19314334234087,34.589870001039365,36.16072382407425,220.6054137123865,2026-06-25 03:54:21.302272,NaN,NaN,NaN,-34.588367,17.487849
339.26300000000003,8.19016327946073,34.589376811207586,36.158028889462415,220.77145610491604,2026-06-25 03:54:21.202298,NaN,NaN,NaN,-34.588367,17.487849
339.4225,8.188654158695783,34.58913087097976,36.15671114781528,220.63078259812949,2026-06-25 03:54:21.152311,NaN,NaN,NaN,-34.588367,17.487849
339.887,8.18453182611827,34.58851809383202,36.15326975189974,220.6832680049366,2026-06-25 03:54:21.027344,NaN,NaN,NaN,-34.588367,17.487849
339.983,8.181554876632326,34.588152014443615,36.15079005993845,220.7065729741149,2026-06-25 03:54:20.952364,NaN,NaN,NaN,-34.588367,17.487849
340.431,8.176769915782735,34.587665920973485,36.146474966197765,221.04103479025093,2026-06-25 03:54:20.852390,NaN,NaN,NaN,-34.588367,17.487849
340.574,8.171277390169442,34.587181483025645,36.141176208192036,220.8037481033699,2026-06-25 03:54:20.752416,NaN,NaN,NaN,-34.588367,17.487849
340.791,8.168183962721226,34.58694008274359,36.13803684024258,220.83932251115445,2026-06-25 03:54:20.702429,NaN,NaN,NaN,-34.588367,17.487849
341.056,8.163166948153563,34.586578952061686,36.13285766707446,221.04955091259043,2026-06-25 03:54:20.627448,NaN,NaN,NaN,-34.588367,17.487849
341.454,8.15222325443397,34.585860267150224,36.12148910680672,220.99049644534136,2026-06-25 03:54:20.477487,NaN,NaN,NaN,-34.588367,17.487849
341.62800000000004,8.152274580269582,34.58585979838566,36.12155259033595,220.9866311075972,2026-06-25 03:54:20.477487,NaN,NaN,NaN,-34.588367,17.487849
342.051,8.142801780449403,34.58526367319992,36.11166853600218,221.08310387078663,2026-06-25 03:54:20.352520,NaN,NaN,NaN,-34.588367,17.487849
342.22,8.137174284402468,34.58490746869678,36.10581737378402,221.12743890381765,2026-06-25 03:54:20.277539,NaN,NaN,NaN,-34.588367,17.487849
342.475,8.128146805030754,34.584552166810354,36.09660228536986,220.88906881537653,2026-06-25 03:54:20.152572,NaN,NaN,NaN,-34.588367,17.487849
342.507,8.131691019757628,34.58431589237223,36.100180485106634,220.8650511071567,2026-06-25 03:54:20.202559,NaN,NaN,NaN,-34.588367,17.487849
342.864,8.124675992221055,34.584080056420106,36.093144979048596,220.91791425570602,2026-06-25 03:54:20.102585,NaN,NaN,NaN,-34.588367,17.487849
343.17766666666665,8.117879537661489,34.58360981693891,36.0864540309443,220.9913006844659,2026-06-25 03:54:20.002611,NaN,NaN,NaN,-34.588367,17.487849
343.418,8.107805934385654,34.58290744059761,36.0764389379041,221.08345278477532,2026-06-25 03:54:19.852650,NaN,NaN,NaN,-34.588367,17.487849
343.654,8.10782239009313,34.58290724143753,36.07642761671125,221.0768164995018,2026-06-25 03:54:19.852650,NaN,NaN,NaN,-34.588367,17.487849
343.776,8.101250157068087,34.5824409549334,36.06966766879464,221.13800627610723,2026-06-25 03:54:19.752676,NaN,NaN,NaN,-34.588367,17.487849
344.208,8.096581910984813,34.582092290237924,36.06470037599865,221.18198689326485,2026-06-25 03:54:19.677696,NaN,NaN,NaN,-34.588367,17.487849
344.64750000000004,8.090785382860826,34.581628618007926,36.05848256505493,221.22648330637415,2026-06-25 03:54:19.577722,NaN,NaN,NaN,-34.588367,17.487849
344.903,8.08675775925104,34.581281734617754,36.05421314624597,221.2584289039956,2026-06-25 03:54:19.502741,NaN,NaN,NaN,-34.588367,17.487849
345.196,8.084214156701671,34.58105092046779,36.05158308540874,221.28855124951818,2026-06-25 03:54:19.452754,NaN,NaN,NaN,-34.588367,17.487849
345.37266666666665,8.079393220292456,34.58059032174872,36.046862223909834,221.02419244203568,2026-06-25 03:54:19.352781,NaN,NaN,NaN,-34.588367,17.487849
345.74800000000005,8.072839716931881,34.57990142881306,36.04084288491461,221.08363552711228,2026-06-25 03:54:19.202820,NaN,NaN,NaN,-34.588367,17.487849
346.05,8.072768843391662,34.57990130772589,36.04078166922084,221.09053714700795,2026-06-25 03:54:19.202820,NaN,NaN,NaN,-34.588367,17.487849
346.436,8.069040002822375,34.579443265655414,36.037397591662526,221.11354263656466,2026-06-25 03:54:19.102846,NaN,NaN,NaN,-34.588367,17.487849
346.51800000000003,8.066697120521432,34.579100309112306,36.03519778039224,221.14072362532403,2026-06-25 03:54:19.027865,NaN,NaN,NaN,-34.588367,17.487849
346.73,8.063518655867,34.578757711811406,36.03218395875176,221.1591109186315,2026-06-25 03:54:18.902898,NaN,NaN,NaN,-34.588367,17.487849
346.944,8.064671593978877,34.578529520365684,36.033272069315494,221.15227260880312,2026-06-25 03:54:18.952885,NaN,NaN,NaN,-34.588367,17.487849
347.143,8.06249920573635,34.57830145827885,36.0312484638087,221.1796058442974,2026-06-25 03:54:18.852911,NaN,NaN,NaN,-34.588367,17.487849
347.3833333333334,8.060851483109362,34.57784565634885,36.029862533487716,221.2011972400728,2026-06-25 03:54:18.752937,NaN,NaN,NaN,-34.588367,17.487849
347.78933333333333,8.059120841759615,34.577162306014834,36.028470985768884,221.20800510606333,2026-06-25 03:54:18.602976,NaN,NaN,NaN,-34.588367,17.487849
348.40933333333334,8.057842573643002,34.57647885123714,36.02723110568753,221.2321712286266,2026-06-25 03:54:18.453015,NaN,NaN,NaN,-34.588367,17.487849
348.7545,8.056443306842567,34.57590874197756,36.02581904734592,221.2451518306776,2026-06-25 03:54:18.328048,NaN,NaN,NaN,-34.588367,17.487849
348.93,8.055245052748008,34.57556623246158,36.02467774940858,221.25512360451307,2026-06-25 03:54:18.253067,NaN,NaN,NaN,-34.588367,17.487849
349.2115,8.05361806795502,34.575223204642285,36.02325180277652,221.1216177065717,2026-06-25 03:54:18.178087,NaN,NaN,NaN,-34.588367,17.487849
349.372,8.05159384900448,34.57487966972273,36.02158041809584,220.99242102210584,2026-06-25 03:54:18.103106,NaN,NaN,NaN,-34.588367,17.487849
349.79433333333327,8.048123343388303,34.574420385533216,36.01876906693626,221.3470687559796,2026-06-25 03:54:18.003132,NaN,NaN,NaN,-34.588367,17.487849
350.06600000000003,8.043003211988104,34.57384440356785,36.01433161326311,221.3831947539399,2026-06-25 03:54:17.878165,NaN,NaN,NaN,-34.588367,17.487849
350.6405,8.038259166556944,34.57338154827556,36.009669312547985,221.4345538689584,2026-06-25 03:54:17.778191,NaN,NaN,NaN,-34.588367,17.487849
350.74649999999997,8.032946670983435,34.5729166026789,36.00397589246046,221.48589536276566,2026-06-25 03:54:17.678217,NaN,NaN,NaN,-34.588367,17.487849
351.148,8.027193119324052,34.572449276836515,35.99766608708444,221.2344420864414,2026-06-25 03:54:17.578243,NaN,NaN,NaN,-34.588367,17.487849
351.445,8.01981495932384,34.57186141397445,35.989941364930246,221.2998730879398,2026-06-25 03:54:17.453276,NaN,NaN,NaN,-34.588367,17.487849
351.66700000000003,8.019843026152468,34.5718610315906,35.990012058441266,221.30193503278156,2026-06-25 03:54:17.453276,NaN,NaN,NaN,-34.588367,17.487849
351.964,8.01276642018541,34.5712685786555,35.98304476859688,221.3641153842178,2026-06-25 03:54:17.328308,NaN,NaN,NaN,-34.588367,17.487849
352.2165,8.006268289189443,34.5706705649627,35.97666500130724,221.41765802727315,2026-06-25 03:54:17.203341,NaN,NaN,NaN,-34.588367,17.487849
352.448,8.006238927168658,34.57067008324374,35.976668010333476,221.41119022217126,2026-06-25 03:54:17.203341,NaN,NaN,NaN,-34.588367,17.487849
352.86699999999996,7.998833405912159,34.56994426960331,35.968991648547494,221.4907157725081,2026-06-25 03:54:17.053380,NaN,NaN,NaN,-34.588367,17.487849
352.99533333333335,7.994695316314,34.56953656697126,35.964670187382104,221.52575858401437,2026-06-25 03:54:16.970068,NaN,NaN,NaN,-34.588367,17.487849
353.366,7.98883544259379,34.5689617260542,35.95866528634543,221.57723060430052,2026-06-25 03:54:16.853432,NaN,NaN,NaN,-34.588367,17.487849
353.826,7.984983890654036,34.56858786721902,35.9548677379742,221.4671615816784,2026-06-25 03:54:16.778452,NaN,NaN,NaN,-34.588367,17.487849
354.23,7.9774301403724115,34.56787280959471,35.94741880335341,221.38471209474716,2026-06-25 03:54:16.636822,NaN,NaN,NaN,-34.588367,17.487849
354.312,7.975646008479825,34.5677042680697,35.94566548227238,221.3960604157496,2026-06-25 03:54:16.603497,NaN,NaN,NaN,-34.588367,17.487849
354.552,7.970013851654524,34.567191274645,35.93987293222956,221.44507228972248,2026-06-25 03:54:16.503523,NaN,NaN,NaN,-34.588367,17.487849
354.992,7.967119469508602,34.566932457021565,35.93683471943653,221.4785002893241,2026-06-25 03:54:16.453536,NaN,NaN,NaN,-34.588367,17.487849
355.2275,7.9627240590430866,34.56654099569597,35.93217062639635,221.67529339494047,2026-06-25 03:54:16.378556,NaN,NaN,NaN,-34.588367,17.487849
355.4035,7.956900938978074,34.566013433486674,35.925940792361374,221.56875058142148,2026-06-25 03:54:16.278582,NaN,NaN,NaN,-34.588367,17.487849
355.515,7.952664053499245,34.565613384573176,35.921395498660246,221.6147639186271,2026-06-25 03:54:16.203601,NaN,NaN,NaN,-34.588367,17.487849
355.803,7.949959014782617,34.56534426174348,35.91851644978459,221.63150965616424,2026-06-25 03:54:16.153614,NaN,NaN,NaN,-34.588367,17.487849
356.2079999999999,7.944967986254969,34.56479969821857,35.91332357812876,221.57606720621322,2026-06-25 03:54:16.053640,NaN,NaN,NaN,-34.588367,17.487849
356.427,7.940457030652486,34.564248595857215,35.908766992731216,221.41432419975172,2026-06-25 03:54:15.953667,NaN,NaN,NaN,-34.588367,17.487849
356.656,7.938464969055956,34.56396966543638,35.90680408834103,221.42336632298415,2026-06-25 03:54:15.903680,NaN,NaN,NaN,-34.588367,17.487849
356.8095,7.935809703079521,34.5635470624101,35.904163844836106,221.60173322915722,2026-06-25 03:54:15.828699,NaN,NaN,NaN,-34.588367,17.487849
357.228,7.9327237422114525,34.562976364857434,35.90098663938198,221.63102927969092,2026-06-25 03:54:15.728725,NaN,NaN,NaN,-34.588367,17.487849
357.374,7.930637710261918,34.56254276290115,35.89875966381407,221.4929856830127,2026-06-25 03:54:15.653745,NaN,NaN,NaN,-34.588367,17.487849
357.58,7.929308667614088,34.56225063636264,35.89732747195331,221.82458390500827,2026-06-25 03:54:15.603758,NaN,NaN,NaN,-34.588367,17.487849
358.024,7.927316036447017,34.56180773671271,35.89523439957324,221.53312121822495,2026-06-25 03:54:15.528777,NaN,NaN,NaN,-34.588367,17.487849
358.227,7.92454598633406,34.56120915632438,35.89246096020865,221.55695991430787,2026-06-25 03:54:15.428803,NaN,NaN,NaN,-34.588367,17.487849
358.398,7.922309482080961,34.56075404119027,35.89030924947597,221.58296545279984,2026-06-25 03:54:15.353823,NaN,NaN,NaN,-34.588367,17.487849
358.637,7.918983479913547,34.56013790765583,35.88718366867358,221.61710640704416,2026-06-25 03:54:15.253849,NaN,NaN,NaN,-34.588367,17.487849
358.78200000000004,7.918930494947901,34.56013660404736,35.88713706628433,221.61524335950477,2026-06-25 03:54:15.253849,NaN,NaN,NaN,-34.588367,17.487849
359.28499999999997,7.914216207918342,34.559352709454586,35.88274601346259,221.66811079169327,2026-06-25 03:54:15.128882,NaN,NaN,NaN,-34.588367,17.487849
359.664,7.911052386873053,34.5588740947557,35.87981828872469,221.70443382907268,2026-06-25 03:54:15.053901,NaN,NaN,NaN,-34.588367,17.487849
359.722,7.908806705295353,34.55855138352686,35.8777497248845,221.727407330219,2026-06-25 03:54:15.003914,NaN,NaN,NaN,-34.588367,17.487849
359.9293333333333,7.904005686393057,34.557896711687505,35.87336727323579,221.51718981111142,2026-06-25 03:54:14.903940,NaN,NaN,NaN,-34.588367,17.487849
360.289,7.898849986801013,34.557232663509176,35.86869831640529,221.50868090546618,2026-06-25 03:54:14.803966,NaN,NaN,NaN,-34.588367,17.487849
360.443,7.896036721732644,34.55689589352912,35.86614573652277,221.52830822009665,2026-06-25 03:54:14.753979,NaN,NaN,NaN,-34.588367,17.487849
360.534,7.889865731558423,34.55621369992249,35.86041906272033,221.5824219810172,2026-06-25 03:54:14.654005,NaN,NaN,NaN,-34.588367,17.487849
360.72249999999997,7.889766464738729,34.556212243528485,35.86029281244578,221.59014434143322,2026-06-25 03:54:14.654005,NaN,NaN,NaN,-34.588367,17.487849
360.978,7.8829111192878605,34.555519857146145,35.853703940435366,221.65112836454162,2026-06-25 03:54:14.554031,NaN,NaN,NaN,-34.588367,17.487849
361.163,7.8791590626174015,34.55516853313572,35.84999151829365,221.68293358076787,2026-06-25 03:54:14.504044,NaN,NaN,NaN,-34.588367,17.487849
361.472,7.875262176992255,34.554814259949694,35.846093568050904,221.7238461491923,2026-06-25 03:54:14.454057,NaN,NaN,NaN,-34.588367,17.487849
361.538,7.869235113631767,34.55427693322463,35.84005633048703,221.6388653517134,2026-06-25 03:54:14.379077,NaN,NaN,NaN,-34.588367,17.487849
361.796,7.863178525015399,34.553733677665676,35.83406094296744,221.8605088477942,2026-06-25 03:54:14.304097,NaN,NaN,NaN,-34.588367,17.487849
362.087,7.859251301556304,34.55336755140303,35.83024158161794,221.88715565845814,2026-06-25 03:54:14.254110,NaN,NaN,NaN,-34.588367,17.487849
362.2275,7.853716507254569,34.552812432080344,35.82493796735173,221.7718515169023,2026-06-25 03:54:14.179129,NaN,NaN,NaN,-34.588367,17.487849
362.622,7.848552941331878,34.55225139454364,35.82006358020642,221.65718855444294,2026-06-25 03:54:14.104149,NaN,NaN,NaN,-34.588367,17.487849
362.73299999999995,7.843653850186156,34.551682989805485,35.81554613265524,221.6907535569475,2026-06-25 03:54:14.029168,NaN,NaN,NaN,-34.588367,17.487849
362.981,7.838699753016331,34.55110872634292,35.81105523569974,221.7331127356504,2026-06-25 03:54:13.954188,NaN,NaN,NaN,-34.588367,17.487849
363.17366666666663,7.8313108010734025,34.55033143836739,35.80431653143982,221.8192281983645,2026-06-25 03:54:13.854214,NaN,NaN,NaN,-34.588367,17.487849
363.471,7.822918835822563,34.54954460029579,35.79634728491594,221.89784282479476,2026-06-25 03:54:13.754240,NaN,NaN,NaN,-34.588367,17.487849
363.79650000000004,7.81576734999763,34.54894600892536,35.78909707341185,221.96815776467452,2026-06-25 03:54:13.679259,NaN,NaN,NaN,-34.588367,17.487849
364.102,7.8082697931200284,34.5483418786582,35.7812106136796,222.04004393548206,2026-06-25 03:54:13.604279,NaN,NaN,NaN,-34.588367,17.487849
364.415,7.798282712268552,34.54752553684536,35.770428194866874,222.14497568783258,2026-06-25 03:54:13.504305,NaN,NaN,NaN,-34.588367,17.487849
364.669,7.7888707766818355,34.54670039314807,35.76020356697771,221.89042856391643,2026-06-25 03:54:13.404331,NaN,NaN,NaN,-34.588367,17.487849
364.921,7.784609281641567,34.54628352816276,35.755545924862226,222.23785563786325,2026-06-25 03:54:13.354344,NaN,NaN,NaN,-34.588367,17.487849
365.186,7.780628817601923,34.54586415742393,35.751179454935716,222.27898899417985,2026-06-25 03:54:13.304357,NaN,NaN,NaN,-34.588367,17.487849
365.389,7.775129781408024,34.545230216926214,35.74514246789222,222.01151069318334,2026-06-25 03:54:13.229377,NaN,NaN,NaN,-34.588367,17.487849
365.7975,7.768376288240203,34.544377094107205,35.73778195997796,222.0739399434953,2026-06-25 03:54:13.129403,NaN,NaN,NaN,-34.588367,17.487849
365.96866666666665,7.7605144618791995,34.54329760601872,35.729494531128935,222.13681326806218,2026-06-25 03:54:13.004435,NaN,NaN,NaN,-34.588367,17.487849
366.43133333333327,7.751311034131073,34.54198555630901,35.720392058491264,222.53999783102617,2026-06-25 03:54:12.854474,NaN,NaN,NaN,-34.588367,17.487849
366.703,7.745102212104965,34.541101861126634,35.71452170615298,222.6014427556877,2026-06-25 03:54:12.754500,NaN,NaN,NaN,-34.588367,17.487849
367.123,7.741881248348733,34.54065704581957,35.71150764387175,222.32044362169395,2026-06-25 03:54:12.704513,NaN,NaN,NaN,-34.588367,17.487849
367.35,7.736751689527621,34.53998653344259,35.70669915170204,222.6802436074499,2026-06-25 03:54:12.629533,NaN,NaN,NaN,-34.588367,17.487849
367.58349999999996,7.727026441701328,34.53886194779829,35.69738151193775,222.77266387380416,2026-06-25 03:54:12.504566,NaN,NaN,NaN,-34.588367,17.487849
367.829,7.727167901391779,34.538861281304236,35.69756001167355,222.77081027724304,2026-06-25 03:54:12.504566,NaN,NaN,NaN,-34.588367,17.487849
368.06100000000004,7.715795528245232,34.53772870387654,35.6862036187114,222.88055847021016,2026-06-25 03:54:12.379598,NaN,NaN,NaN,-34.588367,17.487849
368.60366666666664,7.702892238963585,34.536588504415626,35.672983498155965,222.99463374441714,2026-06-25 03:54:12.254631,NaN,NaN,NaN,-34.588367,17.487849
368.772,7.686890796984904,34.53567273574083,35.65640513635862,223.15689886678786,2026-06-25 03:54:12.104670,NaN,NaN,NaN,-34.588367,17.487849
368.933,7.692160642847514,34.53521362544411,35.66190122278449,223.1181857845232,2026-06-25 03:54:12.154657,NaN,NaN,NaN,-34.588367,17.487849
369.28,7.681793091303582,34.53475392569416,35.65104337354365,223.1998526045481,2026-06-25 03:54:12.054683,NaN,NaN,NaN,-34.588367,17.487849
369.336,7.67691630852741,34.53429373564936,35.645868680214726,223.23291429392174,2026-06-25 03:54:12.004696,NaN,NaN,NaN,-34.588367,17.487849
369.665,7.667892860665685,34.53337228700538,35.63624844826153,223.31554143278518,2026-06-25 03:54:11.904722,NaN,NaN,NaN,-34.588367,17.487849
369.811,7.668007697550351,34.53337219391665,35.63638592089177,223.31642128722748,2026-06-25 03:54:11.904722,NaN,NaN,NaN,-34.588367,17.487849
369.9845,7.657911490591951,34.53221953649594,35.62576411566988,223.09118892146864,2026-06-25 03:54:11.779755,NaN,NaN,NaN,-34.588367,17.487849
370.202,7.6524751103054784,34.5315279886453,35.62017671436482,223.14161489290407,2026-06-25 03:54:11.704774,NaN,NaN,NaN,-34.588367,17.487849
370.338,7.649089874868864,34.53106723113256,35.616774629672214,223.17154374010792,2026-06-25 03:54:11.654787,NaN,NaN,NaN,-34.588367,17.487849
370.709,7.6458744165144905,34.53060681231271,35.61360797161179,223.20296769859772,2026-06-25 03:54:11.604800,NaN,NaN,NaN,-34.588367,17.487849
371.05899999999997,7.639949321778591,34.52968775026743,35.60796021235598,223.2575545379597,2026-06-25 03:54:11.504826,NaN,NaN,NaN,-34.588367,17.487849
371.197,7.639895559138075,34.52968741954666,35.607892264467985,223.26100580807625,2026-06-25 03:54:11.504826,NaN,NaN,NaN,-34.588367,17.487849
371.394,7.631611323329603,34.528770672958444,35.60017876602058,223.33141074483126,2026-06-25 03:54:11.354865,NaN,NaN,NaN,-34.588367,17.487849
371.65,7.634337262377226,34.528313563405455,35.6027111185847,223.30284824857665,2026-06-25 03:54:11.404852,NaN,NaN,NaN,-34.588367,17.487849
371.871,7.628846232445147,34.527857441752516,35.59760065966283,223.36230738816863,2026-06-25 03:54:11.304878,NaN,NaN,NaN,-34.588367,17.487849
372.055,7.624475651175784,34.52717550852782,35.593471784597966,223.3926610677606,2026-06-25 03:54:11.229898,NaN,NaN,NaN,-34.588367,17.487849
372.289,7.619755683140424,34.52649609843966,35.588924502120854,223.45771270425993,2026-06-25 03:54:11.154917,NaN,NaN,NaN,-34.588367,17.487849
372.964,7.612526297269924,34.52559603205748,35.58171308501189,223.52077275739907,2026-06-25 03:54:11.054943,NaN,NaN,NaN,-34.588367,17.487849
373.187,7.604470020436563,34.524701449682176,35.57339234631916,223.58999098712283,2026-06-25 03:54:10.954970,NaN,NaN,NaN,-34.588367,17.487849
373.496,7.600047694219263,34.524257173969545,35.56869277703143,223.6413875274945,2026-06-25 03:54:10.904983,NaN,NaN,NaN,-34.588367,17.487849
373.7536666666667,7.590595224614035,34.52337538007141,35.558622821629676,223.41039465838068,2026-06-25 03:54:10.805009,NaN,NaN,NaN,-34.588367,17.487849
374.3606666666667,7.576107108353766,34.52206839561267,35.54343777925836,223.55030022591689,2026-06-25 03:54:10.655048,NaN,NaN,NaN,-34.588367,17.487849
374.677,7.566966396335348,34.52120854659481,35.53402557178703,223.30866614064192,2026-06-25 03:54:10.555074,NaN,NaN,NaN,-34.588367,17.487849
374.85,7.562778034703683,34.52078307500817,35.52976117817896,223.36104518259566,2026-06-25 03:54:10.505087,NaN,NaN,NaN,-34.588367,17.487849
375.008,7.5588653706176645,34.52036043332026,35.5258328626861,223.39026937599704,2026-06-25 03:54:10.455100,NaN,NaN,NaN,-34.588367,17.487849
375.40599999999995,7.552072562403548,34.519525103735354,35.51929262191788,223.17679395767172,2026-06-25 03:54:10.355126,NaN,NaN,NaN,-34.588367,17.487849
375.66499999999996,7.545269717503462,34.518496772709184,35.51323619846746,223.35657481387884,2026-06-25 03:54:10.230158,NaN,NaN,NaN,-34.588367,17.487849
375.918,7.542191360597802,34.51788980555519,35.51076397498972,223.22042335251206,2026-06-25 03:54:10.155178,NaN,NaN,NaN,-34.588367,17.487849
376.277,7.539788049244001,34.51729169696484,35.508921506828365,223.23885691258448,2026-06-25 03:54:10.080198,NaN,NaN,NaN,-34.588367,17.487849
376.478,7.537706731953833,34.516700969106026,35.507300446724685,222.94418463873072,2026-06-25 03:54:10.005217,NaN,NaN,NaN,-34.588367,17.487849
376.552,7.536372191874188,34.516312231714295,35.50621123707816,223.2657408962898,2026-06-25 03:54:09.955230,NaN,NaN,NaN,-34.588367,17.487849
376.982,7.534949672586803,34.51592742397622,35.50501382865363,222.97507933957024,2026-06-25 03:54:09.905243,NaN,NaN,NaN,-34.588367,17.487849
377.37,7.5324075826595305,34.51535830489325,35.50283631645595,222.99983816120235,2026-06-25 03:54:09.830263,NaN,NaN,NaN,-34.588367,17.487849
377.53,7.529270164966638,34.514797507645376,35.500132503572075,223.03971329970375,2026-06-25 03:54:09.755282,NaN,NaN,NaN,-34.588367,17.487849
377.8143333333333,7.522372563831709,34.51394879606193,35.494031214132036,223.124733310392,2026-06-25 03:54:09.638646,NaN,NaN,NaN,-34.588367,17.487849
378.017,7.520394501179401,34.513706245855836,35.49230573113143,223.13428335758775,2026-06-25 03:54:09.605321,NaN,NaN,NaN,-34.588367,17.487849
378.599,7.508063168187408,34.51265757523228,35.48053455243115,222.94190118599843,2026-06-25 03:54:09.455360,NaN,NaN,NaN,-34.588367,17.487849
378.853,7.498295597026263,34.511979661986594,35.47053246334836,223.01562122968753,2026-06-25 03:54:09.355386,NaN,NaN,NaN,-34.588367,17.487849
379.069,7.492929403103249,34.51164890029305,35.464802541786334,223.09941019482528,2026-06-25 03:54:09.305399,NaN,NaN,NaN,-34.588367,17.487849
379.15,7.487405485311903,34.51132316830575,35.4588263346842,223.1538793480275,2026-06-25 03:54:09.255413,NaN,NaN,NaN,-34.588367,17.487849
379.574,7.479190004806002,34.51084480968454,35.44988078062697,222.91052169126908,2026-06-25 03:54:09.180432,NaN,NaN,NaN,-34.588367,17.487849
379.793,7.471462708933889,34.510376864081884,35.441437042801915,222.96870429075415,2026-06-25 03:54:09.105452,NaN,NaN,NaN,-34.588367,17.487849
380.005,7.464800640709649,34.509922183736066,35.43409957576845,223.0142260849335,2026-06-25 03:54:09.030471,NaN,NaN,NaN,-34.588367,17.487849
380.16,7.4591625975474525,34.5094783051724,35.427838616936725,223.05758518158706,2026-06-25 03:54:08.955491,NaN,NaN,NaN,-34.588367,17.487849
380.331,7.453563597930486,34.508909416047715,35.421667208305365,222.80056901413533,2026-06-25 03:54:08.855517,NaN,NaN,NaN,-34.588367,17.487849
380.561,7.4538164479333995,34.50890661576061,35.42197658825261,222.9545527869902,2026-06-25 03:54:08.855517,NaN,NaN,NaN,-34.588367,17.487849
380.838,7.449982333753159,34.50835732598587,35.41793590018206,222.8209698889871,2026-06-25 03:54:08.755543,NaN,NaN,NaN,-34.588367,17.487849
381.214,7.448550148694025,34.507961020385565,35.4165797772587,222.8307538662005,2026-06-25 03:54:08.680562,NaN,NaN,NaN,-34.588367,17.487849
381.6155,7.447801615247927,34.507451870384344,35.41604127898424,222.84468521761676,2026-06-25 03:54:08.580588,NaN,NaN,NaN,-34.588367,17.487849
381.945,7.447835896061299,34.50708459991866,35.416275661871914,222.84473994544481,2026-06-25 03:54:08.505608,NaN,NaN,NaN,-34.588367,17.487849
382.167,7.448031781994216,34.506847606268764,35.41661896903529,222.84990344554163,2026-06-25 03:54:08.455621,NaN,NaN,NaN,-34.588367,17.487849
382.499,7.448263390410785,34.506616541433715,35.417018976684965,222.84518969476946,2026-06-25 03:54:08.405634,NaN,NaN,NaN,-34.588367,17.487849
382.526,7.448447158714517,34.50639143258278,35.41741369148888,222.83766786989912,2026-06-25 03:54:08.355647,NaN,NaN,NaN,-34.588367,17.487849
382.747,7.448492092768418,34.506172303563,35.41774095599889,222.8543442360372,2026-06-25 03:54:08.305660,NaN,NaN,NaN,-34.588367,17.487849
382.93600000000004,7.4480470464118955,34.50585561909847,35.417928624068765,222.85714863812768,2026-06-25 03:54:08.230680,NaN,NaN,NaN,-34.588367,17.487849
383.207,7.445204782664277,34.50535896589034,35.41671157493674,222.7401564785227,2026-06-25 03:54:08.105712,NaN,NaN,NaN,-34.588367,17.487849
383.406,7.445476554806577,34.50535594250335,35.41694696932811,222.89895768514208,2026-06-25 03:54:08.105712,NaN,NaN,NaN,-34.588367,17.487849
383.604,7.440997489867531,34.504984004996984,35.414083690820064,222.62213591985034,2026-06-25 03:54:08.005738,NaN,NaN,NaN,-34.588367,17.487849
383.846,7.437809919396087,34.50480710872376,35.41169268649396,222.65171010327919,2026-06-25 03:54:07.955751,NaN,NaN,NaN,-34.588367,17.487849
384.226,7.431638256403832,34.504553845027786,35.40650227793152,222.71764245009854,2026-06-25 03:54:07.880771,NaN,NaN,NaN,-34.588367,17.487849
384.323,7.424055395557288,34.50431263516159,35.399519953441015,222.7843131732186,2026-06-25 03:54:07.805790,NaN,NaN,NaN,-34.588367,17.487849
384.61850000000004,7.414905883774434,34.50408643106421,35.39031248514664,222.573378568683,2026-06-25 03:54:07.730810,NaN,NaN,NaN,-34.588367,17.487849
384.956,7.404892114897662,34.50387216507522,35.3797200941126,222.6977952624655,2026-06-25 03:54:07.655829,NaN,NaN,NaN,-34.588367,17.487849
385.151,7.3980040503208455,34.50373723308575,35.372204734446576,222.7707704561253,2026-06-25 03:54:07.605842,NaN,NaN,NaN,-34.588367,17.487849
385.34,7.391307938091966,34.50360819364366,35.36481869368697,222.83194687230906,2026-06-25 03:54:07.555856,NaN,NaN,NaN,-34.588367,17.487849
385.64700000000005,7.379986664074805,34.503370516701935,35.352398811828394,222.43298696189777,2026-06-25 03:54:07.455882,NaN,NaN,NaN,-34.588367,17.487849
385.8085,7.375320420765718,34.50325888131475,35.34736455081886,222.29893182448504,2026-06-25 03:54:07.405895,NaN,NaN,NaN,-34.588367,17.487849
386.221,7.368074759727828,34.5030498875237,35.339773978570314,222.0297672592436,2026-06-25 03:54:07.305921,NaN,NaN,NaN,-34.588367,17.487849
386.379,7.364927480970812,34.50291068547925,35.336811928876784,222.05998351739487,2026-06-25 03:54:07.230940,NaN,NaN,NaN,-34.588367,17.487849
386.678,7.362800858359487,34.50278247432501,35.33509080184113,221.76075795346958,2026-06-25 03:54:07.155960,NaN,NaN,NaN,-34.588367,17.487849
387.18550000000005,7.361481726469888,34.50266772573549,35.33433840406972,221.77619773358154,2026-06-25 03:54:07.080979,NaN,NaN,NaN,-34.588367,17.487849
387.4415,7.360148299311886,34.50253220496195,35.33379951229414,221.79103403970709,2026-06-25 03:54:06.981005,NaN,NaN,NaN,-34.588367,17.487849
387.56,7.358318146001363,34.502443340559516,35.332764120816606,221.4924600765513,2026-06-25 03:54:06.856038,NaN,NaN,NaN,-34.588367,17.487849
387.743,7.35913212082667,34.50239072157802,35.33330899172298,221.80473007245592,2026-06-25 03:54:06.906025,NaN,NaN,NaN,-34.588367,17.487849
387.99350000000004,7.356784075930722,34.5023214217553,35.331488083572566,221.5207493179501,2026-06-25 03:54:06.781057,NaN,NaN,NaN,-34.588367,17.487849
388.235,7.353476092454968,34.50226147837575,35.328351275158745,221.57029338610425,2026-06-25 03:54:06.656090,NaN,NaN,NaN,-34.588367,17.487849
388.427,7.3549141987060676,34.502227563132905,35.329751624761556,221.54712121344295,2026-06-25 03:54:06.706077,NaN,NaN,NaN,-34.588367,17.487849
388.568,7.351950891263446,34.50219803338695,35.32685214931187,221.5813807481116,2026-06-25 03:54:06.606103,NaN,NaN,NaN,-34.588367,17.487849
388.736,7.34962739521918,34.50216219459294,35.32456513295176,221.28961179286455,2026-06-25 03:54:06.531123,NaN,NaN,NaN,-34.588367,17.487849
389.035,7.347375027351389,34.50213448326079,35.32234245055514,221.3057458262025,2026-06-25 03:54:06.456142,NaN,NaN,NaN,-34.588367,17.487849
389.198,7.345275545149603,34.50211641607456,35.32027053609498,221.32332072764586,2026-06-25 03:54:06.381162,NaN,NaN,NaN,-34.588367,17.487849
389.638,7.343292731287188,34.50210563436568,35.318336811536255,221.35018373606013,2026-06-25 03:54:06.306181,NaN,NaN,NaN,-34.588367,17.487849
389.851,7.342038064406595,34.50210563436568,35.317137103623416,221.36575926962286,2026-06-25 03:54:06.256194,NaN,NaN,NaN,-34.588367,17.487849
390.057,7.340833372998732,34.50210563436568,35.31599459987901,221.0636726905554,2026-06-25 03:54:06.206207,NaN,NaN,NaN,-34.588367,17.487849
390.3586666666667,7.3385868840082376,34.50211519147298,35.31383597439358,221.078696396757,2026-06-25 03:54:06.106233,NaN,NaN,NaN,-34.588367,17.487849
390.81299999999993,7.3353877750696865,34.50215120950779,35.31084391895531,221.11900917124916,2026-06-25 03:54:05.956272,NaN,NaN,NaN,-34.588367,17.487849
391.4080000000001,7.332190117486746,34.502207543136095,35.30838474327681,220.8319888675147,2026-06-25 03:54:05.806312,NaN,NaN,NaN,-34.588367,17.487849
391.905,7.330037110011005,34.50225352819094,35.30700640252736,220.8654747610712,2026-06-25 03:54:05.706338,NaN,NaN,NaN,-34.588367,17.487849
392.0815,7.32843560110026,34.50229217460853,35.30595988845821,220.72230417738166,2026-06-25 03:54:05.631357,NaN,NaN,NaN,-34.588367,17.487849
392.217,7.326880196733931,34.5023329227203,35.30478435553147,220.57847639310555,2026-06-25 03:54:05.556377,NaN,NaN,NaN,-34.588367,17.487849
392.655,7.325885860909882,34.50236116498913,35.30388287328102,220.59131187831233,2026-06-25 03:54:05.506390,NaN,NaN,NaN,-34.588367,17.487849
392.849,7.324927836212264,34.50238996923847,35.302901710339384,220.6086737546306,2026-06-25 03:54:05.456403,NaN,NaN,NaN,-34.588367,17.487849
393.033,7.324013923865474,34.50241913726264,35.30187301570003,220.61859861817578,2026-06-25 03:54:05.406416,NaN,NaN,NaN,-34.588367,17.487849
393.216,7.323159966027657,34.502448469717606,35.30083707423981,220.6246536935852,2026-06-25 03:54:05.356429,NaN,NaN,NaN,-34.588367,17.487849
393.441,7.321735840075838,34.502506680168445,35.29893600672491,220.32849983456705,2026-06-25 03:54:05.256455,NaN,NaN,NaN,-34.588367,17.487849
393.9726666666667,7.320219237271942,34.50259022320213,35.296898879680484,220.0263301459694,2026-06-25 03:54:05.106494,NaN,NaN,NaN,-34.588367,17.487849
394.258,7.319476045681564,34.502641524038474,35.29625672399598,220.0391540211218,2026-06-25 03:54:05.006520,NaN,NaN,NaN,-34.588367,17.487849
394.589,7.319134180728406,34.50266493606687,35.29620300100331,219.73956902571965,2026-06-25 03:54:04.956533,NaN,NaN,NaN,-34.588367,17.487849
394.818,7.3188131069028355,34.502686706240965,35.29630583509058,219.74693999430127,2026-06-25 03:54:04.906546,NaN,NaN,NaN,-34.588367,17.487849
394.9635,7.318448153698004,34.50271558493121,35.29676796670741,219.44786179349958,2026-06-25 03:54:04.831566,NaN,NaN,NaN,-34.588367,17.487849
395.4460000000001,7.318485268580129,34.502752574581685,35.29835606332646,219.14706483493367,2026-06-25 03:54:04.706598,NaN,NaN,NaN,-34.588367,17.487849
395.515,7.319244378710594,34.502771917514934,35.300416773946,218.82309052810976,2026-06-25 03:54:04.606624,NaN,NaN,NaN,-34.588367,17.487849
396.04200000000003,7.32032453125534,34.502771917514934,35.30259260254995,218.81757258042765,2026-06-25 03:54:04.531644,NaN,NaN,NaN,-34.588367,17.487849
396.35450000000003,7.321995055043768,34.502771917514934,35.30577227571219,218.79113652459506,2026-06-25 03:54:04.431670,NaN,NaN,NaN,-34.588367,17.487849
396.7495,7.3234438443935055,34.502756490278735,35.308522703662376,218.63828088023877,2026-06-25 03:54:04.331696,NaN,NaN,NaN,-34.588367,17.487849
396.949,7.324115671602486,34.50273345682837,35.309990852729214,218.4962016280302,2026-06-25 03:54:04.256715,NaN,NaN,NaN,-34.588367,17.487849
397.151,7.324294209229196,34.5027126022302,35.31062937836626,218.19519772436567,2026-06-25 03:54:04.206729,NaN,NaN,NaN,-34.588367,17.487849
397.52549999999997,7.324220337469086,34.50267261929968,35.311189427654114,218.1992773872208,2026-06-25 03:54:04.131748,NaN,NaN,NaN,-34.588367,17.487849
397.821,7.323887344495602,34.50262357655831,35.311483174628634,218.20740494426914,2026-06-25 03:54:04.056768,NaN,NaN,NaN,-34.588367,17.487849
398.0215,7.3232930403634775,34.50256270018363,35.31158498316053,218.21240304891452,2026-06-25 03:54:03.981787,NaN,NaN,NaN,-34.588367,17.487849
398.24,7.3224652147204585,34.50249197440654,35.31155773949398,217.9135552405416,2026-06-25 03:54:03.906807,NaN,NaN,NaN,-34.588367,17.487849
398.493,7.321703091247047,34.50243805939819,35.311417102596096,217.93042167833335,2026-06-25 03:54:03.856820,NaN,NaN,NaN,-34.588367,17.487849
398.545,7.3207206556804465,34.502378931898825,35.3111251559985,217.93589020399932,2026-06-25 03:54:03.806833,NaN,NaN,NaN,-34.588367,17.487849
398.997,7.317638931205346,34.50224463246279,35.30953210390457,218.2751220657526,2026-06-25 03:54:03.706859,NaN,NaN,NaN,-34.588367,17.487849
399.241,7.317847245113519,34.50224188126316,35.309752537468,218.2659142738561,2026-06-25 03:54:03.706859,NaN,NaN,NaN,-34.588367,17.487849
399.456,7.313309695729005,34.5020883304478,35.30662240892631,218.3189556554823,2026-06-25 03:54:03.606885,NaN,NaN,NaN,-34.588367,17.487849
399.608,7.308450525088205,34.501955559212526,35.302580183266215,218.36592618973958,2026-06-25 03:54:03.531904,NaN,NaN,NaN,-34.588367,17.487849
399.826,7.302435542889248,34.50181126848171,35.29716742978678,218.4298888360371,2026-06-25 03:54:03.456924,NaN,NaN,NaN,-34.588367,17.487849
400.2343333333333,7.292185297133135,34.50159546652785,35.28744985226365,218.5266833328055,2026-06-25 03:54:03.356950,NaN,NaN,NaN,-34.588367,17.487849
400.492,7.28035469852002,34.50135990990165,35.27604594553117,218.63159848223378,2026-06-25 03:54:03.256976,NaN,NaN,NaN,-34.588367,17.487849
400.829,7.273800572860149,34.50123218051473,35.269618594663896,218.70301580463786,2026-06-25 03:54:03.206989,NaN,NaN,NaN,-34.588367,17.487849
400.993,7.266933221375447,34.50109845223811,35.26277222397309,218.75317030515126,2026-06-25 03:54:03.157002,NaN,NaN,NaN,-34.588367,17.487849
401.2735,7.248662584062229,34.50095871692658,35.24381547581942,219.2227975713188,2026-06-25 03:54:03.032035,NaN,NaN,NaN,-34.588367,17.487849
401.346,7.2597911777960515,34.50073710239123,35.25550163482749,218.81041754079658,2026-06-25 03:54:03.107015,NaN,NaN,NaN,-34.588367,17.487849
401.845,7.2335957275127685,34.500421655175415,35.22745460037749,219.38415182016442,2026-06-25 03:54:02.932061,NaN,NaN,NaN,-34.588367,17.487849
402.1945,7.21935003406338,34.50008242017108,35.21156107698892,219.35718911525407,2026-06-25 03:54:02.832087,NaN,NaN,NaN,-34.588367,17.487849
402.456,7.209976092773423,34.49981328210819,35.20105587713817,219.27296950264358,2026-06-25 03:54:02.757106,NaN,NaN,NaN,-34.588367,17.487849
402.702,7.200197460394744,34.49962610498994,35.19036569157823,219.32460342709376,2026-06-25 03:54:02.657132,NaN,NaN,NaN,-34.588367,17.487849
402.812,7.20469419922381,34.49943318575374,35.19522458801627,219.30344748518374,2026-06-25 03:54:02.707119,NaN,NaN,NaN,-34.588367,17.487849
402.969,7.196447310960898,34.49923459022561,35.18643544445814,219.36072177055732,2026-06-25 03:54:02.607145,NaN,NaN,NaN,-34.588367,17.487849
403.39599999999996,7.19090456379848,34.498818855574534,35.181030458518244,219.08895101720148,2026-06-25 03:54:02.507172,NaN,NaN,NaN,-34.588367,17.487849
403.598,7.1866772506132355,34.49838500179759,35.17726435191866,219.13136997477108,2026-06-25 03:54:02.407198,NaN,NaN,NaN,-34.588367,17.487849
403.812,7.184925592750298,34.49815925050505,35.17580299921614,219.14962916841495,2026-06-25 03:54:02.357211,NaN,NaN,NaN,-34.588367,17.487849
404.1975,7.182439777765763,34.49781039898707,35.173681629930265,219.01486674651144,2026-06-25 03:54:02.282230,NaN,NaN,NaN,-34.588367,17.487849
404.345,7.179964407541888,34.49745160783375,35.17144107984593,219.1913128847699,2026-06-25 03:54:02.207250,NaN,NaN,NaN,-34.588367,17.487849
404.559,7.176483353778621,34.49695571145217,35.168053821282854,219.23631152711008,2026-06-25 03:54:02.107276,NaN,NaN,NaN,-34.588367,17.487849
404.852,7.176452594236954,34.49695344928642,35.16800780801341,219.08603468336486,2026-06-25 03:54:02.107276,NaN,NaN,NaN,-34.588367,17.487849
405.195,7.1718256597079435,34.49631000980723,35.1633482070999,218.9778247403502,2026-06-25 03:54:01.982308,NaN,NaN,NaN,-34.588367,17.487849
405.428,7.168988874122529,34.49591077998188,35.160456040855294,218.99840450382726,2026-06-25 03:54:01.907328,NaN,NaN,NaN,-34.588367,17.487849
405.618,7.16523044779884,34.49563932756398,35.156615692810135,218.73085642364848,2026-06-25 03:54:01.807354,NaN,NaN,NaN,-34.588367,17.487849
405.757,7.167106817569462,34.4953640982648,35.158531711991294,218.71265070056555,2026-06-25 03:54:01.857341,NaN,NaN,NaN,-34.588367,17.487849
406.004,7.161471315210859,34.49480296615467,35.15281435471775,218.77226776529176,2026-06-25 03:54:01.707380,NaN,NaN,NaN,-34.588367,17.487849
406.2285,7.161468436777886,34.494801328685696,35.15282079837796,218.77271632610385,2026-06-25 03:54:01.707380,NaN,NaN,NaN,-34.588367,17.487849
406.48400000000004,7.156728301066169,34.494082945338434,35.148150342866465,218.81229909607572,2026-06-25 03:54:01.582413,NaN,NaN,NaN,-34.588367,17.487849
406.787,7.149607454884529,34.49349438815055,35.14191739488406,218.5880685122738,2026-06-25 03:54:01.407458,NaN,NaN,NaN,-34.588367,17.487849
407.00800000000004,7.15278694916781,34.493046702479944,35.14454977378606,218.5450193389404,2026-06-25 03:54:01.482439,NaN,NaN,NaN,-34.588367,17.487849
407.324,7.147297409096922,34.492745280347634,35.140141945813355,218.30388437403485,2026-06-25 03:54:01.357471,NaN,NaN,NaN,-34.588367,17.487849
407.6205,7.143456306277806,34.49228927843066,35.137253574526994,218.17579067004223,2026-06-25 03:54:01.282491,NaN,NaN,NaN,-34.588367,17.487849
407.76300000000003,7.13749499619424,34.491675809944944,35.132585470858814,218.07806750449188,2026-06-25 03:54:01.182517,NaN,NaN,NaN,-34.588367,17.487849
408.062,7.132177339334207,34.49121235514543,35.1281271602677,218.12575120480244,2026-06-25 03:54:01.107536,NaN,NaN,NaN,-34.588367,17.487849
408.4785,7.125821486079421,34.49074642762574,35.12240334946735,217.88895854914063,2026-06-25 03:54:01.032556,NaN,NaN,NaN,-34.588367,17.487849
409.0016666666666,7.1132834740872,34.48996697056666,35.11039665758006,217.71610883617564,2026-06-25 03:54:00.907588,NaN,NaN,NaN,-34.588367,17.487849
409.151,7.102248683984312,34.48934250789449,35.099484278127306,217.5255608842277,2026-06-25 03:54:00.807615,NaN,NaN,NaN,-34.588367,17.487849
409.614,7.091332910204106,34.488719149900085,35.08859719893412,217.4027145069428,2026-06-25 03:54:00.707641,NaN,NaN,NaN,-34.588367,17.487849
409.899,7.081291872235662,34.48809794304854,35.07862486270605,217.4015774339479,2026-06-25 03:54:00.607667,NaN,NaN,NaN,-34.588367,17.487849
410.278,7.076885899367489,34.48778892271065,35.07437445968194,217.4381466749375,2026-06-25 03:54:00.557680,NaN,NaN,NaN,-34.588367,17.487849
410.432,7.071103433223018,34.48732799585949,35.069082639296,217.3137196864908,2026-06-25 03:54:00.482699,NaN,NaN,NaN,-34.588367,17.487849
410.82050000000004,7.064589343630534,34.48671875754161,35.063569919098576,217.2181662184645,2026-06-25 03:54:00.382725,NaN,NaN,NaN,-34.588367,17.487849
411.052,7.06024114951644,34.48626655998538,35.06010581868882,216.9410919254486,2026-06-25 03:54:00.307745,NaN,NaN,NaN,-34.588367,17.487849
411.2455,7.0558603227756045,34.48581993229673,35.05650211964078,217.28275951520197,2026-06-25 03:54:00.232764,NaN,NaN,NaN,-34.588367,17.487849
411.511,7.051057822551262,34.4853783224625,35.052234273365364,217.33089815981057,2026-06-25 03:54:00.157784,NaN,NaN,NaN,-34.588367,17.487849
411.801,7.0474012268023705,34.48508756609162,35.04874628002926,217.36635517993017,2026-06-25 03:54:00.107797,NaN,NaN,NaN,-34.588367,17.487849
412.012,7.043332917911025,34.4847997709175,35.044731871131816,217.40309665671256,2026-06-25 03:54:00.057810,NaN,NaN,NaN,-34.588367,17.487849
412.2135,7.036425956981894,34.484374434496914,35.037800128260514,217.5014624592172,2026-06-25 03:53:59.982830,NaN,NaN,NaN,-34.588367,17.487849
412.44,7.0235632607211045,34.48368352356436,35.024956363697186,217.31051913199698,2026-06-25 03:53:59.857862,NaN,NaN,NaN,-34.588367,17.487849
412.558,7.023587308246535,34.48368162824998,35.02495684845258,217.3097936121584,2026-06-25 03:53:59.857862,NaN,NaN,NaN,-34.588367,17.487849
413.01099999999997,7.010349958873148,34.48301344373143,35.01201936242958,217.4178952711722,2026-06-25 03:53:59.732895,NaN,NaN,NaN,-34.588367,17.487849
413.188,7.002648162528076,34.482624036466774,35.004661992918805,217.47784541629,2026-06-25 03:53:59.657914,NaN,NaN,NaN,-34.588367,17.487849
413.576,6.995193235561937,34.48224554222456,34.997553965816984,217.54564634155898,2026-06-25 03:53:59.582934,NaN,NaN,NaN,-34.588367,17.487849
413.838,6.9878586685173385,34.48187616416314,34.99041839766293,217.60461059367896,2026-06-25 03:53:59.507953,NaN,NaN,NaN,-34.588367,17.487849
414.07050000000004,6.980583523097046,34.481518626426826,34.98296538937879,217.66475254115173,2026-06-25 03:53:59.432973,NaN,NaN,NaN,-34.588367,17.487849
414.489,6.973330413893654,34.48117088975944,34.975160806336376,217.7441759412042,2026-06-25 03:53:59.357992,NaN,NaN,NaN,-34.588367,17.487849
414.60699999999997,6.966203057717609,34.48083577471544,34.96712800723274,217.6662408888982,2026-06-25 03:53:59.283012,NaN,NaN,NaN,-34.588367,17.487849
415.026,6.95937908788863,34.480511023519284,34.95928629037748,217.56857150717357,2026-06-25 03:53:59.208031,NaN,NaN,NaN,-34.588367,17.487849
415.183,6.9532736750232775,34.48019951634987,34.95222178782212,217.46843254933273,2026-06-25 03:53:59.133051,NaN,NaN,NaN,-34.588367,17.487849
415.5715,6.946438415849114,34.47980221115148,34.94442307275523,217.36372394241903,2026-06-25 03:53:59.033077,NaN,NaN,NaN,-34.588367,17.487849
416.02933333333334,6.940177328995328,34.47933772020219,34.937720897631436,216.80653782246623,2026-06-25 03:53:58.908110,NaN,NaN,NaN,-34.588367,17.487849
416.455,6.93644278406063,34.47898844415599,34.93408232318191,216.83085095837188,2026-06-25 03:53:58.808136,NaN,NaN,NaN,-34.588367,17.487849
416.644,6.9349679315947945,34.4788231625017,34.93272355385992,216.84025588841322,2026-06-25 03:53:58.758149,NaN,NaN,NaN,-34.588367,17.487849
416.835,6.933672319100276,34.47866350414986,34.93151256487307,216.85578120578947,2026-06-25 03:53:58.708162,NaN,NaN,NaN,-34.588367,17.487849
417.17966666666666,6.931692044993791,34.478362886467046,34.92955679607535,216.59396545136616,2026-06-25 03:53:58.608188,NaN,NaN,NaN,-34.588367,17.487849
417.83233333333334,6.930773226505849,34.477950883392054,34.92916907718449,216.3180126677594,2026-06-25 03:53:58.458227,NaN,NaN,NaN,-34.588367,17.487849
418.1825,6.932829292692135,34.47764398826675,34.93300992901558,215.9593561140444,2026-06-25 03:53:58.333259,NaN,NaN,NaN,-34.588367,17.487849
418.448,6.935927799492615,34.477423269064175,34.938132100165376,215.91900565381908,2026-06-25 03:53:58.233286,NaN,NaN,NaN,-34.588367,17.487849
418.883,6.938079223167553,34.477270614076765,34.94172456886157,215.91799122496835,2026-06-25 03:53:58.158305,NaN,NaN,NaN,-34.588367,17.487849
419.048,6.938959677574825,34.477175525309065,34.943438855308905,215.92232670145154,2026-06-25 03:53:58.108318,NaN,NaN,NaN,-34.588367,17.487849
419.277,6.939203760279595,34.477085313755104,34.94440810826775,216.2285568435425,2026-06-25 03:53:58.058331,NaN,NaN,NaN,-34.588367,17.487849
419.536,6.938061739850068,34.47695945460907,34.94413214108866,216.25086413591387,2026-06-25 03:53:57.983351,NaN,NaN,NaN,-34.588367,17.487849
419.77,6.935322758472,34.47684273313387,34.942038798949,216.29131416323733,2026-06-25 03:53:57.908370,NaN,NaN,NaN,-34.588367,17.487849
420.0235,6.930658184364368,34.47673691139141,34.937747555688986,216.33975863163488,2026-06-25 03:53:57.833390,NaN,NaN,NaN,-34.588367,17.487849
420.319,6.924644025531252,34.47663935907628,34.931878934215426,216.40928290121184,2026-06-25 03:53:57.758409,NaN,NaN,NaN,-34.588367,17.487849
420.63149999999996,6.917300428326101,34.47655153562313,34.92437159209923,216.47510774356732,2026-06-25 03:53:57.683429,NaN,NaN,NaN,-34.588367,17.487849
420.846,6.909221220926934,34.476470978531715,34.915863810292024,216.23810124168423,2026-06-25 03:53:57.608448,NaN,NaN,NaN,-34.588367,17.487849
420.978,6.8977253035527735,34.476421814678176,34.90337359624866,216.34190943831226,2026-06-25 03:53:57.508474,NaN,NaN,NaN,-34.588367,17.487849
421.128,6.903526623063391,34.476375818884215,34.90971893527379,216.2971581919839,2026-06-25 03:53:57.558461,NaN,NaN,NaN,-34.588367,17.487849
421.308,6.889046166028534,34.476312663640016,34.893768573778615,216.4110765377015,2026-06-25 03:53:57.433494,NaN,NaN,NaN,-34.588367,17.487849
421.80899999999997,6.877986633171778,34.47623714953728,34.88150647495616,216.37067377168682,2026-06-25 03:53:57.333520,NaN,NaN,NaN,-34.588367,17.487849
422.166,6.870443769512529,34.476186225094196,34.873256003339954,216.27463107737879,2026-06-25 03:53:57.258540,NaN,NaN,NaN,-34.588367,17.487849
422.352,6.8660200765841335,34.4761548750895,34.86849544192426,216.00378743970933,2026-06-25 03:53:57.208553,NaN,NaN,NaN,-34.588367,17.487849
422.674,6.862161367262726,34.47612518706489,34.86438656324408,216.04701079307108,2026-06-25 03:53:57.158566,NaN,NaN,NaN,-34.588367,17.487849
422.8255,6.856733111271778,34.47607032072875,34.85872139141183,215.6290268245831,2026-06-25 03:53:57.058592,NaN,NaN,NaN,-34.588367,17.487849
423.102,6.856378472115977,34.47606984964504,34.85833007873608,215.48129385614993,2026-06-25 03:53:57.058592,NaN,NaN,NaN,-34.588367,17.487849
423.6223333333333,6.853575061667471,34.475993281820614,34.85591467561273,215.07363163370627,2026-06-25 03:53:56.875306,NaN,NaN,NaN,-34.588367,17.487849
423.721,6.852986871602729,34.47597678543041,34.85510995147571,215.20031026964102,2026-06-25 03:53:56.908631,NaN,NaN,NaN,-34.588367,17.487849
424.187,6.85885623696635,34.4758793017982,34.862815561220344,214.39250628348378,2026-06-25 03:53:56.683689,NaN,NaN,NaN,-34.588367,17.487849
424.4535,6.858497122830675,34.47587832114436,34.862343172137,214.2542735869125,2026-06-25 03:53:56.683689,NaN,NaN,NaN,-34.588367,17.487849
424.788,6.865061449716106,34.475809114653806,34.87074712220035,214.18378871395944,2026-06-25 03:53:56.558722,NaN,NaN,NaN,-34.588367,17.487849
424.976,6.868050782583434,34.47577835012117,34.87472592834285,213.86911414820796,2026-06-25 03:53:56.508735,NaN,NaN,NaN,-34.588367,17.487849
425.265,6.871077846341023,34.47574567973324,34.87889015774863,213.84670125513514,2026-06-25 03:53:56.458748,NaN,NaN,NaN,-34.588367,17.487849
425.456,6.875378544417195,34.47569220224996,34.88515703701174,213.5124172200602,2026-06-25 03:53:56.383768,NaN,NaN,NaN,-34.588367,17.487849
425.781,6.87912924697461,34.47563359541872,34.89102185170479,213.4868765436213,2026-06-25 03:53:56.308787,NaN,NaN,NaN,-34.588367,17.487849
425.9865,6.88175973269381,34.47556759829088,34.89572420412614,213.4760340394293,2026-06-25 03:53:56.233807,NaN,NaN,NaN,-34.588367,17.487849
426.2585,6.883232861611852,34.47546824503101,34.89968121524511,213.48015774291108,2026-06-25 03:53:56.133833,NaN,NaN,NaN,-34.588367,17.487849
426.41,6.882591444673321,34.475384261482915,34.90066227567526,213.5003657971522,2026-06-25 03:53:56.058852,NaN,NaN,NaN,-34.588367,17.487849
426.732,6.881168956382619,34.47532272435857,34.90018199191853,213.51394408215864,2026-06-25 03:53:56.008865,NaN,NaN,NaN,-34.588367,17.487849
426.9905,6.875632622278427,34.475186013257755,34.89601658499959,213.56270347781148,2026-06-25 03:53:55.908891,NaN,NaN,NaN,-34.588367,17.487849
427.254,6.876023696509192,34.47518354364608,34.896501352328265,213.56158031327658,2026-06-25 03:53:55.908891,NaN,NaN,NaN,-34.588367,17.487849
427.598,6.867760444115955,34.47502955020267,34.88895685404197,213.6366382018285,2026-06-25 03:53:55.808917,NaN,NaN,NaN,-34.588367,17.487849
427.7585,6.859507411994802,34.47489743175822,34.880632331028956,213.72541732639272,2026-06-25 03:53:55.733937,NaN,NaN,NaN,-34.588367,17.487849
428.076,6.8465628880515625,34.474702041422645,34.86695550282511,213.86131121777177,2026-06-25 03:53:55.633963,NaN,NaN,NaN,-34.588367,17.487849
428.56050000000005,6.832571117139668,34.474482137544186,34.85190933172622,213.6956992303945,2026-06-25 03:53:55.533989,NaN,NaN,NaN,-34.588367,17.487849
428.891,6.822384478240775,34.474301038695245,34.84111518632776,213.78192984533428,2026-06-25 03:53:55.459009,NaN,NaN,NaN,-34.588367,17.487849
429.068,6.816146819131615,34.474171315732114,34.83469675956481,213.81791499052179,2026-06-25 03:53:55.409022,NaN,NaN,NaN,-34.588367,17.487849
429.138,6.810490792678288,34.47403463435892,34.829013255834006,213.55223870431985,2026-06-25 03:53:55.359035,NaN,NaN,NaN,-34.588367,17.487849
429.45,6.805469392887136,34.47389083143407,34.824065404858004,213.59042030815021,2026-06-25 03:53:55.309048,NaN,NaN,NaN,-34.588367,17.487849
429.557,6.801070962237083,34.47373975186647,34.819791692001964,213.62360373975852,2026-06-25 03:53:55.259061,NaN,NaN,NaN,-34.588367,17.487849
429.886,6.797245846086808,34.47358124882337,34.81610645821182,213.65955532453697,2026-06-25 03:53:55.209074,NaN,NaN,NaN,-34.588367,17.487849
430.183,6.792504395508814,34.47332830567352,34.811577638537855,213.701570931164,2026-06-25 03:53:55.134093,NaN,NaN,NaN,-34.588367,17.487849
430.502,6.788620296293672,34.473059858369076,34.8079596036795,213.73271403430164,2026-06-25 03:53:55.059113,NaN,NaN,NaN,-34.588367,17.487849
430.641,6.786515536224895,34.47287036476719,34.80613691091439,213.751557608506,2026-06-25 03:53:55.009126,NaN,NaN,NaN,-34.588367,17.487849
430.865,6.783909143428732,34.47257002260308,34.80421437821657,213.7738386838093,2026-06-25 03:53:54.934146,NaN,NaN,NaN,-34.588367,17.487849
431.049,6.780291128815592,34.47225335375762,34.802346526937285,213.5099400034965,2026-06-25 03:53:54.809178,NaN,NaN,NaN,-34.588367,17.487849
431.169,6.7816736330443534,34.4720312255272,34.80293816169981,213.50116086932692,2026-06-25 03:53:54.859165,NaN,NaN,NaN,-34.588367,17.487849
431.59,6.778084947429778,34.47168131330387,34.80144457083459,213.82619636581504,2026-06-25 03:53:54.734198,NaN,NaN,NaN,-34.588367,17.487849
432.053,6.7743325222963,34.471186646466265,34.799421252873465,213.85495878834675,2026-06-25 03:53:54.634224,NaN,NaN,NaN,-34.588367,17.487849
432.39300000000003,6.766778294615072,34.47051872503088,34.793563156732596,214.15194564868446,2026-06-25 03:53:54.509256,NaN,NaN,NaN,-34.588367,17.487849
432.531,6.75807537266174,34.46995026120012,34.785604087115416,214.02074223351505,2026-06-25 03:53:54.409282,NaN,NaN,NaN,-34.588367,17.487849
432.812,6.752596014233732,34.469651815295016,34.780135394777915,214.071579930966,2026-06-25 03:53:54.359295,NaN,NaN,NaN,-34.588367,17.487849
433.16150000000005,6.7432714022094435,34.46918715632902,34.77034845998001,214.17512579597397,2026-06-25 03:53:54.284315,NaN,NaN,NaN,-34.588367,17.487849
433.427,6.733140721087008,34.46870559260597,34.7593048937149,214.25425439696454,2026-06-25 03:53:54.209334,NaN,NaN,NaN,-34.588367,17.487849
433.9815,6.722604592758713,34.46820307466183,34.74744408634851,214.37629739032093,2026-06-25 03:53:54.134354,NaN,NaN,NaN,-34.588367,17.487849
434.166,6.7122990664824425,34.467683973034205,34.735806604351296,214.4799029846552,2026-06-25 03:53:54.059374,NaN,NaN,NaN,-34.588367,17.487849
434.43449999999996,6.7004613167694425,34.46696186968532,34.722927401753665,214.40820552025318,2026-06-25 03:53:53.959400,NaN,NaN,NaN,-34.588367,17.487849
434.616,6.7001166586336325,34.46695786743916,34.7224704044595,214.25362637493788,2026-06-25 03:53:53.959400,NaN,NaN,NaN,-34.588367,17.487849
434.797,6.688704477487856,34.466013356073745,34.71086210573236,214.3441966297727,2026-06-25 03:53:53.834432,NaN,NaN,NaN,-34.588367,17.487849
435.185,6.683523907145363,34.465422478483994,34.70606291595644,214.37434339846632,2026-06-25 03:53:53.759452,NaN,NaN,NaN,-34.588367,17.487849
435.34,6.680566924808355,34.46501845120099,34.70353593012516,214.39793579761096,2026-06-25 03:53:53.709465,NaN,NaN,NaN,-34.588367,17.487849
435.517,6.6777377040375825,34.4646070064489,34.701235716141206,214.4176589137492,2026-06-25 03:53:53.659478,NaN,NaN,NaN,-34.588367,17.487849
435.789,6.674813470542031,34.464188284363864,34.69890407879494,214.43877478241015,2026-06-25 03:53:53.609491,NaN,NaN,NaN,-34.588367,17.487849
435.994,6.671568910465713,34.46376243211524,34.696263652809165,214.46430865877548,2026-06-25 03:53:53.559504,NaN,NaN,NaN,-34.588367,17.487849
436.34000000000003,6.665556820206406,34.463109781555616,34.691016667665934,214.5225269031797,2026-06-25 03:53:53.484523,NaN,NaN,NaN,-34.588367,17.487849
436.60299999999995,6.654961927001547,34.4622172815032,34.68090397119772,214.62551738422306,2026-06-25 03:53:53.384549,NaN,NaN,NaN,-34.588367,17.487849
436.8795,6.641211735817113,34.46129923866462,34.66686416350871,214.95832707961202,2026-06-25 03:53:53.284575,NaN,NaN,NaN,-34.588367,17.487849
437.047,6.629567903500066,34.4605955414278,34.6546689979127,214.91919164839112,2026-06-25 03:53:53.209595,NaN,NaN,NaN,-34.588367,17.487849
437.474,6.621661408576533,34.46011870358226,34.64633000019112,215.28728364344158,2026-06-25 03:53:53.159608,NaN,NaN,NaN,-34.588367,17.487849
437.515,6.614033040464401,34.45963633271345,34.63831485538162,215.35757797669044,2026-06-25 03:53:53.109621,NaN,NaN,NaN,-34.588367,17.487849
437.883,6.606925725380852,34.45914863133591,34.63094836223091,215.11109584434078,2026-06-25 03:53:53.059634,NaN,NaN,NaN,-34.588367,17.487849
437.961,6.600496528272647,34.458655805870556,34.62443269484278,215.14794762186946,2026-06-25 03:53:53.009647,NaN,NaN,NaN,-34.588367,17.487849
438.4735,6.592311116310222,34.457906846173216,34.616446354179345,215.04652321482368,2026-06-25 03:53:52.934667,NaN,NaN,NaN,-34.588367,17.487849
438.521,6.585399683021421,34.457148701172535,34.6099938836677,215.24438771863504,2026-06-25 03:53:52.859686,NaN,NaN,NaN,-34.588367,17.487849
438.874,6.581375140712999,34.45663751070643,34.6063980017603,215.27894833612555,2026-06-25 03:53:52.809699,NaN,NaN,NaN,-34.588367,17.487849
439.062,6.5736977040486035,34.45560321980515,34.599705227665176,215.35867372974025,2026-06-25 03:53:52.709725,NaN,NaN,NaN,-34.588367,17.487849
439.4065,6.571441091563072,34.455338410552486,34.59767804382713,215.52204148296858,2026-06-25 03:53:52.684732,NaN,NaN,NaN,-34.588367,17.487849
439.513,6.569677970536944,34.45508056751778,34.59618462920079,215.4011540597361,2026-06-25 03:53:52.659738,NaN,NaN,NaN,-34.588367,17.487849
439.888,6.5553209712967035,34.45402538038301,34.58294917930398,215.83050934732196,2026-06-25 03:53:52.509777,NaN,NaN,NaN,-34.588367,17.487849
439.923,6.560585343809729,34.453493300947486,34.587942701266,215.77397472439785,2026-06-25 03:53:52.559764,NaN,NaN,NaN,-34.588367,17.487849
440.4255,6.546252103999544,34.45268992398556,34.57397645127706,215.9055075318626,2026-06-25 03:53:52.434797,NaN,NaN,NaN,-34.588367,17.487849
440.764,6.535946677588041,34.451881860544816,34.56342437409426,216.30275466678458,2026-06-25 03:53:52.359817,NaN,NaN,NaN,-34.588367,17.487849
441.0176666666666,6.520077822899261,34.45079666438363,34.54677620845385,216.49690292902457,2026-06-25 03:53:52.259843,NaN,NaN,NaN,-34.588367,17.487849
441.367,6.503262975882305,34.44970630693181,34.52911176456596,216.62921985966682,2026-06-25 03:53:52.159869,NaN,NaN,NaN,-34.588367,17.487849
441.557,6.494888660142963,34.44915910818988,34.52036843708781,216.71233840940852,2026-06-25 03:53:52.109882,NaN,NaN,NaN,-34.588367,17.487849
441.7815,6.482986149297966,34.4483366608323,34.50810374498043,216.65766866666456,2026-06-25 03:53:52.034901,NaN,NaN,NaN,-34.588367,17.487849
442.2796666666666,6.465646227759322,34.44696368878297,34.490657372719284,216.63051029029714,2026-06-25 03:53:51.909934,NaN,NaN,NaN,-34.588367,17.487849
442.597,6.4539224023946735,34.445865016221994,34.47909527817317,217.03790798111936,2026-06-25 03:53:51.809960,NaN,NaN,NaN,-34.588367,17.487849
443.071,6.44649659522521,34.44504203017266,34.471867983680184,216.95086168111501,2026-06-25 03:53:51.734979,NaN,NaN,NaN,-34.588367,17.487849
443.155,6.435658930921227,34.4442204236611,34.46142454311664,217.1901436195625,2026-06-25 03:53:51.610012,NaN,NaN,NaN,-34.588367,17.487849
443.341,6.4397774095165605,34.44367392884797,34.46537136503441,217.1614885825024,2026-06-25 03:53:51.659999,NaN,NaN,NaN,-34.588367,17.487849
443.822,6.431714193885454,34.44312860222377,34.45767074960741,217.2215379166881,2026-06-25 03:53:51.560025,NaN,NaN,NaN,-34.588367,17.487849
443.9385,6.4239678666413464,34.442043035242804,34.45032471626401,217.13824009173084,2026-06-25 03:53:51.460051,NaN,NaN,NaN,-34.588367,17.487849
444.2,6.424004641308298,34.44204218293041,34.450363124606255,217.29717840226843,2026-06-25 03:53:51.460051,NaN,NaN,NaN,-34.588367,17.487849
444.374,6.411829772812689,34.44096257718211,34.43875034128375,217.40741025511315,2026-06-25 03:53:51.310090,NaN,NaN,NaN,-34.588367,17.487849
444.686,6.416025710754725,34.4404257489223,34.442771978407336,217.3725047622309,2026-06-25 03:53:51.360077,NaN,NaN,NaN,-34.588367,17.487849
444.855,6.405284244321928,34.43962497633548,34.43243370150787,217.48566600043858,2026-06-25 03:53:51.235110,NaN,NaN,NaN,-34.588367,17.487849
445.104,6.398590240103155,34.43882905172819,34.4259355205711,217.54407554215604,2026-06-25 03:53:51.160129,NaN,NaN,NaN,-34.588367,17.487849
445.229,6.394123789248948,34.438301908434724,34.42155995517655,217.57560395461508,2026-06-25 03:53:51.110142,NaN,NaN,NaN,-34.588367,17.487849
445.426,6.389719685493323,34.43777754241697,34.417206632099976,217.6180797374405,2026-06-25 03:53:51.060155,NaN,NaN,NaN,-34.588367,17.487849
445.8325,6.381284257059917,34.43673923758868,34.40876521947135,217.99617759057764,2026-06-25 03:53:50.960181,NaN,NaN,NaN,-34.588367,17.487849
446.061,6.381218147036579,34.43673766093987,34.40871489969289,217.6968036924399,2026-06-25 03:53:50.960181,NaN,NaN,NaN,-34.588367,17.487849
446.18899999999996,6.3713608203552194,34.43545607238464,34.39866886832436,218.08340250706507,2026-06-25 03:53:50.835214,NaN,NaN,NaN,-34.588367,17.487849
446.554,6.365879548047167,34.434696605804255,34.39294182180378,218.13870706361774,2026-06-25 03:53:50.760233,NaN,NaN,NaN,-34.588367,17.487849
446.893,6.362457662447333,34.43419502623882,34.38930054407692,218.17416055982602,2026-06-25 03:53:50.710247,NaN,NaN,NaN,-34.588367,17.487849
447.27,6.357734740258703,34.43345002425309,34.384210897773535,218.21869186969536,2026-06-25 03:53:50.635266,NaN,NaN,NaN,-34.588367,17.487849
447.435,6.350892084965778,34.43222614639859,34.3768342921337,218.2619964716748,2026-06-25 03:53:50.510299,NaN,NaN,NaN,-34.588367,17.487849
447.6286666666667,6.349393050454165,34.43190715355414,34.37532725831296,218.2837855457838,2026-06-25 03:53:50.476974,NaN,NaN,NaN,-34.588367,17.487849
448.299,6.33961832756937,34.430168011680486,34.36636769117408,218.3870032287083,2026-06-25 03:53:50.260364,NaN,NaN,NaN,-34.588367,17.487849
448.35200000000003,6.341072319766752,34.42985449918275,34.367604814666144,218.36810351101468,2026-06-25 03:53:50.293688,NaN,NaN,NaN,-34.588367,17.487849
448.877,6.333932389203142,34.428708341464876,34.36213826465307,218.5777158767813,2026-06-25 03:53:50.135396,NaN,NaN,NaN,-34.588367,17.487849
449.16,6.330317022854604,34.42803261590942,34.35938621541156,218.7751948163942,2026-06-25 03:53:50.060416,NaN,NaN,NaN,-34.588367,17.487849
449.62166666666667,6.3249581131966535,34.4271489067462,34.35488739728376,218.82359108202448,2026-06-25 03:53:49.960442,NaN,NaN,NaN,-34.588367,17.487849
450.078,6.319068881530445,34.426279636043645,34.34951158741682,218.88985611608388,2026-06-25 03:53:49.860468,NaN,NaN,NaN,-34.588367,17.487849
450.217,6.3158729560047036,34.42585222530885,34.346426400073675,218.9257826728465,2026-06-25 03:53:49.810481,NaN,NaN,NaN,-34.588367,17.487849
450.316,6.312560978834739,34.42542914309152,34.34318654656061,219.26037688451004,2026-06-25 03:53:49.760494,NaN,NaN,NaN,-34.588367,17.487849
450.608,6.305739622099259,34.42459734767275,34.33648985906001,219.31671346563078,2026-06-25 03:53:49.660520,NaN,NaN,NaN,-34.588367,17.487849
450.97,6.298864332901616,34.423779833629595,34.32978821003201,219.38505103632326,2026-06-25 03:53:49.560546,NaN,NaN,NaN,-34.588367,17.487849
451.286,6.295447899181112,34.42337816004728,34.326497957916416,219.41323449229031,2026-06-25 03:53:49.510559,NaN,NaN,NaN,-34.588367,17.487849
451.386,6.292070123646312,34.422980694553125,34.32326008328737,219.44975800349425,2026-06-25 03:53:49.460572,NaN,NaN,NaN,-34.588367,17.487849
451.547,6.288741509910008,34.422587404371136,34.320070498414815,219.47597319035268,2026-06-25 03:53:49.410585,NaN,NaN,NaN,-34.588367,17.487849
451.811,6.285464700573761,34.42219825351309,34.316912209312775,219.49937955811336,2026-06-25 03:53:49.360598,NaN,NaN,NaN,-34.588367,17.487849
452.087,6.282235882116053,34.421813202938104,34.313759190765936,219.51910342487636,2026-06-25 03:53:49.310611,NaN,NaN,NaN,-34.588367,17.487849
452.205,6.277468680748363,34.42124372144282,34.308980740522436,219.5791542899098,2026-06-25 03:53:49.235631,NaN,NaN,NaN,-34.588367,17.487849
452.66466666666673,6.268926476957863,34.42019393994209,34.29988919161727,219.67492362859718,2026-06-25 03:53:49.094001,NaN,NaN,NaN,-34.588367,17.487849
452.958,6.26689711410201,34.419947894412076,34.29770188354425,219.6867937000844,2026-06-25 03:53:49.060676,NaN,NaN,NaN,-34.588367,17.487849
453.2675,6.259766563663044,34.418876662347984,34.289320476597766,220.04159446858336,2026-06-25 03:53:48.910716,NaN,NaN,NaN,-34.588367,17.487849
453.503,6.259636038856657,34.41887484334684,34.28918002181648,220.0410164008514,2026-06-25 03:53:48.910716,NaN,NaN,NaN,-34.588367,17.487849
453.824,6.255327244488587,34.41800614390819,34.28395066637873,220.09240603478008,2026-06-25 03:53:48.785748,NaN,NaN,NaN,-34.588367,17.487849
454.204,6.252699163287153,34.41732654209004,34.2810036796124,220.11235410547818,2026-06-25 03:53:48.685774,NaN,NaN,NaN,-34.588367,17.487849
454.453,6.251075945547023,34.416825268885894,34.279375943536465,220.13274428930353,2026-06-25 03:53:48.610794,NaN,NaN,NaN,-34.588367,17.487849
454.689,6.250128005263476,34.416495451013915,34.278510460236475,220.14039439802164,2026-06-25 03:53:48.560807,NaN,NaN,NaN,-34.588367,17.487849
454.805,6.247463939139959,34.416007071488835,34.27620969397347,220.1630038820849,2026-06-25 03:53:48.410846,NaN,NaN,NaN,-34.588367,17.487849
455.006,6.248801390710577,34.41552487187838,34.277363772381776,220.15349564941556,2026-06-25 03:53:48.485826,NaN,NaN,NaN,-34.588367,17.487849
455.401,6.245383910531711,34.414894303919965,34.274332108542865,220.4956375810549,2026-06-25 03:53:48.310872,NaN,NaN,NaN,-34.588367,17.487849
455.59849999999994,6.245301249054727,34.41489287664759,34.27424789284096,220.34075004837752,2026-06-25 03:53:48.310872,NaN,NaN,NaN,-34.588367,17.487849
455.871,6.241804449045643,34.41411921289743,34.27101029633211,220.5393788919139,2026-06-25 03:53:48.185905,NaN,NaN,NaN,-34.588367,17.487849
456.2215,6.237975790321089,34.41351214158483,34.26747690194178,220.57762795606033,2026-06-25 03:53:48.085931,NaN,NaN,NaN,-34.588367,17.487849
456.5715,6.233376207131506,34.41291529651285,34.26318676950696,220.63232187198437,2026-06-25 03:53:47.985957,NaN,NaN,NaN,-34.588367,17.487849
457.016,6.228312821735191,34.41232816387328,34.258350593184545,220.6778216313774,2026-06-25 03:53:47.885983,NaN,NaN,NaN,-34.588367,17.487849
457.422,6.224436019453738,34.411893610612246,34.25459906876134,221.03554653328243,2026-06-25 03:53:47.811002,NaN,NaN,NaN,-34.588367,17.487849
457.57849999999996,6.219479602447574,34.411323345038866,34.24988487585884,221.0759278350333,2026-06-25 03:53:47.711028,NaN,NaN,NaN,-34.588367,17.487849
457.827,6.21943365493048,34.41132229763102,34.249823559537376,221.08040868713525,2026-06-25 03:53:47.711028,NaN,NaN,NaN,-34.588367,17.487849
458.01,6.214773950997276,34.410759365220805,34.245508332188614,221.1141550452483,2026-06-25 03:53:47.611054,NaN,NaN,NaN,-34.588367,17.487849
458.112,6.2102709221415635,34.4102043660559,34.24145308988691,221.1534543343497,2026-06-25 03:53:47.511080,NaN,NaN,NaN,-34.588367,17.487849
458.478,6.208966103360921,34.41006888823195,34.24033743482436,221.16218726646252,2026-06-25 03:53:47.486087,NaN,NaN,NaN,-34.588367,17.487849
458.758,6.207918249080407,34.40992970778625,34.2393828426298,221.1830816186127,2026-06-25 03:53:47.461093,NaN,NaN,NaN,-34.588367,17.487849
458.917,6.20265439474014,34.40938581951022,34.23484749801153,221.53937490014457,2026-06-25 03:53:47.361119,NaN,NaN,NaN,-34.588367,17.487849
459.2205,6.196101403982357,34.40884966662759,34.229202121096215,221.60564454235282,2026-06-25 03:53:47.261146,NaN,NaN,NaN,-34.588367,17.487849
459.48,6.196273540252423,34.408848847697726,34.229379517415936,221.60373654786946,2026-06-25 03:53:47.261146,NaN,NaN,NaN,-34.588367,17.487849
459.633,6.188533419916633,34.408318428918115,34.222507922159714,221.6854255114392,2026-06-25 03:53:47.161172,NaN,NaN,NaN,-34.588367,17.487849
460.06449999999995,6.179342420753345,34.40779496281293,34.213809921405854,221.93227544892025,2026-06-25 03:53:47.061198,NaN,NaN,NaN,-34.588367,17.487849
460.246,6.179469827411013,34.40779422519669,34.213994417144434,222.07748684431664,2026-06-25 03:53:47.061198,NaN,NaN,NaN,-34.588367,17.487849
460.449,6.1693979869882565,34.4072759239704,34.204035121580894,222.18269963130717,2026-06-25 03:53:46.961224,NaN,NaN,NaN,-34.588367,17.487849
460.612,6.164138668784055,34.40701889597127,34.198704103080125,222.23349191243236,2026-06-25 03:53:46.911237,NaN,NaN,NaN,-34.588367,17.487849
460.756,6.1588291231115875,34.406763237675605,34.19329378123721,222.2843684105568,2026-06-25 03:53:46.861250,NaN,NaN,NaN,-34.588367,17.487849
460.921,6.153547991013552,34.40650891691937,34.18794321586123,222.34612635414314,2026-06-25 03:53:46.811263,NaN,NaN,NaN,-34.588367,17.487849
461.3895,6.145852703400758,34.40613003478228,34.180333499671775,222.40558535581152,2026-06-25 03:53:46.736282,NaN,NaN,NaN,-34.588367,17.487849
461.591,6.136135221534137,34.40562904780021,34.17108508118973,222.47667442785246,2026-06-25 03:53:46.636308,NaN,NaN,NaN,-34.588367,17.487849
461.922,6.129177308160721,34.40525634955942,34.16467282323145,222.5345907878019,2026-06-25 03:53:46.561328,NaN,NaN,NaN,-34.588367,17.487849
462.15,6.1245831394000705,34.405009456686315,34.160492472639945,222.57906403702947,2026-06-25 03:53:46.511341,NaN,NaN,NaN,-34.588367,17.487849
462.349,6.117532142185311,34.404641407239836,34.15400956742829,222.64159158598557,2026-06-25 03:53:46.436361,NaN,NaN,NaN,-34.588367,17.487849
462.871,6.107635608101244,34.40415438447921,34.1445080039729,223.04968924042964,2026-06-25 03:53:46.336387,NaN,NaN,NaN,-34.588367,17.487849
462.991,6.099834373339692,34.40379182490457,34.136559549691626,223.12270040254964,2026-06-25 03:53:46.261406,NaN,NaN,NaN,-34.588367,17.487849
463.26,6.094526704408897,34.40355152503756,34.13090509432521,223.19673788410245,2026-06-25 03:53:46.211419,NaN,NaN,NaN,-34.588367,17.487849
463.53700000000003,6.0867067524329475,34.403193132501144,34.122353474951794,222.95638414585156,2026-06-25 03:53:46.136439,NaN,NaN,NaN,-34.588367,17.487849
463.762,6.079358007950738,34.402836755812935,34.11422619382723,223.0172230956371,2026-06-25 03:53:46.061458,NaN,NaN,NaN,-34.588367,17.487849
463.973,6.07497994945115,34.4026004887961,34.10938605344369,223.04605030597702,2026-06-25 03:53:46.011471,NaN,NaN,NaN,-34.588367,17.487849
464.265,6.069419734760426,34.40224801885189,34.10332580778427,222.93907302749423,2026-06-25 03:53:45.936491,NaN,NaN,NaN,-34.588367,17.487849
464.595,6.064909878280456,34.40189744289295,34.09853980894778,223.12735575058593,2026-06-25 03:53:45.861510,NaN,NaN,NaN,-34.588367,17.487849
464.785,6.062569828885936,34.401664964468644,34.096155440212144,223.1381507783099,2026-06-25 03:53:45.811523,NaN,NaN,NaN,-34.588367,17.487849
465.08500000000004,6.059242734846624,34.40120302366148,34.09303270695756,222.85870443590997,2026-06-25 03:53:45.711549,NaN,NaN,NaN,-34.588367,17.487849
465.426,6.056108394412868,34.40074403040213,34.09063291768855,222.88990348999764,2026-06-25 03:53:45.561589,NaN,NaN,NaN,-34.588367,17.487849
465.616,6.056921536391428,34.40051597349424,34.09115787697128,222.88429274552607,2026-06-25 03:53:45.611576,NaN,NaN,NaN,-34.588367,17.487849
465.776,6.055435427724686,34.40028875997201,34.09023548023224,222.89755819032845,2026-06-25 03:53:45.511602,NaN,NaN,NaN,-34.588367,17.487849
465.966,6.054874301570904,34.40006237611346,34.08990123462925,222.90631359837903,2026-06-25 03:53:45.461615,NaN,NaN,NaN,-34.588367,17.487849
466.16,6.054404933621586,34.39983680808197,34.08958326647111,222.91463098346838,2026-06-25 03:53:45.411628,NaN,NaN,NaN,-34.588367,17.487849
466.465,6.054011812397043,34.39961204189396,34.08925441553414,222.91642954338286,2026-06-25 03:53:45.361641,NaN,NaN,NaN,-34.588367,17.487849
466.525,6.053681883024754,34.399388063390894,34.08890558287075,223.2340598063726,2026-06-25 03:53:45.311654,NaN,NaN,NaN,-34.588367,17.487849
466.803,6.053402282500024,34.39916485821562,34.08854028783352,222.93085044189252,2026-06-25 03:53:45.261667,NaN,NaN,NaN,-34.588367,17.487849
467.0905,6.05294154897875,34.398721073762445,34.0878034680346,222.93495753180687,2026-06-25 03:53:45.161693,NaN,NaN,NaN,-34.588367,17.487849
467.298,6.052490002843409,34.398720709315455,34.0870892909215,223.24895800227034,2026-06-25 03:53:45.061719,NaN,NaN,NaN,-34.588367,17.487849
467.532,6.052938859424507,34.39827947574225,34.087798871897284,222.93459903916914,2026-06-25 03:53:45.161693,NaN,NaN,NaN,-34.588367,17.487849
467.762,6.052209438275268,34.3980599137964,34.08674773143377,222.94461896518686,2026-06-25 03:53:45.011732,NaN,NaN,NaN,-34.588367,17.487849
468.033,6.051646371696455,34.397731927350705,34.08624081497099,223.27118918498428,2026-06-25 03:53:44.936751,NaN,NaN,NaN,-34.588367,17.487849
468.188,6.050932815407987,34.39740525705543,34.085726559224696,223.28598218864434,2026-06-25 03:53:44.861771,NaN,NaN,NaN,-34.588367,17.487849
468.7846666666666,6.049766846459295,34.39697221366247,34.08498014520211,223.30147849800093,2026-06-25 03:53:44.761797,NaN,NaN,NaN,-34.588367,17.487849
469.174,6.047755582545648,34.39632678841676,34.08356706087022,223.31661447703823,2026-06-25 03:53:44.611836,NaN,NaN,NaN,-34.588367,17.487849
469.762,6.04557723933982,34.39579262063023,34.08183770728273,223.49882486120848,2026-06-25 03:53:44.486869,NaN,NaN,NaN,-34.588367,17.487849
470.246,6.043874799504395,34.39547366306283,34.08044352878547,223.6798921486279,2026-06-25 03:53:44.411888,NaN,NaN,NaN,-34.588367,17.487849
470.3505,6.041798512606425,34.395155906033644,34.07868642225961,223.7103731648016,2026-06-25 03:53:44.336908,NaN,NaN,NaN,-34.588367,17.487849
470.6065,6.038631610449723,34.39473373278217,34.075853179039385,223.73733805310513,2026-06-25 03:53:44.236934,NaN,NaN,NaN,-34.588367,17.487849
470.938,6.034269372195114,34.39441816842982,34.07172048631263,223.77477064149974,2026-06-25 03:53:44.111966,NaN,NaN,NaN,-34.588367,17.487849
471.148,6.036057581481135,34.394208328621495,34.07343388951806,223.76784485912242,2026-06-25 03:53:44.161953,NaN,NaN,NaN,-34.588367,17.487849
471.3595,6.031488995270397,34.3938943277209,34.06904543118556,223.80334617701075,2026-06-25 03:53:44.036986,NaN,NaN,NaN,-34.588367,17.487849
471.592,6.026664900994683,34.393581049226505,34.06439920422889,223.86580255815232,2026-06-25 03:53:43.912019,NaN,NaN,NaN,-34.588367,17.487849
471.778,6.028617989180474,34.39337265541989,34.066278531967654,223.8505109939447,2026-06-25 03:53:43.962006,NaN,NaN,NaN,-34.588367,17.487849
471.962,6.024718357339819,34.39316458920008,34.062538064113994,223.883916944238,2026-06-25 03:53:43.862032,NaN,NaN,NaN,-34.588367,17.487849
472.2975,6.021001137422624,34.392749538592106,34.05909598811209,223.9181985641467,2026-06-25 03:53:43.762058,NaN,NaN,NaN,-34.588367,17.487849
472.59299999999996,6.019208461660698,34.392542380866644,34.05749626506349,224.24916615202642,2026-06-25 03:53:43.712071,NaN,NaN,NaN,-34.588367,17.487849
473.071,6.015699015674072,34.39212877694493,34.05449657442908,224.26747920563815,2026-06-25 03:53:43.612097,NaN,NaN,NaN,-34.588367,17.487849
473.27700000000004,6.012902429445109,34.39181942104565,34.05225866900406,224.3155534627018,2026-06-25 03:53:43.537116,NaN,NaN,NaN,-34.588367,17.487849
473.77399999999994,6.007212555070619,34.39130511632126,34.047767594754816,224.353556535406,2026-06-25 03:53:43.412149,NaN,NaN,NaN,-34.588367,17.487849
474.0865,5.999727860694678,34.39079228116791,34.04153023272618,224.4414898889764,2026-06-25 03:53:43.287181,NaN,NaN,NaN,-34.588367,17.487849
474.357,5.994122489064099,34.39048533371791,34.03655290948189,224.4940515496011,2026-06-25 03:53:43.212201,NaN,NaN,NaN,-34.588367,17.487849
474.521,5.985405801535437,34.39028104250651,34.02836738718002,224.58539473488676,2026-06-25 03:53:43.112227,NaN,NaN,NaN,-34.588367,17.487849
474.794,5.989910018609968,34.39007701272865,34.03265371919773,224.54660818243974,2026-06-25 03:53:43.162214,NaN,NaN,NaN,-34.588367,17.487849
475.284,5.975886853388525,34.38987325128524,34.01900021122081,224.68730514420986,2026-06-25 03:53:43.012253,NaN,NaN,NaN,-34.588367,17.487849
475.336,5.980694398257947,34.38966976680799,34.023775974697315,224.64104473019532,2026-06-25 03:53:43.062240,NaN,NaN,NaN,-34.588367,17.487849
475.508,5.966510539553188,34.38926382906965,34.00953084518855,225.1012073993747,2026-06-25 03:53:42.912279,NaN,NaN,NaN,-34.588367,17.487849
475.7365,5.966663230583885,34.389263672215186,34.0096770437749,225.0990493976141,2026-06-25 03:53:42.912279,NaN,NaN,NaN,-34.588367,17.487849
476.0055,5.95516729733145,34.38865711176314,33.99791285053226,224.86347996133745,2026-06-25 03:53:42.762318,NaN,NaN,NaN,-34.588367,17.487849
476.132,5.954924775919827,34.388656927963794,33.99767965058649,224.86967100238758,2026-06-25 03:53:42.762318,NaN,NaN,NaN,-34.588367,17.487849
476.437,5.949531709547303,34.38825423990444,33.992024386964545,224.8980241417457,2026-06-25 03:53:42.662344,NaN,NaN,NaN,-34.588367,17.487849
476.626,5.947445322196697,34.388053504185564,33.989779984424224,224.92213002580047,2026-06-25 03:53:42.612357,NaN,NaN,NaN,-34.588367,17.487849
476.88,5.945670719044517,34.38785320807234,33.98782889720825,224.9452520070312,2026-06-25 03:53:42.562370,NaN,NaN,NaN,-34.588367,17.487849
477.2165,5.943472974378363,34.38755371459998,33.985321104086395,224.96610451016318,2026-06-25 03:53:42.487390,NaN,NaN,NaN,-34.588367,17.487849
477.678,5.941114033979034,34.38715613239812,33.98249186310561,224.98920871021667,2026-06-25 03:53:42.387416,NaN,NaN,NaN,-34.588367,17.487849
478.0085,5.939268740996359,34.386760886491295,33.98029621087672,225.0137705687843,2026-06-25 03:53:42.287442,NaN,NaN,NaN,-34.588367,17.487849
478.305,5.938133121962672,34.38646608096069,33.97911371244714,225.02681099762376,2026-06-25 03:53:42.212462,NaN,NaN,NaN,-34.588367,17.487849
478.465,5.937489944401674,34.38627049689738,33.97856469979087,225.0357431465356,2026-06-25 03:53:42.162475,NaN,NaN,NaN,-34.588367,17.487849
478.661,5.936922053051106,34.38607568408472,33.97815765183894,225.03368926435576,2026-06-25 03:53:42.112488,NaN,NaN,NaN,-34.588367,17.487849
478.942,5.936412541340636,34.385881690435035,33.977852112194434,225.03948108837596,2026-06-25 03:53:42.062501,NaN,NaN,NaN,-34.588367,17.487849
479.142,5.935934314771284,34.38568856610328,33.97760867058601,225.04429380807116,2026-06-25 03:53:42.012514,NaN,NaN,NaN,-34.588367,17.487849
479.467,5.935455347561375,34.38549636348768,33.977391603404364,225.05766542158227,2026-06-25 03:53:41.962527,NaN,NaN,NaN,-34.588367,17.487849
479.553,5.934674577730366,34.38521004071299,33.97704326883738,225.07219158690296,2026-06-25 03:53:41.887546,NaN,NaN,NaN,-34.588367,17.487849
479.808,5.933810238339913,34.38492584350363,33.97661309853607,225.0815505034629,2026-06-25 03:53:41.812566,NaN,NaN,NaN,-34.588367,17.487849
480.036,5.933183026963575,34.38473789646368,33.976241323117,225.08377040692918,2026-06-25 03:53:41.762579,NaN,NaN,NaN,-34.588367,17.487849
480.189,5.932520366623643,34.38455116660149,33.97578712028475,225.09637530421477,2026-06-25 03:53:41.712592,NaN,NaN,NaN,-34.588367,17.487849
480.307,5.931817091014467,34.384365719624675,33.97524028439143,225.10153836290118,2026-06-25 03:53:41.662605,NaN,NaN,NaN,-34.588367,17.487849
480.767,5.930242818484593,34.38399944557739,33.973861502207804,225.22125035483788,2026-06-25 03:53:41.562631,NaN,NaN,NaN,-34.588367,17.487849
481.293,5.92849443384675,34.38363814988755,33.97230595122413,225.15192793984494,2026-06-25 03:53:41.462657,NaN,NaN,NaN,-34.588367,17.487849
481.5355,5.9270467804241465,34.38337205239648,33.971120339704456,225.47888396467013,2026-06-25 03:53:41.387677,NaN,NaN,NaN,-34.588367,17.487849
481.8075,5.924946974722466,34.383023195652484,33.96959916853929,225.5005282805717,2026-06-25 03:53:41.287703,NaN,NaN,NaN,-34.588367,17.487849
482.203,5.922492606023431,34.382682043900246,33.96806553859362,225.52893438274572,2026-06-25 03:53:41.187729,NaN,NaN,NaN,-34.588367,17.487849
482.396,5.920292928709712,34.38243136911689,33.96674324976357,225.5556577194501,2026-06-25 03:53:41.112748,NaN,NaN,NaN,-34.588367,17.487849
482.8115,5.917582240158554,34.38218627025991,33.96494883964769,225.58182158271757,2026-06-25 03:53:41.037768,NaN,NaN,NaN,-34.588367,17.487849
483.009,5.914356663221407,34.38194590509626,33.96253549361769,225.6048438178751,2026-06-25 03:53:40.962787,NaN,NaN,NaN,-34.588367,17.487849
483.2935,5.910353675406485,34.38171180701222,33.95910291943004,225.65297195455634,2026-06-25 03:53:40.887807,NaN,NaN,NaN,-34.588367,17.487849
483.566,5.905652412382312,34.38148300815461,33.95475052178962,225.70466908259417,2026-06-25 03:53:40.812826,NaN,NaN,NaN,-34.588367,17.487849
484.025,5.9020634791039726,34.381334169860466,33.95124672865327,225.7357846773787,2026-06-25 03:53:40.762839,NaN,NaN,NaN,-34.588367,17.487849
484.24,5.8961421820087345,34.38111674889196,33.94525103068516,225.97131853122283,2026-06-25 03:53:40.687859,NaN,NaN,NaN,-34.588367,17.487849
484.6465,5.887785131907602,34.380837080615365,33.936509047423485,225.89515365474406,2026-06-25 03:53:40.587885,NaN,NaN,NaN,-34.588367,17.487849
485.028,5.879616098942584,34.38057039023704,33.92773850060557,225.97007546856116,2026-06-25 03:53:40.487911,NaN,NaN,NaN,-34.588367,17.487849
485.57000000000005,5.869473595728087,34.38020022580011,33.91692870420559,226.05174180923154,2026-06-25 03:53:40.337950,NaN,NaN,NaN,-34.588367,17.487849
485.7255,5.869159396217413,34.380196470754115,33.91653790457542,226.05681144615806,2026-06-25 03:53:40.337950,NaN,NaN,NaN,-34.588367,17.487849
486.36999999999995,5.860493073561113,34.37980399387212,33.907819260394355,225.81552837623104,2026-06-25 03:53:40.162996,NaN,NaN,NaN,-34.588367,17.487849
486.582,5.856936420371295,34.37960016865694,33.904545956011354,225.8410790280216,2026-06-25 03:53:40.063022,NaN,NaN,NaN,-34.588367,17.487849
487.0130000000001,5.8542855246623375,34.37941646251448,33.902392275984106,225.8723010849291,2026-06-25 03:53:39.963048,NaN,NaN,NaN,-34.588367,17.487849
487.138,5.852066281232231,34.37924778252275,33.90084477319782,225.89861750324394,2026-06-25 03:53:39.863074,NaN,NaN,NaN,-34.588367,17.487849
487.472,5.850707717705165,34.37913529913706,33.90011122602364,225.9166691653232,2026-06-25 03:53:39.788093,NaN,NaN,NaN,-34.588367,17.487849
488.06949999999995,5.849168217291366,34.37900152662137,33.899387162535476,225.92186851656905,2026-06-25 03:53:39.688120,NaN,NaN,NaN,-34.588367,17.487849
488.3695,5.847771291061106,34.37888782603004,33.89866328088408,225.62632940159543,2026-06-25 03:53:39.588146,NaN,NaN,NaN,-34.588367,17.487849
488.627,5.846623408020065,34.37881547165126,33.897941492927785,225.64607762646466,2026-06-25 03:53:39.513165,NaN,NaN,NaN,-34.588367,17.487849
488.9983333333334,5.8446818896091495,34.37874032213397,33.896484017666246,225.6601852448056,2026-06-25 03:53:39.413191,NaN,NaN,NaN,-34.588367,17.487849
489.43399999999997,5.841605244826497,34.37867379636029,33.89384403160153,225.69557611067268,2026-06-25 03:53:39.288224,NaN,NaN,NaN,-34.588367,17.487849
489.904,5.839325801640724,34.37865069695765,33.89168675319122,225.72337747291226,2026-06-25 03:53:39.213243,NaN,NaN,NaN,-34.588367,17.487849
489.956,5.83674340991953,34.37865069695765,33.88909002120582,225.7522043814784,2026-06-25 03:53:39.138263,NaN,NaN,NaN,-34.588367,17.487849
490.4,5.834046512864122,34.37865069695765,33.88628580538573,225.48153982821557,2026-06-25 03:53:39.063282,NaN,NaN,NaN,-34.588367,17.487849
490.612,5.831446188216484,34.37866244232952,33.883498662497,225.8142813575809,2026-06-25 03:53:38.988302,NaN,NaN,NaN,-34.588367,17.487849
490.812,5.827796436757039,34.3786920111628,33.87945838392494,225.51496782318026,2026-06-25 03:53:38.863335,NaN,NaN,NaN,-34.588367,17.487849
490.928,5.829115489693735,34.378719751430545,33.88093793530336,225.50912661383566,2026-06-25 03:53:38.913322,NaN,NaN,NaN,-34.588367,17.487849
491.428,5.826137662094128,34.37877350763211,33.87760370066459,225.3834643760387,2026-06-25 03:53:38.788354,NaN,NaN,NaN,-34.588367,17.487849
491.599,5.824296292796683,34.37886556317804,33.875621987047246,225.24109470899785,2026-06-25 03:53:38.688380,NaN,NaN,NaN,-34.588367,17.487849
491.968,5.823075274075241,34.37894996890905,33.874398739682654,225.24746173787508,2026-06-25 03:53:38.613400,NaN,NaN,NaN,-34.588367,17.487849
492.201,5.8222895361408105,34.37901446197802,33.87369125532671,225.25385131360576,2026-06-25 03:53:38.563413,NaN,NaN,NaN,-34.588367,17.487849
492.4663333333333,5.820671121297763,34.37916403500886,33.87258676700384,225.05880208689527,2026-06-25 03:53:38.463439,NaN,NaN,NaN,-34.588367,17.487849
492.612,5.818192680864056,34.379429512261794,33.87173074905404,224.99030588847592,2026-06-25 03:53:38.313478,NaN,NaN,NaN,-34.588367,17.487849
493.048,5.8182137561670135,34.37943257682875,33.87178923835745,225.00004200103933,2026-06-25 03:53:38.313478,NaN,NaN,NaN,-34.588367,17.487849
493.359,5.816705725470613,34.37963853891652,33.871771024490315,224.70246811106085,2026-06-25 03:53:38.213504,NaN,NaN,NaN,-34.588367,17.487849
493.6285,5.815745890374165,34.3798120134214,33.87194483861779,224.70813869378281,2026-06-25 03:53:38.138523,NaN,NaN,NaN,-34.588367,17.487849
493.991,5.814625963169631,34.38006332410097,33.872082579380006,224.56426233294428,2026-06-25 03:53:38.038550,NaN,NaN,NaN,-34.588367,17.487849
494.16,5.813836306638881,34.3802666359652,33.871959049663324,224.40766197261433,2026-06-25 03:53:37.963569,NaN,NaN,NaN,-34.588367,17.487849
494.332,5.813283667917582,34.38040997419508,33.871694485216736,224.4157156960489,2026-06-25 03:53:37.913582,NaN,NaN,NaN,-34.588367,17.487849
494.622,5.81267707519508,34.38055908033065,33.871277522217504,224.43250881637192,2026-06-25 03:53:37.863595,NaN,NaN,NaN,-34.588367,17.487849
494.775,5.811240489970998,34.380874307606,33.87000601833674,224.44840607862272,2026-06-25 03:53:37.763621,NaN,NaN,NaN,-34.588367,17.487849
495.054,5.810414454770707,34.380962783339285,33.86917690445174,224.1461106317561,2026-06-25 03:53:37.713634,NaN,NaN,NaN,-34.588367,17.487849
495.1685,5.81076328755198,34.38104027005682,33.86947492955129,224.29995666666736,2026-06-25 03:53:37.738628,NaN,NaN,NaN,-34.588367,17.487849
495.61249999999995,5.808087921011962,34.381479466719426,33.86665044262357,224.1595033357639,2026-06-25 03:53:37.588667,NaN,NaN,NaN,-34.588367,17.487849
495.889,5.805400871329994,34.381949882962324,33.86372651528241,224.2047781167734,2026-06-25 03:53:37.463699,NaN,NaN,NaN,-34.588367,17.487849
495.96299999999997,5.805384449985363,34.381952345969864,33.863728324103796,224.04387218078674,2026-06-25 03:53:37.463699,NaN,NaN,NaN,-34.588367,17.487849
496.4015,5.802553524075881,34.382452299061505,33.860827161964096,223.91517480633294,2026-06-25 03:53:37.338732,NaN,NaN,NaN,-34.588367,17.487849
496.711,5.8010045778607084,34.382766789200744,33.859297533179806,223.6210720305259,2026-06-25 03:53:37.263751,NaN,NaN,NaN,-34.588367,17.487849
497.088,5.8001154582552905,34.38298237157307,33.85846522287518,223.6291695044835,2026-06-25 03:53:37.213765,NaN,NaN,NaN,-34.588367,17.487849
497.159,5.799048783968402,34.38331419992387,33.8576352732713,223.3269397568861,2026-06-25 03:53:37.138784,NaN,NaN,NaN,-34.588367,17.487849
497.578,5.798260327960342,34.383654108060334,33.857293983412724,223.3347332999835,2026-06-25 03:53:37.063804,NaN,NaN,NaN,-34.588367,17.487849
498.01233333333334,5.797679312318386,34.38412237341147,33.85776168191413,223.03054593604128,2026-06-25 03:53:36.963830,NaN,NaN,NaN,-34.588367,17.487849
498.294,5.79732855584997,34.384602219055196,33.858762288418774,222.71978157749086,2026-06-25 03:53:36.863856,NaN,NaN,NaN,-34.588367,17.487849
498.467,5.797165292216802,34.38484750020544,33.85935547277789,222.40452379106316,2026-06-25 03:53:36.813869,NaN,NaN,NaN,-34.588367,17.487849
498.781,5.7964476101457105,34.385346718266874,33.860088010490266,222.2629588864371,2026-06-25 03:53:36.713895,NaN,NaN,NaN,-34.588367,17.487849
498.948,5.796546977586422,34.385348005086186,33.86021279278604,222.4189908478389,2026-06-25 03:53:36.713895,NaN,NaN,NaN,-34.588367,17.487849
499.149,5.795160002590508,34.38585622711087,33.860103631838655,222.1320778237648,2026-06-25 03:53:36.613921,NaN,NaN,NaN,-34.588367,17.487849
499.416,5.7941237632803375,34.386114357600704,33.85960708812554,222.15054467184748,2026-06-25 03:53:36.563934,NaN,NaN,NaN,-34.588367,17.487849
499.637,5.792199000217973,34.38650542416983,33.858428368565995,221.86898713149287,2026-06-25 03:53:36.488953,NaN,NaN,NaN,-34.588367,17.487849
500.25600000000003,5.788523852380114,34.38716508528825,33.856180929540265,221.66403746154432,2026-06-25 03:53:36.363986,NaN,NaN,NaN,-34.588367,17.487849
500.6415,5.7847317641952,34.38783149361882,33.85419250709352,221.31622552865056,2026-06-25 03:53:36.239019,NaN,NaN,NaN,-34.588367,17.487849
500.967,5.7823924812835354,34.38823352186625,33.85306718261502,221.02825989148482,2026-06-25 03:53:36.164038,NaN,NaN,NaN,-34.588367,17.487849
501.22,5.7807492562700284,34.38850200170702,33.85223810830644,221.03887146289816,2026-06-25 03:53:36.114051,NaN,NaN,NaN,-34.588367,17.487849
501.333,5.779017538718746,34.38877055090604,33.85129048291977,220.74806041942847,2026-06-25 03:53:36.064064,NaN,NaN,NaN,-34.588367,17.487849
501.696,5.77523840041195,34.389038946604124,33.84891840202488,220.78869809548155,2026-06-25 03:53:35.964090,NaN,NaN,NaN,-34.588367,17.487849
501.806,5.777182016412658,34.38930696474716,33.850189367303535,221.08345849352597,2026-06-25 03:53:36.014077,NaN,NaN,NaN,-34.588367,17.487849
501.967,5.773202471563889,34.38957438030733,33.84748969935594,220.5009918220302,2026-06-25 03:53:35.914103,NaN,NaN,NaN,-34.588367,17.487849
502.275,5.771111318897121,34.38984096750593,33.84595027424255,220.53947342839655,2026-06-25 03:53:35.864116,NaN,NaN,NaN,-34.588367,17.487849
502.436,5.76699651316394,34.390369997317194,33.84284997525112,220.57228754213725,2026-06-25 03:53:35.764142,NaN,NaN,NaN,-34.588367,17.487849
502.60699999999997,5.767066677631826,34.39037075129536,33.84291284404151,220.41835603880233,2026-06-25 03:53:35.764142,NaN,NaN,NaN,-34.588367,17.487849
503.075,5.763428534579875,34.390894503410266,33.840234659080345,220.2928754410192,2026-06-25 03:53:35.664168,NaN,NaN,NaN,-34.588367,17.487849
503.299,5.760761080460861,34.39140920810197,33.838480038617234,220.31524494241827,2026-06-25 03:53:35.564194,NaN,NaN,NaN,-34.588367,17.487849
503.41999999999996,5.7608802543482085,34.39141041355917,33.838594758859514,220.31402957421614,2026-06-25 03:53:35.564194,NaN,NaN,NaN,-34.588367,17.487849
503.7985,5.758581471654557,34.3921641016933,33.83755200298059,220.17524674831137,2026-06-25 03:53:35.414234,NaN,NaN,NaN,-34.588367,17.487849
504.012,5.758493230268455,34.392165640619844,33.8374826825109,220.022742721955,2026-06-25 03:53:35.414234,NaN,NaN,NaN,-34.588367,17.487849
504.285,5.757903847661793,34.39265410692864,33.83756845246509,220.02774571478446,2026-06-25 03:53:35.314260,NaN,NaN,NaN,-34.588367,17.487849
504.391,5.7578026523886,34.392893177344725,33.8377241779652,220.0325254617402,2026-06-25 03:53:35.264273,NaN,NaN,NaN,-34.588367,17.487849
504.776,5.757803165593783,34.39312851847463,33.83791851274568,220.03595459809728,2026-06-25 03:53:35.214286,NaN,NaN,NaN,-34.588367,17.487849
505.01399999999995,5.7580967320717695,34.39358571165079,33.838383610361845,220.03623833708508,2026-06-25 03:53:35.114312,NaN,NaN,NaN,-34.588367,17.487849
505.4415,5.758880023198548,34.39413515650742,33.839074347633556,220.03009910296154,2026-06-25 03:53:34.989344,NaN,NaN,NaN,-34.588367,17.487849
505.818,5.759590610498414,34.394450533524164,33.83959126112549,219.71467543352406,2026-06-25 03:53:34.914364,NaN,NaN,NaN,-34.588367,17.487849
506.034,5.760144422089875,34.39465397447052,33.8400113987964,219.70651473776346,2026-06-25 03:53:34.864377,NaN,NaN,NaN,-34.588367,17.487849
506.4166666666667,5.761300609914886,34.39504272575985,33.841105201050986,219.71070666923956,2026-06-25 03:53:34.764403,NaN,NaN,NaN,-34.588367,17.487849
506.862,5.7624321587403315,34.39541243243656,33.842483818633745,219.70529164646382,2026-06-25 03:53:34.664429,NaN,NaN,NaN,-34.588367,17.487849
507.153,5.762997908274772,34.395587321785904,33.84331795476409,219.71209680056182,2026-06-25 03:53:34.614442,NaN,NaN,NaN,-34.588367,17.487849
507.3883333333333,5.764225608393674,34.395916050780166,33.84522785217711,219.39025924243901,2026-06-25 03:53:34.514468,NaN,NaN,NaN,-34.588367,17.487849
507.788,5.765557248275233,34.39622293340911,33.84729529014027,219.37727058338763,2026-06-25 03:53:34.414494,NaN,NaN,NaN,-34.588367,17.487849
508.035,5.766209868179835,34.39636507152001,33.84833467480191,219.37612160512307,2026-06-25 03:53:34.364507,NaN,NaN,NaN,-34.588367,17.487849
508.259,5.766771727147251,34.3965002111158,33.84931193601512,219.36811081208728,2026-06-25 03:53:34.314520,NaN,NaN,NaN,-34.588367,17.487849
508.399,5.767170173947634,34.39662821569005,33.85017254790168,219.36724351468945,2026-06-25 03:53:34.264533,NaN,NaN,NaN,-34.588367,17.487849
508.511,5.767330019561077,34.396748954558106,33.850855667155365,219.3708971253783,2026-06-25 03:53:34.214546,NaN,NaN,NaN,-34.588367,17.487849
508.844,5.766662633540094,34.39696433156162,33.851413964033064,219.0792843628146,2026-06-25 03:53:34.114572,NaN,NaN,NaN,-34.588367,17.487849
509.0865,5.766456617586687,34.396968142332156,33.85122244775184,219.23347695875026,2026-06-25 03:53:34.114572,NaN,NaN,NaN,-34.588367,17.487849
509.366,5.764364514940477,34.397156850252,33.8504561103924,219.12077437946812,2026-06-25 03:53:34.014598,NaN,NaN,NaN,-34.588367,17.487849
509.659,5.761426537331734,34.397276883996646,33.84849256878383,219.149216115329,2026-06-25 03:53:33.939618,NaN,NaN,NaN,-34.588367,17.487849
509.93449999999996,5.756111831247076,34.39741031369631,33.84439512626574,219.20035080163962,2026-06-25 03:53:33.839644,NaN,NaN,NaN,-34.588367,17.487849
510.271,5.7511510789251155,34.397490124824344,33.84032869195361,219.25390978503313,2026-06-25 03:53:33.764664,NaN,NaN,NaN,-34.588367,17.487849
510.314,5.747363427287967,34.397532385411814,33.83715113334465,218.9830375623151,2026-06-25 03:53:33.714677,NaN,NaN,NaN,-34.588367,17.487849
510.55,5.7432510616365,34.397566359806156,33.83364638046031,219.32204810010694,2026-06-25 03:53:33.664690,NaN,NaN,NaN,-34.588367,17.487849
511.096,5.734188360188442,34.39759090626979,33.82569996311594,219.41667573883,2026-06-25 03:53:33.564716,NaN,NaN,NaN,-34.588367,17.487849
511.2223333333333,5.73080702365012,34.39759090626979,33.822589025120465,219.14493400359714,2026-06-25 03:53:33.531391,NaN,NaN,NaN,-34.588367,17.487849
511.87833333333333,5.713835314846474,34.39759090626979,33.80680817667865,219.29482151773848,2026-06-25 03:53:33.364768,NaN,NaN,NaN,-34.588367,17.487849
512.173,5.7033554264242055,34.39753501364642,33.79669314122143,219.36968402654344,2026-06-25 03:53:33.264794,NaN,NaN,NaN,-34.588367,17.487849
512.409,5.698223042661585,34.397492887167914,33.79162452967242,219.13963010202625,2026-06-25 03:53:33.214807,NaN,NaN,NaN,-34.588367,17.487849
512.613,5.683915574565494,34.39741271300222,33.77752098076063,219.27937452891342,2026-06-25 03:53:33.064846,NaN,NaN,NaN,-34.588367,17.487849
512.7555,5.690827951331846,34.39731560473031,33.784280793623495,219.21509771051592,2026-06-25 03:53:33.139826,NaN,NaN,NaN,-34.588367,17.487849
513.3635,5.672761099380237,34.39715108587963,33.76819709035837,219.05025691839828,2026-06-25 03:53:32.914885,NaN,NaN,NaN,-34.588367,17.487849
513.557,5.676189400358108,34.39705840279156,33.770782782913024,219.18177643783343,2026-06-25 03:53:32.964872,NaN,NaN,NaN,-34.588367,17.487849
513.9425000000001,5.66507402956451,34.39679361633482,33.76362592429367,218.79675089189988,2026-06-25 03:53:32.789918,NaN,NaN,NaN,-34.588367,17.487849
514.3475,5.658566771944266,34.39654265491967,33.760071488495576,219.00814087268077,2026-06-25 03:53:32.689944,NaN,NaN,NaN,-34.588367,17.487849
514.737,5.65260757839271,34.39633443176563,33.756059229457165,219.2468180825259,2026-06-25 03:53:32.614963,NaN,NaN,NaN,-34.588367,17.487849
515.0260000000001,5.645104022851747,34.3961065826083,33.75002589448005,219.32065232601292,2026-06-25 03:53:32.539983,NaN,NaN,NaN,-34.588367,17.487849
515.168,5.636314193899032,34.39586331833688,33.74230731333986,219.3961758045658,2026-06-25 03:53:32.465002,NaN,NaN,NaN,-34.588367,17.487849
515.4363333333332,5.6223807500746865,34.395508871864656,33.72915135641727,219.86693190534265,2026-06-25 03:53:32.365028,NaN,NaN,NaN,-34.588367,17.487849
515.926,5.607060950597812,34.39513000936824,33.714173615559595,219.97901618722554,2026-06-25 03:53:32.265054,NaN,NaN,NaN,-34.588367,17.487849
516.249,5.590705315542417,34.39472038822892,33.69771363135259,220.14242443844057,2026-06-25 03:53:32.165081,NaN,NaN,NaN,-34.588367,17.487849
516.4195,5.586595197119481,34.394606090807684,33.69354208434993,220.17805981217134,2026-06-25 03:53:32.140087,NaN,NaN,NaN,-34.588367,17.487849
516.589,5.582438430157011,34.39450528660476,33.68933566140907,220.21033251209653,2026-06-25 03:53:32.115094,NaN,NaN,NaN,-34.588367,17.487849
516.98525,5.55479094244045,34.393696941115806,33.661593717879555,220.38765220930446,2026-06-25 03:53:31.940139,NaN,NaN,NaN,-34.588367,17.487849
517.752,5.530459990305152,34.39281804735718,33.63686181430439,220.35707140314332,2026-06-25 03:53:31.765185,NaN,NaN,NaN,-34.588367,17.487849
518.03,5.524291945977669,34.392553800836254,33.63030176264364,220.4100876751493,2026-06-25 03:53:31.715198,NaN,NaN,NaN,-34.588367,17.487849
518.29,5.51291012915516,34.392011705873145,33.61787113311436,220.52085531459682,2026-06-25 03:53:31.615224,NaN,NaN,NaN,-34.588367,17.487849
518.495,5.508001732840571,34.39173155548839,33.61238781655752,220.56310386703396,2026-06-25 03:53:31.565237,NaN,NaN,NaN,-34.588367,17.487849
518.679,5.50171010916909,34.39130154845266,33.605363315871784,220.6036134733956,2026-06-25 03:53:31.490256,NaN,NaN,NaN,-34.588367,17.487849
519.259,5.49523167823714,34.39071277266248,33.59818272808049,220.50480765279502,2026-06-25 03:53:31.390282,NaN,NaN,NaN,-34.588367,17.487849
519.479,5.491776079509502,34.390260275234944,33.594401763646815,220.37398838344308,2026-06-25 03:53:31.315302,NaN,NaN,NaN,-34.588367,17.487849
519.607,5.490157306115778,34.389953143365226,33.592644536237174,220.39125957329,2026-06-25 03:53:31.265315,NaN,NaN,NaN,-34.588367,17.487849
519.709,5.488999433717365,34.38964213455345,33.59137040046711,220.39515494095357,2026-06-25 03:53:31.215328,NaN,NaN,NaN,-34.588367,17.487849
520.097,5.48826039979138,34.38932742817684,33.590505547487716,220.4175797847485,2026-06-25 03:53:31.165341,NaN,NaN,NaN,-34.588367,17.487849
520.465,5.487902952129368,34.38900920406999,33.58998672033545,220.42351949880765,2026-06-25 03:53:31.115354,NaN,NaN,NaN,-34.588367,17.487849
520.547,5.487892841478815,34.388687642367344,33.589763314157274,220.41411589194414,2026-06-25 03:53:31.065367,NaN,NaN,NaN,-34.588367,17.487849
520.778,5.488465408700575,34.38819907533423,33.58991860121415,220.4033955995266,2026-06-25 03:53:30.990387,NaN,NaN,NaN,-34.588367,17.487849
521.021,5.489464397713753,34.38770473441629,33.590478948826885,220.38700962318214,2026-06-25 03:53:30.915406,NaN,NaN,NaN,-34.588367,17.487849
521.2595,5.490679354077603,34.38720385090421,33.59143131909532,220.3873563522098,2026-06-25 03:53:30.840426,NaN,NaN,NaN,-34.588367,17.487849
521.483,5.491829336963814,34.386698271537455,33.59259194039264,220.3843226468086,2026-06-25 03:53:30.765445,NaN,NaN,NaN,-34.588367,17.487849
521.6,5.492471220816036,34.38635838583415,33.5934238461475,220.37906065928226,2026-06-25 03:53:30.715458,NaN,NaN,NaN,-34.588367,17.487849
521.908,5.492996523306862,34.38601659786976,33.59422983714116,220.3762826102301,2026-06-25 03:53:30.665471,NaN,NaN,NaN,-34.588367,17.487849
522.3683333333333,5.4937064924840975,34.385327563959244,33.59560811984219,220.37886072379905,2026-06-25 03:53:30.565497,NaN,NaN,NaN,-34.588367,17.487849
522.9415,5.494395472325593,34.384459616466515,33.597247841663275,220.56171097496673,2026-06-25 03:53:30.440530,NaN,NaN,NaN,-34.588367,17.487849
523.143,5.495556896029585,34.38358556122174,33.5997209731846,220.69265156586061,2026-06-25 03:53:30.315563,NaN,NaN,NaN,-34.588367,17.487849
523.4645,5.495603344173555,34.38358530353412,33.599826038095,220.54037291222673,2026-06-25 03:53:30.315563,NaN,NaN,NaN,-34.588367,17.487849
523.8005,5.497135401055546,34.38270815144537,33.60333559907343,220.67428825467223,2026-06-25 03:53:30.190595,NaN,NaN,NaN,-34.588367,17.487849
524.061,5.497606152653176,34.382181264933514,33.605319293005,220.6644311949401,2026-06-25 03:53:30.115615,NaN,NaN,NaN,-34.588367,17.487849
524.349,5.497337682414822,34.381830150545575,33.606056695647105,220.66559376615606,2026-06-25 03:53:30.065628,NaN,NaN,NaN,-34.588367,17.487849
524.581,5.4955650062758865,34.38130418098615,33.60547442532095,220.84225367103446,2026-06-25 03:53:29.990647,NaN,NaN,NaN,-34.588367,17.487849
524.835,5.492127520994225,34.38077931408816,33.60266270393525,221.04217736083766,2026-06-25 03:53:29.915667,NaN,NaN,NaN,-34.588367,17.487849
525.126,5.488662114072175,34.38043040192775,33.5991400990962,221.0887355005508,2026-06-25 03:53:29.865680,NaN,NaN,NaN,-34.588367,17.487849
525.344,5.4843977710609915,34.38008243472008,33.59448627037874,221.46106898266683,2026-06-25 03:53:29.815693,NaN,NaN,NaN,-34.588367,17.487849
525.8180000000001,5.474223027875748,34.379390419630134,33.5831038989871,221.6010998441791,2026-06-25 03:53:29.715719,NaN,NaN,NaN,-34.588367,17.487849
526.182,5.461412904081476,34.37853260289001,33.56923732818623,221.53829039273336,2026-06-25 03:53:29.590752,NaN,NaN,NaN,-34.588367,17.487849
526.648,5.454800106461501,34.37802301354337,33.56251474273814,221.4348177435609,2026-06-25 03:53:29.515771,NaN,NaN,NaN,-34.588367,17.487849
526.818,5.451061067601967,34.377685894099514,33.558943629614525,221.4601162607992,2026-06-25 03:53:29.465784,NaN,NaN,NaN,-34.588367,17.487849
527.011,5.447782794817634,34.3773509081536,33.5560025047166,221.48683264795912,2026-06-25 03:53:29.415797,NaN,NaN,NaN,-34.588367,17.487849
527.418,5.442194672222622,34.37668874650441,33.55162581021443,221.84407410117717,2026-06-25 03:53:29.315823,NaN,NaN,NaN,-34.588367,17.487849
527.787,5.436799953922466,34.376035080120786,33.54787651866161,221.88396579392725,2026-06-25 03:53:29.215849,NaN,NaN,NaN,-34.588367,17.487849
528.083,5.430313530446014,34.375712830106814,33.54314113318967,222.25205839606886,2026-06-25 03:53:29.115875,NaN,NaN,NaN,-34.588367,17.487849
528.113,5.433775754169296,34.37539352702813,33.54576136519207,221.91478173478671,2026-06-25 03:53:29.165862,NaN,NaN,NaN,-34.588367,17.487849
528.498,5.426283695347035,34.37507729928767,33.539805154461156,222.28907491850663,2026-06-25 03:53:29.065888,NaN,NaN,NaN,-34.588367,17.487849
528.552,5.421599702567065,34.374764273118096,33.53560775035783,222.3399215523492,2026-06-25 03:53:29.015901,NaN,NaN,NaN,-34.588367,17.487849
529.0195000000001,5.413235370056418,34.374301445899235,33.52752345592489,222.45777767781655,2026-06-25 03:53:28.940921,NaN,NaN,NaN,-34.588367,17.487849
529.315,5.40373445357012,34.373845632735936,33.51793353858322,222.56188515098893,2026-06-25 03:53:28.865940,NaN,NaN,NaN,-34.588367,17.487849
529.5385,5.393466213326848,34.373399027753834,33.507355069930405,222.81357704083453,2026-06-25 03:53:28.790960,NaN,NaN,NaN,-34.588367,17.487849
529.708,5.376694436721694,34.37296013154604,33.490182965135915,222.7960909961705,2026-06-25 03:53:28.665993,NaN,NaN,NaN,-34.588367,17.487849
529.926,5.383212057566229,34.372672857496674,33.49681431382144,222.74629765524904,2026-06-25 03:53:28.715980,NaN,NaN,NaN,-34.588367,17.487849
530.2575,5.367779058865088,34.37225025219639,33.48121677464427,222.87486896429706,2026-06-25 03:53:28.591012,NaN,NaN,NaN,-34.588367,17.487849
530.413,5.3598963126296635,34.371836210411224,33.473379567697876,222.9402675482196,2026-06-25 03:53:28.516032,NaN,NaN,NaN,-34.588367,17.487849
530.691,5.3553766269575656,34.371566057813276,33.46894151010363,222.97810645225752,2026-06-25 03:53:28.466045,NaN,NaN,NaN,-34.588367,17.487849
530.9745,5.349668445836741,34.371169928967674,33.46340636425336,223.02427115162027,2026-06-25 03:53:28.391064,NaN,NaN,NaN,-34.588367,17.487849
531.3935,5.343584444715595,34.37065737871977,33.457575316250484,223.06851296843226,2026-06-25 03:53:28.291090,NaN,NaN,NaN,-34.588367,17.487849
531.88,5.337641194918258,34.3700458642612,33.45183562531199,223.12553298328658,2026-06-25 03:53:28.166123,NaN,NaN,NaN,-34.588367,17.487849
532.068,5.337680996730178,34.370043345814274,33.45184772847341,223.12538282078705,2026-06-25 03:53:28.166123,NaN,NaN,NaN,-34.588367,17.487849
532.278,5.333364408479532,34.36957520752371,33.447480616689354,223.16725125398784,2026-06-25 03:53:28.066149,NaN,NaN,NaN,-34.588367,17.487849
532.595,5.33007226111251,34.369238331927605,33.44391958910566,223.2064067261116,2026-06-25 03:53:27.991168,NaN,NaN,NaN,-34.588367,17.487849
532.82,5.3266348879061,34.36891201511041,33.4401040323393,223.2454060876428,2026-06-25 03:53:27.916188,NaN,NaN,NaN,-34.588367,17.487849
532.984,5.324246003363871,34.36870161174827,33.43745633135522,223.2635865704855,2026-06-25 03:53:27.866201,NaN,NaN,NaN,-34.588367,17.487849
533.215,5.321802373315438,34.36849663538252,33.434809628769365,223.2863449227838,2026-06-25 03:53:27.816214,NaN,NaN,NaN,-34.588367,17.487849
533.486,5.319322844232317,34.368297138525136,33.43222728569891,223.3133145305775,2026-06-25 03:53:27.766227,NaN,NaN,NaN,-34.588367,17.487849
533.546,5.31682591663321,34.36810316999221,33.429757922106205,223.03488430576053,2026-06-25 03:53:27.716240,NaN,NaN,NaN,-34.588367,17.487849
534.014,5.313104420826109,34.36782338466226,33.426335135932746,223.0668271955578,2026-06-25 03:53:27.641260,NaN,NaN,NaN,-34.588367,17.487849
534.247,5.309478631811113,34.36755486628658,33.42318013720284,223.1031703070609,2026-06-25 03:53:27.566279,NaN,NaN,NaN,-34.588367,17.487849
534.558,5.30716802560455,34.36738342403904,33.4212125141298,223.1295853792161,2026-06-25 03:53:27.516292,NaN,NaN,NaN,-34.588367,17.487849
534.832,5.304959336790954,34.3672176975608,33.41930258396849,223.14783692621432,2026-06-25 03:53:27.466305,NaN,NaN,NaN,-34.588367,17.487849
535.012,5.300926231950552,34.36690638301209,33.4155082034523,223.18225672127252,2026-06-25 03:53:27.366331,NaN,NaN,NaN,-34.588367,17.487849
535.1655000000001,5.299030293962168,34.36675795140721,33.41358710730171,223.0388099304056,2026-06-25 03:53:27.316344,NaN,NaN,NaN,-34.588367,17.487849
535.694,5.29372911289278,34.36647557540554,33.407708486104,222.93172078430172,2026-06-25 03:53:27.166383,NaN,NaN,NaN,-34.588367,17.487849
535.774,5.295436631458269,34.366344553465865,33.409683003920115,222.91283881652132,2026-06-25 03:53:27.216370,NaN,NaN,NaN,-34.588367,17.487849
536.0229999999999,5.291233016707299,34.36615965250206,33.40484319675767,222.97398608692924,2026-06-25 03:53:27.091403,NaN,NaN,NaN,-34.588367,17.487849
536.256,5.2888512512878325,34.365986376948406,33.40221342197024,222.6790470003241,2026-06-25 03:53:27.016423,NaN,NaN,NaN,-34.588367,17.487849
536.356,5.286134262259171,34.365779495210674,33.399451620132496,223.01562899478452,2026-06-25 03:53:26.916449,NaN,NaN,NaN,-34.588367,17.487849
536.65,5.286232090417883,34.36577660869188,33.39959112459273,222.85935574541597,2026-06-25 03:53:26.916449,NaN,NaN,NaN,-34.588367,17.487849
537.232,5.284193169240153,34.36558992893318,33.39779677271634,222.72471612642036,2026-06-25 03:53:26.816475,NaN,NaN,NaN,-34.588367,17.487849
537.494,5.283572235260846,34.365505195579914,33.397444517236785,222.73795269972794,2026-06-25 03:53:26.766488,NaN,NaN,NaN,-34.588367,17.487849
537.553,5.283149761231432,34.36538948631268,33.397595814434624,222.43305435643285,2026-06-25 03:53:26.691507,NaN,NaN,NaN,-34.588367,17.487849
537.875,5.283241002848236,34.36528508841517,33.39841843120813,222.4196535442195,2026-06-25 03:53:26.616527,NaN,NaN,NaN,-34.588367,17.487849
538.144,5.28361615599044,34.3652229710517,33.399356407216885,222.41320778678698,2026-06-25 03:53:26.566540,NaN,NaN,NaN,-34.588367,17.487849
538.3585,5.284505514693472,34.365140895687176,33.40112396958504,222.25979172824177,2026-06-25 03:53:26.491559,NaN,NaN,NaN,-34.588367,17.487849
538.8593333333333,5.2862687255735175,34.36503145228761,33.40415423858448,222.0917544927892,2026-06-25 03:53:26.366592,NaN,NaN,NaN,-34.588367,17.487849
539.226,5.287552946705712,34.364965420910686,33.406099663128934,222.09080606291678,2026-06-25 03:53:26.266618,NaN,NaN,NaN,-34.588367,17.487849
539.586,5.288210265835193,34.36493170433158,33.4069920009798,221.936610822974,2026-06-25 03:53:26.191638,NaN,NaN,NaN,-34.588367,17.487849
539.823,5.288618830846793,34.3649083131448,33.40755933180636,221.77528277292825,2026-06-25 03:53:26.116657,NaN,NaN,NaN,-34.588367,17.487849
540.0855,5.288725358627186,34.36490513045055,33.4078665153757,221.77732117779823,2026-06-25 03:53:26.041677,NaN,NaN,NaN,-34.588367,17.487849
540.398,5.288357720418986,34.36490513045055,33.40819775345634,221.79314756527285,2026-06-25 03:53:25.916709,NaN,NaN,NaN,-34.588367,17.487849
540.5705,5.288314714350857,34.36490513045055,33.40819925774154,221.94943832166985,2026-06-25 03:53:25.916709,NaN,NaN,NaN,-34.588367,17.487849
541.0525,5.287451755602037,34.36493896237556,33.40850669334843,221.80972150891262,2026-06-25 03:53:25.791742,NaN,NaN,NaN,-34.588367,17.487849
541.144,5.286827081229277,34.364973616051834,33.40864990741504,221.81565381875814,2026-06-25 03:53:25.716761,NaN,NaN,NaN,-34.588367,17.487849
541.361,5.28641155536105,34.365002699214855,33.408673589267174,221.51164481861827,2026-06-25 03:53:25.666774,NaN,NaN,NaN,-34.588367,17.487849
541.589,5.286006351810048,34.365036164858495,33.40861140126076,221.82065895239165,2026-06-25 03:53:25.616787,NaN,NaN,NaN,-34.588367,17.487849
541.786,5.285200296069158,34.36507392887452,33.40817702298776,221.5256783829772,2026-06-25 03:53:25.516813,NaN,NaN,NaN,-34.588367,17.487849
542.058,5.285607038433761,34.36511590588347,33.40844772814466,221.82726871700768,2026-06-25 03:53:25.566800,NaN,NaN,NaN,-34.588367,17.487849
542.344,5.284769882826321,34.36516200933228,33.40779982691521,221.84162797640573,2026-06-25 03:53:25.466826,NaN,NaN,NaN,-34.588367,17.487849
542.6635,5.2840485314830925,34.365239197814596,33.407029981338525,221.54192574941175,2026-06-25 03:53:25.391846,NaN,NaN,NaN,-34.588367,17.487849
542.991,5.283237777627722,34.365324197170125,33.40607427032947,221.55827973019433,2026-06-25 03:53:25.316866,NaN,NaN,NaN,-34.588367,17.487849
543.184,5.282634942383124,34.36538592066323,33.40533446832341,221.5596521135736,2026-06-25 03:53:25.266879,NaN,NaN,NaN,-34.588367,17.487849
543.311,5.2819882753172065,34.3654513234775,33.40454009186143,221.56419779495135,2026-06-25 03:53:25.216892,NaN,NaN,NaN,-34.588367,17.487849
543.6030000000001,5.2805727629617945,34.36559393399701,33.40288909377856,221.5836884210531,2026-06-25 03:53:25.116918,NaN,NaN,NaN,-34.588367,17.487849
544.296,5.2790783220386075,34.36574788630085,33.40133119920278,221.61033541430336,2026-06-25 03:53:25.016944,NaN,NaN,NaN,-34.588367,17.487849
544.5575,5.277983336192384,34.365873068461596,33.40043090936561,221.3104993538892,2026-06-25 03:53:24.941963,NaN,NaN,NaN,-34.588367,17.487849
544.7909999999999,5.276705320591052,34.366050150351604,33.399711495356016,221.3174323182332,2026-06-25 03:53:24.841989,NaN,NaN,NaN,-34.588367,17.487849
545.252,5.2759333930801935,34.36619023793846,33.39955255614137,221.33120432188872,2026-06-25 03:53:24.767009,NaN,NaN,NaN,-34.588367,17.487849
545.419,5.275527319485718,34.36628732167792,33.39961698436347,221.34202571994058,2026-06-25 03:53:24.717022,NaN,NaN,NaN,-34.588367,17.487849
545.797,5.275209316944208,34.36638705647537,33.399772929354135,221.34367214854487,2026-06-25 03:53:24.667035,NaN,NaN,NaN,-34.588367,17.487849
545.9515,5.2749137800953,34.36659410192742,33.40027573384851,221.3464359761064,2026-06-25 03:53:24.567061,NaN,NaN,NaN,-34.588367,17.487849
546.218,5.274866784070792,34.366595286045374,33.40025814968388,221.3493066897455,2026-06-25 03:53:24.567061,NaN,NaN,NaN,-34.588367,17.487849
546.469,5.274938587218939,34.366866408728576,33.40107490318112,221.34021321684136,2026-06-25 03:53:24.442094,NaN,NaN,NaN,-34.588367,17.487849
546.857,5.275102063383066,34.367035860050876,33.401662542065836,221.3429296351326,2026-06-25 03:53:24.367113,NaN,NaN,NaN,-34.588367,17.487849
546.95,5.275196398496281,34.36715151596292,33.402103325919214,221.04281255333456,2026-06-25 03:53:24.317126,NaN,NaN,NaN,-34.588367,17.487849
547.316,5.275245904008236,34.36726907134823,33.402573823401404,221.04957310971727,2026-06-25 03:53:24.267139,NaN,NaN,NaN,-34.588367,17.487849
547.607,5.275164360406767,34.36751004803833,33.40350248264631,221.05930305859522,2026-06-25 03:53:24.167165,NaN,NaN,NaN,-34.588367,17.487849
548.061,5.274897769965524,34.36775642632661,33.40423989506756,221.05441333692343,2026-06-25 03:53:24.067191,NaN,NaN,NaN,-34.588367,17.487849
548.1995,5.27443554396492,34.36794558544324,33.40442265075124,221.0597101655078,2026-06-25 03:53:23.992211,NaN,NaN,NaN,-34.588367,17.487849
548.389,5.27364682648964,34.36813733834312,33.40426601805454,221.06721302369778,2026-06-25 03:53:23.917230,NaN,NaN,NaN,-34.588367,17.487849
548.7715000000001,5.272260690854951,34.36833198804746,33.40364417499573,221.09769797870365,2026-06-25 03:53:23.842250,NaN,NaN,NaN,-34.588367,17.487849
549.255,5.269417191191609,34.36859484667967,33.402135219959135,221.1277244049525,2026-06-25 03:53:23.742276,NaN,NaN,NaN,-34.588367,17.487849
549.634,5.2664723352670455,34.36879413996026,33.4004033582807,221.16633557509613,2026-06-25 03:53:23.667296,NaN,NaN,NaN,-34.588367,17.487849
549.769,5.264042474462343,34.36892796431781,33.398846947951,221.19096736014205,2026-06-25 03:53:23.617309,NaN,NaN,NaN,-34.588367,17.487849
550.054,5.259627723744035,34.36912986732705,33.395731964175724,221.2255741820076,2026-06-25 03:53:23.542328,NaN,NaN,NaN,-34.588367,17.487849
550.382,5.254373405765596,34.3693327054495,33.391651974331744,221.27939007553022,2026-06-25 03:53:23.467348,NaN,NaN,NaN,-34.588367,17.487849
550.577,5.250257268400095,34.36946839947922,33.38816259796946,221.31346030704094,2026-06-25 03:53:23.417361,NaN,NaN,NaN,-34.588367,17.487849
550.843,5.2456497204021595,34.36960432835508,33.38402555098476,221.35800615500645,2026-06-25 03:53:23.367374,NaN,NaN,NaN,-34.588367,17.487849
551.014,5.2377734750773355,34.36980845663263,33.37651217426908,221.44385252161635,2026-06-25 03:53:23.292393,NaN,NaN,NaN,-34.588367,17.487849
551.334,5.229056292578008,34.370012583608876,33.36782688090103,221.53561982654784,2026-06-25 03:53:23.217413,NaN,NaN,NaN,-34.588367,17.487849
551.7115,5.21968314549952,34.3702163514267,33.35812040928411,221.62064097565616,2026-06-25 03:53:23.142432,NaN,NaN,NaN,-34.588367,17.487849
552.073,5.204114124036018,34.37055419129331,33.34155993351296,221.46581314207745,2026-06-25 03:53:23.017465,NaN,NaN,NaN,-34.588367,17.487849
552.208,5.204283165342003,34.37055445768432,33.34172543779587,221.46085757494984,2026-06-25 03:53:23.017465,NaN,NaN,NaN,-34.588367,17.487849
552.346,5.19304613335657,34.37082258917959,33.32961024823714,221.54059871811947,2026-06-25 03:53:22.917491,NaN,NaN,NaN,-34.588367,17.487849
553.041,5.188316041456976,34.37095560612389,33.324481809160936,221.60090571674482,2026-06-25 03:53:22.867504,NaN,NaN,NaN,-34.588367,17.487849
553.1625,5.182497466421707,34.37115341203432,33.31821550171507,221.33527292629933,2026-06-25 03:53:22.792524,NaN,NaN,NaN,-34.588367,17.487849
553.503,5.1758902560832984,34.371349241088886,33.3112559340697,221.36940629770936,2026-06-25 03:53:22.667556,NaN,NaN,NaN,-34.588367,17.487849
553.653,5.1780125142313125,34.37147830210911,33.31345835837405,221.36315499402335,2026-06-25 03:53:22.717543,NaN,NaN,NaN,-34.588367,17.487849
553.877,5.1743463673327925,34.37160611232969,33.30970022851192,221.0733072082203,2026-06-25 03:53:22.617569,NaN,NaN,NaN,-34.588367,17.487849
553.915,5.17328564418337,34.371732564734494,33.30869889701981,221.08264637780226,2026-06-25 03:53:22.567582,NaN,NaN,NaN,-34.588367,17.487849
554.234,5.172600064800299,34.371857551143506,33.308144119045615,221.0891937141895,2026-06-25 03:53:22.517595,NaN,NaN,NaN,-34.588367,17.487849
554.483,5.172183132749353,34.37198096221499,33.307920690705785,221.08286607581988,2026-06-25 03:53:22.467608,NaN,NaN,NaN,-34.588367,17.487849
554.5830000000001,5.171857351707253,34.37216265135166,33.307974913919395,220.78720235532285,2026-06-25 03:53:22.392628,NaN,NaN,NaN,-34.588367,17.487849
554.792,5.171637300793978,34.37234063286327,33.30819127116796,220.79193916345278,2026-06-25 03:53:22.317647,NaN,NaN,NaN,-34.588367,17.487849
555.302,5.1714768766097094,34.372456626526336,33.308330115331415,220.80120804874304,2026-06-25 03:53:22.267660,NaN,NaN,NaN,-34.588367,17.487849
555.4255,5.171167667752258,34.372626281668936,33.30839480656839,220.65764463709394,2026-06-25 03:53:22.192680,NaN,NaN,NaN,-34.588367,17.487849
555.72,5.17081475811404,34.37279131124573,33.30825136295935,220.50523481340895,2026-06-25 03:53:22.117699,NaN,NaN,NaN,-34.588367,17.487849
556.048,5.170589534552526,34.372898052109434,33.308004106517,220.5023060885218,2026-06-25 03:53:22.067713,NaN,NaN,NaN,-34.588367,17.487849
556.293,5.1704059254481844,34.373002186379196,33.30766033765312,220.50551658361348,2026-06-25 03:53:22.017726,NaN,NaN,NaN,-34.588367,17.487849
556.3705,5.170281264002994,34.37315287761095,33.30706625582765,220.51208211630558,2026-06-25 03:53:21.942745,NaN,NaN,NaN,-34.588367,17.487849
556.739,5.17058614679822,34.37334401874094,33.30654316129231,220.2040534350905,2026-06-25 03:53:21.842771,NaN,NaN,NaN,-34.588367,17.487849
556.97,5.171434706256882,34.37347959027382,33.306742516323574,220.2034769881859,2026-06-25 03:53:21.767791,NaN,NaN,NaN,-34.588367,17.487849
557.118,5.172512709405924,34.37356558010281,33.30743150805333,220.20275191579668,2026-06-25 03:53:21.717804,NaN,NaN,NaN,-34.588367,17.487849
557.481,5.174099263607974,34.37364812710213,33.30870581148446,219.87789686396823,2026-06-25 03:53:21.667817,NaN,NaN,NaN,-34.588367,17.487849
557.837,5.179392441517755,34.373801150890934,33.31388454583961,219.7602821036424,2026-06-25 03:53:21.567843,NaN,NaN,NaN,-34.588367,17.487849
558.412,5.194577893737279,34.37403058541736,33.33148028443923,219.2261383698811,2026-06-25 03:53:21.392888,NaN,NaN,NaN,-34.588367,17.487849
558.5609999999999,5.194943667392769,34.374034785917885,33.332246369436426,219.21858408235633,2026-06-25 03:53:21.392888,NaN,NaN,NaN,-34.588367,17.487849
558.826,5.208486725646687,34.37417044874477,33.34988894503103,218.60566680731256,2026-06-25 03:53:21.267921,NaN,NaN,NaN,-34.588367,17.487849
559.2294999999999,5.216048798774605,34.37423763411664,33.36056658563457,218.55435963262482,2026-06-25 03:53:21.192941,NaN,NaN,NaN,-34.588367,17.487849
559.614,5.223176866607668,34.374311683400705,33.371358009525494,218.67294230677493,2026-06-25 03:53:21.092967,NaN,NaN,NaN,-34.588367,17.487849
559.843,5.22547621183115,34.37435519375841,33.37587714890619,218.8345884410111,2026-06-25 03:53:21.017986,NaN,NaN,NaN,-34.588367,17.487849
560.144,5.225203486603381,34.37437759324507,33.37680286013325,218.85667660093802,2026-06-25 03:53:20.967999,NaN,NaN,NaN,-34.588367,17.487849
560.31,5.223622169640561,34.374394922224276,33.37622282983139,218.88424357368905,2026-06-25 03:53:20.918012,NaN,NaN,NaN,-34.588367,17.487849
560.8159999999999,5.216799538948739,34.37440258340006,33.37082211759818,218.94931174081964,2026-06-25 03:53:20.818038,NaN,NaN,NaN,-34.588367,17.487849
561.06,5.207253597147514,34.37440258340006,33.36220539963914,219.36631224883496,2026-06-25 03:53:20.718064,NaN,NaN,NaN,-34.588367,17.487849
561.29,5.201610503545587,34.37440258340006,33.35681197803638,219.41571404074156,2026-06-25 03:53:20.668077,NaN,NaN,NaN,-34.588367,17.487849
561.516,5.195700985458388,34.37438779256719,33.35105326953453,219.48076414828745,2026-06-25 03:53:20.618090,NaN,NaN,NaN,-34.588367,17.487849
561.8115,5.186611360706285,34.374354387837045,33.3420715922049,219.40180411601028,2026-06-25 03:53:20.543110,NaN,NaN,NaN,-34.588367,17.487849
562.197,5.171626376714142,34.37430962914671,33.32709775423132,219.38639279529718,2026-06-25 03:53:20.418142,NaN,NaN,NaN,-34.588367,17.487849
562.386,5.177539584466647,34.37427214095593,33.33303195158402,219.32902653880146,2026-06-25 03:53:20.468129,NaN,NaN,NaN,-34.588367,17.487849
562.568,5.1631083975422145,34.37420431452644,33.31849197455897,219.75555939549008,2026-06-25 03:53:20.343162,NaN,NaN,NaN,-34.588367,17.487849
562.913,5.155032114506776,34.37412481331248,33.31028292713845,219.83150575782423,2026-06-25 03:53:20.268182,NaN,NaN,NaN,-34.588367,17.487849
563.1655000000001,5.145376976763884,34.373994318236754,33.30054913320903,219.7729858115125,2026-06-25 03:53:20.168208,NaN,NaN,NaN,-34.588367,17.487849
563.4225,5.140928704630065,34.37392169569986,33.29614321694636,219.8041423375945,2026-06-25 03:53:20.118221,NaN,NaN,NaN,-34.588367,17.487849
563.784,5.132813853488092,34.373761689018465,33.28829984786181,219.71540132748478,2026-06-25 03:53:20.018247,NaN,NaN,NaN,-34.588367,17.487849
563.986,5.127613558067889,34.373623251357905,33.28353079332997,219.76433473000023,2026-06-25 03:53:19.943266,NaN,NaN,NaN,-34.588367,17.487849
564.434,5.121315473468915,34.37341911096719,33.277962494205156,219.82508430355765,2026-06-25 03:53:19.843292,NaN,NaN,NaN,-34.588367,17.487849
564.688,5.116898819660094,34.373251439462116,33.27410003547856,219.8615768904714,2026-06-25 03:53:19.768312,NaN,NaN,NaN,-34.588367,17.487849
564.762,5.114039824197049,34.373131961938434,33.27154609690792,219.8738205474718,2026-06-25 03:53:19.718325,NaN,NaN,NaN,-34.588367,17.487849
565.086,5.111198801774814,34.37300676838605,33.26892951550326,219.90272357843205,2026-06-25 03:53:19.668338,NaN,NaN,NaN,-34.588367,17.487849
565.34,5.108339026791767,34.372875911615935,33.26621346433963,219.94535323048387,2026-06-25 03:53:19.618351,NaN,NaN,NaN,-34.588367,17.487849
565.799,5.103968020493959,34.372668451258406,33.261951084077054,220.14554295101277,2026-06-25 03:53:19.543371,NaN,NaN,NaN,-34.588367,17.487849
565.951,5.0995629854258935,34.37244998600295,33.257612189447826,220.0442804615486,2026-06-25 03:53:19.468390,NaN,NaN,NaN,-34.588367,17.487849
566.4023333333333,5.0939592297373695,34.372137236355584,33.252155802505634,220.09242742536946,2026-06-25 03:53:19.368416,NaN,NaN,NaN,-34.588367,17.487849
566.811,5.088823795869665,34.371807114770604,33.247287224922346,220.1312303539806,2026-06-25 03:53:19.268442,NaN,NaN,NaN,-34.588367,17.487849
566.982,5.085463719264482,34.371544408103595,33.24425179165583,220.16159330573052,2026-06-25 03:53:19.193462,NaN,NaN,NaN,-34.588367,17.487849
567.296,5.082406910680384,34.371272003493075,33.24158575391035,220.1810522370115,2026-06-25 03:53:19.118481,NaN,NaN,NaN,-34.588367,17.487849
567.695,5.0805333945224564,34.37108413081014,33.24000802685485,220.2057738510523,2026-06-25 03:53:19.068494,NaN,NaN,NaN,-34.588367,17.487849
568.045,5.0770310305164,34.370693447245245,33.23717671425555,220.24170166816032,2026-06-25 03:53:18.968520,NaN,NaN,NaN,-34.588367,17.487849
568.5395,5.07287102334614,34.3701838712678,33.23389938160603,220.29305532189875,2026-06-25 03:53:18.843553,NaN,NaN,NaN,-34.588367,17.487849
568.834,5.070459943768811,34.36986614572082,33.232035661345535,220.62423245722673,2026-06-25 03:53:18.768572,NaN,NaN,NaN,-34.588367,17.487849
568.96,5.068860396776078,34.36964935636315,33.230844417149044,220.637759348379,2026-06-25 03:53:18.718585,NaN,NaN,NaN,-34.588367,17.487849
569.391,5.066372001885392,34.36931719008887,33.2290932834038,220.66628642270211,2026-06-25 03:53:18.643605,NaN,NaN,NaN,-34.588367,17.487849
569.693,5.061511223281567,34.368978452545925,33.22583801629301,221.0164204145041,2026-06-25 03:53:18.518638,NaN,NaN,NaN,-34.588367,17.487849
569.814,5.063639174375388,34.36874852813657,33.22726032517374,220.99959138464246,2026-06-25 03:53:18.568625,NaN,NaN,NaN,-34.588367,17.487849
569.933,5.0590220941504,34.368515745516426,33.224101142828964,221.03612952167725,2026-06-25 03:53:18.468651,NaN,NaN,NaN,-34.588367,17.487849
570.249,5.052485676298156,34.3682802816047,33.21903380072953,221.10267518760645,2026-06-25 03:53:18.368677,NaN,NaN,NaN,-34.588367,17.487849
570.447,5.056053211557198,34.36804231626049,33.22188782719365,221.07185523910596,2026-06-25 03:53:18.418664,NaN,NaN,NaN,-34.588367,17.487849
570.62,5.048214368619767,34.367802032039265,33.215394216330814,221.4585362380753,2026-06-25 03:53:18.318690,NaN,NaN,NaN,-34.588367,17.487849
570.867,5.043162345535384,34.3675596139438,33.21086363702385,221.5059280922734,2026-06-25 03:53:18.268703,NaN,NaN,NaN,-34.588367,17.487849
570.923,5.037291491410186,34.36731524917024,33.205389902731284,221.59180132959474,2026-06-25 03:53:18.218716,NaN,NaN,NaN,-34.588367,17.487849
571.14,5.030609513445701,34.367069126849614,33.198969674780386,221.65113068151652,2026-06-25 03:53:18.168729,NaN,NaN,NaN,-34.588367,17.487849
571.398,5.02317174562693,34.366821437785404,33.19162808908338,222.01595992988194,2026-06-25 03:53:18.118742,NaN,NaN,NaN,-34.588367,17.487849
571.545,5.006417090740253,34.36632212940511,33.1744154083311,222.1933441294285,2026-06-25 03:53:18.018768,NaN,NaN,NaN,-34.588367,17.487849
571.7964999999999,5.0015585021858655,34.36619562396604,33.16913520797957,222.23074724521072,2026-06-25 03:53:17.993774,NaN,NaN,NaN,-34.588367,17.487849
571.926,4.997349058553685,34.36607089765338,33.1648108160183,222.28518199398465,2026-06-25 03:53:17.968781,NaN,NaN,NaN,-34.588367,17.487849
572.443,4.978737376266967,34.365566252812854,33.14487644929971,222.47271836242035,2026-06-25 03:53:17.868807,NaN,NaN,NaN,-34.588367,17.487849
572.624,4.9696652267749455,34.36531323004491,33.13519268859498,222.86503318271872,2026-06-25 03:53:17.818820,NaN,NaN,NaN,-34.588367,17.487849
572.8225,4.957077384285214,34.36493337938818,33.12190795635999,222.6464566372366,2026-06-25 03:53:17.743840,NaN,NaN,NaN,-34.588367,17.487849
573.028,4.945903104505722,34.364553697656774,33.110223338206886,222.73003493690777,2026-06-25 03:53:17.668859,NaN,NaN,NaN,-34.588367,17.487849
573.395,4.939530080459444,34.364301010960595,33.103572190124765,222.47296866797896,2026-06-25 03:53:17.618872,NaN,NaN,NaN,-34.588367,17.487849
573.62,4.9316081166087224,34.3639232067203,33.09525321255858,222.38313964555635,2026-06-25 03:53:17.543892,NaN,NaN,NaN,-34.588367,17.487849
573.992,4.923610232002149,34.36342245465017,33.08677895992359,222.29891002196848,2026-06-25 03:53:17.443918,NaN,NaN,NaN,-34.588367,17.487849
574.294,4.919370439610879,34.36304982828,33.08232369874015,222.33937310257045,2026-06-25 03:53:17.368937,NaN,NaN,NaN,-34.588367,17.487849
574.353,4.917384907490109,34.36280334300961,33.080357745766825,222.35083990281467,2026-06-25 03:53:17.318950,NaN,NaN,NaN,-34.588367,17.487849
574.69,4.915011433922469,34.36255853087446,33.078524428240975,222.0475399448197,2026-06-25 03:53:17.218976,NaN,NaN,NaN,-34.588367,17.487849
574.764,4.915957971680714,34.36231556751995,33.07911513513535,222.05085264308798,2026-06-25 03:53:17.268963,NaN,NaN,NaN,-34.588367,17.487849
575.056,4.914444376632024,34.36207462545292,33.078472694941944,221.74661562812327,2026-06-25 03:53:17.168989,NaN,NaN,NaN,-34.588367,17.487849
575.392,4.9141394138533645,34.36183587384509,33.07881578619903,221.75189601737824,2026-06-25 03:53:17.119002,NaN,NaN,NaN,-34.588367,17.487849
575.614,4.91384673409078,34.36136693897113,33.08002894803989,221.75632976143098,2026-06-25 03:53:17.019029,NaN,NaN,NaN,-34.588367,17.487849
575.7945,4.913818584898637,34.36136560090305,33.07998006887698,221.60435188079057,2026-06-25 03:53:17.019029,NaN,NaN,NaN,-34.588367,17.487849
575.911,4.913353296063816,34.36090602847748,33.08087954198717,221.46194030532124,2026-06-25 03:53:16.919055,NaN,NaN,NaN,-34.588367,17.487849
576.279,4.9128869482771025,34.36068063741943,33.0808763799674,221.4755674999359,2026-06-25 03:53:16.869068,NaN,NaN,NaN,-34.588367,17.487849
576.401,4.912250034223718,34.360458371979576,33.08053502120754,221.4876674264848,2026-06-25 03:53:16.819081,NaN,NaN,NaN,-34.588367,17.487849
576.8180000000001,4.910115469575737,34.359955490191226,33.07857428883477,221.51802761876183,2026-06-25 03:53:16.702444,NaN,NaN,NaN,-34.588367,17.487849
576.975,4.909480738136671,34.35981171753582,33.07795237641597,221.52331334253344,2026-06-25 03:53:16.669120,NaN,NaN,NaN,-34.588367,17.487849
577.392,4.906688364797986,34.35929834993248,33.07521618624787,221.55193501080265,2026-06-25 03:53:16.544152,NaN,NaN,NaN,-34.588367,17.487849
577.9333333333334,4.904117865965827,34.358810127111404,33.07292586862588,221.5763715342781,2026-06-25 03:53:16.419185,NaN,NaN,NaN,-34.588367,17.487849
578.356,4.902372890624089,34.3584363323472,33.07148734658146,221.60172341937727,2026-06-25 03:53:16.319211,NaN,NaN,NaN,-34.588367,17.487849
578.8030000000001,4.901017955337506,34.35808387637093,33.070415670523985,221.45821514135244,2026-06-25 03:53:16.219237,NaN,NaN,NaN,-34.588367,17.487849
578.9515,4.900431388669878,34.357913369734376,33.06994417185405,221.61681934092314,2026-06-25 03:53:16.169250,NaN,NaN,NaN,-34.588367,17.487849
579.262,4.898971811256184,34.35758398878709,33.06872225194182,221.32588105927871,2026-06-25 03:53:16.019289,NaN,NaN,NaN,-34.588367,17.487849
579.404,4.899413510661068,34.35742761579308,33.06910006185694,221.32518172610813,2026-06-25 03:53:16.069276,NaN,NaN,NaN,-34.588367,17.487849
579.648,4.898081148847413,34.35727609374809,33.06802287045055,221.33843669508389,2026-06-25 03:53:15.919315,NaN,NaN,NaN,-34.588367,17.487849
579.809,4.898535707838354,34.35712947744561,33.06836313902375,221.33424061844875,2026-06-25 03:53:15.969302,NaN,NaN,NaN,-34.588367,17.487849
580.255,4.8963437736812905,34.35691948582311,33.06705265749775,221.36130893557137,2026-06-25 03:53:15.769354,NaN,NaN,NaN,-34.588367,17.487849
580.3525,4.897296598599032,34.35671953285774,33.067539439129554,221.34853583248758,2026-06-25 03:53:15.844335,NaN,NaN,NaN,-34.588367,17.487849
580.743,4.895558227322797,34.356592983616586,33.066695490724115,221.38154829963543,2026-06-25 03:53:15.719367,NaN,NaN,NaN,-34.588367,17.487849
581.044,4.8924189137310234,34.356413376127946,33.06524107237821,221.41214909969455,2026-06-25 03:53:15.569406,NaN,NaN,NaN,-34.588367,17.487849
581.168,4.894118774433933,34.35624404026599,33.06604906320749,221.38844174160317,2026-06-25 03:53:15.644387,NaN,NaN,NaN,-34.588367,17.487849
581.408,4.891116497855075,34.356138024454005,33.06456437334842,221.42661793999295,2026-06-25 03:53:15.519419,NaN,NaN,NaN,-34.588367,17.487849
581.9535000000001,4.888934496602089,34.35598934123692,33.06331260286363,221.4509323806706,2026-06-25 03:53:15.444439,NaN,NaN,NaN,-34.588367,17.487849
582.283,4.886572009643381,34.355851005592456,33.0618245959897,221.4812676784929,2026-06-25 03:53:15.369458,NaN,NaN,NaN,-34.588367,17.487849
582.413,4.8840680517538235,34.35572559077041,33.060062373067595,221.5013594263285,2026-06-25 03:53:15.294478,NaN,NaN,NaN,-34.588367,17.487849
582.682,4.881516447324905,34.355610482729844,33.05811298771093,221.5194544690961,2026-06-25 03:53:15.219498,NaN,NaN,NaN,-34.588367,17.487849
582.987,4.87980983522668,34.35554058834408,33.05672325033737,221.54599445929506,2026-06-25 03:53:15.169511,NaN,NaN,NaN,-34.588367,17.487849
583.154,4.878110581429388,34.35547580058689,33.0553038064718,221.5675264250748,2026-06-25 03:53:15.119524,NaN,NaN,NaN,-34.588367,17.487849
583.462,4.871689069089098,34.3553631074262,33.04978886833027,221.31512162482923,2026-06-25 03:53:14.919576,NaN,NaN,NaN,-34.588367,17.487849
583.611,4.8748109527724415,34.35526712862751,33.05250312561123,221.29248914744485,2026-06-25 03:53:15.019550,NaN,NaN,NaN,-34.588367,17.487849
584.164,4.870217013037008,34.35522739869982,33.04844358169002,221.6411866088292,2026-06-25 03:53:14.869589,NaN,NaN,NaN,-34.588367,17.487849
584.3710000000001,4.868033607918576,34.35517755718584,33.04633874947291,221.50824321910721,2026-06-25 03:53:14.794608,NaN,NaN,NaN,-34.588367,17.487849
584.705,4.865780289773228,34.355137341596155,33.04407643772324,221.6809219015499,2026-06-25 03:53:14.719628,NaN,NaN,NaN,-34.588367,17.487849
584.724,4.864160546105557,34.35511685648269,33.04242838988898,221.69330891537552,2026-06-25 03:53:14.669641,NaN,NaN,NaN,-34.588367,17.487849
585.1735000000001,4.861426851851959,34.35509543685348,33.03969988165616,221.57280644267996,2026-06-25 03:53:14.594660,NaN,NaN,NaN,-34.588367,17.487849
585.622,4.858307126997919,34.355089687650754,33.03667490155034,221.76201770307102,2026-06-25 03:53:14.519680,NaN,NaN,NaN,-34.588367,17.487849
585.825,4.854669364621724,34.355089687650754,33.03323266517509,221.80130632470312,2026-06-25 03:53:14.444700,NaN,NaN,NaN,-34.588367,17.487849
586.149,4.850670224837037,34.355089687650754,33.02947403134471,221.85093015340212,2026-06-25 03:53:14.369719,NaN,NaN,NaN,-34.588367,17.487849
586.427,4.847833389326385,34.35510045365839,33.02681386213732,221.87227836699964,2026-06-25 03:53:14.319732,NaN,NaN,NaN,-34.588367,17.487849
586.532,4.844938548291628,34.355115382398985,33.02410452688284,221.59149818528817,2026-06-25 03:53:14.269745,NaN,NaN,NaN,-34.588367,17.487849
586.796,4.8420437342187626,34.35513439001859,33.0214099075373,221.62379991281693,2026-06-25 03:53:14.219758,NaN,NaN,NaN,-34.588367,17.487849
586.987,4.839200687788583,34.35515739007425,33.01879715842896,221.6551083372673,2026-06-25 03:53:14.169771,NaN,NaN,NaN,-34.588367,17.487849
587.2395,4.835149358466207,34.35519965146267,33.01518894025911,221.69338998587043,2026-06-25 03:53:14.094791,NaN,NaN,NaN,-34.588367,17.487849
587.617,4.831389987556029,34.35524944343661,33.011968701384035,222.0286596158059,2026-06-25 03:53:14.019810,NaN,NaN,NaN,-34.588367,17.487849
587.748,4.82690281715802,34.35528750010055,33.00827875041859,221.74911281679306,2026-06-25 03:53:13.919836,NaN,NaN,NaN,-34.588367,17.487849
587.924,4.829088073915213,34.35532908122609,33.01006335232988,221.739224450463,2026-06-25 03:53:13.969823,NaN,NaN,NaN,-34.588367,17.487849
588.296,4.824776028270577,34.35537408668369,33.006543141341304,221.77285941971198,2026-06-25 03:53:13.869849,NaN,NaN,NaN,-34.588367,17.487849
588.401,4.820432439279132,34.35547396031075,33.00293571807378,221.8075637818182,2026-06-25 03:53:13.769875,NaN,NaN,NaN,-34.588367,17.487849
588.6044999999999,4.820373732156346,34.35547551654835,33.002874452571525,221.8225164589303,2026-06-25 03:53:13.769875,NaN,NaN,NaN,-34.588367,17.487849
589.061,4.815644958698784,34.35558628213757,32.9988620446012,221.88258364581333,2026-06-25 03:53:13.669901,NaN,NaN,NaN,-34.588367,17.487849
589.2323333333334,4.81034572623511,34.35571107720396,32.994238407016425,221.623975880127,2026-06-25 03:53:13.569928,NaN,NaN,NaN,-34.588367,17.487849
589.82,4.804826517519717,34.35584478188929,32.989273397142306,221.6678668201606,2026-06-25 03:53:13.469954,NaN,NaN,NaN,-34.588367,17.487849
589.992,4.799241694640294,34.35598915784194,32.98395075239995,221.56492456925488,2026-06-25 03:53:13.369980,NaN,NaN,NaN,-34.588367,17.487849
590.168,4.799227442543102,34.35599026424411,32.983964391989865,221.7115359939665,2026-06-25 03:53:13.369980,NaN,NaN,NaN,-34.588367,17.487849
590.447,4.793746864605568,34.356142384063396,32.97857188958567,221.4714507887268,2026-06-25 03:53:13.270006,NaN,NaN,NaN,-34.588367,17.487849
590.523,4.791126918696328,34.35622202119621,32.976006385585,221.49314541942167,2026-06-25 03:53:13.220019,NaN,NaN,NaN,-34.588367,17.487849
590.885,4.78865550624826,34.35630351548114,32.973636755532475,221.20955040259977,2026-06-25 03:53:13.170032,NaN,NaN,NaN,-34.588367,17.487849
591.081,4.786391303115775,34.35638674693347,32.9715400192121,221.23051615840097,2026-06-25 03:53:13.120045,NaN,NaN,NaN,-34.588367,17.487849
591.4416666666667,4.782774267896967,34.35655839687545,32.968543964080624,220.95784601687643,2026-06-25 03:53:13.020071,NaN,NaN,NaN,-34.588367,17.487849
592.02,4.780187366482439,34.35673462770419,32.966896080932024,220.6729453714088,2026-06-25 03:53:12.920097,NaN,NaN,NaN,-34.588367,17.487849
592.251,4.779152709491763,34.35687028533562,32.966810644382505,220.67148323542813,2026-06-25 03:53:12.845116,NaN,NaN,NaN,-34.588367,17.487849
592.331,4.778577584920836,34.357007840124176,32.96724527011704,220.36725023305615,2026-06-25 03:53:12.770136,NaN,NaN,NaN,-34.588367,17.487849
592.55,4.778373173556895,34.35710060558011,32.967680226005285,220.06832044086724,2026-06-25 03:53:12.720149,NaN,NaN,NaN,-34.588367,17.487849
592.741,4.778199589442804,34.357194016254354,32.968068903422875,220.06738142006526,2026-06-25 03:53:12.670162,NaN,NaN,NaN,-34.588367,17.487849
593.1446666666667,4.777627935826018,34.35738238587451,32.96825316334655,220.07672509526546,2026-06-25 03:53:12.570188,NaN,NaN,NaN,-34.588367,17.487849
593.351,4.776617068671111,34.35757170549843,32.96762377492897,220.0882718412664,2026-06-25 03:53:12.470214,NaN,NaN,NaN,-34.588367,17.487849
593.673,4.774952240942868,34.35766654378828,32.96599989930833,220.117945150387,2026-06-25 03:53:12.370240,NaN,NaN,NaN,-34.588367,17.487849
593.763,4.775850406530308,34.357761313125415,32.96690063992246,220.11038140093677,2026-06-25 03:53:12.420227,NaN,NaN,NaN,-34.588367,17.487849
594.245,4.773498191741207,34.35790304005686,32.9645425201803,219.6857300752072,2026-06-25 03:53:12.295260,NaN,NaN,NaN,-34.588367,17.487849
594.433,4.771465730754701,34.35804405440817,32.96277409244392,219.55097860794314,2026-06-25 03:53:12.170292,NaN,NaN,NaN,-34.588367,17.487849
594.585,4.7721494257734065,34.35813740127834,32.96328546603966,219.54873908864468,2026-06-25 03:53:12.220279,NaN,NaN,NaN,-34.588367,17.487849
595.0625,4.770966202431522,34.358276096029485,32.96272268215992,219.5558259785648,2026-06-25 03:53:12.095312,NaN,NaN,NaN,-34.588367,17.487849
595.414,4.771076367260555,34.35841319466669,32.96343157521213,219.24339895985065,2026-06-25 03:53:12.020331,NaN,NaN,NaN,-34.588367,17.487849
595.6715,4.7719261986131905,34.35854790167153,32.96494736325336,219.23590793087814,2026-06-25 03:53:11.945351,NaN,NaN,NaN,-34.588367,17.487849
596.054,4.773798096048155,34.35872372341384,32.96757609229246,219.21352052562924,2026-06-25 03:53:11.845377,NaN,NaN,NaN,-34.588367,17.487849
596.295,4.776117842158515,34.358894307846015,32.970367800966514,219.19812184723796,2026-06-25 03:53:11.745403,NaN,NaN,NaN,-34.588367,17.487849
596.611,4.77786761806148,34.359018555910076,32.97234146363413,219.1865072336641,2026-06-25 03:53:11.670423,NaN,NaN,NaN,-34.588367,17.487849
596.9200000000001,4.779449336402563,34.35913871553613,32.974129094604685,219.18106114861558,2026-06-25 03:53:11.595442,NaN,NaN,NaN,-34.588367,17.487849
597.3320000000001,4.781239151137649,34.3592929727647,32.976279761108444,219.16834608062015,2026-06-25 03:53:11.495468,NaN,NaN,NaN,-34.588367,17.487849
597.5945,4.782629365257251,34.35943951156267,32.97818456391602,219.16697785649959,2026-06-25 03:53:11.395494,NaN,NaN,NaN,-34.588367,17.487849
597.965,4.783427280956327,34.35954425370486,32.97947140391477,219.16269009842728,2026-06-25 03:53:11.320514,NaN,NaN,NaN,-34.588367,17.487849
598.1585,4.783974833742255,34.35964351849239,32.980595258356566,218.85599354673835,2026-06-25 03:53:11.245533,NaN,NaN,NaN,-34.588367,17.487849
598.638,4.784278041422499,34.35973819924678,32.98153865853619,219.16807397876556,2026-06-25 03:53:11.170553,NaN,NaN,NaN,-34.588367,17.487849
598.834,4.78426442822891,34.359798158427026,32.98199561839375,218.859042455482,2026-06-25 03:53:11.120566,NaN,NaN,NaN,-34.588367,17.487849
599.028,4.783782605737303,34.359883178473794,32.98228018669721,219.0152205067625,2026-06-25 03:53:11.045586,NaN,NaN,NaN,-34.588367,17.487849
599.4300000000001,4.782065683604619,34.359988070736,32.981684314381326,219.0386544245629,2026-06-25 03:53:10.945612,NaN,NaN,NaN,-34.588367,17.487849
599.849,4.779740600976489,34.36006020290356,32.98028414349802,218.9171104767825,2026-06-25 03:53:10.870631,NaN,NaN,NaN,-34.588367,17.487849
599.9445000000001,4.776207652477433,34.36012560254769,32.977758488601665,219.11154432246948,2026-06-25 03:53:10.795651,NaN,NaN,NaN,-34.588367,17.487849
600.301,4.771695692694452,34.36018549696113,32.974270915121366,219.2958751081538,2026-06-25 03:53:10.720670,NaN,NaN,NaN,-34.588367,17.487849
600.6085,4.766060106670512,34.36023837920393,32.96955108600218,219.37294011637306,2026-06-25 03:53:10.645690,NaN,NaN,NaN,-34.588367,17.487849
601.049,4.757351859617433,34.36029936425552,32.961781147924356,219.45671589014148,2026-06-25 03:53:10.545716,NaN,NaN,NaN,-34.588367,17.487849
601.184,4.750223604073964,34.36033786482486,32.95515358465275,219.22320875896338,2026-06-25 03:53:10.470735,NaN,NaN,NaN,-34.588367,17.487849
601.611,4.742864011599021,34.36036903678716,32.94821158296621,219.58989929327015,2026-06-25 03:53:10.395755,NaN,NaN,NaN,-34.588367,17.487849
601.891,4.735519815947701,34.36039429730968,32.94131541112801,219.65795490640335,2026-06-25 03:53:10.320774,NaN,NaN,NaN,-34.588367,17.487849
602.21,4.730717426462146,34.36040717602559,32.936870141064894,219.71487576848992,2026-06-25 03:53:10.270788,NaN,NaN,NaN,-34.588367,17.487849
602.371,4.726030459580602,34.36041707192133,32.9325938046848,219.44716583786925,2026-06-25 03:53:10.220801,NaN,NaN,NaN,-34.588367,17.487849
602.5965,4.71928258967108,34.360425935689904,32.92648190128545,219.49368774144244,2026-06-25 03:53:10.145820,NaN,NaN,NaN,-34.588367,17.487849
602.902,4.712806783964158,34.360425935689904,32.920506535345126,219.5431632568543,2026-06-25 03:53:10.070840,NaN,NaN,NaN,-34.588367,17.487849
603.068,4.708612302386756,34.360425935689904,32.91646212419764,219.5811011360275,2026-06-25 03:53:10.020853,NaN,NaN,NaN,-34.588367,17.487849
603.258,4.704448464084506,34.360421672942806,32.912278289543806,219.61912714600632,2026-06-25 03:53:09.970866,NaN,NaN,NaN,-34.588367,17.487849
603.606,4.700281380188233,34.36041362212525,32.9079335150861,219.66587869938982,2026-06-25 03:53:09.920879,NaN,NaN,NaN,-34.588367,17.487849
603.756,4.696107845510004,34.360402592386144,32.903467735935436,219.7179017807265,2026-06-25 03:53:09.870892,NaN,NaN,NaN,-34.588367,17.487849
603.924,4.691960174378496,34.36038859250274,32.898973040591365,219.75209462636238,2026-06-25 03:53:09.820905,NaN,NaN,NaN,-34.588367,17.487849
604.193,4.687900873005912,34.36037163301799,32.894566483527406,219.79039919191587,2026-06-25 03:53:09.770918,NaN,NaN,NaN,-34.588367,17.487849
604.356,4.6840068504042565,34.36035172614177,32.89036369104051,219.82323297267237,2026-06-25 03:53:09.720931,NaN,NaN,NaN,-34.588367,17.487849
604.654,4.677115921281584,34.3603021595502,32.88307747954829,219.63529065977465,2026-06-25 03:53:09.620957,NaN,NaN,NaN,-34.588367,17.487849
604.925,4.671374291591797,34.36024292176051,32.87717269041689,219.6192196434191,2026-06-25 03:53:09.520983,NaN,NaN,NaN,-34.588367,17.487849
605.2465,4.668203352616384,34.36018988567574,32.874077910195815,219.6534057354052,2026-06-25 03:53:09.446002,NaN,NaN,NaN,-34.588367,17.487849
605.6424999999999,4.6651510187561716,34.360109742399445,32.871346163843796,219.67701158506142,2026-06-25 03:53:09.346029,NaN,NaN,NaN,-34.588367,17.487849
606.1949999999999,4.663308426556185,34.36001844070303,32.870012090147185,219.39310793514323,2026-06-25 03:53:09.246055,NaN,NaN,NaN,-34.588367,17.487849
606.594,4.66219459812444,34.35994309340971,32.8696498315277,219.39759924671293,2026-06-25 03:53:09.121087,NaN,NaN,NaN,-34.588367,17.487849
606.706,4.662511702015637,34.35988924663893,32.86965671069313,219.3935334929338,2026-06-25 03:53:09.171074,NaN,NaN,NaN,-34.588367,17.487849
606.953,4.661967135733697,34.35983272028861,32.86974341671433,219.41317305428248,2026-06-25 03:53:09.071100,NaN,NaN,NaN,-34.588367,17.487849
607.2065,4.661668382673911,34.35974263706905,32.86993054501494,219.41020165007004,2026-06-25 03:53:08.996120,NaN,NaN,NaN,-34.588367,17.487849
607.427,4.661297382436354,34.35964732691915,32.87000506688593,219.40729565849924,2026-06-25 03:53:08.921139,NaN,NaN,NaN,-34.588367,17.487849
607.598,4.660929941657409,34.3595803474665,32.86988231031781,219.42170819669158,2026-06-25 03:53:08.871152,NaN,NaN,NaN,-34.588367,17.487849
607.8,4.660421144615321,34.359510822948664,32.86957355526542,219.43002483565223,2026-06-25 03:53:08.821165,NaN,NaN,NaN,-34.588367,17.487849
608.063,4.659325100149815,34.35940151594942,32.86868301029172,219.4438660656095,2026-06-25 03:53:08.746185,NaN,NaN,NaN,-34.588367,17.487849
608.449,4.657909245081464,34.35928725939578,32.867374299281266,219.16003721172947,2026-06-25 03:53:08.671204,NaN,NaN,NaN,-34.588367,17.487849
608.6535,4.655577356081449,34.3591260099734,32.865071643704965,219.3372803510714,2026-06-25 03:53:08.571231,NaN,NaN,NaN,-34.588367,17.487849
608.713,4.655593269788056,34.359124822952985,32.86508169394796,219.18570250748323,2026-06-25 03:53:08.571231,NaN,NaN,NaN,-34.588367,17.487849
609.141,4.6531592572427884,34.358955264593845,32.86272178516082,219.22073711126234,2026-06-25 03:53:08.471257,NaN,NaN,NaN,-34.588367,17.487849
609.3415,4.651573078494567,34.35882083119017,32.86137829129378,219.2383512677765,2026-06-25 03:53:08.396276,NaN,NaN,NaN,-34.588367,17.487849
609.523,4.650344121355916,34.35868185646487,32.86058769643461,219.24320441237225,2026-06-25 03:53:08.321296,NaN,NaN,NaN,-34.588367,17.487849
609.9,4.64980757978313,34.35858622923074,32.860469773864104,219.23555519584428,2026-06-25 03:53:08.271309,NaN,NaN,NaN,-34.588367,17.487849
610.063,4.649127977835717,34.35843841364429,32.86140644879635,218.940701075214,2026-06-25 03:53:08.121348,NaN,NaN,NaN,-34.588367,17.487849
610.2065,4.6493633211976935,34.35828630057567,32.86078952703056,218.93930522770177,2026-06-25 03:53:08.196328,NaN,NaN,NaN,-34.588367,17.487849
610.691,4.648676141588668,34.358182079091165,32.86236538078679,219.2622888824999,2026-06-25 03:53:07.996380,NaN,NaN,NaN,-34.588367,17.487849
610.723,4.648996517514049,34.358021623410366,32.86186487286459,218.94842400365673,2026-06-25 03:53:08.071361,NaN,NaN,NaN,-34.588367,17.487849
611.072,4.648143459357493,34.35785712565804,32.862508157026674,219.26749075438053,2026-06-25 03:53:07.921400,NaN,NaN,NaN,-34.588367,17.487849
611.495,4.646913748808721,34.35774482108572,32.86178369714637,219.28180254733786,2026-06-25 03:53:07.821426,NaN,NaN,NaN,-34.588367,17.487849
611.522,4.647607524947439,34.357630579321835,32.86228388620101,219.2785920938681,2026-06-25 03:53:07.871413,NaN,NaN,NaN,-34.588367,17.487849
611.8915,4.645521513656208,34.357455429313035,32.86046888655699,219.30232783883392,2026-06-25 03:53:07.746446,NaN,NaN,NaN,-34.588367,17.487849
612.01,4.643766475409963,34.357276581151076,32.85862503020213,219.3290306993686,2026-06-25 03:53:07.671465,NaN,NaN,NaN,-34.588367,17.487849
612.221,4.64237612071145,34.35715494467399,32.85709641415663,219.3421387090586,2026-06-25 03:53:07.621478,NaN,NaN,NaN,-34.588367,17.487849
612.456,4.639259927346875,34.35703155201692,32.85363576259585,219.37169241938003,2026-06-25 03:53:07.521504,NaN,NaN,NaN,-34.588367,17.487849
612.539,4.640860081731573,34.3569064419784,32.855408831945574,219.35713773523506,2026-06-25 03:53:07.571491,NaN,NaN,NaN,-34.588367,17.487849
612.901,4.637616542804968,34.35677965436133,32.85185956828294,219.39575037887215,2026-06-25 03:53:07.471517,NaN,NaN,NaN,-34.588367,17.487849
613.061,4.635969046472632,34.35665123003357,32.85015623758828,219.71778550561868,2026-06-25 03:53:07.421530,NaN,NaN,NaN,-34.588367,17.487849
613.316,4.634356034257809,34.35652121098854,32.848581448415594,219.42802531957147,2026-06-25 03:53:07.371543,NaN,NaN,NaN,-34.588367,17.487849
613.577,4.632812471185416,34.35638964040559,32.8471666786294,219.44244781181277,2026-06-25 03:53:07.321556,NaN,NaN,NaN,-34.588367,17.487849
613.7315,4.630690771160916,34.35618929317093,32.84538862350843,219.45539971771973,2026-06-25 03:53:07.246576,NaN,NaN,NaN,-34.588367,17.487849
614.204,4.628203504098967,34.35591741069465,32.84355970671051,219.4877757988751,2026-06-25 03:53:07.146602,NaN,NaN,NaN,-34.588367,17.487849
614.615,4.626090674277285,34.35564016660357,32.84226423910441,219.65918219227422,2026-06-25 03:53:07.046628,NaN,NaN,NaN,-34.588367,17.487849
614.746,4.624715637357223,34.35542910665578,32.84152579587182,219.51926627373192,2026-06-25 03:53:06.971647,NaN,NaN,NaN,-34.588367,17.487849
615.0,4.623885130351793,34.35528683987258,32.84109575160484,219.52631981208842,2026-06-25 03:53:06.921660,NaN,NaN,NaN,-34.588367,17.487849
615.4090000000001,4.622697021697424,34.35507126872422,32.840426551543715,219.8522722698151,2026-06-25 03:53:06.846680,NaN,NaN,NaN,-34.588367,17.487849
615.549,4.62150044154541,34.35485367369644,32.8396304306003,219.86742333055423,2026-06-25 03:53:06.771700,NaN,NaN,NaN,-34.588367,17.487849
615.721,4.6206540989575,34.35470736271811,32.83894803050787,219.87377678451142,2026-06-25 03:53:06.721713,NaN,NaN,NaN,-34.588367,17.487849
615.989,4.619733702914359,34.354560194974844,32.83810395142598,219.8707175182756,2026-06-25 03:53:06.671726,NaN,NaN,NaN,-34.588367,17.487849
616.3145,4.6180921945874225,34.35433789426551,32.83643537473114,219.89003242359502,2026-06-25 03:53:06.596745,NaN,NaN,NaN,-34.588367,17.487849
616.635,4.616059138629361,34.35411421459322,32.834318226160704,219.91852767778855,2026-06-25 03:53:06.521765,NaN,NaN,NaN,-34.588367,17.487849
617.0566666666667,4.612393875352492,34.35381371505537,32.83065136736718,219.9662996282442,2026-06-25 03:53:06.421791,NaN,NaN,NaN,-34.588367,17.487849
617.222,4.608076801879831,34.35351176532412,32.82647039063365,220.0102044067258,2026-06-25 03:53:06.321817,NaN,NaN,NaN,-34.588367,17.487849
617.6795,4.604595725245035,34.3532844061224,32.82313223390727,220.05128125010089,2026-06-25 03:53:06.246836,NaN,NaN,NaN,-34.588367,17.487849
617.9945,4.600168296635232,34.352980805765185,32.818916315756496,220.09607684894712,2026-06-25 03:53:06.146862,NaN,NaN,NaN,-34.588367,17.487849
618.406,4.596409667153371,34.35267725551368,32.815602131122674,219.9768098631716,2026-06-25 03:53:06.046889,NaN,NaN,NaN,-34.588367,17.487849
618.615,4.59411437689957,34.352450009692255,32.813966284773066,220.14920335604677,2026-06-25 03:53:05.971908,NaN,NaN,NaN,-34.588367,17.487849
618.761,4.592808482840398,34.35229891692521,32.81332076754363,220.15415885958478,2026-06-25 03:53:05.921921,NaN,NaN,NaN,-34.588367,17.487849
619.063,4.59158402655661,34.352148244419986,32.812895275065806,219.85510571996937,2026-06-25 03:53:05.871934,NaN,NaN,NaN,-34.588367,17.487849
619.4525,4.589642367518826,34.35192331598543,32.81227475357797,219.86947297743495,2026-06-25 03:53:05.796954,NaN,NaN,NaN,-34.588367,17.487849
619.617,4.5872848019733645,34.35169971254066,32.81117492517963,219.89457781062134,2026-06-25 03:53:05.721973,NaN,NaN,NaN,-34.588367,17.487849
619.901,4.5852440919813935,34.351551693107524,32.80981659812741,220.2242649271501,2026-06-25 03:53:05.671986,NaN,NaN,NaN,-34.588367,17.487849
619.9455,4.581272506587042,34.351331543505964,32.80649892987314,220.27648668598297,2026-06-25 03:53:05.597006,NaN,NaN,NaN,-34.588367,17.487849
620.399,4.576386179326284,34.35111353252756,32.801864283583285,220.3303758420391,2026-06-25 03:53:05.522025,NaN,NaN,NaN,-34.588367,17.487849
620.5705,4.568498007138131,34.35082810747055,32.793741969622744,220.41723094692853,2026-06-25 03:53:05.422051,NaN,NaN,NaN,-34.588367,17.487849
620.748,4.568570057287322,34.350827386787635,32.79382614564225,220.42576867708823,2026-06-25 03:53:05.422051,NaN,NaN,NaN,-34.588367,17.487849
620.933,4.56018446333077,34.350547007381934,32.785094580618285,220.4974630470924,2026-06-25 03:53:05.322077,NaN,NaN,NaN,-34.588367,17.487849
621.436,4.556087955145207,34.350409251744445,32.780863791026945,220.53144059630486,2026-06-25 03:53:05.272090,NaN,NaN,NaN,-34.588367,17.487849
621.713,4.552186087481322,34.35027326513942,32.776833535843,220.5657722470838,2026-06-25 03:53:05.222104,NaN,NaN,NaN,-34.588367,17.487849
621.982,4.548534512276238,34.35013915798691,32.773025279461535,220.28939839374158,2026-06-25 03:53:05.172117,NaN,NaN,NaN,-34.588367,17.487849
622.3773333333334,4.542161079530339,34.349877763065315,32.76612127254197,220.37211286240353,2026-06-25 03:53:05.072143,NaN,NaN,NaN,-34.588367,17.487849
622.559,4.535607287490315,34.34956222104429,32.75871445459214,220.40910078693622,2026-06-25 03:53:04.947175,NaN,NaN,NaN,-34.588367,17.487849
622.933,4.532569724577708,34.34938019988932,32.75526247436153,220.44166415221457,2026-06-25 03:53:04.872195,NaN,NaN,NaN,-34.588367,17.487849
623.423,4.530375366051583,34.349204818170875,32.75284785474626,220.45114461839333,2026-06-25 03:53:04.797214,NaN,NaN,NaN,-34.588367,17.487849
623.896,4.527813760810395,34.348892575700084,32.750407415571026,220.46978886263113,2026-06-25 03:53:04.622260,NaN,NaN,NaN,-34.588367,17.487849
623.9456666666666,4.528212295788186,34.34881972714742,32.750766652934175,220.4619341802911,2026-06-25 03:53:04.655585,NaN,NaN,NaN,-34.588367,17.487849
624.403,4.5273772218627,34.348569045680264,32.75056720487535,220.48113447086837,2026-06-25 03:53:04.497292,NaN,NaN,NaN,-34.588367,17.487849
624.742,4.527310582904003,34.34838364844224,32.75108623423512,220.33052232527166,2026-06-25 03:53:04.397318,NaN,NaN,NaN,-34.588367,17.487849
625.222,4.527380484016689,34.34817400596715,32.75170691238567,220.4933147196281,2026-06-25 03:53:04.272351,NaN,NaN,NaN,-34.588367,17.487849
625.3565000000001,4.527379377961077,34.34817205937638,32.75167306246695,220.48925208236867,2026-06-25 03:53:04.272351,NaN,NaN,NaN,-34.588367,17.487849
625.673,4.527438498344253,34.34802059979135,32.7519261354477,220.49046694956095,2026-06-25 03:53:04.172377,NaN,NaN,NaN,-34.588367,17.487849
625.802,4.527420672980334,34.347950935985175,32.75193035348274,220.4919277229232,2026-06-25 03:53:04.122390,NaN,NaN,NaN,-34.588367,17.487849
626.083,4.52734141123168,34.34788543226696,32.751876505757615,220.4987878039999,2026-06-25 03:53:04.072403,NaN,NaN,NaN,-34.588367,17.487849
626.3555,4.527044131944179,34.34779570470113,32.75171868481143,220.35038596747043,2026-06-25 03:53:03.997423,NaN,NaN,NaN,-34.588367,17.487849
626.901,4.526528285619668,34.34771470429957,32.751516842821516,220.51135263388613,2026-06-25 03:53:03.922442,NaN,NaN,NaN,-34.588367,17.487849
627.102,4.526019638401894,34.34766664882628,32.75135821645751,220.52326869996483,2026-06-25 03:53:03.872455,NaN,NaN,NaN,-34.588367,17.487849
627.191,4.524612093998127,34.34762314218438,32.75092894853332,220.54243190491067,2026-06-25 03:53:03.772481,NaN,NaN,NaN,-34.588367,17.487849
627.346,4.525379263968882,34.347584252572744,32.751169604679774,220.53635464247535,2026-06-25 03:53:03.822468,NaN,NaN,NaN,-34.588367,17.487849
627.683,4.522766637100106,34.347522980040935,32.75017035552792,220.26229839684635,2026-06-25 03:53:03.672507,NaN,NaN,NaN,-34.588367,17.487849
627.7719999999999,4.522730105548232,34.3475205798269,32.75009959230525,220.4143955269333,2026-06-25 03:53:03.672507,NaN,NaN,NaN,-34.588367,17.487849
627.966,4.520619077907326,34.34747610501111,32.748852821331845,220.28007595218025,2026-06-25 03:53:03.572533,NaN,NaN,NaN,-34.588367,17.487849
628.364,4.519440011124809,34.34746119863267,32.74793546109076,220.29022370555558,2026-06-25 03:53:03.522547,NaN,NaN,NaN,-34.588367,17.487849
628.624,4.5167153675232905,34.34745146817674,32.74540237162913,220.317953967889,2026-06-25 03:53:03.422573,NaN,NaN,NaN,-34.588367,17.487849
628.822,4.516785147878015,34.34745146817674,32.74551174230448,220.3159323938663,2026-06-25 03:53:03.422573,NaN,NaN,NaN,-34.588367,17.487849
629.028,4.513579299091462,34.34745146817674,32.742216551716346,220.35284869100346,2026-06-25 03:53:03.322599,NaN,NaN,NaN,-34.588367,17.487849
629.15,4.5117381970036154,34.347461686715064,32.74022576159505,220.36735463081015,2026-06-25 03:53:03.272612,NaN,NaN,NaN,-34.588367,17.487849
629.437,4.509751747218834,34.347477021640664,32.73802382519501,220.39141896978055,2026-06-25 03:53:03.222625,NaN,NaN,NaN,-34.588367,17.487849
629.558,4.507654275752263,34.347497493204834,32.73565894672115,220.4252156810869,2026-06-25 03:53:03.172638,NaN,NaN,NaN,-34.588367,17.487849
629.812,4.505498864223814,34.34752311715278,32.73321068726795,220.4426597956982,2026-06-25 03:53:03.122651,NaN,NaN,NaN,-34.588367,17.487849
629.961,4.502324625246606,34.34757188350469,32.7296232373432,220.47880470356094,2026-06-25 03:53:03.047670,NaN,NaN,NaN,-34.588367,17.487849
630.234,4.499386857271814,34.34763099209195,32.72637341356922,220.4933463183613,2026-06-25 03:53:02.972690,NaN,NaN,NaN,-34.588367,17.487849
630.637,4.496187588052371,34.34772875217232,32.7231036949252,220.21571356119574,2026-06-25 03:53:02.872716,NaN,NaN,NaN,-34.588367,17.487849
630.874,4.496296283368148,34.34773132703212,32.72327412971971,220.21745232666214,2026-06-25 03:53:02.872716,NaN,NaN,NaN,-34.588367,17.487849
631.013,4.493846738291046,34.347847106396316,32.72116517835166,220.2459445870626,2026-06-25 03:53:02.772742,NaN,NaN,NaN,-34.588367,17.487849
631.593,4.492317441057499,34.34798758511586,32.72034674431193,219.94358187444948,2026-06-25 03:53:02.672768,NaN,NaN,NaN,-34.588367,17.487849
631.999,4.491288244947256,34.348144904754086,32.72008006439884,219.95633194591153,2026-06-25 03:53:02.572794,NaN,NaN,NaN,-34.588367,17.487849
632.35,4.490940204252019,34.34823189320302,32.72011543707966,219.96146859318478,2026-06-25 03:53:02.522807,NaN,NaN,NaN,-34.588367,17.487849
632.66,4.490412216409454,34.348420617279956,32.72034126341863,219.82180162977605,2026-06-25 03:53:02.422833,NaN,NaN,NaN,-34.588367,17.487849
632.802,4.490390287417097,34.34842303145315,32.72032950999961,219.67451189536806,2026-06-25 03:53:02.422833,NaN,NaN,NaN,-34.588367,17.487849
633.05,4.490027990772155,34.34862865026448,32.72064423045273,219.67853701325214,2026-06-25 03:53:02.322859,NaN,NaN,NaN,-34.588367,17.487849
633.271,4.489956538679334,34.34873975806373,32.72083059683703,219.6809046429772,2026-06-25 03:53:02.272872,NaN,NaN,NaN,-34.588367,17.487849
633.385,4.490046394675888,34.34891566197432,32.721172357208104,219.6759134913729,2026-06-25 03:53:02.197892,NaN,NaN,NaN,-34.588367,17.487849
633.895,4.490662916715842,34.349229841846174,32.72202578341867,219.6718013435982,2026-06-25 03:53:02.072924,NaN,NaN,NaN,-34.588367,17.487849
634.2015,4.490925206675829,34.34930089813335,32.72239396471082,219.36901223951224,2026-06-25 03:53:02.047931,NaN,NaN,NaN,-34.588367,17.487849
634.4935,4.491534662064289,34.34950324590541,32.723235990504364,219.21642789293827,2026-06-25 03:53:01.972950,NaN,NaN,NaN,-34.588367,17.487849
634.693,4.492570683440457,34.34978909226762,32.724848486028044,219.06057816990898,2026-06-25 03:53:01.872976,NaN,NaN,NaN,-34.588367,17.487849
634.865,4.4931781883835855,34.349939034709834,32.72589320413547,219.05526550409434,2026-06-25 03:53:01.822990,NaN,NaN,NaN,-34.588367,17.487849
635.083,4.493828262380441,34.35009283073973,32.727043192156465,219.04660224763612,2026-06-25 03:53:01.773003,NaN,NaN,NaN,-34.588367,17.487849
635.5675,4.49483372992165,34.35033096841164,32.728873009969206,218.7405315886689,2026-06-25 03:53:01.698022,NaN,NaN,NaN,-34.588367,17.487849
635.839,4.495774679157359,34.350576277382096,32.7306795568592,218.73251977866627,2026-06-25 03:53:01.623042,NaN,NaN,NaN,-34.588367,17.487849
636.018,4.496444342837111,34.35083012778674,32.732215500767595,218.57357956376975,2026-06-25 03:53:01.548061,NaN,NaN,NaN,-34.588367,17.487849
636.214,4.496725068510379,34.35109046280634,32.73329833537293,218.41684346862218,2026-06-25 03:53:01.473081,NaN,NaN,NaN,-34.588367,17.487849
636.414,4.496559924770694,34.351268143729506,32.73358192912776,218.4229448407231,2026-06-25 03:53:01.423094,NaN,NaN,NaN,-34.588367,17.487849
636.702,4.496077526250208,34.351448765739704,32.73345458432374,218.43867533934016,2026-06-25 03:53:01.373107,NaN,NaN,NaN,-34.588367,17.487849
636.92,4.495263147509431,34.351632205054585,32.73288229759683,218.45546539978682,2026-06-25 03:53:01.323120,NaN,NaN,NaN,-34.588367,17.487849
637.1785,4.493436712642374,34.35191268471057,32.7311506913077,218.47247705366252,2026-06-25 03:53:01.248139,NaN,NaN,NaN,-34.588367,17.487849
637.496,4.491145275154763,34.35219816736763,32.72867275046237,218.19706577217443,2026-06-25 03:53:01.173159,NaN,NaN,NaN,-34.588367,17.487849
637.818,4.4885600673339265,34.35248942213529,32.72563323542533,218.22041022509543,2026-06-25 03:53:01.098178,NaN,NaN,NaN,-34.588367,17.487849
637.97,4.486010835081187,34.352784906374474,32.72253825082379,217.9433037192808,2026-06-25 03:53:01.023198,NaN,NaN,NaN,-34.588367,17.487849
638.228,4.4845070773267075,34.3529844988974,32.72068405584007,217.97112905528726,2026-06-25 03:53:00.973211,NaN,NaN,NaN,-34.588367,17.487849
638.5625,4.482881216759321,34.35328740200448,32.71865721398687,217.83154499729272,2026-06-25 03:53:00.898231,NaN,NaN,NaN,-34.588367,17.487849
638.737,4.482156385766931,34.353593495028804,32.7176905444723,217.67504299313833,2026-06-25 03:53:00.823250,NaN,NaN,NaN,-34.588367,17.487849
638.96,4.482408579129211,34.35379946843158,32.71789921410487,217.3707130515807,2026-06-25 03:53:00.773263,NaN,NaN,NaN,-34.588367,17.487849
639.252,4.483256324178158,34.35400671513609,32.718812701983396,217.06085923372564,2026-06-25 03:53:00.723276,NaN,NaN,NaN,-34.588367,17.487849
639.3615,4.485682236189402,34.35431981513631,32.721609094748175,217.03113663179326,2026-06-25 03:53:00.648296,NaN,NaN,NaN,-34.588367,17.487849
639.599,4.4891420764987116,34.35463483260294,32.72573436218147,216.69693313661472,2026-06-25 03:53:00.573315,NaN,NaN,NaN,-34.588367,17.487849
640.098,4.495161883776612,34.35505765663835,32.733127634436556,216.3382367060572,2026-06-25 03:53:00.473341,NaN,NaN,NaN,-34.588367,17.487849
640.1945000000001,4.4952461817430525,34.35505792466579,32.733260173327494,216.48687331441712,2026-06-25 03:53:00.473341,NaN,NaN,NaN,-34.588367,17.487849
640.568,4.50185234447806,34.35548262733891,32.74157671878487,216.28272769777465,2026-06-25 03:53:00.373367,NaN,NaN,NaN,-34.588367,17.487849
640.881,4.5111059810776615,34.35569563038342,32.75375907006989,216.2127382273195,2026-06-25 03:53:00.223406,NaN,NaN,NaN,-34.588367,17.487849
640.986,4.505145763647017,34.355908830828895,32.745836258180255,216.26549851848088,2026-06-25 03:53:00.323380,NaN,NaN,NaN,-34.588367,17.487849
641.122,4.508260261788013,34.35612212169029,32.749934817939995,216.24328295297045,2026-06-25 03:53:00.273393,NaN,NaN,NaN,-34.588367,17.487849
641.329,4.5136043609677445,34.35633539928037,32.75722033209841,215.8934198939869,2026-06-25 03:53:00.173419,NaN,NaN,NaN,-34.588367,17.487849
641.695,4.515681289848947,34.35654856341055,32.76024484477588,215.8858551540021,2026-06-25 03:53:00.123433,NaN,NaN,NaN,-34.588367,17.487849
641.825,4.5183000018980835,34.35676151758567,32.76471747276158,215.8661936284485,2026-06-25 03:53:00.023459,NaN,NaN,NaN,-34.588367,17.487849
641.93,4.517266237509739,34.35697416919191,32.76276511031546,215.8792759587504,2026-06-25 03:53:00.073446,NaN,NaN,NaN,-34.588367,17.487849
642.297,4.518741690259479,34.3571864296773,32.76604223419034,215.8678090482548,2026-06-25 03:52:59.973472,NaN,NaN,NaN,-34.588367,17.487849
642.5965,4.518177423004868,34.357503829568984,32.7666464363828,215.88544303702102,2026-06-25 03:52:59.898491,NaN,NaN,NaN,-34.588367,17.487849
642.849,4.516417743282876,34.357820043379505,32.76579231651734,215.91233971398395,2026-06-25 03:52:59.823511,NaN,NaN,NaN,-34.588367,17.487849
643.211,4.513384860012573,34.358134506129275,32.763199442931565,215.6516088959024,2026-06-25 03:52:59.748530,NaN,NaN,NaN,-34.588367,17.487849
643.35,4.509646848350384,34.35844737355413,32.75952004007847,215.70168665008157,2026-06-25 03:52:59.673550,NaN,NaN,NaN,-34.588367,17.487849
643.5754999999999,4.505556418586955,34.358758033809636,32.7551929290076,215.88808307976223,2026-06-25 03:52:59.598569,NaN,NaN,NaN,-34.588367,17.487849
644.036,4.501629695762457,34.35906677964443,32.75101472323255,215.77697672486786,2026-06-25 03:52:59.523589,NaN,NaN,NaN,-34.588367,17.487849
644.197,4.498328693126334,34.35937297842637,32.7477088277612,215.79693013221834,2026-06-25 03:52:59.448608,NaN,NaN,NaN,-34.588367,17.487849
644.5995,4.495022468840942,34.359777658398386,32.74488914761429,215.36440281641393,2026-06-25 03:52:59.348634,NaN,NaN,NaN,-34.588367,17.487849
644.909,4.493264089903971,34.360078391059204,32.74378220644861,215.2199214344575,2026-06-25 03:52:59.273654,NaN,NaN,NaN,-34.588367,17.487849
645.17,4.492319184538975,34.36027736658865,32.74334127897309,215.2305128142563,2026-06-25 03:52:59.223667,NaN,NaN,NaN,-34.588367,17.487849
645.324,4.491412860279865,34.360475197383394,32.74294790289073,215.23988516681126,2026-06-25 03:52:59.173680,NaN,NaN,NaN,-34.588367,17.487849
645.679,4.49045107153383,34.36067188208466,32.7424846092123,214.9537085264533,2026-06-25 03:52:59.123693,NaN,NaN,NaN,-34.588367,17.487849
645.794,4.488140747104049,34.361061276985886,32.74108316023643,214.98716963067602,2026-06-25 03:52:59.023719,NaN,NaN,NaN,-34.588367,17.487849
645.9585,4.488070954869843,34.36106183548928,32.74100280263926,214.98909886023782,2026-06-25 03:52:59.023719,NaN,NaN,NaN,-34.588367,17.487849
646.271,4.4853065460709445,34.361447326287035,32.73907902157857,215.0232989451338,2026-06-25 03:52:58.923745,NaN,NaN,NaN,-34.588367,17.487849
646.6175000000001,4.483086982953548,34.36173349681518,32.73750099271335,214.75420079149842,2026-06-25 03:52:58.848765,NaN,NaN,NaN,-34.588367,17.487849
646.822,4.481025798504448,34.362017625326715,32.73613111970701,214.7663682473837,2026-06-25 03:52:58.773784,NaN,NaN,NaN,-34.588367,17.487849
647.347,4.479351544157687,34.362299353010286,32.735251316623106,214.482541544979,2026-06-25 03:52:58.698804,NaN,NaN,NaN,-34.588367,17.487849
647.633,4.478031432420942,34.36257930218878,32.73484685928798,214.4951512658849,2026-06-25 03:52:58.623823,NaN,NaN,NaN,-34.588367,17.487849
647.8,4.477065983172363,34.3628572344569,32.73492271661918,214.50131221119153,2026-06-25 03:52:58.548843,NaN,NaN,NaN,-34.588367,17.487849
648.231,4.4759984103893675,34.363225484410044,32.73519248817555,214.51387456643897,2026-06-25 03:52:58.448869,NaN,NaN,NaN,-34.588367,17.487849
648.428,4.475164354279884,34.36350018579953,32.73521550640901,214.51964942629394,2026-06-25 03:52:58.373889,NaN,NaN,NaN,-34.588367,17.487849
648.756,4.474478663612804,34.36368267659526,32.73503326851083,214.53302699985736,2026-06-25 03:52:58.323902,NaN,NaN,NaN,-34.588367,17.487849
649.1255,4.473094573785783,34.3639556888742,32.734371558679314,214.55026845197435,2026-06-25 03:52:58.248921,NaN,NaN,NaN,-34.588367,17.487849
649.341,4.471240229587876,34.364228190020576,32.73322669729103,214.5614816793065,2026-06-25 03:52:58.173941,NaN,NaN,NaN,-34.588367,17.487849
649.7275,4.468660038247933,34.3645003871827,32.73128787837017,214.5955373492664,2026-06-25 03:52:58.098960,NaN,NaN,NaN,-34.588367,17.487849
650.074,4.4628233000279,34.36477262035029,32.72617062392789,214.65300036041637,2026-06-25 03:52:57.973993,NaN,NaN,NaN,-34.588367,17.487849
650.227,4.46542308483272,34.3649542937013,32.72856220353027,214.63030323933776,2026-06-25 03:52:58.023980,NaN,NaN,NaN,-34.588367,17.487849
650.399,4.459921626379196,34.36513622889516,32.72335318310884,214.69500638952167,2026-06-25 03:52:57.924006,NaN,NaN,NaN,-34.588367,17.487849
650.768,4.456766902661709,34.36531852667299,32.72015191825203,214.7285177183538,2026-06-25 03:52:57.874019,NaN,NaN,NaN,-34.588367,17.487849
650.9775,4.451703450733795,34.36559295427551,32.714757878561784,214.76148747904435,2026-06-25 03:52:57.799038,NaN,NaN,NaN,-34.588367,17.487849
651.151,4.44650060648324,34.36586862150357,32.70899552834159,214.81932881684352,2026-06-25 03:52:57.724058,NaN,NaN,NaN,-34.588367,17.487849
651.353,4.443057428134829,34.36605339980855,32.70508383121996,214.8527584795163,2026-06-25 03:52:57.674071,NaN,NaN,NaN,-34.588367,17.487849
651.528,4.439721074777649,34.36623905897766,32.70126287459992,214.8783846094734,2026-06-25 03:52:57.624084,NaN,NaN,NaN,-34.588367,17.487849
651.8105,4.433818109046699,34.366613437708374,32.69454768840525,214.7798984732929,2026-06-25 03:52:57.524110,NaN,NaN,NaN,-34.588367,17.487849
652.153,4.4336660086046695,34.3666140342324,32.69434639792909,214.63532648753852,2026-06-25 03:52:57.524110,NaN,NaN,NaN,-34.588367,17.487849
652.458,4.428807589967377,34.366992587655965,32.68900773202151,214.66974223026355,2026-06-25 03:52:57.424136,NaN,NaN,NaN,-34.588367,17.487849
652.5854999999999,4.425486805753607,34.36737732318936,32.68575638768171,214.39588740223974,2026-06-25 03:52:57.324162,NaN,NaN,NaN,-34.588367,17.487849
652.871,4.425324805200199,34.36737812034009,32.68554295479731,214.39419856092124,2026-06-25 03:52:57.324162,NaN,NaN,NaN,-34.588367,17.487849
653.133,4.423134388779281,34.36776843380498,32.68377803909176,214.42138466190048,2026-06-25 03:52:57.224188,NaN,NaN,NaN,-34.588367,17.487849
653.372,4.4224748963505345,34.367966617447884,32.6834296590678,214.43724866897202,2026-06-25 03:52:57.174201,NaN,NaN,NaN,-34.588367,17.487849
653.561,4.422091015844019,34.368166675059705,32.68338090749665,214.14072569797315,2026-06-25 03:52:57.124214,NaN,NaN,NaN,-34.588367,17.487849
653.8354999999999,4.4220306556270454,34.368470727079384,32.68379449892346,214.12576703203842,2026-06-25 03:52:57.049234,NaN,NaN,NaN,-34.588367,17.487849
654.219,4.42260028101008,34.36888315120056,32.68490862629396,213.82633593416747,2026-06-25 03:52:56.949260,NaN,NaN,NaN,-34.588367,17.487849
654.6636666666667,4.423675888081562,34.36941185220646,32.68670994094473,213.6037129884525,2026-06-25 03:52:56.824292,NaN,NaN,NaN,-34.588367,17.487849
655.211,4.424494428798437,34.3700648272482,32.688632457370566,213.5286810198043,2026-06-25 03:52:56.674332,NaN,NaN,NaN,-34.588367,17.487849
655.447,4.424426769415323,34.37006611674367,32.68857094525443,213.5277842617409,2026-06-25 03:52:56.674332,NaN,NaN,NaN,-34.588367,17.487849
655.704,4.424392675131707,34.370513482106816,32.68934657575609,213.23802844946565,2026-06-25 03:52:56.574358,NaN,NaN,NaN,-34.588367,17.487849
656.221,4.423754504304298,34.37097415519324,32.689419701983226,213.10507649865482,2026-06-25 03:52:56.474384,NaN,NaN,NaN,-34.588367,17.487849
656.314,4.423350277055309,34.3712079000089,32.689312596667875,213.10942721354925,2026-06-25 03:52:56.424397,NaN,NaN,NaN,-34.588367,17.487849
656.657,4.422473561077404,34.37168226498204,32.68890497296847,212.67989952254823,2026-06-25 03:52:56.324423,NaN,NaN,NaN,-34.588367,17.487849
656.854,4.422104350528029,34.37192430274618,32.68870479831346,212.69022559814618,2026-06-25 03:52:56.274436,NaN,NaN,NaN,-34.588367,17.487849
657.068,4.421752271313561,34.37216912840448,32.6887111082471,212.3962626381878,2026-06-25 03:52:56.174462,NaN,NaN,NaN,-34.588367,17.487849
657.119,4.42184994195844,34.37241674171822,32.68861922741367,212.3993484951769,2026-06-25 03:52:56.224449,NaN,NaN,NaN,-34.588367,17.487849
657.468,4.422123949780554,34.372920299599635,32.68955524514796,212.08970165588806,2026-06-25 03:52:56.074488,NaN,NaN,NaN,-34.588367,17.487849
657.5955,4.422213522441115,34.372921674550156,32.68966308051882,212.0923900016139,2026-06-25 03:52:56.074488,NaN,NaN,NaN,-34.588367,17.487849
657.88,4.423194360834486,34.37343485083008,32.6912466075905,211.79084388075123,2026-06-25 03:52:55.974514,NaN,NaN,NaN,-34.588367,17.487849
658.268,4.424691501376042,34.37396016986818,32.6935627346524,211.48313123116736,2026-06-25 03:52:55.874540,NaN,NaN,NaN,-34.588367,17.487849
658.45,4.424711416013403,34.37396147590782,32.693611663509074,211.63450160703633,2026-06-25 03:52:55.874540,NaN,NaN,NaN,-34.588367,17.487849
658.686,4.426357140366838,34.3744959309938,32.69626854225654,211.18561297973608,2026-06-25 03:52:55.774566,NaN,NaN,NaN,-34.588367,17.487849
658.818,4.427210495763341,34.374767598291335,32.69769216288662,211.1786919761312,2026-06-25 03:52:55.724579,NaN,NaN,NaN,-34.588367,17.487849
659.043,4.428075027665027,34.37504170891001,32.69912266582069,211.17258204607032,2026-06-25 03:52:55.674592,NaN,NaN,NaN,-34.588367,17.487849
659.21,4.428955346916866,34.375318194355344,32.70053784591028,210.87409006481707,2026-06-25 03:52:55.624605,NaN,NaN,NaN,-34.588367,17.487849
659.4675,4.430320156879883,34.37573748295297,32.70260473667845,210.8638344649474,2026-06-25 03:52:55.549625,NaN,NaN,NaN,-34.588367,17.487849
659.8185000000001,4.4322449581314824,34.37630371553824,32.705284099784905,210.554963839704,2026-06-25 03:52:55.449651,NaN,NaN,NaN,-34.588367,17.487849
660.378,4.433801571300998,34.37673343097656,32.70730382648468,210.5534144810684,2026-06-25 03:52:55.374670,NaN,NaN,NaN,-34.588367,17.487849
660.5875000000001,4.4355462557652565,34.37716774612797,32.709500614126156,210.24821993375608,2026-06-25 03:52:55.299690,NaN,NaN,NaN,-34.588367,17.487849
660.841,4.437524524455488,34.37760541267025,32.71199320968343,209.9427139486773,2026-06-25 03:52:55.224709,NaN,NaN,NaN,-34.588367,17.487849
660.913,4.439042157120249,34.37789923016165,32.71392872202467,209.93189363807,2026-06-25 03:52:55.174722,NaN,NaN,NaN,-34.588367,17.487849
661.348,4.442616272994148,34.378491238349675,32.71857343135199,209.60566532640286,2026-06-25 03:52:55.074749,NaN,NaN,NaN,-34.588367,17.487849
661.609,4.446633348953714,34.37908696012058,32.72384556582632,209.56411910626838,2026-06-25 03:52:54.974775,NaN,NaN,NaN,-34.588367,17.487849
661.897,4.4545065032795605,34.379536364670116,32.734127067241936,209.21669337899107,2026-06-25 03:52:54.774827,NaN,NaN,NaN,-34.588367,17.487849
662.0495000000001,4.449774106672397,34.379987002711914,32.72797351660331,209.54089331009172,2026-06-25 03:52:54.899794,NaN,NaN,NaN,-34.588367,17.487849
662.133,4.452745636560803,34.38028799819879,32.73185588019623,209.23348566422,2026-06-25 03:52:54.824814,NaN,NaN,NaN,-34.588367,17.487849
662.398,4.456052564041033,34.38058922697869,32.73609757682341,209.21208526137906,2026-06-25 03:52:54.724840,NaN,NaN,NaN,-34.588367,17.487849
662.774,4.458447327900313,34.381191744449126,32.73913148042005,209.20268737865553,2026-06-25 03:52:54.624866,NaN,NaN,NaN,-34.588367,17.487849
663.094,4.459300977638023,34.381341888523224,32.740238510877326,208.90882859476045,2026-06-25 03:52:54.574879,NaN,NaN,NaN,-34.588367,17.487849
663.1875,4.458654226648507,34.3814927060603,32.73943591040933,209.0571932431112,2026-06-25 03:52:54.599872,NaN,NaN,NaN,-34.588367,17.487849
663.623,4.460502715210812,34.382242793159165,32.742014763173344,208.90472899290296,2026-06-25 03:52:54.449911,NaN,NaN,NaN,-34.588367,17.487849
663.804,4.460680237018846,34.38269064230047,32.74254925547308,208.90658419298873,2026-06-25 03:52:54.374931,NaN,NaN,NaN,-34.588367,17.487849
663.989,4.460550327337123,34.38298778663711,32.742666719141376,208.62002872732836,2026-06-25 03:52:54.324944,NaN,NaN,NaN,-34.588367,17.487849
664.381,4.459696085963883,34.38357749163751,32.742287991813065,208.63389832873168,2026-06-25 03:52:54.224970,NaN,NaN,NaN,-34.588367,17.487849
664.736,4.458256064007782,34.38416172309401,32.74129428371076,208.64357843672352,2026-06-25 03:52:54.124996,NaN,NaN,NaN,-34.588367,17.487849
665.0065,4.455938567905736,34.38473622882417,32.739474795635815,208.66707898990728,2026-06-25 03:52:54.025022,NaN,NaN,NaN,-34.588367,17.487849
665.109,4.456030791965941,34.384737407915395,32.73954983071695,208.67095943703546,2026-06-25 03:52:54.025022,NaN,NaN,NaN,-34.588367,17.487849
665.4915000000001,4.45224814660383,34.38544323171345,32.73653115865925,208.56534798043748,2026-06-25 03:52:53.900055,NaN,NaN,NaN,-34.588367,17.487849
665.779,4.4496700168953485,34.38585905334606,32.73441396598377,208.4531928979238,2026-06-25 03:52:53.825074,NaN,NaN,NaN,-34.588367,17.487849
666.146,4.447091492616646,34.38626720417133,32.732163746675795,208.4723203086374,2026-06-25 03:52:53.750094,NaN,NaN,NaN,-34.588367,17.487849
666.613,4.444705983058204,34.386668694752906,32.72991564820202,208.20352382499826,2026-06-25 03:52:53.675113,NaN,NaN,NaN,-34.588367,17.487849
666.7595,4.442308083234272,34.38718884090854,32.72725774336626,208.22122742168648,2026-06-25 03:52:53.575139,NaN,NaN,NaN,-34.588367,17.487849
666.931,4.442183960801434,34.387190803371574,32.72717168972602,208.22512354772417,2026-06-25 03:52:53.575139,NaN,NaN,NaN,-34.588367,17.487849
667.2429999999999,4.440434964540599,34.387942654041076,32.72466078362052,207.95318825626433,2026-06-25 03:52:53.425179,NaN,NaN,NaN,-34.588367,17.487849
667.698,4.4406666977248035,34.38842455586033,32.72456688439032,207.96069345553238,2026-06-25 03:52:53.325205,NaN,NaN,NaN,-34.588367,17.487849
668.003,4.441865060095063,34.38877194364263,32.72588551052908,207.7948742706266,2026-06-25 03:52:53.250224,NaN,NaN,NaN,-34.588367,17.487849
668.237,4.443696187099962,34.389109452409535,32.7281078748436,207.6185171396177,2026-06-25 03:52:53.175244,NaN,NaN,NaN,-34.588367,17.487849
668.6885,4.446049709471256,34.38943408204648,32.731149648807225,207.6037190914834,2026-06-25 03:52:53.100263,NaN,NaN,NaN,-34.588367,17.487849
668.7470000000001,4.449263569255243,34.3898489651212,32.73552881240382,207.29261732244714,2026-06-25 03:52:53.000289,NaN,NaN,NaN,-34.588367,17.487849
669.211,4.451393208192663,34.3901461840465,32.73856327200857,207.2841723259666,2026-06-25 03:52:52.925309,NaN,NaN,NaN,-34.588367,17.487849
669.4765,4.45303003624346,34.39042893945113,32.740989710309556,207.27469178063734,2026-06-25 03:52:52.850328,NaN,NaN,NaN,-34.588367,17.487849
670.0095,4.45452476730248,34.390786024859906,32.743326111449875,207.13194447147535,2026-06-25 03:52:52.750354,NaN,NaN,NaN,-34.588367,17.487849
670.2325000000001,4.4555520839273335,34.39119531730979,32.74515910007568,206.98692504063953,2026-06-25 03:52:52.625387,NaN,NaN,NaN,-34.588367,17.487849
670.451,4.455566716157548,34.39119850135147,32.745175205453805,206.98043119560631,2026-06-25 03:52:52.625387,NaN,NaN,NaN,-34.588367,17.487849
670.728,4.4565882362401075,34.39149928012276,32.74715291848503,206.69511825857393,2026-06-25 03:52:52.475426,NaN,NaN,NaN,-34.588367,17.487849
670.911,4.456203867725307,34.391639935746504,32.74642591216216,206.7018715931029,2026-06-25 03:52:52.525413,NaN,NaN,NaN,-34.588367,17.487849
671.252,4.457347703140219,34.39183774375723,32.748501160235605,206.97634825850332,2026-06-25 03:52:52.400446,NaN,NaN,NaN,-34.588367,17.487849
671.394,4.458320887446821,34.39202224595253,32.750155197212905,206.68179711777248,2026-06-25 03:52:52.325465,NaN,NaN,NaN,-34.588367,17.487849
671.74,4.459100131734792,34.392136304183644,32.75146208463013,206.68093902696862,2026-06-25 03:52:52.275478,NaN,NaN,NaN,-34.588367,17.487849
672.0029999999999,4.460383026387687,34.39229387640786,32.753644298997756,206.66330608966163,2026-06-25 03:52:52.200498,NaN,NaN,NaN,-34.588367,17.487849
672.3205,4.4620530782250425,34.39248133985805,32.756624634471024,206.6542994430247,2026-06-25 03:52:52.100524,NaN,NaN,NaN,-34.588367,17.487849
672.671,4.463062060486787,34.39260492181603,32.758627468365916,206.64896618689687,2026-06-25 03:52:52.025543,NaN,NaN,NaN,-34.588367,17.487849
672.9265,4.463596493258645,34.39271149406783,32.76008055016312,206.64682368969636,2026-06-25 03:52:51.950563,NaN,NaN,NaN,-34.588367,17.487849
673.283,4.463290143936449,34.39280449987581,32.76109318318983,206.66661417757314,2026-06-25 03:52:51.825595,NaN,NaN,NaN,-34.588367,17.487849
673.49,4.463635070223502,34.39285750065588,32.760946752047815,206.65663468279476,2026-06-25 03:52:51.875582,NaN,NaN,NaN,-34.588367,17.487849
673.6585,4.462208609029122,34.39292360432167,32.76064703203379,206.68030248840313,2026-06-25 03:52:51.750615,NaN,NaN,NaN,-34.588367,17.487849
673.983,4.459925056571829,34.392989654703925,32.7589699120734,206.6978850840111,2026-06-25 03:52:51.650641,NaN,NaN,NaN,-34.588367,17.487849
674.3775,4.456804502909009,34.39302962503004,32.75611781754321,206.87665131440204,2026-06-25 03:52:51.550667,NaN,NaN,NaN,-34.588367,17.487849
674.616,4.454062665363871,34.39303943887794,32.75340920738912,206.75796351036436,2026-06-25 03:52:51.475687,NaN,NaN,NaN,-34.588367,17.487849
674.715,4.452102646672983,34.39303943887794,32.75143922535639,206.7887992673122,2026-06-25 03:52:51.425700,NaN,NaN,NaN,-34.588367,17.487849
674.911,4.4501091059499975,34.39303943887794,32.7494627059104,207.08974135282537,2026-06-25 03:52:51.375713,NaN,NaN,NaN,-34.588367,17.487849
675.215,4.448140007192199,34.393028235810675,32.74756082828883,207.11245801318705,2026-06-25 03:52:51.325726,NaN,NaN,NaN,-34.588367,17.487849
675.48,4.44624958262977,34.393011105696274,32.74577959710615,207.124322651405,2026-06-25 03:52:51.275739,NaN,NaN,NaN,-34.588367,17.487849
675.647,4.4444751873928965,34.392988167741336,32.74412422827865,207.13134795523837,2026-06-25 03:52:51.225752,NaN,NaN,NaN,-34.588367,17.487849
675.834,4.44282847323128,34.39295954813295,32.7425669740441,207.14804402029094,2026-06-25 03:52:51.175765,NaN,NaN,NaN,-34.588367,17.487849
676.0145,4.440573080788205,34.39290559126269,32.740320776671346,207.17111963715885,2026-06-25 03:52:51.100784,NaN,NaN,NaN,-34.588367,17.487849
676.483,4.4384566540924695,34.392840962556505,32.73807770961271,207.18267697475451,2026-06-25 03:52:51.025804,NaN,NaN,NaN,-34.588367,17.487849
676.616,4.436381841016493,34.39276356076487,32.73576623096359,207.2078272939567,2026-06-25 03:52:50.950823,NaN,NaN,NaN,-34.588367,17.487849
676.868,4.432681539871392,34.392676419351574,32.73167248258806,207.24218422765495,2026-06-25 03:52:50.825856,NaN,NaN,NaN,-34.588367,17.487849
677.075,4.434226403553348,34.392612111497456,32.73335933683531,207.51621467987835,2026-06-25 03:52:50.875843,NaN,NaN,NaN,-34.588367,17.487849
677.274,4.43102791577862,34.39254336128677,32.729920391039016,207.26783057919747,2026-06-25 03:52:50.775869,NaN,NaN,NaN,-34.588367,17.487849
677.435,4.428304579952475,34.39243180490081,32.72717363878766,207.4381290286945,2026-06-25 03:52:50.700889,NaN,NaN,NaN,-34.588367,17.487849
677.983,4.424247753500235,34.39226995181765,32.723320147774345,207.62044383047956,2026-06-25 03:52:50.600915,NaN,NaN,NaN,-34.588367,17.487849
678.165,4.418293853714552,34.39213945704149,32.71809283395232,207.6604712785608,2026-06-25 03:52:50.475947,NaN,NaN,NaN,-34.588367,17.487849
678.401,4.420834775829268,34.39204800430323,32.72026577875606,207.64670618524417,2026-06-25 03:52:50.525934,NaN,NaN,NaN,-34.588367,17.487849
678.634,4.415488161946559,34.39195346560226,32.715741881549896,207.68581767839146,2026-06-25 03:52:50.425960,NaN,NaN,NaN,-34.588367,17.487849
678.746,4.412362660035054,34.39185604978048,32.71312406054079,207.72626177733358,2026-06-25 03:52:50.375973,NaN,NaN,NaN,-34.588367,17.487849
679.037,4.405028201876429,34.39165343621479,32.70673359921584,207.78615773854565,2026-06-25 03:52:50.275999,NaN,NaN,NaN,-34.588367,17.487849
679.109,4.400841384172569,34.3915989274021,32.70286392929059,207.82811851377267,2026-06-25 03:52:50.226012,NaN,NaN,NaN,-34.588367,17.487849
679.4025,4.40263100986163,34.39154866928992,32.704363995292965,207.82533535779748,2026-06-25 03:52:50.251006,NaN,NaN,NaN,-34.588367,17.487849
679.742,4.3917576831179606,34.391333307162526,32.694002659688515,207.93388939759694,2026-06-25 03:52:50.126038,NaN,NaN,NaN,-34.588367,17.487849
680.093,4.382566593356921,34.39111164725376,32.68460807313538,208.29808589639714,2026-06-25 03:52:50.026065,NaN,NaN,NaN,-34.588367,17.487849
680.1904999999999,4.3826956081801445,34.39111108254117,32.684717535901854,208.15453843466,2026-06-25 03:52:50.026065,NaN,NaN,NaN,-34.588367,17.487849
680.8073333333333,4.371067084479695,34.39077109186447,32.67261534804326,208.02997583049674,2026-06-25 03:52:49.876104,NaN,NaN,NaN,-34.588367,17.487849
681.219,4.365405608319519,34.39054163766494,32.66675664062521,207.857521082264,2026-06-25 03:52:49.776130,NaN,NaN,NaN,-34.588367,17.487849
681.3910000000001,4.362486378762909,34.390369329921846,32.66382085284772,207.87395037461286,2026-06-25 03:52:49.701149,NaN,NaN,NaN,-34.588367,17.487849
681.849,4.358984026820231,34.390197646495466,32.66058463458611,207.89931830706752,2026-06-25 03:52:49.576182,NaN,NaN,NaN,-34.588367,17.487849
681.913,4.3602203083938615,34.39008396876032,32.661655654724676,207.89049648883255,2026-06-25 03:52:49.626169,NaN,NaN,NaN,-34.588367,17.487849
682.1875,4.357237468738558,34.38991526064042,32.65928218801895,207.92172884995406,2026-06-25 03:52:49.501201,NaN,NaN,NaN,-34.588367,17.487849
682.647,4.3553815403059,34.38974888649664,32.65810022917691,207.93886994258423,2026-06-25 03:52:49.426221,NaN,NaN,NaN,-34.588367,17.487849
682.708,4.353963750060526,34.389639870643826,32.657283378691126,207.96361182196938,2026-06-25 03:52:49.376234,NaN,NaN,NaN,-34.588367,17.487849
683.028,4.350427853701943,34.389428107124814,32.65517328527825,207.99641312074579,2026-06-25 03:52:49.276260,NaN,NaN,NaN,-34.588367,17.487849
683.168,4.350539146707392,34.38942707193001,32.655284044117515,207.9954539582994,2026-06-25 03:52:49.276260,NaN,NaN,NaN,-34.588367,17.487849
683.323,4.346231205502219,34.389222550475,32.652407575273585,208.03906563984248,2026-06-25 03:52:49.176286,NaN,NaN,NaN,-34.588367,17.487849
683.8365,4.340918826343888,34.389029205773205,32.64811406406783,208.08423374340018,2026-06-25 03:52:49.076312,NaN,NaN,NaN,-34.588367,17.487849
683.984,4.341024788046547,34.389027805311805,32.64829648478004,208.08845316041734,2026-06-25 03:52:49.076312,NaN,NaN,NaN,-34.588367,17.487849
684.215,4.334974633317144,34.38884425855039,32.64274875057743,208.14488160526355,2026-06-25 03:52:48.976338,NaN,NaN,NaN,-34.588367,17.487849
684.5765,4.329948973514129,34.388715176900945,32.63767097677711,208.19223466410915,2026-06-25 03:52:48.901358,NaN,NaN,NaN,-34.588367,17.487849
684.8154999999999,4.3229142310023,34.388554427666456,32.63014201122267,208.25707078359497,2026-06-25 03:52:48.801384,NaN,NaN,NaN,-34.588367,17.487849
685.399,4.315947627565038,34.38840832771278,32.6223695370519,208.0405489531803,2026-06-25 03:52:48.701410,NaN,NaN,NaN,-34.588367,17.487849
685.543,4.311100733896221,34.388308499890535,32.61688390721993,208.0747795015054,2026-06-25 03:52:48.626429,NaN,NaN,NaN,-34.588367,17.487849
685.9693333333333,4.305752802244474,34.38819196596628,32.61085566642472,207.83301329145496,2026-06-25 03:52:48.526455,NaN,NaN,NaN,-34.588367,17.487849
686.406,4.301486584664295,34.38808987795109,32.60615317138013,207.86086461429986,2026-06-25 03:52:48.426481,NaN,NaN,NaN,-34.588367,17.487849
686.695,4.298535027578367,34.388046301703156,32.603142136530344,207.59819045042354,2026-06-25 03:52:48.326508,NaN,NaN,NaN,-34.588367,17.487849
686.727,4.299875360085196,34.388007337736155,32.6044659647018,207.87539192950186,2026-06-25 03:52:48.376494,NaN,NaN,NaN,-34.588367,17.487849
687.06,4.297425966429256,34.38797306348958,32.602143148924064,207.61057934598662,2026-06-25 03:52:48.276521,NaN,NaN,NaN,-34.588367,17.487849
687.2574999999999,4.296128879106252,34.387931202821164,32.601182646177,207.6172530200486,2026-06-25 03:52:48.201540,NaN,NaN,NaN,-34.588367,17.487849
687.513,4.295114756292208,34.38789904165763,32.60064104504424,207.6264125905397,2026-06-25 03:52:48.126560,NaN,NaN,NaN,-34.588367,17.487849
687.856,4.294354508041904,34.38787918866977,32.60044602522019,207.35863023489904,2026-06-25 03:52:48.051579,NaN,NaN,NaN,-34.588367,17.487849
688.155,4.293761507276775,34.38787452604625,32.6004125480973,207.35928097077863,2026-06-25 03:52:47.976599,NaN,NaN,NaN,-34.588367,17.487849
688.378,4.2934916473762215,34.38787452604625,32.60046293083882,207.07647802246885,2026-06-25 03:52:47.926612,NaN,NaN,NaN,-34.588367,17.487849
688.656,4.293333390272566,34.38787452604625,32.60056478743085,207.08319063420745,2026-06-25 03:52:47.876625,NaN,NaN,NaN,-34.588367,17.487849
688.8095000000001,4.293343820308392,34.38789232934984,32.60086759386503,206.93993694420615,2026-06-25 03:52:47.801644,NaN,NaN,NaN,-34.588367,17.487849
689.296,4.293628304484,34.3879202350842,32.60141166542482,206.8050888293718,2026-06-25 03:52:47.726664,NaN,NaN,NaN,-34.588367,17.487849
689.373,4.2945702274395074,34.38797590411485,32.60289676793883,206.5089004544873,2026-06-25 03:52:47.626690,NaN,NaN,NaN,-34.588367,17.487849
689.6645000000001,4.294648433163211,34.38797840134819,32.603051084435286,206.5128561335973,2026-06-25 03:52:47.626690,NaN,NaN,NaN,-34.588367,17.487849
690.104,4.297056251551815,34.3880515442779,32.60738752831366,206.20135067806518,2026-06-25 03:52:47.476729,NaN,NaN,NaN,-34.588367,17.487849
690.24,4.296120601622306,34.38809676981538,32.60558448336241,206.2138952410895,2026-06-25 03:52:47.526716,NaN,NaN,NaN,-34.588367,17.487849
690.5025,4.298467798891014,34.388174341056676,32.610502622266324,206.05050696204881,2026-06-25 03:52:47.401749,NaN,NaN,NaN,-34.588367,17.487849
690.848,4.299893321307202,34.3882937168451,32.614704037851936,205.89409610627757,2026-06-25 03:52:47.301775,NaN,NaN,NaN,-34.588367,17.487849
691.453,4.300075330724328,34.38843177947473,32.617791768500794,205.89516640796518,2026-06-25 03:52:47.201801,NaN,NaN,NaN,-34.588367,17.487849
691.593,4.299070113305293,34.38854668486882,32.618718864395674,205.64227225589303,2026-06-25 03:52:47.126820,NaN,NaN,NaN,-34.588367,17.487849
691.879,4.295871064716688,34.38862918248445,32.61736872397341,205.6840605193181,2026-06-25 03:52:47.026846,NaN,NaN,NaN,-34.588367,17.487849
691.967,4.297712653045168,34.38871598940377,32.61840228561598,205.66891596699236,2026-06-25 03:52:47.076833,NaN,NaN,NaN,-34.588367,17.487849
692.36,4.293623621970411,34.388807010937775,32.61568197495863,205.70938540528078,2026-06-25 03:52:46.976859,NaN,NaN,NaN,-34.588367,17.487849
692.612,4.288231711787327,34.389001296731806,32.61071926420301,205.75657217352887,2026-06-25 03:52:46.876885,NaN,NaN,NaN,-34.588367,17.487849
692.742,4.288297587253268,34.38900324889528,32.61084258422717,205.75910296861878,2026-06-25 03:52:46.876885,NaN,NaN,NaN,-34.588367,17.487849
693.2396666666667,4.279456456326197,34.38932290632997,32.60200729369553,205.78305945372043,2026-06-25 03:52:46.726924,NaN,NaN,NaN,-34.588367,17.487849
693.488,4.273599988567251,34.389553324098486,32.59619627256229,205.60425328403431,2026-06-25 03:52:46.626951,NaN,NaN,NaN,-34.588367,17.487849
694.1659999999999,4.269468555831159,34.389736168093535,32.59226411340957,205.493812698309,2026-06-25 03:52:46.551970,NaN,NaN,NaN,-34.588367,17.487849
694.4145000000001,4.264381394234919,34.3899902536269,32.5876401988118,205.38908671610784,2026-06-25 03:52:46.451996,NaN,NaN,NaN,-34.588367,17.487849
694.7795,4.259779642653724,34.39025576426267,32.58364746467939,205.29150983079577,2026-06-25 03:52:46.352022,NaN,NaN,NaN,-34.588367,17.487849
695.099,4.256606840293769,34.39046144488696,32.58094618638734,205.18482431025635,2026-06-25 03:52:46.277042,NaN,NaN,NaN,-34.588367,17.487849
695.134,4.254660368455803,34.39060178114098,32.57929799024989,205.1979212841294,2026-06-25 03:52:46.227055,NaN,NaN,NaN,-34.588367,17.487849
695.653,4.251390136450116,34.39089000061818,32.576563419135226,205.22343638865553,2026-06-25 03:52:46.127081,NaN,NaN,NaN,-34.588367,17.487849
695.7675,4.250008769032103,34.39103655273239,32.57543670824257,205.23779648877652,2026-06-25 03:52:46.077094,NaN,NaN,NaN,-34.588367,17.487849
696.163,4.247769466993957,34.39133418610859,32.57367617877917,204.97390352254632,2026-06-25 03:52:45.977120,NaN,NaN,NaN,-34.588367,17.487849
696.344,4.247009710414727,34.39148581674546,32.57309861122276,204.9724157814966,2026-06-25 03:52:45.927133,NaN,NaN,NaN,-34.588367,17.487849
696.577,4.246432867718494,34.39163883120152,32.5726336617958,204.98050945369397,2026-06-25 03:52:45.877146,NaN,NaN,NaN,-34.588367,17.487849
696.741,4.246007058434999,34.391793087186485,32.572238150262145,204.98388993229665,2026-06-25 03:52:45.827159,NaN,NaN,NaN,-34.588367,17.487849
697.062,4.245692152357101,34.391948442930996,32.571876625892166,204.9814687092721,2026-06-25 03:52:45.777172,NaN,NaN,NaN,-34.588367,17.487849
697.3850000000001,4.2452448362032085,34.39226211693936,32.57118168507088,204.71437253039738,2026-06-25 03:52:45.677198,NaN,NaN,NaN,-34.588367,17.487849
697.742,4.2448562849514175,34.39257805744246,32.570523995323946,204.7181102304465,2026-06-25 03:52:45.577224,NaN,NaN,NaN,-34.588367,17.487849
698.03,4.244673077584355,34.39273681748196,32.57024632326416,204.72140647017707,2026-06-25 03:52:45.527237,NaN,NaN,NaN,-34.588367,17.487849
698.298,4.244424881575618,34.39297543329684,32.56994128370131,204.72473189203566,2026-06-25 03:52:45.452257,NaN,NaN,NaN,-34.588367,17.487849
698.625,4.244219940844079,34.393214195148175,32.56977749959825,204.73838210636092,2026-06-25 03:52:45.377276,NaN,NaN,NaN,-34.588367,17.487849
698.845,4.244126381353668,34.39345265624692,32.569837170636546,204.4530760048035,2026-06-25 03:52:45.302296,NaN,NaN,NaN,-34.588367,17.487849
699.065,4.244199074479132,34.393690500087516,32.570119723520996,204.44605636773863,2026-06-25 03:52:45.227315,NaN,NaN,NaN,-34.588367,17.487849
699.4105,4.2447936130893815,34.39400542454987,32.57108178334231,204.44748275106926,2026-06-25 03:52:45.127341,NaN,NaN,NaN,-34.588367,17.487849
699.633,4.244724916953709,34.39400578662057,32.570999421233424,204.4548303138597,2026-06-25 03:52:45.127341,NaN,NaN,NaN,-34.588367,17.487849
700.022,4.2461933299017165,34.394395596872684,32.57306053362605,204.16189619915593,2026-06-25 03:52:45.002374,NaN,NaN,NaN,-34.588367,17.487849
700.276,4.248076698282082,34.39470311584874,32.57554767280288,203.99707674417567,2026-06-25 03:52:44.902400,NaN,NaN,NaN,-34.588367,17.487849
700.788,4.249846623028518,34.394930818393405,32.57789084887532,203.84857425118767,2026-06-25 03:52:44.827420,NaN,NaN,NaN,-34.588367,17.487849
700.9195,4.2518221997734775,34.395155166985326,32.58062024716416,203.8281218518432,2026-06-25 03:52:44.752439,NaN,NaN,NaN,-34.588367,17.487849
701.386,4.254495497137599,34.39544931166017,32.58454039370301,203.6732477200916,2026-06-25 03:52:44.652465,NaN,NaN,NaN,-34.588367,17.487849
701.644,4.256389072704918,34.39566587390657,32.58751719845196,203.79989411997423,2026-06-25 03:52:44.577485,NaN,NaN,NaN,-34.588367,17.487849
701.9735000000001,4.258035146103494,34.39587806273423,32.590333324890764,203.50841663349496,2026-06-25 03:52:44.502504,NaN,NaN,NaN,-34.588367,17.487849
702.236,4.259400748888749,34.396086549690715,32.592871582763834,203.50213726904175,2026-06-25 03:52:44.427524,NaN,NaN,NaN,-34.588367,17.487849
702.475,4.2605817245955615,34.39635637053024,32.59543347193733,203.78252085056738,2026-06-25 03:52:44.327550,NaN,NaN,NaN,-34.588367,17.487849
702.5455,4.260482916111035,34.39635739440089,32.595284248135016,203.50090078573444,2026-06-25 03:52:44.327550,NaN,NaN,NaN,-34.588367,17.487849
702.845,4.260976172796838,34.39662005284636,32.59682132613555,203.49584725294827,2026-06-25 03:52:44.227576,NaN,NaN,NaN,-34.588367,17.487849
703.0975000000001,4.260700248829651,34.39681119036317,32.59704108767326,203.49921364234447,2026-06-25 03:52:44.152596,NaN,NaN,NaN,-34.588367,17.487849
703.6714999999999,4.259588549106997,34.39705873022958,32.596518244403285,203.6716040168424,2026-06-25 03:52:44.052622,NaN,NaN,NaN,-34.588367,17.487849
703.9525000000001,4.257625368542129,34.39729731818109,32.59534630407227,203.82900170652266,2026-06-25 03:52:43.952648,NaN,NaN,NaN,-34.588367,17.487849
704.2470000000001,4.2549738534508155,34.39752681649267,32.59381502263649,203.8526763695687,2026-06-25 03:52:43.852674,NaN,NaN,NaN,-34.588367,17.487849
704.591,4.252582749756245,34.39769322039234,32.592489098982654,203.87560781315426,2026-06-25 03:52:43.777693,NaN,NaN,NaN,-34.588367,17.487849
704.812,4.249725696312579,34.397853901337015,32.590932577680746,203.9080336599262,2026-06-25 03:52:43.702713,NaN,NaN,NaN,-34.588367,17.487849
705.195,4.246432350812142,34.39801002292662,32.58909748923369,203.94740185072004,2026-06-25 03:52:43.627732,NaN,NaN,NaN,-34.588367,17.487849
705.554,4.24095487228893,34.398208793894,32.58565611469078,204.13316173195938,2026-06-25 03:52:43.527758,NaN,NaN,NaN,-34.588367,17.487849
705.788,4.241114871606677,34.39820990422965,32.58583222961519,204.27037477953996,2026-06-25 03:52:43.527758,NaN,NaN,NaN,-34.588367,17.487849
705.957,4.234496495526818,34.398400906678276,32.58115145676994,204.32754930927717,2026-06-25 03:52:43.427784,NaN,NaN,NaN,-34.588367,17.487849
706.165,4.226023356956609,34.398583251712765,32.5743851277348,204.40091469230876,2026-06-25 03:52:43.327810,NaN,NaN,NaN,-34.588367,17.487849
706.3896666666666,4.222175894876429,34.39864054168718,32.57092438869641,204.48338536303126,2026-06-25 03:52:43.294486,NaN,NaN,NaN,-34.588367,17.487849
706.833,4.208603594254364,34.39884115884534,32.558560351315606,204.82840073334046,2026-06-25 03:52:43.177850,NaN,NaN,NaN,-34.588367,17.487849
707.0045,4.197519402653049,34.3989631599099,32.547358161316176,205.08125289691915,2026-06-25 03:52:43.102869,NaN,NaN,NaN,-34.588367,17.487849
707.357,4.180958182420273,34.39911955775315,32.529549959649,205.38814373683462,2026-06-25 03:52:43.002895,NaN,NaN,NaN,-34.588367,17.487849
707.8216666666667,4.159557515690349,34.39930470906921,32.50537186652434,205.27459752024845,2026-06-25 03:52:42.877928,NaN,NaN,NaN,-34.588367,17.487849
708.262,4.144155670957998,34.39944619308885,32.48775242641963,205.41379042576915,2026-06-25 03:52:42.777954,NaN,NaN,NaN,-34.588367,17.487849
708.468,4.1379064708817666,34.39951434464804,32.48057957096478,205.44994077027349,2026-06-25 03:52:42.727967,NaN,NaN,NaN,-34.588367,17.487849
708.596,4.1327559580252355,34.39958103487975,32.47462156757406,205.1964846513699,2026-06-25 03:52:42.677980,NaN,NaN,NaN,-34.588367,17.487849
708.844,4.128736124974856,34.39964632704846,32.4699183918593,204.93884471296636,2026-06-25 03:52:42.627993,NaN,NaN,NaN,-34.588367,17.487849
708.932,4.125817320780607,34.399710285088354,32.46645098700386,204.95401416449684,2026-06-25 03:52:42.578006,NaN,NaN,NaN,-34.588367,17.487849
709.2325,4.123462429070908,34.39983388664723,32.463427269652215,204.54601950877768,2026-06-25 03:52:42.478032,NaN,NaN,NaN,-34.588367,17.487849
709.361,4.123019271272948,34.399834456734894,32.4629375314122,204.68886974057733,2026-06-25 03:52:42.478032,NaN,NaN,NaN,-34.588367,17.487849
709.734,4.123770002297154,34.39995406762824,32.4633496219153,204.39938116447928,2026-06-25 03:52:42.378058,NaN,NaN,NaN,-34.588367,17.487849
709.907,4.1252945824043055,34.40001232454005,32.46480854649762,204.38334153053876,2026-06-25 03:52:42.328071,NaN,NaN,NaN,-34.588367,17.487849
710.141,4.1288787014568396,34.400097848465066,32.46844971285482,204.06580885698503,2026-06-25 03:52:42.253091,NaN,NaN,NaN,-34.588367,17.487849
710.481,4.137206997524544,34.40023651920519,32.47740430941752,203.71634627959506,2026-06-25 03:52:42.128123,NaN,NaN,NaN,-34.588367,17.487849
710.5965,4.1394026359305265,34.400262929776105,32.47998690885255,203.691609336189,2026-06-25 03:52:42.103130,NaN,NaN,NaN,-34.588367,17.487849
711.0166666666668,4.148014493708091,34.40037911882296,32.48988992085726,203.6184482728894,2026-06-25 03:52:41.994825,NaN,NaN,NaN,-34.588367,17.487849
711.435,4.159174837624333,34.40052729061446,32.503174600026284,202.9758242075467,2026-06-25 03:52:41.853195,NaN,NaN,NaN,-34.588367,17.487849
711.642,4.167314620940629,34.40065504862132,32.512664245228805,202.92437876292402,2026-06-25 03:52:41.728227,NaN,NaN,NaN,-34.588367,17.487849
711.7940000000001,4.167154258073311,34.40065517267503,32.51244458153308,202.92157148455834,2026-06-25 03:52:41.728227,NaN,NaN,NaN,-34.588367,17.487849
712.267,4.173427071863053,34.400781436836056,32.5193928030897,202.87837906817813,2026-06-25 03:52:41.603260,NaN,NaN,NaN,-34.588367,17.487849
712.701,4.176342265888673,34.40085679291965,32.52253026626664,202.593077339398,2026-06-25 03:52:41.528280,NaN,NaN,NaN,-34.588367,17.487849
712.983,4.17877398566983,34.400932003003675,32.52519247629162,202.5786560552608,2026-06-25 03:52:41.453299,NaN,NaN,NaN,-34.588367,17.487849
713.4050000000001,4.182373796733075,34.40105748931654,32.52938253255211,202.54045449952787,2026-06-25 03:52:41.328332,NaN,NaN,NaN,-34.588367,17.487849
713.703,4.18636523405399,34.40115826837213,32.53457904084128,202.51632797980412,2026-06-25 03:52:41.178371,NaN,NaN,NaN,-34.588367,17.487849
713.731,4.185090896020192,34.40120893081276,32.53283598556453,202.52274112765036,2026-06-25 03:52:41.228358,NaN,NaN,NaN,-34.588367,17.487849
714.2163333333333,4.1885698998858425,34.401311035647794,32.53764708446047,202.22963479127498,2026-06-25 03:52:41.078397,NaN,NaN,NaN,-34.588367,17.487849
714.672,4.190284702133733,34.40141408446619,32.539925285537265,202.2097754581736,2026-06-25 03:52:40.978423,NaN,NaN,NaN,-34.588367,17.487849
714.745,4.191209060408721,34.40146615868683,32.54089656724213,202.21243244510907,2026-06-25 03:52:40.878449,NaN,NaN,NaN,-34.588367,17.487849
715.03,4.190838570644284,34.401518607128764,32.54055942606851,202.21342640791568,2026-06-25 03:52:40.928436,NaN,NaN,NaN,-34.588367,17.487849
715.157,4.191430480911687,34.40157145788907,32.54099235639539,202.21160104865197,2026-06-25 03:52:40.828462,NaN,NaN,NaN,-34.588367,17.487849
715.342,4.1915552611958065,34.401624738106186,32.540931701996016,202.21586861084256,2026-06-25 03:52:40.778475,NaN,NaN,NaN,-34.588367,17.487849
715.635,4.191755364371296,34.40173269105918,32.5407466690083,202.22066040525482,2026-06-25 03:52:40.678501,NaN,NaN,NaN,-34.588367,17.487849
715.838,4.191796362881346,34.40173294394374,32.54081772156643,202.2239237578983,2026-06-25 03:52:40.678501,NaN,NaN,NaN,-34.588367,17.487849
716.103,4.192274824213834,34.401842666391545,32.54111241683296,201.94330851599227,2026-06-25 03:52:40.578527,NaN,NaN,NaN,-34.588367,17.487849
716.271,4.192763767508458,34.40189847196828,32.5416758908265,201.93577132843708,2026-06-25 03:52:40.528540,NaN,NaN,NaN,-34.588367,17.487849
716.416,4.193422912905462,34.40195485334996,32.54253349263204,201.65204450040724,2026-06-25 03:52:40.478553,NaN,NaN,NaN,-34.588367,17.487849
716.599,4.194227770307442,34.40201183278964,32.54367741730652,201.64311274653897,2026-06-25 03:52:40.428566,NaN,NaN,NaN,-34.588367,17.487849
716.849,4.196028364763463,34.40206943209858,32.54662147631793,201.62336337128087,2026-06-25 03:52:40.328592,NaN,NaN,NaN,-34.588367,17.487849
716.939,4.19512311457923,34.40212767270607,32.54506605077974,201.63506182535787,2026-06-25 03:52:40.378579,NaN,NaN,NaN,-34.588367,17.487849
717.176,4.196844693784324,34.40218657571684,32.54823161337463,201.6155802918498,2026-06-25 03:52:40.278605,NaN,NaN,NaN,-34.588367,17.487849
717.409,4.197464014624121,34.40224616196557,32.549759645470516,201.62441566828835,2026-06-25 03:52:40.228618,NaN,NaN,NaN,-34.588367,17.487849
717.6814999999999,4.1977420468742395,34.402336959269135,32.55152547721477,201.34243714545363,2026-06-25 03:52:40.153638,NaN,NaN,NaN,-34.588367,17.487849
717.7565,4.196622880831903,34.40246048742129,32.55237885519621,201.63952926238963,2026-06-25 03:52:40.053664,NaN,NaN,NaN,-34.588367,17.487849
718.4266666666666,4.1920705393233355,34.402619447421195,32.549961818863345,201.68898343554238,2026-06-25 03:52:39.928697,NaN,NaN,NaN,-34.588367,17.487849
718.854,4.186217312242715,34.402749896618474,32.5454556122762,201.75381144312865,2026-06-25 03:52:39.828723,NaN,NaN,NaN,-34.588367,17.487849
719.102,4.182470279743355,34.40281654724566,32.542192638962064,201.78733777135545,2026-06-25 03:52:39.778736,NaN,NaN,NaN,-34.588367,17.487849
719.2585,4.176110265953696,34.40291830527688,32.53631529515336,201.7018002157782,2026-06-25 03:52:39.703755,NaN,NaN,NaN,-34.588367,17.487849
719.612,4.169253252643216,34.40302189618102,32.529732446432014,201.91523198360218,2026-06-25 03:52:39.628775,NaN,NaN,NaN,-34.588367,17.487849
719.903,4.16453888293922,34.40309221262623,32.52511408562513,201.6787075755749,2026-06-25 03:52:39.578788,NaN,NaN,NaN,-34.588367,17.487849
720.007,4.155545509020799,34.40323576797498,32.51621219837742,201.88718943974692,2026-06-25 03:52:39.478814,NaN,NaN,NaN,-34.588367,17.487849
720.156,4.155397151359543,34.40323627202018,32.516076268786826,202.02359774511285,2026-06-25 03:52:39.478814,NaN,NaN,NaN,-34.588367,17.487849
720.554,4.147411674266662,34.4033833556237,32.50809925969387,201.8136168030785,2026-06-25 03:52:39.378840,NaN,NaN,NaN,-34.588367,17.487849
720.8389999999999,4.141282810701505,34.40353550024393,32.501919423793275,201.84913421058735,2026-06-25 03:52:39.278866,NaN,NaN,NaN,-34.588367,17.487849
721.253,4.135204290615401,34.403771404381686,32.495738055398334,201.8920324099529,2026-06-25 03:52:39.128905,NaN,NaN,NaN,-34.588367,17.487849
721.811,4.132613364188729,34.40397560086342,32.493048542901576,201.6375527950373,2026-06-25 03:52:39.003938,NaN,NaN,NaN,-34.588367,17.487849
722.4176666666666,4.13156373983698,34.40418774184641,32.491880731232605,201.64779201763704,2026-06-25 03:52:38.878970,NaN,NaN,NaN,-34.588367,17.487849
722.871,4.131213343864375,34.40436237395291,32.49136560962607,201.6500211221274,2026-06-25 03:52:38.729009,NaN,NaN,NaN,-34.588367,17.487849
723.01,4.1312468878211295,34.40445178516386,32.49145228874397,201.6542614598575,2026-06-25 03:52:38.778996,NaN,NaN,NaN,-34.588367,17.487849
723.305,4.13123261986376,34.40454247487933,32.49134190101013,201.66012514546273,2026-06-25 03:52:38.629035,NaN,NaN,NaN,-34.588367,17.487849
723.35,4.131216462874386,34.40463445608153,32.49133231409371,201.6571943737584,2026-06-25 03:52:38.679022,NaN,NaN,NaN,-34.588367,17.487849
723.656,4.131243486280039,34.404727740736874,32.49138533897062,201.65966578689816,2026-06-25 03:52:38.579048,NaN,NaN,NaN,-34.588367,17.487849
723.826,4.1312073730453385,34.4048223397266,32.491605733869214,201.39138310783568,2026-06-25 03:52:38.454081,NaN,NaN,NaN,-34.588367,17.487849
723.953,4.131240356524437,34.404966890589385,32.491455643451225,201.66200497687706,2026-06-25 03:52:38.529061,NaN,NaN,NaN,-34.588367,17.487849
724.213,4.1311590485017815,34.405114113814065,32.49179582316748,201.38974754774645,2026-06-25 03:52:38.379100,NaN,NaN,NaN,-34.588367,17.487849
724.46,4.1311299391714895,34.40521405489425,32.49194442731971,201.3853916700503,2026-06-25 03:52:38.329113,NaN,NaN,NaN,-34.588367,17.487849
724.8595,4.131092720879677,34.405366668278575,32.492185535512306,201.39220590272546,2026-06-25 03:52:38.254133,NaN,NaN,NaN,-34.588367,17.487849
725.0609999999999,4.131015404861058,34.4055746661412,32.49252947150963,201.39737574303524,2026-06-25 03:52:38.154159,NaN,NaN,NaN,-34.588367,17.487849
725.562,4.130921570979871,34.405842104858756,32.49301846699901,201.40521397097612,2026-06-25 03:52:38.029192,NaN,NaN,NaN,-34.588367,17.487849
725.8109999999999,4.130943945305489,34.405842777033385,32.49302019812552,201.4089636884715,2026-06-25 03:52:38.029192,NaN,NaN,NaN,-34.588367,17.487849
725.9580000000001,4.131109050594451,34.40611827576528,32.493529239789524,201.40253171861983,2026-06-25 03:52:37.904224,NaN,NaN,NaN,-34.588367,17.487849
726.272,4.1314229726441,34.40628769412911,32.49382074796671,201.39536726820882,2026-06-25 03:52:37.829244,NaN,NaN,NaN,-34.588367,17.487849
726.675,4.1317149721073925,34.40640238559689,32.4940146425464,201.1262559999077,2026-06-25 03:52:37.779257,NaN,NaN,NaN,-34.588367,17.487849
726.76,4.132042682620732,34.4065183694087,32.49421725806907,201.12526153470262,2026-06-25 03:52:37.729270,NaN,NaN,NaN,-34.588367,17.487849
727.0,4.1325650486464856,34.4066948892261,32.494556019671684,201.12461768002103,2026-06-25 03:52:37.654289,NaN,NaN,NaN,-34.588367,17.487849
727.53,4.133095853977257,34.40687390702215,32.494938626497444,201.11667939921736,2026-06-25 03:52:37.579309,NaN,NaN,NaN,-34.588367,17.487849
727.8175,4.133587483722071,34.40705596846237,32.49537044849422,201.11332340065607,2026-06-25 03:52:37.504328,NaN,NaN,NaN,-34.588367,17.487849
728.029,4.133977666941019,34.40724039410761,32.49582922016076,201.11961110056032,2026-06-25 03:52:37.429348,NaN,NaN,NaN,-34.588367,17.487849
728.196,4.134193579318347,34.407490474575425,32.496472998486624,201.11315400159782,2026-06-25 03:52:37.329374,NaN,NaN,NaN,-34.588367,17.487849
728.3699999999999,4.134151022480019,34.40749101658996,32.49647531341644,200.98118027331722,2026-06-25 03:52:37.329374,NaN,NaN,NaN,-34.588367,17.487849
728.803,4.133999572547592,34.4078092655738,32.497299392041306,200.99024144464448,2026-06-25 03:52:37.204407,NaN,NaN,NaN,-34.588367,17.487849
728.966,4.133745183763672,34.408003377359805,32.497793975906,200.86055828837706,2026-06-25 03:52:37.129426,NaN,NaN,NaN,-34.588367,17.487849
729.213,4.133509981005329,34.40819985599097,32.49828968564954,200.85708295233562,2026-06-25 03:52:37.054446,NaN,NaN,NaN,-34.588367,17.487849
729.591,4.1333847124457295,34.4083981134555,32.49878768856083,200.8607804402349,2026-06-25 03:52:36.979465,NaN,NaN,NaN,-34.588367,17.487849
729.823,4.133400426665625,34.408531404243334,32.49911968942264,200.58565817199647,2026-06-25 03:52:36.929478,NaN,NaN,NaN,-34.588367,17.487849
730.061,4.133492988251841,34.40866548254047,32.4994516430019,200.58387137133042,2026-06-25 03:52:36.879491,NaN,NaN,NaN,-34.588367,17.487849
730.281,4.1336566914181745,34.40880030556552,32.49978637961029,200.58157898035813,2026-06-25 03:52:36.829504,NaN,NaN,NaN,-34.588367,17.487849
730.329,4.133881146571115,34.408935829569124,32.500127829667406,200.58073294340235,2026-06-25 03:52:36.779517,NaN,NaN,NaN,-34.588367,17.487849
730.525,4.134152827897295,34.40907200994073,32.500480152363444,200.58097021516136,2026-06-25 03:52:36.729530,NaN,NaN,NaN,-34.588367,17.487849
730.773,4.134459166731199,34.409208801320766,32.5008486800439,200.58476793957908,2026-06-25 03:52:36.679543,NaN,NaN,NaN,-34.588367,17.487849
731.1595,4.134970018604797,34.40941509517565,32.501452291452324,200.44064081467556,2026-06-25 03:52:36.604563,NaN,NaN,NaN,-34.588367,17.487849
731.455,4.135522423131311,34.409622379184526,32.50212033732208,200.30203991397033,2026-06-25 03:52:36.529583,NaN,NaN,NaN,-34.588367,17.487849
731.679,4.135909748633941,34.40976115024246,32.50260266623573,200.30196156433743,2026-06-25 03:52:36.479596,NaN,NaN,NaN,-34.588367,17.487849
731.793,4.136498623964089,34.4099700377521,32.503333605322965,200.01718362222047,2026-06-25 03:52:36.404615,NaN,NaN,NaN,-34.588367,17.487849
732.227,4.137074561087016,34.41017953832662,32.504027885817784,200.01469728336193,2026-06-25 03:52:36.329635,NaN,NaN,NaN,-34.588367,17.487849
732.429,4.137754149850134,34.41045972375489,32.504867293850765,200.00956196125628,2026-06-25 03:52:36.229661,NaN,NaN,NaN,-34.588367,17.487849
732.6125,4.1377370458774365,34.41045979597966,32.50486732882537,199.87665722492272,2026-06-25 03:52:36.229661,NaN,NaN,NaN,-34.588367,17.487849
732.887,4.13830897117392,34.410740487771214,32.50570266198022,199.73807423935423,2026-06-25 03:52:36.129687,NaN,NaN,NaN,-34.588367,17.487849
733.03,4.1385755683520955,34.410880975358126,32.50614086515899,199.7313530826919,2026-06-25 03:52:36.079700,NaN,NaN,NaN,-34.588367,17.487849
733.241,4.13887706195741,34.41102147595495,32.506590942466175,199.45298141835949,2026-06-25 03:52:36.029713,NaN,NaN,NaN,-34.588367,17.487849
733.625,4.139255567385635,34.411161948087894,32.50705361970055,199.45110577929327,2026-06-25 03:52:35.979726,NaN,NaN,NaN,-34.588367,17.487849
733.7465,4.1401107914003905,34.411372500097684,32.50784188884638,199.32003817766784,2026-06-25 03:52:35.904745,NaN,NaN,NaN,-34.588367,17.487849
734.056,4.142782411279718,34.411582801666775,32.50999454953525,198.88786633508087,2026-06-25 03:52:35.779778,NaN,NaN,NaN,-34.588367,17.487849
734.106,4.141434696014723,34.41172277665224,32.50890605453882,199.1821292737663,2026-06-25 03:52:35.829765,NaN,NaN,NaN,-34.588367,17.487849
734.407,4.144592999527084,34.41186254086277,32.51154203028317,198.87539634010193,2026-06-25 03:52:35.729791,NaN,NaN,NaN,-34.588367,17.487849
734.776,4.146926028995961,34.41200206402659,32.51367205498545,198.85752438313918,2026-06-25 03:52:35.679804,NaN,NaN,NaN,-34.588367,17.487849
735.0205,4.151486699809926,34.412210798445784,32.518181011029185,198.53104748961448,2026-06-25 03:52:35.604824,NaN,NaN,NaN,-34.588367,17.487849
735.2555,4.1590434776824665,34.412488076233856,32.5261873396999,198.3225370828208,2026-06-25 03:52:35.504850,NaN,NaN,NaN,-34.588367,17.487849
735.6695,4.167534659977081,34.4127639806558,32.53570898954673,197.98439157059215,2026-06-25 03:52:35.404876,NaN,NaN,NaN,-34.588367,17.487849
735.998,4.173879032491882,34.41296999056301,32.54308027820717,197.79756894028947,2026-06-25 03:52:35.329895,NaN,NaN,NaN,-34.588367,17.487849
736.411,4.177854454250469,34.41310682410264,32.54780303865778,197.7691247696621,2026-06-25 03:52:35.279908,NaN,NaN,NaN,-34.588367,17.487849
736.5285,4.183167064511974,34.413311307380724,32.55424927154857,197.74128857153084,2026-06-25 03:52:35.204928,NaN,NaN,NaN,-34.588367,17.487849
736.81,4.188943445723126,34.41358269176851,32.561465057104996,197.7061493936457,2026-06-25 03:52:35.104954,NaN,NaN,NaN,-34.588367,17.487849
737.083,4.192282290258289,34.413785320010604,32.56580360495537,197.69232867965707,2026-06-25 03:52:35.029973,NaN,NaN,NaN,-34.588367,17.487849
737.1855,4.194730752837835,34.41398710824531,32.56917977613833,197.803201319599,2026-06-25 03:52:34.954993,NaN,NaN,NaN,-34.588367,17.487849
737.664,4.19696169823326,34.41425517808851,32.57254608959802,197.93118436805864,2026-06-25 03:52:34.855019,NaN,NaN,NaN,-34.588367,17.487849
738.073,4.198170087491467,34.41445561061548,32.57500114768401,197.655893071588,2026-06-25 03:52:34.730052,NaN,NaN,NaN,-34.588367,17.487849
738.222,4.197908717322832,34.414588976277415,32.5742687483644,197.93109682882383,2026-06-25 03:52:34.780039,NaN,NaN,NaN,-34.588367,17.487849
738.385,4.198045775893492,34.414788774622394,32.57549514942947,197.80002031968905,2026-06-25 03:52:34.655071,NaN,NaN,NaN,-34.588367,17.487849
738.825,4.197086567053258,34.41505501558993,32.57520379440732,197.946127259406,2026-06-25 03:52:34.555097,NaN,NaN,NaN,-34.588367,17.487849
739.419,4.195818462964662,34.415254797971485,32.57432368421523,197.95711904457295,2026-06-25 03:52:34.480117,NaN,NaN,NaN,-34.588367,17.487849
739.5795,4.19402716643156,34.415454969839175,32.57283167791706,197.97810188053828,2026-06-25 03:52:34.405136,NaN,NaN,NaN,-34.588367,17.487849
739.877,4.191836376457162,34.41565567228685,32.57088973035866,198.00864559090175,2026-06-25 03:52:34.330156,NaN,NaN,NaN,-34.588367,17.487849
740.041,4.1901568658025825,34.415789959582376,32.5693293930463,198.02438135236144,2026-06-25 03:52:34.280169,NaN,NaN,NaN,-34.588367,17.487849
740.413,4.187465515585529,34.415992374478805,32.56668738118154,198.04507433828024,2026-06-25 03:52:34.205188,NaN,NaN,NaN,-34.588367,17.487849
740.8353333333334,4.183041191675982,34.41633300204945,32.562031455662364,198.29158462671535,2026-06-25 03:52:34.080221,NaN,NaN,NaN,-34.588367,17.487849
741.217,4.179846042514049,34.41660881062415,32.55855056367863,198.38862542521318,2026-06-25 03:52:33.980247,NaN,NaN,NaN,-34.588367,17.487849
741.4585,4.177796631224076,34.416818778272,32.55634576330395,198.1203426466487,2026-06-25 03:52:33.905267,NaN,NaN,NaN,-34.588367,17.487849
741.657,4.175883621960715,34.41703120929911,32.55441557198234,198.13740445230215,2026-06-25 03:52:33.830286,NaN,NaN,NaN,-34.588367,17.487849
742.126,4.1746050957718515,34.41717466560582,32.553266769596725,198.15389400533496,2026-06-25 03:52:33.780299,NaN,NaN,NaN,-34.588367,17.487849
742.3753333333334,4.171744313343953,34.41746686850175,32.55105015919296,198.18145029174823,2026-06-25 03:52:33.680325,NaN,NaN,NaN,-34.588367,17.487849
742.8235,4.167486749907306,34.41784114456045,32.547940031849876,198.22385417623124,2026-06-25 03:52:33.555358,NaN,NaN,NaN,-34.588367,17.487849
743.21,4.164465121234583,34.41807179119515,32.54559701893793,198.24947354775892,2026-06-25 03:52:33.480377,NaN,NaN,NaN,-34.588367,17.487849
743.34,4.1622354949888525,34.4182285603348,32.54372184279523,198.26753962160282,2026-06-25 03:52:33.430390,NaN,NaN,NaN,-34.588367,17.487849
743.5830000000001,4.158580090801037,34.41846861480943,32.54040694209357,198.29977709170828,2026-06-25 03:52:33.355410,NaN,NaN,NaN,-34.588367,17.487849
744.0745,4.153265267352301,34.41879751534451,32.53536405037029,198.36303495194636,2026-06-25 03:52:33.255436,NaN,NaN,NaN,-34.588367,17.487849
744.211,4.149084445787845,34.41905130687378,32.53141021555387,198.39847327356907,2026-06-25 03:52:33.180456,NaN,NaN,NaN,-34.588367,17.487849
744.4224999999999,4.144930887830544,34.4193127894882,32.5276136384234,198.4182742670174,2026-06-25 03:52:33.105475,NaN,NaN,NaN,-34.588367,17.487849
744.563,4.140886753651971,34.419580815180566,32.52403817644751,198.45955257330561,2026-06-25 03:52:33.030495,NaN,NaN,NaN,-34.588367,17.487849
745.082,4.138252958877016,34.41976407479527,32.52177678233882,198.2061361662834,2026-06-25 03:52:32.980508,NaN,NaN,NaN,-34.588367,17.487849
745.223,4.135640136482174,34.41995092406219,32.519558168737255,198.22609602994493,2026-06-25 03:52:32.930521,NaN,NaN,NaN,-34.588367,17.487849
745.385,4.133025601371942,34.42014148676182,32.5173352793693,198.24624583594962,2026-06-25 03:52:32.880534,NaN,NaN,NaN,-34.588367,17.487849
745.575,4.130383384370907,34.42033588428702,32.51506112297513,198.27323161071376,2026-06-25 03:52:32.830547,NaN,NaN,NaN,-34.588367,17.487849
745.873,4.127686141886623,34.4205342353492,32.512692505659324,198.29173518294402,2026-06-25 03:52:32.780560,NaN,NaN,NaN,-34.588367,17.487849
746.012,4.124911119357448,34.42073665568816,32.51019174693035,198.0423167549287,2026-06-25 03:52:32.730573,NaN,NaN,NaN,-34.588367,17.487849
746.183,4.122043504069572,34.420943257786384,32.50752554866991,198.06694656179786,2026-06-25 03:52:32.680586,NaN,NaN,NaN,-34.588367,17.487849
746.5453333333334,4.116006446101913,34.42137093819186,32.50153559914552,198.04888332503185,2026-06-25 03:52:32.580612,NaN,NaN,NaN,-34.588367,17.487849
747.023,4.109787963332368,34.42181360389556,32.494923777267196,197.9006430547298,2026-06-25 03:52:32.480638,NaN,NaN,NaN,-34.588367,17.487849
747.2245,4.10523266957753,34.42215958771315,32.489691463420975,197.79861268003467,2026-06-25 03:52:32.405657,NaN,NaN,NaN,-34.588367,17.487849
747.8305,4.09982053781459,34.422637012502435,32.483186001638614,197.58384353503862,2026-06-25 03:52:32.305684,NaN,NaN,NaN,-34.588367,17.487849
748.021,4.095979771108918,34.42313430346255,32.478375728032894,197.3404864883582,2026-06-25 03:52:32.205710,NaN,NaN,NaN,-34.588367,17.487849
748.17,4.094717017537651,34.42351998051961,32.476279592579374,196.9201255109117,2026-06-25 03:52:32.080742,NaN,NaN,NaN,-34.588367,17.487849
748.35,4.094618769912363,34.42378399153601,32.476457971696455,197.19681704982378,2026-06-25 03:52:32.130729,NaN,NaN,NaN,-34.588367,17.487849
748.602,4.095621665219292,34.42405323341125,32.476994167299004,196.9156586562425,2026-06-25 03:52:32.030755,NaN,NaN,NaN,-34.588367,17.487849
748.793,4.09733168351875,34.424327747466705,32.47861953132317,196.63100415633636,2026-06-25 03:52:31.980768,NaN,NaN,NaN,-34.588367,17.487849
749.174,4.101444728278761,34.42475014676034,32.482843944569474,196.18232891473653,2026-06-25 03:52:31.905788,NaN,NaN,NaN,-34.588367,17.487849
749.452,4.106980053232615,34.425183238285754,32.48873500586936,195.9938878917349,2026-06-25 03:52:31.830807,NaN,NaN,NaN,-34.588367,17.487849
749.595,4.111478975071085,34.425479123376626,32.493631897693376,195.69055852198989,2026-06-25 03:52:31.780820,NaN,NaN,NaN,-34.588367,17.487849
749.812,4.119079136286096,34.42593371118983,32.50206210436244,195.4828327270382,2026-06-25 03:52:31.705840,NaN,NaN,NaN,-34.588367,17.487849
750.211,4.127167798015602,34.42639905517955,32.51121215051837,195.28720803120822,2026-06-25 03:52:31.630859,NaN,NaN,NaN,-34.588367,17.487849
750.422,4.1326308820145385,34.426716438798366,32.51752501251068,194.97464715516458,2026-06-25 03:52:31.580872,NaN,NaN,NaN,-34.588367,17.487849
750.517,4.137965900283585,34.427039165381,32.52376855001965,194.9213249536301,2026-06-25 03:52:31.530885,NaN,NaN,NaN,-34.588367,17.487849
750.844,4.143048346614579,34.42736720842384,32.52975036296428,194.6248114293719,2026-06-25 03:52:31.480899,NaN,NaN,NaN,-34.588367,17.487849
751.047,4.147778566843837,34.42770053453492,32.53531498244816,194.60070538505317,2026-06-25 03:52:31.430912,NaN,NaN,NaN,-34.588367,17.487849
751.1835,4.154040930142523,34.428210985839684,32.54266014339946,194.56384363209162,2026-06-25 03:52:31.355931,NaN,NaN,NaN,-34.588367,17.487849
751.45,4.159483502042001,34.42873177496706,32.5490615701909,194.2575090435686,2026-06-25 03:52:31.280951,NaN,NaN,NaN,-34.588367,17.487849
751.557,4.162637735060182,34.42908576334764,32.55283885852186,194.23999839598002,2026-06-25 03:52:31.230964,NaN,NaN,NaN,-34.588367,17.487849
751.958,4.165504265329376,34.42944476638055,32.55637073372246,194.2231935954685,2026-06-25 03:52:31.180977,NaN,NaN,NaN,-34.588367,17.487849
752.17,4.1681343411572565,34.42980871064707,32.55972472132363,194.19638230845743,2026-06-25 03:52:31.130990,NaN,NaN,NaN,-34.588367,17.487849
752.326,4.170570306332126,34.43017751639177,32.562924059431374,194.18264928654685,2026-06-25 03:52:31.081003,NaN,NaN,NaN,-34.588367,17.487849
752.689,4.172839055203577,34.430551097648454,32.56595407426272,193.90070026927754,2026-06-25 03:52:31.031016,NaN,NaN,NaN,-34.588367,17.487849
752.751,4.175930978156194,34.431120787491466,32.570062285133666,193.7397771995953,2026-06-25 03:52:30.956035,NaN,NaN,NaN,-34.588367,17.487849
753.099,4.178707705357686,34.43169954459616,32.57362381693085,193.84997078058223,2026-06-25 03:52:30.881055,NaN,NaN,NaN,-34.588367,17.487849
753.268,4.180334587260457,34.432091248993466,32.57558269646248,193.5729765501585,2026-06-25 03:52:30.831068,NaN,NaN,NaN,-34.588367,17.487849
753.357,4.183049371758651,34.43288731059712,32.5785529985927,193.55370298151811,2026-06-25 03:52:30.731094,NaN,NaN,NaN,-34.588367,17.487849
753.6,4.182967428899166,34.43288931682487,32.578417141769975,193.5624666616151,2026-06-25 03:52:30.731094,NaN,NaN,NaN,-34.588367,17.487849
754.1726666666667,4.185982752857169,34.434112362333856,32.58108931826202,193.27759168702397,2026-06-25 03:52:30.581133,NaN,NaN,NaN,-34.588367,17.487849
754.375,4.187663904351698,34.43494532663039,32.582223138670905,192.99875457086603,2026-06-25 03:52:30.481159,NaN,NaN,NaN,-34.588367,17.487849
754.547,4.188563396558374,34.43536746068547,32.58279667850803,192.99547962179702,2026-06-25 03:52:30.431172,NaN,NaN,NaN,-34.588367,17.487849
754.904,4.1895814742375785,34.43579276132294,32.583502643824275,192.99322591242134,2026-06-25 03:52:30.381185,NaN,NaN,NaN,-34.588367,17.487849
754.996,4.190770010999546,34.436221073704026,32.584434269874,192.70937771976605,2026-06-25 03:52:30.331198,NaN,NaN,NaN,-34.588367,17.487849
755.232,4.192171039637358,34.4366522396317,32.58567609405579,192.69489319883346,2026-06-25 03:52:30.281211,NaN,NaN,NaN,-34.588367,17.487849
755.341,4.193809621248735,34.437086097785894,32.58729039976929,192.68135808979062,2026-06-25 03:52:30.231224,NaN,NaN,NaN,-34.588367,17.487849
755.6145,4.196753090292239,34.4377418576378,32.59050894112441,192.39733205106754,2026-06-25 03:52:30.156244,NaN,NaN,NaN,-34.588367,17.487849
756.0775,4.201453672458652,34.43862365050234,32.59598960600303,192.22694164582555,2026-06-25 03:52:30.056270,NaN,NaN,NaN,-34.588367,17.487849
756.299,4.205513836086881,34.43928993746054,32.60076375258808,192.0578034096976,2026-06-25 03:52:29.981289,NaN,NaN,NaN,-34.588367,17.487849
756.349,4.208454016678509,34.439736416796194,32.60414074730055,192.03151154631922,2026-06-25 03:52:29.931302,NaN,NaN,NaN,-34.588367,17.487849
756.528,4.214649091025668,34.440184392065845,32.61098182262653,191.7172587147785,2026-06-25 03:52:29.831328,NaN,NaN,NaN,-34.588367,17.487849
756.82,4.21151567939399,34.440633685769775,32.607563767292355,191.746136799737,2026-06-25 03:52:29.881315,NaN,NaN,NaN,-34.588367,17.487849
757.0,4.220958048658527,34.44108411951165,32.617735113211076,191.40489066057887,2026-06-25 03:52:29.731355,NaN,NaN,NaN,-34.588367,17.487849
757.176,4.217808397053401,34.441535514250255,32.614374085023,191.43592781975337,2026-06-25 03:52:29.781342,NaN,NaN,NaN,-34.588367,17.487849
757.3875,4.225616942571022,34.442214079691325,32.62271277642367,191.25641712691936,2026-06-25 03:52:29.656374,NaN,NaN,NaN,-34.588367,17.487849
757.841,4.231733239117732,34.44312039170184,32.629278836854034,190.93931755607886,2026-06-25 03:52:29.556400,NaN,NaN,NaN,-34.588367,17.487849
757.969,4.236300083747068,34.443800622789695,32.634198928940705,190.76818028100462,2026-06-25 03:52:29.481420,NaN,NaN,NaN,-34.588367,17.487849
758.431,4.240831259438568,34.44448057224731,32.63915688182115,190.7441377527237,2026-06-25 03:52:29.406439,NaN,NaN,NaN,-34.588367,17.487849
758.698,4.248149350528453,34.44515976735077,32.64742615074818,190.42418987293448,2026-06-25 03:52:29.281472,NaN,NaN,NaN,-34.588367,17.487849
758.741,4.245271265149375,34.44561177046831,32.644132723892255,190.4433893018456,2026-06-25 03:52:29.331459,NaN,NaN,NaN,-34.588367,17.487849
759.0685,4.252323707102254,34.44628806859801,32.65223401803895,190.25998434686372,2026-06-25 03:52:29.206491,NaN,NaN,NaN,-34.588367,17.487849
759.259,4.25633947214986,34.446962237058266,32.656829561092195,190.0987165455421,2026-06-25 03:52:29.131511,NaN,NaN,NaN,-34.588367,17.487849
759.496,4.258908483487211,34.44740998537494,32.6597248521526,190.08526237680752,2026-06-25 03:52:29.081524,NaN,NaN,NaN,-34.588367,17.487849
759.7885,4.262634995922868,34.448078572916806,32.663888685539035,189.93261033940894,2026-06-25 03:52:29.006543,NaN,NaN,NaN,-34.588367,17.487849
759.976,4.266308764806779,34.44874372779953,32.66803861856393,189.77626723652506,2026-06-25 03:52:28.931563,NaN,NaN,NaN,-34.588367,17.487849
760.22,4.273948922310139,34.44918461682769,32.67732658984518,189.72426588528666,2026-06-25 03:52:28.781602,NaN,NaN,NaN,-34.588367,17.487849
760.469,4.268787427880755,34.44962340565537,32.67093416878063,189.76484416367504,2026-06-25 03:52:28.881576,NaN,NaN,NaN,-34.588367,17.487849
760.644,4.271330053431839,34.45005994672219,32.67401889256198,189.7479426532866,2026-06-25 03:52:28.831589,NaN,NaN,NaN,-34.588367,17.487849
760.7729999999999,4.277969930153457,34.450709904623594,32.68264702683707,189.41315710555295,2026-06-25 03:52:28.706622,NaN,NaN,NaN,-34.588367,17.487849
761.2850000000001,4.283111501893448,34.451567735506615,32.68979617926196,189.379000080013,2026-06-25 03:52:28.606648,NaN,NaN,NaN,-34.588367,17.487849
761.6524999999999,4.287251659695794,34.45241410836644,32.69596708645386,189.3590153848892,2026-06-25 03:52:28.506674,NaN,NaN,NaN,-34.588367,17.487849
761.879,4.289362575483713,34.4530411785686,32.699393466950944,189.3520172997848,2026-06-25 03:52:28.431693,NaN,NaN,NaN,-34.588367,17.487849
762.045,4.290513135254918,34.45386341662159,32.701826224954324,189.35326956234982,2026-06-25 03:52:28.331719,NaN,NaN,NaN,-34.588367,17.487849
762.253,4.290293869336514,34.4538651716595,32.701558167945876,189.34984295944776,2026-06-25 03:52:28.331719,NaN,NaN,NaN,-34.588367,17.487849
762.545,4.289918548502039,34.45467512878856,32.702132157603266,189.3591272559079,2026-06-25 03:52:28.231745,NaN,NaN,NaN,-34.588367,17.487849
762.7985,4.288418300957277,34.45527241538754,32.70121585307567,189.3765782155577,2026-06-25 03:52:28.156765,NaN,NaN,NaN,-34.588367,17.487849
763.3834999999999,4.285373838747505,34.45605588604539,32.69892697821113,189.4159483978424,2026-06-25 03:52:28.056791,NaN,NaN,NaN,-34.588367,17.487849
763.597,4.282492353920266,34.4566334836364,32.69654730571131,189.4394017885762,2026-06-25 03:52:27.981811,NaN,NaN,NaN,-34.588367,17.487849
763.837,4.280360109518927,34.45701305280391,32.69466661919704,189.45374417826383,2026-06-25 03:52:27.931824,NaN,NaN,NaN,-34.588367,17.487849
763.995,4.2781206417455895,34.457388407597655,32.69260189598995,189.46789676821018,2026-06-25 03:52:27.881837,NaN,NaN,NaN,-34.588367,17.487849
764.16,4.273372253750779,34.45812399719283,32.68803720961034,189.50544777683766,2026-06-25 03:52:27.781863,NaN,NaN,NaN,-34.588367,17.487849
764.3815,4.273323790573043,34.45812620195017,32.68798309411657,189.5044354653872,2026-06-25 03:52:27.781863,NaN,NaN,NaN,-34.588367,17.487849
764.685,4.268238559319741,34.45884636206806,32.68303160370657,189.5601443951291,2026-06-25 03:52:27.681889,NaN,NaN,NaN,-34.588367,17.487849
764.833,4.2655230199404235,34.45919968840016,32.6803900161377,189.57642754045898,2026-06-25 03:52:27.631902,NaN,NaN,NaN,-34.588367,17.487849
764.927,4.262724339155404,34.45954844444132,32.67766343156639,189.5926463486173,2026-06-25 03:52:27.581915,NaN,NaN,NaN,-34.588367,17.487849
765.22,4.259861754269585,34.45989258370908,32.674854193003895,189.61700623496247,2026-06-25 03:52:27.531928,NaN,NaN,NaN,-34.588367,17.487849
765.406,4.256949428565703,34.460232063062584,32.67196153199274,189.637619540433,2026-06-25 03:52:27.481941,NaN,NaN,NaN,-34.588367,17.487849
765.591,4.253996255365524,34.460566842565264,32.66898468025855,189.66150825604436,2026-06-25 03:52:27.431954,NaN,NaN,NaN,-34.588367,17.487849
765.897,4.251014982046587,34.46089688534237,32.66592996030851,189.68654923203158,2026-06-25 03:52:27.381967,NaN,NaN,NaN,-34.588367,17.487849
765.9970000000001,4.246557435135254,34.46138239253982,32.66127041083463,189.59647310135915,2026-06-25 03:52:27.306986,NaN,NaN,NaN,-34.588367,17.487849
766.188,4.2422374362727355,34.46185826739243,32.65670832486528,189.509597452982,2026-06-25 03:52:27.232006,NaN,NaN,NaN,-34.588367,17.487849
766.374,4.23956647215422,34.46216905054731,32.6539054183671,189.52913735302602,2026-06-25 03:52:27.182019,NaN,NaN,NaN,-34.588367,17.487849
766.8620000000001,4.236104854152821,34.46262545359693,32.6503861148728,189.55463687034668,2026-06-25 03:52:27.107039,NaN,NaN,NaN,-34.588367,17.487849
767.2406666666666,4.231998184299769,34.463361519941365,32.646688757290605,189.31433952728662,2026-06-25 03:52:26.982071,NaN,NaN,NaN,-34.588367,17.487849
767.646,4.2298677496246855,34.463930567971246,32.64526932283519,189.0565310817329,2026-06-25 03:52:26.882097,NaN,NaN,NaN,-34.588367,17.487849
767.821,4.229085308205399,34.46420679695306,32.644918896314,189.06120811656453,2026-06-25 03:52:26.832110,NaN,NaN,NaN,-34.588367,17.487849
768.0875,4.227962502261498,34.46461114327856,32.64439947590088,189.0772744525771,2026-06-25 03:52:26.757130,NaN,NaN,NaN,-34.588367,17.487849
768.168,4.226728586055075,34.46500546607189,32.643659999817835,189.09846695990618,2026-06-25 03:52:26.682149,NaN,NaN,NaN,-34.588367,17.487849
768.848,4.225275730253414,34.4653872245095,32.64249187927908,188.84961742960394,2026-06-25 03:52:26.607169,NaN,NaN,NaN,-34.588367,17.487849
768.913,4.223704556761499,34.46575890654105,32.640997937812955,188.86299480278754,2026-06-25 03:52:26.532188,NaN,NaN,NaN,-34.588367,17.487849
769.3936666666667,4.221657489723546,34.466234278404414,32.638689286532376,188.85055572534205,2026-06-25 03:52:26.432215,NaN,NaN,NaN,-34.588367,17.487849
769.621,4.219391546752199,34.46669277415353,32.63562741922041,188.63006896115698,2026-06-25 03:52:26.282254,NaN,NaN,NaN,-34.588367,17.487849
769.753,4.219938831711024,34.46691356812629,32.63649360282733,188.63761177380235,2026-06-25 03:52:26.332241,NaN,NaN,NaN,-34.588367,17.487849
770.227,4.219129668327647,34.467129280550445,32.63500990125253,188.38493245088853,2026-06-25 03:52:26.232267,NaN,NaN,NaN,-34.588367,17.487849
770.3823333333333,4.219887279190119,34.467543736671495,32.63497172057638,188.33333586764456,2026-06-25 03:52:26.132293,NaN,NaN,NaN,-34.588367,17.487849
770.892,4.2243298563002645,34.46794119373315,32.63831294710259,187.81930898587441,2026-06-25 03:52:25.982332,NaN,NaN,NaN,-34.588367,17.487849
770.961,4.2222361342136,34.46813140740933,32.63652087426082,187.8383038555822,2026-06-25 03:52:26.032319,NaN,NaN,NaN,-34.588367,17.487849
771.179,4.227023501433416,34.46831650285396,32.64086188411472,187.79677543197272,2026-06-25 03:52:25.932345,NaN,NaN,NaN,-34.588367,17.487849
771.597,4.230331267217096,34.4684964737774,32.64425380600546,187.7789130925074,2026-06-25 03:52:25.882358,NaN,NaN,NaN,-34.588367,17.487849
771.8344999999999,4.236483604933379,34.468756165307916,32.65114185765343,187.4694440063632,2026-06-25 03:52:25.807377,NaN,NaN,NaN,-34.588367,17.487849
772.199,4.2463417935813155,34.46908528106103,32.66308535805541,187.12034401787525,2026-06-25 03:52:25.707403,NaN,NaN,NaN,-34.588367,17.487849
772.6213333333332,4.25980578363085,34.469466609748956,32.68035093827067,186.7438588011646,2026-06-25 03:52:25.582436,NaN,NaN,NaN,-34.588367,17.487849
772.987,4.269612137803194,34.46975100959153,32.6931661598367,186.68114700034621,2026-06-25 03:52:25.482462,NaN,NaN,NaN,-34.588367,17.487849
773.343,4.275054573870812,34.46994878117141,32.70028399884622,186.79274684774498,2026-06-25 03:52:25.407482,NaN,NaN,NaN,-34.588367,17.487849
773.633,4.278900696331258,34.470136185450635,32.70529668229354,186.90794099146936,2026-06-25 03:52:25.332501,NaN,NaN,NaN,-34.588367,17.487849
773.827,4.280846265962353,34.470310618738,32.707876043475636,186.9081651516838,2026-06-25 03:52:25.257521,NaN,NaN,NaN,-34.588367,17.487849
773.98,4.281306948335333,34.470574517034855,32.70882194434886,186.91462711133084,2026-06-25 03:52:25.132553,NaN,NaN,NaN,-34.588367,17.487849
774.1904999999999,4.2811189084673575,34.470577112864746,32.708630491439266,186.9141651618797,2026-06-25 03:52:25.132553,NaN,NaN,NaN,-34.588367,17.487849
774.6790000000001,4.279253977502469,34.47080986546972,32.707179948827346,186.93543459939008,2026-06-25 03:52:25.007586,NaN,NaN,NaN,-34.588367,17.487849
774.814,4.277332051938057,34.47093499810497,32.70568024276017,186.9480938701281,2026-06-25 03:52:24.932605,NaN,NaN,NaN,-34.588367,17.487849
775.258,4.27577913659867,34.47101151742304,32.704490339205854,186.96170369557385,2026-06-25 03:52:24.882618,NaN,NaN,NaN,-34.588367,17.487849
775.3979999999999,4.273050655388071,34.47111596661317,32.70234546329917,186.9841562472027,2026-06-25 03:52:24.807638,NaN,NaN,NaN,-34.588367,17.487849
775.697,4.269901411316794,34.47121011206234,32.699728300886726,187.0098348023853,2026-06-25 03:52:24.732658,NaN,NaN,NaN,-34.588367,17.487849
776.064,4.2675105788498175,34.47126602767903,32.69760307232836,187.0296630595064,2026-06-25 03:52:24.682671,NaN,NaN,NaN,-34.588367,17.487849
776.2275,4.262043187279486,34.47135998523386,32.692395577480674,187.08448378705467,2026-06-25 03:52:24.582697,NaN,NaN,NaN,-34.588367,17.487849
776.381,4.262116053231781,34.47136252508159,32.69249472366781,187.08694257893202,2026-06-25 03:52:24.582697,NaN,NaN,NaN,-34.588367,17.487849
776.8320000000001,4.254630474738628,34.471453970312425,32.68510448945395,187.4116259687012,2026-06-25 03:52:24.457729,NaN,NaN,NaN,-34.588367,17.487849
777.011,4.250090623034249,34.47149475716202,32.6806441394442,187.44120260504275,2026-06-25 03:52:24.382749,NaN,NaN,NaN,-34.588367,17.487849
777.129,4.247147980877832,34.47151530310568,32.67781348355472,187.2000860760276,2026-06-25 03:52:24.332762,NaN,NaN,NaN,-34.588367,17.487849
777.689,4.241531052130166,34.471541596230736,32.6725436422199,187.2483356210282,2026-06-25 03:52:24.232788,NaN,NaN,NaN,-34.588367,17.487849
777.7616666666667,4.239765596979095,34.471541596230736,32.67090784714014,187.2582211110373,2026-06-25 03:52:24.199463,NaN,NaN,NaN,-34.588367,17.487849
778.167,4.233536894455046,34.471541596230736,32.665057661352115,187.30364588761893,2026-06-25 03:52:24.082827,NaN,NaN,NaN,-34.588367,17.487849
778.4543333333335,4.228368127869262,34.471521270392714,32.65991906171026,187.35142015597037,2026-06-25 03:52:23.982853,NaN,NaN,NaN,-34.588367,17.487849
779.0645,4.222364540964807,34.47146896833298,32.65366411220667,187.40437188445478,2026-06-25 03:52:23.857886,NaN,NaN,NaN,-34.588367,17.487849
779.2895,4.218529852198229,34.47140606456385,32.649599760255555,187.43738860270315,2026-06-25 03:52:23.757912,NaN,NaN,NaN,-34.588367,17.487849
779.585,4.216443464180635,34.47134791654246,32.64750793895043,187.4478175268444,2026-06-25 03:52:23.682931,NaN,NaN,NaN,-34.588367,17.487849
779.843,4.215251955440141,34.47127909891603,32.64663368083332,187.32469405440065,2026-06-25 03:52:23.607951,NaN,NaN,NaN,-34.588367,17.487849
780.25,4.214717900584641,34.47120196637031,32.64676041656956,187.1967837145187,2026-06-25 03:52:23.532970,NaN,NaN,NaN,-34.588367,17.487849
780.323,4.214704727327188,34.47114513114148,32.6474172923602,187.19751839361936,2026-06-25 03:52:23.482983,NaN,NaN,NaN,-34.588367,17.487849
780.624,4.214850168875187,34.4710843376132,32.648360956303016,187.19637722328287,2026-06-25 03:52:23.432996,NaN,NaN,NaN,-34.588367,17.487849
780.7215,4.215160140306683,34.47098544491152,32.649977036160585,187.19590789714172,2026-06-25 03:52:23.358016,NaN,NaN,NaN,-34.588367,17.487849
781.07,4.215215658566329,34.47087907286869,32.652153785276695,187.46320140978395,2026-06-25 03:52:23.233048,NaN,NaN,NaN,-34.588367,17.487849
781.151,4.2153345187371745,34.470803326492934,32.65144725641016,187.46037712809218,2026-06-25 03:52:23.283035,NaN,NaN,NaN,-34.588367,17.487849
781.349,4.214820802849509,34.470724076567954,32.65255994848424,187.47054583915335,2026-06-25 03:52:23.183061,NaN,NaN,NaN,-34.588367,17.487849
781.59,4.214077008165542,34.470641422633605,32.65260022489331,187.48211624215756,2026-06-25 03:52:23.133074,NaN,NaN,NaN,-34.588367,17.487849
781.988,4.212914257264156,34.47055546697225,32.65220342019258,187.49383311605098,2026-06-25 03:52:23.083088,NaN,NaN,NaN,-34.588367,17.487849
782.185,4.209054805192541,34.47037407291871,32.64976195178868,187.51926453612862,2026-06-25 03:52:22.983114,NaN,NaN,NaN,-34.588367,17.487849
782.437,4.20874349269992,34.470372583369155,32.649411731103314,187.65678640639334,2026-06-25 03:52:22.983114,NaN,NaN,NaN,-34.588367,17.487849
782.729,4.202720621413583,34.47018076491619,32.64453405159749,187.84217851674236,2026-06-25 03:52:22.883140,NaN,NaN,NaN,-34.588367,17.487849
782.99,4.1936744544389715,34.46997645258321,32.63607638957159,187.92234782053782,2026-06-25 03:52:22.783166,NaN,NaN,NaN,-34.588367,17.487849
783.2055,4.193379567291606,34.469975195006484,32.635694937330314,188.05672713820496,2026-06-25 03:52:22.783166,NaN,NaN,NaN,-34.588367,17.487849
783.427,4.182309343646326,34.4697620816902,32.624630474330985,188.27716552793515,2026-06-25 03:52:22.683192,NaN,NaN,NaN,-34.588367,17.487849
783.566,4.172860824835555,34.46959502986669,32.61477412559748,188.37825374175594,2026-06-25 03:52:22.608211,NaN,NaN,NaN,-34.588367,17.487849
783.82,4.163335521284532,34.46942381428414,32.60476965453289,188.45001738512119,2026-06-25 03:52:22.533231,NaN,NaN,NaN,-34.588367,17.487849
784.4556666666667,4.151940814525994,34.4691880979567,32.5928475535325,188.52582390495226,2026-06-25 03:52:22.433257,NaN,NaN,NaN,-34.588367,17.487849
784.701,4.142541394825424,34.46894695278628,32.583127263280595,188.5895125136272,2026-06-25 03:52:22.333283,NaN,NaN,NaN,-34.588367,17.487849
784.848,4.139010203791962,34.468823997070906,32.579530489849496,188.35005734537546,2026-06-25 03:52:22.283296,NaN,NaN,NaN,-34.588367,17.487849
785.226,4.133929756307577,34.4685745334978,32.574351520979356,188.3766435920643,2026-06-25 03:52:22.183322,NaN,NaN,NaN,-34.588367,17.487849
785.4929999999999,4.134186478457172,34.46857405426414,32.5745958217951,188.51078413115465,2026-06-25 03:52:22.183322,NaN,NaN,NaN,-34.588367,17.487849
785.781,4.130894930811319,34.46832123650071,32.57113478923221,188.66775603288235,2026-06-25 03:52:22.083348,NaN,NaN,NaN,-34.588367,17.487849
786.0025,4.12916729780845,34.46806519521541,32.56919230472538,188.67626826490397,2026-06-25 03:52:21.983374,NaN,NaN,NaN,-34.588367,17.487849
786.108,4.12909784439929,34.46806498863648,32.56910942903333,188.67285307401545,2026-06-25 03:52:21.983374,NaN,NaN,NaN,-34.588367,17.487849
786.628,4.1278634975368735,34.46780750115025,32.56775456344573,188.69236320871315,2026-06-25 03:52:21.883400,NaN,NaN,NaN,-34.588367,17.487849
786.7815,4.126984560287154,34.4676138091741,32.56695377847832,188.70712046169487,2026-06-25 03:52:21.808420,NaN,NaN,NaN,-34.588367,17.487849
787.087,4.126027057631075,34.467420241781404,32.56620575541119,188.71735394838277,2026-06-25 03:52:21.733439,NaN,NaN,NaN,-34.588367,17.487849
787.25,4.125321030624741,34.46729150418465,32.5657021492659,188.72209647158874,2026-06-25 03:52:21.683452,NaN,NaN,NaN,-34.588367,17.487849
787.5973333333333,4.12371213234989,34.46703557417197,32.564566217402074,188.74029324143373,2026-06-25 03:52:21.583478,NaN,NaN,NaN,-34.588367,17.487849
788.102,4.121859051596549,34.46678184660354,32.56323184124753,188.75793849528415,2026-06-25 03:52:21.483504,NaN,NaN,NaN,-34.588367,17.487849
788.437,4.120798041001854,34.46665640820239,32.562446772873805,188.76573077435208,2026-06-25 03:52:21.433517,NaN,NaN,NaN,-34.588367,17.487849
788.6795,4.119057717138675,34.46647040664372,32.56113364318678,188.7866951643072,2026-06-25 03:52:21.358537,NaN,NaN,NaN,-34.588367,17.487849
788.824,4.117186095844047,34.46628687276402,32.5597074504843,188.80128940870316,2026-06-25 03:52:21.283557,NaN,NaN,NaN,-34.588367,17.487849
788.968,4.115871411752626,34.466166366040724,32.55869162557837,188.81479645141007,2026-06-25 03:52:21.233570,NaN,NaN,NaN,-34.588367,17.487849
789.243,4.11452888430084,34.466047396310735,32.55762873608137,188.8325982199466,2026-06-25 03:52:21.183583,NaN,NaN,NaN,-34.588367,17.487849
789.424,4.112511470349771,34.465872308466686,32.55594397863847,188.84969445301044,2026-06-25 03:52:21.108602,NaN,NaN,NaN,-34.588367,17.487849
789.882,4.109262250113473,34.46570087334833,32.552976585820474,188.86856712503786,2026-06-25 03:52:20.983635,NaN,NaN,NaN,-34.588367,17.487849
789.934,4.110537603750363,34.46558920430828,32.554183586206655,188.86024228940292,2026-06-25 03:52:21.033622,NaN,NaN,NaN,-34.588367,17.487849
790.161,4.10800195566187,34.46547963672422,32.551756935311694,188.88000813874106,2026-06-25 03:52:20.933648,NaN,NaN,NaN,-34.588367,17.487849
790.328,4.1067320682712465,34.46537227601794,32.55052885702983,188.89041464769332,2026-06-25 03:52:20.883661,NaN,NaN,NaN,-34.588367,17.487849
790.596,4.104071518772787,34.465165836645134,32.548041726747584,188.91737712199154,2026-06-25 03:52:20.783687,NaN,NaN,NaN,-34.588367,17.487849
790.74,4.104089225049809,34.465164583338634,32.548045735210316,188.92157654114766,2026-06-25 03:52:20.783687,NaN,NaN,NaN,-34.588367,17.487849
791.1935,4.100631328676917,34.46491949302233,32.544921399688945,188.95224421792423,2026-06-25 03:52:20.658719,NaN,NaN,NaN,-34.588367,17.487849
791.486,4.098614968281081,34.46478000952273,32.543126120183665,188.71434954531912,2026-06-25 03:52:20.583739,NaN,NaN,NaN,-34.588367,17.487849
791.705,4.097367597238412,34.4646908120826,32.54203721910519,188.98557280519196,2026-06-25 03:52:20.533752,NaN,NaN,NaN,-34.588367,17.487849
791.708,4.096227929194992,34.46460456130254,32.54106640475917,188.987837356703,2026-06-25 03:52:20.483765,NaN,NaN,NaN,-34.588367,17.487849
792.234,4.095213176315061,34.46452133570003,32.5402262354371,188.7364354953413,2026-06-25 03:52:20.433778,NaN,NaN,NaN,-34.588367,17.487849
792.4185,4.09393784976292,34.46440273406688,32.53921903563116,188.75163403601752,2026-06-25 03:52:20.358798,NaN,NaN,NaN,-34.588367,17.487849
792.611,4.092869265832722,34.46429054559324,32.53843121553883,188.75672101481686,2026-06-25 03:52:20.283817,NaN,NaN,NaN,-34.588367,17.487849
793.0276666666667,4.0916859992100605,34.46415424312435,32.537681925947986,188.70319548620145,2026-06-25 03:52:20.183843,NaN,NaN,NaN,-34.588367,17.487849
793.4480000000001,4.090199768984869,34.46400105689979,32.53687500393001,188.52062422726598,2026-06-25 03:52:20.058876,NaN,NaN,NaN,-34.588367,17.487849
793.833,4.08915427118856,34.463919736638914,32.53631495588841,188.53945080526103,2026-06-25 03:52:19.983895,NaN,NaN,NaN,-34.588367,17.487849
794.206,4.087879145134197,34.46384747413437,32.535553906171955,188.55307015057952,2026-06-25 03:52:19.908915,NaN,NaN,NaN,-34.588367,17.487849
794.4670000000001,4.084679422845417,34.463782577650235,32.53324513191108,188.57606441756693,2026-06-25 03:52:19.758954,NaN,NaN,NaN,-34.588367,17.487849
794.519,4.08640048953045,34.46372701717971,32.534565758770185,188.55489042641705,2026-06-25 03:52:19.833934,NaN,NaN,NaN,-34.588367,17.487849
795.097,4.082785268557664,34.463679013416765,32.53166925679106,188.60083625307973,2026-06-25 03:52:19.683974,NaN,NaN,NaN,-34.588367,17.487849
795.135,4.081448955380205,34.46365208928577,32.53049419924491,188.61650453723036,2026-06-25 03:52:19.633987,NaN,NaN,NaN,-34.588367,17.487849
795.443,4.079484964394831,34.463619378878235,32.52870318059898,188.5072694775508,2026-06-25 03:52:19.559006,NaN,NaN,NaN,-34.588367,17.487849
795.8299999999999,4.077226387288478,34.46358862697838,32.52658985278755,188.39079515964607,2026-06-25 03:52:19.459032,NaN,NaN,NaN,-34.588367,17.487849
796.1415,4.075637865090879,34.46358862697838,32.52514239397544,188.40062483859833,2026-06-25 03:52:19.359058,NaN,NaN,NaN,-34.588367,17.487849
796.4345,4.07464593985543,34.463583477114994,32.52443904427825,188.40605330580286,2026-06-25 03:52:19.259084,NaN,NaN,NaN,-34.588367,17.487849
796.899,4.073714298568741,34.463583477114994,32.52419731405239,188.41569680559095,2026-06-25 03:52:19.134117,NaN,NaN,NaN,-34.588367,17.487849
796.909,4.0740920445663615,34.46359519256355,32.52424953234276,188.40790218299273,2026-06-25 03:52:19.184104,NaN,NaN,NaN,-34.588367,17.487849
797.254,4.073263340480888,34.463610746346355,32.52412620444648,188.42373968627155,2026-06-25 03:52:19.084130,NaN,NaN,NaN,-34.588367,17.487849
797.308,4.071989854743108,34.46363012053251,32.52373749208535,188.43611133302943,2026-06-25 03:52:18.984156,NaN,NaN,NaN,-34.588367,17.487849
797.535,4.072697307256066,34.46365329398638,32.52398536656028,188.42860206192717,2026-06-25 03:52:19.034143,NaN,NaN,NaN,-34.588367,17.487849
797.85,4.071130325571599,34.46368024240773,32.52335977612168,188.44754369122415,2026-06-25 03:52:18.934169,NaN,NaN,NaN,-34.588367,17.487849
798.039,4.0689818896572225,34.463710938373474,32.52217970542929,188.47115809624086,2026-06-25 03:52:18.834195,NaN,NaN,NaN,-34.588367,17.487849
798.243,4.070122118882875,34.46374535138112,32.52284149795524,188.46453937468542,2026-06-25 03:52:18.884182,NaN,NaN,NaN,-34.588367,17.487849
798.458,4.067737035046017,34.46378344789371,32.521376272903616,188.4894423440884,2026-06-25 03:52:18.784208,NaN,NaN,NaN,-34.588367,17.487849
798.59,4.065051652229229,34.463870542393046,32.51930915454469,188.3727434738653,2026-06-25 03:52:18.684234,NaN,NaN,NaN,-34.588367,17.487849
798.816,4.065061436659781,34.46387232497197,32.519367752617754,188.50143802899132,2026-06-25 03:52:18.684234,NaN,NaN,NaN,-34.588367,17.487849
799.11,4.0622976220318865,34.46397189468309,32.5168967625032,188.53172616843548,2026-06-25 03:52:18.584260,NaN,NaN,NaN,-34.588367,17.487849
799.497,4.060914259332403,34.46402780278282,32.51553881286754,188.54425834170848,2026-06-25 03:52:18.534273,NaN,NaN,NaN,-34.588367,17.487849
799.6244999999999,4.058893840484137,34.46411848073596,32.51345221866957,188.56364176403713,2026-06-25 03:52:18.459293,NaN,NaN,NaN,-34.588367,17.487849
799.953,4.056437112123151,34.46425046948242,32.510812635301754,188.32205160622323,2026-06-25 03:52:18.359319,NaN,NaN,NaN,-34.588367,17.487849
800.58925,4.053648313631655,34.4644739749053,32.50780329821187,188.34162049534075,2026-06-25 03:52:18.209358,NaN,NaN,NaN,-34.588367,17.487849
801.1745000000001,4.051624262251083,34.46472169443099,32.50590085241289,188.3566089174515,2026-06-25 03:52:18.059397,NaN,NaN,NaN,-34.588367,17.487849
801.322,4.050753257614269,34.46485559287883,32.50528757577906,188.1157528508639,2026-06-25 03:52:17.984417,NaN,NaN,NaN,-34.588367,17.487849
801.699,4.050167020578846,34.464948483266596,32.50492542179547,188.1183664952762,2026-06-25 03:52:17.934430,NaN,NaN,NaN,-34.588367,17.487849
801.805,4.049578920523625,34.465043994105464,32.50457174859656,188.12486864102482,2026-06-25 03:52:17.884443,NaN,NaN,NaN,-34.588367,17.487849
802.027,4.048726361747976,34.465192298345805,32.504050854240845,188.12733826285836,2026-06-25 03:52:17.809462,NaN,NaN,NaN,-34.588367,17.487849
802.355,4.047928579359027,34.465345432216075,32.5035743376743,188.14576424350366,2026-06-25 03:52:17.734482,NaN,NaN,NaN,-34.588367,17.487849
802.6030000000001,4.047233442825315,34.46550428163387,32.50325276838444,188.1492529047115,2026-06-25 03:52:17.659501,NaN,NaN,NaN,-34.588367,17.487849
802.7750000000001,4.046524460551657,34.465723186683135,32.503159979265746,187.89270176062445,2026-06-25 03:52:17.559527,NaN,NaN,NaN,-34.588367,17.487849
803.096,4.046185583396566,34.46589235505253,32.503363989647944,187.89668857908077,2026-06-25 03:52:17.484547,NaN,NaN,NaN,-34.588367,17.487849
803.231,4.04605233439524,34.46600761011736,32.50362423712003,187.89826704486416,2026-06-25 03:52:17.434560,NaN,NaN,NaN,-34.588367,17.487849
803.608,4.045954160962458,34.46618392372308,32.504115280300354,187.64561595266798,2026-06-25 03:52:17.359579,NaN,NaN,NaN,-34.588367,17.487849
804.002,4.045922183694135,34.4664242464049,32.504744321497455,187.6426003232907,2026-06-25 03:52:17.259605,NaN,NaN,NaN,-34.588367,17.487849
804.116,4.045907244095604,34.466608051649246,32.50506515781085,187.6464368162733,2026-06-25 03:52:17.184625,NaN,NaN,NaN,-34.588367,17.487849
804.534,4.045857431147529,34.46673229189007,32.50515404305724,187.6499651864534,2026-06-25 03:52:17.134638,NaN,NaN,NaN,-34.588367,17.487849
804.7905000000001,4.045665320774761,34.466920908774476,32.50508187064254,187.5233611324344,2026-06-25 03:52:17.059658,NaN,NaN,NaN,-34.588367,17.487849
805.113,4.045169290118284,34.467175657247374,32.50468667692329,187.52948456217823,2026-06-25 03:52:16.959684,NaN,NaN,NaN,-34.588367,17.487849
805.5464999999999,4.044154375521568,34.46749843690982,32.50395893395361,187.41553638585413,2026-06-25 03:52:16.834716,NaN,NaN,NaN,-34.588367,17.487849
805.851,4.044168281217608,34.46749871113187,32.5039414510348,187.42104496823774,2026-06-25 03:52:16.834716,NaN,NaN,NaN,-34.588367,17.487849
806.176,4.0427952863699685,34.46789027865613,32.50335898856279,187.4294645106437,2026-06-25 03:52:16.684755,NaN,NaN,NaN,-34.588367,17.487849
806.3444999999999,4.042828462945737,34.46789040147147,32.50341310900285,187.43223442373696,2026-06-25 03:52:16.684755,NaN,NaN,NaN,-34.588367,17.487849
806.688,4.041952577475783,34.46815290302653,32.503671374756905,187.18486028654658,2026-06-25 03:52:16.534794,NaN,NaN,NaN,-34.588367,17.487849
806.736,4.042150062226918,34.46828433330796,32.50346662874223,187.44263230717982,2026-06-25 03:52:16.584781,NaN,NaN,NaN,-34.588367,17.487849
807.029,4.041837133978231,34.46841570975042,32.50394832793503,187.1848146647709,2026-06-25 03:52:16.484807,NaN,NaN,NaN,-34.588367,17.487849
807.26,4.0417975693264685,34.46854693374202,32.504266835033434,187.18063269820945,2026-06-25 03:52:16.434820,NaN,NaN,NaN,-34.588367,17.487849
807.495,4.041844974383576,34.468743220663356,32.50475518850096,187.18058381225322,2026-06-25 03:52:16.359840,NaN,NaN,NaN,-34.588367,17.487849
807.68,4.041902462464433,34.4690035395589,32.50593535676803,187.19219973973927,2026-06-25 03:52:16.134899,NaN,NaN,NaN,-34.588367,17.487849
807.8534999999999,4.041939664705953,34.46919737507576,32.50533689010473,187.18253902413886,2026-06-25 03:52:16.259866,NaN,NaN,NaN,-34.588367,17.487849
808.038,4.041945731008657,34.46932566362066,32.50570813690827,187.18234664539287,2026-06-25 03:52:16.184886,NaN,NaN,NaN,-34.588367,17.487849
808.213,4.0417923039697214,34.4694531365254,32.506407836735264,187.1995811692126,2026-06-25 03:52:16.034925,NaN,NaN,NaN,-34.588367,17.487849
808.396,4.041840657868985,34.46957970407176,32.506163795231544,187.20071257101867,2026-06-25 03:52:16.084912,NaN,NaN,NaN,-34.588367,17.487849
808.742,4.0418862966594915,34.46982977197826,32.50698912784382,187.19084037265463,2026-06-25 03:52:15.934951,NaN,NaN,NaN,-34.588367,17.487849
809.1735,4.042062607496977,34.46989022997579,32.507199516669075,187.19657848400544,2026-06-25 03:52:15.909957,NaN,NaN,NaN,-34.588367,17.487849
809.342,4.042068276823875,34.46995310092914,32.50733682438038,187.19176165596917,2026-06-25 03:52:15.884964,NaN,NaN,NaN,-34.588367,17.487849
809.6475,4.042799433917498,34.47025560533119,32.50834077094166,187.1921127599258,2026-06-25 03:52:15.759996,NaN,NaN,NaN,-34.588367,17.487849
810.047,4.043286770435985,34.47043313482716,32.50899170525645,187.19145188679173,2026-06-25 03:52:15.685016,NaN,NaN,NaN,-34.588367,17.487849
810.2829999999999,4.043739789058966,34.47060676384889,32.50965518623946,186.92998281866,2026-06-25 03:52:15.610035,NaN,NaN,NaN,-34.588367,17.487849
810.366,4.044142597912335,34.47077705526143,32.510310508324956,186.93167578152597,2026-06-25 03:52:15.535055,NaN,NaN,NaN,-34.588367,17.487849
810.7885,4.04446618155354,34.4709429168861,32.51093593940858,186.93043768357222,2026-06-25 03:52:15.460075,NaN,NaN,NaN,-34.588367,17.487849
811.026,4.044868212401754,34.471105038509954,32.511886812988564,186.93037119553267,2026-06-25 03:52:15.335107,NaN,NaN,NaN,-34.588367,17.487849
811.18,4.044728162258546,34.47121052305224,32.511527690876754,186.9351879639255,2026-06-25 03:52:15.385094,NaN,NaN,NaN,-34.588367,17.487849
811.399,4.045037375675049,34.471364680047714,32.51232106787931,186.92930512157315,2026-06-25 03:52:15.260127,NaN,NaN,NaN,-34.588367,17.487849
811.881,4.045168188468571,34.471514630605036,32.51261029208655,186.93554372357983,2026-06-25 03:52:15.185146,NaN,NaN,NaN,-34.588367,17.487849
811.989,4.045228466668756,34.47161170767088,32.51270189335694,186.93603842700472,2026-06-25 03:52:15.135159,NaN,NaN,NaN,-34.588367,17.487849
812.244,4.04528805008937,34.471752845676235,32.512745231409234,186.93464529342063,2026-06-25 03:52:15.060179,NaN,NaN,NaN,-34.588367,17.487849
812.376,4.045336034327984,34.471889397071855,32.51277817104489,186.93534351181643,2026-06-25 03:52:14.985198,NaN,NaN,NaN,-34.588367,17.487849
812.88,4.045529387154884,34.47206282681694,32.513184732229035,186.94297437623024,2026-06-25 03:52:14.860231,NaN,NaN,NaN,-34.588367,17.487849
813.038,4.045433802611302,34.47210193793467,32.51298722565868,186.94313632283414,2026-06-25 03:52:14.885224,NaN,NaN,NaN,-34.588367,17.487849
813.17,4.045530165619841,34.47214592442123,32.513209713608205,186.94677989880051,2026-06-25 03:52:14.835237,NaN,NaN,NaN,-34.588367,17.487849
813.44,4.045911609746407,34.472304733992274,32.51391402615191,186.94403134581637,2026-06-25 03:52:14.735263,NaN,NaN,NaN,-34.588367,17.487849
813.605,4.04622041641362,34.47238039445373,32.51436999160954,186.94085120914326,2026-06-25 03:52:14.685276,NaN,NaN,NaN,-34.588367,17.487849
813.749,4.046601408436371,34.47245352935933,32.51486109809565,186.93412761565457,2026-06-25 03:52:14.635290,NaN,NaN,NaN,-34.588367,17.487849
813.994,4.0472418690313425,34.472558136505526,32.515589573619195,186.92854637458268,2026-06-25 03:52:14.560309,NaN,NaN,NaN,-34.588367,17.487849
814.4366666666666,4.048084288599863,34.47271963157167,32.51657303801767,186.9270398016355,2026-06-25 03:52:14.435342,NaN,NaN,NaN,-34.588367,17.487849
814.598,4.048297274176854,34.472838491470135,32.517111914796516,186.92991802687132,2026-06-25 03:52:14.335368,NaN,NaN,NaN,-34.588367,17.487849
814.931,4.048158227326329,34.472893605330285,32.51728375415507,186.93931610468647,2026-06-25 03:52:14.285381,NaN,NaN,NaN,-34.588367,17.487849
815.2145,4.047702694800522,34.47297110429722,32.51742793917086,186.95123414548468,2026-06-25 03:52:14.210400,NaN,NaN,NaN,-34.588367,17.487849
815.493,4.047084576794046,34.47304344852413,32.517456582221286,186.95471187008235,2026-06-25 03:52:14.135420,NaN,NaN,NaN,-34.588367,17.487849
815.8090000000001,4.046134294051735,34.47312967811459,32.517295261208154,186.96065775314884,2026-06-25 03:52:14.035446,NaN,NaN,NaN,-34.588367,17.487849
815.935,4.045112653863645,34.47320747635787,32.51700241534554,187.22826846767765,2026-06-25 03:52:13.935472,NaN,NaN,NaN,-34.588367,17.487849
816.453,4.04389139998812,34.47327326522497,32.516511169627925,187.24410047304718,2026-06-25 03:52:13.835498,NaN,NaN,NaN,-34.588367,17.487849
816.5799999999999,4.043851782232128,34.47327448260662,32.516468683495006,187.11776454132226,2026-06-25 03:52:13.835498,NaN,NaN,NaN,-34.588367,17.487849
816.978,4.041369303255254,34.47335603468509,32.51499135653446,187.26334325366975,2026-06-25 03:52:13.685537,NaN,NaN,NaN,-34.588367,17.487849
817.603,4.037651077223489,34.47341702310264,32.51199312470768,187.30307332967195,2026-06-25 03:52:13.535576,NaN,NaN,NaN,-34.588367,17.487849
817.7435,4.037547687348986,34.473418131533016,32.51187781818503,187.3077544602338,2026-06-25 03:52:13.535576,NaN,NaN,NaN,-34.588367,17.487849
817.931,4.034146481387024,34.473447859460016,32.508832390418235,187.3369043559639,2026-06-25 03:52:13.435602,NaN,NaN,NaN,-34.588367,17.487849
818.1265,4.030958142300872,34.47346429662433,32.50592778781471,187.3636503777334,2026-06-25 03:52:13.360622,NaN,NaN,NaN,-34.588367,17.487849
818.613,4.026082705620212,34.4734794097625,32.50155472630126,187.40351776541124,2026-06-25 03:52:13.260648,NaN,NaN,NaN,-34.588367,17.487849
818.8620000000001,4.020519614880011,34.4734797181019,32.49663995583095,187.4491572138578,2026-06-25 03:52:13.160674,NaN,NaN,NaN,-34.588367,17.487849
819.1990000000001,4.0144199455291325,34.4734797181019,32.491142154827656,187.51325956197786,2026-06-25 03:52:13.060700,NaN,NaN,NaN,-34.588367,17.487849
819.5855,4.008119835888195,34.4734797181019,32.4850987759238,187.55271638093708,2026-06-25 03:52:12.960726,NaN,NaN,NaN,-34.588367,17.487849
820.025,4.000600173731157,34.47346150220855,32.4771977656314,187.61195308584868,2026-06-25 03:52:12.835759,NaN,NaN,NaN,-34.588367,17.487849
820.168,3.9977735697635417,34.47345186149524,32.47413686886656,187.63670352121,2026-06-25 03:52:12.785772,NaN,NaN,NaN,-34.588367,17.487849
820.731,3.9913365245316808,34.473422283171956,32.467249783849994,187.55963476606786,2026-06-25 03:52:12.660804,NaN,NaN,NaN,-34.588367,17.487849
820.96,3.9881386481136767,34.47340061273569,32.464056669118804,187.45585695632818,2026-06-25 03:52:12.585824,NaN,NaN,NaN,-34.588367,17.487849
821.172,3.9863651407250744,34.47338463386194,32.46241114651727,187.47179906846463,2026-06-25 03:52:12.535837,NaN,NaN,NaN,-34.588367,17.487849
821.4445000000001,3.983377083914136,34.47334953608774,32.46005374394622,187.48614340995744,2026-06-25 03:52:12.410869,NaN,NaN,NaN,-34.588367,17.487849
821.543,3.983644538277823,34.473339134115434,32.46014236511088,187.48422695462096,2026-06-25 03:52:12.435863,NaN,NaN,NaN,-34.588367,17.487849
821.8335,3.9819628471586315,34.473310275928895,32.45907924176714,187.49583444568833,2026-06-25 03:52:12.335889,NaN,NaN,NaN,-34.588367,17.487849
822.044,3.980753851208214,34.4732685822281,32.45853522723527,187.24916770345692,2026-06-25 03:52:12.235915,NaN,NaN,NaN,-34.588367,17.487849
822.38,3.9800892634483027,34.47323510898193,32.45833108645465,187.38580024186035,2026-06-25 03:52:12.160934,NaN,NaN,NaN,-34.588367,17.487849
822.594,3.979409378067482,34.47320045260636,32.45804895092278,187.25684254901142,2026-06-25 03:52:12.085954,NaN,NaN,NaN,-34.588367,17.487849
822.812,3.9788774585163007,34.47317666141489,32.45774875607315,187.52269967659169,2026-06-25 03:52:12.035967,NaN,NaN,NaN,-34.588367,17.487849
822.959,3.9774783888684153,34.47315243006943,32.45681847116644,187.2870022212149,2026-06-25 03:52:11.935993,NaN,NaN,NaN,-34.588367,17.487849
823.191,3.9782415622789498,34.4731278174461,32.45733990057757,187.27937703476323,2026-06-25 03:52:11.985980,NaN,NaN,NaN,-34.588367,17.487849
823.317,3.976584205555013,34.473102881354045,32.45619403525558,187.30018774803003,2026-06-25 03:52:11.886006,NaN,NaN,NaN,-34.588367,17.487849
823.513,3.975573114172982,34.47307767845688,32.455486667665156,187.31253661529254,2026-06-25 03:52:11.836019,NaN,NaN,NaN,-34.588367,17.487849
823.77,3.974466495120034,34.47305226419718,32.45471867860165,187.31971524748278,2026-06-25 03:52:11.786032,NaN,NaN,NaN,-34.588367,17.487849
823.913,3.973281077233461,34.47302669272416,32.45390465140139,187.32936544855966,2026-06-25 03:52:11.736045,NaN,NaN,NaN,-34.588367,17.487849
824.212,3.9720205035291904,34.47300101682464,32.45304589701625,187.3437006841284,2026-06-25 03:52:11.686058,NaN,NaN,NaN,-34.588367,17.487849
824.382,3.97067277951728,34.47297528785713,32.45212920654747,187.3482028180466,2026-06-25 03:52:11.636071,NaN,NaN,NaN,-34.588367,17.487849
824.531,3.9684101551391655,34.472936712163715,32.450562333717066,187.3704515859359,2026-06-25 03:52:11.561091,NaN,NaN,NaN,-34.588367,17.487849
824.923,3.9658196698534436,34.472898273414955,32.448693879247806,187.39619991938443,2026-06-25 03:52:11.486110,NaN,NaN,NaN,-34.588367,17.487849
825.211,3.9626992384733493,34.47286017601035,32.4462619431443,187.42502919860598,2026-06-25 03:52:11.411130,NaN,NaN,NaN,-34.588367,17.487849
825.351,3.9590865467027285,34.47282248063805,32.443249338131125,187.4487643240636,2026-06-25 03:52:11.336149,NaN,NaN,NaN,-34.588367,17.487849
825.7819999999999,3.9531380117454193,34.47277335858063,32.43793624155192,187.50082962736622,2026-06-25 03:52:11.236176,NaN,NaN,NaN,-34.588367,17.487849
826.088,3.9498235613720176,34.47274921613483,32.43493498246984,187.53375063680804,2026-06-25 03:52:11.186189,NaN,NaN,NaN,-34.588367,17.487849
826.205,3.9425710175219084,34.47270185380516,32.42834214521901,187.59223795389022,2026-06-25 03:52:11.086215,NaN,NaN,NaN,-34.588367,17.487849
826.6313333333333,3.9346402572059027,34.4726565658869,32.421154664888924,187.67239065872528,2026-06-25 03:52:10.986241,NaN,NaN,NaN,-34.588367,17.487849
827.4583333333334,3.9212314564085524,34.4725787037193,32.408941546327576,187.77490360495725,2026-06-25 03:52:10.802955,NaN,NaN,NaN,-34.588367,17.487849
827.6045,3.91872744949885,34.472562185836296,32.40666207594163,187.7890850445875,2026-06-25 03:52:10.761299,NaN,NaN,NaN,-34.588367,17.487849
828.0405000000001,3.9097761149474133,34.47249606399146,32.39860938752523,187.58681804680577,2026-06-25 03:52:10.586345,NaN,NaN,NaN,-34.588367,17.487849
828.4065,3.907848963117304,34.47247865632497,32.396952082707,187.601699794593,2026-06-25 03:52:10.536358,NaN,NaN,NaN,-34.588367,17.487849
828.9945,3.903688686147983,34.47243766708222,32.393547724162396,187.6423900850298,2026-06-25 03:52:10.411391,NaN,NaN,NaN,-34.588367,17.487849
829.262,3.9014934344958005,34.47241505820534,32.39185410855587,187.65922083673414,2026-06-25 03:52:10.336410,NaN,NaN,NaN,-34.588367,17.487849
829.646,3.8993937350628998,34.472394056310954,32.390269697254126,187.6765798005004,2026-06-25 03:52:10.261430,NaN,NaN,NaN,-34.588367,17.487849
829.929,3.8972979573299162,34.47237433300806,32.38870584002363,187.6930857760316,2026-06-25 03:52:10.186449,NaN,NaN,NaN,-34.588367,17.487849
830.217,3.8951296596576066,34.472356187956905,32.3870963746744,187.71608732511996,2026-06-25 03:52:10.111469,NaN,NaN,NaN,-34.588367,17.487849
830.436,3.8928705708712545,34.47233928187279,32.38541692590487,187.74199603590677,2026-06-25 03:52:10.036488,NaN,NaN,NaN,-34.588367,17.487849
830.65,3.891312130419774,34.47232881987576,32.38425477782393,187.75394573745015,2026-06-25 03:52:09.986501,NaN,NaN,NaN,-34.588367,17.487849
830.793,3.889733022393624,34.47231894892104,32.38307504591592,187.76540236492346,2026-06-25 03:52:09.936514,NaN,NaN,NaN,-34.588367,17.487849
831.007,3.8881482950067583,34.47230965462251,32.38189167136417,187.77440923643354,2026-06-25 03:52:09.886527,NaN,NaN,NaN,-34.588367,17.487849
831.182,3.8865650298567505,34.47230092099818,32.380716603231406,187.78921316801942,2026-06-25 03:52:09.836540,NaN,NaN,NaN,-34.588367,17.487849
831.497,3.883391908947862,34.47229273052252,32.378394022061386,187.56263375534786,2026-06-25 03:52:09.736566,NaN,NaN,NaN,-34.588367,17.487849
831.562,3.884981273494636,34.472285064180866,32.37955404393575,187.8057264723084,2026-06-25 03:52:09.786553,NaN,NaN,NaN,-34.588367,17.487849
831.847,3.880994377635046,34.47227456113111,32.37659909783038,187.58258933237582,2026-06-25 03:52:09.661586,NaN,NaN,NaN,-34.588367,17.487849
831.966,3.8785898200242235,34.472264998676316,32.374684724390235,187.6006586381857,2026-06-25 03:52:09.586606,NaN,NaN,NaN,-34.588367,17.487849
832.392,3.8769827825146446,34.47225921095846,32.373300115325485,187.608448361723,2026-06-25 03:52:09.536619,NaN,NaN,NaN,-34.588367,17.487849
832.664,3.8753648108232652,34.4722538320064,32.371830672595884,187.62419686766663,2026-06-25 03:52:09.486632,NaN,NaN,NaN,-34.588367,17.487849
832.991,3.873721567949454,34.472248835120105,32.37028926138645,187.64663876794543,2026-06-25 03:52:09.436645,NaN,NaN,NaN,-34.588367,17.487849
833.184,3.871178041709827,34.472242034033435,32.3678867901297,187.6659578853023,2026-06-25 03:52:09.361664,NaN,NaN,NaN,-34.588367,17.487849
833.347,3.8685624216816357,34.47223585439958,32.365447942517164,187.68229732699922,2026-06-25 03:52:09.286684,NaN,NaN,NaN,-34.588367,17.487849
833.6869999999999,3.865041833900404,34.47222864431671,32.36228597241948,187.72566717072252,2026-06-25 03:52:09.186710,NaN,NaN,NaN,-34.588367,17.487849
834.2384999999999,3.86086133639983,34.47222060012692,32.35872852382094,187.7554294986573,2026-06-25 03:52:09.061742,NaN,NaN,NaN,-34.588367,17.487849
834.621,3.8580046838229043,34.47221476005105,32.3564448122961,187.7777579232347,2026-06-25 03:52:08.961768,NaN,NaN,NaN,-34.588367,17.487849
834.832,3.8551276370462406,34.47221052928253,32.35422767163025,187.79876149264612,2026-06-25 03:52:08.836801,NaN,NaN,NaN,-34.588367,17.487849
835.059,3.8561865658294687,34.47220771927149,32.35504020542529,187.80194047431138,2026-06-25 03:52:08.886788,NaN,NaN,NaN,-34.588367,17.487849
835.248,3.8541544362174927,34.47220487353451,32.35347060046301,187.80052319104263,2026-06-25 03:52:08.786814,NaN,NaN,NaN,-34.588367,17.487849
835.513,3.853228139823543,34.47220195703375,32.35273555148814,187.55715511820185,2026-06-25 03:52:08.736827,NaN,NaN,NaN,-34.588367,17.487849
835.791,3.8518000083401085,34.472197353068466,32.3515921029648,187.57361682497924,2026-06-25 03:52:08.661847,NaN,NaN,NaN,-34.588367,17.487849
835.998,3.8495848512205564,34.47219065753053,32.34985774338813,187.71800381991355,2026-06-25 03:52:08.561873,NaN,NaN,NaN,-34.588367,17.487849
836.627,3.84754727702514,34.47218508789444,32.34831660629604,187.60757653936395,2026-06-25 03:52:08.486892,NaN,NaN,NaN,-34.588367,17.487849
836.879,3.8440859210778866,34.47217662660398,32.34577832073834,187.65606538307267,2026-06-25 03:52:08.386918,NaN,NaN,NaN,-34.588367,17.487849
836.9525,3.842860550331342,34.4721738969877,32.34487766238301,187.78418282819396,2026-06-25 03:52:08.361925,NaN,NaN,NaN,-34.588367,17.487849
837.188,3.842031697755279,34.472171892994204,32.3442821722,187.93632869315923,2026-06-25 03:52:08.336931,NaN,NaN,NaN,-34.588367,17.487849
837.414,3.8349460087593576,34.47216125597704,32.33892123167652,187.72363332662036,2026-06-25 03:52:08.186970,NaN,NaN,NaN,-34.588367,17.487849
837.618,3.83742054075064,34.47215528887696,32.34084438234743,187.96403767513272,2026-06-25 03:52:08.236957,NaN,NaN,NaN,-34.588367,17.487849
837.885,3.8323861356650193,34.47214884810645,32.33686808971873,187.74535105601223,2026-06-25 03:52:08.136983,NaN,NaN,NaN,-34.588367,17.487849
838.069,3.8270029150744653,34.47213442653434,32.33235139200084,187.78677798198828,2026-06-25 03:52:08.037009,NaN,NaN,NaN,-34.588367,17.487849
838.183,3.8269577733085596,34.47213414606911,32.332282887007196,188.05183210337592,2026-06-25 03:52:08.037009,NaN,NaN,NaN,-34.588367,17.487849
838.482,3.821269034542454,34.47211776222388,32.32729951420809,187.84091135927594,2026-06-25 03:52:07.937035,NaN,NaN,NaN,-34.588367,17.487849
838.834,3.815322437351694,34.47209864185837,32.321887981232464,187.87713747189508,2026-06-25 03:52:07.837062,NaN,NaN,NaN,-34.588367,17.487849
838.9739999999999,3.815327213060499,34.472098310225235,32.32188532643721,187.89207278366456,2026-06-25 03:52:07.837062,NaN,NaN,NaN,-34.588367,17.487849
839.291,3.8094145260812886,34.47207686962617,32.31645950291025,187.94780501630277,2026-06-25 03:52:07.737088,NaN,NaN,NaN,-34.588367,17.487849
839.602,3.8052065287493484,34.47205860096923,32.31263343201445,187.96810133687202,2026-06-25 03:52:07.662107,NaN,NaN,NaN,-34.588367,17.487849
839.9866666666667,3.798993030027304,34.472024423626586,32.30704860111786,188.0109639862905,2026-06-25 03:52:07.537140,NaN,NaN,NaN,-34.588367,17.487849
840.383,3.7947736630157953,34.47199397991994,32.30333575179001,188.05457051408433,2026-06-25 03:52:07.437166,NaN,NaN,NaN,-34.588367,17.487849
840.689,3.791481612796323,34.47197742312951,32.30050539740471,187.81590743111371,2026-06-25 03:52:07.337192,NaN,NaN,NaN,-34.588367,17.487849
840.824,3.7930118435335944,34.47196004710315,32.30181581827659,188.0693951140448,2026-06-25 03:52:07.387179,NaN,NaN,NaN,-34.588367,17.487849
840.912,3.7891265589410636,34.47192279882786,32.298516621505534,187.83777764856325,2026-06-25 03:52:07.237218,NaN,NaN,NaN,-34.588367,17.487849
841.287,3.7892340581429487,34.47192237655645,32.298611894200064,188.09670070656412,2026-06-25 03:52:07.237218,NaN,NaN,NaN,-34.588367,17.487849
841.549,3.7876228653251864,34.4718821740085,32.297281365285066,187.8438396548707,2026-06-25 03:52:07.137244,NaN,NaN,NaN,-34.588367,17.487849
841.791,3.787121714302482,34.47186058340187,32.29688100300377,187.8481596399576,2026-06-25 03:52:07.087257,NaN,NaN,NaN,-34.588367,17.487849
842.0625,3.7865713179831557,34.47182648694397,32.296465271752155,187.98726456797337,2026-06-25 03:52:07.012277,NaN,NaN,NaN,-34.588367,17.487849
842.4739999999999,3.7858251003297805,34.47176567506269,32.29597696437739,187.9972326761655,2026-06-25 03:52:06.887309,NaN,NaN,NaN,-34.588367,17.487849
842.801,3.7852096686402255,34.4717652521108,32.295611840535166,188.1370732194453,2026-06-25 03:52:06.787335,NaN,NaN,NaN,-34.588367,17.487849
842.913,3.7858309721059267,34.47171313191321,32.29597686269558,187.8727291798551,2026-06-25 03:52:06.887309,NaN,NaN,NaN,-34.588367,17.487849
843.257,3.784854555208193,34.47168560970114,32.29541012360171,187.8831399932081,2026-06-25 03:52:06.737348,NaN,NaN,NaN,-34.588367,17.487849
843.57375,3.7837216663982893,34.471612746020035,32.29473877969011,187.99831036988056,2026-06-25 03:52:06.612381,NaN,NaN,NaN,-34.588367,17.487849
844.166,3.781482434792327,34.471503465424185,32.29323889306753,187.91807147005454,2026-06-25 03:52:06.437426,NaN,NaN,NaN,-34.588367,17.487849
844.8145,3.7778462029509248,34.47140273224874,32.29063909657914,188.21403993821966,2026-06-25 03:52:06.262472,NaN,NaN,NaN,-34.588367,17.487849
845.034,3.777379428446222,34.471384590239495,32.29030367176396,188.2195558497363,2026-06-25 03:52:06.237478,NaN,NaN,NaN,-34.588367,17.487849
845.207,3.7786277790536245,34.47136773141513,32.29118899856397,188.20915164278998,2026-06-25 03:52:06.287465,NaN,NaN,NaN,-34.588367,17.487849
845.459,3.7727248035651457,34.47129587288491,32.28694551043417,188.26601801013584,2026-06-25 03:52:06.087518,NaN,NaN,NaN,-34.588367,17.487849
845.562,3.7744137449261497,34.47125907284006,32.28818976070147,188.24996491072213,2026-06-25 03:52:06.137505,NaN,NaN,NaN,-34.588367,17.487849
845.874,3.770927983130029,34.471221733155794,32.28556596469229,188.28700479848624,2026-06-25 03:52:06.037531,NaN,NaN,NaN,-34.588367,17.487849
845.964,3.769045344504729,34.47118388626717,32.28404703657036,188.3056454988893,2026-06-25 03:52:05.987544,NaN,NaN,NaN,-34.588367,17.487849
846.264,3.7670938224233184,34.47114556597717,32.28239284208849,188.3140512576674,2026-06-25 03:52:05.937557,NaN,NaN,NaN,-34.588367,17.487849
846.455,3.7650789360067276,34.47110680741002,32.280615241620424,188.32491839216203,2026-06-25 03:52:05.887570,NaN,NaN,NaN,-34.588367,17.487849
846.6089999999999,3.7618900893515343,34.471047884604516,32.27773091007074,188.3577951056388,2026-06-25 03:52:05.812589,NaN,NaN,NaN,-34.588367,17.487849
846.9615,3.7544637230964826,34.470927946009155,32.27110122475874,188.41490982623276,2026-06-25 03:52:05.662628,NaN,NaN,NaN,-34.588367,17.487849
847.1714999999999,3.754640257558653,34.470927722296516,32.27123381197268,188.4143053920173,2026-06-25 03:52:05.662628,NaN,NaN,NaN,-34.588367,17.487849
847.638,3.74743184603654,34.470826429394606,32.26495731810826,188.48982556790418,2026-06-25 03:52:05.537661,NaN,NaN,NaN,-34.588367,17.487849
847.756,3.7442088491101466,34.4707855699977,32.26223626900442,188.7782621395082,2026-06-25 03:52:05.487674,NaN,NaN,NaN,-34.588367,17.487849
848.035,3.740832455272478,34.47074463881448,32.25942170881573,188.80231630629987,2026-06-25 03:52:05.437687,NaN,NaN,NaN,-34.588367,17.487849
848.189,3.7373606772698817,34.47070368101017,32.256528604499046,188.56540201421575,2026-06-25 03:52:05.387700,NaN,NaN,NaN,-34.588367,17.487849
848.409,3.7321049921170566,34.470642305833465,32.25207444073277,188.8780545733847,2026-06-25 03:52:05.312720,NaN,NaN,NaN,-34.588367,17.487849
848.8315,3.7252250967665548,34.470560807978345,32.246029607940194,188.9271990070342,2026-06-25 03:52:05.212746,NaN,NaN,NaN,-34.588367,17.487849
849.2115,3.7186659191021176,34.47048004387473,32.239964422950976,188.9714447032688,2026-06-25 03:52:05.112772,NaN,NaN,NaN,-34.588367,17.487849
849.5645,3.712390646118431,34.470400395483416,32.234015033246266,188.76586802744342,2026-06-25 03:52:05.012798,NaN,NaN,NaN,-34.588367,17.487849
849.995,3.707778972752333,34.47034156638597,32.229715811993,188.81539019224405,2026-06-25 03:52:04.937817,NaN,NaN,NaN,-34.588367,17.487849
850.212,3.7047480423387875,34.47030292672506,32.22697923628886,188.83118644511558,2026-06-25 03:52:04.887830,NaN,NaN,NaN,-34.588367,17.487849
850.332,3.701770021216543,34.470264781559344,32.22435344460747,188.85518434099754,2026-06-25 03:52:04.837843,NaN,NaN,NaN,-34.588367,17.487849
850.5905,3.6960758148855026,34.47019048202373,32.219482088966046,188.9067652406138,2026-06-25 03:52:04.737869,NaN,NaN,NaN,-34.588367,17.487849
850.9,3.696035032273166,34.47019016416673,32.21943216463424,188.91415476574963,2026-06-25 03:52:04.737869,NaN,NaN,NaN,-34.588367,17.487849
850.951,3.6906192611683033,34.47011808911455,32.21489538459505,188.94885903233745,2026-06-25 03:52:04.637895,NaN,NaN,NaN,-34.588367,17.487849
851.219,3.6880049010688443,34.47008311994206,32.21269845892129,188.96317230878518,2026-06-25 03:52:04.587908,NaN,NaN,NaN,-34.588367,17.487849
851.458,3.6827326946355505,34.47004892306895,32.20814383005738,189.00183050757386,2026-06-25 03:52:04.487935,NaN,NaN,NaN,-34.588367,17.487849
851.692,3.6853994943775623,34.47001554261946,32.210472935448784,188.98227974412904,2026-06-25 03:52:04.537922,NaN,NaN,NaN,-34.588367,17.487849
851.828,3.6799241678990073,34.46998302188725,32.205631926202564,189.0302791080321,2026-06-25 03:52:04.437948,NaN,NaN,NaN,-34.588367,17.487849
852.127,3.6769026317798685,34.469951403261526,32.202864389667766,189.04981791592647,2026-06-25 03:52:04.387961,NaN,NaN,NaN,-34.588367,17.487849
852.4784999999999,3.671838723353556,34.46990588254634,32.19807574075885,189.09775418613467,2026-06-25 03:52:04.312980,NaN,NaN,NaN,-34.588367,17.487849
852.642,3.666229714637491,34.4698623688644,32.19261693114414,189.14665030407537,2026-06-25 03:52:04.238000,NaN,NaN,NaN,-34.588367,17.487849
852.9596666666666,3.658033598567757,34.46980863113948,32.18441414546377,189.24349680773597,2026-06-25 03:52:04.138026,NaN,NaN,NaN,-34.588367,17.487849
853.394,3.6480475641107812,34.46974716761615,32.174359274803344,189.18214547010203,2026-06-25 03:52:04.013058,NaN,NaN,NaN,-34.588367,17.487849
853.813,3.640215736113685,34.46971388991203,32.16656458917539,189.09899287448133,2026-06-25 03:52:03.888091,NaN,NaN,NaN,-34.588367,17.487849
854.055,3.642955674953204,34.46969337753548,32.16926750793422,189.08839744245964,2026-06-25 03:52:03.938078,NaN,NaN,NaN,-34.588367,17.487849
854.116,3.638017877921766,34.46967415565512,32.164436737677214,188.85092640754897,2026-06-25 03:52:03.838104,NaN,NaN,NaN,-34.588367,17.487849
854.338,3.63515012105623,34.46964037277009,32.161825011248055,188.859857979627,2026-06-25 03:52:03.738130,NaN,NaN,NaN,-34.588367,17.487849
854.596,3.6353478837918276,34.46963968948614,32.16204723560193,188.8641781065761,2026-06-25 03:52:03.738130,NaN,NaN,NaN,-34.588367,17.487849
855.0015000000001,3.633711578306093,34.46960448954334,32.16099421279003,188.8751346550744,2026-06-25 03:52:03.613163,NaN,NaN,NaN,-34.588367,17.487849
855.334,3.633370539849514,34.46957780005136,32.16158799700027,188.88259064479172,2026-06-25 03:52:03.488195,NaN,NaN,NaN,-34.588367,17.487849
855.6896666666668,3.6333839572244018,34.46957340554726,32.16190803990364,188.84236922626545,2026-06-25 03:52:03.454870,NaN,NaN,NaN,-34.588367,17.487849
856.1295,3.633406001513313,34.46956005420283,32.16318129603172,188.6301268680572,2026-06-25 03:52:03.313241,NaN,NaN,NaN,-34.588367,17.487849
856.3975,3.6334979063533916,34.469556261403355,32.16408352280443,188.63347528225881,2026-06-25 03:52:03.213267,NaN,NaN,NaN,-34.588367,17.487849
856.95,3.6337779778726107,34.469556261403355,32.165525562843776,188.50054531150047,2026-06-25 03:52:03.038312,NaN,NaN,NaN,-34.588367,17.487849
857.1915,3.63368688671886,34.46956005420283,32.165118580208826,188.63457427790738,2026-06-25 03:52:03.088299,NaN,NaN,NaN,-34.588367,17.487849
857.6595,3.6341087787689124,34.4695719525908,32.16694675565577,188.3809795382545,2026-06-25 03:52:02.863358,NaN,NaN,NaN,-34.588367,17.487849
857.865,3.63396996563221,34.469585690892956,32.16634297767838,188.6403732648297,2026-06-25 03:52:02.938338,NaN,NaN,NaN,-34.588367,17.487849
858.026,3.6342693700333313,34.46960250977151,32.167530019620145,188.3801655022127,2026-06-25 03:52:02.788378,NaN,NaN,NaN,-34.588367,17.487849
858.604,3.6345152146146065,34.46962317191236,32.168100628633745,188.3791881566103,2026-06-25 03:52:02.713397,NaN,NaN,NaN,-34.588367,17.487849
858.782,3.634849049162588,34.469646899163976,32.168686981506916,188.3775616653555,2026-06-25 03:52:02.638417,NaN,NaN,NaN,-34.588367,17.487849
858.994,3.635122557494414,34.4696647537409,32.169101664693464,188.3811171087946,2026-06-25 03:52:02.588430,NaN,NaN,NaN,-34.588367,17.487849
859.2663333333334,3.635768261179056,34.46970552380218,32.16998417288485,188.37853751260332,2026-06-25 03:52:02.488456,NaN,NaN,NaN,-34.588367,17.487849
859.618,3.6365126471760623,34.46975132514374,32.17086985023219,188.3705637639167,2026-06-25 03:52:02.388482,NaN,NaN,NaN,-34.588367,17.487849
859.896,3.6373758556197777,34.46980361536062,32.17167624976177,188.36268297933515,2026-06-25 03:52:02.288508,NaN,NaN,NaN,-34.588367,17.487849
860.01,3.6373759769475695,34.469804356741605,32.171662129779214,188.3667034151564,2026-06-25 03:52:02.288508,NaN,NaN,NaN,-34.588367,17.487849
860.223,3.638238140527309,34.46986183662965,32.172372456850795,188.3644348554331,2026-06-25 03:52:02.188534,NaN,NaN,NaN,-34.588367,17.487849
860.692,3.6386237764433775,34.46989315426856,32.17268089548845,188.36651228789484,2026-06-25 03:52:02.138547,NaN,NaN,NaN,-34.588367,17.487849
860.816,3.638970653455178,34.46992593436017,32.17296177683263,188.109200904105,2026-06-25 03:52:02.088560,NaN,NaN,NaN,-34.588367,17.487849
860.982,3.6395689030123,34.4699963384027,32.17343187306283,188.10215471652555,2026-06-25 03:52:01.988586,NaN,NaN,NaN,-34.588367,17.487849
861.415,3.640094707217297,34.470071558243326,32.173848036033576,188.09652881707865,2026-06-25 03:52:01.888612,NaN,NaN,NaN,-34.588367,17.487849
861.547,3.6403119970674758,34.470111563897426,32.174062918197,188.10886288981757,2026-06-25 03:52:01.838625,NaN,NaN,NaN,-34.588367,17.487849
861.818,3.6404961150098263,34.4701530010505,32.174299221630264,188.1102093743548,2026-06-25 03:52:01.788638,NaN,NaN,NaN,-34.588367,17.487849
862.007,3.6406549747081662,34.47019586680274,32.17455991190065,188.09870166615133,2026-06-25 03:52:01.738651,NaN,NaN,NaN,-34.588367,17.487849
862.158,3.6408618924724787,34.47026301801861,32.17499141778001,188.1004530785805,2026-06-25 03:52:01.663671,NaN,NaN,NaN,-34.588367,17.487849
862.418,3.641021185046601,34.47033302012383,32.17544700835269,188.106394099795,2026-06-25 03:52:01.588690,NaN,NaN,NaN,-34.588367,17.487849
862.678,3.6410721067505807,34.47038158977322,32.1757521508051,188.1021068456979,2026-06-25 03:52:01.538703,NaN,NaN,NaN,-34.588367,17.487849
863.031,3.6410687940660225,34.470431588063114,32.17604310367781,187.84248741319178,2026-06-25 03:52:01.488716,NaN,NaN,NaN,-34.588367,17.487849
863.1885,3.6409303730237643,34.47050945201895,32.17641493429658,187.9817136539692,2026-06-25 03:52:01.413736,NaN,NaN,NaN,-34.588367,17.487849
863.4245,3.6403069303557896,34.47064595624867,32.17676014037718,187.9878822794646,2026-06-25 03:52:01.288768,NaN,NaN,NaN,-34.588367,17.487849
863.761,3.64033824794892,34.47064668597439,32.17679292363844,187.8669382193671,2026-06-25 03:52:01.288768,NaN,NaN,NaN,-34.588367,17.487849
863.979,3.639348606000133,34.470791952266524,32.176765101530876,187.87309066881622,2026-06-25 03:52:01.163801,NaN,NaN,NaN,-34.588367,17.487849
864.4725000000001,3.638421233557111,34.4709152958017,32.17652304671347,187.88126446920398,2026-06-25 03:52:01.063827,NaN,NaN,NaN,-34.588367,17.487849
864.696,3.637677236474007,34.471011592828056,32.17627201287362,187.8925374128487,2026-06-25 03:52:00.988847,NaN,NaN,NaN,-34.588367,17.487849
864.9925000000001,3.636886223647863,34.47111175848785,32.176004600785504,187.9046255177234,2026-06-25 03:52:00.913866,NaN,NaN,NaN,-34.588367,17.487849
865.255,3.6360625279786634,34.47121508173131,32.17573873050969,187.90737110978407,2026-06-25 03:52:00.838886,NaN,NaN,NaN,-34.588367,17.487849
865.4655,3.635193135565486,34.471322440872584,32.17544571737396,187.90835645231775,2026-06-25 03:52:00.763905,NaN,NaN,NaN,-34.588367,17.487849
865.8,3.633882803587807,34.47147112245496,32.17490944301451,187.67768900942932,2026-06-25 03:52:00.663931,NaN,NaN,NaN,-34.588367,17.487849
866.177,3.6322796149505834,34.4716266554078,32.174024963182035,187.68334678461343,2026-06-25 03:52:00.563957,NaN,NaN,NaN,-34.588367,17.487849
866.614,3.63034172107405,34.471789302627485,32.17262132822741,187.70022159629644,2026-06-25 03:52:00.463983,NaN,NaN,NaN,-34.588367,17.487849
866.706,3.628627343432509,34.47191589161701,32.171199795778755,187.720935585716,2026-06-25 03:52:00.389003,NaN,NaN,NaN,-34.588367,17.487849
866.987,3.627329055840835,34.47200281661563,32.1700629514596,187.73522562946903,2026-06-25 03:52:00.339016,NaN,NaN,NaN,-34.588367,17.487849
867.2249999999999,3.6251999858627317,34.472137125791384,32.16813479853168,187.75290681299987,2026-06-25 03:52:00.264036,NaN,NaN,NaN,-34.588367,17.487849
867.574,3.6229729030580176,34.4722754644809,32.16607224595472,187.77501854589497,2026-06-25 03:52:00.189055,NaN,NaN,NaN,-34.588367,17.487849
867.796,3.6214826000380467,34.47237045130514,32.164685924140166,187.78969534635564,2026-06-25 03:52:00.139068,NaN,NaN,NaN,-34.588367,17.487849
867.9445000000001,3.6193353460689353,34.472517212998135,32.162730718924095,187.67413056723566,2026-06-25 03:52:00.064088,NaN,NaN,NaN,-34.588367,17.487849
868.257,3.617333089658474,34.47266837692436,32.160974951092804,187.55922865223107,2026-06-25 03:51:59.989107,NaN,NaN,NaN,-34.588367,17.487849
868.457,3.6161077256474945,34.47277217037365,32.15995673998988,187.57248391255249,2026-06-25 03:51:59.939120,NaN,NaN,NaN,-34.588367,17.487849
868.709,3.6138633237054787,34.472878290407806,32.15823253052108,187.59083154297738,2026-06-25 03:51:59.839146,NaN,NaN,NaN,-34.588367,17.487849
868.946,3.6149555809006957,34.47298678881803,32.15904852163839,187.57845696344,2026-06-25 03:51:59.889133,NaN,NaN,NaN,-34.588367,17.487849
869.2155,3.612310120052011,34.47315442479182,32.15712163719037,187.60636911249324,2026-06-25 03:51:59.764166,NaN,NaN,NaN,-34.588367,17.487849
869.498,3.6108064409704204,34.47332708246283,32.156055347934426,187.61076901756462,2026-06-25 03:51:59.689185,NaN,NaN,NaN,-34.588367,17.487849
869.6535,3.6092936511306286,34.473506219462664,32.15497894559108,187.63101148096865,2026-06-25 03:51:59.614205,NaN,NaN,NaN,-34.588367,17.487849
870.0305,3.606509865229393,34.47381875094247,32.1530187698545,187.5262590438372,2026-06-25 03:51:59.489238,NaN,NaN,NaN,-34.588367,17.487849
870.2370000000001,3.6052755740780205,34.473948230595,32.152149314404575,187.40861401700278,2026-06-25 03:51:59.439251,NaN,NaN,NaN,-34.588367,17.487849
870.706,3.6025823672558355,34.4742143467955,32.15023839361672,187.4259943225504,2026-06-25 03:51:59.339277,NaN,NaN,NaN,-34.588367,17.487849
871.0435,3.600218101017529,34.47442315985952,32.148525795893306,187.4531092944839,2026-06-25 03:51:59.264296,NaN,NaN,NaN,-34.588367,17.487849
871.307,3.597590940172725,34.47463806763688,32.14658475960217,187.47775069143879,2026-06-25 03:51:59.189316,NaN,NaN,NaN,-34.588367,17.487849
871.619,3.5936502094422114,34.47493607943646,32.143553056645786,187.50717150587377,2026-06-25 03:51:59.089342,NaN,NaN,NaN,-34.588367,17.487849
871.758,3.59361629961025,34.47493768966372,32.14350970626916,187.51153566112035,2026-06-25 03:51:59.089342,NaN,NaN,NaN,-34.588367,17.487849
871.982,3.58944833730865,34.475246971574876,32.140189527853124,187.29175751145897,2026-06-25 03:51:58.989368,NaN,NaN,NaN,-34.588367,17.487849
872.3235,3.586371650990171,34.47548923546269,32.137669343512,187.44840925317362,2026-06-25 03:51:58.914387,NaN,NaN,NaN,-34.588367,17.487849
872.586,3.583544113370758,34.47573824946298,32.13530173239844,187.34147673675932,2026-06-25 03:51:58.839407,NaN,NaN,NaN,-34.588367,17.487849
872.8105,3.5812090817904023,34.47599584854661,32.13326276651763,187.3490897727223,2026-06-25 03:51:58.764426,NaN,NaN,NaN,-34.588367,17.487849
873.123,3.579335419375046,34.47626042420033,32.131558232377905,187.36449308222197,2026-06-25 03:51:58.689446,NaN,NaN,NaN,-34.588367,17.487849
873.363,3.577637343503366,34.47644151357565,32.129969472800965,187.12471894527724,2026-06-25 03:51:58.589472,NaN,NaN,NaN,-34.588367,17.487849
873.527,3.5783848022592677,34.4766261691011,32.13066752938696,187.37783075412335,2026-06-25 03:51:58.639459,NaN,NaN,NaN,-34.588367,17.487849
873.8199999999999,3.5767777337469338,34.47700628031414,32.129179446110996,187.12710557780395,2026-06-25 03:51:58.489498,NaN,NaN,NaN,-34.588367,17.487849
873.98,3.576698600924777,34.477008098105316,32.12911260291785,187.12725362326745,2026-06-25 03:51:58.489498,NaN,NaN,NaN,-34.588367,17.487849
874.291,3.576383220502531,34.47740093060138,32.12878867517963,187.13075604810652,2026-06-25 03:51:58.389524,NaN,NaN,NaN,-34.588367,17.487849
874.568,3.576386467768741,34.47760374776713,32.12874932717559,187.1297066095099,2026-06-25 03:51:58.339537,NaN,NaN,NaN,-34.588367,17.487849
874.735,3.5764543279093077,34.4778102406776,32.12876614286154,187.13662416617004,2026-06-25 03:51:58.289550,NaN,NaN,NaN,-34.588367,17.487849
874.94,3.576688334713923,34.47823427516313,32.12893888563526,186.875502949008,2026-06-25 03:51:58.189576,NaN,NaN,NaN,-34.588367,17.487849
875.2306666666667,3.576777531213668,34.47838175749805,32.1290555922781,186.87498768361442,2026-06-25 03:51:58.156252,NaN,NaN,NaN,-34.588367,17.487849
875.457,3.5770502795950527,34.478897928516204,32.12943989876083,186.87115265840077,2026-06-25 03:51:58.039615,NaN,NaN,NaN,-34.588367,17.487849
875.822,3.5771060716768477,34.47912647350365,32.12963030258864,186.87666241139001,2026-06-25 03:51:57.989628,NaN,NaN,NaN,-34.588367,17.487849
875.992,3.577099366154075,34.47935865621214,32.12981040768724,186.6199952253132,2026-06-25 03:51:57.939641,NaN,NaN,NaN,-34.588367,17.487849
876.2484999999999,3.5769495521219286,34.4797141487859,32.13002775074943,186.62843201631117,2026-06-25 03:51:57.864661,NaN,NaN,NaN,-34.588367,17.487849
876.68,3.576681741008103,34.48007678985772,32.130167758062335,186.6327358878588,2026-06-25 03:51:57.789681,NaN,NaN,NaN,-34.588367,17.487849
876.954,3.5764563510665885,34.4803232607225,32.1302030723029,186.3782228665354,2026-06-25 03:51:57.739694,NaN,NaN,NaN,-34.588367,17.487849
877.138,3.5761096298130077,34.480699913533655,32.13018852104414,186.38083265017707,2026-06-25 03:51:57.664713,NaN,NaN,NaN,-34.588367,17.487849
877.448,3.5757158853150117,34.481213460858626,32.13014016239967,186.25898844964,2026-06-25 03:51:57.564739,NaN,NaN,NaN,-34.588367,17.487849
877.634,3.5755309235980977,34.481606929787965,32.130152620933075,186.13228157678827,2026-06-25 03:51:57.489759,NaN,NaN,NaN,-34.588367,17.487849
877.976,3.57549963245072,34.481873554625906,32.13021526322465,186.13184579114443,2026-06-25 03:51:57.439772,NaN,NaN,NaN,-34.588367,17.487849
878.145,3.5755558212190923,34.48214333139142,32.13032901315375,186.13263304687175,2026-06-25 03:51:57.389785,NaN,NaN,NaN,-34.588367,17.487849
878.448,3.5757095466653355,34.482416188925086,32.13050151975747,185.87422494270623,2026-06-25 03:51:57.339798,NaN,NaN,NaN,-34.588367,17.487849
878.538,3.5763379735072247,34.48297083956462,32.131071916501654,185.87444492077321,2026-06-25 03:51:57.239824,NaN,NaN,NaN,-34.588367,17.487849
878.7719999999999,3.5763984413066257,34.4829722600296,32.13112691529199,185.7402654753406,2026-06-25 03:51:57.239824,NaN,NaN,NaN,-34.588367,17.487849
879.104,3.5782197243743257,34.4838238906465,32.1328613131658,185.60693378702138,2026-06-25 03:51:57.089863,NaN,NaN,NaN,-34.588367,17.487849
879.406,3.578943905944076,34.4840186349736,32.13370002585257,185.4149899954494,2026-06-25 03:51:57.056538,NaN,NaN,NaN,-34.588367,17.487849
879.894,3.5829918220114587,34.48499665743215,32.13869252681808,185.0542629507195,2026-06-25 03:51:56.889915,NaN,NaN,NaN,-34.588367,17.487849
880.1980000000001,3.5839894083519654,34.48514814222095,32.14019553299774,184.92587175000742,2026-06-25 03:51:56.864922,NaN,NaN,NaN,-34.588367,17.487849
880.372,3.5846479104808275,34.48529546777413,32.141000287924705,185.04727197836849,2026-06-25 03:51:56.839928,NaN,NaN,NaN,-34.588367,17.487849
880.7570000000001,3.589399987312465,34.48605129375142,32.14811857595022,184.753032228679,2026-06-25 03:51:56.714961,NaN,NaN,NaN,-34.588367,17.487849
881.0245,3.5934046295120954,34.486663575756516,32.15427662256195,184.46033433542442,2026-06-25 03:51:56.614987,NaN,NaN,NaN,-34.588367,17.487849
881.192,3.596178023476276,34.48712652605644,32.15847171872903,184.447118105117,2026-06-25 03:51:56.540006,NaN,NaN,NaN,-34.588367,17.487849
881.7,3.597738380708471,34.48743689078174,32.16079056942686,184.18325570659906,2026-06-25 03:51:56.490019,NaN,NaN,NaN,-34.588367,17.487849
881.757,3.5990121568070155,34.48774838544823,32.16266324086291,184.17459149933364,2026-06-25 03:51:56.440032,NaN,NaN,NaN,-34.588367,17.487849
881.9755,3.6003113276967302,34.48821754306374,32.164555172064794,184.17745764457283,2026-06-25 03:51:56.365052,NaN,NaN,NaN,-34.588367,17.487849
882.364,3.601043761023665,34.48868826651061,32.165625021950135,184.18123764690696,2026-06-25 03:51:56.290071,NaN,NaN,NaN,-34.588367,17.487849
882.702,3.601235298099728,34.489002889635074,32.16591747970315,184.18573086864322,2026-06-25 03:51:56.240084,NaN,NaN,NaN,-34.588367,17.487849
882.8573333333334,3.601272638603808,34.48963331518839,32.166034728798785,183.9294035370057,2026-06-25 03:51:56.140110,NaN,NaN,NaN,-34.588367,17.487849
883.4325,3.601282717626097,34.49042184216536,32.166310288815254,183.79799841994668,2026-06-25 03:51:56.015143,NaN,NaN,NaN,-34.588367,17.487849
883.6,3.6014027828480413,34.49089448613843,32.16691547763285,183.6697915627354,2026-06-25 03:51:55.940163,NaN,NaN,NaN,-34.588367,17.487849
883.933,3.6015306677996457,34.491209029405574,32.1675793738878,183.67751874754674,2026-06-25 03:51:55.890176,NaN,NaN,NaN,-34.588367,17.487849
884.1815,3.6017707811286144,34.49167957499383,32.168902749067485,183.55109808268622,2026-06-25 03:51:55.815195,NaN,NaN,NaN,-34.588367,17.487849
884.569,3.602301666835274,34.492459172263025,32.17152762455374,183.41811257660223,2026-06-25 03:51:55.690228,NaN,NaN,NaN,-34.588367,17.487849
884.783,3.602312633420751,34.49245976166139,32.171520314954705,183.41829069720148,2026-06-25 03:51:55.690228,NaN,NaN,NaN,-34.588367,17.487849
885.0264999999999,3.6029483289447537,34.493232290597064,32.17407692008797,183.4164462476875,2026-06-25 03:51:55.565260,NaN,NaN,NaN,-34.588367,17.487849
885.292,3.603290294907376,34.49369165856368,32.17535372738757,183.41498607180944,2026-06-25 03:51:55.490280,NaN,NaN,NaN,-34.588367,17.487849
885.4,3.6036022356591046,34.49399563070355,32.17662515552701,183.41108486601743,2026-06-25 03:51:55.390306,NaN,NaN,NaN,-34.588367,17.487849
885.626,3.6034680185053705,34.49429772814969,32.17604720123482,183.41612949937513,2026-06-25 03:51:55.440293,NaN,NaN,NaN,-34.588367,17.487849
886.105,3.603744835787079,34.49489463524735,32.17749648858597,183.42100772905815,2026-06-25 03:51:55.290332,NaN,NaN,NaN,-34.588367,17.487849
886.183,3.603730056797983,34.494895768639864,32.177464652853885,183.29510468652575,2026-06-25 03:51:55.290332,NaN,NaN,NaN,-34.588367,17.487849
886.5875,3.6037723669000803,34.49563013347175,32.17823853429415,183.29127146527009,2026-06-25 03:51:55.165365,NaN,NaN,NaN,-34.588367,17.487849
886.836,3.6037733261397995,34.49620636242808,32.178719891447514,183.29854296021298,2026-06-25 03:51:55.065391,NaN,NaN,NaN,-34.588367,17.487849
887.05,3.6037913407527924,34.496631590016335,32.17907371299267,183.17006501833842,2026-06-25 03:51:54.990410,NaN,NaN,NaN,-34.588367,17.487849
887.416,3.6038342352811368,34.49691114901165,32.17932193555036,183.17546707677593,2026-06-25 03:51:54.940423,NaN,NaN,NaN,-34.588367,17.487849
887.558,3.604044895984699,34.49718763066172,32.17987560014835,183.172331755457,2026-06-25 03:51:54.840449,NaN,NaN,NaN,-34.588367,17.487849
887.769,3.6039161954614976,34.4974609332337,32.17958741950457,183.17726007455553,2026-06-25 03:51:54.890436,NaN,NaN,NaN,-34.588367,17.487849
888.221,3.6043326270490104,34.49786428631457,32.18036116103781,183.1725508852498,2026-06-25 03:51:54.765469,NaN,NaN,NaN,-34.588367,17.487849
888.365,3.6046929230242704,34.49826080806468,32.18089741612069,183.17459985199392,2026-06-25 03:51:54.690488,NaN,NaN,NaN,-34.588367,17.487849
888.615,3.6050803365058304,34.49864846657644,32.18147612974121,183.16691623572046,2026-06-25 03:51:54.615508,NaN,NaN,NaN,-34.588367,17.487849
889.056,3.605428331657363,34.499028793092876,32.18206532950836,182.90810895422277,2026-06-25 03:51:54.540527,NaN,NaN,NaN,-34.588367,17.487849
889.1125,3.605635635767738,34.49939967898369,32.18263919955713,182.91464959323847,2026-06-25 03:51:54.465547,NaN,NaN,NaN,-34.588367,17.487849
889.443,3.605678240438079,34.499762810512,32.183181520846,182.92712883944063,2026-06-25 03:51:54.390567,NaN,NaN,NaN,-34.588367,17.487849
889.778,3.605611363324954,34.49999962697274,32.18350958146319,182.92683861317383,2026-06-25 03:51:54.340580,NaN,NaN,NaN,-34.588367,17.487849
889.985,3.6054157034310403,34.50045976852744,32.18403346162103,183.18467488940948,2026-06-25 03:51:54.240606,NaN,NaN,NaN,-34.588367,17.487849
890.41,3.6051808879587255,34.500906186788804,32.18453143483599,183.17961230216366,2026-06-25 03:51:54.090645,NaN,NaN,NaN,-34.588367,17.487849
890.66,3.60525589090624,34.50112243436427,32.18440865613031,183.17802828158204,2026-06-25 03:51:54.140632,NaN,NaN,NaN,-34.588367,17.487849
890.837,3.6050710389503458,34.50133445467944,32.18462586977695,182.9331212667931,2026-06-25 03:51:54.040658,NaN,NaN,NaN,-34.588367,17.487849
890.944,3.604902038721908,34.50154222056562,32.18469714701497,182.93447826877565,2026-06-25 03:51:53.990671,NaN,NaN,NaN,-34.588367,17.487849
891.254,3.604662983911389,34.501745709378845,32.18474804778223,183.19366858385484,2026-06-25 03:51:53.940684,NaN,NaN,NaN,-34.588367,17.487849
891.476,3.604168938494981,34.502042345288345,32.18477905604284,183.2017872281103,2026-06-25 03:51:53.865703,NaN,NaN,NaN,-34.588367,17.487849
891.778,3.603561490684939,34.50233035401004,32.184747679522296,183.20807467278192,2026-06-25 03:51:53.790723,NaN,NaN,NaN,-34.588367,17.487849
891.925,3.6030990864569388,34.50251659718051,32.18466474660087,183.21408870794326,2026-06-25 03:51:53.740736,NaN,NaN,NaN,-34.588367,17.487849
892.192,3.6026023103831113,34.50269851642059,32.1845114011515,183.21524072805173,2026-06-25 03:51:53.690749,NaN,NaN,NaN,-34.588367,17.487849
892.391,3.6020694336899832,34.50287611522849,32.18426413487669,183.21900578002624,2026-06-25 03:51:53.640762,NaN,NaN,NaN,-34.588367,17.487849
892.697,3.6001440470189725,34.503133893650755,32.1827865877177,183.23874374480755,2026-06-25 03:51:53.490801,NaN,NaN,NaN,-34.588367,17.487849
892.7625,3.6011720866555113,34.503383085387185,32.18365590033157,183.2313689727327,2026-06-25 03:51:53.565782,NaN,NaN,NaN,-34.588367,17.487849
893.057,3.5984877717636876,34.50369760101837,32.18119520685301,183.2603293669656,2026-06-25 03:51:53.390827,NaN,NaN,NaN,-34.588367,17.487849
893.1495,3.598447892238173,34.503699709012885,32.181159288987644,183.25975316399504,2026-06-25 03:51:53.390827,NaN,NaN,NaN,-34.588367,17.487849
893.5805,3.5953612772451784,34.504141051939,32.178334393167,183.54032452463187,2026-06-25 03:51:53.240866,NaN,NaN,NaN,-34.588367,17.487849
893.825,3.5954078200179036,34.5041431092606,32.17833870355131,183.54208651615988,2026-06-25 03:51:53.240866,NaN,NaN,NaN,-34.588367,17.487849
894.275,3.592161240481472,34.504483788253026,32.17580961137358,183.56433993535202,2026-06-25 03:51:53.115899,NaN,NaN,NaN,-34.588367,17.487849
894.44,3.589776490281222,34.504676929151664,32.17408937437783,183.58061785464307,2026-06-25 03:51:53.040918,NaN,NaN,NaN,-34.588367,17.487849
894.558,3.587892547158059,34.50480042587673,32.172711557555544,183.59586062772163,2026-06-25 03:51:52.990931,NaN,NaN,NaN,-34.588367,17.487849
895.029,3.5857420861182936,34.50492003869267,32.17107325814441,183.61815522201687,2026-06-25 03:51:52.940944,NaN,NaN,NaN,-34.588367,17.487849
895.3813333333333,3.5805405211088988,34.50514659394719,32.16672936844768,183.65985355149354,2026-06-25 03:51:52.840970,NaN,NaN,NaN,-34.588367,17.487849
895.7995000000001,3.573088352456752,34.50541129722761,32.15981260068169,183.7405553805083,2026-06-25 03:51:52.716003,NaN,NaN,NaN,-34.588367,17.487849
896.03,3.5670139529613367,34.50560638517941,32.15358781150145,184.0339688990151,2026-06-25 03:51:52.616029,NaN,NaN,NaN,-34.588367,17.487849
896.447,3.5628015229689414,34.50574409712543,32.14914618669712,184.07265265771923,2026-06-25 03:51:52.541049,NaN,NaN,NaN,-34.588367,17.487849
896.695,3.560264686205495,34.505831453521814,32.1465432730304,183.8348677648602,2026-06-25 03:51:52.491062,NaN,NaN,NaN,-34.588367,17.487849
896.711,3.557950050466522,34.5059155594005,32.14429089996112,183.84228131414199,2026-06-25 03:51:52.441075,NaN,NaN,NaN,-34.588367,17.487849
897.036,3.5558532141982364,34.5059964867117,32.14239239232362,183.86023435908604,2026-06-25 03:51:52.391088,NaN,NaN,NaN,-34.588367,17.487849
897.2145,3.5522802295104934,34.50614762000656,32.13955776908719,183.8955713727749,2026-06-25 03:51:52.291114,NaN,NaN,NaN,-34.588367,17.487849
897.406,3.5522161940524795,34.506149098497595,32.13947509081598,183.89439966052737,2026-06-25 03:51:52.291114,NaN,NaN,NaN,-34.588367,17.487849
897.791,3.5490861288621685,34.50628988303241,32.137210469434386,183.92041805791425,2026-06-25 03:51:52.191140,NaN,NaN,NaN,-34.588367,17.487849
898.077,3.5475967184102446,34.50635602882343,32.136092140209314,183.9263344423777,2026-06-25 03:51:52.141153,NaN,NaN,NaN,-34.588367,17.487849
898.191,3.546069487456051,34.506419445337784,32.134856686433814,183.93704668938636,2026-06-25 03:51:52.091166,NaN,NaN,NaN,-34.588367,17.487849
898.324,3.54442560081613,34.50648020932492,32.133416130464745,183.9424276805172,2026-06-25 03:51:52.041179,NaN,NaN,NaN,-34.588367,17.487849
898.556,3.540481970353416,34.50653839779089,32.12963270229496,183.73805277435727,2026-06-25 03:51:51.941205,NaN,NaN,NaN,-34.588367,17.487849
898.721,3.5425854830415133,34.5065940879058,32.13169438725531,183.95978011518505,2026-06-25 03:51:51.991192,NaN,NaN,NaN,-34.588367,17.487849
898.974,3.5380778847519343,34.50664735691677,32.12719720023139,183.75509132081777,2026-06-25 03:51:51.891218,NaN,NaN,NaN,-34.588367,17.487849
899.2125000000001,3.5339059815538203,34.506722611292346,32.122825990531354,183.78166762605883,2026-06-25 03:51:51.816238,NaN,NaN,NaN,-34.588367,17.487849
899.354,3.5293161924043774,34.506793409284946,32.117929789666604,183.84540918232415,2026-06-25 03:51:51.741257,NaN,NaN,NaN,-34.588367,17.487849
899.514,3.526139367139685,34.506837765167866,32.114567269935065,183.87294576969907,2026-06-25 03:51:51.691270,NaN,NaN,NaN,-34.588367,17.487849
899.903,3.523050142656557,34.50688008469773,32.11138316036245,183.89894121221187,2026-06-25 03:51:51.641283,NaN,NaN,NaN,-34.588367,17.487849
900.1455000000001,3.5180507094053897,34.5069580147436,32.106659981889095,183.8023425847786,2026-06-25 03:51:51.541309,NaN,NaN,NaN,-34.588367,17.487849
900.337,3.51779274560092,34.5069589191727,32.106330505150794,183.6810977011854,2026-06-25 03:51:51.541309,NaN,NaN,NaN,-34.588367,17.487849
900.639,3.514154108172728,34.5070471543101,32.10375262308489,183.56246299837312,2026-06-25 03:51:51.416342,NaN,NaN,NaN,-34.588367,17.487849
900.833,3.5134947351823116,34.50709547865043,32.104102072749384,183.4416300648041,2026-06-25 03:51:51.341361,NaN,NaN,NaN,-34.588367,17.487849
901.01,3.5138685927053106,34.507140023501336,32.105827926647436,183.432328220254,2026-06-25 03:51:51.266381,NaN,NaN,NaN,-34.588367,17.487849
901.278,3.514727221709173,34.50718176360879,32.108297952481024,183.42458908990105,2026-06-25 03:51:51.191400,NaN,NaN,NaN,-34.588367,17.487849
901.845,3.5162945506481607,34.50722026827641,32.113578674575585,183.41308890103525,2026-06-25 03:51:51.041440,NaN,NaN,NaN,-34.588367,17.487849
901.975,3.515685222640853,34.50725639885147,32.111086767860996,183.41982276365619,2026-06-25 03:51:51.116420,NaN,NaN,NaN,-34.588367,17.487849
902.3979999999999,3.515976364437469,34.50728982666544,32.11510313203633,183.42638420092902,2026-06-25 03:51:50.966459,NaN,NaN,NaN,-34.588367,17.487849
902.564,3.514613810279481,34.50732130215585,32.115520026833394,183.44429002105235,2026-06-25 03:51:50.891479,NaN,NaN,NaN,-34.588367,17.487849
902.874,3.512919353667884,34.50734109980951,32.11494938838322,183.4633627302919,2026-06-25 03:51:50.841492,NaN,NaN,NaN,-34.588367,17.487849
903.011,3.510625135606184,34.507360093969176,32.113705680033476,183.4867338604673,2026-06-25 03:51:50.791505,NaN,NaN,NaN,-34.588367,17.487849
903.4449999999999,3.502379865976909,34.507404157699355,32.107601354756255,183.82375697983952,2026-06-25 03:51:50.666537,NaN,NaN,NaN,-34.588367,17.487849
904.0335,3.4902959765234938,34.50745318796274,32.09742617685316,183.91355685055078,2026-06-25 03:51:50.516576,NaN,NaN,NaN,-34.588367,17.487849
904.609,3.4793197746821938,34.50749124347462,32.087452349443026,183.996127330715,2026-06-25 03:51:50.391609,NaN,NaN,NaN,-34.588367,17.487849
904.8306666666667,3.4763104960992184,34.507500994361635,32.084596479769296,184.03357183491582,2026-06-25 03:51:50.358284,NaN,NaN,NaN,-34.588367,17.487849
905.057,3.465845666741626,34.507535285806114,32.07470443257693,184.11153766254085,2026-06-25 03:51:50.241648,NaN,NaN,NaN,-34.588367,17.487849
905.111,3.4614232099131166,34.50754986898886,32.0704638908445,183.88671046046198,2026-06-25 03:51:50.191661,NaN,NaN,NaN,-34.588367,17.487849
905.6603333333334,3.4519358625781478,34.50758440813627,32.06140308532947,184.16397102333931,2026-06-25 03:51:50.075025,NaN,NaN,NaN,-34.588367,17.487849
905.9915,3.4458086285284395,34.50760959331082,32.05567030775819,184.26505958132012,2026-06-25 03:51:49.991713,NaN,NaN,NaN,-34.588367,17.487849
906.365,3.4395668472377716,34.5076408539935,32.05014940096361,184.3127815754172,2026-06-25 03:51:49.891739,NaN,NaN,NaN,-34.588367,17.487849
906.6445,3.4359770228924877,34.50766561454517,32.04733849336907,184.20548828203601,2026-06-25 03:51:49.816759,NaN,NaN,NaN,-34.588367,17.487849
906.934,3.4330373517695243,34.50769144421988,32.045217639829715,184.09832906119806,2026-06-25 03:51:49.741778,NaN,NaN,NaN,-34.588367,17.487849
907.191,3.431431938951123,34.5077094798237,32.0441337664774,184.1046117167238,2026-06-25 03:51:49.691791,NaN,NaN,NaN,-34.588367,17.487849
907.4185,3.429349020220905,34.507737940595376,32.042771041156925,184.37635845222943,2026-06-25 03:51:49.616811,NaN,NaN,NaN,-34.588367,17.487849
907.536,3.4274094588610113,34.50776796001021,32.04150225148152,184.3980929562846,2026-06-25 03:51:49.541830,NaN,NaN,NaN,-34.588367,17.487849
907.892,3.4247666705450297,34.507789111789876,32.03964679507543,184.41891812594488,2026-06-25 03:51:49.441856,NaN,NaN,NaN,-34.588367,17.487849
907.975,3.426112546580714,34.50781119159121,32.04062042920495,184.41650137702834,2026-06-25 03:51:49.491843,NaN,NaN,NaN,-34.588367,17.487849
908.135,3.423353892953005,34.507834257733236,32.03853806102701,184.43022802746768,2026-06-25 03:51:49.391869,NaN,NaN,NaN,-34.588367,17.487849
908.48,3.418589151901098,34.50789315735838,32.03415211737725,184.47559279488792,2026-06-25 03:51:49.241909,NaN,NaN,NaN,-34.588367,17.487849
908.8196666666668,3.4196488559696587,34.50790994621625,32.03513069483922,184.46525507638307,2026-06-25 03:51:49.275233,NaN,NaN,NaN,-34.588367,17.487849
909.045,3.414963053230925,34.50796637099257,32.03036469640736,184.50853733776918,2026-06-25 03:51:49.141935,NaN,NaN,NaN,-34.588367,17.487849
909.193,3.411207334410234,34.507996535461736,32.02624225152369,184.54478407865935,2026-06-25 03:51:49.041961,NaN,NaN,NaN,-34.588367,17.487849
909.591,3.4130811853323264,34.50802807107382,32.02831332162721,184.5364836788107,2026-06-25 03:51:49.091948,NaN,NaN,NaN,-34.588367,17.487849
909.774,3.4093819869191386,34.50806102873384,32.02421514456735,184.5576669822698,2026-06-25 03:51:48.991974,NaN,NaN,NaN,-34.588367,17.487849
910.0166666666668,3.40599844255306,34.50813193013362,32.02049791849769,184.58074423474085,2026-06-25 03:51:48.892000,NaN,NaN,NaN,-34.588367,17.487849
910.6355,3.40134614051546,34.50824884122948,32.015725431502545,184.49294786790014,2026-06-25 03:51:48.742039,NaN,NaN,NaN,-34.588367,17.487849
910.814,3.4013394947618085,34.508249691141415,32.01568116889376,184.6203501741586,2026-06-25 03:51:48.742039,NaN,NaN,NaN,-34.588367,17.487849
911.1729999999999,3.396902939606776,34.50838216957855,32.01175040768451,184.46703830796642,2026-06-25 03:51:48.592078,NaN,NaN,NaN,-34.588367,17.487849
911.827,3.3934109745460033,34.50850485344058,32.00892632401904,184.56080542134936,2026-06-25 03:51:48.467111,NaN,NaN,NaN,-34.588367,17.487849
912.2463333333334,3.390364930610945,34.508640223758555,32.00638150564436,184.46246992512027,2026-06-25 03:51:48.342143,NaN,NaN,NaN,-34.588367,17.487849
912.3389999999999,3.3878003748456758,34.508787129549546,32.00404147421831,184.4790778692763,2026-06-25 03:51:48.217176,NaN,NaN,NaN,-34.588367,17.487849
912.773,3.386517984213395,34.50888135782564,32.00283321849022,184.48374846808548,2026-06-25 03:51:48.142195,NaN,NaN,NaN,-34.588367,17.487849
913.0105000000001,3.385431902280688,34.5089807625931,32.00187199634828,184.50102268210904,2026-06-25 03:51:48.067215,NaN,NaN,NaN,-34.588367,17.487849
913.638,3.3833309008984105,34.509084360328636,32.00055886055951,184.51698947889088,2026-06-25 03:51:47.892260,NaN,NaN,NaN,-34.588367,17.487849
913.724,3.3844654849040823,34.509230256951476,32.00113288700158,184.51237292415334,2026-06-25 03:51:47.992234,NaN,NaN,NaN,-34.588367,17.487849
913.9290000000001,3.383340433612927,34.50923132557344,32.00060669003088,184.52063040808432,2026-06-25 03:51:47.892260,NaN,NaN,NaN,-34.588367,17.487849
914.3125,3.3820043182744195,34.50942492097022,32.00034036601377,184.2793091750954,2026-06-25 03:51:47.767293,NaN,NaN,NaN,-34.588367,17.487849
914.7735,3.3808995886941533,34.509590103113666,32.000254102921986,184.29083918347428,2026-06-25 03:51:47.667319,NaN,NaN,NaN,-34.588367,17.487849
915.027,3.380013989712455,34.509719360630285,32.000075240227346,184.30577509999898,2026-06-25 03:51:47.592339,NaN,NaN,NaN,-34.588367,17.487849
915.2005,3.379063021895398,34.509853971382555,31.999677242467254,184.3082917014659,2026-06-25 03:51:47.517358,NaN,NaN,NaN,-34.588367,17.487849
915.316,3.3780614393734134,34.50999284176095,31.99907772977722,184.3165926314938,2026-06-25 03:51:47.442378,NaN,NaN,NaN,-34.588367,17.487849
915.8760000000001,3.3762920196955055,34.51022032341484,31.997754904558956,184.33644101619174,2026-06-25 03:51:47.325741,NaN,NaN,NaN,-34.588367,17.487849
916.13,3.375789418513746,34.51028533053241,31.997354119661296,184.34514574029717,2026-06-25 03:51:47.292417,NaN,NaN,NaN,-34.588367,17.487849
916.659,3.373538307460647,34.510543535934985,31.99586176841664,184.1062539906002,2026-06-25 03:51:47.167449,NaN,NaN,NaN,-34.588367,17.487849
916.803,3.372060161952385,34.51070411214708,31.99504942588424,184.12443129696436,2026-06-25 03:51:47.092469,NaN,NaN,NaN,-34.588367,17.487849
916.926,3.3710201234290462,34.510813801338166,31.99454134555403,184.13600810144,2026-06-25 03:51:47.042482,NaN,NaN,NaN,-34.588367,17.487849
917.2185,3.369398888771605,34.51098220810182,31.99380422935093,184.14397508486195,2026-06-25 03:51:46.967501,NaN,NaN,NaN,-34.588367,17.487849
917.435,3.3677352094510344,34.51115441083776,31.99307167229879,184.15151453456482,2026-06-25 03:51:46.892521,NaN,NaN,NaN,-34.588367,17.487849
917.77,3.3665949400034654,34.51127168840001,31.99257034114435,184.16525177975748,2026-06-25 03:51:46.842534,NaN,NaN,NaN,-34.588367,17.487849
918.0385,3.364818800007301,34.51145121233069,31.991770018603546,184.18425860668668,2026-06-25 03:51:46.767554,NaN,NaN,NaN,-34.588367,17.487849
918.375,3.3624013281575715,34.51169640055979,31.990618035788053,184.08699155050948,2026-06-25 03:51:46.667580,NaN,NaN,NaN,-34.588367,17.487849
918.7725,3.3597358405539284,34.51201207905706,31.98915318672727,183.97315752729213,2026-06-25 03:51:46.542612,NaN,NaN,NaN,-34.588367,17.487849
919.038,3.3596661933056358,34.51201286340985,31.989143043748477,183.97561652009193,2026-06-25 03:51:46.542612,NaN,NaN,NaN,-34.588367,17.487849
919.274,3.3580603269876703,34.5122718803611,31.988044611070457,183.98444339275997,2026-06-25 03:51:46.442638,NaN,NaN,NaN,-34.588367,17.487849
919.346,3.3574521711916594,34.512404019175904,31.98754423717341,184.24801479357237,2026-06-25 03:51:46.392651,NaN,NaN,NaN,-34.588367,17.487849
919.6555,3.3567437153706923,34.51260506053927,31.986880201132784,184.0020808078681,2026-06-25 03:51:46.317671,NaN,NaN,NaN,-34.588367,17.487849
920.1579999999999,3.3561097283141836,34.51287759061994,31.98616381196527,184.0086616548384,2026-06-25 03:51:46.217697,NaN,NaN,NaN,-34.588367,17.487849
920.457,3.3557587556664115,34.51308515435953,31.985604924561734,184.00638054909948,2026-06-25 03:51:46.092729,NaN,NaN,NaN,-34.588367,17.487849
920.525,3.35584895969347,34.51322511518196,31.985775452957416,184.00935855599164,2026-06-25 03:51:46.142716,NaN,NaN,NaN,-34.588367,17.487849
920.823,3.355662940261597,34.513437275045334,31.985471325827305,184.00782471834006,2026-06-25 03:51:46.017749,NaN,NaN,NaN,-34.588367,17.487849
921.036,3.3555269333220434,34.51365151903342,31.98543907595801,184.01741870273844,2026-06-25 03:51:45.942769,NaN,NaN,NaN,-34.588367,17.487849
921.359,3.3551666723272784,34.51394068051545,31.98551083963847,184.02731498229622,2026-06-25 03:51:45.842795,NaN,NaN,NaN,-34.588367,17.487849
921.6275,3.3550110647429676,34.514014444480196,31.985510281169695,184.02858973542072,2026-06-25 03:51:45.817801,NaN,NaN,NaN,-34.588367,17.487849
921.735,3.354639489470343,34.51423361118577,31.985529950804448,184.0323663393777,2026-06-25 03:51:45.742821,NaN,NaN,NaN,-34.588367,17.487849
922.082,3.354040226608502,34.51452875758201,31.985417263109383,184.03750586322624,2026-06-25 03:51:45.642847,NaN,NaN,NaN,-34.588367,17.487849
922.4273333333334,3.3531991509536225,34.51482695164426,31.985050244223277,184.039573094386,2026-06-25 03:51:45.542873,NaN,NaN,NaN,-34.588367,17.487849
922.787,3.3519831631953405,34.51512686180781,31.9844796855693,184.05475070546424,2026-06-25 03:51:45.442899,NaN,NaN,NaN,-34.588367,17.487849
922.979,3.351102465696071,34.51527753564138,31.984060898975777,183.81496618744734,2026-06-25 03:51:45.392912,NaN,NaN,NaN,-34.588367,17.487849
923.4335000000001,3.3494093460707703,34.51550421519451,31.983235838015695,183.83049630813082,2026-06-25 03:51:45.317931,NaN,NaN,NaN,-34.588367,17.487849
923.6,3.3474000809645337,34.51573142651079,31.98220901018047,183.85716053883928,2026-06-25 03:51:45.242951,NaN,NaN,NaN,-34.588367,17.487849
923.777,3.345151783641132,34.515959099228716,31.98095081527387,183.86994700670004,2026-06-25 03:51:45.167970,NaN,NaN,NaN,-34.588367,17.487849
924.025,3.341367977281865,34.51618698055704,31.978598702744847,183.90527943791142,2026-06-25 03:51:45.043003,NaN,NaN,NaN,-34.588367,17.487849
924.236,3.342857698867993,34.51633895270136,31.979559852282737,183.8850283601365,2026-06-25 03:51:45.092990,NaN,NaN,NaN,-34.588367,17.487849
924.576,3.339280464146663,34.51656683252019,31.977218861227634,183.78868124324427,2026-06-25 03:51:44.968023,NaN,NaN,NaN,-34.588367,17.487849
924.966,3.3374005752309417,34.51679450709055,31.975974030149544,183.68204821140017,2026-06-25 03:51:44.893042,NaN,NaN,NaN,-34.588367,17.487849
925.233,3.3363162809981874,34.516946070325766,31.975265261775903,183.69190403236405,2026-06-25 03:51:44.843055,NaN,NaN,NaN,-34.588367,17.487849
925.6665,3.334371421965119,34.51732350029329,31.974010360329615,183.70369280553896,2026-06-25 03:51:44.718088,NaN,NaN,NaN,-34.588367,17.487849
925.8203333333335,3.333804522974038,34.51744908218086,31.973645120033698,183.70733145804513,2026-06-25 03:51:44.676432,NaN,NaN,NaN,-34.588367,17.487849
926.3563333333333,3.332277422199203,34.517997907645054,31.97266147700655,183.72069751100258,2026-06-25 03:51:44.493146,NaN,NaN,NaN,-34.588367,17.487849
926.799,3.3317548676542503,34.51829446141789,31.97237015486673,183.72942038932743,2026-06-25 03:51:44.393172,NaN,NaN,NaN,-34.588367,17.487849
927.1465000000001,3.3314505586342555,34.51851505249847,31.972221282094374,183.7303132574434,2026-06-25 03:51:44.318192,NaN,NaN,NaN,-34.588367,17.487849
927.352,3.331190308054443,34.51873429437293,31.97211077651386,183.7328700582206,2026-06-25 03:51:44.243212,NaN,NaN,NaN,-34.588367,17.487849
927.6025,3.330953375481089,34.51895171537474,31.972057949074703,183.73869402207532,2026-06-25 03:51:44.168231,NaN,NaN,NaN,-34.588367,17.487849
927.798,3.3307258715808534,34.519167577396736,31.972059675587424,183.75004770016443,2026-06-25 03:51:44.093251,NaN,NaN,NaN,-34.588367,17.487849
928.092,3.3304671991785586,34.51938137041324,31.972162666185433,183.7473045774136,2026-06-25 03:51:43.943290,NaN,NaN,NaN,-34.588367,17.487849
928.2035000000001,3.330551130270325,34.51959341737466,31.972111361399673,183.6236938357492,2026-06-25 03:51:44.018270,NaN,NaN,NaN,-34.588367,17.487849
928.487,3.330478988155407,34.51973357052097,31.972170024386504,183.74699111740577,2026-06-25 03:51:43.893303,NaN,NaN,NaN,-34.588367,17.487849
928.657,3.330523348767782,34.51987278140591,31.97214331855453,183.74798873524577,2026-06-25 03:51:43.843316,NaN,NaN,NaN,-34.588367,17.487849
929.0083333333333,3.33056366747498,34.520147938223126,31.97198114519563,183.4957083103834,2026-06-25 03:51:43.743342,NaN,NaN,NaN,-34.588367,17.487849
929.348,3.3303922303080267,34.52041971521362,31.97176161540311,183.49971956497743,2026-06-25 03:51:43.643368,NaN,NaN,NaN,-34.588367,17.487849
929.782,3.3299727215819166,34.52062039656664,31.971616062818043,183.63924578378285,2026-06-25 03:51:43.568387,NaN,NaN,NaN,-34.588367,17.487849
930.2545,3.3291307487882147,34.5208843468769,31.971493068301164,183.646519242502,2026-06-25 03:51:43.468414,NaN,NaN,NaN,-34.588367,17.487849
930.361,3.3283740968808107,34.521079530531,31.971448425102412,183.52815689002315,2026-06-25 03:51:43.393433,NaN,NaN,NaN,-34.588367,17.487849
930.6016666666668,3.32735687616076,34.52133521879065,31.97142580559742,183.54036419050146,2026-06-25 03:51:43.293459,NaN,NaN,NaN,-34.588367,17.487849
931.179,3.32610726876748,34.5217104081574,31.971373397828934,183.54416759439297,2026-06-25 03:51:43.143498,NaN,NaN,NaN,-34.588367,17.487849
931.415,3.3261328019152954,34.52171100036584,31.97136034754552,183.5489578842839,2026-06-25 03:51:43.143498,NaN,NaN,NaN,-34.588367,17.487849
931.663,3.3254118233627694,34.52201554942263,31.971166265582433,183.55682660069021,2026-06-25 03:51:43.018531,NaN,NaN,NaN,-34.588367,17.487849
931.901,3.3250505691866463,34.52219493340437,31.970949406298242,183.56014746379103,2026-06-25 03:51:42.943550,NaN,NaN,NaN,-34.588367,17.487849
932.079,3.324596230726865,34.522312923687075,31.97057005417999,183.5694891181556,2026-06-25 03:51:42.843576,NaN,NaN,NaN,-34.588367,17.487849
932.292,3.3248207702898287,34.5224297135046,31.970768988018936,183.56704453568983,2026-06-25 03:51:42.893563,NaN,NaN,NaN,-34.588367,17.487849
932.569,3.3241691103318667,34.52254530339438,31.970157828088553,183.32155156720367,2026-06-25 03:51:42.743602,NaN,NaN,NaN,-34.588367,17.487849
932.762,3.3243779601888503,34.522659695121455,31.970361967158617,183.31902274492103,2026-06-25 03:51:42.793589,NaN,NaN,NaN,-34.588367,17.487849
933.018,3.323970243270759,34.52277289166844,31.96997336169693,183.57629799152693,2026-06-25 03:51:42.693615,NaN,NaN,NaN,-34.588367,17.487849
933.146,3.323776402749388,34.52288489722508,31.96982260771434,183.3185376950419,2026-06-25 03:51:42.643628,NaN,NaN,NaN,-34.588367,17.487849
933.42,3.3235778813956833,34.52299571717746,31.969713423045093,183.33349905051966,2026-06-25 03:51:42.593642,NaN,NaN,NaN,-34.588367,17.487849
933.5300000000001,3.3231238053838914,34.52321344026702,31.96962102819938,183.33366892065004,2026-06-25 03:51:42.493668,NaN,NaN,NaN,-34.588367,17.487849
934.028,3.322604693473897,34.52342728989918,31.969606556987213,183.33923138793796,2026-06-25 03:51:42.393694,NaN,NaN,NaN,-34.588367,17.487849
934.2075,3.3221278992904617,34.523584246172405,31.969597153999885,183.34562568638202,2026-06-25 03:51:42.318713,NaN,NaN,NaN,-34.588367,17.487849
934.377,3.321546941760445,34.523738958233544,31.9695377719484,183.35541192756799,2026-06-25 03:51:42.243733,NaN,NaN,NaN,-34.588367,17.487849
934.682,3.3210759432028465,34.52384062693712,31.969444729877036,183.36586127731647,2026-06-25 03:51:42.193746,NaN,NaN,NaN,-34.588367,17.487849
934.984,3.3199481304297467,34.52394121036949,31.969123834021936,183.3702401087298,2026-06-25 03:51:42.093772,NaN,NaN,NaN,-34.588367,17.487849
935.107,3.3205417660607126,34.52404072519748,31.96930601930341,183.36243320678543,2026-06-25 03:51:42.143759,NaN,NaN,NaN,-34.588367,17.487849
935.564,3.3185591529484224,34.524236283478004,31.96861932597834,183.39079539465405,2026-06-25 03:51:41.993798,NaN,NaN,NaN,-34.588367,17.487849
935.9670000000001,3.3164923463567213,34.52447569712807,31.967735973796728,183.40354214888063,2026-06-25 03:51:41.868830,NaN,NaN,NaN,-34.588367,17.487849
936.453,3.315039919874513,34.52461643682572,31.96703182540326,183.42732542632396,2026-06-25 03:51:41.793850,NaN,NaN,NaN,-34.588367,17.487849
936.5305,3.313473297296164,34.524754868072534,31.96621856987393,183.3096563643614,2026-06-25 03:51:41.718870,NaN,NaN,NaN,-34.588367,17.487849
937.0545,3.3114307950715767,34.524936510314845,31.965074260931694,183.202151984267,2026-06-25 03:51:41.618896,NaN,NaN,NaN,-34.588367,17.487849
937.3710000000001,3.3096371133889204,34.52511481838084,31.96393569923285,183.21253945388548,2026-06-25 03:51:41.518922,NaN,NaN,NaN,-34.588367,17.487849
937.597,3.30849823113602,34.525246587023325,31.963110404627148,183.21781414829707,2026-06-25 03:51:41.443941,NaN,NaN,NaN,-34.588367,17.487849
937.97,3.307843794262685,34.52533344417806,31.962584050552348,183.23264575755198,2026-06-25 03:51:41.393954,NaN,NaN,NaN,-34.588367,17.487849
938.1514999999999,3.30700041772522,34.52546233749896,31.961861195318594,183.23923706597333,2026-06-25 03:51:41.318974,NaN,NaN,NaN,-34.588367,17.487849
938.4236666666666,3.3059462357107114,34.52567395308692,31.960927142981763,183.24512240716544,2026-06-25 03:51:41.194006,NaN,NaN,NaN,-34.588367,17.487849
938.741,3.30538683375042,34.525840906563616,31.960420563601325,182.99915784710802,2026-06-25 03:51:41.094032,NaN,NaN,NaN,-34.588367,17.487849
939.1990000000001,3.305136225965854,34.52596456723203,31.960188990817002,183.25392091607327,2026-06-25 03:51:41.019052,NaN,NaN,NaN,-34.588367,17.487849
939.439,3.3049492160569143,34.526087311146355,31.960035154182684,183.00642374322715,2026-06-25 03:51:40.944072,NaN,NaN,NaN,-34.588367,17.487849
939.641,3.304782323012606,34.526209039875745,31.95995612407509,183.2647623745919,2026-06-25 03:51:40.869091,NaN,NaN,NaN,-34.588367,17.487849
940.098,3.304605265221266,34.526330062427235,31.959917259713134,183.26908431486993,2026-06-25 03:51:40.794111,NaN,NaN,NaN,-34.588367,17.487849
940.213,3.304478113357106,34.5264103328339,31.959908405631126,183.26448183010353,2026-06-25 03:51:40.744124,NaN,NaN,NaN,-34.588367,17.487849
940.467,3.3043414903604353,34.5264903396946,31.959908923899572,183.01690978546307,2026-06-25 03:51:40.694137,NaN,NaN,NaN,-34.588367,17.487849
940.59,3.3041899584243577,34.52657011912958,31.95992137848347,183.0244706164092,2026-06-25 03:51:40.644150,NaN,NaN,NaN,-34.588367,17.487849
940.818,3.304020375764085,34.52664970735482,31.959951073007304,183.27410881558342,2026-06-25 03:51:40.594163,NaN,NaN,NaN,-34.588367,17.487849
940.9905,3.3037444406381473,34.52676879793495,31.96003870948011,183.28108898861473,2026-06-25 03:51:40.519182,NaN,NaN,NaN,-34.588367,17.487849
941.453,3.3034798186789973,34.52688768737454,31.960168641889698,183.2933520996943,2026-06-25 03:51:40.444202,NaN,NaN,NaN,-34.588367,17.487849
941.648,3.3032712756989926,34.52704604862764,31.960400582526518,183.2956614161117,2026-06-25 03:51:40.344228,NaN,NaN,NaN,-34.588367,17.487849
941.816,3.303362373498789,34.527085692289994,31.960463658969424,183.03739551124653,2026-06-25 03:51:40.319234,NaN,NaN,NaN,-34.588367,17.487849
942.072,3.303281073826468,34.527125249517034,31.96052659393358,183.0457605051153,2026-06-25 03:51:40.294241,NaN,NaN,NaN,-34.588367,17.487849
942.3945,3.303679217945354,34.52732361423605,31.96080803872713,183.0328333816943,2026-06-25 03:51:40.169273,NaN,NaN,NaN,-34.588367,17.487849
942.677,3.3040443210153825,34.527443014052466,31.960937385279948,183.278966710494,2026-06-25 03:51:40.094293,NaN,NaN,NaN,-34.588367,17.487849
943.08,3.3042519249099453,34.52752286910297,31.961002979352255,183.28417512049688,2026-06-25 03:51:40.044306,NaN,NaN,NaN,-34.588367,17.487849
943.367,3.304382858189046,34.52764313543826,31.961075913555558,183.04158117370034,2026-06-25 03:51:39.969326,NaN,NaN,NaN,-34.588367,17.487849
943.543,3.304296211560633,34.527763967883786,31.961137111377017,183.0492260289751,2026-06-25 03:51:39.894345,NaN,NaN,NaN,-34.588367,17.487849
943.776,3.304115443294875,34.527844954002134,31.961183418846566,183.04581678963456,2026-06-25 03:51:39.844358,NaN,NaN,NaN,-34.588367,17.487849
944.0035,3.303740958560934,34.527967174004175,31.961275178875034,183.1757641908307,2026-06-25 03:51:39.769378,NaN,NaN,NaN,-34.588367,17.487849
944.271,3.3031706982385503,34.52813152000006,31.961420504623817,183.18926635499443,2026-06-25 03:51:39.669404,NaN,NaN,NaN,-34.588367,17.487849
944.85,3.302509557639381,34.52836794986012,31.96162734815563,183.0670012535442,2026-06-25 03:51:39.527774,NaN,NaN,NaN,-34.588367,17.487849
944.962,3.3023589385140935,34.52842367991857,31.961674482117264,183.0685084067698,2026-06-25 03:51:39.494449,NaN,NaN,NaN,-34.588367,17.487849
945.357,3.3021661667403683,34.52859367527698,31.961830813071913,183.06933976360094,2026-06-25 03:51:39.394475,NaN,NaN,NaN,-34.588367,17.487849
945.593,3.3021290520956383,34.5286795761237,31.96190924969682,183.07728887131495,2026-06-25 03:51:39.344488,NaN,NaN,NaN,-34.588367,17.487849
945.781,3.302119664412527,34.52876611004704,31.961988704499362,183.0757370167765,2026-06-25 03:51:39.294501,NaN,NaN,NaN,-34.588367,17.487849
945.949,3.3021337021604706,34.52885329901522,31.962075377923195,183.07691504698488,2026-06-25 03:51:39.244515,NaN,NaN,NaN,-34.588367,17.487849
946.273,3.302286469140383,34.52902972476192,31.962463858863202,183.07561515281353,2026-06-25 03:51:39.094554,NaN,NaN,NaN,-34.588367,17.487849
946.428,3.3022611673409963,34.52907508598277,31.962417572227785,183.0739210671302,2026-06-25 03:51:39.119547,NaN,NaN,NaN,-34.588367,17.487849
946.56,3.302222561092645,34.529119000210976,31.962305331340584,183.08409045154528,2026-06-25 03:51:39.144541,NaN,NaN,NaN,-34.588367,17.487849
947.057,3.30248281298856,34.52942257583725,31.96340119252512,183.0865356649344,2026-06-25 03:51:38.894606,NaN,NaN,NaN,-34.588367,17.487849
947.1640000000001,3.3024555945354663,34.52948358551078,31.96322825914494,183.08552366402802,2026-06-25 03:51:38.927930,NaN,NaN,NaN,-34.588367,17.487849
947.716,3.3025245705984245,34.52976528192513,31.964149725822683,183.08821867322706,2026-06-25 03:51:38.744645,NaN,NaN,NaN,-34.588367,17.487849
947.9739999999999,3.3025255378799994,34.52976569395044,31.96414010138961,183.08579159675122,2026-06-25 03:51:38.744645,NaN,NaN,NaN,-34.588367,17.487849
948.232,3.3025612698886238,34.5299571818448,31.964560817904818,183.0889634954613,2026-06-25 03:51:38.644671,NaN,NaN,NaN,-34.588367,17.487849
948.441,3.302582806175659,34.530054387587235,31.964745639858357,183.0934216359478,2026-06-25 03:51:38.594684,NaN,NaN,NaN,-34.588367,17.487849
948.6495,3.3026371089000457,34.53020188961692,31.964999217898345,183.0976658527103,2026-06-25 03:51:38.519703,NaN,NaN,NaN,-34.588367,17.487849
948.842,3.3027795169497507,34.530401401405435,31.965280167192002,183.09232972357648,2026-06-25 03:51:38.419730,NaN,NaN,NaN,-34.588367,17.487849
949.25,3.303029319254849,34.53065550151488,31.965491955387627,183.0881745424391,2026-06-25 03:51:38.294762,NaN,NaN,NaN,-34.588367,17.487849
949.4200000000001,3.3030093631485973,34.53065592943727,31.965480055703132,183.0911279991572,2026-06-25 03:51:38.294762,NaN,NaN,NaN,-34.588367,17.487849
949.518,3.303076805830163,34.530862718108715,31.96555399351353,183.09884667043664,2026-06-25 03:51:38.194788,NaN,NaN,NaN,-34.588367,17.487849
949.9610000000001,3.3028248598872945,34.53107361214174,31.965601371295737,182.84871568146352,2026-06-25 03:51:38.094814,NaN,NaN,NaN,-34.588367,17.487849
950.6185,3.3022206506302383,34.53134141373787,31.965689570127825,182.85801343694723,2026-06-25 03:51:37.969847,NaN,NaN,NaN,-34.588367,17.487849
950.898,3.3017094782522545,34.53150456443367,31.965742875781896,182.8653403018003,2026-06-25 03:51:37.894866,NaN,NaN,NaN,-34.588367,17.487849
951.038,3.3013033379167345,34.53161440702793,31.96576528104036,182.8681497080289,2026-06-25 03:51:37.844879,NaN,NaN,NaN,-34.588367,17.487849
951.193,3.3003739938117724,34.531725042185286,31.965747377881733,182.8824075494457,2026-06-25 03:51:37.744905,NaN,NaN,NaN,-34.588367,17.487849
951.318,3.3008548661261634,34.531836457431304,31.965769184544975,182.87213274199104,2026-06-25 03:51:37.794892,NaN,NaN,NaN,-34.588367,17.487849
951.8315,3.29937926029109,34.53206157326069,31.96559115698723,182.89457125402242,2026-06-25 03:51:37.644931,NaN,NaN,NaN,-34.588367,17.487849
951.945,3.2993707871113522,34.53206194161062,31.96560777838692,182.89551966662057,2026-06-25 03:51:37.644931,NaN,NaN,NaN,-34.588367,17.487849
952.271,3.2984302981260307,34.53228963495728,31.965338688377916,182.89908037223736,2026-06-25 03:51:37.544958,NaN,NaN,NaN,-34.588367,17.487849
952.459,3.2980099303789663,34.532404729042334,31.965165875274426,182.9023328955483,2026-06-25 03:51:37.494971,NaN,NaN,NaN,-34.588367,17.487849
952.642,3.297613819451046,34.5325205080543,31.964972298124355,182.90244162938038,2026-06-25 03:51:37.444984,NaN,NaN,NaN,-34.588367,17.487849
952.8824999999999,3.2970167352189876,34.53269549855594,31.96463482793999,182.91282242586635,2026-06-25 03:51:37.370003,NaN,NaN,NaN,-34.588367,17.487849
953.0263333333334,3.295893876135111,34.5329902757342,31.963940791288582,182.8774446118376,2026-06-25 03:51:37.245036,NaN,NaN,NaN,-34.588367,17.487849
953.698,3.294919413180742,34.533228447353906,31.96332419951232,182.69038304963578,2026-06-25 03:51:37.145062,NaN,NaN,NaN,-34.588367,17.487849
953.9395,3.2942476551345385,34.5334087014878,31.962911931977473,182.69361168387212,2026-06-25 03:51:37.070081,NaN,NaN,NaN,-34.588367,17.487849
954.246,3.2936953860719465,34.5335899553829,31.96258886279704,182.69383358853048,2026-06-25 03:51:36.995101,NaN,NaN,NaN,-34.588367,17.487849
954.3676666666667,3.2932346253029685,34.53383345132483,31.96236066390007,182.69832589938417,2026-06-25 03:51:36.895127,NaN,NaN,NaN,-34.588367,17.487849
954.692,3.2929541736764336,34.53407831661972,31.962268036928652,182.70610639358034,2026-06-25 03:51:36.795153,NaN,NaN,NaN,-34.588367,17.487849
954.9490000000001,3.2928672166030593,34.534263058403,31.96225711496427,182.70533560631043,2026-06-25 03:51:36.720173,NaN,NaN,NaN,-34.588367,17.487849
955.284,3.292842436533318,34.53444843367855,31.962241733530053,182.70790127670915,2026-06-25 03:51:36.645192,NaN,NaN,NaN,-34.588367,17.487849
955.8254999999999,3.292842557336373,34.53469671022659,31.96219727578249,182.71043677934193,2026-06-25 03:51:36.545218,NaN,NaN,NaN,-34.588367,17.487849
955.9745,3.2928219025562004,34.53482112245072,31.96218535162037,182.71455992862485,2026-06-25 03:51:36.495231,NaN,NaN,NaN,-34.588367,17.487849
956.396,3.2926220158124413,34.53513288127168,31.962237752160615,182.71844697048985,2026-06-25 03:51:36.370264,NaN,NaN,NaN,-34.588367,17.487849
956.543,3.291980961133739,34.53532035829625,31.962413612804763,182.72376290114687,2026-06-25 03:51:36.245296,NaN,NaN,NaN,-34.588367,17.487849
956.708,3.2923045461059344,34.535445455708874,31.962340754347117,182.7234783206134,2026-06-25 03:51:36.295283,NaN,NaN,NaN,-34.588367,17.487849
957.02,3.2910933145276853,34.53557060230021,31.96248925894406,182.73424817665614,2026-06-25 03:51:36.145322,NaN,NaN,NaN,-34.588367,17.487849
957.229,3.2915748767564645,34.53569576991777,31.962467992172993,182.7306161826333,2026-06-25 03:51:36.195309,NaN,NaN,NaN,-34.588367,17.487849
957.578,3.290255169529507,34.535883493545526,31.962433236387252,182.75555416107173,2026-06-25 03:51:36.070342,NaN,NaN,NaN,-34.588367,17.487849
957.9565,3.2885295531661303,34.53625845861204,31.962032427910696,182.5131628535025,2026-06-25 03:51:35.920381,NaN,NaN,NaN,-34.588367,17.487849
958.555,3.2867656062935753,34.53669445559482,31.961383265262747,182.78551535936728,2026-06-25 03:51:35.745427,NaN,NaN,NaN,-34.588367,17.487849
958.746,3.2867609378371894,34.53669456538278,31.961373886029172,182.7795871581633,2026-06-25 03:51:35.745427,NaN,NaN,NaN,-34.588367,17.487849
959.077,3.28575696154795,34.53694258556011,31.960924004406483,182.78194916212072,2026-06-25 03:51:35.645453,NaN,NaN,NaN,-34.588367,17.487849
959.244,3.2851777788648104,34.53706620548872,31.960624227546244,182.53621243720593,2026-06-25 03:51:35.595466,NaN,NaN,NaN,-34.588367,17.487849
959.4205,3.283688370799343,34.53731238021528,31.959846067743797,182.55744332014433,2026-06-25 03:51:35.495492,NaN,NaN,NaN,-34.588367,17.487849
959.559,3.283733414630172,34.537312548297486,31.959864174481105,182.5658218355578,2026-06-25 03:51:35.495492,NaN,NaN,NaN,-34.588367,17.487849
959.747,3.2810624647013116,34.53755754716654,31.958493711258864,182.58497386006053,2026-06-25 03:51:35.345531,NaN,NaN,NaN,-34.588367,17.487849
959.991,3.2819582123300703,34.53767948986107,31.95896144262172,182.58276066676447,2026-06-25 03:51:35.395518,NaN,NaN,NaN,-34.588367,17.487849
960.167,3.2795231165002257,34.53792194550084,31.957603228363407,182.60076444431644,2026-06-25 03:51:35.245557,NaN,NaN,NaN,-34.588367,17.487849
960.5754999999999,3.279588025387278,34.53792216294252,31.95762435074966,182.59926102774824,2026-06-25 03:51:35.245557,NaN,NaN,NaN,-34.588367,17.487849
960.851,3.278155006377677,34.53816309734396,31.956607260225987,182.60310886338536,2026-06-25 03:51:35.095596,NaN,NaN,NaN,-34.588367,17.487849
961.061,3.278486451920216,34.538282869887105,31.956878590515526,182.35386794095245,2026-06-25 03:51:35.145583,NaN,NaN,NaN,-34.588367,17.487849
961.246,3.277915826434928,34.53840215834288,31.956400738067508,182.3547690522579,2026-06-25 03:51:35.045609,NaN,NaN,NaN,-34.588367,17.487849
961.483,3.2777305951454383,34.538520948111014,31.956252164079604,182.61261825518017,2026-06-25 03:51:34.995622,NaN,NaN,NaN,-34.588367,17.487849
961.613,3.2773767798633684,34.53863922551977,31.95606443732052,182.36280925704853,2026-06-25 03:51:34.895648,NaN,NaN,NaN,-34.588367,17.487849
961.71,3.2775609422909993,34.538756977839824,31.95614659109324,182.36559974320878,2026-06-25 03:51:34.945635,NaN,NaN,NaN,-34.588367,17.487849
961.926,3.2771581582335916,34.538874193296046,31.955986414421115,182.3689855431092,2026-06-25 03:51:34.845661,NaN,NaN,NaN,-34.588367,17.487849
962.212,3.2765421778480164,34.53910668815669,31.955774966765706,182.37523570262667,2026-06-25 03:51:34.745687,NaN,NaN,NaN,-34.588367,17.487849
962.518,3.2765709264863467,34.539106971344566,31.95578636867946,182.38203330914322,2026-06-25 03:51:34.745687,NaN,NaN,NaN,-34.588367,17.487849
962.7639999999999,3.275519855937197,34.5393946791129,31.955424683886832,182.38685784864902,2026-06-25 03:51:34.620720,NaN,NaN,NaN,-34.588367,17.487849
963.076,3.2747629692377327,34.53956567477001,31.955191511800706,182.39701039722783,2026-06-25 03:51:34.545739,NaN,NaN,NaN,-34.588367,17.487849
963.166,3.274221982856716,34.53967888418566,31.955044857708952,182.400012760087,2026-06-25 03:51:34.495752,NaN,NaN,NaN,-34.588367,17.487849
963.513,3.2736793038233856,34.5397914976445,31.95491326686298,182.41403896976567,2026-06-25 03:51:34.445765,NaN,NaN,NaN,-34.588367,17.487849
963.864,3.2727619568157804,34.54001462468928,31.95475303088908,182.42067920099205,2026-06-25 03:51:34.345791,NaN,NaN,NaN,-34.588367,17.487849
963.972,3.272713598784251,34.540014925708775,31.954733385511265,182.42474623924582,2026-06-25 03:51:34.345791,NaN,NaN,NaN,-34.588367,17.487849
964.392,3.2720669580328225,34.54029075053906,31.95472302488985,182.42468706751777,2026-06-25 03:51:34.220824,NaN,NaN,NaN,-34.588367,17.487849
964.585,3.2720565659521954,34.54050876842619,31.954849875336723,182.4260066591464,2026-06-25 03:51:34.120850,NaN,NaN,NaN,-34.588367,17.487849
964.7995000000001,3.272381664185578,34.5407244058443,31.955056220981092,182.42151822879038,2026-06-25 03:51:34.020876,NaN,NaN,NaN,-34.588367,17.487849
965.167,3.272743147758962,34.54088466427331,31.95523310792693,182.42114646128505,2026-06-25 03:51:33.945896,NaN,NaN,NaN,-34.588367,17.487849
965.475,3.2729990495057057,34.54099073038172,31.955354507542037,182.42830574385994,2026-06-25 03:51:33.895909,NaN,NaN,NaN,-34.588367,17.487849
965.582,3.273441858244924,34.54120115593435,31.955626225803698,182.41795642726615,2026-06-25 03:51:33.795935,NaN,NaN,NaN,-34.588367,17.487849
965.842,3.2734618659836334,34.54125279235156,31.955721656066316,182.41838943584463,2026-06-25 03:51:33.770941,NaN,NaN,NaN,-34.588367,17.487849
966.08,3.273696552211109,34.54130553112304,31.956129428250794,182.4236564508329,2026-06-25 03:51:33.645974,NaN,NaN,NaN,-34.588367,17.487849
966.26,3.2735966618011023,34.541512650985375,31.955787398181638,182.42229975974493,2026-06-25 03:51:33.745948,NaN,NaN,NaN,-34.588367,17.487849
966.466,3.273625069498613,34.541615415519225,31.956275355568813,182.43563985484602,2026-06-25 03:51:33.595987,NaN,NaN,NaN,-34.588367,17.487849
966.587,3.273485842300868,34.54171766406606,31.956381202836102,182.43710452882704,2026-06-25 03:51:33.546000,NaN,NaN,NaN,-34.588367,17.487849
966.766,3.273309766869535,34.541819408065365,31.95643695584543,182.43621204687804,2026-06-25 03:51:33.496013,NaN,NaN,NaN,-34.588367,17.487849
966.9780000000001,3.2730538035648324,34.54197104519035,31.95642266078635,182.18829495507035,2026-06-25 03:51:33.421032,NaN,NaN,NaN,-34.588367,17.487849
967.256,3.272739984908415,34.54212173516982,31.956269691325012,182.43334843031326,2026-06-25 03:51:33.296065,NaN,NaN,NaN,-34.588367,17.487849
967.379,3.272848160272708,34.54222158580529,31.956339782985598,182.18763333437175,2026-06-25 03:51:33.346052,NaN,NaN,NaN,-34.588367,17.487849
967.6220000000001,3.272560304876783,34.54237048923388,31.956197392441894,182.1891863067874,2026-06-25 03:51:33.221085,NaN,NaN,NaN,-34.588367,17.487849
967.864,3.272051473728967,34.542518556029904,31.95620962147639,182.20067010898728,2026-06-25 03:51:33.096117,NaN,NaN,NaN,-34.588367,17.487849
967.943,3.272300955718519,34.542616734056594,31.9561832876754,182.19409697508993,2026-06-25 03:51:33.146104,NaN,NaN,NaN,-34.588367,17.487849
968.2555,3.271579564990489,34.54276324678067,31.956262576131884,182.21008073520193,2026-06-25 03:51:33.021137,NaN,NaN,NaN,-34.588367,17.487849
968.684,3.271067114532934,34.54290904388746,31.956291414198063,182.2141249136097,2026-06-25 03:51:32.946156,NaN,NaN,NaN,-34.588367,17.487849
968.857,3.27045932843347,34.543005791065205,31.95624047954013,182.22109031868692,2026-06-25 03:51:32.846182,NaN,NaN,NaN,-34.588367,17.487849
969.09,3.270743947185115,34.5431022199422,31.956279433043786,182.2185751948563,2026-06-25 03:51:32.896169,NaN,NaN,NaN,-34.588367,17.487849
969.4159999999999,3.27004562551356,34.54329405200619,31.95609157924698,182.22406682665533,2026-06-25 03:51:32.746208,NaN,NaN,NaN,-34.588367,17.487849
969.703,3.269743115584203,34.54329418700629,31.95593526357312,182.22473022423424,2026-06-25 03:51:32.646234,NaN,NaN,NaN,-34.588367,17.487849
969.766,3.2700263888136787,34.54348507408264,31.956093708607106,182.22671231757835,2026-06-25 03:51:32.746208,NaN,NaN,NaN,-34.588367,17.487849
970.2695,3.269526955045327,34.54367490760686,31.9559351679317,182.2357186073034,2026-06-25 03:51:32.546260,NaN,NaN,NaN,-34.588367,17.487849
970.4235,3.269424291776506,34.543769567366326,31.955996365292258,182.23878295485036,2026-06-25 03:51:32.496274,NaN,NaN,NaN,-34.588367,17.487849
970.578,3.2692259837756112,34.543958412630644,31.95622985973233,182.23619481135,2026-06-25 03:51:32.396300,NaN,NaN,NaN,-34.588367,17.487849
970.876,3.269012714860993,34.544052542647485,31.95653206925805,181.99654857952115,2026-06-25 03:51:32.296326,NaN,NaN,NaN,-34.588367,17.487849
970.93,3.2691260106656164,34.54414652980779,31.956388154785213,182.2422050937191,2026-06-25 03:51:32.346313,NaN,NaN,NaN,-34.588367,17.487849
971.273,3.268710553000125,34.544334136061586,31.956671891909576,182.2406046984713,2026-06-25 03:51:32.196352,NaN,NaN,NaN,-34.588367,17.487849
971.366,3.2685651607684294,34.544380869524744,31.956578785880474,182.250892239949,2026-06-25 03:51:32.171358,NaN,NaN,NaN,-34.588367,17.487849
971.799,3.2682266408852607,34.54452131491729,31.956497717552246,182.13126741313957,2026-06-25 03:51:32.096378,NaN,NaN,NaN,-34.588367,17.487849
972.3420000000001,3.2674005758736024,34.544754982774336,31.956094618298152,182.01458233778993,2026-06-25 03:51:31.971410,NaN,NaN,NaN,-34.588367,17.487849
972.584,3.2662788719863713,34.54501951308578,31.95576946982062,182.02462043387982,2026-06-25 03:51:31.829781,NaN,NaN,NaN,-34.588367,17.487849
972.8005,3.2656373992470966,34.545175102174284,31.955679423250537,182.03007301799508,2026-06-25 03:51:31.746469,NaN,NaN,NaN,-34.588367,17.487849
973.013,3.2649470578005686,34.54536185881283,31.955659497211798,182.03909448591327,2026-06-25 03:51:31.646495,NaN,NaN,NaN,-34.588367,17.487849
973.331,3.264658281501796,34.545455293995815,31.955689455987887,182.04578851954167,2026-06-25 03:51:31.596508,NaN,NaN,NaN,-34.588367,17.487849
973.767,3.264226093290094,34.545642350002,31.955816487360664,182.04649764703757,2026-06-25 03:51:31.496534,NaN,NaN,NaN,-34.588367,17.487849
973.971,3.264075899826831,34.545735959572156,31.95588773304287,182.05166202805296,2026-06-25 03:51:31.446547,NaN,NaN,NaN,-34.588367,17.487849
974.25,3.263916490179319,34.54592336160338,31.956021017086332,182.05884053549175,2026-06-25 03:51:31.346573,NaN,NaN,NaN,-34.588367,17.487849
974.437,3.2640109692443864,34.54601720874271,31.956084940152852,182.05085140195885,2026-06-25 03:51:31.246599,NaN,NaN,NaN,-34.588367,17.487849
974.512,3.263934788267674,34.546111149395955,31.95606250348926,182.06061687565935,2026-06-25 03:51:31.296586,NaN,NaN,NaN,-34.588367,17.487849
974.834,3.2641430472721997,34.546205189026885,31.95608732746219,182.05021531420806,2026-06-25 03:51:31.196612,NaN,NaN,NaN,-34.588367,17.487849
975.007,3.264501563182366,34.54639358386602,31.956037981810336,182.0557209235211,2026-06-25 03:51:31.096638,NaN,NaN,NaN,-34.588367,17.487849
975.155,3.264494735422766,34.54639363961083,31.956033026438043,182.05246136794057,2026-06-25 03:51:31.096638,NaN,NaN,NaN,-34.588367,17.487849
975.6065,3.26484702312777,34.546629720871266,31.955927123856668,181.8011423931801,2026-06-25 03:51:30.971671,NaN,NaN,NaN,-34.588367,17.487849
976.0155,3.2648345967526993,34.54681914479548,31.955859158193803,181.80719974966922,2026-06-25 03:51:30.871697,NaN,NaN,NaN,-34.588367,17.487849
976.412,3.26461269919985,34.54696150962399,31.95585316897977,181.8111743943025,2026-06-25 03:51:30.796717,NaN,NaN,NaN,-34.588367,17.487849
976.646,3.264070907360814,34.547151762636204,31.95595295828814,181.82117725740372,2026-06-25 03:51:30.696743,NaN,NaN,NaN,-34.588367,17.487849
976.7653333333333,3.2638477599950537,34.54721537210425,31.956031302782318,181.8236568338911,2026-06-25 03:51:30.663418,NaN,NaN,NaN,-34.588367,17.487849
977.275,3.262712890839978,34.547485811772276,31.956591446421793,181.83184164671925,2026-06-25 03:51:30.446808,NaN,NaN,NaN,-34.588367,17.487849
977.4335,3.2630132410519233,34.54762935371577,31.956363644747185,181.83605179742557,2026-06-25 03:51:30.521788,NaN,NaN,NaN,-34.588367,17.487849
977.685,3.2625997866159797,34.547725177266344,31.9567546795297,181.58403713109124,2026-06-25 03:51:30.396821,NaN,NaN,NaN,-34.588367,17.487849
977.872,3.26254162335628,34.547821090213354,31.95692322140251,181.83694961991606,2026-06-25 03:51:30.346834,NaN,NaN,NaN,-34.588367,17.487849
977.97,3.2625222374256087,34.54791708594319,31.957274674405433,181.58938747094143,2026-06-25 03:51:30.246860,NaN,NaN,NaN,-34.588367,17.487849
978.169,3.2625212685008043,34.54801315720583,31.957096495823343,181.83916982018752,2026-06-25 03:51:30.296847,NaN,NaN,NaN,-34.588367,17.487849
978.48,3.2625399107772264,34.548205494215345,31.95764647063731,181.59152451839756,2026-06-25 03:51:30.146886,NaN,NaN,NaN,-34.588367,17.487849
978.536,3.2625426402338413,34.54820551925567,31.957644693689595,181.59047132695775,2026-06-25 03:51:30.146886,NaN,NaN,NaN,-34.588367,17.487849
979.023,3.262542062520132,34.5483980309611,31.95802808466608,181.60005931866456,2026-06-25 03:51:30.046912,NaN,NaN,NaN,-34.588367,17.487849
979.256,3.2625219474381595,34.54849434969604,31.958221038029716,181.59296374882112,2026-06-25 03:51:29.996925,NaN,NaN,NaN,-34.588367,17.487849
979.349,3.262483853130883,34.54859068778691,31.958414066513004,181.59375465661753,2026-06-25 03:51:29.946938,NaN,NaN,NaN,-34.588367,17.487849
979.696,3.262325038899456,34.54878336802125,31.95880419082277,181.6029338417154,2026-06-25 03:51:29.846964,NaN,NaN,NaN,-34.588367,17.487849
979.8305,3.262307599412034,34.54878337613682,31.95880220134827,181.60259543794828,2026-06-25 03:51:29.846964,NaN,NaN,NaN,-34.588367,17.487849
979.906,3.2620380640609103,34.548975999072496,31.95917410604186,181.6086208282855,2026-06-25 03:51:29.746990,NaN,NaN,NaN,-34.588367,17.487849
980.302,3.261874479333692,34.54907225355985,31.959329603548692,181.61238370791642,2026-06-25 03:51:29.697003,NaN,NaN,NaN,-34.588367,17.487849
980.4125,3.2616650774684715,34.54921651573366,31.959508758607285,181.61401884647566,2026-06-25 03:51:29.622023,NaN,NaN,NaN,-34.588367,17.487849
980.884,3.2615174894247,34.54936062237265,31.959719060462106,181.62122614648516,2026-06-25 03:51:29.497055,NaN,NaN,NaN,-34.588367,17.487849
981.051,3.2615349784775347,34.54945656497788,31.959643306828234,181.61938474652402,2026-06-25 03:51:29.547042,NaN,NaN,NaN,-34.588367,17.487849
981.272,3.2616381209095744,34.54964801408732,31.959890044616373,181.60855134864366,2026-06-25 03:51:29.397081,NaN,NaN,NaN,-34.588367,17.487849
981.365,3.261656711920245,34.54964808779813,31.95989783006904,181.6181302021904,2026-06-25 03:51:29.397081,NaN,NaN,NaN,-34.588367,17.487849
981.61,3.2619002525328322,34.54983902061381,31.96012119861362,181.61875760993564,2026-06-25 03:51:29.297107,NaN,NaN,NaN,-34.588367,17.487849
982.013,3.2620416182009797,34.54993422452075,31.960263463905754,181.62121712794462,2026-06-25 03:51:29.247120,NaN,NaN,NaN,-34.588367,17.487849
982.4196666666667,3.2623130262661135,34.55012394488599,31.960602479884372,181.62380173176288,2026-06-25 03:51:29.147147,NaN,NaN,NaN,-34.588367,17.487849
982.9693333333333,3.262727207373994,34.55040683633697,31.96118551214377,181.62145684833223,2026-06-25 03:51:28.997186,NaN,NaN,NaN,-34.588367,17.487849
983.405,3.262940432277295,34.550594137530034,31.961604754894026,181.62152295077573,2026-06-25 03:51:28.897212,NaN,NaN,NaN,-34.588367,17.487849
983.8070000000001,3.2629354480176924,34.55077993267577,31.962027231576695,181.62867872759435,2026-06-25 03:51:28.797238,NaN,NaN,NaN,-34.588367,17.487849
984.077,3.2627843433550803,34.5509645286467,31.962439035268467,181.6390064557917,2026-06-25 03:51:28.697264,NaN,NaN,NaN,-34.588367,17.487849
984.278,3.262685833770098,34.551056180414456,31.96263803424758,181.63795819241568,2026-06-25 03:51:28.647277,NaN,NaN,NaN,-34.588367,17.487849
984.453,3.2626108356403867,34.551147416386826,31.962835211773445,181.630650221416,2026-06-25 03:51:28.597290,NaN,NaN,NaN,-34.588367,17.487849
984.611,3.2625628874360704,34.55123821783609,31.963242549955098,181.63498354254622,2026-06-25 03:51:28.497316,NaN,NaN,NaN,-34.588367,17.487849
984.748,3.2625711620947513,34.55132856605015,31.963456467711026,181.64187385198568,2026-06-25 03:51:28.447329,NaN,NaN,NaN,-34.588367,17.487849
984.982,3.262571476337267,34.5514184423539,31.963035397588218,181.63470103836596,2026-06-25 03:51:28.547303,NaN,NaN,NaN,-34.588367,17.487849
985.219,3.262606948822734,34.55159652900806,31.963880649712294,181.63918301294927,2026-06-25 03:51:28.347355,NaN,NaN,NaN,-34.588367,17.487849
985.5954999999999,3.262666333133292,34.55181647714312,31.964349661754934,181.51761458903505,2026-06-25 03:51:28.222388,NaN,NaN,NaN,-34.588367,17.487849
986.0360000000001,3.26271600305481,34.55194675423931,31.964701039150015,181.51627404863493,2026-06-25 03:51:28.072427,NaN,NaN,NaN,-34.588367,17.487849
986.221,3.262696211202194,34.55207553185812,31.96456315783022,181.65211654849142,2026-06-25 03:51:28.147407,NaN,NaN,NaN,-34.588367,17.487849
986.384,3.2626854080090406,34.55228687593831,31.964806527516068,181.52173162651397,2026-06-25 03:51:27.947459,NaN,NaN,NaN,-34.588367,17.487849
986.573,3.262701043970944,34.55228721039463,31.96481240580666,181.64868589815757,2026-06-25 03:51:27.947459,NaN,NaN,NaN,-34.588367,17.487849
986.948,3.262511917599962,34.55249454198715,31.964842289458744,181.40418239180835,2026-06-25 03:51:27.822492,NaN,NaN,NaN,-34.588367,17.487849
987.269,3.262234361430227,34.552616969593466,31.964871083595316,181.41079003233895,2026-06-25 03:51:27.697524,NaN,NaN,NaN,-34.588367,17.487849
987.52,3.262343070252961,34.55269761524204,31.96485441669126,181.40923059798845,2026-06-25 03:51:27.747511,NaN,NaN,NaN,-34.588367,17.487849
987.804,3.2621482489388525,34.55277751211877,31.964900492291804,181.41819892980465,2026-06-25 03:51:27.647537,NaN,NaN,NaN,-34.588367,17.487849
988.036,3.2621253719596,34.55285664530861,31.965081555944387,181.41113518009217,2026-06-25 03:51:27.497576,NaN,NaN,NaN,-34.588367,17.487849
988.188,3.2620912792124446,34.55293500029236,31.965005104052565,181.41239847303325,2026-06-25 03:51:27.547563,NaN,NaN,NaN,-34.588367,17.487849
988.353,3.26209795898444,34.55301256296507,31.964944932015662,181.4195258575366,2026-06-25 03:51:27.597550,NaN,NaN,NaN,-34.588367,17.487849
988.6215,3.2622144879719226,34.55312728839635,31.96522937784301,181.53910527942583,2026-06-25 03:51:27.422596,NaN,NaN,NaN,-34.588367,17.487849
988.813,3.2622871201192396,34.55324036266399,31.965539770883524,181.4190871790524,2026-06-25 03:51:27.297629,NaN,NaN,NaN,-34.588367,17.487849
988.984,3.262283961833477,34.553314623964546,31.965407283980657,181.41442730426743,2026-06-25 03:51:27.347616,NaN,NaN,NaN,-34.588367,17.487849
989.183,3.2621791792366888,34.55338802927749,31.96581149406475,181.42529765986583,2026-06-25 03:51:27.197655,NaN,NaN,NaN,-34.588367,17.487849
989.327,3.2622494156771964,34.55346056736201,31.965675892652595,181.4260396862905,2026-06-25 03:51:27.247642,NaN,NaN,NaN,-34.588367,17.487849
989.63,3.2620949606850185,34.55353222751632,31.965945051617155,181.42904806377675,2026-06-25 03:51:27.147668,NaN,NaN,NaN,-34.588367,17.487849
989.8465,3.2619599758985296,34.55370644710587,31.966271926168346,181.42966969972952,2026-06-25 03:51:27.022700,NaN,NaN,NaN,-34.588367,17.487849
989.9555,3.2619397779207713,34.55370735792492,31.96627343325092,181.42913961305746,2026-06-25 03:51:27.022700,NaN,NaN,NaN,-34.588367,17.487849
990.109,3.2618904595287628,34.55387702464762,31.966587919741244,181.4273988384046,2026-06-25 03:51:26.897733,NaN,NaN,NaN,-34.588367,17.487849
990.5823333333334,3.2618179435913874,34.5540081745678,31.966777766855397,181.43519494551128,2026-06-25 03:51:26.797759,NaN,NaN,NaN,-34.588367,17.487849
991.0045,3.2613073670928587,34.55425815853315,31.966930769732585,181.44110131416298,2026-06-25 03:51:26.597811,NaN,NaN,NaN,-34.588367,17.487849
991.215,3.2613363344347284,34.5542597554251,31.96693842446029,181.44970341473524,2026-06-25 03:51:26.597811,NaN,NaN,NaN,-34.588367,17.487849
991.686,3.260637830414149,34.55443871866904,31.96701444679754,181.45373658777748,2026-06-25 03:51:26.397863,NaN,NaN,NaN,-34.588367,17.487849
991.814,3.2607884333566157,34.554496342129234,31.966984442417935,181.45698306516533,2026-06-25 03:51:26.447850,NaN,NaN,NaN,-34.588367,17.487849
992.1716666666666,3.2603928964664735,34.5546263077862,31.967096772069116,181.4554858896161,2026-06-25 03:51:26.281227,NaN,NaN,NaN,-34.588367,17.487849
992.3485000000001,3.260239374030747,34.55471674182523,31.967163426156123,181.45746412939917,2026-06-25 03:51:26.197915,NaN,NaN,NaN,-34.588367,17.487849
992.6605,3.2599400377349905,34.55484738204508,31.967293047492618,181.46557436374508,2026-06-25 03:51:26.072948,NaN,NaN,NaN,-34.588367,17.487849
992.899,3.2596952745276284,34.5549228328099,31.96738504979986,181.4729256432906,2026-06-25 03:51:25.997967,NaN,NaN,NaN,-34.588367,17.487849
993.026,3.259381791946514,34.55497188537819,31.967500950828946,181.47230034098703,2026-06-25 03:51:25.897993,NaN,NaN,NaN,-34.588367,17.487849
993.129,3.2595296086196033,34.55502001073998,31.967444582421496,181.47240079358434,2026-06-25 03:51:25.947980,NaN,NaN,NaN,-34.588367,17.487849
993.418,3.2591304077382595,34.55515861032066,31.967693240911558,181.4763064756497,2026-06-25 03:51:25.748033,NaN,NaN,NaN,-34.588367,17.487849
993.668,3.2591796277219585,34.55517850490152,31.967737911924225,181.47953600012406,2026-06-25 03:51:25.723039,NaN,NaN,NaN,-34.588367,17.487849
993.86,3.2591130180726737,34.555247035913105,31.967978296244702,181.4738452614686,2026-06-25 03:51:25.548085,NaN,NaN,NaN,-34.588367,17.487849
993.911,3.259087249602354,34.55533169503176,31.967846516074996,181.48317616171656,2026-06-25 03:51:25.648059,NaN,NaN,NaN,-34.588367,17.487849
994.219,3.2591190877480316,34.55539287210425,31.968042914260657,181.4779777963321,2026-06-25 03:51:25.473104,NaN,NaN,NaN,-34.588367,17.487849
994.4565,3.258928549863499,34.5554906421288,31.968117843195632,181.4865381771242,2026-06-25 03:51:25.348137,NaN,NaN,NaN,-34.588367,17.487849
994.629,3.258781922317785,34.55552849312687,31.96814796409349,181.36458285832433,2026-06-25 03:51:25.298150,NaN,NaN,NaN,-34.588367,17.487849
994.8703333333333,3.2582427088095476,34.555637652968876,31.96826073909693,181.49643558223522,2026-06-25 03:51:25.148189,NaN,NaN,NaN,-34.588367,17.487849
995.034,3.257956633925283,34.55570698726366,31.968345511434975,181.49370883778985,2026-06-25 03:51:25.048215,NaN,NaN,NaN,-34.588367,17.487849
995.13,3.257832217587832,34.55574052033008,31.968400671731803,181.4979573776085,2026-06-25 03:51:24.948241,NaN,NaN,NaN,-34.588367,17.487849
995.424,3.2578742886762435,34.55577340308599,31.968377999246286,181.50303889307943,2026-06-25 03:51:24.998228,NaN,NaN,NaN,-34.588367,17.487849
995.6129999999999,3.2578945120505716,34.55583710557983,31.968435934060505,181.4563936505462,2026-06-25 03:51:24.848267,NaN,NaN,NaN,-34.588367,17.487849
995.862,3.2582980716118093,34.555928803533206,31.96852679717851,181.24764385590603,2026-06-25 03:51:24.698306,NaN,NaN,NaN,-34.588367,17.487849
996.0096666666667,3.2585509115030136,34.55596690843203,31.96860388532188,181.44414394989428,2026-06-25 03:51:24.631657,NaN,NaN,NaN,-34.588367,17.487849
996.277,3.2587922342629367,34.55600139863295,31.968659234281244,181.49950202101013,2026-06-25 03:51:24.573339,NaN,NaN,NaN,-34.588367,17.487849
996.423,3.259172682111574,34.55608480938548,31.968822729824453,181.37046934542485,2026-06-25 03:51:24.423378,NaN,NaN,NaN,-34.588367,17.487849
996.848,3.2591598121352865,34.55613841732805,31.968872663120425,181.25137681350702,2026-06-25 03:51:24.323404,NaN,NaN,NaN,-34.588367,17.487849
996.914,3.2589581561375134,34.556190645549606,31.968861348463125,181.2542181881115,2026-06-25 03:51:24.223430,NaN,NaN,NaN,-34.588367,17.487849
997.2415,3.258714945482395,34.5562416816518,31.968786315718337,181.38921292112028,2026-06-25 03:51:24.123456,NaN,NaN,NaN,-34.588367,17.487849
997.329,3.2585920860010207,34.55627931529473,31.968713807051127,181.5084146143647,2026-06-25 03:51:24.048476,NaN,NaN,NaN,-34.588367,17.487849
997.578,3.258570105642578,34.556304107085595,31.9686769123668,181.50748941324863,2026-06-25 03:51:23.998489,NaN,NaN,NaN,-34.588367,17.487849
997.865,3.2587352442621955,34.55637727324448,31.968683087973186,181.25807836053463,2026-06-25 03:51:23.848528,NaN,NaN,NaN,-34.588367,17.487849
998.3832499999999,3.259032542033145,34.55649126146417,31.968938708012768,181.2685575806807,2026-06-25 03:51:23.611090,NaN,NaN,NaN,-34.588367,17.487849
998.612,3.2590842974617096,34.55652105420101,31.969049665802583,181.2652457905942,2026-06-25 03:51:23.548606,NaN,NaN,NaN,-34.588367,17.487849
998.7475,3.2591342222642234,34.55658056617776,31.969318318239793,181.2615732909111,2026-06-25 03:51:23.423638,NaN,NaN,NaN,-34.588367,17.487849
999.0,3.2591174501158866,34.556616349290486,31.969477616108648,181.26509264060323,2026-06-25 03:51:23.348658,NaN,NaN,NaN,-34.588367,17.487849
999.191,3.258895224182851,34.55668243970516,31.96984004455846,181.26898182873222,2026-06-25 03:51:23.211194,NaN,NaN,NaN,-34.588367,17.487849
999.5485,3.2586508669103713,34.55673691010473,31.970179847488268,181.27731311611032,2026-06-25 03:51:23.098723,NaN,NaN,NaN,-34.588367,17.487849
999.8190000000001,3.258464601050725,34.55681894192599,31.970649931569714,181.27971660478042,2026-06-25 03:51:22.932100,NaN,NaN,NaN,-34.588367,17.487849
999.976,3.258441002770147,34.55683541224295,31.970741191911387,181.27855157772538,2026-06-25 03:51:22.898775,NaN,NaN,NaN,-34.588367,17.487849
1000.232,3.2587041894563757,34.556898345804896,31.970922019855376,181.2808187762477,2026-06-25 03:51:22.773808,NaN,NaN,NaN,-34.588367,17.487849
1000.355,3.25895475972249,34.55693661485286,31.97097301390498,181.27914800752527,2026-06-25 03:51:22.698827,NaN,NaN,NaN,-34.588367,17.487849
1000.6745,3.259233453502702,34.556975365337834,31.970989024252322,181.275943056036,2026-06-25 03:51:22.623847,NaN,NaN,NaN,-34.588367,17.487849
1000.8085,3.2595474240733653,34.55702769917282,31.970988825430833,181.27554424305197,2026-06-25 03:51:22.523873,NaN,NaN,NaN,-34.588367,17.487849
1001.2015,3.259570131096906,34.55712159335461,31.97105859231966,181.2845591890375,2026-06-25 03:51:22.348919,NaN,NaN,NaN,-34.588367,17.487849
1001.3415,3.259477466473818,34.55716213096094,31.9710979970226,181.2843743058498,2026-06-25 03:51:22.273938,NaN,NaN,NaN,-34.588367,17.487849
1001.545,3.25917442053702,34.55723124265534,31.9713403873372,181.29022284223794,2026-06-25 03:51:22.148971,NaN,NaN,NaN,-34.588367,17.487849
1001.7776666666667,3.258952880031213,34.55729701997089,31.971730128553208,181.2892919561661,2026-06-25 03:51:22.032334,NaN,NaN,NaN,-34.588367,17.487849
1002.099,3.2587040437103174,34.55737333264164,31.972394729795557,181.28763425441008,2026-06-25 03:51:21.849049,NaN,NaN,NaN,-34.588367,17.487849
1002.2036666666667,3.258769452007383,34.55740201123434,31.97220462928014,181.29929205826014,2026-06-25 03:51:21.899036,NaN,NaN,NaN,-34.588367,17.487849
1002.412,3.2585897721923205,34.55747494839553,31.97270379364437,181.29940916929064,2026-06-25 03:51:21.724081,NaN,NaN,NaN,-34.588367,17.487849
1002.695,3.2584958746940234,34.557519096874735,31.972833518812358,181.29905086096255,2026-06-25 03:51:21.649101,NaN,NaN,NaN,-34.588367,17.487849
1002.8625,3.2583793429499983,34.557563541805536,31.97292951677053,181.3052983369133,2026-06-25 03:51:21.574120,NaN,NaN,NaN,-34.588367,17.487849
1003.021,3.2582648930236844,34.55760818978462,31.972996515242794,181.31146504614273,2026-06-25 03:51:21.499140,NaN,NaN,NaN,-34.588367,17.487849
1003.219,3.2581351181058484,34.55767805750858,31.973009119629996,181.31102859345316,2026-06-25 03:51:21.382504,NaN,NaN,NaN,-34.588367,17.487849
1003.398,3.2581064679685596,34.55769802939129,31.97301016760341,181.30614573254482,2026-06-25 03:51:21.349179,NaN,NaN,NaN,-34.588367,17.487849
1003.63025,3.257721301097287,34.5578258582639,31.972881403121264,181.31714410260938,2026-06-25 03:51:21.136735,NaN,NaN,NaN,-34.588367,17.487849
1003.8050000000001,3.2576314791522822,34.55784837224489,31.972842584544573,181.31576071582623,2026-06-25 03:51:21.099244,NaN,NaN,NaN,-34.588367,17.487849
1004.014,3.2572400213096855,34.557953357999814,31.97265136771297,181.31606474803547,2026-06-25 03:51:20.924290,NaN,NaN,NaN,-34.588367,17.487849
1004.264,3.2570841645142767,34.55802764499593,31.972460217723377,181.3231061081209,2026-06-25 03:51:20.799322,NaN,NaN,NaN,-34.588367,17.487849
1004.446,3.257086400012481,34.558027709362314,31.972467526641857,181.19922642101375,2026-06-25 03:51:20.799322,NaN,NaN,NaN,-34.588367,17.487849
1004.667,3.2569941346542035,34.55808661487941,31.972363062272525,181.32960369817886,2026-06-25 03:51:20.699349,NaN,NaN,NaN,-34.588367,17.487849
1004.845,3.2569993274479763,34.55814487000917,31.97235506763649,181.330921991559,2026-06-25 03:51:20.599375,NaN,NaN,NaN,-34.588367,17.487849
1005.0266666666666,3.2570755876223125,34.55816396060364,31.972372832483188,181.32395535686413,2026-06-25 03:51:20.566050,NaN,NaN,NaN,-34.588367,17.487849
1005.199,3.257339802232609,34.55823073504636,31.9724377815952,181.32914079280397,2026-06-25 03:51:20.449414,NaN,NaN,NaN,-34.588367,17.487849
1005.3075,3.2576326837821408,34.55827282593347,31.972558091598636,181.07504523995857,2026-06-25 03:51:20.374433,NaN,NaN,NaN,-34.588367,17.487849
1005.56,3.257962275368728,34.55831437064376,31.972760520975662,181.32913128787172,2026-06-25 03:51:20.299453,NaN,NaN,NaN,-34.588367,17.487849
1005.7663333333334,3.2584416202232487,34.55836855453267,31.97320143416337,181.3206177537794,2026-06-25 03:51:20.199479,NaN,NaN,NaN,-34.588367,17.487849
1005.9300000000001,3.2589965378181205,34.558434609439686,31.97390322064419,181.324344456443,2026-06-25 03:51:20.074511,NaN,NaN,NaN,-34.588367,17.487849
1006.408,3.2593149453639327,34.55849819307758,31.974605563975885,181.31553222429025,2026-06-25 03:51:19.949544,NaN,NaN,NaN,-34.588367,17.487849
1006.629,3.259345208890235,34.55854743946075,31.97502354164723,181.07756751373304,2026-06-25 03:51:19.849570,NaN,NaN,NaN,-34.588367,17.487849
1006.797,3.259243359353773,34.558571344701896,31.9751401864554,181.3269907232764,2026-06-25 03:51:19.799583,NaN,NaN,NaN,-34.588367,17.487849
1007.052,3.2587917137929527,34.558624966371944,31.97514165916748,181.11826866513223,2026-06-25 03:51:19.682947,NaN,NaN,NaN,-34.588367,17.487849
1007.209,3.2586509385015052,34.558640295946326,31.97513335065842,181.08217442983485,2026-06-25 03:51:19.649622,NaN,NaN,NaN,-34.588367,17.487849
1007.483,3.2579628085726577,34.55870456954626,31.974831983297545,181.34243117081635,2026-06-25 03:51:19.499661,NaN,NaN,NaN,-34.588367,17.487849
1007.6179999999999,3.2576451955455807,34.55873473758818,31.974725758208074,181.34636550097673,2026-06-25 03:51:19.424681,NaN,NaN,NaN,-34.588367,17.487849
1007.8475000000001,3.2573342529983345,34.558764365418114,31.97463829149428,181.34953638755832,2026-06-25 03:51:19.349700,NaN,NaN,NaN,-34.588367,17.487849
1008.054,3.256848303901669,34.558810610365775,31.974608251537205,181.3532837915104,2026-06-25 03:51:19.224733,NaN,NaN,NaN,-34.588367,17.487849
1008.159,3.2565586776098803,34.558836587860796,31.974644348795298,181.35537567877142,2026-06-25 03:51:19.149752,NaN,NaN,NaN,-34.588367,17.487849
1008.4269999999999,3.2559396151116955,34.55889382678267,31.974930622921377,181.11270348463214,2026-06-25 03:51:18.962301,NaN,NaN,NaN,-34.588367,17.487849
1008.6011999999998,3.255714884139467,34.558953364191744,31.975087698462907,181.13762080266667,2026-06-25 03:51:18.719864,NaN,NaN,NaN,-34.588367,17.487849
1008.81075,3.2557307824584534,34.558953364191744,31.975083235157854,181.34022861535047,2026-06-25 03:51:18.556157,NaN,NaN,NaN,-34.588367,17.487849
