PRES (dbar),TEMP (°C),SAL (psu),COND (mS/cm),OXY (µmol/L),TIME,FLUO (ug/L),TURB (NTU),PH,NO3 (µmol/L),LAT (°N),LON (°E)
150.43285714285713,12.487953620689138,35.12010885441274,40.6642171631404,214.31150349319108,2026-06-25 00:07:34.314204,0.6300000000000001,0.22799999999999998,6.149969052970249,11.642734269585812,-34.54227816666667,17.680580166666665
150.56133333333332,12.485770576563866,35.12010885441274,40.662316579312055,214.50391524281605,2026-06-25 00:07:34.349909,0.6300000000000001,0.22799999999999998,6.149970215803225,11.642046419167137,-34.54227816666667,17.680580166666665
150.20633333333333,12.490558170906032,35.12066983508456,40.668150130869144,214.26455589306937,2026-06-25 00:07:34.466545,0.6300000000000001,0.22638383838383647,6.149975086318445,11.558350440454083,-34.54227816666667,17.680580166666665
149.8235,12.498618045070316,35.122262838189535,40.678281870436834,214.40505878064067,2026-06-25 00:07:34.774798,0.6300000000000001,0.22799999999999998,6.149997975134675,11.304420489787265,-34.54227816666667,17.680580166666665
150.00566666666668,12.500006686410229,35.122155434771926,40.6804771267552,214.40034289944163,2026-06-25 00:07:34.799792,0.6300000000000001,0.22799999999999998,6.149998366079306,11.425250022255208,-34.54227816666667,17.680580166666665
149.58480000000003,12.509599671341826,35.1235368641179,40.690357264870535,214.30453632896166,2026-06-25 00:07:35.039729,0.6300000000000001,0.22799999999999998,6.150039761787253,11.492237933129717,-34.54227816666667,17.680580166666665
149.438,12.514218709013573,35.12442247650992,40.69464358418785,214.26288206892252,2026-06-25 00:07:35.199687,0.6300000000000001,0.22799999999999998,6.150055998925019,11.611835588112418,-34.54227816666667,17.680580166666665
149.17333333333332,12.516579356263682,35.12519573541209,40.69642389944608,214.23352775275526,2026-06-25 00:07:35.332986,0.6300000000000001,0.22222222222222013,6.1500693875193395,11.82745897152804,-34.54227816666667,17.680580166666665
149.0675,12.517300982744846,35.12543639082476,40.69692392719668,214.23407111715755,2026-06-25 00:07:35.374642,0.6269999999999992,0.22000000000000003,6.150064924647623,11.829976849083605,-34.54227816666667,17.680580166666665
148.78199999999998,12.519902009586842,35.12649099559239,40.69913287820155,214.36899432098323,2026-06-25 00:07:35.549596,0.6300000000000001,0.22000000000000003,6.15006790006902,11.569839432984516,-34.54227816666667,17.680580166666665
148.64066666666668,12.522217705713885,35.12711284219588,40.70155860604972,214.22486854986775,2026-06-25 00:07:35.649570,0.6300000000000001,0.22000000000000003,6.153633111745667,11.441061541068594,-34.54227816666667,17.680580166666665
148.3605,12.52766248004183,35.12822218266653,40.70725432582201,214.47023920740918,2026-06-25 00:07:35.824524,0.6300000000000001,0.22000000000000003,6.150078313273192,11.210443784045662,-34.54227816666667,17.680580166666665
148.24033333333333,12.529617743767156,35.12850102825235,40.709186297464605,214.22298384033564,2026-06-25 00:07:35.866180,0.6300000000000001,0.22000000000000003,6.150097921908887,11.305319371878264,-34.54227816666667,17.680580166666665
148.00833333333333,12.536064066263421,35.129594848841386,40.715733474996135,214.08403631106592,2026-06-25 00:07:36.032803,0.6256989247311826,0.22000000000000003,6.150109604659511,11.488491103172262,-34.54227816666667,17.680580166666665
147.813,12.542120063767062,35.1308948950047,40.721516347098586,214.0196960056448,2026-06-25 00:07:36.224420,0.6300000000000001,0.22000000000000003,6.1501392999241915,11.600359215161493,-34.54227816666667,17.680580166666665
147.64999999999998,12.543136273708093,35.1314203798566,40.722042921879286,214.11195136155146,2026-06-25 00:07:36.299401,0.625900000000001,0.21936666666666638,6.1501379115740455,11.613991273001053,-34.54227816666667,17.680580166666665
147.48,12.544757640763128,35.13193805146722,40.723243754669156,214.31115789334254,2026-06-25 00:07:36.374381,0.6270000000000001,0.22000000000000003,6.150139299934604,11.6282087566374,-34.54227816666667,17.680580166666665
147.03050000000002,12.546454161669153,35.13317945272419,40.72445610972534,214.1250802584476,2026-06-25 00:07:36.549335,0.6300000000000001,0.21800000000000003,6.150155660711673,11.66580145601704,-34.54227816666667,17.680580166666665
147.2,12.546417563036995,35.13317857069678,40.724370999215054,214.27904318367203,2026-06-25 00:07:36.549335,0.6300000000000001,0.21800000000000003,6.150157148026646,11.651625788509035,-34.54227816666667,17.680580166666665
146.6705,12.548948764408976,35.1347460452198,40.7275121703899,214.26907733223965,2026-06-25 00:07:36.724290,0.6270000000000011,0.22000000000000003,6.150149711410131,11.695909068423427,-34.54227816666667,17.680580166666665
146.79933333333335,12.550305895130421,35.13444109124093,40.72921342678476,214.26164206356097,2026-06-25 00:07:36.765946,0.6300000000000001,0.22000000000000003,6.150152398393113,11.685134446020584,-34.54227816666667,17.680580166666665
146.486,12.554364367119003,35.135720097449344,40.734311738670975,214.23346851755485,2026-06-25 00:07:36.899244,0.6240000000000001,0.22000000000000003,6.150157148026646,11.635214884253227,-34.54227816666667,17.680580166666665
146.063,12.559712076438563,35.136641867807654,40.74100417439119,214.17557510969465,2026-06-25 00:07:37.024212,0.6269999999999993,0.21800000000000003,6.150182431412935,11.445412350309441,-34.54227816666667,17.680580166666665
146.223,12.55980288289405,35.13664126083769,40.74105191525188,214.33245030389142,2026-06-25 00:07:37.024212,0.6300000000000001,0.21900000000000025,6.152084620486024,11.517205270950129,-34.54227816666667,17.680580166666665
145.7835,12.569826927938596,35.13812188709545,40.752578113597124,214.391818866803,2026-06-25 00:07:37.224160,0.6300000000000001,0.21800000000000003,6.150219414772325,11.335979023307802,-34.54227816666667,17.680580166666665
145.56,12.577660735769449,35.13904808394233,40.76097124144122,214.66186366592967,2026-06-25 00:07:37.349127,0.6300000000000001,0.21800000000000003,6.154026870255469,11.330933677493364,-34.54227816666667,17.680580166666665
145.26266666666666,12.58565266914974,35.139787276107846,40.76989796351552,214.59661491879302,2026-06-25 00:07:37.449101,0.6258205128205132,0.21800000000000003,6.150242233956208,11.324221599243584,-34.54227816666667,17.680580166666665
144.918,12.599681699874589,35.14089100331645,40.786373579570736,214.48737650963128,2026-06-25 00:07:37.599062,0.6300000000000001,0.21800000000000003,6.1540860832526265,11.316441006294847,-34.54227816666667,17.680580166666665
145.001,12.599782617217489,35.14089040104204,40.78647978291367,214.48433436293553,2026-06-25 00:07:37.599062,0.6300000000000001,0.21800000000000003,6.152185513340674,11.318314669393722,-34.54227816666667,17.680580166666665
144.6783333333333,12.615653394040336,35.14198306708034,40.80492421503465,214.3555729862614,2026-06-25 00:07:37.749023,0.6300000000000001,0.21800000000000003,6.150329122368416,11.311030710037457,-34.54227816666667,17.680580166666665
144.43699999999998,12.6339071864324,35.14317733381843,40.82489764498202,214.4942503723626,2026-06-25 00:07:37.915646,0.6300000000000001,0.21800000000000003,6.154122284243218,11.30558279002306,-34.54227816666667,17.680580166666665
144.23499999999999,12.64911065032541,35.14422696555739,40.840730419494044,214.35619660655698,2026-06-25 00:07:38.065607,0.6300000000000001,0.21800000000000003,6.154268406601664,11.301022790673994,-34.54227816666667,17.680580166666665
144.0885,12.655228716083146,35.14463586534999,40.847079770330176,214.351227973253,2026-06-25 00:07:38.123925,0.6300000000000001,0.21800000000000003,6.1542473965434015,11.29771566243321,-34.54227816666667,17.680580166666665
143.796,12.667078593233324,35.14565226542399,40.85877126014691,214.2283546620094,2026-06-25 00:07:38.273886,0.6300000000000001,0.21800000000000003,6.154305099193851,11.291112693078746,-34.54227816666667,17.680580166666665
143.561,12.67395672559897,35.146474811601244,40.865126971409346,214.16738997920345,2026-06-25 00:07:38.398853,0.6300000000000001,0.21800000000000003,6.154328769903269,11.285807743340971,-34.54227816666667,17.680580166666665
143.4345,12.67468875884543,35.14663148889878,40.865705941002176,214.31177454942986,2026-06-25 00:07:38.423847,0.6300000000000001,0.21800000000000003,6.154333207931602,11.282952100184254,-34.54227816666667,17.680580166666665
143.237,12.676034308730143,35.14679659291984,40.866917319758016,214.14785226560366,2026-06-25 00:07:38.448840,0.6300000000000001,0.21800000000000003,6.154334687350291,11.278493684979102,-34.54227816666667,17.680580166666665
143.0325,12.68162782454949,35.147884672321624,40.871932354586036,214.4134396013631,2026-06-25 00:07:38.623795,0.6300000000000001,0.22000000000000003,6.1543472957523555,11.273877249994527,-34.54227816666667,17.680580166666665
142.6905,12.68619632762775,35.148774609296005,40.876793751550295,214.37260936225456,2026-06-25 00:07:38.773756,0.6300000000000001,0.22000000000000003,6.154361314826764,11.266156855057,-34.54227816666667,17.680580166666665
142.497,12.688946653391408,35.14920098574867,40.87987970672261,214.35798612276258,2026-06-25 00:07:38.848736,0.6300000000000001,0.22000000000000003,6.154361314837115,11.261788736868661,-34.54227816666667,17.680580166666665
142.189,12.694300166933624,35.149832834339406,40.88580393373383,214.31752912549126,2026-06-25 00:07:38.965372,0.6300000000000001,0.21946153846153832,6.154372579789201,11.254835866574046,-34.54227816666667,17.680580166666665
141.99,12.701604241319473,35.15051604135183,40.89388881696153,214.33931545764318,2026-06-25 00:07:39.098671,0.6300000000000001,0.2185000000000003,6.154390159293886,11.25034358998759,-34.54227816666667,17.680580166666665
141.607,12.712179732406163,35.1512923397864,40.9057543523739,214.4702791824341,2026-06-25 00:07:39.261129,0.6300000000000001,0.22000000000000003,6.15443267845651,11.241697650627726,-34.54227816666667,17.680580166666665
141.338,12.722526837697183,35.15189926923542,40.917564537678416,214.40448275948515,2026-06-25 00:07:39.398593,0.6300000000000001,0.22000000000000003,6.15444710311138,11.235625176247039,-34.54227816666667,17.680580166666665
141.256,12.726574723847817,35.152103891046984,40.922231316031805,214.36172880452267,2026-06-25 00:07:39.448580,0.6300000000000001,0.22000000000000003,6.154467808018114,11.233774087402368,-34.54227816666667,17.680580166666665
141.1,12.73063792146662,35.15230122008374,40.92688446553016,214.32500187979062,2026-06-25 00:07:39.498567,0.6300000000000001,0.22000000000000003,6.154482596616408,11.230252503746653,-34.54227816666667,17.680580166666665
140.659,12.742065086293099,35.15284596662435,40.93919658213093,214.2304405885135,2026-06-25 00:07:39.648528,0.6300000000000001,0.21899999999999914,6.154516607992287,11.220297257642999,-34.54227816666667,17.680580166666665
140.859,12.742366091321506,35.15283323763258,40.93973766856339,214.27457552108604,2026-06-25 00:07:39.648528,0.6300000000000001,0.21822222222222173,6.154508557521014,11.22481210848366,-34.54227816666667,17.680580166666665
140.446,12.75528205797162,35.153468428555065,40.95246322019694,214.1858218145883,2026-06-25 00:07:39.848476,0.6300000000000001,0.21800000000000003,6.154576738543595,11.215488941497696,-34.54227816666667,17.680580166666665
140.04766666666666,12.762690153705366,35.153967886450175,40.95922437675437,214.35662403422646,2026-06-25 00:07:40.015099,0.6300000000000001,0.21800000000000003,6.154589474215981,11.16639339958435,-34.54227816666667,17.680580166666665
140.274,12.764015729750199,35.15388771288031,40.96040863766088,214.34674253044315,2026-06-25 00:07:40.048423,0.6300000000000001,0.21800000000000003,6.154594973059877,11.21160616977473,-34.54227816666667,17.680580166666665
139.79533333333333,12.769499986239436,35.154254390948005,40.96582544800656,214.3013894372496,2026-06-25 00:07:40.198384,0.6300000000000001,0.21800000000000003,6.154608900167036,11.115986820741767,-34.54227816666667,17.680580166666665
139.653,12.775972574477313,35.1544748030808,40.97285158580636,214.26672937538612,2026-06-25 00:07:40.348345,0.6300000000000001,0.21800000000000003,6.15461271397826,11.087554047735448,-34.54227816666667,17.680580166666665
139.21433333333334,12.78320621969096,35.154612619479536,40.98106334584558,214.20081047122972,2026-06-25 00:07:40.481644,0.6300000000000001,0.21800000000000003,6.154638453136809,11.062357443891491,-34.54227816666667,17.680580166666665
139.45725,12.783960519403896,35.154577710586246,40.98191475780046,214.21277441121987,2026-06-25 00:07:40.498306,0.6300000000000001,0.21800000000000003,6.15462720486154,11.05526249533752,-34.54227816666667,17.680580166666665
138.7115,12.796657009855046,35.15468687604614,40.99583670632377,214.07781394680546,2026-06-25 00:07:40.748241,0.6300000000000001,0.21900000000000003,6.154689582646532,11.077043865700984,-34.54227816666667,17.680580166666665
138.81400000000002,12.798656686428199,35.15468687604614,40.997777177518024,214.05811303525326,2026-06-25 00:07:40.798228,0.6300000000000001,0.21899999999999986,6.1546999292046225,11.074050113824006,-34.54227816666667,17.680580166666665
138.506,12.802057010957643,35.15468687604614,41.00078341097337,214.0214955470129,2026-06-25 00:07:40.898202,0.6300000000000001,0.21800000000000003,6.154716187830553,11.083045973122628,-34.54227816666667,17.680580166666665
138.25900000000001,12.804555209247837,35.1546304151118,41.00255861586583,214.00308273327013,2026-06-25 00:07:40.998176,0.6300000000000001,0.21800000000000003,6.154720621855592,11.08805853424672,-34.54227816666667,17.680580166666665
138.036,12.806867132424275,35.15454706841924,41.00416100534289,213.99177134795494,2026-06-25 00:07:41.098150,0.6300000000000001,0.21800000000000003,6.154719812165502,11.024433468655051,-34.54227816666667,17.680580166666665
137.898,12.807970213915787,35.154506681709314,41.004879202797426,213.97961812662916,2026-06-25 00:07:41.148137,0.6300000000000001,0.21800000000000003,6.154725055839283,10.985060109679042,-34.54227816666667,17.680580166666665
137.669,12.81048736649662,35.15439307705139,41.006888236148754,213.95629541103352,2026-06-25 00:07:41.248111,0.6300000000000001,0.21800000000000003,6.1547339236619445,10.919723158914511,-34.54227816666667,17.680580166666665
137.364,12.81267215755073,35.15429326354953,41.00881266434443,214.09796066784475,2026-06-25 00:07:41.323091,0.6300000000000001,0.21800000000000003,6.1547339236619445,10.832702329293623,-34.54227816666667,17.680580166666665
137.201,12.815054327850289,35.154183577795685,41.01100159976363,214.23672963629633,2026-06-25 00:07:41.398072,0.6300000000000001,0.22000000000000003,6.154736879561484,10.846688483865815,-34.54227816666667,17.680580166666665
137.083,12.816736986894194,35.15410428977633,41.01258312513159,214.21130635835576,2026-06-25 00:07:41.448059,0.6300000000000001,0.21800000000000003,6.154751658749081,10.860608738635031,-34.54227816666667,17.680580166666665
136.875,12.818467650549021,35.1540207053652,41.01419899036739,214.19498569240906,2026-06-25 00:07:41.498046,0.6300000000000001,0.21800000000000003,6.154757570279411,10.885146136872295,-34.54227816666667,17.680580166666665
136.6215,12.822059061317903,35.153840017893586,41.01733098087442,214.1667522908587,2026-06-25 00:07:41.598019,0.6300000000000001,0.21900000000000003,6.154766437409532,10.91505109097396,-34.54227816666667,17.680580166666665
136.423,12.823886388143414,35.153745361080176,41.01882677549052,214.15350640609773,2026-06-25 00:07:41.648006,0.6300000000000001,0.21800000000000003,6.154769393081675,10.938467790734041,-34.54227816666667,17.680580166666665
135.91,12.827556608558545,35.15339203678026,41.02165847767922,214.1260495776361,2026-06-25 00:07:41.747980,0.6300000000000001,0.21800000000000003,6.154775304374282,11.002495361459294,-34.54227816666667,17.680580166666665
136.0515,12.83014987114203,35.153548165696726,41.023544510248165,214.10220272116385,2026-06-25 00:07:41.822961,0.6300000000000001,0.21800000000000003,6.154787126597765,10.982377720193549,-34.54227816666667,17.680580166666665
135.44799999999998,12.833187777726108,35.15317730895744,41.02566663810217,214.0648318038536,2026-06-25 00:07:41.922935,0.6300000000000001,0.21800000000000003,6.154803381833383,11.068179815627314,-34.54227816666667,17.680580166666665
135.21550000000002,12.83562069589097,35.152957075510656,41.02717774283025,214.04198561597593,2026-06-25 00:07:42.022909,0.6300000000000001,0.21800000000000003,6.154812248012684,11.101235303926149,-34.54227816666667,17.680580166666665
134.56,12.837076115238874,35.15267828002304,41.0279286339794,214.0279221144392,2026-06-25 00:07:42.097889,0.6300000000000001,0.21800000000000003,6.154813725693733,11.194430454807396,-34.54227816666667,17.680580166666665
134.809,12.837876588568811,35.15278998229229,41.0282770607548,214.01986753217133,2026-06-25 00:07:42.147876,0.6300000000000001,0.21800000000000003,6.154819636355926,11.159029093145413,-34.54227816666667,17.680580166666665
134.449,12.838580904676325,35.15256680543894,41.02856687481126,214.01019978745626,2026-06-25 00:07:42.197863,0.6300000000000001,0.21800000000000003,6.154822591656021,11.210211784704905,-34.54227816666667,17.680580166666665
134.273,12.839227021604056,35.15245593119938,41.028852305510185,214.00241346376603,2026-06-25 00:07:42.247850,0.6300000000000001,0.21800000000000003,6.15482554693545,11.23523443391177,-34.54227816666667,17.680580166666665
133.9905,12.840205251114874,35.15229176692088,41.029418801306136,213.9922071958786,2026-06-25 00:07:42.322831,0.6300000000000001,0.21800000000000003,6.154828502194211,11.213760348773825,-34.54227816666667,17.680580166666665
133.68,12.841332870919844,35.15202605757044,41.03027068484928,213.98459640124855,2026-06-25 00:07:42.397811,0.6300000000000001,0.21800000000000003,6.154828502194211,11.190157858737251,-34.54227816666667,17.680580166666665
133.824,12.842269123611091,35.15213070963824,41.03111578301704,213.98171706609313,2026-06-25 00:07:42.447798,0.6300000000000001,0.21800000000000003,6.154828502194211,11.201103941073054,-34.54227816666667,17.680580166666665
133.447,12.8446778411234,35.15182474409792,41.033555956738084,214.27959651015382,2026-06-25 00:07:42.547772,0.6300000000000001,0.21800000000000003,6.15482554693545,11.172446489402235,-34.54227816666667,17.680580166666665
133.26666666666665,12.845752859218075,35.15176318744084,41.03472141713621,214.04900574332586,2026-06-25 00:07:42.581097,0.6300000000000001,0.21800000000000003,6.154839441620199,11.158738548328927,-34.54227816666667,17.680580166666665
132.62800000000001,12.852051338449932,35.15142860895212,41.04118520401728,214.21799730906724,2026-06-25 00:07:42.772713,0.6300000000000001,0.21800000000000003,6.154844429529224,11.110190646117358,-34.54227816666667,17.680580166666665
132.262,12.856189656181098,35.15124623107321,41.04493419695268,213.85907878960361,2026-06-25 00:07:42.897681,0.6300000000000001,0.21800000000000003,6.15486987364695,11.050481354384152,-34.54227816666667,17.680580166666665
131.843,12.85881626422317,35.1511326990696,41.04683006311776,214.13250303893486,2026-06-25 00:07:42.997655,0.6300000000000001,0.21800000000000003,6.154886666635003,10.976747058263987,-34.54227816666667,17.680580166666665
131.482,12.860981710705586,35.151042451604354,41.04811159241839,214.11851429302897,2026-06-25 00:07:43.097629,0.6240000000000001,0.21800000000000003,6.154887603029692,10.913219418885998,-34.54227816666667,17.680580166666665
131.187,12.862735136240124,35.15098857252473,41.048949170469946,214.10088838175537,2026-06-25 00:07:43.197603,0.6300000000000001,0.21800000000000003,6.15489380811839,10.90909854526191,-34.54227816666667,17.680580166666665
130.812,12.864387407384761,35.15098857252473,41.04982320886738,214.08693273802,2026-06-25 00:07:43.297576,0.6300000000000001,0.21800000000000003,6.154896467442118,10.903860146587222,-34.54227816666667,17.680580166666665
130.652,12.865239383928381,35.15098857252473,41.050419471798484,214.08163188242372,2026-06-25 00:07:43.347563,0.6300000000000001,0.21800000000000003,6.154896467442118,10.901625096486022,-34.54227816666667,17.680580166666665
130.401,12.866654990675546,35.15098978966894,41.05166201843885,214.06618861407185,2026-06-25 00:07:43.422544,0.6270000000000014,0.21900000000000047,6.15490237693676,10.898118861639764,-34.54227816666667,17.680580166666665
130.023,12.86895303315052,35.15105625586497,41.0540250004983,214.0455435388189,2026-06-25 00:07:43.522518,0.6270000000000001,0.21800000000000003,6.15490828636942,10.892838555775679,-34.54227816666667,17.680580166666665
129.668,12.8720340703824,35.1511670614078,41.057361904251685,214.17416142631853,2026-06-25 00:07:43.622492,0.6270000000000018,0.21800000000000003,6.154915673028531,10.885733415659516,-34.54227816666667,17.680580166666665
129.307,12.874979246260398,35.15127946119985,41.060528275870766,214.00838628213793,2026-06-25 00:07:43.697472,0.6300000000000001,0.21800000000000003,6.154911241049592,10.850892495553698,-34.54227816666667,17.680580166666665
129.02766666666665,12.879796319806351,35.151478987052826,41.06570198128271,214.1716169012692,2026-06-25 00:07:43.797446,0.625903614457833,0.23984738955822443,6.154931412789037,10.823933408712815,-34.54227816666667,17.680580166666665
128.6415,12.88638610825412,35.15179379810418,41.0727745979988,214.21362107958402,2026-06-25 00:07:43.922414,0.6269999999999996,0.25,6.154951127186603,10.786663597131477,-34.54227816666667,17.680580166666665
128.224,12.890398593998283,35.1520235950061,41.07693449273708,214.17632801355725,2026-06-25 00:07:43.997394,0.6240000000000001,0.25,6.154964421759926,10.746369735236243,-34.54227816666667,17.680580166666665
128.044,12.893010172439228,35.152195682492625,41.07949628993729,214.15267416068085,2026-06-25 00:07:44.047381,0.6300000000000001,0.25,6.154973284560924,10.728997531305367,-34.54227816666667,17.680580166666665
127.84700000000001,12.8967898801611,35.15248300432039,41.08294495220291,214.1201666246481,2026-06-25 00:07:44.122361,0.6300000000000001,0.25,6.1549851013397365,10.721910090572527,-34.54227816666667,17.680580166666665
127.583,12.900432612289467,35.15280019367026,41.086049181825764,214.08758232556184,2026-06-25 00:07:44.197342,0.6240000000000001,0.25,6.154996917788064,10.71241220045339,-34.54227816666667,17.680580166666665
127.271,12.903933032683799,35.153155674882086,41.08890411719509,214.06019932170204,2026-06-25 00:07:44.272322,0.6300000000000001,0.25,6.155004302877215,10.701187421221682,-34.54227816666667,17.680580166666665
126.842,12.908448467616221,35.15368208695399,41.09267842390935,214.02360388088334,2026-06-25 00:07:44.372296,0.6240000000000001,0.25,6.155014641830599,10.685753349778086,-34.54227816666667,17.680580166666665
126.58449999999999,12.912752702281686,35.15427292792829,41.096611824709285,213.98443443299354,2026-06-25 00:07:44.472270,0.6300000000000001,0.25,6.155029411275709,10.676489309226277,-34.54227816666667,17.680580166666665
125.9925,12.917802853659957,35.15511073904401,41.101715357033775,213.9333535128444,2026-06-25 00:07:44.597238,0.6270000000000006,0.25,6.1550486108614795,10.666760138883076,-34.54227816666667,17.680580166666665
126.133,12.917816957711937,35.155102288570326,41.10171426265371,213.93296491185438,2026-06-25 00:07:44.597238,0.6240000000000001,0.25,6.155050087716156,10.660245758511161,-34.54227816666667,17.680580166666665
125.432,12.9217234995659,35.15584335024642,41.10583012529256,213.89785900898542,2026-06-25 00:07:44.697212,0.6240000000000001,0.25,6.1550589487203125,10.783110829607791,-34.54227816666667,17.680580166666665
125.20866666666666,12.925663077237926,35.156658833190306,41.11003847486837,213.95261281247952,2026-06-25 00:07:44.797186,0.6300000000000001,0.25,6.155067295854526,10.829471199982791,-34.54227816666667,17.680580166666665
124.586,12.929727326809397,35.157997982483764,41.114422206828735,214.1328000609611,2026-06-25 00:07:44.897160,0.6300000000000001,0.22000000000000003,6.155082577156148,10.95872668037159,-34.54227816666667,17.680580166666665
124.778,12.931844216002991,35.15753218357096,41.116740194272346,214.12256355463134,2026-06-25 00:07:44.947147,0.6300000000000001,0.22000000000000003,6.155085530617709,10.91887060076562,-34.54227816666667,17.680580166666665
124.318,12.93399753892152,35.15898228226256,41.11914072303243,214.10669460574547,2026-06-25 00:07:44.997133,0.6300000000000001,0.22000000000000003,6.155085530617709,10.92068366441186,-34.54227816666667,17.680580166666665
124.4,12.936156561586687,35.158481337683995,41.121607512026195,214.0918710030615,2026-06-25 00:07:45.047120,0.6300000000000001,0.22000000000000003,6.155091437478886,10.932323691683122,-34.54227816666667,17.680580166666665
123.874,12.94038363480746,35.160045790853516,41.12660306791193,213.72745764685004,2026-06-25 00:07:45.147094,0.6300000000000001,0.22000000000000003,6.155118017332158,10.857657175284546,-34.54227816666667,17.680580166666665
123.993,12.94036049601817,35.16003699364919,41.12658319393175,214.03854827021686,2026-06-25 00:07:45.147094,0.6300000000000001,0.21900000000000017,6.155116540652998,10.874549409983082,-34.54227816666667,17.680580166666665
123.608,12.944434537064668,35.16116206673554,41.13144821757446,214.0035359837653,2026-06-25 00:07:45.247068,0.6300000000000001,0.22000000000000003,6.15512687691162,10.819898062428994,-34.54227816666667,17.680580166666665
123.272,12.946406032525491,35.16175090370296,41.13375138570032,213.67599608079632,2026-06-25 00:07:45.297055,0.6300000000000001,0.22000000000000003,6.155132783194704,10.772202340927242,-34.54227816666667,17.680580166666665
122.834,12.950268900811983,35.16298950976194,41.137970399476814,213.95101277444022,2026-06-25 00:07:45.397029,0.6300000000000001,0.21900000000000003,6.155141642423208,10.710027561112458,-34.54227816666667,17.680580166666665
123.112,12.950276008521934,35.16298086789602,41.13802991537928,213.953674951785,2026-06-25 00:07:45.397029,0.6300000000000001,0.22000000000000003,6.155141642464495,10.749490092593073,-34.54227816666667,17.680580166666665
122.3435,12.95601429432466,35.16496357889564,41.14356904900139,213.89635708889665,2026-06-25 00:07:45.546990,0.6300000000000001,0.22000000000000003,6.1551608369090935,10.74501284852684,-34.54227816666667,17.680580166666665
122.721,12.9560079947426,35.16495512641517,41.14360167062352,213.90172982419708,2026-06-25 00:07:45.546990,0.6300000000000001,0.22000000000000003,6.155159360446702,10.701450167799516,-34.54227816666667,17.680580166666665
122.216,12.959874272484363,35.16635603411627,41.14695511635848,213.86782581747875,2026-06-25 00:07:45.646964,0.6300000000000001,0.22000000000000003,6.155168219159128,10.759726071818854,-34.54227816666667,17.680580166666665
121.924,12.96182477702474,35.16708143451273,41.14861285645702,213.84530928834846,2026-06-25 00:07:45.696951,0.6300000000000001,0.22000000000000003,6.155177077685777,10.7934222381033,-34.54227816666667,17.680580166666665
121.601,12.963793373132383,35.167823218595444,41.15030187748142,213.82239523250553,2026-06-25 00:07:45.746938,0.6300000000000001,0.22000000000000003,6.155185936026655,10.830695737109728,-34.54227816666667,17.680580166666665
121.457,12.965794612537197,35.16858118150024,41.15205850917219,213.80442820095845,2026-06-25 00:07:45.796925,0.6300000000000001,0.22000000000000003,6.155191841484037,10.84731302459247,-34.54227816666667,17.680580166666665
121.176,12.968912299208,35.16974992561225,41.15492652295608,213.7796860900686,2026-06-25 00:07:45.871905,0.6300000000000001,0.22000000000000003,6.155197746848538,10.878629309176695,-34.54227816666667,17.680580166666665
120.79050000000001,12.973387420565523,35.1713600301707,41.15932360223301,213.73892956098166,2026-06-25 00:07:45.971879,0.6269999999999998,0.22000000000000003,6.155211033627134,10.837495192858356,-34.54227816666667,17.680580166666665
120.2775,12.980031989351094,35.173462509118515,41.16626801323049,213.6800048264199,2026-06-25 00:07:46.096847,0.6240000000000001,0.22000000000000003,6.155230224779584,10.782756407718775,-34.54227816666667,17.680580166666665
120.344,12.979876075242274,35.173455344179295,41.1661045646811,213.6779581535215,2026-06-25 00:07:46.096847,0.6300000000000001,0.22000000000000003,6.155233177374111,10.789852176162794,-34.54227816666667,17.680580166666665
120.089,12.986446764280998,35.175197800726636,41.17302084788333,213.6307958097585,2026-06-25 00:07:46.196821,0.6300000000000001,0.22000000000000003,6.155244986885456,10.762642838520314,-34.54227816666667,17.680580166666665
119.91,12.990454736066118,35.17608971036067,41.17720181493558,213.6035241555728,2026-06-25 00:07:46.246808,0.6240000000000001,0.22000000000000003,6.155250891517309,10.74354295052814,-34.54227816666667,17.680580166666665
119.665,12.995122626155144,35.176994950651235,41.18205743355673,213.5524327171072,2026-06-25 00:07:46.296795,0.6240000000000001,0.22000000000000003,6.155274509219309,10.717400645734385,-34.54227816666667,17.680580166666665
119.235,13.000616953289247,35.17884397899221,41.1877842557858,213.81947510113773,2026-06-25 00:07:46.346782,0.6300000000000001,0.22000000000000003,6.15528336551709,10.671518233239219,-34.54227816666667,17.680580166666665
119.356,13.007117066359832,35.17791316350179,41.1946222434838,213.78656744726538,2026-06-25 00:07:46.396769,0.6300000000000001,0.22000000000000003,6.155289269612443,10.684429330708788,-34.54227816666667,17.680580166666665
118.993,13.014808019073591,35.17978701582147,41.20283809264331,213.73664247276764,2026-06-25 00:07:46.446756,0.6300000000000001,0.22000000000000003,6.155298125600726,10.634742411382433,-34.54227816666667,17.680580166666665
118.618,13.029204782481152,35.181225027972744,41.21857633498545,213.62228035277573,2026-06-25 00:07:46.521736,0.6300000000000001,0.22000000000000003,6.155337975185687,10.577755084125018,-34.54227816666667,17.680580166666665
118.47049999999999,13.054050021737492,35.18317942948487,41.24647138919737,213.46539661784408,2026-06-25 00:07:46.621710,0.6269999999999992,0.22000000000000003,6.155376345306874,10.555340068737099,-34.54227816666667,17.680580166666665
118.0095,13.086495715911434,35.185175327804814,41.28394488671214,213.5444976459398,2026-06-25 00:07:46.721684,0.6240000000000001,0.22000000000000003,6.1554456978142795,10.485283647761985,-34.54227816666667,17.680580166666665
117.812,13.126449152801973,35.18720921081227,41.33119735447492,213.4412122448254,2026-06-25 00:07:46.821658,0.6300000000000001,0.22000000000000003,6.15741388806959,10.491577186834995,-34.54227816666667,17.680580166666665
117.43700000000001,13.17209551790206,35.189277446102224,41.38614713127848,213.23380394038827,2026-06-25 00:07:46.921632,0.6300000000000001,0.22000000000000003,6.1556492623959755,10.521865976793718,-34.54227816666667,17.680580166666665
117.224,13.20808059954043,35.19084805533408,41.42956413826654,212.9614143865354,2026-06-25 00:07:46.996612,0.6240000000000001,0.22000000000000003,6.159546106398955,10.539070009490274,-34.54227816666667,17.680580166666665
117.086,13.23195827914291,35.19190454333081,41.45810951800463,212.77723443153562,2026-06-25 00:07:47.046599,0.6300000000000001,0.21800000000000003,6.159613618865786,10.550216284195086,-34.54227816666667,17.680580166666665
116.616,13.255110974864138,35.192967491551485,41.48534319184466,212.51258729934395,2026-06-25 00:07:47.096586,0.6300000000000001,0.22000000000000003,6.15595295383444,10.588178234276686,-34.54227816666667,17.680580166666665
116.4405,13.28734490889838,35.19457361904476,41.521902394589134,212.1185716507092,2026-06-25 00:07:47.171567,0.6300000000000001,0.21900000000000003,6.1560384184631385,10.60235338797737,-34.54227816666667,17.680580166666665
116.266,13.316279417338853,35.196190227690096,41.55318930941373,211.72945654742864,2026-06-25 00:07:47.246547,0.6300000000000001,0.21800000000000003,6.159930488940228,10.616447771571496,-34.54227816666667,17.680580166666665
116.109,13.333069029485035,35.197274133789456,41.57037229407936,211.22898904641985,2026-06-25 00:07:47.296534,0.6300000000000001,0.21800000000000003,6.1600360592042644,10.581171968080993,-34.54227816666667,17.680580166666665
115.63466666666666,13.360615437247494,35.19945447960442,41.5966565226079,210.95579153818073,2026-06-25 00:07:47.396508,0.6300000000000001,0.21800000000000003,6.15908374735548,10.474595602121367,-34.54227816666667,17.680580166666665
115.005,13.383125992153449,35.20274387822569,41.61672956688241,210.51552509548856,2026-06-25 00:07:47.496482,0.6300000000000001,0.21800000000000003,6.1601914338150685,10.333117910415302,-34.54227816666667,17.680580166666665
115.218,13.392563627231555,35.20164488352624,41.624760605338885,210.1623114856545,2026-06-25 00:07:47.546469,0.6300000000000001,0.21800000000000003,6.160203157867995,10.380976166106239,-34.54227816666667,17.680580166666665
114.858,13.405524220510307,35.204395197749214,41.63582521508132,210.07651284840225,2026-06-25 00:07:47.621449,0.6300000000000001,0.21800000000000003,6.160223674080905,10.300088973389165,-34.54227816666667,17.680580166666665
114.216,13.425922110292891,35.207150331248336,41.654043013730046,209.5979731526516,2026-06-25 00:07:47.746417,0.6300000000000001,0.21800000000000003,6.160294008180347,10.299819679094846,-34.54227816666667,17.680580166666665
114.395,13.425938318970438,35.20715012783694,41.654171528085854,209.60125126167233,2026-06-25 00:07:47.746417,0.6300000000000001,0.21800000000000003,6.160292542699352,10.296058492635469,-34.54227816666667,17.680580166666665
114.061,13.442216883253147,35.20935305310385,41.669626513180226,209.48432367681886,2026-06-25 00:07:47.846391,0.6300000000000001,0.21800000000000003,6.160329170766197,10.303076572397655,-34.54227816666667,17.680580166666665
113.775,13.45468638828548,35.21100148771478,41.68211411960172,209.36179233467448,2026-06-25 00:07:47.921371,0.6300000000000001,0.21800000000000003,6.160386303480791,10.309086065846714,-34.54227816666667,17.680580166666665
113.584,13.467339437856218,35.21264581677214,41.695172093775696,209.26588209735118,2026-06-25 00:07:47.996352,0.6300000000000001,0.21800000000000003,6.160419993817589,10.313099398884372,-34.54227816666667,17.680580166666665
113.519,13.475877027092979,35.21373853659316,41.70427344955874,209.2043324139776,2026-06-25 00:07:48.046339,0.6300000000000001,0.21800000000000003,6.160440499529415,10.314465192850067,-34.54227816666667,17.680580166666665
113.123,13.493167280424295,35.215913973811546,41.72336367296539,208.75091228454883,2026-06-25 00:07:48.146313,0.6300000000000001,0.21800000000000003,6.1605049395318225,10.32278602993338,-34.54227816666667,17.680580166666665
113.275,13.493209127085308,35.21591194248958,41.72348834488393,208.90577973321652,2026-06-25 00:07:48.146313,0.6300000000000001,0.21800000000000003,6.1605020102875425,10.319592173275138,-34.54227816666667,17.680580166666665
112.57300000000001,13.515308073606125,35.21860939112496,41.748593085518536,208.4258496978637,2026-06-25 00:07:48.271280,0.6300000000000001,0.21899999999999983,6.160569368815369,10.360527928100014,-34.54227816666667,17.680580166666665
112.439,13.529046396975243,35.220212743135356,41.76419790467777,208.16836383553007,2026-06-25 00:07:48.346260,0.6300000000000001,0.21800000000000003,6.1606103654736115,10.369723226926068,-34.54227816666667,17.680580166666665
112.16,13.538577352250789,35.22127415526515,41.774850947044555,208.10429589118417,2026-06-25 00:07:48.396247,0.6300000000000001,0.22000000000000003,6.160627933889585,10.388868662541507,-34.54227816666667,17.680580166666665
112.118,13.548479180061857,35.22232945921713,41.78580914177924,208.0376361957235,2026-06-25 00:07:48.446234,0.6300000000000001,0.21800000000000003,6.16064842944543,10.391750771128777,-34.54227816666667,17.680580166666665
111.798,13.569771349979558,35.224416615780925,41.80932062031627,207.88117991676182,2026-06-25 00:07:48.546208,0.6300000000000001,0.21900000000000003,6.160702590879369,10.413709693698456,-34.54227816666667,17.680580166666665
111.418,13.580898862140218,35.22545117177239,41.82167352621995,207.80302095814238,2026-06-25 00:07:48.596195,0.6300000000000001,0.21800000000000003,6.160726009960214,10.428095834908627,-34.54227816666667,17.680580166666665
111.143,13.603917820923158,35.22750136348362,41.847377581858126,207.61706535161,2026-06-25 00:07:48.696169,0.6300000000000001,0.21800000000000003,6.160800650817069,10.39750875600943,-34.54227816666667,17.680580166666665
111.025,13.621463010677004,35.22901359504294,41.86695202044483,207.3369502877661,2026-06-25 00:07:48.771150,0.6300000000000001,0.21800000000000003,6.160848939981976,10.384384118518138,-34.54227816666667,17.680580166666665
110.592,13.644033621637327,35.23100062473766,41.89182988106872,206.84789656827016,2026-06-25 00:07:48.871124,0.6300000000000001,0.21800000000000003,6.1609294091636695,10.336223372469586,-34.54227816666667,17.680580166666665
110.2745,13.664774427370805,35.232950486587654,41.914167231804555,206.51717057388748,2026-06-25 00:07:48.971098,0.6300000000000001,0.21800000000000003,6.161009864867352,10.300909199558696,-34.54227816666667,17.680580166666665
109.962,13.679007867736798,35.23438846870864,41.92908576752449,206.41533263777367,2026-06-25 00:07:49.046078,0.6300000000000001,0.22000000000000003,6.161043505181539,10.266151155355063,-34.54227816666667,17.680580166666665
109.823,13.687828271812974,35.23533360148011,41.93815110157716,206.33685710684207,2026-06-25 00:07:49.096065,0.6300000000000001,0.21800000000000003,6.161078605026523,10.250690777293286,-34.54227816666667,17.680580166666665
109.606,13.696187616178413,35.23626830218473,41.94667476460448,206.28238100505058,2026-06-25 00:07:49.146052,0.6300000000000001,0.22000000000000003,6.161093229095131,10.226554791398284,-34.54227816666667,17.680580166666665
109.25999999999999,13.707799380339182,35.237648953892936,41.95851370842013,206.2027978013392,2026-06-25 00:07:49.221032,0.6300000000000001,0.22000000000000003,6.161116626452675,10.188070684856022,-34.54227816666667,17.680580166666665
109.001,13.718391911304877,35.23900771098447,41.96931435912755,206.0991394082556,2026-06-25 00:07:49.296013,0.6300000000000001,0.22000000000000003,6.161166341791041,10.159263217820055,-34.54227816666667,17.680580166666665
108.847,13.724685512633364,35.23989864937263,41.97562630842999,206.04753457292435,2026-06-25 00:07:49.346000,0.6300000000000001,0.22000000000000003,6.161186811062247,10.142134453636503,-34.54227816666667,17.680580166666665
108.678,13.732813366118801,35.241212218692446,41.98341009957353,205.6821160455134,2026-06-25 00:07:49.420980,0.6300000000000001,0.22000000000000003,6.161216051053652,10.123337303331178,-34.54227816666667,17.680580166666665
108.411,13.739580218436908,35.24250259047279,41.98942160215044,205.59795745290288,2026-06-25 00:07:49.495961,0.6300000000000001,0.22000000000000003,6.1612628310384485,10.093640030363595,-34.54227816666667,17.680580166666665
108.04733333333333,13.746498307985519,35.24417584010231,41.994600439755466,205.22082234653269,2026-06-25 00:07:49.595935,0.6300000000000001,0.22000000000000003,6.1613059988624075,10.053190935722355,-34.54227816666667,17.680580166666665
107.699,13.752939025271095,35.24580913871956,41.998903495217,205.1847274156488,2026-06-25 00:07:49.695909,0.6300000000000001,0.22000000000000003,6.161309605713873,10.014447302450039,-34.54227816666667,17.680580166666665
107.25,13.75672455155473,35.24660562014435,42.00160760504809,205.16380731143886,2026-06-25 00:07:49.745896,0.6300000000000001,0.22000000000000003,6.161309605713873,9.964506944538261,-34.54227816666667,17.680580166666665
107.047,13.761391010738398,35.247389914820005,42.00534152307905,205.13828889583883,2026-06-25 00:07:49.795883,0.6300000000000001,0.22000000000000003,6.161312528957866,9.941928119023581,-34.54227816666667,17.680580166666665
106.895,13.767297857296496,35.248161985018555,42.01057073186605,204.81377940930363,2026-06-25 00:07:49.845870,0.6300000000000001,0.22000000000000003,6.16131545218148,9.925021806322935,-34.54227816666667,17.680580166666665
106.656,13.77944795058874,35.249295589047634,42.022442066239975,205.03296044866644,2026-06-25 00:07:49.920850,0.6300000000000001,0.22000000000000003,6.161334452615355,9.898438854115998,-34.54227816666667,17.680580166666665
106.256,13.802235513577005,35.25076621881078,42.04651188907058,205.0622649212113,2026-06-25 00:07:50.020824,0.6300000000000001,0.22000000000000003,6.161350529265274,9.853948557535347,-34.54227816666667,17.680580166666665
105.87049999999999,13.833076601647656,35.25218798415704,42.08099652582643,205.30461540878824,2026-06-25 00:07:50.120798,0.6300000000000001,0.22000000000000003,6.161410445426791,9.811071034205746,-34.54227816666667,17.680580166666665
105.665,13.860291411064887,35.25322395624736,42.112301987669404,205.41711279907716,2026-06-25 00:07:50.195778,0.6300000000000001,0.22000000000000003,6.1614703538780144,9.788214144337438,-34.54227816666667,17.680580166666665
105.508,13.879743979981942,35.25389854670358,42.13501445224794,205.57755946219916,2026-06-25 00:07:50.245765,0.6300000000000001,0.22000000000000003,6.16151710541069,9.770751702929532,-34.54227816666667,17.680580166666665
105.178,13.899544242850217,35.25456119911058,42.15826995573963,205.6542565297385,2026-06-25 00:07:50.295752,0.6300000000000001,0.22000000000000003,6.165426950764707,9.734047208250498,-34.54227816666667,17.680580166666665
105.05799999999999,13.928869265936562,35.255531559131484,42.192625305620695,205.71590922062288,2026-06-25 00:07:50.370733,0.6300000000000001,0.22000000000000003,6.165525801943138,9.720700119276302,-34.54227816666667,17.680580166666665
104.643,13.957003714640894,35.256478598087014,42.22523913188762,205.79575130304892,2026-06-25 00:07:50.445713,0.6300000000000001,0.22000000000000003,6.165610099950998,9.674541436573879,-34.54227816666667,17.680580166666665
104.07400000000001,13.99773637869664,35.257996164909365,42.27090867004863,205.9307477064303,2026-06-25 00:07:50.570681,0.6300000000000001,0.22000000000000003,6.165729241727314,9.611253989687906,-34.54227816666667,17.680580166666665
104.2105,13.998824711088856,35.25798511619213,42.27247382902397,205.90484915728294,2026-06-25 00:07:50.570681,0.6300000000000001,0.22000000000000003,6.16574958774671,9.626436303396051,-34.54227816666667,17.680580166666665
103.608,14.034180423042132,35.25944746455362,42.31043306982028,206.0979418357258,2026-06-25 00:07:50.695648,0.6300000000000001,0.22000000000000003,6.165836744744085,9.55942279417145,-34.54227816666667,17.680580166666665
103.523,14.04643802884006,35.26000876634511,42.32287333697896,205.99360177540856,2026-06-25 00:07:50.745635,0.6300000000000001,0.22000000000000003,6.169671217038352,9.549968606148061,-34.54227816666667,17.680580166666665
103.281,14.062848832682445,35.26083013310424,42.33875099223664,206.1588852996022,2026-06-25 00:07:50.820616,0.6300000000000001,0.22000000000000003,6.169724704045544,9.523051976716769,-34.54227816666667,17.680580166666665
102.851,14.07739518124453,35.261631493545146,42.3521236190523,206.03665820896722,2026-06-25 00:07:50.895596,0.6300000000000001,0.22000000000000003,6.169775294348826,9.47522490789257,-34.54227816666667,17.680580166666665
102.464,14.089869186301419,35.26240877554558,42.36293548936676,206.22041152428966,2026-06-25 00:07:50.970576,0.6300000000000001,0.22000000000000003,6.169825877938871,9.432180545950793,-34.54227816666667,17.680580166666665
102.165,14.10095797035109,35.26316758492983,42.372247475440936,206.1332735070293,2026-06-25 00:07:51.045557,0.6300000000000001,0.22000000000000003,6.169859115431986,9.398924049256758,-34.54227816666667,17.680580166666665
101.8325,14.116642064948657,35.26438574111635,42.3854415116647,206.15690220170305,2026-06-25 00:07:51.170524,0.6300000000000001,0.22000000000000003,6.169908243969901,9.361941490224092,-34.54227816666667,17.680580166666665
102.01599999999999,14.116290851171637,35.26437767514564,42.385266112937074,206.1665498703495,2026-06-25 00:07:51.170524,0.6300000000000001,0.22000000000000003,6.169902463517604,9.382351413780464,-34.54227816666667,17.680580166666665
101.502,14.130197567093653,35.26555552031947,42.39752014192834,206.2023551939491,2026-06-25 00:07:51.295492,0.6360000000000001,0.21800000000000003,6.169945809088191,9.32518138267433,-34.54227816666667,17.680580166666665
101.207,14.135200754869524,35.266010039335484,42.40221896111091,206.14581999613318,2026-06-25 00:07:51.345479,0.6360000000000001,0.21800000000000003,6.169974702949897,9.2923697889461,-34.54227816666667,17.680580166666665
100.874,14.14008373415023,35.26645763962341,42.40691100880768,206.40293976570428,2026-06-25 00:07:51.395466,0.6300000000000001,0.21800000000000003,6.169989149126424,9.25533161704271,-34.54227816666667,17.680580166666665
100.546,14.14493968336884,35.26689866840223,42.41166454122988,206.06569044846754,2026-06-25 00:07:51.445453,0.6360000000000001,0.21800000000000003,6.170003594800104,9.21884957384658,-34.54227816666667,17.680580166666665
100.453,14.149869240744206,35.267333480705084,42.41656473092863,206.3280132399924,2026-06-25 00:07:51.495440,0.6360000000000001,0.21800000000000003,6.170015150977015,9.235114248465123,-34.54227816666667,17.680580166666665
100.2445,14.157632437883162,35.267974175893876,42.424405589726035,206.27677692668806,2026-06-25 00:07:51.570420,0.6360000000000001,0.21800000000000003,6.170029595735578,9.271578599626052,-34.54227816666667,17.680580166666665
100.015,14.165890768842576,35.26860427823865,42.4328644395048,206.22656413623528,2026-06-25 00:07:51.645401,0.6360000000000001,0.21800000000000003,6.17004115119853,9.311715619249233,-34.54227816666667,17.680580166666665
99.8155,14.17475092197472,35.26922256864954,42.44209305166678,206.15633174902646,2026-06-25 00:07:51.720381,0.6330000000000001,0.21800000000000003,6.170068593805484,9.346605969640624,-34.54227816666667,17.680580166666665
99.474,14.183981723862436,35.26983257732059,42.451777231892585,206.07355850468838,2026-06-25 00:07:51.795361,0.6360000000000001,0.21800000000000003,6.170104700438315,9.406330554395813,-34.54227816666667,17.680580166666665
99.257,14.190301470830942,35.27023438971874,42.45841486942479,206.02861806585312,2026-06-25 00:07:51.845348,0.6360000000000001,0.21800000000000003,6.1701191420901536,9.4017961518758,-34.54227816666667,17.680580166666665
98.982,14.196683493025832,35.27063305999902,42.46511320243844,205.98289769443306,2026-06-25 00:07:51.895335,0.6300000000000001,0.21800000000000003,6.17013358323938,9.39604978923523,-34.54227816666667,17.680580166666665
98.8655,14.20630066275342,35.27122580157196,42.47517739288399,205.89425104495152,2026-06-25 00:07:51.970316,0.6360000000000001,0.21800000000000003,6.170175459667295,9.393615421062044,-34.54227816666667,17.680580166666665
98.517,14.215913059113706,35.27181431044146,42.48518748890686,205.82941361798368,2026-06-25 00:07:52.045296,0.6360000000000001,0.21800000000000003,6.1701942305782005,9.386333212406631,-34.54227816666667,17.680580166666665
98.136,14.222278259122502,35.27220452147796,42.491784389178505,205.7860836577036,2026-06-25 00:07:52.095283,0.6360000000000001,0.21800000000000003,6.17020578144725,9.378371888166424,-34.54227816666667,17.680580166666665
98.025,14.231651036890142,35.272787904698674,42.50142707158637,205.7083226690533,2026-06-25 00:07:52.170264,0.6330000000000003,0.21800000000000003,6.170238988341767,9.376052447246048,-34.54227816666667,17.680580166666665
97.773,14.240731500044788,35.27337041047,42.51064842135829,205.63696695590653,2026-06-25 00:07:52.245244,0.6300000000000001,0.21800000000000003,6.170266418234303,9.370786689480871,-34.54227816666667,17.680580166666665
97.43433333333333,14.25198525686492,35.27414829985121,42.52173189265532,205.52158480310945,2026-06-25 00:07:52.345218,0.6300000000000001,0.21800000000000003,6.170324246767702,9.363709956822909,-34.54227816666667,17.680580166666665
97.016,14.262471224675028,35.27492968182234,42.531725577178875,205.45734473601257,2026-06-25 00:07:52.445192,0.6300000000000001,0.21800000000000003,6.170338593331794,9.35584909750323,-34.54227816666667,17.680580166666665
96.58,14.267375652528958,35.27532318161418,42.53627658219598,205.4196348176162,2026-06-25 00:07:52.495179,0.6300000000000001,0.21800000000000003,6.170350140182172,9.347884565365856,-34.54227816666667,17.680580166666665
96.2865,14.274509369324253,35.27651929528076,42.54284644689221,205.34720921410303,2026-06-25 00:07:52.570159,0.6300000000000001,0.21800000000000003,6.170384778764771,9.342523119993563,-34.54227816666667,17.680580166666665
96.443,14.281643319028817,35.27591828488107,42.54940608149719,205.30707889576894,2026-06-25 00:07:52.645140,0.6300000000000001,0.21800000000000003,6.170396324369788,9.345381948616268,-34.54227816666667,17.680580166666665
95.634,14.291769182502106,35.277336117056365,42.55879725931286,205.22053784659397,2026-06-25 00:07:52.745114,0.6300000000000001,0.21800000000000003,6.170428073016197,9.330603722700818,-34.54227816666667,17.680580166666665
95.7885,14.291966594183055,35.27733391232178,42.559012000806376,205.07985934541585,2026-06-25 00:07:52.745114,0.6300000000000001,0.21800000000000003,6.170422300354294,9.333426016772433,-34.54227816666667,17.680580166666665
95.15700000000001,14.30684079328844,35.27837804289851,42.57322524281517,204.82828675858954,2026-06-25 00:07:52.870081,0.6300000000000001,0.21800000000000003,6.170454047333885,9.350360982309413,-34.54227816666667,17.680580166666665
94.862,14.317685384339681,35.27945470707843,42.58403496540069,204.74098141877028,2026-06-25 00:07:52.945062,0.6300000000000001,0.21800000000000003,6.170488677321103,9.362579832591457,-34.54227816666667,17.680580166666665
94.995,14.325985806813355,35.2790193043827,42.592573064825025,204.69577441516608,2026-06-25 00:07:52.995049,0.6300000000000001,0.21800000000000003,6.170500219994286,9.357070995006671,-34.54227816666667,17.680580166666665
94.637,14.335157154972201,35.27989652134211,42.602232061909255,204.9359088724709,2026-06-25 00:07:53.045036,0.6300000000000001,0.21800000000000003,6.1705117623462415,9.371899294670984,-34.54227816666667,17.680580166666665
94.503,14.345188269155765,35.2803451331,42.613029495471615,204.8767429922347,2026-06-25 00:07:53.095023,0.6300000000000001,0.21800000000000003,6.170526189834478,9.377449552087235,-34.54227816666667,17.680580166666665
94.325,14.356009328549755,35.28080092261868,42.62487435345949,204.78819482932232,2026-06-25 00:07:53.145010,0.6300000000000001,0.21800000000000003,6.170563698955192,9.384822282087926,-34.54227816666667,17.680580166666665
93.99,14.367489376883553,35.28126426416688,42.63756014433001,204.71161166900674,2026-06-25 00:07:53.194997,0.6300000000000001,0.21800000000000003,6.170586779804923,9.398697925628554,-34.54227816666667,17.680580166666665
93.866,14.385534943041645,35.281975297078,42.657511724809524,204.58564734457858,2026-06-25 00:07:53.269977,0.6300000000000001,0.21800000000000003,6.170631494992513,9.40383398473016,-34.54227816666667,17.680580166666665
93.647,14.403877638569977,35.28270324685304,42.677522958286886,204.11518189043628,2026-06-25 00:07:53.344958,0.6300000000000001,0.21800000000000003,6.170719469766594,9.398734917418738,-34.54227816666667,17.680580166666665
93.185,14.416048992180787,35.28320040790835,42.69039724033183,204.01243054620318,2026-06-25 00:07:53.394944,0.6360000000000001,0.21800000000000003,6.1707627290535125,9.38463968764776,-34.54227816666667,17.680580166666665
92.86533333333334,14.440177388217618,35.284226354082726,42.714572506148556,203.7932844899478,2026-06-25 00:07:53.494918,0.6360000000000001,0.21800000000000003,6.170867465273245,9.374886927654709,-34.54227816666667,17.680580166666665
92.682,14.464716731286611,35.285285550001596,42.73817918115315,203.66235125878498,2026-06-25 00:07:53.594892,0.6360000000000001,0.21800000000000003,6.17089247983914,9.369293582507494,-34.54227816666667,17.680580166666665
92.039,14.477643900002073,35.28639045956417,42.75052105549088,203.5863491162745,2026-06-25 00:07:53.644879,0.6360000000000001,0.21800000000000003,6.170906894086709,9.349676195618448,-34.54227816666667,17.680580166666665
92.15,14.491199476094085,35.285832556357896,42.763677052674545,203.510451236064,2026-06-25 00:07:53.694866,0.6360000000000001,0.21800000000000003,6.174709340193191,9.353062711862124,-34.54227816666667,17.680580166666665
91.88050000000001,14.512975324145915,35.28724982478104,42.78552578174994,203.34407235118314,2026-06-25 00:07:53.769847,0.6360000000000001,0.21800000000000003,6.174775333356106,9.33952504858246,-34.54227816666667,17.680580166666665
91.568,14.5361524025211,35.28813238885051,42.80960508700274,203.19796585417143,2026-06-25 00:07:53.844827,0.6360000000000001,0.21800000000000003,6.1748183671016115,9.319510957423176,-34.54227816666667,17.680580166666665
91.451,14.552358171860048,35.28873667041745,42.82695172715341,203.0920208596581,2026-06-25 00:07:53.894814,0.6360000000000001,0.21800000000000003,6.17485279066716,9.31201768169314,-34.54227816666667,17.680580166666665
91.3,14.577422184823062,35.289667700596496,42.85408159139464,202.8507804416642,2026-06-25 00:07:53.969795,0.6360000000000001,0.21800000000000003,6.174976117388471,9.302346872844973,-34.54227816666667,17.680580166666665
90.938,14.603105093834785,35.29062392752178,42.88163181030973,202.94844653598705,2026-06-25 00:07:54.044775,0.6360000000000001,0.22000000000000003,6.175053537571876,9.27916254964606,-34.54227816666667,17.680580166666665
90.6935,14.629707924924762,35.29161247877381,42.90945613370273,202.75918624953243,2026-06-25 00:07:54.119756,0.6360000000000001,0.21800000000000003,6.175123774815761,9.263503524723037,-34.54227816666667,17.680580166666665
90.476,14.65738143585616,35.29262750726854,42.93793646654044,202.57557157083184,2026-06-25 00:07:54.194736,0.6360000000000001,0.21800000000000003,6.17518540379029,9.269480099779111,-34.54227816666667,17.680580166666665
90.302,14.67676308754062,35.293322162179855,42.95777657358698,202.74221489454166,2026-06-25 00:07:54.244723,0.6360000000000001,0.21800000000000003,6.175225528619928,9.276760246138167,-34.54227816666667,17.680580166666665
89.908,14.696973682368029,35.29403051567614,42.978556686247344,202.60830177492267,2026-06-25 00:07:54.294710,0.6360000000000001,0.21800000000000003,6.175268515176903,9.293245175250057,-34.54227816666667,17.680580166666665
89.67833333333334,14.74807292044442,35.29574857093163,43.03225321113201,202.61053555562464,2026-06-25 00:07:54.411346,0.6360000000000001,0.21846666666666656,6.176282959851731,9.30285441057839,-34.54227816666667,17.680580166666665
89.467,14.762763775377755,35.29623934829189,43.047667778262365,202.7419180150548,2026-06-25 00:07:54.444671,0.6360000000000001,0.21800000000000003,6.179207927764899,9.311696580677323,-34.54227816666667,17.680580166666665
89.092,14.809950868598555,35.29857667215183,43.0987343868254,202.64025563695537,2026-06-25 00:07:54.544645,0.6360000000000001,0.22000000000000003,6.179384675154724,9.327386551278739,-34.54227816666667,17.680580166666665
89.237,14.834091532972716,35.29778309190446,43.12506544844054,202.49122534828865,2026-06-25 00:07:54.594632,0.6300000000000001,0.21800000000000003,6.179433124852132,9.32131976264619,-34.54227816666667,17.680580166666665
88.616,14.870481658639832,35.299796284940676,43.16470410093565,202.53484013910278,2026-06-25 00:07:54.669612,0.6300000000000001,0.22000000000000003,6.179517184660092,9.161782462035621,-34.54227816666667,17.680580166666665
88.488,14.906600160951438,35.30104533128299,43.20387947036677,202.51850860016097,2026-06-25 00:07:54.744593,0.6360000000000001,0.22000000000000003,6.179661046641511,9.117250269970244,-34.54227816666667,17.680580166666665
88.247,14.930242651980038,35.30189775415212,43.22932804373758,202.35983016909856,2026-06-25 00:07:54.794580,0.6300000000000001,0.22000000000000003,6.1797151594611375,9.033404502097152,-34.54227816666667,17.680580166666665
87.981,14.9646040702424,35.303206109794665,43.26592299135724,202.41769592644306,2026-06-25 00:07:54.869560,0.6330000000000001,0.21800000000000003,6.183573991656693,8.94086104046129,-34.54227816666667,17.680580166666665
87.6405,15.017372245717109,35.30546368226664,43.32096632804601,202.44457473925493,2026-06-25 00:07:54.994528,0.6360000000000001,0.22000000000000003,6.183746836060655,8.822398451412381,-34.54227816666667,17.680580166666665
87.726,15.017986467679327,35.30545622966861,43.3217467584244,202.3031276354847,2026-06-25 00:07:54.994528,0.6300000000000001,0.22000000000000003,6.18374117441155,8.85214456408105,-34.54227816666667,17.680580166666665
86.99600000000001,15.063578547555675,35.30780318867093,43.36765582812086,202.3491186048051,2026-06-25 00:07:55.119495,0.6360000000000001,0.22000000000000003,6.183919611619826,8.794421190461573,-34.54227816666667,17.680580166666665
86.678,15.08720686015243,35.30925293321987,43.39048892161786,202.29113894244284,2026-06-25 00:07:55.194475,0.6300000000000001,0.21800000000000003,6.184013053001712,8.792890148863092,-34.54227816666667,17.680580166666665
86.4745,15.108166741842233,35.31073955550206,43.40993986170349,202.3052121756746,2026-06-25 00:07:55.269456,0.6330000000000006,0.22000000000000003,6.184052686674229,8.79191037853199,-34.54227816666667,17.680580166666665
86.174,15.13389763955735,35.312770448690486,43.433344762112256,202.40992509797718,2026-06-25 00:07:55.369430,0.6329999999999996,0.22000000000000003,6.186010275009905,8.790463592367386,-34.54227816666667,17.680580166666665
85.76,15.152437225497808,35.31432980477227,43.450280167781386,202.4222052644687,2026-06-25 00:07:55.444410,0.6300000000000001,0.22000000000000003,6.187945054745308,8.788470349531629,-34.54227816666667,17.680580166666665
85.678,15.164899325504416,35.3153884452568,43.46188693243212,202.62166025275712,2026-06-25 00:07:55.494397,0.6360000000000001,0.22000000000000003,6.187981673257593,8.763988216288714,-34.54227816666667,17.680580166666665
85.479,15.184757896088204,35.31700460304185,43.48086410785065,202.5879337546729,2026-06-25 00:07:55.569378,0.6360000000000001,0.22000000000000003,6.186181083217497,8.704574258784577,-34.54227816666667,17.680580166666665
84.82533333333333,15.224534485735077,35.31976729498452,43.52056575699041,202.62802662037748,2026-06-25 00:07:55.694345,0.6408067226890756,0.22000000000000003,6.188115651783152,8.509413838909172,-34.54227816666667,17.680580166666665
84.65,15.26461878316429,35.322031459226935,43.56235488255461,203.1329954253806,2026-06-25 00:07:55.794319,0.6360000000000001,0.22000000000000003,6.188198499829239,8.457065862950753,-34.54227816666667,17.680580166666665
84.20933333333333,15.316928889168357,35.32435645958804,43.61935667630221,202.95038028490674,2026-06-25 00:07:55.894293,0.6360000000000001,0.22000000000000003,6.1885933751375815,8.325499276986813,-34.54227816666667,17.680580166666665
83.895,15.377454076773207,35.32672335677306,43.68675068694008,203.89521753769384,2026-06-25 00:07:55.994267,0.6360000000000001,0.22000000000000003,6.192186515420253,8.159526925661993,-34.54227816666667,17.680580166666665
83.705,15.41065739365145,35.32792711069375,43.72417977153634,204.26701713565063,2026-06-25 00:07:56.044254,0.6360000000000001,0.22000000000000003,6.192259324459003,8.056189170882991,-34.54227816666667,17.680580166666665
83.17399999999999,15.477676928244668,35.33037335830482,43.79988722030141,204.74908301248533,2026-06-25 00:07:56.144228,0.6360000000000001,0.21811111111111167,6.19638733358036,7.767387340421668,-34.54227816666667,17.680580166666665
82.755,15.56722437835257,35.334121454553724,43.89889320836057,204.73681309799255,2026-06-25 00:07:56.294189,0.6360000000000001,0.21900000000000003,6.196608160939413,7.539500396987972,-34.54227816666667,17.680580166666665
82.63900000000001,15.59178187037628,35.33539099160669,43.924970230376175,204.84308976812517,2026-06-25 00:07:56.344176,0.6360000000000001,0.21899999999999992,6.1985697548919125,7.516821124751935,-34.54227816666667,17.680580166666665
82.28,15.632649564016722,35.337954599147174,43.96647359399637,205.067211665175,2026-06-25 00:07:56.444150,0.6360000000000001,0.22000000000000003,6.200627038403191,7.484573915872736,-34.54227816666667,17.680580166666665
81.855,15.647321448438957,35.33925265058488,43.979910755021045,205.25272442291902,2026-06-25 00:07:56.494137,0.6360000000000001,0.21800000000000003,6.200668559669834,7.44639825076505,-34.54227816666667,17.680580166666665
81.534,15.659135474891674,35.340559377509926,43.98986496447199,205.43169187300683,2026-06-25 00:07:56.544124,0.6360000000000001,0.21800000000000003,6.200726682197118,7.417564395471951,-34.54227816666667,17.680580166666665
81.44999999999999,15.672373511870074,35.342535801381146,43.999632400012786,205.64515599812174,2026-06-25 00:07:56.619104,0.6360000000000001,0.22000000000000003,6.200751589110896,7.410019087544783,-34.54227816666667,17.680580166666665
81.262,15.682564921723364,35.34452750671738,44.006250960041235,205.86382108403802,2026-06-25 00:07:56.694085,0.6360000000000001,0.22000000000000003,6.200782029127092,7.393131969803031,-34.54227816666667,17.680580166666665
81.06,15.691243505652489,35.346536676898346,44.01196768028164,205.95175014874215,2026-06-25 00:07:56.769065,0.6360000000000001,0.22000000000000003,6.204567650387513,7.374987300740084,-34.54227816666667,17.680580166666665
80.44466666666666,15.708150255318253,35.34991566311951,44.026540613403675,206.52312054933583,2026-06-25 00:07:56.894032,0.6360000000000001,0.22000000000000003,6.204582638429612,7.31971492600378,-34.54227816666667,17.680580166666665
80.24,15.726093711962681,35.35263982404433,44.045332202554775,207.1203653459787,2026-06-25 00:07:56.994006,0.6360000000000001,0.22000000000000003,6.204592435454281,7.293268212800457,-34.54227816666667,17.680580166666665
79.66799999999999,15.753473914718318,35.35584282780463,44.07779594329666,207.49806864086756,2026-06-25 00:07:57.110643,0.6360000000000001,0.22000000000000003,6.204625785687729,7.199963203932225,-34.54227816666667,17.680580166666665
79.339,15.761582750157428,35.35675834557968,44.087585260354544,207.4341499935303,2026-06-25 00:07:57.143967,0.6360000000000001,0.22000000000000003,6.204705325616793,7.146296511768505,-34.54227816666667,17.680580166666665
78.949,15.786537501749164,35.359517793607516,44.1178224759433,207.50812696101755,2026-06-25 00:07:57.243941,0.6360000000000001,0.22000000000000003,6.208572292145442,7.082679460267438,-34.54227816666667,17.680580166666665
78.882,15.798385094249973,35.360900043805046,44.13163123448523,207.71188069030265,2026-06-25 00:07:57.293928,0.6360000000000001,0.22000000000000003,6.208613379375717,7.069414362733464,-34.54227816666667,17.680580166666665
78.64150000000001,15.814868884163264,35.36297504830529,44.14978626042459,208.0106689650886,2026-06-25 00:07:57.368909,0.6360000000000001,0.22000000000000003,6.208684586984852,7.0217986021824,-34.54227816666667,17.680580166666665
78.39,15.830158857003802,35.365050284885925,44.16557287260213,208.05621099361164,2026-06-25 00:07:57.443889,0.6360000000000001,0.22000000000000003,6.208717447935027,6.9720049897974,-34.54227816666667,17.680580166666665
78.221,15.839797668306762,35.36643298725022,44.17497317315619,208.29497231858997,2026-06-25 00:07:57.493876,0.6360000000000001,0.22000000000000003,6.2087366154738435,6.938545266166924,-34.54227816666667,17.680580166666665
78.107,15.85411335318863,35.36850413732802,44.18856476920004,208.34116204908347,2026-06-25 00:07:57.568857,0.6360000000000001,0.22000000000000003,6.208773578419043,6.9159748017061276,-34.54227816666667,17.680580166666665
77.803,15.868987541189096,35.370570934192045,44.20270035370747,208.6979689573938,2026-06-25 00:07:57.643837,0.6420000000000001,0.22000000000000003,6.2088023257005505,6.8557868964773405,-34.54227816666667,17.680580166666665
77.123,15.879736389605045,35.37468138025902,44.21314753716581,208.93478158012044,2026-06-25 00:07:57.693824,0.6420000000000001,0.22000000000000003,6.208813276343955,6.687395198021522,-34.54227816666667,17.680580166666665
77.311,15.89141708958447,35.37331526821365,44.22478790335718,208.86440826624752,2026-06-25 00:07:57.743811,0.6420000000000001,0.22000000000000003,6.212599043625684,6.75837752354128,-34.54227816666667,17.680580166666665
77.337,15.904257208105959,35.37194492247269,44.237883327089165,209.0607827686122,2026-06-25 00:07:57.793798,0.6360000000000001,0.22000000000000003,6.212648080639758,6.763525173330583,-34.54227816666667,17.680580166666665
76.8675,15.926379106660853,35.37672059834826,44.26095066789293,209.36679275419093,2026-06-25 00:07:57.868778,0.6420000000000001,0.22000000000000003,6.212691663733907,6.5909271971156835,-34.54227816666667,17.680580166666665
76.5865,15.961699309243244,35.37942000256012,44.29839275148843,209.72815544037803,2026-06-25 00:07:57.968752,0.6420000000000001,0.22000000000000003,6.212776090822078,6.484831274397322,-34.54227816666667,17.680580166666665
76.207,15.993540005837291,35.38142766454771,44.33229793673651,209.94430284782274,2026-06-25 00:07:58.043733,0.6420000000000001,0.22000000000000003,6.2128659490486005,6.341545143893343,-34.54227816666667,17.680580166666665
76.021,16.018356793333464,35.38275591319448,44.358620476921224,210.08452852436315,2026-06-25 00:07:58.093720,0.6420000000000001,0.22000000000000003,6.21668001888768,6.271317949496139,-34.54227816666667,17.680580166666665
75.899,16.046479080937548,35.38407578102725,44.38837028406356,210.20547314181292,2026-06-25 00:07:58.143707,0.6420000000000001,0.22000000000000003,6.216736908608287,6.225254951020553,-34.54227816666667,17.680580166666665
75.657,16.078472247884843,35.385386682735,44.42225500556135,209.96843916977764,2026-06-25 00:07:58.193694,0.6420000000000001,0.22000000000000003,6.216820873570952,6.134535995841083,-34.54227816666667,17.680580166666665
75.4805,16.135353161174248,35.38733365209768,44.48324370000459,211.2176397776875,2026-06-25 00:07:58.268674,0.6420000000000001,0.22000000000000003,6.218750302982984,6.068371138034573,-34.54227816666667,17.680580166666665
75.172,16.201362085729876,35.38925980229372,44.55565057902409,211.82346025386684,2026-06-25 00:07:58.343655,0.6420000000000001,0.22000000000000003,6.22067147390903,5.952723213766529,-34.54227816666667,17.680580166666665
74.958,16.302438817492597,35.39178653484694,44.67090110770757,213.34892899830368,2026-06-25 00:07:58.443628,0.6420000000000001,0.22000000000000003,6.224628421476887,5.872500666624355,-34.54227816666667,17.680580166666665
74.82033333333334,16.33744952963109,35.39260816901729,44.71241967200751,213.9608308127792,2026-06-25 00:07:58.476953,0.6420000000000001,0.22000000000000003,6.224797323221272,5.820893327107663,-34.54227816666667,17.680580166666665
74.506,16.455938396501008,35.39548254435982,44.851563896934266,213.62764275988883,2026-06-25 00:07:58.593589,0.6420000000000001,0.22000000000000003,6.229158784219088,5.7030586511651835,-34.54227816666667,17.680580166666665
74.144,16.502124896500288,35.39668732033364,44.90492082796487,214.509279087474,2026-06-25 00:07:58.643576,0.6420000000000001,0.22000000000000003,6.229307824929517,5.567355090111601,-34.54227816666667,17.680580166666665
73.97200000000001,16.565272977220395,35.39846528532725,44.974517607969055,214.8524954355726,2026-06-25 00:07:58.718557,0.6480000000000001,0.2209999999999998,6.233209243310323,5.447086249025897,-34.54227816666667,17.680580166666665
73.887,16.62370100799192,35.400212814287364,45.03552783910323,215.25139743169817,2026-06-25 00:07:58.793537,0.6480000000000001,0.22199999999999998,6.237082852795577,5.387651065931211,-34.54227816666667,17.680580166666665
73.26675,16.717423992638277,35.403031089064235,45.12892797980515,217.448039237101,2026-06-25 00:07:58.918505,0.6480000000000001,0.22000000000000003,6.2409709734881265,4.953949038702089,-34.54227816666667,17.680580166666665
72.744,16.81504375865506,35.40576409455819,45.22778272834363,219.18303482423482,2026-06-25 00:07:59.043472,0.6480000000000001,0.22000000000000003,6.244909831192257,4.588422662669804,-34.54227816666667,17.680580166666665
72.679,16.856523143767372,35.40682172171303,45.27141996290278,219.88520331538314,2026-06-25 00:07:59.093459,0.6480000000000001,0.22199999999999998,6.248740519812466,4.516902024948966,-34.54227816666667,17.680580166666665
72.45233333333334,16.94104590323536,35.40887478315921,45.36271979506947,221.44242544487446,2026-06-25 00:07:59.193433,0.6480000000000001,0.22000000000000003,6.252812864914353,4.267496724178866,-34.54227816666667,17.680580166666665
72.02,17.042963496454906,35.411344767968686,45.47424745883022,224.31992705005823,2026-06-25 00:07:59.318400,0.6480000000000001,0.221,6.2567955389113425,3.791792790209983,-34.54227816666667,17.680580166666665
71.65033333333334,17.129341946014886,35.413681612227,45.56765891187927,226.3928164789239,2026-06-25 00:07:59.443368,0.6480000000000001,0.22000000000000003,6.260919326052992,3.3850420864540336,-34.54227816666667,17.680580166666665
71.25399999999999,17.196764656542527,35.415898014461845,45.63689194779607,227.64120231175065,2026-06-25 00:07:59.568335,0.6480000000000001,0.22000000000000003,6.264844990145561,2.948949582607463,-34.54227816666667,17.680580166666665
71.013,17.236556513351587,35.41757243845272,45.6745695592806,229.40847752820366,2026-06-25 00:07:59.668309,0.6480000000000001,0.22199999999999998,6.2686839047312946,2.862291530399865,-34.54227816666667,17.680580166666665
70.8485,17.26713118788594,35.41916065426234,45.70195313760253,230.54550471117054,2026-06-25 00:07:59.768283,0.675,0.222,6.270641222444273,2.810656207149526,-34.54227816666667,17.680580166666665
70.25,17.28580375517784,35.42102584873544,45.718393561529744,231.78936259133644,2026-06-25 00:07:59.843264,0.708,0.22399999999999998,6.2725631852629355,2.6227915204302112,-34.54227816666667,17.680580166666665
70.419,17.29651242110902,35.420297332064244,45.727925743137575,232.07230486756438,2026-06-25 00:07:59.893251,0.708,0.22399999999999998,6.272580719111982,2.6758393601220467,-34.54227816666667,17.680580166666665
70.027,17.31036784824579,35.422074503904,45.74059324712701,232.63938074406448,2026-06-25 00:07:59.968231,0.708,0.22399999999999998,6.2726308101229264,2.5603955527131665,-34.54227816666667,17.680580166666665
69.842,17.32217063149154,35.42307892984358,45.75165414490452,233.57286020242867,2026-06-25 00:08:00.043212,0.708,0.22399999999999998,6.276428594011696,2.5525533900355564,-34.54227816666667,17.680580166666665
69.43966666666667,17.33413003849375,35.42432962603516,45.76288222926096,234.18516620674865,2026-06-25 00:08:00.143185,0.708,0.22399999999999998,6.276457436161945,2.5354984524646094,-34.54227816666667,17.680580166666665
69.0235,17.34657811947757,35.42605847493284,45.77351923312442,235.2923119213402,2026-06-25 00:08:00.293146,0.711,0.22399999999999998,6.27651577458211,2.5178571189456966,-34.54227816666667,17.680580166666665
69.143,17.346843975101496,35.42604752348086,45.773843582610816,235.472473296895,2026-06-25 00:08:00.293146,0.708,0.22399999999999998,6.276515774590685,2.522922732134748,-34.54227816666667,17.680580166666665
68.35,17.354363918418176,35.42758294149068,45.77866888743307,236.11682625505554,2026-06-25 00:08:00.443107,0.708,0.22399999999999998,6.280282815408982,2.4893074077923423,-34.54227816666667,17.680580166666665
68.6215,17.354170873194157,35.42757217483961,45.778492899236085,236.30169019538312,2026-06-25 00:08:00.443107,0.711,0.22399999999999998,6.276538188921186,2.500816311397592,-34.54227816666667,17.680580166666665
68.302,17.35737831168505,35.42849138006924,45.7799658184217,236.44119690824687,2026-06-25 00:08:00.543081,0.708,0.22399999999999998,6.28029768027524,2.487272684503017,-34.54227816666667,17.680580166666665
68.029,17.358784032448508,35.429114377205664,45.78016721980667,236.78080749251603,2026-06-25 00:08:00.618062,0.708,0.22399999999999998,6.276561847265391,2.475700195794975,-34.54227816666667,17.680580166666665
67.7445,17.359889380258466,35.42987554967094,45.77983064451337,237.13148512720937,2026-06-25 00:08:00.718036,0.708,0.22399999999999998,6.280308828519851,2.4636402212988666,-34.54227816666667,17.680580166666665
67.717,17.36029599355793,35.43039515245735,45.77937715589377,237.4910013911962,2026-06-25 00:08:00.793016,0.708,0.22399999999999998,6.280310067194746,2.462474494414357,-34.54227816666667,17.680580166666665
67.523,17.360418546978753,35.43071469778677,45.779085911050316,237.484155663479,2026-06-25 00:08:00.843003,0.726,0.22599999999999998,6.28031254452748,2.454250821119998,-34.54227816666667,17.680580166666665
67.26,17.360480477908336,35.43101443280831,45.77885993306499,237.47687395884859,2026-06-25 00:08:00.892990,0.726,0.22599999999999998,6.28031502184316,2.443102233097233,-34.54227816666667,17.680580166666665
67.0135,17.360560095783107,35.43142512652143,45.77873738057741,237.65765169587792,2026-06-25 00:08:00.967970,0.726,0.22599999999999998,6.280313783185321,2.4326530812051734,-34.54227816666667,17.680580166666665
66.903,17.360722024336333,35.43179766179786,45.77890083616027,237.8395653328165,2026-06-25 00:08:01.042951,0.726,0.22599999999999998,6.28031254452748,2.4279689786328715,-34.54227816666667,17.680580166666665
66.509,17.361215644424092,35.432226271915006,45.77973583204187,237.83624222292738,2026-06-25 00:08:01.142925,0.726,0.22599999999999998,6.280310067194746,2.411267291632988,-34.54227816666667,17.680580166666665
66.61,17.36125311776476,35.43221730524006,45.779799451334895,238.0200280108256,2026-06-25 00:08:01.142925,0.726,0.22599999999999998,6.280310067194746,2.415548688554278,-34.54227816666667,17.680580166666665
66.2005,17.36224763142838,35.43265937494867,45.78138617901703,238.18203281035557,2026-06-25 00:08:01.267892,0.726,0.22599999999999998,6.2803174991332575,2.3981899554922164,-34.54227816666667,17.680580166666665
65.965,17.363023791435136,35.43287117342778,45.78233306911277,238.17567090929802,2026-06-25 00:08:01.342873,0.726,0.22599999999999998,6.280317499141786,2.388207094353961,-34.54227816666667,17.680580166666665
65.874,17.36360222471898,35.43299028428217,45.78287391911435,238.1718936347601,2026-06-25 00:08:01.392860,0.726,0.22599999999999998,6.280317499141786,2.384349598117947,-34.54227816666667,17.680580166666665
65.394,17.36421546034417,35.433180644083585,45.78336502930368,238.15991030892462,2026-06-25 00:08:01.442847,0.726,0.22599999999999998,6.280319976423356,2.364002365224688,-34.54227816666667,17.680580166666665
65.534,17.364854957405786,35.43309331001282,45.78384036420074,238.15863492664118,2026-06-25 00:08:01.492834,0.726,0.22599999999999998,6.280319976423356,2.3699369748185553,-34.54227816666667,17.680580166666665
65.259,17.365868247816657,35.433281264835394,45.78460636166538,238.3226864056547,2026-06-25 00:08:01.567814,0.726,0.22599999999999998,6.2803274081572145,2.358279705973459,-34.54227816666667,17.680580166666665
64.8125,17.367360861558154,35.43332821208494,45.78588314693664,238.49609200096174,2026-06-25 00:08:01.667788,0.726,0.22599999999999998,6.280326169550538,2.339352540375875,-34.54227816666667,17.680580166666665
64.67,17.369065559221337,35.43334393956275,45.78765042830556,238.48112419378845,2026-06-25 00:08:01.767762,0.726,0.22599999999999998,6.280329885370568,2.3333119556106885,-34.54227816666667,17.680580166666665
64.08566666666665,17.371603561655704,35.43332821208494,45.79071463676092,238.44441278556448,2026-06-25 00:08:01.909392,0.7305098039215694,0.22750326797385645,6.280342303468834,2.3085420255677134,-34.54227816666667,17.680580166666665
64.275,17.372214916682893,35.43334393956275,45.79148714554442,238.44369543116667,2026-06-25 00:08:01.942716,0.732,0.22799999999999998,6.280342271190059,2.3165678785422776,-34.54227816666667,17.680580166666665
63.632666666666665,17.374655551350358,35.43312218974348,45.79422819989431,238.7881926241238,2026-06-25 00:08:02.109340,0.732,0.22653613053613053,6.284089712988242,2.2893393245247005,-34.54227816666667,17.680580166666665
63.385999999999996,17.375710191036774,35.43298327829562,45.79512808784622,238.77627993106842,2026-06-25 00:08:02.192651,0.732,0.2269999999999999,6.2822206095490545,2.27888310762122,-34.54227816666667,17.680580166666665
62.98,17.37684592611029,35.43278349263165,45.79579247102419,239.13281225784831,2026-06-25 00:08:02.292625,0.732,0.22599999999999998,6.284093980815019,2.261672739799005,-34.54227816666667,17.680580166666665
62.81,17.37759055599411,35.43260674239543,45.796019643242005,238.93644015445525,2026-06-25 00:08:02.367606,0.732,0.22799999999999998,6.284098909133469,2.254466428149309,-34.54227816666667,17.680580166666665
62.39533333333333,17.378651028013447,35.432274012510256,45.79609209390802,238.74379805944463,2026-06-25 00:08:02.492573,0.732,0.22799999999999998,6.280354656574702,2.236888679733188,-34.54227816666667,17.680580166666665
61.845,17.37940965174517,35.431820236149505,45.79584907381914,239.09513639329865,2026-06-25 00:08:02.642534,0.732,0.22599999999999998,6.2841038374010285,2.2135600120201526,-34.54227816666667,17.680580166666665
61.986,17.37934196547797,35.43182302657863,45.79582463002463,239.09696240754732,2026-06-25 00:08:02.642534,0.732,0.22699999999999998,6.282231736858714,2.2195370116825472,-34.54227816666667,17.680580166666665
61.3995,17.37858914621087,35.43122669823241,45.79475770792561,239.09114630398628,2026-06-25 00:08:02.817488,0.732,0.22699999999999992,6.2841063015051235,2.257647160233459,-34.54227816666667,17.680580166666665
61.6045,17.378744601041987,35.431230925247945,45.79488447236131,239.09453403509286,2026-06-25 00:08:02.817488,0.732,0.22699999999999998,6.2841050694530765,2.2131031268911716,-34.54227816666667,17.680580166666665
61.217,17.377169263458867,35.43077622907294,45.79334024293915,239.0925203423444,2026-06-25 00:08:02.942456,0.732,0.22599999999999998,6.284108765592255,2.2973022143064727,-34.54227816666667,17.680580166666665
61.078,17.376345399711084,35.43058803408222,45.79245685972307,239.09883114472336,2026-06-25 00:08:02.992443,0.738,0.22599999999999998,6.2841063015051235,2.3275052417922186,-34.54227816666667,17.680580166666665
60.768,17.375478740409758,35.43039688726238,45.791451745963315,239.11106088333366,2026-06-25 00:08:03.042430,0.732,0.22599999999999998,6.28409890914195,2.3948645117244594,-34.54227816666667,17.680580166666665
60.576,17.37420567670267,35.43010512881375,45.789835648192295,239.1189986473807,2026-06-25 00:08:03.117410,0.732,0.22599999999999998,6.280352179531878,2.436583801488944,-34.54227816666667,17.680580166666665
60.359,17.37306730406345,35.42980917422783,45.78828805497183,238.7621666874879,2026-06-25 00:08:03.192391,0.732,0.22599999999999998,6.280347225395074,2.483735290441512,-34.54227816666667,17.680580166666665
60.008,17.37213483809959,35.42940827892187,45.78682009720541,238.9508272979065,2026-06-25 00:08:03.292365,0.732,0.22599999999999998,6.2822169003606625,2.56000336704221,-34.54227816666667,17.680580166666665
60.185,17.372033015046362,35.429408771530895,45.78671790259509,238.76557941154408,2026-06-25 00:08:03.292365,0.738,0.22599999999999998,6.284091516626108,2.5215433967905763,-34.54227816666667,17.680580166666665
59.884,17.37179499629372,35.429004419354115,45.78595266848119,239.15059487860745,2026-06-25 00:08:03.392339,0.738,0.22599999999999998,6.280334839754641,2.537902299790346,-34.54227816666667,17.680580166666665
59.4435,17.372621626610815,35.42849703336151,45.786210085577494,238.77510511731322,2026-06-25 00:08:03.517306,0.738,0.22599999999999998,6.2840791954270925,2.2906934671588886,-34.54227816666667,17.680580166666665
59.626999999999995,17.3727213120811,35.428497321121284,45.78636618978108,238.76718730988236,2026-06-25 00:08:03.517306,0.732,0.22599999999999998,6.282213210411084,2.3936737640666554,-34.54227816666667,17.680580166666665
59.23,17.37406365102323,35.427991355774665,45.78739268341329,238.74431000527065,2026-06-25 00:08:03.642273,0.732,0.22599999999999998,6.284093980815019,2.170877154407885,-34.54227816666667,17.680580166666665
58.981,17.37502171492679,35.427690634322666,45.78834268624436,238.9234046176371,2026-06-25 00:08:03.717254,0.735,0.22599999999999998,6.282220609549055,2.0311382229090613,-34.54227816666667,17.680580166666665
58.77,17.375961996335146,35.42739244589009,45.78935337346438,238.73534904842919,2026-06-25 00:08:03.792234,0.738,0.22599999999999998,6.280347225395074,2.049223839015208,-34.54227816666667,17.680580166666665
58.55233333333333,17.377018839611985,35.42700144643979,45.79070313425382,239.08764751609095,2026-06-25 00:08:03.892208,0.738,0.22599999999999998,6.280352944051268,2.1093468996907183,-34.54227816666667,17.680580166666665
58.233,17.377793983603198,35.426617114161395,45.79190279762267,239.07482599100115,2026-06-25 00:08:03.992182,0.732,0.22599999999999998,6.284101373279971,2.1975519412330415,-34.54227816666667,17.680580166666665
58.068,17.3780153550799,35.42642875023766,45.792348463784684,239.0723082704668,2026-06-25 00:08:04.042169,0.732,0.22599999999999998,6.280357133600473,2.2431276150988553,-34.54227816666667,17.680580166666665
57.88666666666666,17.378196720229695,35.42606076663203,45.79282029646874,239.0624930580625,2026-06-25 00:08:04.142143,0.732,0.2253691756272401,6.280362087600862,2.288871429325713,-34.54227816666667,17.680580166666665
57.388,17.378307472047357,35.42570230057937,45.79295529268797,239.05712537614426,2026-06-25 00:08:04.242117,0.726,0.22599999999999998,6.2841063015051235,2.3527735968231145,-34.54227816666667,17.680580166666665
57.254333333333335,17.37873483338043,35.425358452955486,45.79307726239468,239.07299847916659,2026-06-25 00:08:04.342091,0.732,0.22599999999999998,6.284094072080647,2.369902453217805,-34.54227816666667,17.680580166666665
57.0115,17.37976669215211,35.42494566908344,45.79368425716217,239.058846578352,2026-06-25 00:08:04.467058,0.732,0.22599999999999998,6.282226782858326,2.4010205875907045,-34.54227816666667,17.680580166666665
56.738,17.380541223416994,35.42470876067284,45.79427206368609,239.05270650290353,2026-06-25 00:08:04.542039,0.732,0.22599999999999998,6.28409890914195,2.436068534403283,-34.54227816666667,17.680580166666665
56.529,17.38101213273872,35.42455581670327,45.79465408046058,239.0409631306059,2026-06-25 00:08:04.592026,0.732,0.22399999999999998,6.280359610609193,2.462851060486752,-34.54227816666667,17.680580166666665
56.4045,17.381545633378416,35.42433412204974,45.79506276470909,239.01860370399504,2026-06-25 00:08:04.667006,0.732,0.22499999999999998,6.2822440765744485,2.4788052446848003,-34.54227816666667,17.680580166666665
56.2725,17.381959657629604,35.424051717018585,45.79522428806284,239.20360429205826,2026-06-25 00:08:04.766980,0.732,0.22599999999999998,6.282241606094595,2.446182098282939,-34.54227816666667,17.680580166666665
56.028,17.382092025831366,35.42385000368025,45.7950723609666,239.39234828684206,2026-06-25 00:08:04.841961,0.732,0.22599999999999998,6.284108765592255,2.3127227187358983,-34.54227816666667,17.680580166666665
55.9015,17.382087406226987,35.423658562413216,45.79472402086034,239.2052582948158,2026-06-25 00:08:04.916941,0.732,0.22499999999999998,6.28223790356265,2.2436731828966328,-34.54227816666667,17.680580166666665
55.6625,17.381934708662328,35.423417171948664,45.79411972801208,239.3840622342068,2026-06-25 00:08:05.016915,0.732,0.22599999999999998,6.282240367624338,2.14669656755195,-34.54227816666667,17.680580166666665
55.308,17.381695839837782,35.423138478154385,45.79340436521228,239.3798317818888,2026-06-25 00:08:05.141883,0.732,0.22599999999999998,6.284113693715631,2.2391911353305245,-34.54227816666667,17.680580166666665
55.4385,17.381729301858314,35.42314057854271,45.793445208656806,239.38297958480481,2026-06-25 00:08:05.141883,0.732,0.22799999999999998,6.28036827998625,2.2051416541031514,-34.54227816666667,17.680580166666665
54.84366666666667,17.38206517258371,35.42281160759445,45.7933126360104,239.26696061204845,2026-06-25 00:08:05.308506,0.732,0.22799999999999998,6.281548667636903,2.360342929327282,-34.54227816666667,17.680580166666665
54.673,17.382187882454804,35.42274792150185,45.79335261452147,239.38265024554036,2026-06-25 00:08:05.341830,0.732,0.22599999999999998,6.280362087600862,2.404872519080578,-34.54227816666667,17.680580166666665
54.447,17.38281277877313,35.42257756136763,45.79379324206461,239.00558720296863,2026-06-25 00:08:05.441804,0.732,0.22799999999999998,6.284108765592255,2.4638394367617,-34.54227816666667,17.680580166666665
54.23466666666667,17.383395185553105,35.422424846010436,45.79422809332192,239.35867550727585,2026-06-25 00:08:05.541778,0.732,0.22599999999999998,6.283173126096789,2.5192405083883584,-34.54227816666667,17.680580166666665
53.976,17.38383451277336,35.42228545564482,45.79454943000726,239.3531238692628,2026-06-25 00:08:05.641752,0.732,0.22799999999999998,6.284116157751876,2.508335999095467,-34.54227816666667,17.680580166666665
53.793,17.383964764581187,35.42222230415608,45.79464112520898,239.35064349061892,2026-06-25 00:08:05.691739,0.732,0.22799999999999998,6.284116157751876,2.4947748962713994,-34.54227816666667,17.680580166666665
53.683,17.384056702082955,35.4221352405704,45.79470021829792,239.16317725566452,2026-06-25 00:08:05.766720,0.732,0.22699999999999998,6.284117389761517,2.4866234136995553,-34.54227816666667,17.680580166666665
53.4825,17.384069546141504,35.42203162570179,45.79466247536692,239.16110377810807,2026-06-25 00:08:05.866694,0.732,0.22799999999999998,6.2841173897615175,2.471765484102694,-34.54227816666667,17.680580166666665
53.106,17.384095211138302,35.421922004816565,45.794484780053665,239.34684628292132,2026-06-25 00:08:05.991661,0.732,0.22799999999999998,6.284113693715631,2.4249615739931567,-34.54227816666667,17.680580166666665
53.2545,17.384108882519755,35.42192372815642,45.79448144258557,239.34459934362332,2026-06-25 00:08:05.991661,0.732,0.22799999999999998,6.282244070122358,2.4548696838628716,-34.54227816666667,17.680580166666665
52.8975,17.38424348778193,35.421834778370894,45.794238649758086,239.34782942237715,2026-06-25 00:08:06.116628,0.732,0.22699999999999998,6.284111229662424,2.3733511547045127,-34.54227816666667,17.680580166666665
52.43266666666667,17.384190251660456,35.42172693783516,45.79377228741986,239.33517444034607,2026-06-25 00:08:06.241596,0.732,0.22799999999999998,6.284116456419851,2.2582900360825886,-34.54227816666667,17.680580166666665
52.53,17.38389267753202,35.421768062896355,45.79311445142588,239.33041119402995,2026-06-25 00:08:06.341570,0.732,0.22799999999999998,6.284121085773479,2.282383149483522,-34.54227816666667,17.680580166666665
52.047000000000004,17.383434730843017,35.42169918427148,45.79215572306021,239.33874148205075,2026-06-25 00:08:06.441544,0.732,0.22599999999999998,6.284113693715631,2.1628251997645056,-34.54227816666667,17.680580166666665
51.7825,17.382926908798595,35.421687607851815,45.79095443464659,239.1541297973485,2026-06-25 00:08:06.566511,0.732,0.22599999999999998,6.28411369370715,2.150647940388226,-34.54227816666667,17.680580166666665
51.4955,17.38272669473264,35.42167780320633,45.790283696076656,239.151961611997,2026-06-25 00:08:06.666485,0.732,0.22699999999999998,6.284113693715631,2.1861961624886734,-34.54227816666667,17.680580166666665
51.0295,17.382809552722463,35.421687607851815,45.79003054812412,239.33251163907545,2026-06-25 00:08:06.766459,0.732,0.22700000000000012,6.284112461689028,2.209309782717579,-34.54227816666667,17.680580166666665
51.2,17.383191132543903,35.42167780320633,45.79023423015917,239.33641264541677,2026-06-25 00:08:06.866433,0.732,0.22799999999999998,6.280365803054261,2.222797206498019,-34.54227816666667,17.680580166666665
50.7915,17.383737771047933,35.42170698655339,45.79079396338561,239.3256757709067,2026-06-25 00:08:06.966407,0.732,0.22599999999999998,6.284112461689028,2.179321802283517,-34.54227816666667,17.680580166666665
50.556,17.384135774734688,35.421725826259106,45.79129970694512,239.315608662498,2026-06-25 00:08:07.041387,0.732,0.22799999999999998,6.284116157751876,2.1496488216439293,-34.54227816666667,17.680580166666665
50.473,17.384355862040263,35.42174049474998,45.79160092048005,239.3099004279649,2026-06-25 00:08:07.091374,0.732,0.22599999999999998,6.284118621771158,2.1391908284673447,-34.54227816666667,17.680580166666665
50.254999999999995,17.384628756164673,35.42176538173693,45.791922854151395,239.30058532448763,2026-06-25 00:08:07.166355,0.732,0.22799999999999998,6.284122317766158,2.1117228463890854,-34.54227816666667,17.680580166666665
49.97,17.385139666989726,35.42181326969357,45.79229304939665,239.30457004052684,2026-06-25 00:08:07.291322,0.732,0.22599999999999998,6.284116157751876,2.075812869818885,-34.54227816666667,17.680580166666665
49.473,17.385708804878476,35.42185607752588,45.79270039983745,239.3003273962055,2026-06-25 00:08:07.391296,0.732,0.22599999999999998,6.284113693715631,2.206745270876681,-34.54227816666667,17.680580166666665
49.2445,17.386219205974648,35.42189102816566,45.79313622181451,239.28980083189268,2026-06-25 00:08:07.466277,0.732,0.22599999999999998,6.284117389744555,2.268213822938336,-34.54227816666667,17.680580166666665
49.03933333333333,17.386985190237215,35.42195306145383,45.793806635385884,239.27510222257646,2026-06-25 00:08:07.591244,0.732,0.22599999999999998,6.284123181214019,2.323405498786549,-34.54227816666667,17.680580166666665
48.806,17.387489965191328,35.42201854993609,45.794273494758244,239.26394003928468,2026-06-25 00:08:07.716211,0.732,0.22599999999999998,6.284127245702954,2.3592924519398393,-34.54227816666667,17.680580166666665
48.403,17.38772648955727,35.42209594906715,45.79462486021229,239.26289869317898,2026-06-25 00:08:07.857841,0.732,0.22599999999999998,6.284124314438685,2.3322859583694977,-34.54227816666667,17.680580166666665
48.197,17.387769966710916,35.422114282169616,45.79470789617463,239.2616232385786,2026-06-25 00:08:07.891166,0.732,0.22599999999999998,6.284123549758838,2.3184811502417304,-34.54227816666667,17.680580166666665
48.051,17.38783046640549,35.42216997373644,45.79487314356982,239.25590463388878,2026-06-25 00:08:07.991140,0.732,0.22599999999999998,6.284126013727235,2.308697160015254,-34.54227816666667,17.680580166666665
47.792500000000004,17.387873307870002,35.42222561146913,45.79485335878472,239.2547289242605,2026-06-25 00:08:08.091114,0.732,0.22599999999999998,6.284124781743037,2.2913741362238564,-34.54227816666667,17.680580166666665
47.65233333333333,17.387905812247237,35.42227155921521,45.79470210092199,239.2537086101328,2026-06-25 00:08:08.174425,0.732,0.22599999999999998,6.284124320538695,2.2819810588488942,-34.54227816666667,17.680580166666665
47.467,17.38795059841162,35.4223350864337,45.79436816009639,239.2450248291192,2026-06-25 00:08:08.291062,0.726,0.22599999999999998,6.280384379758581,2.246461670399013,-34.54227816666667,17.680580166666665
47.262,17.3879731605538,35.422361684210934,45.794190229767615,239.2464538479879,2026-06-25 00:08:08.341049,0.726,0.22599999999999998,6.284126013727235,2.204024461444637,-34.54227816666667,17.680580166666665
46.897,17.38800151989925,35.422430055804014,45.79386701232359,239.24228296737667,2026-06-25 00:08:08.441023,0.726,0.22599999999999998,6.284126013727235,2.128465528428308,-34.54227816666667,17.680580166666665
47.07633333333334,17.387980713071926,35.42241359843658,45.79380879047494,239.34854193223774,2026-06-25 00:08:08.474347,0.726,0.22599999999999998,6.28412776348985,2.165589460814414,-34.54227816666667,17.680580166666665
46.706,17.387907635766027,35.422487543768774,45.79361080425514,239.23678038646733,2026-06-25 00:08:08.590983,0.726,0.22599999999999998,6.284128477678672,2.0889264703293535,-34.54227816666667,17.680580166666665
46.49166666666667,17.387755123814753,35.42253347307257,45.79358595359452,239.24154256158585,2026-06-25 00:08:08.690957,0.727777777777778,0.22599999999999998,6.284124279823548,2.1282697391495384,-34.54227816666667,17.680580166666665
46.2255,17.387528931765964,35.422587259261306,45.7936282574005,239.23695833195936,2026-06-25 00:08:08.815925,0.7289999999999996,0.22599999999999998,6.284126013718755,2.177127593197622,-34.54227816666667,17.680580166666665
46.0515,17.38736897862271,35.42262659264934,45.79368983760864,239.42392008615997,2026-06-25 00:08:08.915899,0.726,0.22599999999999998,6.284123549758838,2.2090672297825926,-34.54227816666667,17.680580166666665
45.83833333333333,17.387251401529927,35.42267072094526,45.79366286003009,239.23392162766334,2026-06-25 00:08:09.040866,0.7272394366197185,0.22599999999999998,6.284126013727235,2.2481963439513453,-34.54227816666667,17.680580166666665
45.634,17.387269870908234,35.422702375555524,45.79350561904787,239.23915371540105,2026-06-25 00:08:09.140840,0.726,0.22599999999999998,6.284121085773479,2.2521517907913307,-34.54227816666667,17.680580166666665
45.409499999999994,17.387376929241988,35.422723260100256,45.79327758697786,239.2343176882715,2026-06-25 00:08:09.215821,0.7289999999999995,0.22599999999999998,6.284122317766158,2.2424661880922376,-34.54227816666667,17.680580166666665
45.26266666666667,17.387662614672678,35.422756214200795,45.792728267538415,239.22862735903647,2026-06-25 00:08:09.357450,0.7273650793650792,0.22599999999999998,6.284124110344241,2.2361313581160687,-34.54227816666667,17.680580166666665
45.101,17.387732686305867,35.42276374030261,45.792587344641596,239.21984264117344,2026-06-25 00:08:09.390775,0.732,0.22599999999999998,6.284128477678672,2.229156573692817,-34.54227816666667,17.680580166666665
44.77974999999999,17.388026431090168,35.4227927454295,45.79204158739577,239.2163600908452,2026-06-25 00:08:09.590723,0.732,0.22599999999999998,6.284127586114228,2.2087568042580847,-34.54227816666667,17.680580166666665
44.61450000000001,17.388099339309118,35.422801716697066,45.79189585461968,239.21286024025423,2026-06-25 00:08:09.665703,0.732,0.22599999999999998,6.284128477678672,2.1842660020487985,-34.54227816666667,17.680580166666665
44.388000000000005,17.387767683924352,35.422801716697066,45.79184693744472,239.2119265389513,2026-06-25 00:08:09.815664,0.732,0.22599999999999998,6.2841284776701904,2.1506976710327392,-34.54227816666667,17.680580166666665
44.1965,17.387457140410206,35.422801716697066,45.79185310093716,239.2188431182184,2026-06-25 00:08:09.915638,0.732,0.22599999999999998,6.284123549758838,2.1223164993348345,-34.54227816666667,17.680580166666665
43.827666666666666,17.387136304146367,35.4227994042636,45.79181806705062,239.2125415077623,2026-06-25 00:08:10.057268,0.732,0.22599999999999998,6.284126013727235,2.067653720424946,-34.54227816666667,17.680580166666665
43.998,17.387064860266413,35.422801463404554,45.79180765991615,239.5910147455625,2026-06-25 00:08:10.090593,0.732,0.22599999999999998,6.284121085773479,2.092897895773299,-34.54227816666667,17.680580166666665
43.449666666666666,17.387047470748584,35.422764222883885,45.791630716016634,239.48484782533302,2026-06-25 00:08:10.257216,0.732,0.22599999999999998,6.2841241885654595,2.1556989043249213,-34.54227816666667,17.680580166666665
43.588,17.38711228704983,35.42277813200992,45.791511934307586,239.21198503839761,2026-06-25 00:08:10.340527,0.732,0.22599999999999998,6.284124781743037,2.1220941092304546,-34.54227816666667,17.680580166666665
43.159499999999994,17.38730421156221,35.422738640041004,45.79132227764799,239.20653794528113,2026-06-25 00:08:10.465495,0.732,0.22599999999999998,6.284124781743037,2.226187998613435,-34.54227816666667,17.680580166666665
42.995666666666665,17.387653705136113,35.42270723357192,45.79122853009975,239.20785852307665,2026-06-25 00:08:10.590462,0.732,0.22599999999999998,6.2841217610879845,2.2116408152393174,-34.54227816666667,17.680580166666665
42.82633333333333,17.388153620269605,35.42266320481185,45.79126979094667,239.20072723709222,2026-06-25 00:08:10.740423,0.732,0.22599999999999998,6.284123770113735,2.1852749262868896,-34.54227816666667,17.680580166666665
42.41133333333334,17.388418058751867,35.42259461874411,45.79132764464285,239.18779057968501,2026-06-25 00:08:10.907046,0.732,0.22599999999999998,6.28412855407974,2.3111726522532785,-34.54227816666667,17.680580166666665
42.621,17.388448562482143,35.42260633400792,45.79133707977751,239.19001657122902,2026-06-25 00:08:10.940371,0.732,0.22599999999999998,6.284128477678672,2.1533036908642615,-34.54227816666667,17.680580166666665
42.266,17.388309932716545,35.42255632569688,45.791356862653835,239.18688655056744,2026-06-25 00:08:11.040345,0.732,0.22599999999999998,6.284128477678672,2.4206016938520314,-34.54227816666667,17.680580166666665
42.01833333333334,17.387968425273034,35.422483185906714,45.791236142272744,239.558481459107,2026-06-25 00:08:11.215299,0.732,0.22599999999999998,6.284125927272203,2.570990118102837,-34.54227816666667,17.680580166666665
41.527,17.387642182418457,35.42238224451419,45.79100552280525,239.55466931348892,2026-06-25 00:08:11.390254,0.732,0.22599999999999998,6.284126013727235,2.534828639795318,-34.54227816666667,17.680580166666665
41.758,17.38754725123394,35.42240554697537,45.790940908888494,239.18887952274656,2026-06-25 00:08:11.440241,0.732,0.22599999999999998,6.284126013727235,2.55182993183542,-34.54227816666667,17.680580166666665
41.5025,17.38743370141067,35.42234659008024,45.79084568225273,239.1848308015803,2026-06-25 00:08:11.515221,0.7290000000000042,0.2250000000000014,6.284127245702954,2.533025472457731,-34.54227816666667,17.680580166666665
41.19125,17.387434844294607,35.42227321937676,45.79068474266149,239.32480805304934,2026-06-25 00:08:11.665182,0.7282159090909088,0.2252613636363637,6.284122639764245,2.5101178874036973,-34.54227816666667,17.680580166666665
40.860749999999996,17.387797943493187,35.42210844952379,45.79047820526727,239.18225703742556,2026-06-25 00:08:11.865130,0.732,0.22599999999999998,6.284123549758838,2.4857935280129886,-34.54227816666667,17.680580166666665
40.993,17.3880312989378,35.42217248178328,45.79024594848938,239.17874503296684,2026-06-25 00:08:11.990097,0.732,0.22599999999999998,6.284126013727235,2.495526951702615,-34.54227816666667,17.680580166666665
40.64166666666667,17.388004456618727,35.42205689154761,45.7899569296282,239.17145575504247,2026-06-25 00:08:12.090071,0.732,0.22399999999999998,6.284128477678672,2.469669286752734,-34.54227816666667,17.680580166666665
40.39266666666667,17.38735397685623,35.421945814881326,45.78930044595396,239.17476598885958,2026-06-25 00:08:12.306682,0.732,0.22448148148148164,6.284126606900729,2.451343218709507,-34.54227816666667,17.680580166666665
40.24125,17.386979258199215,35.4218970343327,45.78901892698694,239.1796044876324,2026-06-25 00:08:12.402490,0.732,0.2270619047619047,6.284123549758838,2.440199153905443,-34.54227816666667,17.680580166666665
40.0435,17.386619779813685,35.421852622170675,45.788794684631505,239.5497417299291,2026-06-25 00:08:12.489967,0.732,0.22499999999999998,6.284122317766158,2.4256450175377795,-34.54227816666667,17.680580166666665
39.845,17.38584205951053,35.42175414163901,45.78817863229212,239.1807172221506,2026-06-25 00:08:12.689915,0.732,0.22599999999999998,6.284123549758838,2.411035682169986,-34.54227816666667,17.680580166666665
39.48333333333333,17.385748522916654,35.42166032145591,45.78792061481531,239.45791191999407,2026-06-25 00:08:12.756564,0.732,0.22650370370370332,6.284120483448985,2.384417497662755,-34.54227816666667,17.680580166666665
39.6385,17.385546436922027,35.42172290139913,45.78744791942964,239.55613630004893,2026-06-25 00:08:12.889863,0.732,0.22599999999999998,6.284118621771158,2.3958375574674706,-34.54227816666667,17.680580166666665
39.213,17.38563235122203,35.4216383212708,45.78744229434782,239.2284597614833,2026-06-25 00:08:12.939850,0.732,0.22599999999999998,6.284120757239836,2.3645213247269363,-34.54227816666667,17.680580166666665
39.016000000000005,17.385857693754396,35.42156121035758,45.78737201469876,239.1795368255146,2026-06-25 00:08:13.114804,0.732,0.22700000000000026,6.284118621771158,2.3500223873594037,-34.54227816666667,17.680580166666665
38.590333333333334,17.38620279444825,35.42150351438014,45.78747904444443,239.16856989061907,2026-06-25 00:08:13.256434,0.732,0.226578431372549,6.284121798396695,2.318693888174396,-34.54227816666667,17.680580166666665
38.309,17.38628621197859,35.421416898479215,45.7874961028696,239.16636972065328,2026-06-25 00:08:13.289759,0.732,0.22799999999999998,6.284121085773479,2.2979881299033336,-34.54227816666667,17.680580166666665
38.025,17.386633443868206,35.421416036650676,45.78733901173169,239.34604344090968,2026-06-25 00:08:13.489707,0.732,0.22699999999999998,6.284121085773479,2.277086108520697,-34.54227816666667,17.680580166666665
38.36866666666666,17.386673393084816,35.42149003377609,45.787376788803364,239.45008378960927,2026-06-25 00:08:13.489707,0.732,0.2264380952380951,6.284123010028711,2.3023795170248027,-34.54227816666667,17.680580166666665
37.804,17.386530985801333,35.42133185193405,45.786601300850386,239.52477658201843,2026-06-25 00:08:13.756304,0.732,0.22745652173913045,6.284123549758838,2.260820803148998,-34.54227816666667,17.680580166666665
37.63033333333334,17.3864663174754,35.421315981744456,45.78641650888854,239.52321604672667,2026-06-25 00:08:13.806291,0.732,0.22799999999999998,6.284123549758838,2.2480391680077383,-34.54227816666667,17.680580166666665
37.405,17.386228271806786,35.42128697591807,45.7859370043503,239.52190743633054,2026-06-25 00:08:13.914596,0.732,0.22799999999999998,6.284123549758838,2.231454935079731,-34.54227816666667,17.680580166666665
37.1895,17.385982882025306,35.42123984589483,45.78538431705485,239.5258468597856,2026-06-25 00:08:14.114544,0.732,0.22799999999999998,6.284120245772688,2.215594422375653,-34.54227816666667,17.680580166666665
37.053,17.38593250632312,35.42121050211547,45.78531530145804,239.33524542985768,2026-06-25 00:08:14.264505,0.732,0.22700000000000012,6.284123549758838,2.2048622251716066,-34.54227816666667,17.680580166666665
36.60025,17.385915988748962,35.42118287915538,45.78538317142933,239.5185676381924,2026-06-25 00:08:14.451956,0.732,0.22718243243243233,6.284121085773479,2.18097074781859,-34.54227816666667,17.680580166666665
36.41,17.385989809537705,35.42116308059241,45.78533291015252,239.5085297832484,2026-06-25 00:08:14.626910,0.732,0.2260212765957446,6.284123523546228,2.21743483957401,-34.54227816666667,17.680580166666665
36.2235,17.386014889795618,35.42115875666842,45.78530157587848,239.51596963232873,2026-06-25 00:08:14.664400,0.732,0.22699999999999992,6.284119853772319,2.253180191018875,-34.54227816666667,17.680580166666665
36.04825,17.386117997397918,35.42114356378025,45.785208054454515,239.497996439345,2026-06-25 00:08:14.914335,0.732,0.22599999999999998,6.284118962662337,2.2867693215320792,-34.54227816666667,17.680580166666665
35.810500000000005,17.38602568997164,35.42114356378025,45.78533285821756,239.51147402101037,2026-06-25 00:08:15.064296,0.732,0.22599999999999998,6.284119853772318,2.332337457221177,-34.54227816666667,17.680580166666665
35.681,17.385980772300424,35.42114356378025,45.78534720294711,239.50838325374392,2026-06-25 00:08:15.139277,0.732,0.22599999999999998,6.284121085773479,2.357157955945629,-34.54227816666667,17.680580166666665
35.4525,17.385988477224743,35.42114390150153,45.78518262291113,239.5058754477731,2026-06-25 00:08:15.276741,0.732,0.22599999999999998,6.284121085773479,2.397178435768738,-34.54227816666667,17.680580166666665
35.2472,17.38601173311063,35.4211561714626,45.78478956362609,239.50649316258156,2026-06-25 00:08:15.509180,0.732,0.22599999999999998,6.284119159371665,2.4119152430030075,-34.54227816666667,17.680580166666665
35.05233333333334,17.385936889141355,35.42116613243625,45.78456872865974,239.50174954194827,2026-06-25 00:08:15.639146,0.7332363636363644,0.22599999999999998,6.284121085773479,2.3705863887621637,-34.54227816666667,17.680580166666665
34.852000000000004,17.385742237993014,35.421193238193574,45.784271022430346,239.31802212779098,2026-06-25 00:08:15.914075,0.738,0.22599999999999998,6.284119853772318,2.3280981208888356,-34.54227816666667,17.680580166666665
34.584,17.385761256747568,35.42120043582173,45.78425352038063,239.2379195666664,2026-06-25 00:08:15.969060,0.738,0.22599999999999998,6.284120059100898,2.2712585745158638,-34.54227816666667,17.680580166666665
34.311,17.385640508580664,35.421232724217504,45.784101457161,239.49309171950773,2026-06-25 00:08:16.213996,0.738,0.22599999999999998,6.284122317766158,2.2897763495056864,-34.54227816666667,17.680580166666665
34.37066666666667,17.38549873739673,35.421231155429474,45.78407324337329,239.49628169879188,2026-06-25 00:08:16.222328,0.738,0.22599999999999998,6.284121085773479,2.2818922176836547,-34.54227816666667,17.680580166666665
34.066500000000005,17.38500896222789,35.42125914243006,45.783857106084795,239.49139788537545,2026-06-25 00:08:16.413944,0.738,0.22599999999999998,6.284123549758838,2.317989442726219,-34.54227816666667,17.680580166666665
33.80857142857143,17.384623558094297,35.42129273368622,45.78347142341084,239.14904521826506,2026-06-25 00:08:16.646027,0.7323214285714235,0.22789285714285884,6.284118621771158,2.227833677515201,-34.54227816666667,17.680580166666665
33.629000000000005,17.384526299892194,35.42132056088802,45.783287561087235,239.12587086575627,2026-06-25 00:08:16.838834,0.732,0.22799999999999998,6.284119853772319,2.165066689495123,-34.54227816666667,17.680580166666665
33.43320000000001,17.384442608987392,35.42135081714538,45.7833596075205,239.32730003291536,2026-06-25 00:08:17.058776,0.732,0.22799999999999998,6.28411749192817,2.1139831851289377,-34.54227816666667,17.680580166666665
33.201750000000004,17.38441724667247,35.421378419314074,45.78339543840267,239.4979297883328,2026-06-25 00:08:17.276220,0.732,0.22599999999999998,6.284114864132848,2.1050726781352953,-34.54227816666667,17.680580166666665
33.042500000000004,17.38437958045739,35.421395897908134,45.783459132666664,239.43472576384085,2026-06-25 00:08:17.426180,0.732,0.22632031249999995,6.284116552379964,2.159211400950711,-34.54227816666667,17.680580166666665
32.7975,17.384195054611396,35.4214153747652,45.783552624439366,239.48873843406483,2026-06-25 00:08:17.613632,0.732,0.22799999999999998,6.284118621771158,2.254133012185388,-34.54227816666667,17.680580166666665
32.40675,17.383758522299633,35.421436061266945,45.78309423652696,239.17913217999663,2026-06-25 00:08:17.876063,0.731064705882353,0.22599999999999998,6.284116157751876,2.3663483275497934,-34.54227816666667,17.680580166666665
32.597750000000005,17.38362355306308,35.42143545276906,45.78307493658083,239.49364174071047,2026-06-25 00:08:17.876063,0.726,0.22599999999999998,6.284115706489424,2.331523182977739,-34.54227816666667,17.680580166666665
32.2025,17.38381426444529,35.42145038838939,45.78247337702836,239.49156818155748,2026-06-25 00:08:18.138495,0.729,0.22599999999999998,6.28411369370715,2.204835720353823,-34.54227816666667,17.680580166666665
32.0422,17.384352652505775,35.42145428519593,45.78241063753994,239.3381330872936,2026-06-25 00:08:18.258464,0.726,0.22599999999999998,6.284115648911645,2.115418281368395,-34.54227816666667,17.680580166666665
31.80875,17.38590474425348,35.42145428519593,45.783103253796696,239.46948479970098,2026-06-25 00:08:18.538391,0.726,0.22599999999999998,6.284119071925429,2.089890769175603,-34.54227816666667,17.680580166666665
31.685000000000002,17.386222041175603,35.42145428519593,45.78335687821186,239.46360030839335,2026-06-25 00:08:18.613371,0.7290000000000003,0.22599999999999998,6.2841210857649985,2.076358836711015,-34.54227816666667,17.680580166666665
31.465,17.38656932657924,35.421454071441495,45.78364421582937,239.45584586111184,2026-06-25 00:08:18.763332,0.726,0.22599999999999998,6.2841235497503565,2.1620840137391046,-34.54227816666667,17.680580166666665
31.218,17.38639270017937,35.4214494776835,45.78352952879288,239.45431636820962,2026-06-25 00:08:18.888299,0.7301739130434781,0.22599999999999998,6.284123335483755,2.2667065738959113,-34.54227816666667,17.680580166666665
30.9655,17.38585515324445,35.42143838308861,45.78300655391082,239.45751457640074,2026-06-25 00:08:19.088247,0.732,0.22799999999999998,6.284121085773479,2.3736587862019594,-34.54227816666667,17.680580166666665
30.825333333333333,17.38567757892384,35.42143423016808,45.78280632270232,239.45939356124669,2026-06-25 00:08:19.154897,0.732,0.22799999999999998,6.284119408883011,2.4330296182477587,-34.54227816666667,17.680580166666665
30.635399999999997,17.3856638239688,35.42141821441432,45.782409838883225,239.45484615150468,2026-06-25 00:08:19.338182,0.732,0.22799999999999998,6.284121085773479,2.1218250077442717,-34.54227816666667,17.680580166666665
30.4495,17.38575729778001,35.42139885862561,45.78211182020968,239.45442919107586,2026-06-25 00:08:19.550627,0.732,0.22799999999999998,6.284119789605591,2.126626286017431,-34.54227816666667,17.680580166666665
30.2085,17.385999754279847,35.42138292426576,45.78254910422618,239.44685043717854,2026-06-25 00:08:19.688091,0.732,0.22799999999999998,6.2859943860565,2.1328506435420747,-34.54227816666667,17.680580166666665
30.023000000000003,17.386278892563933,35.42135825950832,45.78316485290405,239.44533063654623,2026-06-25 00:08:19.888039,0.732,0.22791111111111098,6.284121195283939,2.14767311310024,-34.54227816666667,17.680580166666665
29.8305,17.38635223342122,35.421341383158705,45.78340979662751,239.44310598218934,2026-06-25 00:08:20.013006,0.732,0.22700000000000004,6.285993154063821,2.1975534095037283,-34.54227816666667,17.680580166666665
29.665333333333336,17.38644572995675,35.421307786928395,45.78326591335523,239.43715224815017,2026-06-25 00:08:20.237948,0.732,0.22599999999999998,6.286960007102574,2.240351135681958,-34.54227816666667,17.680580166666665
29.418833333333335,17.386760738859714,35.42128385485732,45.78330987321582,239.43671251010397,2026-06-25 00:08:20.387908,0.732,0.22599999999999998,6.284121188439536,2.297550184628355,-34.54227816666667,17.680580166666665
29.201000000000004,17.388232147868067,35.4212356922945,45.78446670477583,239.41887930917585,2026-06-25 00:08:20.671168,0.732,0.22599999999999998,6.284126930535725,2.324427185678778,-34.54227816666667,17.680580166666665
29.006571428571426,17.38931747056089,35.4211974220528,45.78521649982222,239.4060610268255,2026-06-25 00:08:20.880637,0.732,0.22599999999999998,6.287527856085821,2.3484164293751126,-34.54227816666667,17.680580166666665
28.774,17.38984360917417,35.42115213767763,45.785293657079855,239.40056654555482,2026-06-25 00:08:21.121051,0.732,0.22599999999999998,6.287875215187391,2.3362177774851247,-34.54227816666667,17.680580166666665
28.615499999999997,17.389163137377473,35.421104658687895,45.7846918242589,239.74984114293042,2026-06-25 00:08:21.362654,0.732,0.22599999999999998,6.284126013727235,2.3157634606705564,-34.54227816666667,17.680580166666665
28.437,17.388967877711302,35.42108969115861,45.78456305679744,239.58969181193206,2026-06-25 00:08:21.437635,0.732,0.22599999999999998,6.286000526638718,2.2927281575071476,-34.54227816666667,17.680580166666665
28.21742857142857,17.388890179638278,35.42104339697615,45.78479776830682,239.40489351848612,2026-06-25 00:08:21.666147,0.732,0.22599999999999998,6.286133100444125,2.218211457862982,-34.54227816666667,17.680580166666665
28.009,17.38967454678587,35.420964612102765,45.785908666416816,239.390666535415,2026-06-25 00:08:22.049975,0.732,0.22599999999999998,6.287876941514455,2.1858501326250477,-34.54227816666667,17.680580166666665
27.7926,17.389830372269937,35.42093021038773,45.78605993890069,239.39271952651504,2026-06-25 00:08:22.217432,0.732,0.22599999999999998,6.285801594067067,2.20058815856587,-34.54227816666667,17.680580166666665
27.650499999999997,17.389979857064308,35.420892010754436,45.786250313564835,239.388459066164,2026-06-25 00:08:22.404050,0.732,0.22599999999999998,6.287875026646551,2.1833434688696234,-34.54227816666667,17.680580166666665
27.417,17.390028862225183,35.42082884465952,45.78619046298334,239.38269170175164,2026-06-25 00:08:22.717301,0.732,0.22599999999999998,6.284132964232001,2.1600368740862317,-34.54227816666667,17.680580166666665
27.261499999999998,17.389788648515903,35.42077186702072,45.785268817047665,239.38719153893442,2026-06-25 00:08:23.012224,0.732,0.22599999999999998,6.286001758605955,2.1738850916004377,-34.54227816666667,17.680580166666665
27.083199999999998,17.389721377591016,35.420766681737064,45.78520613797723,239.38065370134348,2026-06-25 00:08:23.037218,0.732,0.22599999999999998,6.28413291272002,2.1897637873096527,-34.54227816666667,17.680580166666665
26.845000000000002,17.38878011665279,35.42069744296017,45.783466783814994,239.38834433734846,2026-06-25 00:08:23.422832,0.732,0.22599999999999998,6.28412909365805,2.2109769410838247,-34.54227816666667,17.680580166666665
26.615714285714287,17.38734190390181,35.42064887008398,45.781332346705206,239.4001202173126,2026-06-25 00:08:23.722753,0.732,0.22647619047619202,6.285015591371999,2.2313962236840093,-34.54227816666667,17.680580166666665
26.453200000000002,17.38597760972562,35.420604847592,45.779305337078,239.40595574790885,2026-06-25 00:08:24.026960,0.732,0.22599999999999998,6.287867414725515,2.245869105855953,-34.54227816666667,17.680580166666665
26.2164,17.385343756645383,35.420572328929964,45.77908233951973,239.40593486821655,2026-06-25 00:08:24.286892,0.732,0.2278833333333333,6.284123549758838,2.266957581144467,-34.54227816666667,17.680580166666665
26.0065,17.385768515679963,35.420548771006274,45.78006080477975,239.40740721819165,2026-06-25 00:08:24.511834,0.7290535714285715,0.22799999999999998,6.2860253738535805,2.2856504483871154,-34.54227816666667,17.680580166666665
25.78833333333333,17.386587633211573,35.4205249761928,45.78094754112468,239.39627342719655,2026-06-25 00:08:24.803424,0.732,0.22799999999999998,6.287867298419828,2.3050795124022234,-34.54227816666667,17.680580166666665
25.6632,17.38666089692203,35.42052380859309,45.78120133403595,239.40126852575085,2026-06-25 00:08:24.806757,0.732,0.22799999999999998,6.287862974868598,2.31622339419179,-34.54227816666667,17.680580166666665
25.428000000000004,17.386890858013757,35.420503386348045,45.78068306104427,239.3880147295931,2026-06-25 00:08:25.176660,0.732,0.22799999999999998,6.287869244655651,2.3371693797824085,-34.54227816666667,17.680580166666665
25.238666666666663,17.386679040534787,35.42049799157207,45.78034147459693,239.38936926367637,2026-06-25 00:08:25.319956,0.732,0.22599999999999998,6.287867673452569,2.3540306607000274,-34.54227816666667,17.680580166666665
25.028200000000002,17.386070793526095,35.420493908419445,45.77994190028721,239.39015049949995,2026-06-25 00:08:25.496577,0.732,0.22599999999999998,6.287867495175221,2.374401115154145,-34.54227816666667,17.680580166666665
24.688499999999998,17.385467578717225,35.420493908419445,45.77914944611143,239.39463539408254,2026-06-25 00:08:25.761508,0.732,0.22599999999999998,6.287863996796523,2.427877550769304,-34.54227816666667,17.680580166666665
24.8705,17.385408507706657,35.420493908419445,45.77910608352815,239.40255602211332,2026-06-25 00:08:25.761508,0.732,0.22599999999999998,6.287860320098295,2.3992266491444614,-34.54227816666667,17.680580166666665
24.3982,17.385970593935674,35.42049472486595,45.77911086407993,239.39090184032767,2026-06-25 00:08:25.986449,0.732,0.22599999999999998,6.287862893794648,2.422175611775809,-34.54227816666667,17.680580166666665
24.228,17.386320741312705,35.42050534482513,45.77930479774578,239.38334343279132,2026-06-25 00:08:26.330110,0.732,0.22599999999999998,6.287865549166159,2.1333709336938287,-34.54227816666667,17.680580166666665
24.025833333333335,17.38546014884939,35.420520530776145,45.77862623060529,239.72008303092983,2026-06-25 00:08:26.652942,0.732,0.22599999999999998,6.287862771238884,2.2011988052895197,-34.54227816666667,17.680580166666665
23.8068,17.38503037484494,35.42053597409502,45.778414861263066,239.3908367796009,2026-06-25 00:08:26.916207,0.732,0.22599999999999998,6.287861534531298,2.274685523221142,-34.54227816666667,17.680580166666665
23.62233333333333,17.385242055739017,35.4205576197754,45.779034384504136,239.38214466789458,2026-06-25 00:08:27.236123,0.732,0.22599999999999998,6.287865222354163,2.405451100594418,-34.54227816666667,17.680580166666665
23.46575,17.38544439567084,35.420567599433376,45.77948259147523,239.37972782543534,2026-06-25 00:08:27.373588,0.732,0.22611363636363624,6.287865083086249,2.3705166424426825,-34.54227816666667,17.680580166666665
23.246999999999996,17.38594514044265,35.42060166928818,45.77943773333215,239.37859869114882,2026-06-25 00:08:27.835967,0.732,0.22799999999999998,6.287862771238884,2.321712516498932,-34.54227816666667,17.680580166666665
23.035,17.385771316767503,35.42062403586899,45.77842068571364,239.37327876550123,2026-06-25 00:08:28.148386,0.732,0.22784210526315787,6.287865222354163,2.274414346441447,-34.54227816666667,17.680580166666665
22.8095,17.385651820534708,35.42063208383735,45.77816527993783,239.36982367051718,2026-06-25 00:08:28.269187,0.732,0.22599999999999998,6.287866225076238,2.259855258799082,-34.54227816666667,17.680580166666665
22.68025,17.385451431623977,35.42064546444496,45.77774592282402,239.37254202696866,2026-06-25 00:08:28.473301,0.732,0.22599999999999998,6.287864140416559,2.0879397555292103,-34.54227816666667,17.680580166666665
22.40472727272727,17.385277813744622,35.42067258292698,45.77769824897629,239.36903930498676,2026-06-25 00:08:29.003844,0.732,0.22599999999999998,6.287864965762699,2.237347158277718,-34.54227816666667,17.680580166666665
22.222099999999998,17.385243098365578,35.4206859470756,45.77783501087155,239.36969139895598,2026-06-25 00:08:29.400559,0.732,0.22599999999999998,6.287863355181053,2.212589161592277,-34.54227816666667,17.680580166666665
22.100333333333335,17.384882523341904,35.4206859470756,45.77778688197577,239.3709222818777,2026-06-25 00:08:29.702147,0.732,0.22599999999999998,6.287862771238884,2.197279864818249,-34.54227816666667,17.680580166666665
21.777,17.384593035106498,35.4206859470756,45.777748976660654,239.36874570382082,2026-06-25 00:08:30.022897,0.732,0.22599999999999998,6.287862771238884,2.156628296598136,-34.54227816666667,17.680580166666665
21.62614285714286,17.38468930137601,35.42068057603784,45.777657660579585,239.3666819871328,2026-06-25 00:08:30.292470,0.732,0.22599999999999998,6.287862771238884,2.1376615560795322,-34.54227816666667,17.680580166666665
21.4324,17.384752454078935,35.42067587357373,45.777542323210284,239.3718794747451,2026-06-25 00:08:30.405297,0.732,0.22599999999999998,6.287857868957706,2.292255571815488,-34.54227816666667,17.680580166666665
21.243142857142857,17.385706642041573,35.4206427923366,45.77728272842133,239.67437967681434,2026-06-25 00:08:30.899454,0.732,0.22599999999999998,6.287865222354163,2.3081774264050767,-34.54227816666667,17.680580166666665
21.0042,17.385935818558213,35.420619451175995,45.777445665740075,239.35435221791772,2026-06-25 00:08:31.115112,0.732,0.22599999999999998,6.287862771238884,2.2950669608653707,-34.54227816666667,17.680580166666665
20.8405,17.386054215943854,35.42057050798468,45.77769999654063,239.34667521990576,2026-06-25 00:08:31.510009,0.732,0.22599999999999998,6.287866289767985,2.281762786472586,-34.54227816666667,17.680580166666665
20.633777777777777,17.38600089762975,35.42053291517881,45.777834680596726,239.3477708891478,2026-06-25 00:08:31.740505,0.7298055555555559,0.22599999999999998,6.287864325881445,2.2649621237034445,-34.54227816666667,17.680580166666665
20.458,17.386292130529743,35.420450275053966,45.77792310740198,239.33906663805607,2026-06-25 00:08:32.172337,0.726,0.22599999999999998,6.287867945794961,2.1146651808545265,-34.54227816666667,17.680580166666665
20.271545454545453,17.38669633919229,35.42038894334191,45.77798705017822,239.33946742004528,2026-06-25 00:08:32.471122,0.726,0.22599999999999998,6.28786524419996,1.9742397435400258,-34.54227816666667,17.680580166666665
20.00771428571429,17.386293530291578,35.42027770299085,45.77760057132444,239.34100344891738,2026-06-25 00:08:32.920356,0.7271326530612239,0.22599999999999998,6.287863696656774,2.153730587640316,-34.54227816666667,17.680580166666665
19.820733333333333,17.385605732275675,35.42012028281697,45.776803179280186,239.3410776315411,2026-06-25 00:08:33.487827,0.726,0.22599999999999998,6.28786451843812,2.2474860501998077,-34.54227816666667,17.680580166666665
19.7035,17.38519317295794,35.420062634802406,45.77624856482451,239.3444751004289,2026-06-25 00:08:33.684443,0.7290000000000004,0.22599999999999998,6.287862771238884,2.2242652938876653,-34.54227816666667,17.680580166666665
19.432333333333336,17.384453705428715,35.41993112051408,45.775495317742504,239.34889378156515,2026-06-25 00:08:34.125994,0.732,0.22599999999999998,6.287860320106732,2.1829893099831246,-34.54227816666667,17.680580166666665
19.1035,17.3840404391821,35.41982165249739,45.7752596799959,239.34548715619678,2026-06-25 00:08:34.459241,0.732,0.22599999999999998,6.287861545672808,2.211497053356497,-34.54227816666667,17.680580166666665
19.213375,17.384139960091964,35.41983335346487,45.77523583371544,239.34514867074506,2026-06-25 00:08:34.502979,0.732,0.22599999999999998,6.287862229161581,2.2019715947559417,-34.54227816666667,17.680580166666665
18.814666666666668,17.384499216072072,35.419722387932076,45.77497983435459,239.3458320410598,2026-06-25 00:08:34.867468,0.732,0.22599999999999998,6.2878580375552575,2.236537052984502,-34.54227816666667,17.680580166666665
18.612875000000003,17.38546695857942,35.41965104284807,45.775233111170934,239.32778849811336,2026-06-25 00:08:35.171555,0.732,0.22599999999999998,6.287865511233617,2.254031097733265,-34.54227816666667,17.680580166666665
18.44525,17.386025048208484,35.41960841919574,45.77545410405862,239.3277228129998,2026-06-25 00:08:35.384000,0.732,0.22599999999999998,6.287862771238884,2.2685631113661944,-34.54227816666667,17.680580166666665
18.26075,17.38665797705561,35.41957931017723,45.7759654355756,239.31347306008382,2026-06-25 00:08:35.521464,0.7369687499999992,0.22599999999999998,6.287868860686486,2.2845580793917,-34.54227816666667,17.680580166666665
18.009666666666668,17.387035167387456,35.4195435534536,45.776198080377185,239.3106888944806,2026-06-25 00:08:35.750571,0.732,0.22599999999999998,6.287867823957575,2.3063253958600147,-34.54227816666667,17.680580166666665
17.82,17.38641587993693,35.419509083244975,45.77504062740678,239.31174553833188,2026-06-25 00:08:36.075486,0.732,0.22599999999999998,6.287867673452569,2.3227682807859638,-34.54227816666667,17.680580166666665
17.6672,17.385595437039516,35.419509083244975,45.77419748818678,239.31315665844642,2026-06-25 00:08:36.193788,0.732,0.22599999999999998,6.2878681136468035,2.3360150618932662,-34.54227816666667,17.680580166666665
17.400166666666667,17.383453774698673,35.419509083244975,45.7723519677402,239.3358691422496,2026-06-25 00:08:36.583687,0.732,0.22599999999999998,6.287857868957706,2.3591651411800463,-34.54227816666667,17.680580166666665
17.231714285714286,17.383689635108514,35.41952580905736,45.77304181295004,239.6685398261746,2026-06-25 00:08:36.947878,0.732,0.22599999999999998,6.28785830500967,2.3737688834410413,-34.54227816666667,17.680580166666665
17.0046,17.384564748184097,35.41954731924945,45.774011430768255,239.32267707089878,2026-06-25 00:08:37.133544,0.7275952941176471,0.2274682352941176,6.287860320106732,2.1269790318496047,-34.54227816666667,17.680580166666665
16.837125,17.385472537128738,35.41961280778425,45.77476376385576,239.31312028427953,2026-06-25 00:08:37.495949,0.726,0.22799999999999998,6.28786259054645,2.258126122625068,-34.54227816666667,17.680580166666665
16.602714285714285,17.385322692940296,35.4197225455457,45.77399220893752,239.3032575872035,2026-06-25 00:08:37.947617,0.726,0.22799999999999998,6.287867673452569,2.4173247828793967,-34.54227816666667,17.680580166666665
16.419,17.38421517737839,35.41978507847049,45.773010384528575,239.30677505701576,2026-06-25 00:08:38.153278,0.726,0.2276190476190476,6.287867323249855,2.0429587150625705,-34.54227816666667,17.680580166666665
16.222428571428573,17.382477775293612,35.41998182707279,45.77142254160323,239.33761045800804,2026-06-25 00:08:38.761691,0.7263428571428574,0.22599999999999998,6.2878509356121475,2.112222982440959,-34.54227816666667,17.680580166666665
16.019750000000002,17.38211770639735,35.42017372732514,45.77106333919696,239.3260720054022,2026-06-25 00:08:39.357964,0.732,0.22599999999999998,6.2897076698213485,2.2491993629514218,-34.54227816666667,17.680580166666665
15.839428571428572,17.381919866811707,35.420321538090526,45.77104710193559,239.32859733323633,2026-06-25 00:08:39.875686,0.732,0.22599999999999998,6.287855417791806,2.101989441914912,-34.54227816666667,17.680580166666665
15.61613333333333,17.381006020135676,35.420435669187526,45.77074705536941,239.32640054491625,2026-06-25 00:08:40.702613,0.7294239999999985,0.22599999999999998,6.287857868957706,2.221618410173016,-34.54227816666667,17.680580166666665
15.402300000000002,17.38100096539255,35.420435669187526,45.77105720836211,239.32959567166537,2026-06-25 00:08:41.247471,0.7286914285714281,0.22599999999999998,6.287854318261248,2.1333487082687728,-34.54227816666667,17.680580166666665
15.239222222222224,17.381264230262104,35.420435669187526,45.77163043068302,239.3252597204788,2026-06-25 00:08:41.687912,0.726,0.22599999999999998,6.291274376814229,2.2252331314686216,-34.54227816666667,17.680580166666665
15.05525,17.38131398752101,35.420391704257824,45.77181331150158,239.3251099529967,2026-06-25 00:08:42.007273,0.726,0.22599999999999998,6.287853907688134,2.244378332974423,-34.54227816666667,17.680580166666665
14.80516666666667,17.381368691891016,35.420278306019476,45.77156195439915,239.3180289560479,2026-06-25 00:08:42.432162,0.732,0.22599999999999998,6.28979117476926,2.270403434764657,-34.54227816666667,17.680580166666665
14.673599999999999,17.381470719432723,35.42023219511612,45.771382640605765,239.69021770555474,2026-06-25 00:08:42.582123,0.732,0.22599999999999998,6.290127740757295,2.2676048954497006,-34.54227816666667,17.680580166666665
14.421000000000001,17.381296342510325,35.42013759084991,45.7709442952722,239.31506710249198,2026-06-25 00:08:42.872048,0.732,0.2246842105263157,6.2903195380126276,2.092563749005463,-34.54227816666667,17.680580166666665
14.227166666666667,17.380872917755013,35.42004188919753,45.769051646258276,239.44782024776555,2026-06-25 00:08:43.148642,0.732,0.22468553459119497,6.29031301561591,2.218049785001731,-34.54227816666667,17.680580166666665
14.031200000000002,17.38250759401498,35.41984251168124,45.768650597029435,239.30425686156434,2026-06-25 00:08:43.776812,0.726,0.22799999999999998,6.290223548741467,2.123546648336486,-34.54227816666667,17.680580166666665
13.818117647058823,17.38291302357636,35.41968894222638,45.76939944981953,239.2891188085765,2026-06-25 00:08:44.314025,0.726,0.22799999999999998,6.291608615726469,2.2825656232607927,-34.54227816666667,17.680580166666665
13.632399999999999,17.382549311066217,35.419617487953005,45.769445862941964,239.30544575909337,2026-06-25 00:08:44.626590,0.7304181818181816,0.22652727272727277,6.2915979434081555,1.9845060642030967,-34.54227816666667,17.680580166666665
13.394636363636362,17.38126787454217,35.41949651377276,45.768891654827165,239.4720022586263,2026-06-25 00:08:45.381394,0.732,0.22709090909090904,6.289899032196154,2.302897130706227,-34.54227816666667,17.680580166666665
13.189600000000002,17.381331409732454,35.41945588439884,45.768835367659115,239.30798129407052,2026-06-25 00:08:46.101206,0.732,0.22399999999999998,6.291270536406942,2.365108774047453,-34.54227816666667,17.680580166666665
13.034071428571428,17.381545348062637,35.419448299518294,45.76912869193351,239.2986471931446,2026-06-25 00:08:46.591792,0.7269642857142857,0.2276785714285714,6.288458827672223,2.347783113817505,-34.54227816666667,17.680580166666665
12.817583333333337,17.381988363590416,35.41944493558121,45.76956423700984,239.29367061852764,2026-06-25 00:08:47.214249,0.726,0.22768333333333274,6.291601658139001,2.3236666498940486,-34.54227816666667,17.680580166666665
12.62423076923077,17.381626627569396,35.41942974383913,45.76802754343092,239.61530856560327,2026-06-25 00:08:47.734626,0.7311758241758243,0.22599999999999998,6.291084957664022,2.3021274510223555,-34.54227816666667,17.680580166666665
12.405818181818182,17.38056954912958,35.41939014307556,45.76675313192024,239.30128150623707,2026-06-25 00:08:48.403333,0.732,0.22599999999999998,6.291598108769237,2.2777966014254227,-34.54227816666667,17.680580166666665
12.246571428571428,17.379116006098037,35.41934966228983,45.76607496015106,239.3126257652817,2026-06-25 00:08:48.880482,0.732,0.226595238095238,6.291594003620509,2.2558836408542553,-34.54227816666667,17.680580166666665
12.01457142857143,17.378842850986654,35.41932413701999,45.7661541231569,239.3124960070974,2026-06-25 00:08:49.116134,0.732,0.22682539682539674,6.291593297279187,1.9359852342420822,-34.54227816666667,17.680580166666665
11.8328,17.380267773703473,35.41927644680983,45.768007992843486,239.43582955117196,2026-06-25 00:08:49.540310,0.732,0.226727868852459,6.291594953141914,2.2035282376347816,-34.54227816666667,17.680580166666665
11.621875,17.381743288301895,35.41924506372368,45.76962417136967,239.27775585487234,2026-06-25 00:08:49.842731,0.7320921052631577,0.22599999999999998,6.291604482461585,2.1900076106039577,-34.54227816666667,17.680580166666665
11.3856,17.378411380220204,35.41924506372368,45.765570968431376,239.51830407598496,2026-06-25 00:08:50.230130,0.7353599999999998,0.22599999999999998,6.2915908277724775,2.096279987483852,-34.54227816666667,17.680580166666665
11.25057142857143,17.37542449231643,35.41924506372368,45.762024191351884,239.340285326203,2026-06-25 00:08:50.508629,0.73208362369338,0.22599999999999998,6.291580201042023,2.1439842277134455,-34.54227816666667,17.680580166666665
11.012875000000001,17.3769014961959,35.419449114069636,45.7623842407128,239.3256125573642,2026-06-25 00:08:51.982798,0.732,0.22599999999999998,6.291583461424574,2.2940076632516204,-34.54227816666667,17.680580166666665
10.828305555555554,17.376367446420886,35.41964063072041,45.76238634037234,239.32333070918435,2026-06-25 00:08:52.701708,0.732,0.22599999999999998,6.291585036078656,2.189323468894452,-34.54227816666667,17.680580166666665
10.644433333333334,17.37802159159623,35.419761726987886,45.76409083173163,239.65231101668155,2026-06-25 00:08:53.237679,0.732,0.22599999999999998,6.291587759709951,2.1504527616276263,-34.54227816666667,17.680580166666665
10.447571428571427,17.37462590825848,35.419996760541174,45.7613098779499,239.7008226170163,2026-06-25 00:08:54.350484,0.732,0.22599999999999998,6.2915817682341055,2.1169568123217477,-34.54227816666667,17.680580166666665
10.2128,17.374371762382292,35.419996760541174,45.76181515937729,239.69881215975266,2026-06-25 00:08:55.438772,0.732,0.22599999999999998,6.291582171739124,2.159335993190344,-34.54227816666667,17.680580166666665
10.037999999999998,17.374694161327618,35.419996760541174,45.762318836721214,239.4833606300535,2026-06-25 00:08:55.672461,0.732,0.22599999999999998,6.291580099088179,2.240498935978866,-34.54227816666667,17.680580166666665
9.873199999999999,17.375645911703657,35.419876430408486,45.76343628459081,239.31480712752327,2026-06-25 00:08:56.018621,0.7360444444444442,0.22799999999999998,6.291585770628178,2.1544623654308714,-34.54227816666667,17.680580166666665
9.639384615384614,17.378550602920328,35.41954302484249,45.76458490663861,239.4076899683658,2026-06-25 00:08:56.666913,0.732,0.2266813186813182,6.291597060379743,2.135664389781604,-34.54227816666667,17.680580166666665
9.4172,17.38111084520648,35.41929786147291,45.765838906192776,239.41870495389972,2026-06-25 00:08:57.078345,0.7355999999999999,0.22599999999999998,6.291595216969366,2.104354881783481,-34.54227816666667,17.680580166666665
9.216357142857143,17.38184078185546,35.419043454982706,45.7659604515648,239.62075116433553,2026-06-25 00:08:57.503234,0.726,0.22799999999999998,6.291604353244946,2.0794370758537344,-34.54227816666667,17.680580166666665
9.027090909090909,17.3826070047113,35.418718497292524,45.766213737683664,239.2698200771015,2026-06-25 00:08:58.082628,0.732,0.22799999999999998,6.291599605921187,2.079858322551832,-34.54227816666667,17.680580166666665
8.790000000000001,17.38314379889508,35.41852132868957,45.76676364188952,239.53818666898837,2026-06-25 00:08:58.477980,0.732,0.22758620689655182,6.291602044199778,2.0803860118317217,-34.54227816666667,17.680580166666665
8.610909090909091,17.37721245201936,35.41835891496056,45.760986394095816,239.66963725970712,2026-06-25 00:09:00.618331,0.732,0.22599999999999998,6.29157754981966,2.080784611479491,-34.54227816666667,17.680580166666665
8.23543243243243,17.37390573127668,35.418313640048936,45.757686899229704,239.29265700579475,2026-06-25 00:09:00.940851,0.72656756756757,0.22599999999999998,6.291595190614361,2.3226636039233926,-34.54227816666667,17.680580166666665
8.405433333333333,17.37468597277025,35.418313640048936,45.75882197708812,239.3172982799266,2026-06-25 00:09:01.120624,0.732,0.22599999999999998,6.291578214566917,2.1516413765396045,-34.54227816666667,17.680580166666665
8.029333333333334,17.37446350459345,35.418313640048936,45.75830970135885,239.30776690151004,2026-06-25 00:09:02.029832,0.726,0.22599999999999998,6.291582385099201,2.224653772398968,-34.54227816666667,17.680580166666665
7.844545454545454,17.376707582571825,35.41839415814243,45.76010740011116,239.28381297449846,2026-06-25 00:09:03.217654,0.738,0.22599999999999998,6.291589852638968,2.228951001832672,-34.54227816666667,17.680580166666665
7.567666666666667,17.379460613188414,35.41847319239369,45.7602482656683,239.26056795134093,2026-06-25 00:09:04.276468,0.732,0.22599999999999998,6.291594729313648,2.2028780375113044,-34.54227816666667,17.680580166666665
7.4034615384615385,17.37757725978278,35.41855469336586,45.75984728591873,239.26479207153955,2026-06-25 00:09:05.022428,0.738,0.2253076923076923,6.291596323594677,2.284127011504202,-34.54227816666667,17.680580166666665
7.208185185185183,17.376406039524475,35.41861189017837,45.759755638538735,239.2831307217101,2026-06-25 00:09:05.807551,0.726,0.22464197530864227,6.291586541271064,2.146853553864199,-34.54227816666667,17.680580166666665
7.023760000000001,17.37528895920119,35.41861189017837,45.75969262532899,239.29623683801256,2026-06-25 00:09:06.417910,0.732,0.22553600000000026,6.291580099088179,1.9618724050775609,-34.54227816666667,17.680580166666665
6.843285714285714,17.37551482106219,35.41861189017837,45.75973066022437,239.29174124161034,2026-06-25 00:09:07.040034,0.732,0.22799999999999998,6.291581072666946,2.0966622668453456,-34.54227816666667,17.680580166666665
6.636,17.377112462623057,35.41848937824665,45.760030260848694,239.2628015766355,2026-06-25 00:09:08.229010,0.732,0.22978571428571426,6.291593684304737,2.02860564116906,-34.54227816666667,17.680580166666665
6.423454545454546,17.37873227128318,35.418287497685974,45.76044395275585,239.26090766680093,2026-06-25 00:09:08.934345,0.7295335968379445,0.22917786561264816,6.2915888503081305,2.2894537193096185,-34.54227816666667,17.680580166666665
6.213666666666667,17.378765944190057,35.418048905849815,45.76045925094765,239.44799694904316,2026-06-25 00:09:09.689343,0.7291999999999997,0.2269333333333334,6.291593753965284,2.269071855372676,-34.54227816666667,17.680580166666665
6.049555555555555,17.378249261642008,35.41782666694281,45.760312526155595,239.2535483923402,2026-06-25 00:09:10.416535,0.732,0.22844444444444473,6.29159283282905,2.2961759908154207,-34.54227816666667,17.680580166666665
5.807857142857143,17.378101702059787,35.41762877510313,45.7600446418467,239.25269760830102,2026-06-25 00:09:11.199664,0.732,0.22599999999999998,6.2915923142068815,2.3875765689639032,-34.54227816666667,17.680580166666665
5.642071428571428,17.377779965797785,35.41747723105915,45.76016264897969,239.2536373471326,2026-06-25 00:09:12.088718,0.732,0.22599999999999998,6.291591640148058,2.2787290743372774,-34.54227816666667,17.680580166666665
5.453777777777778,17.37866203142192,35.41746431492339,45.76065542481827,239.25565732939768,2026-06-25 00:09:12.513210,0.732,0.22599999999999998,6.291586446665614,2.2429863454920786,-34.54227816666667,17.680580166666665
5.2081,17.38055996007911,35.41746431492339,45.761775531661236,239.22393500737795,2026-06-25 00:09:13.329109,0.732,0.22599999999999998,6.29159958966566,2.1023900936556594,-34.54227816666667,17.680580166666665
5.029,17.382518072601002,35.41746431492339,45.76282964734636,239.2123383048265,2026-06-25 00:09:13.535166,0.732,0.22599999999999998,6.292293423239828,2.148195194312429,-34.54227816666667,17.680580166666665
4.796571428571428,17.380020401610686,35.41766236020305,45.7613555304744,239.24056014969094,2026-06-25 00:09:14.835621,0.732,0.22741071428571424,6.291587414276449,2.336523046789536,-34.54227816666667,17.680580166666665
4.6282,17.378664433779647,35.417764568685,45.76028948579643,239.25083485243076,2026-06-25 00:09:15.297596,0.7323999999999999,0.22786666666666666,6.291583512842705,2.312806860423279,-34.54227816666667,17.680580166666665
4.466571428571428,17.37693819492336,35.417902043897946,45.75917195454986,239.25287002078431,2026-06-25 00:09:15.812747,0.732,0.22799999999999998,6.294795391299729,2.1240719455522292,-34.54227816666667,17.680580166666665
4.235333333333333,17.3755195206578,35.41822113067695,45.75845959347337,239.53182208193098,2026-06-25 00:09:16.856523,0.732,0.22799999999999998,6.292606428302982,2.255574180746504,-34.54227816666667,17.680580166666665
4.027166666666667,17.376864885406835,35.41830358970766,45.75923130289231,239.4525254051778,2026-06-25 00:09:17.081464,0.732,0.22799999999999998,6.293272485954747,2.3188578462122362,-34.54227816666667,17.680580166666665
3.8285,17.377436092440213,35.418405687421384,45.75846550353366,239.2389104219442,2026-06-25 00:09:17.348061,0.732,0.22699999999999998,6.295332879581082,2.2672998620241542,-34.54227816666667,17.680580166666665
3.6619,17.378079981367232,35.41853443185373,45.7584065570954,239.22638955833577,2026-06-25 00:09:17.662979,0.732,0.2256708333333333,6.291593525380442,2.2161225883409816,-34.54227816666667,17.680580166666665
3.4052105263157895,17.380430706394648,35.418868893520745,45.7615074519162,239.47097784032547,2026-06-25 00:09:18.430674,0.75,0.22599999999999998,6.295343123872046,2.206768877106265,-34.54227816666667,17.680580166666665
3.2250000000000005,17.379522156276778,35.419405005546956,45.7624190779042,239.42557929043076,2026-06-25 00:09:19.719110,0.75,0.22599999999999998,6.291595745277048,2.2220631967577127,-34.54227816666667,17.680580166666665
3.030333333333333,17.378835727341794,35.4195362592829,45.761915054715786,239.58687476531938,2026-06-25 00:09:20.039026,0.7341764705882352,0.22599999999999998,6.291591406486739,2.1099923772308697,-34.54227816666667,17.680580166666665
2.8364000000000003,17.377428572371453,35.41980161966781,45.76129474842613,239.25268268232173,2026-06-25 00:09:20.899635,0.7375999999999996,0.22986666666666652,6.291837031114266,2.0056256812509523,-34.54227816666667,17.680580166666665
2.6504000000000003,17.37681036682482,35.42002203740869,45.76099887790919,239.40904459338086,2026-06-25 00:09:21.906873,0.7349647058823531,0.22799999999999998,6.293438678943433,2.0002306647738854,-34.54227816666667,17.680580166666665
2.4311666666666665,17.378113175392965,35.42006422023363,45.76159114076169,239.58305872843385,2026-06-25 00:09:22.305102,0.738,0.22799999999999998,6.295335549118754,1.9938717000122967,-34.54227816666667,17.680580166666665
2.219875,17.378967456499396,35.42008671983848,45.760647831222485,239.2112746348071,2026-06-25 00:09:22.765399,0.732,0.22799999999999998,6.295336424754066,2.131486584557938,-34.54227816666667,17.680580166666665
1.9930000000000003,17.37824314964817,35.42009401492309,45.75869866227533,239.5799510441118,2026-06-25 00:09:23.138219,0.732,0.22799999999999998,6.2927419263865065,2.3575475821864904,-34.54227816666667,17.680580166666665
1.8509999999999998,17.37758938749548,35.42009706660551,45.757368704274846,239.43686429466499,2026-06-25 00:09:23.446472,0.732,0.22799999999999998,6.295332151921955,2.438830871154744,-34.54227816666667,17.680580166666665
1.6239999999999999,17.377641688311325,35.420097212830335,45.757437831839674,239.20599904984246,2026-06-25 00:09:23.504790,0.732,0.22799999999999998,6.295336517776536,2.56876964999836,-34.54227816666667,17.680580166666665
1.21625,17.377693263825307,35.420097212830335,45.75774157224494,239.57715633155075,2026-06-25 00:09:23.915099,0.738,0.22599999999999998,6.295332099957335,2.457312125492026,-34.54227816666667,17.680580166666665
