PRES (dbar),TEMP (°C),SAL (psu),COND (mS/cm),OXY (µmol/kg),TIME,FLUO (ug/L),TURB (NTU),PH,LAT (°N),LON (°E)
1.6887500000000002,18.85848808197024,35.40191542540228,47.24459430911201,221.4596693692851,2026-06-25 04:37:25.345522,NaN,NaN,NaN,-34.63892533333333,17.49377683333333
1.9173333333333333,18.859323308957883,35.40191542540228,47.244891451719035,221.68783097408686,2026-06-25 04:37:25.241382,NaN,NaN,NaN,-34.63892533333333,17.49377683333333
2.1018,18.858714048209674,35.40191416559987,47.24447018093903,221.46441857062263,2026-06-25 04:37:25.078091,NaN,NaN,NaN,-34.63892533333333,17.49377683333333
2.3128,18.856917550831724,35.40191049561548,47.24151681800946,221.99814330773225,2026-06-25 04:37:24.798164,NaN,NaN,NaN,-34.63892533333333,17.49377683333333
2.4806666666666666,18.854489328982563,35.40190337257664,47.238053819889764,221.83308086623185,2026-06-25 04:37:24.533233,NaN,NaN,NaN,-34.63892533333333,17.49377683333333
2.683666666666667,18.85215490246397,35.40186906582317,47.2350745693276,222.19992943171277,2026-06-25 04:37:24.016701,NaN,NaN,NaN,-34.63892533333333,17.49377683333333
2.8901999999999997,18.85075653513298,35.401787605228876,47.233225057954755,222.20372010523548,2026-06-25 04:37:23.338545,NaN,NaN,NaN,-34.63892533333333,17.49377683333333
3.1029999999999998,18.850752342122238,35.40175868896549,47.233180962713426,222.43608799492574,2026-06-25 04:37:23.200248,NaN,NaN,NaN,-34.63892533333333,17.49377683333333
3.2838000000000003,18.849596757359212,35.40163108355733,47.230517767398325,222.21106764135394,2026-06-25 04:37:22.658722,NaN,NaN,NaN,-34.63892533333333,17.49377683333333
3.510363636363637,18.85133951251457,35.40126800366702,47.23448953306302,222.2080027937236,2026-06-25 04:37:21.918006,NaN,NaN,NaN,-34.63892533333333,17.49377683333333
3.685238095238095,18.850130578521807,35.40001572008462,47.231805469290975,222.35918149474986,2026-06-25 04:37:20.245065,NaN,NaN,NaN,-34.63892533333333,17.49377683333333
3.9021785714285713,18.849401853718806,35.39993997147606,47.230117949421235,222.21190432107974,2026-06-25 04:37:19.675571,NaN,NaN,NaN,-34.63892533333333,17.49377683333333
4.0727368421052645,18.849681851845013,35.39957963194957,47.2314343536341,222.56557464175833,2026-06-25 04:37:20.056769,NaN,NaN,NaN,-34.63892533333333,17.49377683333333
4.328066666666667,18.847510189960314,35.39917086788934,47.22740344187264,222.91092602716554,2026-06-25 04:37:18.983013,NaN,NaN,NaN,-34.63892533333333,17.49377683333333
4.449125,18.846143045755397,35.39856831036217,47.224571162501306,222.60626944407733,2026-06-25 04:37:18.153646,NaN,NaN,NaN,-34.63892533333333,17.49377683333333
4.7405,18.843535981157117,35.39827880391555,47.224105395242866,222.6186550774135,2026-06-25 04:37:16.935214,NaN,NaN,NaN,-34.63892533333333,17.49377683333333
4.8579,18.843498386934506,35.39827880391555,47.22376073165955,222.6182510193659,2026-06-25 04:37:17.015193,NaN,NaN,NaN,-34.63892533333333,17.49377683333333
5.081615384615384,18.84259000790757,35.39827880391555,47.22335998460881,222.6316100273021,2026-06-25 04:37:16.198867,NaN,NaN,NaN,-34.63892533333333,17.49377683333333
5.290642857142857,18.842263259219788,35.39836797790079,47.22271107630605,222.64131302937233,2026-06-25 04:37:15.892629,NaN,NaN,NaN,-34.63892533333333,17.49377683333333
5.47925,18.840997718683354,35.39865048915856,47.22207248232529,222.64964149679648,2026-06-25 04:37:15.423108,NaN,NaN,NaN,-34.63892533333333,17.49377683333333
5.68,18.839137290773596,35.39899654634376,47.221519590863714,222.66531329903447,2026-06-25 04:37:14.973225,NaN,NaN,NaN,-34.63892533333333,17.49377683333333
5.887777777777778,18.839514443899947,35.399793874633666,47.223377799587496,222.66470071465773,2026-06-25 04:37:14.316452,NaN,NaN,NaN,-34.63892533333333,17.49377683333333
6.107714285714286,18.84198907635437,35.40053837741689,47.22602554869976,222.64620724887743,2026-06-25 04:37:13.814599,NaN,NaN,NaN,-34.63892533333333,17.49377683333333
6.304909090909091,18.86226347987869,35.4046818554579,47.25158592177626,222.2351506237284,2026-06-25 04:37:12.300058,NaN,NaN,NaN,-34.63892533333333,17.49377683333333
6.511214285714286,18.884951067499863,35.40935197807256,47.27926673369521,219.72833030877254,2026-06-25 04:37:10.633285,NaN,NaN,NaN,-34.63892533333333,17.49377683333333
6.678795454545455,18.88793633907948,35.41035732469938,47.28321005420862,219.51594009157995,2026-06-25 04:37:10.204014,NaN,NaN,NaN,-34.63892533333333,17.49377683333333
6.874125,18.900799528915115,35.413458598195845,47.302544756439175,219.83200207038627,2026-06-25 04:37:08.724854,NaN,NaN,NaN,-34.63892533333333,17.49377683333333
7.1246,18.89889771956553,35.414406530610066,47.30062233862149,220.0065513505316,2026-06-25 04:37:07.352712,NaN,NaN,NaN,-34.63892533333333,17.49377683333333
7.279090909090908,18.896024820582088,35.41447440573788,47.29505066083896,220.5454708422313,2026-06-25 04:37:06.472032,NaN,NaN,NaN,-34.63892533333333,17.49377683333333
7.507333333333333,18.89679053031152,35.41447440573788,47.29469364397062,220.19567488199013,2026-06-25 04:37:05.646490,NaN,NaN,NaN,-34.63892533333333,17.49377683333333
7.662699999999999,18.89698754583585,35.414406530610066,47.29499308061061,220.23613192865616,2026-06-25 04:37:05.693144,NaN,NaN,NaN,-34.63892533333333,17.49377683333333
7.897916666666666,18.89771362741654,35.41345445895549,47.29717078695571,220.4063393981736,2026-06-25 04:37:04.855029,NaN,NaN,NaN,-34.63892533333333,17.49377683333333
8.0706,18.896882523662363,35.41318663044196,47.29727504489025,220.2048489346124,2026-06-25 04:37:04.603428,NaN,NaN,NaN,-34.63892533333333,17.49377683333333
8.308714285714284,18.895697975901044,35.41272564863063,47.297184634627364,220.26393157179766,2026-06-25 04:37:04.177825,NaN,NaN,NaN,-34.63892533333333,17.49377683333333
8.512869565217391,18.895338018636803,35.411571081405825,47.29462759786266,220.61354490404213,2026-06-25 04:37:01.914129,NaN,NaN,NaN,-34.63892533333333,17.49377683333333
8.7086,18.89493305816556,35.41117441872326,47.29262627778746,220.66652020012592,2026-06-25 04:37:00.983122,NaN,NaN,NaN,-34.63892533333333,17.49377683333333
8.913,18.89358016004089,35.41083584514491,47.2907838271528,220.92132534320143,2026-06-25 04:37:00.013514,NaN,NaN,NaN,-34.63892533333333,17.49377683333333
9.069157894736842,18.891121080291292,35.41044827203054,47.28809354272988,220.60790036536193,2026-06-25 04:36:58.968844,NaN,NaN,NaN,-34.63892533333333,17.49377683333333
9.277714285714286,18.884750445933808,35.409404545479646,47.28048487057064,221.31776569224806,2026-06-25 04:36:56.619081,NaN,NaN,NaN,-34.63892533333333,17.49377683333333
9.518400000000002,18.8811338562082,35.40842025356988,47.27536805299959,221.35168736341078,2026-06-25 04:36:55.212543,NaN,NaN,NaN,-34.63892533333333,17.49377683333333
9.720480000000002,18.876851339585215,35.40758798960819,47.27090361710728,221.49238409347197,2026-06-25 04:36:54.204139,NaN,NaN,NaN,-34.63892533333333,17.49377683333333
9.89117857142857,18.877032659667965,35.40732149107201,47.27066858733373,221.95105212896794,2026-06-25 04:36:53.907288,NaN,NaN,NaN,-34.63892533333333,17.49377683333333
10.1075,18.880564703311443,35.405891194135435,47.27122548020252,221.9571414870011,2026-06-25 04:36:52.354121,NaN,NaN,NaN,-34.63892533333333,17.49377683333333
10.304000000000002,18.88043348149508,35.40570375788873,47.27078854299488,222.0457777180651,2026-06-25 04:36:52.146675,NaN,NaN,NaN,-34.63892533333333,17.49377683333333
10.518642857142856,18.877473484181987,35.40428141088234,47.26707951798541,222.06205259300245,2026-06-25 04:36:49.545925,NaN,NaN,NaN,-34.63892533333333,17.49377683333333
10.707128205128205,18.875751332231538,35.40328215462603,47.26417971863013,222.41702747795756,2026-06-25 04:36:47.816522,NaN,NaN,NaN,-34.63892533333333,17.49377683333333
10.896849315068494,18.875268400414356,35.403004725781486,47.26424852988464,222.42352506952662,2026-06-25 04:36:47.222069,NaN,NaN,NaN,-34.63892533333333,17.49377683333333
11.08028813559322,18.873443898578383,35.402737457359635,47.261937265250396,222.50076494578158,2026-06-25 04:36:46.223304,NaN,NaN,NaN,-34.63892533333333,17.49377683333333
11.293800000000001,18.870509127232506,35.401994394749764,47.25786519849559,223.12590554499096,2026-06-25 04:36:43.658888,NaN,NaN,NaN,-34.63892533333333,17.49377683333333
11.494833333333334,18.868907964932067,35.40152064547956,47.255203947542746,223.23382962483808,2026-06-25 04:36:41.548604,NaN,NaN,NaN,-34.63892533333333,17.49377683333333
11.695750000000002,18.86802929808803,35.401464444121935,47.25435225453894,223.48070545453982,2026-06-25 04:36:41.007079,NaN,NaN,NaN,-34.63892533333333,17.49377683333333
11.870357142857141,18.865790256991204,35.40111995412344,47.25164376947418,223.19658402464637,2026-06-25 04:36:39.441416,NaN,NaN,NaN,-34.63892533333333,17.49377683333333
12.104500000000002,18.863638398803065,35.40111995412344,47.248747002098234,223.59302790897908,2026-06-25 04:36:35.175644,NaN,NaN,NaN,-34.63892533333333,17.49377683333333
12.281512195121952,18.863757717424487,35.40111995412344,47.24919338984654,223.85696929236803,2026-06-25 04:36:35.389336,NaN,NaN,NaN,-34.63892533333333,17.49377683333333
12.50008888888889,18.86825166178036,35.401210529258314,47.25555064799154,223.2454919207538,2026-06-25 04:36:35.065572,NaN,NaN,NaN,-34.63892533333333,17.49377683333333
12.6855,18.870510667957063,35.40159460878084,47.25888233295583,223.15662123464728,2026-06-25 04:36:34.245300,NaN,NaN,NaN,-34.63892533333333,17.49377683333333
12.8750625,18.867892192385362,35.40164734035306,47.256525195962816,222.97472509601744,2026-06-25 04:36:34.691017,NaN,NaN,NaN,-34.63892533333333,17.49377683333333
13.095699999999999,18.877197071461786,35.40302097471994,47.26658728738924,222.7637283933293,2026-06-25 04:36:30.434835,NaN,NaN,NaN,-34.63892533333333,17.49377683333333
13.295511111111114,18.879460824949174,35.403603247409386,47.26963139119473,222.93292718015056,2026-06-25 04:36:26.933247,NaN,NaN,NaN,-34.63892533333333,17.49377683333333
13.5004,18.88371921556913,35.40414652003764,47.274823398035366,222.68099137407768,2026-06-25 04:36:24.674605,NaN,NaN,NaN,-34.63892533333333,17.49377683333333
13.69060294117647,18.891415096298697,35.405123752097175,47.284113636785186,221.9783486868723,2026-06-25 04:36:21.465114,NaN,NaN,NaN,-34.63892533333333,17.49377683333333
13.90286440677966,18.896338326804685,35.40599481615239,47.29028096082297,221.96275989922887,2026-06-25 04:36:19.076143,NaN,NaN,NaN,-34.63892533333333,17.49377683333333
14.094403508771931,18.900482651842747,35.40715746043358,47.29600245824929,221.06704796312286,2026-06-25 04:36:16.109402,NaN,NaN,NaN,-34.63892533333333,17.49377683333333
14.306027027027026,18.897178803272613,35.40715746043358,47.29340837359928,221.5896877484072,2026-06-25 04:36:12.780990,NaN,NaN,NaN,-34.63892533333333,17.49377683333333
14.49181818181818,18.895711979538287,35.40715746043358,47.29191233835957,220.85035970947087,2026-06-25 04:36:10.156711,NaN,NaN,NaN,-34.63892533333333,17.49377683333333
14.693666666666667,18.891980552248928,35.40543099919248,47.28528330786958,221.31058929349703,2026-06-25 04:36:08.739656,NaN,NaN,NaN,-34.63892533333333,17.49377683333333
14.890146341463414,18.888485081543074,35.40280328898673,47.27799255051609,222.38404735707206,2026-06-25 04:36:05.381304,NaN,NaN,NaN,-34.63892533333333,17.49377683333333
15.111775,18.887998021980156,35.40280328898673,47.277716018564924,222.4415506357257,2026-06-25 04:36:03.361892,NaN,NaN,NaN,-34.63892533333333,17.49377683333333
15.267541666666666,18.88632654949565,35.40280328898673,47.27732563827605,222.39771709105673,2026-06-25 04:36:03.325234,NaN,NaN,NaN,-34.63892533333333,17.49377683333333
15.45422222222222,18.88629563073029,35.403199167547044,47.276580800006116,222.38789131970302,2026-06-25 04:36:02.040847,NaN,NaN,NaN,-34.63892533333333,17.49377683333333
15.697000000000001,18.889645653746165,35.4045051206915,47.28060978962908,222.08159513518197,2026-06-25 04:36:00.594399,NaN,NaN,NaN,-34.63892533333333,17.49377683333333
15.896666666666667,18.891059660427185,35.404660391998256,47.28295841162511,222.07524357296808,2026-06-25 04:36:00.421825,NaN,NaN,NaN,-34.63892533333333,17.49377683333333
16.143833333333333,18.897863465974343,35.40523856670428,47.29250961576795,221.7191014349449,2026-06-25 04:35:59.622033,NaN,NaN,NaN,-34.63892533333333,17.49377683333333
16.31414814814815,18.903749055811804,35.40558711599726,47.2997050278026,221.9662214518451,2026-06-25 04:35:58.654693,NaN,NaN,NaN,-34.63892533333333,17.49377683333333
16.50464102564103,18.906071771853906,35.405866699674355,47.30181443733979,221.2308604346903,2026-06-25 04:35:57.498869,NaN,NaN,NaN,-34.63892533333333,17.49377683333333
16.697871794871794,18.904665404087734,35.40626704541779,47.29942450872431,221.60024430730596,2026-06-25 04:35:55.563476,NaN,NaN,NaN,-34.63892533333333,17.49377683333333
16.88260606060606,18.909365039030174,35.40710911545962,47.30649162318867,221.1955961135159,2026-06-25 04:35:54.228742,NaN,NaN,NaN,-34.63892533333333,17.49377683333333
17.093909090909094,18.91056806922055,35.40828297254126,47.30980506093943,220.91572948656633,2026-06-25 04:35:52.870763,NaN,NaN,NaN,-34.63892533333333,17.49377683333333
17.29223529411765,18.90852370499362,35.40828297254126,47.30870075195221,221.22763184458836,2026-06-25 04:35:51.394276,NaN,NaN,NaN,-34.63892533333333,17.49377683333333
17.510181818181817,18.905159819370944,35.40828297254126,47.30401064258205,221.25219862802263,2026-06-25 04:35:49.842007,NaN,NaN,NaN,-34.63892533333333,17.49377683333333
17.70882692307692,18.898641993720346,35.40808613555957,47.295332355373326,221.36167043227488,2026-06-25 04:35:46.381895,NaN,NaN,NaN,-34.63892533333333,17.49377683333333
17.8927375,18.900214140366725,35.407748322880266,47.298512764209285,222.12047223209566,2026-06-25 04:35:45.632763,NaN,NaN,NaN,-34.63892533333333,17.49377683333333
18.077540540540543,18.901700354395523,35.407414599589785,47.300997091195164,222.18302485073696,2026-06-25 04:35:44.620763,NaN,NaN,NaN,-34.63892533333333,17.49377683333333
18.31068421052631,18.90052035094924,35.40546027300189,47.29676408080404,221.77836177797218,2026-06-25 04:35:38.141229,NaN,NaN,NaN,-34.63892533333333,17.49377683333333
18.494820512820517,18.896550693022625,35.40546027300189,47.29078758353447,222.33046696741232,2026-06-25 04:35:35.780812,NaN,NaN,NaN,-34.63892533333333,17.49377683333333
18.680733333333333,18.89327380898024,35.40546027300189,47.28694707450774,222.51586714570394,2026-06-25 04:35:36.406418,NaN,NaN,NaN,-34.63892533333333,17.49377683333333
18.880875,18.896485825308392,35.406509778031676,47.290910552235424,222.07702566741517,2026-06-25 04:35:34.120347,NaN,NaN,NaN,-34.63892533333333,17.49377683333333
19.101790697674417,18.919706200562935,35.4107896753413,47.321900955209486,220.6724808142409,2026-06-25 04:35:27.883988,NaN,NaN,NaN,-34.63892533333333,17.49377683333333
19.3075875,18.926578806005494,35.4107896753413,47.33107409265115,220.15629413480747,2026-06-25 04:35:26.270310,NaN,NaN,NaN,-34.63892533333333,17.49377683333333
19.480941176470584,18.92693939161787,35.4107896753413,47.33063453163827,221.79175498380752,2026-06-25 04:35:24.088158,NaN,NaN,NaN,-34.63892533333333,17.49377683333333
19.702285714285715,18.91801711856075,35.407758597179985,47.3170020420025,221.83939189846026,2026-06-25 04:35:18.184025,NaN,NaN,NaN,-34.63892533333333,17.49377683333333
19.90812280701754,18.91468423212955,35.40768408356369,47.31281417571254,221.84885454389533,2026-06-25 04:35:16.050496,NaN,NaN,NaN,-34.63892533333333,17.49377683333333
20.090338028169022,18.91402151708178,35.40738724098191,47.31334641390973,222.44117178699125,2026-06-25 04:35:15.593251,NaN,NaN,NaN,-34.63892533333333,17.49377683333333
20.279659090909092,18.912481784329188,35.40723612166837,47.311866268269206,222.08403708103856,2026-06-25 04:35:14.091098,NaN,NaN,NaN,-34.63892533333333,17.49377683333333
20.50674468085106,18.908824742913417,35.40584143285201,47.305814945326084,222.95222199497192,2026-06-25 04:35:08.854238,NaN,NaN,NaN,-34.63892533333333,17.49377683333333
20.691318181818183,18.904890252922687,35.40448686408874,47.300039240191396,223.3368991519948,2026-06-25 04:35:05.886040,NaN,NaN,NaN,-34.63892533333333,17.49377683333333
20.886674418604645,18.90395991892298,35.40448686408874,47.297774060831834,222.69365865296422,2026-06-25 04:35:03.195656,NaN,NaN,NaN,-34.63892533333333,17.49377683333333
21.083512820512823,18.904611013244956,35.40448686408874,47.29828719713343,223.16461848069267,2026-06-25 04:35:00.634204,NaN,NaN,NaN,-34.63892533333333,17.49377683333333
21.28278260869565,18.908522604890422,35.4053584280099,47.30437577682501,222.63547518686894,2026-06-25 04:34:58.455006,NaN,NaN,NaN,-34.63892533333333,17.49377683333333
21.492769230769227,18.931029166655755,35.4091100862059,47.333199368334284,221.97502160099057,2026-06-25 04:34:56.542963,NaN,NaN,NaN,-34.63892533333333,17.49377683333333
21.69312121212121,18.941343950885496,35.411096172262845,47.34632602624212,221.00107121349066,2026-06-25 04:34:55.383475,NaN,NaN,NaN,-34.63892533333333,17.49377683333333
21.883239999999997,18.942095113898414,35.411096172262845,47.34733116418643,221.62089007876656,2026-06-25 04:34:53.525595,NaN,NaN,NaN,-34.63892533333333,17.49377683333333
22.108780487804875,18.940134041949253,35.411096172262845,47.34449377289436,221.70161045753815,2026-06-25 04:34:52.002870,NaN,NaN,NaN,-34.63892533333333,17.49377683333333
22.290999999999997,18.93549675568308,35.40955779594747,47.33799222599557,222.06735464800713,2026-06-25 04:34:50.178255,NaN,NaN,NaN,-34.63892533333333,17.49377683333333
22.500204545454547,18.932998530767364,35.40955779594747,47.334388224785066,222.11244632722781,2026-06-25 04:34:47.761598,NaN,NaN,NaN,-34.63892533333333,17.49377683333333
22.69669696969697,18.933770141564626,35.40955779594747,47.33535750069076,221.8610779951724,2026-06-25 04:34:46.322200,NaN,NaN,NaN,-34.63892533333333,17.49377683333333
22.89835,18.931000879998628,35.41018799562867,47.33517463345585,221.65900192601737,2026-06-25 04:34:44.667404,NaN,NaN,NaN,-34.63892533333333,17.49377683333333
23.099066666666666,18.930016972046175,35.41018799562867,47.33586364893102,221.11302825808795,2026-06-25 04:34:43.766806,NaN,NaN,NaN,-34.63892533333333,17.49377683333333
23.326285714285717,18.928404348362445,35.41018799562867,47.333734874796725,221.48563243285946,2026-06-25 04:34:42.700417,NaN,NaN,NaN,-34.63892533333333,17.49377683333333
23.504650000000005,18.927297231233865,35.40950606884364,47.330442854288414,221.48393428725683,2026-06-25 04:34:41.935616,NaN,NaN,NaN,-34.63892533333333,17.49377683333333
23.6849,18.92671052897823,35.408866023280126,47.32813087909505,222.1643999133881,2026-06-25 04:34:41.288285,NaN,NaN,NaN,-34.63892533333333,17.49377683333333
23.8842,18.92636360217506,35.40775682916355,47.326019363955204,222.1992935466959,2026-06-25 04:34:40.213565,NaN,NaN,NaN,-34.63892533333333,17.49377683333333
24.081,18.92469919611063,35.40691009722649,47.324200926694274,222.21323701784135,2026-06-25 04:34:38.859751,NaN,NaN,NaN,-34.63892533333333,17.49377683333333
24.30427586206897,18.92397386209681,35.406535468280794,47.32460565154495,222.06709037778336,2026-06-25 04:34:37.581062,NaN,NaN,NaN,-34.63892533333333,17.49377683333333
24.494896551724135,18.923283177632516,35.40633312324651,47.32371632851515,221.93575644503935,2026-06-25 04:34:36.819191,NaN,NaN,NaN,-34.63892533333333,17.49377683333333
24.693142857142856,18.921567845064803,35.40592683440773,47.32101688524116,222.3625248246768,2026-06-25 04:34:35.802215,NaN,NaN,NaN,-34.63892533333333,17.49377683333333
24.909428571428574,18.919336022765474,35.40530329193317,47.316999611469114,222.57391914352786,2026-06-25 04:34:34.550160,NaN,NaN,NaN,-34.63892533333333,17.49377683333333
25.105173913043476,18.918581635940228,35.4046705697581,47.31527892794025,222.58696505048462,2026-06-25 04:34:33.433267,NaN,NaN,NaN,-34.63892533333333,17.49377683333333
25.304684210526315,18.91883990185039,35.40419900275004,47.31549245212355,222.91751002994548,2026-06-25 04:34:32.282080,NaN,NaN,NaN,-34.63892533333333,17.49377683333333
25.478285714285715,18.91861000814339,35.40406361948912,47.31543075367605,222.6836407544796,2026-06-25 04:34:31.799687,NaN,NaN,NaN,-34.63892533333333,17.49377683333333
25.68646153846154,18.91719426525089,35.40380463379035,47.31457265209092,222.72251259552726,2026-06-25 04:34:30.926563,NaN,NaN,NaN,-34.63892533333333,17.49377683333333
25.881785714285716,18.91442082057483,35.40380463379035,47.311840887792265,222.9574029366456,2026-06-25 04:34:30.239379,NaN,NaN,NaN,-34.63892533333333,17.49377683333333
26.127142857142854,18.91233062559985,35.40380463379035,47.308929074592086,222.7602764378367,2026-06-25 04:34:28.677882,NaN,NaN,NaN,-34.63892533333333,17.49377683333333
26.29403773584906,18.915924124290697,35.4046549762449,47.31404635312479,222.62252750837314,2026-06-25 04:34:26.532933,NaN,NaN,NaN,-34.63892533333333,17.49377683333333
26.493315789473687,18.922140896200098,35.40672496558086,47.32222061044225,223.05458294726134,2026-06-25 04:34:25.394402,NaN,NaN,NaN,-34.63892533333333,17.49377683333333
26.67541379310345,18.947360485764754,35.413458828493226,47.35811458331016,218.98827456021624,2026-06-25 04:34:23.298578,NaN,NaN,NaN,-34.63892533333333,17.49377683333333
26.88509523809524,18.96287194853714,35.41884355371057,47.381339648082,218.80638579937215,2026-06-25 04:34:21.667804,NaN,NaN,NaN,-34.63892533333333,17.49377683333333
27.10178947368421,18.965763062686154,35.420384298144754,47.38496717383749,219.2753926618338,2026-06-25 04:34:19.953714,NaN,NaN,NaN,-34.63892533333333,17.49377683333333
27.290157894736844,18.969813098219692,35.420384298144754,47.39127138250872,218.89027424458925,2026-06-25 04:34:18.907934,NaN,NaN,NaN,-34.63892533333333,17.49377683333333
27.506666666666664,18.960426546019807,35.420384298144754,47.379071269956675,219.75605924892753,2026-06-25 04:34:16.140673,NaN,NaN,NaN,-34.63892533333333,17.49377683333333
27.6868679245283,18.955331356054508,35.419695173023584,47.37213889616097,219.80625256721578,2026-06-25 04:34:14.108813,NaN,NaN,NaN,-34.63892533333333,17.49377683333333
27.886804347826086,18.953127506193137,35.418808535184596,47.37041765486873,219.6306071190552,2026-06-25 04:34:12.169245,NaN,NaN,NaN,-34.63892533333333,17.49377683333333
28.08059259259259,18.948433400878283,35.41601139254176,47.361235979572434,221.3824520515422,2026-06-25 04:34:10.160751,NaN,NaN,NaN,-34.63892533333333,17.49377683333333
28.28435,18.943223015972986,35.412014420173605,47.350256333962804,221.97034473770236,2026-06-25 04:34:08.421852,NaN,NaN,NaN,-34.63892533333333,17.49377683333333
28.49306976744186,18.940121064179273,35.40878967036535,47.3441700428875,222.1080113797917,2026-06-25 04:34:06.193654,NaN,NaN,NaN,-34.63892533333333,17.49377683333333
28.68413924050633,18.939553474791396,35.40878967036535,47.34260379281098,222.4496932717385,2026-06-25 04:34:03.678310,NaN,NaN,NaN,-34.63892533333333,17.49377683333333
28.893434782608697,18.93997571411157,35.40878967036535,47.34243864409138,222.44767463186483,2026-06-25 04:34:00.816407,NaN,NaN,NaN,-34.63892533333333,17.49377683333333
29.07448148148148,18.941215172370494,35.409765023501535,47.346686123036385,221.5956582554958,2026-06-25 04:33:59.328389,NaN,NaN,NaN,-34.63892533333333,17.49377683333333
29.306370370370374,18.956734626449254,35.41969237585603,47.37753469887041,218.3624688934657,2026-06-25 04:33:55.679340,NaN,NaN,NaN,-34.63892533333333,17.49377683333333
29.5083,18.977706227087843,35.42820116295785,47.407236659505294,217.43555368831207,2026-06-25 04:33:52.341543,NaN,NaN,NaN,-34.63892533333333,17.49377683333333
29.682247311827958,18.98049573678107,35.4302006122598,47.41187489882149,217.43532179678124,2026-06-25 04:33:51.434748,NaN,NaN,NaN,-34.63892533333333,17.49377683333333
29.88867307692308,18.982763361615046,35.43438328109394,47.41887091341694,215.92906176945445,2026-06-25 04:33:49.126881,NaN,NaN,NaN,-34.63892533333333,17.49377683333333
30.082000000000004,18.983136061953118,35.43925410358176,47.425632360758485,215.4994217165557,2026-06-25 04:33:46.274216,NaN,NaN,NaN,-34.63892533333333,17.49377683333333
30.301296296296297,18.986402450397495,35.44298608025762,47.434596585314985,214.60359409008626,2026-06-25 04:33:44.150864,NaN,NaN,NaN,-34.63892533333333,17.49377683333333
30.481833333333338,18.987418089423244,35.44489096962331,47.437866849996816,214.76436953388213,2026-06-25 04:33:43.307565,NaN,NaN,NaN,-34.63892533333333,17.49377683333333
30.70525925925926,18.985768224391368,35.450198753427294,47.4444292987583,213.7942558956777,2026-06-25 04:33:41.305309,NaN,NaN,NaN,-34.63892533333333,17.49377683333333
30.897727272727277,18.977406981054813,35.450198753427294,47.43830894180651,211.82506843170086,2026-06-25 04:33:38.171782,NaN,NaN,NaN,-34.63892533333333,17.49377683333333
31.084690140845076,18.975571794727173,35.450198753427294,47.43332954978727,211.91560120174577,2026-06-25 04:33:37.524448,NaN,NaN,NaN,-34.63892533333333,17.49377683333333
31.285749999999997,18.963366466270624,35.442340771867926,47.39786458294278,221.62702229202858,2026-06-25 04:33:35.888665,NaN,NaN,NaN,-34.63892533333333,17.49377683333333
31.485941176470586,18.953241547002836,35.442340771867926,47.370656961391326,219.2334383826027,2026-06-25 04:33:33.186184,NaN,NaN,NaN,-34.63892533333333,17.49377683333333
31.65222222222222,18.958356461335477,35.442340771867926,47.38354888315076,216.6249971675939,2026-06-25 04:33:32.785308,NaN,NaN,NaN,-34.63892533333333,17.49377683333333
31.91975,18.97857970353934,35.445517181204096,47.43770927153423,212.8628837528987,2026-06-25 04:33:31.518971,NaN,NaN,NaN,-34.63892533333333,17.49377683333333
32.10705263157894,18.978901801783127,35.46203746900818,47.4538178913935,211.88994340959215,2026-06-25 04:33:29.824676,NaN,NaN,NaN,-34.63892533333333,17.49377683333333
32.31005084745763,18.969930962230123,35.48170044419586,47.46426379385625,206.33779306995788,2026-06-25 04:33:28.140191,NaN,NaN,NaN,-34.63892533333333,17.49377683333333
32.48868518518518,18.967191957176418,35.48751435038282,47.46752278353241,206.40507381757925,2026-06-25 04:33:27.063651,NaN,NaN,NaN,-34.63892533333333,17.49377683333333
32.68045161290322,18.9618787201079,35.49161567697187,47.46786040992152,205.14661554042578,2026-06-25 04:33:25.499572,NaN,NaN,NaN,-34.63892533333333,17.49377683333333
32.892105263157895,18.94945655162794,35.49836528575944,47.46383533803572,203.43385998032346,2026-06-25 04:33:23.076435,NaN,NaN,NaN,-34.63892533333333,17.49377683333333
33.081599999999995,18.936636854038458,35.502758304045685,47.45788357667077,202.12138989685545,2026-06-25 04:33:21.906477,NaN,NaN,NaN,-34.63892533333333,17.49377683333333
33.28782352941177,18.930412658647477,35.502758304045685,47.45469836470549,202.52812371855637,2026-06-25 04:33:20.880568,NaN,NaN,NaN,-34.63892533333333,17.49377683333333
33.500205128205124,18.94684924367772,35.502758304045685,47.46741681638733,205.95115097908158,2026-06-25 04:33:18.929945,NaN,NaN,NaN,-34.63892533333333,17.49377683333333
33.710610169491524,18.96625879810008,35.50085426814781,47.48229605269727,205.0189341333214,2026-06-25 04:33:17.171863,NaN,NaN,NaN,-34.63892533333333,17.49377683333333
33.890228571428565,18.9790059781137,35.50073932565974,47.49284513277084,203.7198732240927,2026-06-25 04:33:15.521712,NaN,NaN,NaN,-34.63892533333333,17.49377683333333
34.071239999999996,18.986086402656362,35.50073932565974,47.49779315522735,202.87341777428009,2026-06-25 04:33:13.579647,NaN,NaN,NaN,-34.63892533333333,17.49377683333333
34.29736842105263,18.972030478668913,35.50073932565974,47.49435593616165,203.1412778466246,2026-06-25 04:33:12.260833,NaN,NaN,NaN,-34.63892533333333,17.49377683333333
34.487875,18.969833772755507,35.50073932565974,47.492487566712036,202.21843185314117,2026-06-25 04:33:10.788958,NaN,NaN,NaN,-34.63892533333333,17.49377683333333
34.7138,18.976416981870155,35.50073932565974,47.4968320853315,202.0644500595672,2026-06-25 04:33:08.223932,NaN,NaN,NaN,-34.63892533333333,17.49377683333333
34.89766197183098,18.98911357195561,35.499723230532226,47.50461310505106,206.27811724518753,2026-06-25 04:33:05.996751,NaN,NaN,NaN,-34.63892533333333,17.49377683333333
35.07078431372549,18.992034918404897,35.49847890604551,47.50761244247521,203.29560248962414,2026-06-25 04:33:05.140553,NaN,NaN,NaN,-34.63892533333333,17.49377683333333
35.27695238095238,18.999237014873742,35.49847890604551,47.512652035539624,205.1877963743882,2026-06-25 04:33:02.300397,NaN,NaN,NaN,-34.63892533333333,17.49377683333333
35.520303030303026,18.998551727448447,35.49764576221054,47.51441842523093,204.81818310825957,2026-06-25 04:32:59.035014,NaN,NaN,NaN,-34.63892533333333,17.49377683333333
35.70022388059702,18.99475039574915,35.497081557011775,47.51144195489101,204.61254687693616,2026-06-25 04:32:56.875016,NaN,NaN,NaN,-34.63892533333333,17.49377683333333
35.891528571428566,18.992714267356536,35.497081557011775,47.507276861885835,205.01191540813969,2026-06-25 04:32:55.329833,NaN,NaN,NaN,-34.63892533333333,17.49377683333333
36.0687027027027,18.989907138150453,35.49400756273652,47.500203014604196,205.30758183779955,2026-06-25 04:32:52.754751,NaN,NaN,NaN,-34.63892533333333,17.49377683333333
36.32244897959183,18.989444603607836,35.48668388693534,47.49064612373992,207.45058155612375,2026-06-25 04:32:48.807655,NaN,NaN,NaN,-34.63892533333333,17.49377683333333
36.489423076923075,18.989978561493103,35.48668388693534,47.490579181696305,206.09638532060447,2026-06-25 04:32:47.528515,NaN,NaN,NaN,-34.63892533333333,17.49377683333333
36.68134210526316,18.99143361815942,35.48668388693534,47.49184593049321,206.60416247050117,2026-06-25 04:32:45.037666,NaN,NaN,NaN,-34.63892533333333,17.49377683333333
36.91017021276595,18.990979943050558,35.48756425112182,47.49546583934496,206.73790764990608,2026-06-25 04:32:42.157370,NaN,NaN,NaN,-34.63892533333333,17.49377683333333
37.090540000000004,18.989184733079167,35.49045276205222,47.49582437157929,206.08700538976518,2026-06-25 04:32:40.487273,NaN,NaN,NaN,-34.63892533333333,17.49377683333333
37.29953658536585,18.985293951248668,35.49707066924273,47.498827255552726,204.69502777533785,2026-06-25 04:32:38.238957,NaN,NaN,NaN,-34.63892533333333,17.49377683333333
37.47641935483871,18.977779739774466,35.50649687141912,47.504321549374325,201.49275379082056,2026-06-25 04:32:36.446230,NaN,NaN,NaN,-34.63892533333333,17.49377683333333
37.68277777777777,18.966672048804707,35.516657940619545,47.50574161625849,201.02495771093174,2026-06-25 04:32:34.730070,NaN,NaN,NaN,-34.63892533333333,17.49377683333333
37.896317073170735,18.95504994712711,35.52225869048614,47.49878598643758,199.89096820300685,2026-06-25 04:32:32.251493,NaN,NaN,NaN,-34.63892533333333,17.49377683333333
38.10406779661017,18.95294785388868,35.522591805436655,47.496754752543595,200.19243374049037,2026-06-25 04:32:29.836744,NaN,NaN,NaN,-34.63892533333333,17.49377683333333
38.284694915254235,18.951258194523785,35.52285997225998,47.49619343640607,199.41249056713588,2026-06-25 04:32:28.595542,NaN,NaN,NaN,-34.63892533333333,17.49377683333333
38.48773076923077,18.936345869095447,35.526632115664015,47.48774029962846,198.4603186767976,2026-06-25 04:32:26.095640,NaN,NaN,NaN,-34.63892533333333,17.49377683333333
38.704173913043476,18.915804980762008,35.53160929143156,47.472015280460234,197.13399392487685,2026-06-25 04:32:23.947454,NaN,NaN,NaN,-34.63892533333333,17.49377683333333
38.922264705882355,18.902303815025498,35.53437627018045,47.459791932512665,197.18652176119045,2026-06-25 04:32:21.507809,NaN,NaN,NaN,-34.63892533333333,17.49377683333333
39.099180555555556,18.87870135573882,35.53474195038358,47.43627431234802,197.20636260414605,2026-06-25 04:32:19.321124,NaN,NaN,NaN,-34.63892533333333,17.49377683333333
39.27601851851852,18.87095979836658,35.5348916024398,47.42878272706548,196.93268337643133,2026-06-25 04:32:18.480602,NaN,NaN,NaN,-34.63892533333333,17.49377683333333
39.47747826086957,18.84896034579378,35.535696402532785,47.40702070211503,197.2984469057387,2026-06-25 04:32:16.586329,NaN,NaN,NaN,-34.63892533333333,17.49377683333333
39.71791666666666,18.82058134113691,35.537534135362954,47.379741263365474,197.1741780760715,2026-06-25 04:32:14.151638,NaN,NaN,NaN,-34.63892533333333,17.49377683333333
39.908545454545454,18.8144731961381,35.5383344667411,47.37481690812031,197.24032210934973,2026-06-25 04:32:13.716524,NaN,NaN,NaN,-34.63892533333333,17.49377683333333
40.107124999999996,18.801531852798384,35.53976913027307,47.364895324769755,197.29835465741263,2026-06-25 04:32:12.914460,NaN,NaN,NaN,-34.63892533333333,17.49377683333333
40.314793103448274,18.779836080439285,35.54188834756075,47.34277932529418,197.38397378335884,2026-06-25 04:32:10.457342,NaN,NaN,NaN,-34.63892533333333,17.49377683333333
40.50264150943397,18.773377053830263,35.54254932187072,47.338842196298785,197.43884409000518,2026-06-25 04:32:09.605417,NaN,NaN,NaN,-34.63892533333333,17.49377683333333
40.68402173913043,18.765333227094633,35.543451051257996,47.33101945689742,197.53059219010177,2026-06-25 04:32:08.302619,NaN,NaN,NaN,-34.63892533333333,17.49377683333333
40.88596428571429,18.752510594367177,35.54539012595697,47.3225599700549,197.4062627006978,2026-06-25 04:32:04.686248,NaN,NaN,NaN,-34.63892533333333,17.49377683333333
41.10582926829269,18.75015945284207,35.54539012595697,47.32067239711145,197.57370804713344,2026-06-25 04:32:03.499232,NaN,NaN,NaN,-34.63892533333333,17.49377683333333
41.275418604651165,18.75242259434004,35.54569684021327,47.32120337411236,197.53493922324537,2026-06-25 04:32:02.162030,NaN,NaN,NaN,-34.63892533333333,17.49377683333333
41.48673076923077,18.752940309042767,35.54599051124227,47.32059156781292,197.63450237751138,2026-06-25 04:32:00.190854,NaN,NaN,NaN,-34.63892533333333,17.49377683333333
41.7072380952381,18.746167595076507,35.546815376657506,47.31665115930561,197.66946359460312,2026-06-25 04:31:58.797902,NaN,NaN,NaN,-34.63892533333333,17.49377683333333
41.91375609756098,18.731973483464976,35.5516928242186,47.30862525677502,197.59813485799853,2026-06-25 04:31:56.543727,NaN,NaN,NaN,-34.63892533333333,17.49377683333333
42.07570212765957,18.721735152814308,35.55512381784591,47.301880919694405,197.27063953110977,2026-06-25 04:31:54.965415,NaN,NaN,NaN,-34.63892533333333,17.49377683333333
42.27689130434783,18.712730072771674,35.55775125353884,47.29545996328416,197.0384489890916,2026-06-25 04:31:52.875119,NaN,NaN,NaN,-34.63892533333333,17.49377683333333
42.496633333333335,18.7095273597712,35.55775125353884,47.29328638210206,197.04504085382774,2026-06-25 04:31:51.083484,NaN,NaN,NaN,-34.63892533333333,17.49377683333333
42.70233333333333,18.70996774055796,35.55775125353884,47.293352120278904,197.0291841043044,2026-06-25 04:31:49.270623,NaN,NaN,NaN,-34.63892533333333,17.49377683333333
42.897913043478255,18.715851719125506,35.55565974633912,47.29673719712613,197.2762294554471,2026-06-25 04:31:47.765581,NaN,NaN,NaN,-34.63892533333333,17.49377683333333
43.08573333333333,18.72180720533061,35.55376327231335,47.30029117065318,197.2009924323169,2026-06-25 04:31:46.363048,NaN,NaN,NaN,-34.63892533333333,17.49377683333333
43.290749999999996,18.72397938323827,35.55376327231335,47.301052267229466,197.5335163830635,2026-06-25 04:31:44.115717,NaN,NaN,NaN,-34.63892533333333,17.49377683333333
43.5009090909091,18.718136771596466,35.55376327231335,47.29689719407072,197.61367753603042,2026-06-25 04:31:42.393779,NaN,NaN,NaN,-34.63892533333333,17.49377683333333
43.66161363636364,18.704492158053498,35.55669147999183,47.286981861732336,197.69843892740758,2026-06-25 04:31:40.923935,NaN,NaN,NaN,-34.63892533333333,17.49377683333333
43.89513636363637,18.666989146895208,35.56196069799539,47.254595187517616,197.63323379049845,2026-06-25 04:31:38.609766,NaN,NaN,NaN,-34.63892533333333,17.49377683333333
44.102562500000005,18.647137625777876,35.56255887674661,47.23511427879459,197.59258736455763,2026-06-25 04:31:37.011319,NaN,NaN,NaN,-34.63892533333333,17.49377683333333
44.302049999999994,18.63781682290992,35.56255887674661,47.22579617433196,198.1224642861689,2026-06-25 04:31:35.090569,NaN,NaN,NaN,-34.63892533333333,17.49377683333333
44.50227419354839,18.63233675943772,35.56255887674661,47.22021812846712,198.2579273080766,2026-06-25 04:31:33.799656,NaN,NaN,NaN,-34.63892533333333,17.49377683333333
44.68521621621621,18.62741760195587,35.562088191823015,47.21477436956276,198.19070057489847,2026-06-25 04:31:31.985264,NaN,NaN,NaN,-34.63892533333333,17.49377683333333
44.903733333333335,18.617737110814645,35.562088191823015,47.204112814048976,198.56111776412598,2026-06-25 04:31:29.484114,NaN,NaN,NaN,-34.63892533333333,17.49377683333333
45.10063636363637,18.615269415525358,35.562088191823015,47.202411514912974,198.00402352312835,2026-06-25 04:31:27.835302,NaN,NaN,NaN,-34.63892533333333,17.49377683333333
45.30986842105263,18.61186322068568,35.56236051655916,47.19955754298084,198.22847016893687,2026-06-25 04:31:26.501558,NaN,NaN,NaN,-34.63892533333333,17.49377683333333
45.48818518518518,18.608619541927144,35.56236051655916,47.196480958890426,197.8727881657107,2026-06-25 04:31:25.163018,NaN,NaN,NaN,-34.63892533333333,17.49377683333333
45.69991176470588,18.605716885028453,35.56236051655916,47.19346958827534,197.84969752374664,2026-06-25 04:31:23.067159,NaN,NaN,NaN,-34.63892533333333,17.49377683333333
45.89051851851851,18.604918026670262,35.562291381167846,47.19259627460357,197.80838879651378,2026-06-25 04:31:22.148989,NaN,NaN,NaN,-34.63892533333333,17.49377683333333
46.101441860465115,18.601214083640365,35.56194125169412,47.18823260505963,198.07751046284673,2026-06-25 04:31:20.012552,NaN,NaN,NaN,-34.63892533333333,17.49377683333333
46.2789375,18.602179759361952,35.561860765021336,47.18949953931987,197.85349206752736,2026-06-25 04:31:18.664539,NaN,NaN,NaN,-34.63892533333333,17.49377683333333
46.48221052631579,18.60979525333403,35.561860765021336,47.19715030878548,197.7181238284764,2026-06-25 04:31:16.341049,NaN,NaN,NaN,-34.63892533333333,17.49377683333333
46.70835555555556,18.616711380732436,35.561860765021336,47.20435509890356,197.69753280393854,2026-06-25 04:31:14.693525,NaN,NaN,NaN,-34.63892533333333,17.49377683333333
46.907444444444444,18.62546656820194,35.561914573663074,47.213626383813796,197.6472330035427,2026-06-25 04:31:12.538531,NaN,NaN,NaN,-34.63892533333333,17.49377683333333
47.1045,18.626433259363093,35.561914573663074,47.21467582593673,197.75327165816717,2026-06-25 04:31:11.248590,NaN,NaN,NaN,-34.63892533333333,17.49377683333333
47.30300000000001,18.631188166040562,35.561914573663074,47.21960241320618,197.9175703706197,2026-06-25 04:31:08.320186,NaN,NaN,NaN,-34.63892533333333,17.49377683333333
47.48625925925926,18.635981936050953,35.56173759905465,47.224287184297324,198.31452902418891,2026-06-25 04:31:06.716901,NaN,NaN,NaN,-34.63892533333333,17.49377683333333
47.69058974358974,18.645879347144376,35.56148230516413,47.2339176468503,198.1619558168611,2026-06-25 04:31:03.881813,NaN,NaN,NaN,-34.63892533333333,17.49377683333333
47.89570731707317,18.649914384224537,35.56148230516413,47.238295260660756,198.5915889968514,2026-06-25 04:31:01.803118,NaN,NaN,NaN,-34.63892533333333,17.49377683333333
48.08684375,18.649111638139857,35.56148230516413,47.237774168980785,198.4609541224354,2026-06-25 04:31:00.249026,NaN,NaN,NaN,-34.63892533333333,17.49377683333333
48.2646511627907,18.63881451545123,35.5617288705177,47.22746753895525,198.08958895103325,2026-06-25 04:30:58.132209,NaN,NaN,NaN,-34.63892533333333,17.49377683333333
48.504236842105264,18.609392572153297,35.56206434084863,47.1980474507911,197.92340018093452,2026-06-25 04:30:55.024237,NaN,NaN,NaN,-34.63892533333333,17.49377683333333
48.70175384615385,18.592006151663902,35.562248665764386,47.180391010618116,198.57355420904048,2026-06-25 04:30:53.375578,NaN,NaN,NaN,-34.63892533333333,17.49377683333333
48.88187931034483,18.567386314111534,35.56275965935157,47.15622372341824,197.55511000960948,2026-06-25 04:30:51.321073,NaN,NaN,NaN,-34.63892533333333,17.49377683333333
49.086171428571426,18.51719746666398,35.56442047679747,47.10681950166015,197.4653669362796,2026-06-25 04:30:48.418628,NaN,NaN,NaN,-34.63892533333333,17.49377683333333
49.2838275862069,18.48531426749341,35.566123773860106,47.07626693553492,197.25079919486635,2026-06-25 04:30:46.691246,NaN,NaN,NaN,-34.63892533333333,17.49377683333333
49.50818518518519,18.46900676984374,35.56699616142923,47.06108370324687,196.25666415557106,2026-06-25 04:30:45.221578,NaN,NaN,NaN,-34.63892533333333,17.49377683333333
49.69751351351351,18.46270846862664,35.56701982481577,47.05540655736911,196.4642112129931,2026-06-25 04:30:42.860231,NaN,NaN,NaN,-34.63892533333333,17.49377683333333
49.89578181818182,18.46440803537853,35.567340096040446,47.05628113787721,196.6889549884041,2026-06-25 04:30:41.132475,NaN,NaN,NaN,-34.63892533333333,17.49377683333333
50.0994,18.464092581059102,35.567340096040446,47.05614959369011,196.49387524622122,2026-06-25 04:30:38.725830,NaN,NaN,NaN,-34.63892533333333,17.49377683333333
50.27433333333333,18.4549096919946,35.56773541350515,47.04808944946706,196.04194876830962,2026-06-25 04:30:36.153571,NaN,NaN,NaN,-34.63892533333333,17.49377683333333
50.47643333333334,18.449750152882086,35.56808687282574,47.0430767660968,196.2562151875671,2026-06-25 04:30:34.515109,NaN,NaN,NaN,-34.63892533333333,17.49377683333333
50.716921052631584,18.458425121239532,35.56870818809755,47.05239740337336,196.21009988197807,2026-06-25 04:30:31.900001,NaN,NaN,NaN,-34.63892533333333,17.49377683333333
50.90578666666667,18.46234295602322,35.56870818809755,47.05744269884009,196.1780021395971,2026-06-25 04:30:28.841921,NaN,NaN,NaN,-34.63892533333333,17.49377683333333
51.07545614035087,18.463496309463086,35.56870818809755,47.05867603675761,196.15869669171263,2026-06-25 04:30:27.608138,NaN,NaN,NaN,-34.63892533333333,17.49377683333333
51.30370270270271,18.471210591333517,35.567633708811144,47.0649982033079,196.34606258071435,2026-06-25 04:30:24.058375,NaN,NaN,NaN,-34.63892533333333,17.49377683333333
51.50075,18.48888045452559,35.56565002244003,47.080297563503144,196.48809308139388,2026-06-25 04:30:21.865629,NaN,NaN,NaN,-34.63892533333333,17.49377683333333
51.68197619047619,18.500805204644124,35.564522582301,47.09124052115593,197.10799981695322,2026-06-25 04:30:20.283105,NaN,NaN,NaN,-34.63892533333333,17.49377683333333
51.897621621621624,18.509555149673258,35.564522582301,47.100003158637364,197.29312830852334,2026-06-25 04:30:18.301768,NaN,NaN,NaN,-34.63892533333333,17.49377683333333
52.089410256410254,18.513762834953624,35.564522582301,47.10477034933554,196.98870042738005,2026-06-25 04:30:16.117341,NaN,NaN,NaN,-34.63892533333333,17.49377683333333
52.3019347826087,18.514119002492635,35.564522582301,47.10579295362757,197.36723232765218,2026-06-25 04:30:14.196492,NaN,NaN,NaN,-34.63892533333333,17.49377683333333
52.48367567567566,18.51189553762102,35.564522582301,47.10334445060517,197.00236118753466,2026-06-25 04:30:12.306033,NaN,NaN,NaN,-34.63892533333333,17.49377683333333
52.70270967741935,18.507970781615814,35.564725500928915,47.09893336398487,197.0292326969421,2026-06-25 04:30:10.606825,NaN,NaN,NaN,-34.63892533333333,17.49377683333333
52.907823529411765,18.5016755712229,35.564725500928915,47.092547844077984,196.79050787174393,2026-06-25 04:30:08.858562,NaN,NaN,NaN,-34.63892533333333,17.49377683333333
53.09026923076923,18.488449213518606,35.56532937117456,47.0804917294334,196.65171179254722,2026-06-25 04:30:07.185694,NaN,NaN,NaN,-34.63892533333333,17.49377683333333
53.30030303030303,18.45902555105838,35.56961335101773,47.05489055807048,196.09030455536143,2026-06-25 04:30:05.366646,NaN,NaN,NaN,-34.63892533333333,17.49377683333333
53.4902156862745,18.43281079378043,35.574181144694236,47.034301576816546,195.84232363446526,2026-06-25 04:30:03.858394,NaN,NaN,NaN,-34.63892533333333,17.49377683333333
53.66730303030303,18.407986588559474,35.57940528187832,47.01594794662291,194.5347738749237,2026-06-25 04:30:01.966018,NaN,NaN,NaN,-34.63892533333333,17.49377683333333
53.89494117647059,18.40023863882456,35.58060854606305,47.010202202603736,194.59184413275887,2026-06-25 04:29:59.743290,NaN,NaN,NaN,-34.63892533333333,17.49377683333333
54.09574285714286,18.401023770938234,35.58060854606305,47.01025236427642,194.58409496999855,2026-06-25 04:29:58.325971,NaN,NaN,NaN,-34.63892533333333,17.49377683333333
54.29518181818182,18.401438696019724,35.58060854606305,47.00992307414187,194.584597799969,2026-06-25 04:29:56.559851,NaN,NaN,NaN,-34.63892533333333,17.49377683333333
54.49696666666667,18.399269280529474,35.57990934433894,47.00751597273792,194.60002817992478,2026-06-25 04:29:54.247272,NaN,NaN,NaN,-34.63892533333333,17.49377683333333
54.68101818181818,18.398406824491893,35.57990934433894,47.006346112264296,194.6074821638418,2026-06-25 04:29:52.934130,NaN,NaN,NaN,-34.63892533333333,17.49377683333333
54.86910000000001,18.397388461338647,35.57990934433894,47.00525362189476,194.34284932721638,2026-06-25 04:29:51.369689,NaN,NaN,NaN,-34.63892533333333,17.49377683333333
55.10533333333332,18.395526827970418,35.58078641818759,47.0050074967099,194.63450566350485,2026-06-25 04:29:49.181688,NaN,NaN,NaN,-34.63892533333333,17.49377683333333
55.313,18.394973039887162,35.581706415950606,47.004985063758696,194.53630841045225,2026-06-25 04:29:48.337146,NaN,NaN,NaN,-34.63892533333333,17.49377683333333
55.507400000000004,18.39304776265698,35.583716297614664,47.00548757303162,194.3587976861353,2026-06-25 04:29:46.957506,NaN,NaN,NaN,-34.63892533333333,17.49377683333333
55.702690476190476,18.385504277183635,35.58712701990259,47.00227365109087,193.99649830121814,2026-06-25 04:29:43.625993,NaN,NaN,NaN,-34.63892533333333,17.49377683333333
55.88366666666666,18.382008701539426,35.58836641631257,47.00024120444114,193.871402688178,2026-06-25 04:29:42.423559,NaN,NaN,NaN,-34.63892533333333,17.49377683333333
56.06683783783784,18.381089896429202,35.58854320187524,46.999410582991715,193.8743606972793,2026-06-25 04:29:40.694003,NaN,NaN,NaN,-34.63892533333333,17.49377683333333
56.290789473684214,18.381074906241214,35.58854320187524,46.999416224863154,193.86923847211577,2026-06-25 04:29:38.129807,NaN,NaN,NaN,-34.63892533333333,17.49377683333333
56.50375609756097,18.38110775398471,35.58854320187524,46.99980284650091,193.8784916770965,2026-06-25 04:29:35.296399,NaN,NaN,NaN,-34.63892533333333,17.49377683333333
56.67915151515152,18.381172417228477,35.58844719174703,47.00003891946262,194.07988469498756,2026-06-25 04:29:34.289898,NaN,NaN,NaN,-34.63892533333333,17.49377683333333
56.8859,18.381530114255217,35.58844719174703,46.99931512212916,194.16124180948265,2026-06-25 04:29:32.258004,NaN,NaN,NaN,-34.63892533333333,17.49377683333333
57.10896666666667,18.37803750597451,35.58844719174703,46.99630017259031,193.95209370953788,2026-06-25 04:29:30.361831,NaN,NaN,NaN,-34.63892533333333,17.49377683333333
57.291111111111114,18.375018705517373,35.58854917268685,46.993690543530555,193.92698098291592,2026-06-25 04:29:29.037732,NaN,NaN,NaN,-34.63892533333333,17.49377683333333
57.481121951219514,18.373340493440065,35.58963831348751,46.993480035991986,193.93557687571808,2026-06-25 04:29:27.380170,NaN,NaN,NaN,-34.63892533333333,17.49377683333333
57.70684444444444,18.376256262688365,35.590445641139056,46.99812115339422,194.17195442716587,2026-06-25 04:29:24.400052,NaN,NaN,NaN,-34.63892533333333,17.49377683333333
57.87946153846153,18.377021625371682,35.590445641139056,46.998755327068466,194.057090618698,2026-06-25 04:29:23.592570,NaN,NaN,NaN,-34.63892533333333,17.49377683333333
58.097538461538456,18.378066380747846,35.590445641139056,46.99925123732333,193.90738071533144,2026-06-25 04:29:21.263049,NaN,NaN,NaN,-34.63892533333333,17.49377683333333
58.293518518518525,18.37753714288507,35.59019901177448,46.998807916347914,193.91449819354852,2026-06-25 04:29:19.908630,NaN,NaN,NaN,-34.63892533333333,17.49377683333333
58.49908333333334,18.375382904288603,35.590023418512466,46.99699231316445,193.9268967746653,2026-06-25 04:29:18.505755,NaN,NaN,NaN,-34.63892533333333,17.49377683333333
58.68833333333333,18.37431143028076,35.589935362075295,46.995441425549295,193.92367727779703,2026-06-25 04:29:17.614784,NaN,NaN,NaN,-34.63892533333333,17.49377683333333
58.908388888888894,18.372872332888562,35.5897025409382,46.99353263070809,193.8143746991683,2026-06-25 04:29:15.281596,NaN,NaN,NaN,-34.63892533333333,17.49377683333333
59.070263157894736,18.372388897570477,35.58959102915179,46.99340492087576,193.95299822417138,2026-06-25 04:29:14.130799,NaN,NaN,NaN,-34.63892533333333,17.49377683333333
59.27415625,18.372115600932446,35.58959102915179,46.99291018327786,193.9584906052148,2026-06-25 04:29:12.567720,NaN,NaN,NaN,-34.63892533333333,17.49377683333333
59.48745000000001,18.371661146582365,35.58959102915179,46.9923889915513,193.88475250289196,2026-06-25 04:29:11.094354,NaN,NaN,NaN,-34.63892533333333,17.49377683333333
59.6934375,18.37103099580001,35.59034293148081,46.99298172364698,193.96988259292175,2026-06-25 04:29:09.977770,NaN,NaN,NaN,-34.63892533333333,17.49377683333333
59.87136363636364,18.372028691780205,35.591282788194185,46.9948199066167,193.86659513860567,2026-06-25 04:29:09.219161,NaN,NaN,NaN,-34.63892533333333,17.49377683333333
60.10014285714286,18.37353188176819,35.592272991308796,46.99710628540186,193.66816901447459,2026-06-25 04:29:08.527999,NaN,NaN,NaN,-34.63892533333333,17.49377683333333
60.28911111111112,18.36690144303807,35.59505903127988,46.99478976121309,194.0335926217405,2026-06-25 04:29:06.901835,NaN,NaN,NaN,-34.63892533333333,17.49377683333333
60.49039534883722,18.355607153798893,35.597768839074824,46.9867813508642,194.0809364431327,2026-06-25 04:29:04.951246,NaN,NaN,NaN,-34.63892533333333,17.49377683333333
60.69268,18.35008468684764,35.59883921451916,46.98160799714901,194.04051252219756,2026-06-25 04:29:03.842744,NaN,NaN,NaN,-34.63892533333333,17.49377683333333
60.88448148148149,18.344276028196862,35.599852819966344,46.97650865899147,194.1325371761363,2026-06-25 04:29:02.413191,NaN,NaN,NaN,-34.63892533333333,17.49377683333333
61.09670588235294,18.33496093885572,35.60060377479253,46.96896145879147,194.20977535075988,2026-06-25 04:29:00.721910,NaN,NaN,NaN,-34.63892533333333,17.49377683333333
61.307837837837845,18.327645434181466,35.601030009118986,46.962593810700376,194.26554182620148,2026-06-25 04:28:59.381799,NaN,NaN,NaN,-34.63892533333333,17.49377683333333
61.50023076923078,18.313638924972324,35.60175717448245,46.949124521254475,194.33018804016345,2026-06-25 04:28:57.815956,NaN,NaN,NaN,-34.63892533333333,17.49377683333333
61.696659090909094,18.274671252319116,35.60175717448245,46.90981996198588,194.65559050061685,2026-06-25 04:28:55.512506,NaN,NaN,NaN,-34.63892533333333,17.49377683333333
61.877545454545455,18.24601217675184,35.60175717448245,46.880154529055865,194.83176919949577,2026-06-25 04:28:54.008353,NaN,NaN,NaN,-34.63892533333333,17.49377683333333
62.093722222222226,18.22029056416792,35.59789119855916,46.852742268744564,194.97211699908104,2026-06-25 04:28:52.114023,NaN,NaN,NaN,-34.63892533333333,17.49377683333333
62.30166666666668,18.15647090985706,35.586094662186625,46.77336523573617,195.19805809033014,2026-06-25 04:28:50.769929,NaN,NaN,NaN,-34.63892533333333,17.49377683333333
62.50595,18.065816990712754,35.568665614464784,46.65733978716946,196.03642114418525,2026-06-25 04:28:49.489985,NaN,NaN,NaN,-34.63892533333333,17.49377683333333
62.689781249999996,17.984808805127777,35.55101929442179,46.55414682897813,196.42437705974498,2026-06-25 04:28:48.144398,NaN,NaN,NaN,-34.63892533333333,17.49377683333333
62.88639473684211,17.923933554614088,35.53561403415315,46.47308150909351,196.79478404907934,2026-06-25 04:28:46.612972,NaN,NaN,NaN,-34.63892533333333,17.49377683333333
63.10260975609757,17.89593004022447,35.52757050516257,46.437670905423616,197.1049180708824,2026-06-25 04:28:44.507199,NaN,NaN,NaN,-34.63892533333333,17.49377683333333
63.28757142857142,17.8838735428093,35.52592466968493,46.426215994104695,196.84140621390233,2026-06-25 04:28:42.657361,NaN,NaN,NaN,-34.63892533333333,17.49377683333333
63.490125,17.852225604766254,35.52487949840469,46.38917978643944,196.91640543965204,2026-06-25 04:28:41.038438,NaN,NaN,NaN,-34.63892533333333,17.49377683333333
63.684041666666666,17.809140814671718,35.522515201733455,46.330838146774944,196.82722287719974,2026-06-25 04:28:39.426358,NaN,NaN,NaN,-34.63892533333333,17.49377683333333
63.89169999999999,17.845308443975803,35.51995986691102,46.37861239003407,196.81974079901062,2026-06-25 04:28:38.265411,NaN,NaN,NaN,-34.63892533333333,17.49377683333333
64.09441666666667,17.868405131887346,35.51736150335888,46.41100543460346,196.87239778765178,2026-06-25 04:28:37.478949,NaN,NaN,NaN,-34.63892533333333,17.49377683333333
64.29103846153846,17.815706378699478,35.510781601824945,46.34425679869457,197.14168055836038,2026-06-25 04:28:36.299769,NaN,NaN,NaN,-34.63892533333333,17.49377683333333
64.50348148148147,17.742003476197226,35.502543981600276,46.24962518569911,197.79674250639536,2026-06-25 04:28:35.205468,NaN,NaN,NaN,-34.63892533333333,17.49377683333333
64.69345,17.69244059206985,35.49456704678722,46.18718492895898,197.80827528218805,2026-06-25 04:28:34.171478,NaN,NaN,NaN,-34.63892533333333,17.49377683333333
64.87090000000002,17.687799586363816,35.49456704678722,46.18225792538705,197.87596285692922,2026-06-25 04:28:32.639377,NaN,NaN,NaN,-34.63892533333333,17.49377683333333
65.08309374999999,17.695926812597108,35.49456704678722,46.192133869036255,197.98909824052163,2026-06-25 04:28:31.767417,NaN,NaN,NaN,-34.63892533333333,17.49377683333333
65.30943478260869,17.761355039713454,35.50326076774415,46.27250093240823,197.55219037505074,2026-06-25 04:28:29.682431,NaN,NaN,NaN,-34.63892533333333,17.49377683333333
65.50087179487181,17.81292410847968,35.513822378604964,46.33776066945369,196.9109093418118,2026-06-25 04:28:28.510774,NaN,NaN,NaN,-34.63892533333333,17.49377683333333
65.69035714285715,17.875615545798905,35.52637065846322,46.418378724344535,196.81125884983157,2026-06-25 04:28:27.136407,NaN,NaN,NaN,-34.63892533333333,17.49377683333333
65.87321739130434,17.92265392835227,35.53761091210402,46.47909877454139,196.54562009269833,2026-06-25 04:28:25.542206,NaN,NaN,NaN,-34.63892533333333,17.49377683333333
66.1058125,17.90420467599183,35.53863009012494,46.45662580327148,196.65646246988013,2026-06-25 04:28:23.983509,NaN,NaN,NaN,-34.63892533333333,17.49377683333333
66.288375,17.9039095229328,35.53863009012494,46.456706420182485,196.3853570350695,2026-06-25 04:28:23.405534,NaN,NaN,NaN,-34.63892533333333,17.49377683333333
66.50100000000002,17.92121108290771,35.539844316563034,46.4797626164758,196.29094259453646,2026-06-25 04:28:22.185317,NaN,NaN,NaN,-34.63892533333333,17.49377683333333
66.69261904761905,17.923084006579696,35.539844316563034,46.48137835545676,196.5736210648094,2026-06-25 04:28:20.945164,NaN,NaN,NaN,-34.63892533333333,17.49377683333333
66.9005319148936,17.920858642814018,35.539844316563034,46.47786741065874,196.5860357194282,2026-06-25 04:28:19.553480,NaN,NaN,NaN,-34.63892533333333,17.49377683333333
67.09268750000001,17.929142394294402,35.54401003472101,46.49116450533753,196.50695611872692,2026-06-25 04:28:17.933523,NaN,NaN,NaN,-34.63892533333333,17.49377683333333
67.30980000000001,17.954090190198873,35.549857279288695,46.52543178779114,196.24167947649138,2026-06-25 04:28:16.631050,NaN,NaN,NaN,-34.63892533333333,17.49377683333333
67.49,17.970793678948205,35.557300220561274,46.54766344121716,195.88426330378894,2026-06-25 04:28:15.013972,NaN,NaN,NaN,-34.63892533333333,17.49377683333333
67.69625,17.98289769243594,35.55910512015592,46.56273095488718,195.88857177343692,2026-06-25 04:28:14.476612,NaN,NaN,NaN,-34.63892533333333,17.49377683333333
67.90266666666666,17.988286736698612,35.55910512015592,46.567839091364554,196.02761326825797,2026-06-25 04:28:13.905927,NaN,NaN,NaN,-34.63892533333333,17.49377683333333
68.106,18.018163854722722,35.55910512015592,46.605308461118554,195.87631644800814,2026-06-25 04:28:12.908271,NaN,NaN,NaN,-34.63892533333333,17.49377683333333
68.2945,18.010598703413017,35.55766783901403,46.59789197723113,195.96503471929765,2026-06-25 04:28:12.149441,NaN,NaN,NaN,-34.63892533333333,17.49377683333333
68.4931875,17.975067415342117,35.5532797324382,46.55118602156822,196.35369899793142,2026-06-25 04:28:11.271197,NaN,NaN,NaN,-34.63892533333333,17.49377683333333
68.68895652173914,17.932756546873524,35.54803959645451,46.49534395910888,196.55857352253173,2026-06-25 04:28:10.420060,NaN,NaN,NaN,-34.63892533333333,17.49377683333333
68.8996111111111,17.89158871443862,35.537214225703124,46.443930474074605,196.76485323794398,2026-06-25 04:28:08.986376,NaN,NaN,NaN,-34.63892533333333,17.49377683333333
69.095,17.867881495636123,35.529881002227214,46.41456382544411,196.9507488996338,2026-06-25 04:28:08.075694,NaN,NaN,NaN,-34.63892533333333,17.49377683333333
69.29853846153847,17.839075485130838,35.51999816123871,46.378549505841455,197.06576872391503,2026-06-25 04:28:06.949728,NaN,NaN,NaN,-34.63892533333333,17.49377683333333
69.4845,17.787737543051513,35.5088819705281,46.310630339077605,197.50490501143054,2026-06-25 04:28:05.778879,NaN,NaN,NaN,-34.63892533333333,17.49377683333333
69.68879310344826,17.72264105048944,35.49757637208872,46.224689784288934,198.15380965613255,2026-06-25 04:28:04.585225,NaN,NaN,NaN,-34.63892533333333,17.49377683333333
69.89813333333333,17.68619580265366,35.48666484499945,46.17813445505099,198.46936073584757,2026-06-25 04:28:02.997937,NaN,NaN,NaN,-34.63892533333333,17.49377683333333
70.09400000000001,17.674278330750976,35.48190785921612,46.163369383728025,198.39321983794832,2026-06-25 04:28:01.554980,NaN,NaN,NaN,-34.63892533333333,17.49377683333333
70.27328571428572,17.666618073146065,35.480231792934234,46.15284653017141,198.36273653541187,2026-06-25 04:28:00.713771,NaN,NaN,NaN,-34.63892533333333,17.49377683333333
70.4862857142857,17.66292065424061,35.48007262730222,46.14858474376903,198.39839576347876,2026-06-25 04:27:59.007430,NaN,NaN,NaN,-34.63892533333333,17.49377683333333
70.6792,17.663120771422292,35.480068042707195,46.149597797291925,198.38743785295978,2026-06-25 04:27:57.865941,NaN,NaN,NaN,-34.63892533333333,17.49377683333333
70.91035714285715,17.666562302127634,35.47950360256533,46.155094472020664,198.36073238670338,2026-06-25 04:27:56.970461,NaN,NaN,NaN,-34.63892533333333,17.49377683333333
71.1108947368421,17.65389229477692,35.47830045603407,46.13886827443357,198.42471313925608,2026-06-25 04:27:56.151125,NaN,NaN,NaN,-34.63892533333333,17.49377683333333
71.31288235294117,17.644982892256923,35.477174504658294,46.12688905643915,198.61324114293512,2026-06-25 04:27:55.559484,NaN,NaN,NaN,-34.63892533333333,17.49377683333333
71.48577272727272,17.629714590530096,35.47443718799337,46.10642117808133,198.62718821599512,2026-06-25 04:27:54.486368,NaN,NaN,NaN,-34.63892533333333,17.49377683333333
71.67972222222221,17.61983354560279,35.4699754697666,46.092824509186215,198.89369558928013,2026-06-25 04:27:53.279359,NaN,NaN,NaN,-34.63892533333333,17.49377683333333
71.88516666666668,17.610237027294087,35.465479516394566,46.07954646269399,199.09279305075978,2026-06-25 04:27:52.413613,NaN,NaN,NaN,-34.63892533333333,17.49377683333333
72.09971428571427,17.5897332895984,35.457106857762454,46.053236498601784,199.36963886090453,2026-06-25 04:27:51.117224,NaN,NaN,NaN,-34.63892533333333,17.49377683333333
72.27186363636363,17.55532741315375,35.45047143932438,46.009047521107775,199.08680697944638,2026-06-25 04:27:50.155679,NaN,NaN,NaN,-34.63892533333333,17.49377683333333
72.48525000000001,17.50055104349115,35.443320689219696,45.93981175835131,199.61821185730457,2026-06-25 04:27:48.629182,NaN,NaN,NaN,-34.63892533333333,17.49377683333333
72.6864074074074,17.483432557699626,35.443320689219696,45.919584862071815,199.4842533953135,2026-06-25 04:27:47.249450,NaN,NaN,NaN,-34.63892533333333,17.49377683333333
72.88925,17.485968755571342,35.443320689219696,45.9256350559974,199.23223253265274,2026-06-25 04:27:46.233973,NaN,NaN,NaN,-34.63892533333333,17.49377683333333
73.11825,17.508512749635837,35.450741693901186,45.96225136878733,198.6541987149888,2026-06-25 04:27:44.906195,NaN,NaN,NaN,-34.63892533333333,17.49377683333333
73.2952,17.509819862298432,35.452983685275726,45.96939484427415,198.28362774851993,2026-06-25 04:27:44.579405,NaN,NaN,NaN,-34.63892533333333,17.49377683333333
73.51616,17.516679182736855,35.459398977808725,45.9842471211925,197.6555399568156,2026-06-25 04:27:43.429704,NaN,NaN,NaN,-34.63892533333333,17.49377683333333
73.70805882352941,17.504712379157098,35.46232707059632,45.970030370399456,197.51618568816076,2026-06-25 04:27:42.592276,NaN,NaN,NaN,-34.63892533333333,17.49377683333333
73.89426923076923,17.50433464618052,35.4626176938284,45.96972694996842,197.74586076428332,2026-06-25 04:27:41.564037,NaN,NaN,NaN,-34.63892533333333,17.49377683333333
74.10864285714285,17.497235999832274,35.4626176938284,45.96053812368606,197.71098406037905,2026-06-25 04:27:40.503324,NaN,NaN,NaN,-34.63892533333333,17.49377683333333
74.30083333333334,17.483781533734525,35.4626176938284,45.945029736360105,197.850735585633,2026-06-25 04:27:39.649579,NaN,NaN,NaN,-34.63892533333333,17.49377683333333
74.4691,17.478057833739946,35.462052928669195,45.94014046164782,197.24708646467653,2026-06-25 04:27:39.075839,NaN,NaN,NaN,-34.63892533333333,17.49377683333333
74.70442857142858,17.45303495380956,35.462052928669195,45.91841511548074,197.52674499911092,2026-06-25 04:27:38.161078,NaN,NaN,NaN,-34.63892533333333,17.49377683333333
74.89733333333332,17.42476309893922,35.462052928669195,45.893463428766935,195.99366013280635,2026-06-25 04:27:37.461260,NaN,NaN,NaN,-34.63892533333333,17.49377683333333
75.11285000000001,17.366887586965998,35.46209206628834,45.83290027549877,195.9882010350177,2026-06-25 04:27:36.461521,NaN,NaN,NaN,-34.63892533333333,17.49377683333333
75.30160869565216,17.308399837291145,35.46377967449546,45.771417944706975,195.84996761656683,2026-06-25 04:27:35.324861,NaN,NaN,NaN,-34.63892533333333,17.49377683333333
75.49004166666667,17.281207256632385,35.46566752262599,45.74691102651973,195.4129882570426,2026-06-25 04:27:34.414138,NaN,NaN,NaN,-34.63892533333333,17.49377683333333
75.6904705882353,17.271398476912804,35.46796491677892,45.73878236077879,195.322766206164,2026-06-25 04:27:33.165321,NaN,NaN,NaN,-34.63892533333333,17.49377683333333
75.9218947368421,17.266519579538446,35.46796491677892,45.736851759056854,195.39845546216245,2026-06-25 04:27:32.036358,NaN,NaN,NaN,-34.63892533333333,17.49377683333333
76.08417391304347,17.265919258104397,35.46796491677892,45.73837580312167,195.13288601217894,2026-06-25 04:27:31.308516,NaN,NaN,NaN,-34.63892533333333,17.49377683333333
76.28282142857142,17.25126186821428,35.465798248053765,45.72451936856841,193.53593743275155,2026-06-25 04:27:30.122102,NaN,NaN,NaN,-34.63892533333333,17.49377683333333
76.48033333333333,17.192757852462698,35.46497281804769,45.65773179573461,193.69595140697157,2026-06-25 04:27:28.818275,NaN,NaN,NaN,-34.63892533333333,17.49377683333333
76.71116666666666,17.13671266659997,35.46497281804769,45.593629300322974,192.93227259847833,2026-06-25 04:27:27.869316,NaN,NaN,NaN,-34.63892533333333,17.49377683333333
76.88642857142857,17.11859817561253,35.46497281804769,45.57523372072437,192.47898068677839,2026-06-25 04:27:27.103246,NaN,NaN,NaN,-34.63892533333333,17.49377683333333
77.1135,17.10757737618602,35.47325835211885,45.568257686775404,192.4073676226295,2026-06-25 04:27:25.986473,NaN,NaN,NaN,-34.63892533333333,17.49377683333333
77.29815789473685,17.10724538199604,35.478519729295215,45.58143272174882,192.06025485393886,2026-06-25 04:27:25.411769,NaN,NaN,NaN,-34.63892533333333,17.49377683333333
77.51029411764706,17.11826752605156,35.4852515240624,45.6269370621993,191.00979302771296,2026-06-25 04:27:24.200011,NaN,NaN,NaN,-34.63892533333333,17.49377683333333
77.68380952380951,17.062100781543656,35.4852515240624,45.568858268145874,191.068869868714,2026-06-25 04:27:23.410161,NaN,NaN,NaN,-34.63892533333333,17.49377683333333
77.87955000000001,16.97011053882551,35.4852515240624,45.463746246167084,191.50202116006497,2026-06-25 04:27:22.557645,NaN,NaN,NaN,-34.63892533333333,17.49377683333333
78.07922222222221,16.817178021991758,35.47502380755969,45.280833279995704,191.47562948513033,2026-06-25 04:27:21.426551,NaN,NaN,NaN,-34.63892533333333,17.49377683333333
78.319,16.735874170463592,35.465031127800884,45.18694604271666,191.80851328661248,2026-06-25 04:27:20.587087,NaN,NaN,NaN,-34.63892533333333,17.49377683333333
78.49654166666666,16.704280444572532,35.45883389427214,45.152405738164454,192.03905817188726,2026-06-25 04:27:20.038718,NaN,NaN,NaN,-34.63892533333333,17.49377683333333
78.69805555555553,16.653877528056523,35.44758182345988,45.097814534333324,192.21397554589902,2026-06-25 04:27:18.896655,NaN,NaN,NaN,-34.63892533333333,17.49377683333333
78.89413333333331,16.608697188688577,35.441873743434876,45.047025453061785,192.53021921642423,2026-06-25 04:27:18.146295,NaN,NaN,NaN,-34.63892533333333,17.49377683333333
79.08119230769232,16.548033265978148,35.43521232226349,44.980016238050666,192.72310444860852,2026-06-25 04:27:17.080034,NaN,NaN,NaN,-34.63892533333333,17.49377683333333
79.30311999999999,16.483615680801076,35.4289241632861,44.908321288472614,193.00123478891658,2026-06-25 04:27:15.828899,NaN,NaN,NaN,-34.63892533333333,17.49377683333333
79.47854545454545,16.436431485264002,35.424303058623934,44.85048755974882,193.22761019990486,2026-06-25 04:27:14.758087,NaN,NaN,NaN,-34.63892533333333,17.49377683333333
79.68931578947368,16.40675015322877,35.42074339248563,44.81329995499032,193.3612959988923,2026-06-25 04:27:13.856887,NaN,NaN,NaN,-34.63892533333333,17.49377683333333
79.89431578947368,16.364926288938996,35.41780940778819,44.77290423873012,193.62630171824068,2026-06-25 04:27:12.712448,NaN,NaN,NaN,-34.63892533333333,17.49377683333333
80.08075,16.340664328367055,35.41780940778819,44.751152418676845,193.58816543273818,2026-06-25 04:27:11.721095,NaN,NaN,NaN,-34.63892533333333,17.49377683333333
80.27885714285715,16.340315369611556,35.41780940778819,44.7513193164631,193.33739274389873,2026-06-25 04:27:10.906277,NaN,NaN,NaN,-34.63892533333333,17.49377683333333
80.48441176470588,16.355087002512292,35.41795716227894,44.76495710727019,193.4939745993921,2026-06-25 04:27:09.994890,NaN,NaN,NaN,-34.63892533333333,17.49377683333333
80.6706875,16.367402527602767,35.41914679323483,44.77649784048669,193.75765560700233,2026-06-25 04:27:09.359210,NaN,NaN,NaN,-34.63892533333333,17.49377683333333
80.88741666666668,16.357892375866417,35.42137236028935,44.769686786065456,193.5270560677571,2026-06-25 04:27:08.456321,NaN,NaN,NaN,-34.63892533333333,17.49377683333333
81.09958823529412,16.357278874119416,35.423577840321535,44.768481892668035,193.3151957559193,2026-06-25 04:27:07.545529,NaN,NaN,NaN,-34.63892533333333,17.49377683333333
81.32,16.387284314971314,35.423577840321535,44.80201078136741,193.19238313733356,2026-06-25 04:27:06.852572,NaN,NaN,NaN,-34.63892533333333,17.49377683333333
81.49016666666667,16.402133908075744,35.423577840321535,44.82129768521849,193.27900228739426,2026-06-25 04:27:05.765355,NaN,NaN,NaN,-34.63892533333333,17.49377683333333
81.6973684210526,16.350274508443317,35.41775799120328,44.76195944164904,193.5780280575447,2026-06-25 04:27:04.632975,NaN,NaN,NaN,-34.63892533333333,17.49377683333333
81.88227777777777,16.2826446606339,35.411387878483644,44.68311243289083,193.52424374523721,2026-06-25 04:27:03.878347,NaN,NaN,NaN,-34.63892533333333,17.49377683333333
82.10814285714285,16.201157875587036,35.40116940785996,44.58818806548127,194.01620775527357,2026-06-25 04:27:03.003575,NaN,NaN,NaN,-34.63892533333333,17.49377683333333
82.28447058823531,16.124399986736258,35.380546376075564,44.49566824359252,194.184002419471,2026-06-25 04:27:01.629424,NaN,NaN,NaN,-34.63892533333333,17.49377683333333
82.48311111111113,16.04514326807828,35.366257077922164,44.39609001327708,194.59207081965621,2026-06-25 04:27:00.737499,NaN,NaN,NaN,-34.63892533333333,17.49377683333333
82.69091304347826,15.945845654632624,35.345530194590815,44.27204768401474,195.3001851875628,2026-06-25 04:26:59.325549,NaN,NaN,NaN,-34.63892533333333,17.49377683333333
82.89381818181818,15.910863250460096,35.33621632428402,44.22753059416988,195.3210218631344,2026-06-25 04:26:58.612296,NaN,NaN,NaN,-34.63892533333333,17.49377683333333
83.0952,15.853708155845926,35.317906730175494,44.15555412324595,195.58172378873923,2026-06-25 04:26:57.003806,NaN,NaN,NaN,-34.63892533333333,17.49377683333333
83.28346875,15.799493571353185,35.306852867273676,44.087781321786544,195.921289272722,2026-06-25 04:26:55.893970,NaN,NaN,NaN,-34.63892533333333,17.49377683333333
83.48875000000001,15.72143256245682,35.296805344400084,43.994382784750016,196.55723473286656,2026-06-25 04:26:54.752393,NaN,NaN,NaN,-34.63892533333333,17.49377683333333
83.65869230769229,15.659322676884603,35.28974691140789,43.923211927930616,196.8618286168359,2026-06-25 04:26:53.803409,NaN,NaN,NaN,-34.63892533333333,17.49377683333333
83.902125,15.626279729305924,35.286366293349644,43.88924988706536,196.99576689440815,2026-06-25 04:26:52.879131,NaN,NaN,NaN,-34.63892533333333,17.49377683333333
84.11270588235296,15.616813818167346,35.286366293349644,43.880145393116514,197.0463386631947,2026-06-25 04:26:52.123078,NaN,NaN,NaN,-34.63892533333333,17.49377683333333
84.29046666666666,15.598643134684455,35.286366293349644,43.862795130220924,197.09495045551273,2026-06-25 04:26:51.266635,NaN,NaN,NaN,-34.63892533333333,17.49377683333333
84.45378571428571,15.57921633045352,35.28808834208733,43.84270244149347,197.13364371667467,2026-06-25 04:26:50.794853,NaN,NaN,NaN,-34.63892533333333,17.49377683333333
84.69766666666666,15.503213957293399,35.29419665624967,43.77711680859717,197.25609131665016,2026-06-25 04:26:49.587072,NaN,NaN,NaN,-34.63892533333333,17.49377683333333
84.88747826086956,15.484794310505714,35.29809171735569,43.764408160555305,197.13011640284734,2026-06-25 04:26:48.865232,NaN,NaN,NaN,-34.63892533333333,17.49377683333333
85.08459999999998,15.478020177438225,35.302625535420916,43.762644531289645,197.16896728704714,2026-06-25 04:26:47.767547,NaN,NaN,NaN,-34.63892533333333,17.49377683333333
85.30966666666667,15.473761195846983,35.305208782132596,43.761401323027876,197.20442127628357,2026-06-25 04:26:46.979974,NaN,NaN,NaN,-34.63892533333333,17.49377683333333
85.49812,15.46544153884087,35.30729076008881,43.755825476274076,197.28430077019067,2026-06-25 04:26:45.684756,NaN,NaN,NaN,-34.63892533333333,17.49377683333333
85.69325925925925,15.44068038496872,35.30845747921009,43.7301014199702,197.4873594488093,2026-06-25 04:26:44.402868,NaN,NaN,NaN,-34.63892533333333,17.49377683333333
85.88283333333332,15.396589916153182,35.311056916547166,43.68697108343927,197.49621577411682,2026-06-25 04:26:43.130978,NaN,NaN,NaN,-34.63892533333333,17.49377683333333
86.07926315789473,15.378252029152813,35.3140081955818,43.671852161948145,197.63154902912925,2026-06-25 04:26:42.404559,NaN,NaN,NaN,-34.63892533333333,17.49377683333333
86.29376923076923,15.360091783945101,35.318746194858115,43.661321652412056,197.70828913077278,2026-06-25 04:26:41.437402,NaN,NaN,NaN,-34.63892533333333,17.49377683333333
86.5,15.354953483326081,35.32303359415575,43.66638013231855,197.87587029975435,2026-06-25 04:26:40.679186,NaN,NaN,NaN,-34.63892533333333,17.49377683333333
86.69935714285714,15.345307224066982,35.32565029468377,43.66061222654056,198.0747942518114,2026-06-25 04:26:40.169051,NaN,NaN,NaN,-34.63892533333333,17.49377683333333
86.87309090909092,15.318119160157776,35.32985505921756,43.63471120780699,198.16460219151205,2026-06-25 04:26:39.244617,NaN,NaN,NaN,-34.63892533333333,17.49377683333333
87.09832142857142,15.295290039650578,35.33177670182821,43.6128454651394,198.46564859209536,2026-06-25 04:26:38.342742,NaN,NaN,NaN,-34.63892533333333,17.49377683333333
87.30526315789473,15.268730124512572,35.33177670182821,43.586494123606975,198.64061463382237,2026-06-25 04:26:37.150665,NaN,NaN,NaN,-34.63892533333333,17.49377683333333
87.49726315789474,15.264930487952109,35.33177670182821,43.58287395291293,198.65337513749128,2026-06-25 04:26:36.429800,NaN,NaN,NaN,-34.63892533333333,17.49377683333333
87.65400000000001,15.254898892043183,35.33157525605779,43.57246169842751,198.73131364686623,2026-06-25 04:26:35.562010,NaN,NaN,NaN,-34.63892533333333,17.49377683333333
87.87843749999999,15.250082998332587,35.330599067480435,43.56744604665454,198.5260896880349,2026-06-25 04:26:34.652632,NaN,NaN,NaN,-34.63892533333333,17.49377683333333
88.0872,15.254202762642015,35.32999900489292,43.571177383868864,198.43174121748717,2026-06-25 04:26:33.831846,NaN,NaN,NaN,-34.63892533333333,17.49377683333333
88.288,15.274717543750214,35.32999900489292,43.59011564389989,198.27295225878524,2026-06-25 04:26:32.733132,NaN,NaN,NaN,-34.63892533333333,17.49377683333333
88.4738888888889,15.297561500271135,35.32999900489292,43.612761800959156,198.01081085945916,2026-06-25 04:26:32.200493,NaN,NaN,NaN,-34.63892533333333,17.49377683333333
88.6508888888889,15.322684956705384,35.330247048603155,43.6384423006102,197.895456210283,2026-06-25 04:26:31.628420,NaN,NaN,NaN,-34.63892533333333,17.49377683333333
88.91675,15.346092936449683,35.33070952034182,43.66489035304731,197.80087868200735,2026-06-25 04:26:31.041073,NaN,NaN,NaN,-34.63892533333333,17.49377683333333
89.09683333333334,15.346888205680083,35.33090952654324,43.665751406997494,197.79589751130663,2026-06-25 04:26:30.820298,NaN,NaN,NaN,-34.63892533333333,17.49377683333333
89.30359999999999,15.340264181077535,35.33154969624091,43.659846839243066,197.9243527237222,2026-06-25 04:26:30.153805,NaN,NaN,NaN,-34.63892533333333,17.49377683333333
89.50213333333332,15.320271990458615,35.331987331759706,43.63996160198038,198.37596875747775,2026-06-25 04:26:29.698923,NaN,NaN,NaN,-34.63892533333333,17.49377683333333
89.69392857142857,15.280762094447086,35.332739052338134,43.60029277518224,198.65931879457065,2026-06-25 04:26:28.889848,NaN,NaN,NaN,-34.63892533333333,17.49377683333333
89.91406666666667,15.275874517275902,35.33334897469709,43.59653549849332,198.39693408959167,2026-06-25 04:26:28.179319,NaN,NaN,NaN,-34.63892533333333,17.49377683333333
90.07788888888888,15.27303667498459,35.333964822175,43.59424293487797,198.5991934408878,2026-06-25 04:26:27.310101,NaN,NaN,NaN,-34.63892533333333,17.49377683333333
90.30844444444445,15.272824108959718,35.33411475501496,43.594260370611636,198.60333525519175,2026-06-25 04:26:26.302031,NaN,NaN,NaN,-34.63892533333333,17.49377683333333
90.4918181818182,15.274191587761168,35.33411475501496,43.59626940050563,198.6072237395843,2026-06-25 04:26:25.723141,NaN,NaN,NaN,-34.63892533333333,17.49377683333333
90.68490476190478,15.278616593279015,35.33411475501496,43.60013677279193,198.5714106655567,2026-06-25 04:26:24.318421,NaN,NaN,NaN,-34.63892533333333,17.49377683333333
90.89065384615385,15.281191081888863,35.332839705258976,43.60217050205719,198.5596930067746,2026-06-25 04:26:23.326738,NaN,NaN,NaN,-34.63892533333333,17.49377683333333
91.0916,15.284134406202696,35.33066045948542,43.604968210009474,198.3807264387664,2026-06-25 04:26:22.150891,NaN,NaN,NaN,-34.63892533333333,17.49377683333333
91.27152941176472,15.282916252147375,35.32933201745366,43.603560787832635,198.27725166851292,2026-06-25 04:26:21.469304,NaN,NaN,NaN,-34.63892533333333,17.49377683333333
91.5044705882353,15.266965671473626,35.32866518223433,43.585879533993044,198.6148793632973,2026-06-25 04:26:20.695976,NaN,NaN,NaN,-34.63892533333333,17.49377683333333
91.6851,15.215350601758763,35.32866518223433,43.53121746042374,199.89963279901514,2026-06-25 04:26:20.086429,NaN,NaN,NaN,-34.63892533333333,17.49377683333333
91.90929999999999,15.100233245789621,35.32866518223433,43.408697619343364,201.5015985312285,2026-06-25 04:26:19.411605,NaN,NaN,NaN,-34.63892533333333,17.49377683333333
92.06788235294118,14.994438168739794,35.33210077474206,43.31059070798957,202.53491237843832,2026-06-25 04:26:18.452443,NaN,NaN,NaN,-34.63892533333333,17.49377683333333
92.26778571428572,14.983302750910225,35.33343890164512,43.30391203424271,202.42755348026353,2026-06-25 04:26:18.156932,NaN,NaN,NaN,-34.63892533333333,17.49377683333333
92.48061538461539,14.977606553971773,35.33727796853222,43.309350060133234,202.8580647550954,2026-06-25 04:26:17.412895,NaN,NaN,NaN,-34.63892533333333,17.49377683333333
92.6869,14.988139152871074,35.34181965610089,43.326697639952805,203.247812114124,2026-06-25 04:26:16.592340,NaN,NaN,NaN,-34.63892533333333,17.49377683333333
92.90155555555556,14.991424803429474,35.34502896706912,43.332368161413015,203.00795406626406,2026-06-25 04:26:15.913072,NaN,NaN,NaN,-34.63892533333333,17.49377683333333
93.109625,14.990993343008464,35.34730349562376,43.332221596743025,203.22694418062054,2026-06-25 04:26:15.270184,NaN,NaN,NaN,-34.63892533333333,17.49377683333333
93.276125,14.99075766007375,35.34877087158466,43.33244112973183,203.23938457172378,2026-06-25 04:26:14.801556,NaN,NaN,NaN,-34.63892533333333,17.49377683333333
93.46900000000001,14.990572689290005,35.349797140094154,43.33322543389549,203.25187692442077,2026-06-25 04:26:14.092991,NaN,NaN,NaN,-34.63892533333333,17.49377683333333
93.69772727272729,14.988101063160165,35.349797140094154,43.330625888229754,203.25444591549643,2026-06-25 04:26:13.478606,NaN,NaN,NaN,-34.63892533333333,17.49377683333333
93.86275,14.987667692458228,35.349797140094154,43.33033262517546,203.35438486516713,2026-06-25 04:26:13.208222,NaN,NaN,NaN,-34.63892533333333,17.49377683333333
94.08985,14.979228683234961,35.349478464920814,43.32068834770165,203.9253685218869,2026-06-25 04:26:12.220979,NaN,NaN,NaN,-34.63892533333333,17.49377683333333
94.28935294117647,14.971153950146581,35.34914573069112,43.31126309988915,203.9917461346942,2026-06-25 04:26:11.471910,NaN,NaN,NaN,-34.63892533333333,17.49377683333333
94.49566666666665,14.96643719413187,35.34853643902735,43.305896296603144,204.00401145254037,2026-06-25 04:26:10.186093,NaN,NaN,NaN,-34.63892533333333,17.49377683333333
94.6924705882353,14.968330777114689,35.347241527594406,43.30761614214438,203.99435305093184,2026-06-25 04:26:09.325410,NaN,NaN,NaN,-34.63892533333333,17.49377683333333
94.87676190476189,14.96882835226404,35.344997593222715,43.30768722740487,203.99717567734035,2026-06-25 04:26:08.417804,NaN,NaN,NaN,-34.63892533333333,17.49377683333333
95.08013333333335,14.966080841141956,35.34015854988823,43.30454111029334,204.36952261346465,2026-06-25 04:26:07.468051,NaN,NaN,NaN,-34.63892533333333,17.49377683333333
95.3176,14.950114014591417,35.33519856881473,43.28841141652294,204.08492878679056,2026-06-25 04:26:06.774899,NaN,NaN,NaN,-34.63892533333333,17.49377683333333
95.47469230769231,14.881405336924997,35.330517412252306,43.210516120316825,204.45841140679207,2026-06-25 04:26:06.254265,NaN,NaN,NaN,-34.63892533333333,17.49377683333333
95.69958333333334,14.802615595236224,35.32574026236753,43.120695638901054,204.93653014753585,2026-06-25 04:26:05.726838,NaN,NaN,NaN,-34.63892533333333,17.49377683333333
95.8973,14.689786650763182,35.3193167206495,42.99521658092901,204.7475354179323,2026-06-25 04:26:05.020356,NaN,NaN,NaN,-34.63892533333333,17.49377683333333
96.09022222222222,14.640965989664274,35.31361980214571,42.94130008448216,205.28293826606878,2026-06-25 04:26:04.324426,NaN,NaN,NaN,-34.63892533333333,17.49377683333333
96.3131052631579,14.63369319263721,35.31069595646913,42.9330517404801,205.3076746705703,2026-06-25 04:26:03.817248,NaN,NaN,NaN,-34.63892533333333,17.49377683333333
96.49585714285713,14.624612764015101,35.30730105904912,42.92302215861104,205.39812076726844,2026-06-25 04:26:03.250103,NaN,NaN,NaN,-34.63892533333333,17.49377683333333
96.68371428571427,14.621720049914535,35.30379045019374,42.920191523562835,205.41180400971115,2026-06-25 04:26:02.268216,NaN,NaN,NaN,-34.63892533333333,17.49377683333333
96.90366666666667,14.617783966171812,35.301744388276695,42.91660951239239,205.49999982167066,2026-06-25 04:26:01.493418,NaN,NaN,NaN,-34.63892533333333,17.49377683333333
97.09172222222223,14.605487138669718,35.29927703806038,42.902655980913714,205.8406026921339,2026-06-25 04:26:00.597620,NaN,NaN,NaN,-34.63892533333333,17.49377683333333
97.29423076923078,14.562739107899741,35.29544919302042,42.854408996627406,206.75460953991677,2026-06-25 04:25:59.605998,NaN,NaN,NaN,-34.63892533333333,17.49377683333333
97.51776923076925,14.493525475247699,35.28928967437849,42.77638355096011,206.9264268746731,2026-06-25 04:25:58.458220,NaN,NaN,NaN,-34.63892533333333,17.49377683333333
97.68016666666666,14.463827603010449,35.28568577834216,42.74234383809955,206.95110485796732,2026-06-25 04:25:57.839311,NaN,NaN,NaN,-34.63892533333333,17.49377683333333
97.8846,14.426750768458154,35.279867221734314,42.700636592139695,206.97018607687568,2026-06-25 04:25:56.767507,NaN,NaN,NaN,-34.63892533333333,17.49377683333333
98.08441176470588,14.397072390763686,35.27574655649025,42.6673451763586,206.78682961907782,2026-06-25 04:25:55.881856,NaN,NaN,NaN,-34.63892533333333,17.49377683333333
98.29093333333331,14.374017770601718,35.27418249660091,42.64235191349924,206.46210337707808,2026-06-25 04:25:55.317885,NaN,NaN,NaN,-34.63892533333333,17.49377683333333
98.49908333333333,14.348777890107401,35.27368403564468,42.61606696873392,205.50206530242747,2026-06-25 04:25:54.588075,NaN,NaN,NaN,-34.63892533333333,17.49377683333333
98.71041666666667,14.329917478063136,35.27368403564468,42.60157405271394,205.2466456504864,2026-06-25 04:25:53.867430,NaN,NaN,NaN,-34.63892533333333,17.49377683333333
98.87433333333335,14.319847680274561,35.27368403564468,42.59536702087683,205.36711999528342,2026-06-25 04:25:53.392554,NaN,NaN,NaN,-34.63892533333333,17.49377683333333
99.09316666666666,14.279916937251686,35.27578513021359,42.55412383041179,205.99365521488505,2026-06-25 04:25:52.617755,NaN,NaN,NaN,-34.63892533333333,17.49377683333333
99.303875,14.26258773904192,35.277827367492456,42.53684574876346,206.1818541038531,2026-06-25 04:25:52.051236,NaN,NaN,NaN,-34.63892533333333,17.49377683333333
99.49917647058822,14.255042233422332,35.2816736331324,42.53114248262801,206.39012849205577,2026-06-25 04:25:51.136034,NaN,NaN,NaN,-34.63892533333333,17.49377683333333
99.69111764705883,14.25087484790529,35.284699551519054,42.52999700330025,206.29727541860603,2026-06-25 04:25:50.421514,NaN,NaN,NaN,-34.63892533333333,17.49377683333333
99.91512500000002,14.249754089644751,35.28771660701843,42.5328335666249,206.354462667711,2026-06-25 04:25:49.626868,NaN,NaN,NaN,-34.63892533333333,17.49377683333333
100.08153333333331,14.257544240671356,35.28893944782626,42.54815769666755,206.06188056815662,2026-06-25 04:25:49.076179,NaN,NaN,NaN,-34.63892533333333,17.49377683333333
100.29846666666667,14.260155244222167,35.28893944782626,42.55397432091347,206.27989655127442,2026-06-25 04:25:48.263057,NaN,NaN,NaN,-34.63892533333333,17.49377683333333
100.48615789473682,14.25980170553636,35.28893944782626,42.55379625957898,206.2143327558671,2026-06-25 04:25:47.513603,NaN,NaN,NaN,-34.63892533333333,17.49377683333333
100.69629629629628,14.250380605755177,35.288026800118885,42.535812322235564,206.43430937868823,2026-06-25 04:25:46.451307,NaN,NaN,NaN,-34.63892533333333,17.49377683333333
100.87535294117647,14.245732505714122,35.2878398700661,42.5272915832057,206.46730425432833,2026-06-25 04:25:45.264035,NaN,NaN,NaN,-34.63892533333333,17.49377683333333
101.07936842105262,14.245270173759055,35.2878398700661,42.52934495381926,206.15628900734745,2026-06-25 04:25:44.493338,NaN,NaN,NaN,-34.63892533333333,17.49377683333333
101.302,14.240412828936439,35.2878398700661,42.52758486707589,206.1783747156795,2026-06-25 04:25:43.564026,NaN,NaN,NaN,-34.63892533333333,17.49377683333333
101.51776923076923,14.234820543698957,35.28955337903997,42.52404392755334,206.35249414239897,2026-06-25 04:25:42.925731,NaN,NaN,NaN,-34.63892533333333,17.49377683333333
101.68624999999999,14.243741967240437,35.29120457623235,42.538364541150735,206.38714454115035,2026-06-25 04:25:42.445407,NaN,NaN,NaN,-34.63892533333333,17.49377683333333
101.91654545454544,14.24054435652033,35.29408012901559,42.53741668478391,206.74056475423995,2026-06-25 04:25:41.618729,NaN,NaN,NaN,-34.63892533333333,17.49377683333333
102.117125,14.236588507814405,35.295957518575854,42.53434509472075,207.29729211393243,2026-06-25 04:25:41.032234,NaN,NaN,NaN,-34.63892533333333,17.49377683333333
102.27441666666668,14.236515317660471,35.29728769431772,42.535679094885786,207.12509637305268,2026-06-25 04:25:40.575061,NaN,NaN,NaN,-34.63892533333333,17.49377683333333
102.4924,14.238635746481469,35.29909358722627,42.53861475113414,207.41018694722345,2026-06-25 04:25:39.625309,NaN,NaN,NaN,-34.63892533333333,17.49377683333333
102.66842857142858,14.23774468229746,35.2994391585439,42.53764331998856,207.30284299893952,2026-06-25 04:25:39.356331,NaN,NaN,NaN,-34.63892533333333,17.49377683333333
102.8681111111111,14.23263148622484,35.29963006358281,42.532941151413354,207.4596789136244,2026-06-25 04:25:38.631123,NaN,NaN,NaN,-34.63892533333333,17.49377683333333
103.0985,14.22986627010407,35.29963006358281,42.53001945337213,207.47175089806072,2026-06-25 04:25:38.342310,NaN,NaN,NaN,-34.63892533333333,17.49377683333333
103.31945454545456,14.225144519337448,35.29963006358281,42.526144899870445,207.51974856021232,2026-06-25 04:25:37.846984,NaN,NaN,NaN,-34.63892533333333,17.49377683333333
103.53136363636364,14.219789296789333,35.299289478119746,42.52113960979813,207.57183328764256,2026-06-25 04:25:37.269862,NaN,NaN,NaN,-34.63892533333333,17.49377683333333
103.70160000000001,14.214856555704324,35.29849737179731,42.51520959794471,207.61028493979882,2026-06-25 04:25:36.320337,NaN,NaN,NaN,-34.63892533333333,17.49377683333333
103.88373333333331,14.211435139275807,35.29795645893979,42.511439633897204,207.6252780565696,2026-06-25 04:25:35.756317,NaN,NaN,NaN,-34.63892533333333,17.49377683333333
104.09746153846153,14.201516878067363,35.297084165130556,42.50052408414955,207.71409850242645,2026-06-25 04:25:34.997028,NaN,NaN,NaN,-34.63892533333333,17.49377683333333
104.29136,14.178149758987281,35.2955106669939,42.47400079665214,207.6850410761289,2026-06-25 04:25:33.973449,NaN,NaN,NaN,-34.63892533333333,17.49377683333333
104.50379999999998,14.15880246852029,35.29312228483458,42.45362261639013,207.6179166422011,2026-06-25 04:25:33.053688,NaN,NaN,NaN,-34.63892533333333,17.49377683333333
104.70024999999998,14.151275272655745,35.290973586044224,42.44549809474283,207.6580155210002,2026-06-25 04:25:32.435516,NaN,NaN,NaN,-34.63892533333333,17.49377683333333
104.88355555555556,14.145306182454522,35.28773669827375,42.439565458808765,207.54697099759323,2026-06-25 04:25:31.744030,NaN,NaN,NaN,-34.63892533333333,17.49377683333333
105.11107142857142,14.12940635958712,35.284673055078585,42.42327261049966,207.40797055054747,2026-06-25 04:25:31.226308,NaN,NaN,NaN,-34.63892533333333,17.49377683333333
105.32644444444445,14.093926465206865,35.280834959809965,42.383193190321066,207.2505097226024,2026-06-25 04:25:30.633208,NaN,NaN,NaN,-34.63892533333333,17.49377683333333
105.47808333333332,14.04809137778611,35.277250983782366,42.3283286039112,206.2294307325841,2026-06-25 04:25:30.123619,NaN,NaN,NaN,-34.63892533333333,17.49377683333333
105.71599999999998,14.01201417993064,35.27249082613683,42.28556055101009,204.62096367524714,2026-06-25 04:25:29.449628,NaN,NaN,NaN,-34.63892533333333,17.49377683333333
105.89085714285716,13.993441566521119,35.27008919901336,42.26299864071325,204.393397541017,2026-06-25 04:25:29.087579,NaN,NaN,NaN,-34.63892533333333,17.49377683333333
106.08933333333334,13.970411556073714,35.26519473001494,42.235525564155,204.63980468308998,2026-06-25 04:25:28.289375,NaN,NaN,NaN,-34.63892533333333,17.49377683333333
106.29784615384614,13.97017866581259,35.26327651018982,42.23574248730866,204.6792764899227,2026-06-25 04:25:27.895033,NaN,NaN,NaN,-34.63892533333333,17.49377683333333
106.50292857142857,13.970086639388049,35.26023827353508,42.236148009065246,204.73166805126607,2026-06-25 04:25:27.141658,NaN,NaN,NaN,-34.63892533333333,17.49377683333333
106.67999999999999,13.966720370041585,35.25862730518648,42.23214674557851,204.7549222875174,2026-06-25 04:25:26.588231,NaN,NaN,NaN,-34.63892533333333,17.49377683333333
106.87830000000001,13.962748779109344,35.25787330765037,42.22688620584428,204.68058965773307,2026-06-25 04:25:26.250462,NaN,NaN,NaN,-34.63892533333333,17.49377683333333
107.08861538461537,13.955087882750044,35.25693365238553,42.21741847670382,204.5549296872424,2026-06-25 04:25:25.714832,NaN,NaN,NaN,-34.63892533333333,17.49377683333333
107.28925000000001,13.946628343937308,35.25616679817233,42.208901655637916,204.33489553038285,2026-06-25 04:25:25.158246,NaN,NaN,NaN,-34.63892533333333,17.49377683333333
107.50187499999998,13.941551149395684,35.255480444141085,42.20260256068356,204.0933087388717,2026-06-25 04:25:24.502167,NaN,NaN,NaN,-34.63892533333333,17.49377683333333
107.694875,13.934857759404824,35.25480697035323,42.194999971548356,203.84011217659045,2026-06-25 04:25:23.883579,NaN,NaN,NaN,-34.63892533333333,17.49377683333333
107.8839375,13.928867628449723,35.25388681685466,42.18794943918909,203.81426451316517,2026-06-25 04:25:23.218127,NaN,NaN,NaN,-34.63892533333333,17.49377683333333
108.06772727272728,13.925296414308827,35.253078048083786,42.18358904029609,203.62534579018896,2026-06-25 04:25:22.746375,NaN,NaN,NaN,-34.63892533333333,17.49377683333333
108.2856923076923,13.916627725939966,35.25149779930913,42.172074832967674,203.67039170691257,2026-06-25 04:25:21.992725,NaN,NaN,NaN,-34.63892533333333,17.49377683333333
108.49292857142858,13.911128914815277,35.250042186478126,42.164489236603906,203.44092199816885,2026-06-25 04:25:21.450284,NaN,NaN,NaN,-34.63892533333333,17.49377683333333
108.67107142857141,13.907760393476945,35.2473601108687,42.16107725782838,203.40597713025517,2026-06-25 04:25:20.639781,NaN,NaN,NaN,-34.63892533333333,17.49377683333333
108.87225,13.899501445503091,35.24484099187777,42.151315779625314,202.88420209500003,2026-06-25 04:25:19.988761,NaN,NaN,NaN,-34.63892533333333,17.49377683333333
109.10975,13.887141331727312,35.242495047352705,42.13679940498129,202.74258961122217,2026-06-25 04:25:19.434738,NaN,NaN,NaN,-34.63892533333333,17.49377683333333
109.278625,13.86530922220664,35.23912269714502,42.11129938402971,202.0681333603669,2026-06-25 04:25:18.678685,NaN,NaN,NaN,-34.63892533333333,17.49377683333333
109.49545454545455,13.85428485113439,35.23675083195401,42.098683656619976,201.5490607351393,2026-06-25 04:25:18.143030,NaN,NaN,NaN,-34.63892533333333,17.49377683333333
109.70349999999998,13.830086567122292,35.23373843481732,42.07174054922506,201.45069535405702,2026-06-25 04:25:17.401935,NaN,NaN,NaN,-34.63892533333333,17.49377683333333
109.9285,13.810468108798526,35.23216309927293,42.049066287688966,200.74468115705048,2026-06-25 04:25:16.943721,NaN,NaN,NaN,-34.63892533333333,17.49377683333333
110.09469999999999,13.781618348151586,35.230381296202104,42.016485344748276,200.88117022662664,2026-06-25 04:25:16.298056,NaN,NaN,NaN,-34.63892533333333,17.49377683333333
110.28357142857142,13.76830755621177,35.22965434868575,42.00128574183845,200.77683502783816,2026-06-25 04:25:15.976711,NaN,NaN,NaN,-34.63892533333333,17.49377683333333
110.47858333333335,13.754005009002901,35.22885629122065,41.988471235768365,200.86744211559605,2026-06-25 04:25:15.439946,NaN,NaN,NaN,-34.63892533333333,17.49377683333333
110.725375,13.75011374447337,35.228463485328675,41.98716592321479,200.6031884505827,2026-06-25 04:25:14.967153,NaN,NaN,NaN,-34.63892533333333,17.49377683333333
110.8823125,13.744986158160772,35.22828287679164,41.982216922220445,200.92870395650294,2026-06-25 04:25:14.332943,NaN,NaN,NaN,-34.63892533333333,17.49377683333333
111.12633333333333,13.73424720691492,35.22815967578731,41.9719746652607,201.32194451187533,2026-06-25 04:25:13.498786,NaN,NaN,NaN,-34.63892533333333,17.49377683333333
111.27863636363637,13.73253353275377,35.22814925072388,41.9701093486264,201.34725324263525,2026-06-25 04:25:13.421533,NaN,NaN,NaN,-34.63892533333333,17.49377683333333
111.4785882352941,13.717212824052176,35.22755478891991,41.95417767885093,201.45899224411733,2026-06-25 04:25:12.646067,NaN,NaN,NaN,-34.63892533333333,17.49377683333333
111.71066666666667,13.70731941733242,35.22647191098122,41.94413669979152,201.2242943660231,2026-06-25 04:25:12.007508,NaN,NaN,NaN,-34.63892533333333,17.49377683333333
111.90825,13.689260409808517,35.22385139016142,41.92490646147291,201.04592115394172,2026-06-25 04:25:11.216047,NaN,NaN,NaN,-34.63892533333333,17.49377683333333
112.097125,13.66557460808113,35.22205518412843,41.89851893126058,201.26980725397553,2026-06-25 04:25:10.843228,NaN,NaN,NaN,-34.63892533333333,17.49377683333333
112.28490000000002,13.630410632804109,35.21968111090799,41.85938425747019,201.09099235661205,2026-06-25 04:25:10.409591,NaN,NaN,NaN,-34.63892533333333,17.49377683333333
112.48056249999999,13.577022030913042,35.21395195661941,41.80058000154958,200.71611838029673,2026-06-25 04:25:09.621671,NaN,NaN,NaN,-34.63892533333333,17.49377683333333
112.67218181818181,13.551061429405001,35.209273812380005,41.77219933355412,200.12209019853927,2026-06-25 04:25:09.072667,NaN,NaN,NaN,-34.63892533333333,17.49377683333333
112.88523529411765,13.515877455869987,35.20287203733365,41.733277990186956,200.065823398553,2026-06-25 04:25:08.373651,NaN,NaN,NaN,-34.63892533333333,17.49377683333333
113.079,13.467159617554568,35.195757417623774,41.67897631045906,200.3832683489862,2026-06-25 04:25:07.650310,NaN,NaN,NaN,-34.63892533333333,17.49377683333333
113.28673333333333,13.40340721204964,35.19008815682364,41.60712548309904,200.87871875426472,2026-06-25 04:25:07.077126,NaN,NaN,NaN,-34.63892533333333,17.49377683333333
113.48111111111112,13.325559141858987,35.184186588894356,41.52097576471804,201.72028097379632,2026-06-25 04:25:06.467285,NaN,NaN,NaN,-34.63892533333333,17.49377683333333
113.67360000000001,13.274166400143258,35.17951273907658,41.46900711385785,203.77529412063913,2026-06-25 04:25:05.940756,NaN,NaN,NaN,-34.63892533333333,17.49377683333333
113.88423076923078,13.217011500383828,35.174479929745054,41.41218691329702,206.80157378531968,2026-06-25 04:25:05.297077,NaN,NaN,NaN,-34.63892533333333,17.49377683333333
114.11846153846153,13.145374053236493,35.16991123537614,41.33517913406279,210.82876485201245,2026-06-25 04:25:04.589569,NaN,NaN,NaN,-34.63892533333333,17.49377683333333
114.2852,13.110558069367656,35.16816866510969,41.29650703638041,212.85114148708195,2026-06-25 04:25:04.301183,NaN,NaN,NaN,-34.63892533333333,17.49377683333333
114.51090909090908,13.083192104020867,35.16456406891816,41.26876697994833,214.10926513544578,2026-06-25 04:25:03.533201,NaN,NaN,NaN,-34.63892533333333,17.49377683333333
114.68424999999999,13.076398776783705,35.16313063354504,41.2617545662925,215.39352454978376,2026-06-25 04:25:03.151483,NaN,NaN,NaN,-34.63892533333333,17.49377683333333
114.89644444444444,13.06499618079954,35.16148032881336,41.249566824279626,215.71833201014115,2026-06-25 04:25:02.634951,NaN,NaN,NaN,-34.63892533333333,17.49377683333333
115.08084615384615,13.053554300830559,35.16015063499213,41.23713542295151,216.1904085480295,2026-06-25 04:25:02.178659,NaN,NaN,NaN,-34.63892533333333,17.49377683333333
115.3103076923077,13.039188167534032,35.158535327282635,41.221980417823104,216.61299524808328,2026-06-25 04:25:01.548055,NaN,NaN,NaN,-34.63892533333333,17.49377683333333
115.50309090909091,13.01835072331799,35.15689416330685,41.19970246659552,217.10576367392315,2026-06-25 04:25:00.856626,NaN,NaN,NaN,-34.63892533333333,17.49377683333333
115.6993333333333,12.998946262101736,35.15537456527314,41.17852671389595,217.53186132392406,2026-06-25 04:25:00.212249,NaN,NaN,NaN,-34.63892533333333,17.49377683333333
115.9306,12.983376242670868,35.15395213567827,41.16109661830945,217.70960050445285,2026-06-25 04:24:59.612405,NaN,NaN,NaN,-34.63892533333333,17.49377683333333
116.07356250000001,12.972823681784682,35.15254887752178,41.149468965233694,218.73655464340106,2026-06-25 04:24:59.018185,NaN,NaN,NaN,-34.63892533333333,17.49377683333333
116.30585714285714,12.962628965060032,35.15111525443955,41.13843599806861,219.10377334566834,2026-06-25 04:24:58.395580,NaN,NaN,NaN,-34.63892533333333,17.49377683333333
116.49226666666667,12.951572702153733,35.149933077788624,41.126240623563845,219.1961898082385,2026-06-25 04:24:57.832869,NaN,NaN,NaN,-34.63892533333333,17.49377683333333
116.68878571428573,12.941791170959098,35.148614012710276,41.115538872513525,219.26583794877425,2026-06-25 04:24:57.153046,NaN,NaN,NaN,-34.63892533333333,17.49377683333333
116.87783333333334,12.929528299425455,35.147527229599895,41.10252154243381,219.41942672275763,2026-06-25 04:24:56.469891,NaN,NaN,NaN,-34.63892533333333,17.49377683333333
117.10469230769232,12.920649845764936,35.146735327633856,41.09366755014467,219.4388987334844,2026-06-25 04:24:55.830314,NaN,NaN,NaN,-34.63892533333333,17.49377683333333
117.29646153846153,12.915161346632962,35.14608660689078,41.08826498654544,219.18644292592174,2026-06-25 04:24:55.222780,NaN,NaN,NaN,-34.63892533333333,17.49377683333333
117.4953076923077,12.9133467862372,35.14561676565466,41.086085713749256,219.17236672317375,2026-06-25 04:24:54.561414,NaN,NaN,NaN,-34.63892533333333,17.49377683333333
117.725,12.911416849233982,35.145284603491625,41.08394127704625,218.90998453162447,2026-06-25 04:24:53.993870,NaN,NaN,NaN,-34.63892533333333,17.49377683333333
117.90575000000001,12.909548937858268,35.14509669445281,41.08211500428326,218.9177913835136,2026-06-25 04:24:53.516494,NaN,NaN,NaN,-34.63892533333333,17.49377683333333
118.09049999999999,12.908239769903227,35.1449093429172,41.079958161234536,218.93626687159627,2026-06-25 04:24:52.785435,NaN,NaN,NaN,-34.63892533333333,17.49377683333333
118.286,12.906732479313462,35.1449093429172,41.078309811042736,218.953889299202,2026-06-25 04:24:52.373523,NaN,NaN,NaN,-34.63892533333333,17.49377683333333
118.50553846153846,12.90480585496801,35.1449093429172,41.077175565591084,218.96556428850008,2026-06-25 04:24:51.850582,NaN,NaN,NaN,-34.63892533333333,17.49377683333333
118.7115,12.903261209068617,35.144948686454335,41.07585430085745,218.98255762635668,2026-06-25 04:24:51.162941,NaN,NaN,NaN,-34.63892533333333,17.49377683333333
118.89876923076923,12.903274751189228,35.14501404974518,41.07538366625715,218.98297321913208,2026-06-25 04:24:50.881604,NaN,NaN,NaN,-34.63892533333333,17.49377683333333
119.11428571428573,12.904571589067244,35.145178543560164,41.076194106656835,218.9753839740678,2026-06-25 04:24:50.297690,NaN,NaN,NaN,-34.63892533333333,17.49377683333333
119.29585714285713,12.906161994053107,35.145319282428986,41.07808850193232,218.9691554525464,2026-06-25 04:24:49.897795,NaN,NaN,NaN,-34.63892533333333,17.49377683333333
119.4824,12.90749581454683,35.14550857157254,41.08024416380083,219.2733828586848,2026-06-25 04:24:49.385071,NaN,NaN,NaN,-34.63892533333333,17.49377683333333
119.6615,12.908294482972995,35.14567619229413,41.08181309812811,219.09936744500985,2026-06-25 04:24:48.905196,NaN,NaN,NaN,-34.63892533333333,17.49377683333333
119.9025625,12.908177512526006,35.145878279986604,41.082768283776275,219.2727789292163,2026-06-25 04:24:48.161640,NaN,NaN,NaN,-34.63892533333333,17.49377683333333
120.08509090909091,12.908988289426526,35.145878279986604,41.08354811455806,219.26397104474384,2026-06-25 04:24:47.546459,NaN,NaN,NaN,-34.63892533333333,17.49377683333333
120.30113333333331,12.91007273677348,35.145878279986604,41.08429167415973,219.52465549963213,2026-06-25 04:24:46.942375,NaN,NaN,NaN,-34.63892533333333,17.49377683333333
120.4685,12.910058505651794,35.14586021528345,41.08414695023667,219.88112367587314,2026-06-25 04:24:46.280880,NaN,NaN,NaN,-34.63892533333333,17.49377683333333
120.6904,12.910129527139116,35.145755433903716,41.08379119421981,219.57927688237677,2026-06-25 04:24:45.840995,NaN,NaN,NaN,-34.63892533333333,17.49377683333333
120.87330769230769,12.910536959856355,35.14564816854915,41.0839225372158,219.81771082246576,2026-06-25 04:24:45.448405,NaN,NaN,NaN,-34.63892533333333,17.49377683333333
121.09416666666668,12.909926300091508,35.14540881761283,41.08381643664543,219.5951174730506,2026-06-25 04:24:44.585489,NaN,NaN,NaN,-34.63892533333333,17.49377683333333
121.25439999999999,12.90934279601064,35.14532892594791,41.08318225669704,219.58861178882037,2026-06-25 04:24:44.236413,NaN,NaN,NaN,-34.63892533333333,17.49377683333333
121.48488888888889,12.908940031472904,35.14527870969641,41.08274907292377,219.5999332338438,2026-06-25 04:24:43.939824,NaN,NaN,NaN,-34.63892533333333,17.49377683333333
121.67425000000001,12.90813820990266,35.145209107759605,41.081805133337454,219.5998289447521,2026-06-25 04:24:43.385802,NaN,NaN,NaN,-34.63892533333333,17.49377683333333
121.88699999999999,12.907215603589169,35.145209107759605,41.08058881470214,219.6224613300176,2026-06-25 04:24:42.838596,NaN,NaN,NaN,-34.63892533333333,17.49377683333333
122.0824,12.90583268558484,35.145209107759605,41.079172860447706,219.6271645675911,2026-06-25 04:24:42.176950,NaN,NaN,NaN,-34.63892533333333,17.49377683333333
122.29972727272728,12.905397872827463,35.145199385142156,41.078950242292144,219.64057230642007,2026-06-25 04:24:41.829768,NaN,NaN,NaN,-34.63892533333333,17.49377683333333
122.52075,12.905477166732481,35.145199385142156,41.0793864743125,219.63814062936572,2026-06-25 04:24:41.557112,NaN,NaN,NaN,-34.63892533333333,17.49377683333333
122.6785,12.90530342882839,35.145170767383966,41.08023841088016,219.6256982596862,2026-06-25 04:24:40.903115,NaN,NaN,NaN,-34.63892533333333,17.49377683333333
122.895875,12.904150408868453,35.1450236222982,41.079011758461135,219.4038056636936,2026-06-25 04:24:40.307437,NaN,NaN,NaN,-34.63892533333333,17.49377683333333
123.11299999999999,12.901628762138728,35.144724051088154,41.07630157658959,219.49199966432985,2026-06-25 04:24:39.715925,NaN,NaN,NaN,-34.63892533333333,17.49377683333333
123.30830769230768,12.899634105424518,35.144452685504284,41.073394345175856,219.06784636054718,2026-06-25 04:24:39.300008,NaN,NaN,NaN,-34.63892533333333,17.49377683333333
123.506,12.893518811161023,35.14397164169532,41.067281389342554,219.10846139948183,2026-06-25 04:24:38.782835,NaN,NaN,NaN,-34.63892533333333,17.49377683333333
123.67,12.89180373281331,35.14378215898064,41.06572877397896,219.1387715055532,2026-06-25 04:24:38.624543,NaN,NaN,NaN,-34.63892533333333,17.49377683333333
123.92333333333333,12.885330452299266,35.14306522335419,41.05943729449792,219.1859023434443,2026-06-25 04:24:38.058024,NaN,NaN,NaN,-34.63892533333333,17.49377683333333
124.10799999999999,12.882972620316703,35.14283131608488,41.056406667500944,219.18843826511002,2026-06-25 04:24:37.898065,NaN,NaN,NaN,-34.63892533333333,17.49377683333333
124.2818,12.870177498498572,35.142008984420286,41.04303523375068,219.60822191283353,2026-06-25 04:24:37.353207,NaN,NaN,NaN,-34.63892533333333,17.49377683333333
124.46872727272726,12.859011555654346,35.141340649736186,41.031370378714776,219.41279771251425,2026-06-25 04:24:36.921956,NaN,NaN,NaN,-34.63892533333333,17.49377683333333
124.6957142857143,12.843194243016702,35.14042606525951,41.015122910457684,219.76437875472948,2026-06-25 04:24:36.344185,NaN,NaN,NaN,-34.63892533333333,17.49377683333333
124.91799999999999,12.836763755027588,35.13961944298986,41.007703352470905,219.74712691427533,2026-06-25 04:24:35.797502,NaN,NaN,NaN,-34.63892533333333,17.49377683333333
125.08978571428575,12.835498163542555,35.1393255927434,41.006511966921536,219.62677078726884,2026-06-25 04:24:35.590810,NaN,NaN,NaN,-34.63892533333333,17.49377683333333
125.29199999999999,12.8276768437018,35.138494528606614,40.998127386208985,219.66624250171301,2026-06-25 04:24:34.936615,NaN,NaN,NaN,-34.63892533333333,17.49377683333333
125.5017272727273,12.818801867085527,35.137862264014295,40.98925899855098,220.0545084472068,2026-06-25 04:24:34.313545,NaN,NaN,NaN,-34.63892533333333,17.49377683333333
125.69174999999998,12.8129170767718,35.137501731706514,40.98261382218634,220.09918879485866,2026-06-25 04:24:33.809131,NaN,NaN,NaN,-34.63892533333333,17.49377683333333
125.88433333333332,12.807041790203318,35.13725253603338,40.97717330744661,220.15565582623304,2026-06-25 04:24:33.319259,NaN,NaN,NaN,-34.63892533333333,17.49377683333333
126.08583333333333,12.803188234828903,35.13709807381589,40.9735726628366,220.18236387605793,2026-06-25 04:24:32.992677,NaN,NaN,NaN,-34.63892533333333,17.49377683333333
126.29549999999999,12.795440315711252,35.136884803312064,40.96587027856476,220.27443389776644,2026-06-25 04:24:32.251204,NaN,NaN,NaN,-34.63892533333333,17.49377683333333
126.48733333333332,12.794537259027189,35.136862972758536,40.96483945004368,220.2653727192017,2026-06-25 04:24:32.159561,NaN,NaN,NaN,-34.63892533333333,17.49377683333333
126.671,12.788334734699557,35.13668056175251,40.95898097163533,219.99132000225404,2026-06-25 04:24:31.416005,NaN,NaN,NaN,-34.63892533333333,17.49377683333333
126.91288888888887,12.78761634818603,35.13660689849137,40.958147879322716,220.00276889266829,2026-06-25 04:24:31.176484,NaN,NaN,NaN,-34.63892533333333,17.49377683333333
127.103,12.786674669223558,35.13643415131179,40.95706023030409,220.00510625159185,2026-06-25 04:24:30.717080,NaN,NaN,NaN,-34.63892533333333,17.49377683333333
127.27688888888889,12.785927739958012,35.13615433402372,40.957224688990664,220.01595890864752,2026-06-25 04:24:30.198961,NaN,NaN,NaN,-34.63892533333333,17.49377683333333
127.5144,12.777181713036118,35.135920431090355,40.9493020420275,219.75425022877846,2026-06-25 04:24:29.870158,NaN,NaN,NaN,-34.63892533333333,17.49377683333333
127.70349999999999,12.753894299610037,35.13554273652416,40.92591314423917,219.75074787325048,2026-06-25 04:24:29.410278,NaN,NaN,NaN,-34.63892533333333,17.49377683333333
127.89949999999999,12.717738396032951,35.135115787901725,40.88803352906871,219.33410722353975,2026-06-25 04:24:28.960395,NaN,NaN,NaN,-34.63892533333333,17.49377683333333
128.0931,12.706385501357607,35.13454470454317,40.87713684167266,219.40349029180896,2026-06-25 04:24:28.470523,NaN,NaN,NaN,-34.63892533333333,17.49377683333333
128.3065,12.696948681818462,35.134012284201994,40.86769352159194,219.52163876540922,2026-06-25 04:24:28.027305,NaN,NaN,NaN,-34.63892533333333,17.49377683333333
128.49475,12.687549973521056,35.13351161482208,40.858150085400105,219.5656407859441,2026-06-25 04:24:27.648237,NaN,NaN,NaN,-34.63892533333333,17.49377683333333
128.71336363636365,12.67904844134185,35.132983797359636,40.849454668699565,219.47380184171016,2026-06-25 04:24:27.242661,NaN,NaN,NaN,-34.63892533333333,17.49377683333333
128.88479999999998,12.66930412329619,35.132273764189094,40.83974463898503,219.36908989347185,2026-06-25 04:24:26.705983,NaN,NaN,NaN,-34.63892533333333,17.49377683333333
129.0908,12.659036479187403,35.13158420490424,40.829448584028704,218.97698131428294,2026-06-25 04:24:26.166123,NaN,NaN,NaN,-34.63892533333333,17.49377683333333
129.31033333333332,12.645488150940482,35.130708413337146,40.81604923934213,218.45938599339962,2026-06-25 04:24:25.407988,NaN,NaN,NaN,-34.63892533333333,17.49377683333333
129.46336363636362,12.636061570859175,35.130274419656644,40.80647487483271,218.61763055452204,2026-06-25 04:24:24.988703,NaN,NaN,NaN,-34.63892533333333,17.49377683333333
129.67575,12.62498574894099,35.12982780825507,40.79473810536784,218.15434061876113,2026-06-25 04:24:24.536548,NaN,NaN,NaN,-34.63892533333333,17.49377683333333
129.94074999999998,12.608931834696008,35.129211658809396,40.77733609287023,217.93388051270347,2026-06-25 04:24:23.849227,NaN,NaN,NaN,-34.63892533333333,17.49377683333333
130.077,12.603021741108126,35.128747697874374,40.77142735650439,217.4065089746203,2026-06-25 04:24:23.305619,NaN,NaN,NaN,-34.63892533333333,17.49377683333333
130.3112857142857,12.600583299400638,35.12835007530667,40.76942833791497,217.43066354254344,2026-06-25 04:24:22.861985,NaN,NaN,NaN,-34.63892533333333,17.49377683333333
130.47325,12.5988010244475,35.127985157931974,40.767062107450535,217.44766614321145,2026-06-25 04:24:22.499579,NaN,NaN,NaN,-34.63892533333333,17.49377683333333
130.69266666666667,12.596533521149214,35.127422271735476,40.76472528600342,217.46403543049132,2026-06-25 04:24:22.017760,NaN,NaN,NaN,-34.63892533333333,17.49377683333333
130.9006,12.595506047029993,35.1268405319144,40.763268653171906,217.4802418860852,2026-06-25 04:24:21.622308,NaN,NaN,NaN,-34.63892533333333,17.49377683333333
131.10744444444447,12.591199988787515,35.1259126911617,40.75816354069418,217.48636530628258,2026-06-25 04:24:21.090224,NaN,NaN,NaN,-34.63892533333333,17.49377683333333
131.30087500000002,12.583451220032536,35.12484014072039,40.75001955663835,217.26998009813545,2026-06-25 04:24:20.600074,NaN,NaN,NaN,-34.63892533333333,17.49377683333333
131.51091666666667,12.577709054649437,35.12369828021098,40.74472039844938,217.31042945850194,2026-06-25 04:24:20.183516,NaN,NaN,NaN,-34.63892533333333,17.49377683333333
131.69925,12.565737956373617,35.12190883978268,40.732057548140546,217.57420690396043,2026-06-25 04:24:19.581590,NaN,NaN,NaN,-34.63892533333333,17.49377683333333
131.8706153846154,12.558645125850235,35.121029247334405,40.72444124522763,217.82063674733996,2026-06-25 04:24:19.309065,NaN,NaN,NaN,-34.63892533333333,17.49377683333333
132.10216666666665,12.529145462384013,35.118652602166954,40.69395202582091,217.98635688493468,2026-06-25 04:24:18.638086,NaN,NaN,NaN,-34.63892533333333,17.49377683333333
132.308625,12.504211955753288,35.117437743178385,40.666178300617176,218.4887638817516,2026-06-25 04:24:18.306922,NaN,NaN,NaN,-34.63892533333333,17.49377683333333
132.50520000000003,12.470278585182552,35.11548966265264,40.628270933450416,218.5362753317364,2026-06-25 04:24:17.769979,NaN,NaN,NaN,-34.63892533333333,17.49377683333333
132.72050000000002,12.45809981646356,35.11349656601621,40.61496044220848,218.6202851179881,2026-06-25 04:24:17.175967,NaN,NaN,NaN,-34.63892533333333,17.49377683333333
132.87099999999998,12.453940074225763,35.11282354265905,40.6100577101255,218.6570490688138,2026-06-25 04:24:16.969771,NaN,NaN,NaN,-34.63892533333333,17.49377683333333
133.08183333333332,12.44998280831148,35.111555049169915,40.60644393440007,218.67372756648493,2026-06-25 04:24:16.517805,NaN,NaN,NaN,-34.63892533333333,17.49377683333333
133.29616666666666,12.44582167697588,35.110242194974944,40.60297451799843,218.71435716060057,2026-06-25 04:24:15.972114,NaN,NaN,NaN,-34.63892533333333,17.49377683333333
133.51624999999999,12.440674395118661,35.10929685369583,40.597408357465426,218.99040769502824,2026-06-25 04:24:15.484741,NaN,NaN,NaN,-34.63892533333333,17.49377683333333
133.67114285714283,12.440228739961361,35.109214623469775,40.596931851465804,218.75711062141391,2026-06-25 04:24:15.442490,NaN,NaN,NaN,-34.63892533333333,17.49377683333333
133.9132,12.431591170219164,35.108176016392086,40.587305041515975,219.1246032612936,2026-06-25 04:24:14.659123,NaN,NaN,NaN,-34.63892533333333,17.49377683333333
134.1366,12.43002670882728,35.107893071808824,40.58484082620991,218.85519026932343,2026-06-25 04:24:14.344205,NaN,NaN,NaN,-34.63892533333333,17.49377683333333
134.30725,12.42901292021617,35.10765631346517,40.583435885224105,219.02739207588195,2026-06-25 04:24:13.958056,NaN,NaN,NaN,-34.63892533333333,17.49377683333333
134.53557142857144,12.427901897355808,35.107483859855186,40.58304810055072,218.97576334993835,2026-06-25 04:24:13.614395,NaN,NaN,NaN,-34.63892533333333,17.49377683333333
134.66799999999998,12.42756106935888,35.10742214673385,40.58304125464055,218.88032079969764,2026-06-25 04:24:13.454437,NaN,NaN,NaN,-34.63892533333333,17.49377683333333
134.8638,12.42730881574434,35.10726224559149,40.5830197363922,218.8831655805265,2026-06-25 04:24:12.859592,NaN,NaN,NaN,-34.63892533333333,17.49377683333333
135.118,12.425786170228319,35.107188132704586,40.58191848598809,218.8934130247379,2026-06-25 04:24:12.514682,NaN,NaN,NaN,-34.63892533333333,17.49377683333333
135.2982857142857,12.423466484344988,35.1070870632944,40.578965995302,218.9361565591427,2026-06-25 04:24:12.104075,NaN,NaN,NaN,-34.63892533333333,17.49377683333333
135.50042857142856,12.420038894779875,35.106953704817236,40.57424091437839,218.95071426764386,2026-06-25 04:24:11.629198,NaN,NaN,NaN,-34.63892533333333,17.49377683333333
135.70055555555552,12.413867583101391,35.106700504450636,40.56822698828254,218.99204183699786,2026-06-25 04:24:11.059506,NaN,NaN,NaN,-34.63892533333333,17.49377683333333
135.884,12.411266377786513,35.106509744041475,40.56535653137739,219.028895764288,2026-06-25 04:24:10.771386,NaN,NaN,NaN,-34.63892533333333,17.49377683333333
136.10537499999998,12.408659657081872,35.10630166122615,40.562895405199676,219.27028219951634,2026-06-25 04:24:10.471464,NaN,NaN,NaN,-34.63892533333333,17.49377683333333
136.27100000000002,12.406132985391016,35.10566220531023,40.56020562254096,219.07549216720236,2026-06-25 04:24:09.832048,NaN,NaN,NaN,-34.63892533333333,17.49377683333333
136.46754545454544,12.404016596229205,35.10515211021388,40.55745248376275,218.7952393340904,2026-06-25 04:24:09.456388,NaN,NaN,NaN,-34.63892533333333,17.49377683333333
136.69216666666668,12.397889429775772,35.104222648126814,40.55020263576668,218.83478703949416,2026-06-25 04:24:08.890626,NaN,NaN,NaN,-34.63892533333333,17.49377683333333
136.89929999999998,12.39424413596593,35.103486741088446,40.54680167227128,218.98020792502652,2026-06-25 04:24:08.540718,NaN,NaN,NaN,-34.63892533333333,17.49377683333333
137.09887500000002,12.391559270828207,35.1029403314127,40.54415406535763,218.90149123985992,2026-06-25 04:24:08.284534,NaN,NaN,NaN,-34.63892533333333,17.49377683333333
137.2887142857143,12.385644299168847,35.10141526091001,40.538124142880584,218.9337494116858,2026-06-25 04:24:07.680228,NaN,NaN,NaN,-34.63892533333333,17.49377683333333
137.4964,12.377566435560405,35.100035441465494,40.52950855232923,218.99192488818386,2026-06-25 04:24:07.201067,NaN,NaN,NaN,-34.63892533333333,17.49377683333333
137.69672727272726,12.37470054933734,35.09932317833612,40.52662794706195,219.0434668691535,2026-06-25 04:24:06.957040,NaN,NaN,NaN,-34.63892533333333,17.49377683333333
137.936,12.356499988343067,35.09742339108933,40.50725569988988,218.96943558640464,2026-06-25 04:24:06.341291,NaN,NaN,NaN,-34.63892533333333,17.49377683333333
138.08440000000002,12.336014028920744,35.09633755096712,40.48529574123918,219.06294679455598,2026-06-25 04:24:05.976386,NaN,NaN,NaN,-34.63892533333333,17.49377683333333
138.28191666666666,12.317882180474763,35.09530077438801,40.465851248001925,218.8895369457661,2026-06-25 04:24:05.637308,NaN,NaN,NaN,-34.63892533333333,17.49377683333333
138.48285714285714,12.298338215442204,35.09411976679947,40.44484354488072,218.74447363602957,2026-06-25 04:24:05.223725,NaN,NaN,NaN,-34.63892533333333,17.49377683333333
138.6585,12.27292246315788,35.092639347963484,40.410459490077116,219.22487557004715,2026-06-25 04:24:04.616740,NaN,NaN,NaN,-34.63892533333333,17.49377683333333
138.86622222222223,12.285648037931185,35.091762516418015,40.42654826367823,219.12428388674437,2026-06-25 04:24:04.172412,NaN,NaN,NaN,-34.63892533333333,17.49377683333333
139.1028,12.299605802180198,35.09091181590469,40.445683195293434,219.02286827698467,2026-06-25 04:24:03.577012,NaN,NaN,NaN,-34.63892533333333,17.49377683333333
139.259,12.300321575123597,35.090599320603424,40.446458334113586,218.84595620753458,2026-06-25 04:24:03.278201,NaN,NaN,NaN,-34.63892533333333,17.49377683333333
139.46855555555555,12.299106264946099,35.09022223612664,40.44451715609224,219.03318452308773,2026-06-25 04:24:02.722790,NaN,NaN,NaN,-34.63892533333333,17.49377683333333
139.67337500000002,12.298384205690049,35.09011499940953,40.44333463675764,219.01014463555077,2026-06-25 04:24:02.461052,NaN,NaN,NaN,-34.63892533333333,17.49377683333333
139.89542857142857,12.29835075879618,35.09011499940953,40.44444590090473,218.7324584919741,2026-06-25 04:24:01.938867,NaN,NaN,NaN,-34.63892533333333,17.49377683333333
140.11477777777773,12.29607543800315,35.09011499940953,40.44153304166818,218.75179782189042,2026-06-25 04:24:01.467561,NaN,NaN,NaN,-34.63892533333333,17.49377683333333
140.2894,12.29451014640359,35.09021833840707,40.43932538693217,218.76742819516633,2026-06-25 04:24:01.247619,NaN,NaN,NaN,-34.63892533333333,17.49377683333333
140.4474,12.29170743274376,35.09037777680367,40.43587267065573,218.7851466931305,2026-06-25 04:24:00.872716,NaN,NaN,NaN,-34.63892533333333,17.49377683333333
140.70485714285715,12.291906265486512,35.0905786746007,40.436337004264786,218.78100942855065,2026-06-25 04:24:00.517809,NaN,NaN,NaN,-34.63892533333333,17.49377683333333
140.886,12.289232261824495,35.09094508437483,40.43292594940578,218.9425470090094,2026-06-25 04:24:00.042933,NaN,NaN,NaN,-34.63892533333333,17.49377683333333
141.08124999999998,12.288505225629354,35.091300425003325,40.430484843437725,218.9572974858789,2026-06-25 04:23:59.655534,NaN,NaN,NaN,-34.63892533333333,17.49377683333333
141.3085,12.300621931630202,35.091783824022194,40.445460190359455,219.0251655655019,2026-06-25 04:23:59.193154,NaN,NaN,NaN,-34.63892533333333,17.49377683333333
141.51285714285714,12.305455982253518,35.092006367431686,40.45132165264225,218.9926028628448,2026-06-25 04:23:58.996777,NaN,NaN,NaN,-34.63892533333333,17.49377683333333
141.703375,12.31242003758177,35.0923951783237,40.45970798330716,218.93875760606568,2026-06-25 04:23:58.662043,NaN,NaN,NaN,-34.63892533333333,17.49377683333333
141.93124999999998,12.316972309680565,35.093115790445296,40.46582472047018,219.157697122219,2026-06-25 04:23:58.074696,NaN,NaN,NaN,-34.63892533333333,17.49377683333333
142.10085714285714,12.313683664611556,35.09338917741153,40.46148261312726,218.95709615849228,2026-06-25 04:23:57.854217,NaN,NaN,NaN,-34.63892533333333,17.49377683333333
142.30733333333333,12.312584623954146,35.09374963589965,40.45955543379326,218.9451368064398,2026-06-25 04:23:57.560247,NaN,NaN,NaN,-34.63892533333333,17.49377683333333
142.50514285714286,12.320659470948325,35.09429233023811,40.467825229898615,218.9290762863611,2026-06-25 04:23:57.104413,NaN,NaN,NaN,-34.63892533333333,17.49377683333333
142.683375,12.33087654644622,35.0945924541856,40.47902325754305,219.09596434934673,2026-06-25 04:23:56.831270,NaN,NaN,NaN,-34.63892533333333,17.49377683333333
142.9119,12.338271367731796,35.09509292109271,40.48761696308168,219.06800928350714,2026-06-25 04:23:56.333899,NaN,NaN,NaN,-34.63892533333333,17.49377683333333
143.13899999999998,12.335515577161587,35.09542336272735,40.485562269133816,218.9189587257784,2026-06-25 04:23:55.944001,NaN,NaN,NaN,-34.63892533333333,17.49377683333333
143.33300000000003,12.33214969287771,35.09569326188536,40.48198041098073,219.11543295733844,2026-06-25 04:23:55.537857,NaN,NaN,NaN,-34.63892533333333,17.49377683333333
143.5312857142857,12.331846474395263,35.0958813942965,40.481626690919484,219.13674281698778,2026-06-25 04:23:55.176344,NaN,NaN,NaN,-34.63892533333333,17.49377683333333
143.687,12.332646359712905,35.09592052338749,40.48268965108985,219.13072199451156,2026-06-25 04:23:55.069229,NaN,NaN,NaN,-34.63892533333333,17.49377683333333
143.85320000000002,12.335923343994049,35.09604587369887,40.48668997094248,219.08856447449264,2026-06-25 04:23:54.594353,NaN,NaN,NaN,-34.63892533333333,17.49377683333333
144.08639999999997,12.339101051471516,35.09604587369887,40.48944927691984,219.05835731885665,2026-06-25 04:23:54.089485,NaN,NaN,NaN,-34.63892533333333,17.49377683333333
144.29542857142857,12.34026875492386,35.09604587369887,40.4902511127429,219.06159790775288,2026-06-25 04:23:53.876683,NaN,NaN,NaN,-34.63892533333333,17.49377683333333
144.452,12.340535776561026,35.095969010778745,40.49079163043044,219.06064931853308,2026-06-25 04:23:53.525881,NaN,NaN,NaN,-34.63892533333333,17.49377683333333
144.69879999999998,12.334984944903757,35.095791032338354,40.48719235511763,219.08715083210046,2026-06-25 04:23:53.049756,NaN,NaN,NaN,-34.63892533333333,17.49377683333333
144.87433333333334,12.3306487035571,35.09570290222777,40.48260187780348,219.04618422065047,2026-06-25 04:23:52.853140,NaN,NaN,NaN,-34.63892533333333,17.49377683333333
145.06660000000002,12.328326080798831,35.09566027291136,40.480074604725125,218.854179935695,2026-06-25 04:23:52.759831,NaN,NaN,NaN,-34.63892533333333,17.49377683333333
145.3354,12.324155470590021,35.09540253332242,40.4738629695739,218.90383165124055,2026-06-25 04:23:52.279956,NaN,NaN,NaN,-34.63892533333333,17.49377683333333
145.49572727272724,12.323757606165152,35.09523661655648,40.47255414802719,219.11744798849998,2026-06-25 04:23:51.988214,NaN,NaN,NaN,-34.63892533333333,17.49377683333333
145.697,12.3248983348482,35.094967560087554,40.47364498028517,219.19486827291723,2026-06-25 04:23:51.532651,NaN,NaN,NaN,-34.63892533333333,17.49377683333333
145.88033333333334,12.323697754385888,35.09490549564113,40.47259803823562,218.8902895729882,2026-06-25 04:23:51.428511,NaN,NaN,NaN,-34.63892533333333,17.49377683333333
146.06466666666668,12.315103206481885,35.094595482732906,40.46525901619397,218.98151816027564,2026-06-25 04:23:50.903648,NaN,NaN,NaN,-34.63892533333333,17.49377683333333
146.26591666666667,12.31234524188154,35.09447001322628,40.46285184795186,218.9733803163311,2026-06-25 04:23:50.687038,NaN,NaN,NaN,-34.63892533333333,17.49377683333333
146.4929,12.307411457099885,35.09407357214222,40.45853272883029,219.04079736858486,2026-06-25 04:23:49.990553,NaN,NaN,NaN,-34.63892533333333,17.49377683333333
146.68916666666667,12.306157843466101,35.09392162803377,40.45726306765899,218.81218615179122,2026-06-25 04:23:49.720623,NaN,NaN,NaN,-34.63892533333333,17.49377683333333
146.89754545454548,12.305140322975406,35.09357930405731,40.45566105962823,219.0604871547873,2026-06-25 04:23:49.129868,NaN,NaN,NaN,-34.63892533333333,17.49377683333333
147.09814285714285,12.305603107536589,35.09335630443151,40.45595570915289,219.0509740836282,2026-06-25 04:23:48.763730,NaN,NaN,NaN,-34.63892533333333,17.49377683333333
147.23857142857145,12.305388950602952,35.09319817508152,40.45559600420652,218.7390027948338,2026-06-25 04:23:48.520936,NaN,NaN,NaN,-34.63892533333333,17.49377683333333
147.434,12.304747907888709,35.09300665552562,40.454635241456316,219.06488086631566,2026-06-25 04:23:48.233511,NaN,NaN,NaN,-34.63892533333333,17.49377683333333
147.67355555555557,12.298880040580949,35.0925980751941,40.44838198380864,219.02319453685766,2026-06-25 04:23:47.698928,NaN,NaN,NaN,-34.63892533333333,17.49377683333333
147.91344444444445,12.295816241316823,35.09238997871108,40.445249470225335,218.8313860149913,2026-06-25 04:23:47.454547,NaN,NaN,NaN,-34.63892533333333,17.49377683333333
148.10316666666665,12.290694451589687,35.09197651671253,40.439974670789326,218.8738999219627,2026-06-25 04:23:47.012996,NaN,NaN,NaN,-34.63892533333333,17.49377683333333
148.25675,12.287019190615155,35.091689506710374,40.435841790247466,218.89561058099898,2026-06-25 04:23:46.733902,NaN,NaN,NaN,-34.63892533333333,17.49377683333333
148.4735,12.281816883880339,35.09134592092077,40.43045082421854,218.94278428531808,2026-06-25 04:23:46.446477,NaN,NaN,NaN,-34.63892533333333,17.49377683333333
148.70633333333333,12.275168735783824,35.09077546495564,40.42357729785526,218.91297500971982,2026-06-25 04:23:46.010479,NaN,NaN,NaN,-34.63892533333333,17.49377683333333
148.85899999999998,12.271069821167712,35.09025730535991,40.419079555065,218.78423486935537,2026-06-25 04:23:45.659182,NaN,NaN,NaN,-34.63892533333333,17.49377683333333
149.05075,12.27037346803321,35.09014007035695,40.41814327271376,218.73596670852376,2026-06-25 04:23:45.584202,NaN,NaN,NaN,-34.63892533333333,17.49377683333333
149.2660833333333,12.266476349740643,35.08934213360616,40.41390626293859,218.7561597490632,2026-06-25 04:23:45.121822,NaN,NaN,NaN,-34.63892533333333,17.49377683333333
149.4508,12.261202551274843,35.08836327406576,40.40843474486037,218.80916082700438,2026-06-25 04:23:44.621952,NaN,NaN,NaN,-34.63892533333333,17.49377683333333
149.69033333333334,12.259151320848796,35.087925572126565,40.406508649266115,218.8132876417688,2026-06-25 04:23:44.422004,NaN,NaN,NaN,-34.63892533333333,17.49377683333333
149.90742857142854,12.254850644611798,35.08683913450146,40.40231928342706,218.77772554669832,2026-06-25 04:23:43.957840,NaN,NaN,NaN,-34.63892533333333,17.49377683333333
150.112125,12.252395287286696,35.08631243634905,40.399502504346316,218.57026054100427,2026-06-25 04:23:43.747180,NaN,NaN,NaN,-34.63892533333333,17.49377683333333
150.27620000000002,12.246317010621405,35.08536155640114,40.392672762774275,218.62693283300257,2026-06-25 04:23:43.382275,NaN,NaN,NaN,-34.63892533333333,17.49377683333333
150.5112,12.240726228861277,35.08455782961646,40.386646998088935,218.68892946069369,2026-06-25 04:23:43.082354,NaN,NaN,NaN,-34.63892533333333,17.49377683333333
150.67583333333334,12.236802074043373,35.084183680149586,40.38266880394342,218.7473824038821,2026-06-25 04:23:42.947389,NaN,NaN,NaN,-34.63892533333333,17.49377683333333
150.86499999999998,12.220345068263304,35.08268324287982,40.36479002511582,218.74514752329407,2026-06-25 04:23:42.413437,NaN,NaN,NaN,-34.63892533333333,17.49377683333333
151.06975,12.208569275156492,35.08158439727163,40.35207186498899,218.61183065412587,2026-06-25 04:23:42.022630,NaN,NaN,NaN,-34.63892533333333,17.49377683333333
151.29760000000002,12.201475036270441,35.08103099323225,40.34499099044639,218.57672627565276,2026-06-25 04:23:41.822682,NaN,NaN,NaN,-34.63892533333333,17.49377683333333
151.4782857142857,12.188736838508008,35.08021804635891,40.33192030533571,218.55455551629157,2026-06-25 04:23:41.522760,NaN,NaN,NaN,-34.63892533333333,17.49377683333333
151.72933333333333,12.170358887776137,35.079279391940105,40.311065644909085,218.64322617347432,2026-06-25 04:23:41.164520,NaN,NaN,NaN,-34.63892533333333,17.49377683333333
151.926,12.161779010186814,35.078765518182145,40.30175443737383,218.73299123184222,2026-06-25 04:23:40.952909,NaN,NaN,NaN,-34.63892533333333,17.49377683333333
152.13611111111112,12.14983796340841,35.07780493264984,40.288206512841825,218.746440699881,2026-06-25 04:23:40.550791,NaN,NaN,NaN,-34.63892533333333,17.49377683333333
152.2792,12.14687517825627,35.077305749258294,40.28430558083828,218.5182257609593,2026-06-25 04:23:40.333070,NaN,NaN,NaN,-34.63892533333333,17.49377683333333
152.47433333333333,12.144351973371288,35.07638186472855,40.28277089646297,218.5337176397747,2026-06-25 04:23:39.898184,NaN,NaN,NaN,-34.63892533333333,17.49377683333333
152.69944444444442,12.143315702039438,35.075677480054125,40.28212487288701,218.54323183692892,2026-06-25 04:23:39.551052,NaN,NaN,NaN,-34.63892533333333,17.49377683333333
152.935375,12.142299104817853,35.07482491873735,40.28176848083172,218.5587481260717,2026-06-25 04:23:39.123386,NaN,NaN,NaN,-34.63892533333333,17.49377683333333
153.0705714285714,12.140856085634882,35.0741530587983,40.27993398704974,218.5752402069637,2026-06-25 04:23:38.794900,NaN,NaN,NaN,-34.63892533333333,17.49377683333333
153.2458,12.139783769220031,35.07367178809338,40.27857820713986,218.58790830581017,2026-06-25 04:23:38.563532,NaN,NaN,NaN,-34.63892533333333,17.49377683333333
153.52111111111108,12.136494751976588,35.07253696105015,40.275035202045586,218.61184877518878,2026-06-25 04:23:38.068105,NaN,NaN,NaN,-34.63892533333333,17.49377683333333
153.65625,12.13465651296252,35.07196800773969,40.27309642001259,218.63154140559504,2026-06-25 04:23:37.836221,NaN,NaN,NaN,-34.63892533333333,17.49377683333333
153.8743636363636,12.129575127484204,35.07091350211937,40.26719898371948,218.8429527361008,2026-06-25 04:23:37.455639,NaN,NaN,NaN,-34.63892533333333,17.49377683333333
154.129,12.123309096233895,35.06991942326107,40.26164588805449,219.05337405471113,2026-06-25 04:23:37.123907,NaN,NaN,NaN,-34.63892533333333,17.49377683333333
154.2897142857143,12.113856710206477,35.069243074483815,40.25094632707583,219.14004191393747,2026-06-25 04:23:36.923959,NaN,NaN,NaN,-34.63892533333333,17.49377683333333
154.48725,12.098298278913845,35.06831413586852,40.23195983397929,219.19952807949036,2026-06-25 04:23:36.661527,NaN,NaN,NaN,-34.63892533333333,17.49377683333333
154.72583333333333,12.084092618477293,35.06702878896776,40.216777933733084,219.33264792011977,2026-06-25 04:23:36.332446,NaN,NaN,NaN,-34.63892533333333,17.49377683333333
154.90683333333334,12.079244665840159,35.06628207448313,40.2125149154537,219.3842819881607,2026-06-25 04:23:36.149161,NaN,NaN,NaN,-34.63892533333333,17.49377683333333
155.11614285714285,12.073293107262161,35.06437558972659,40.20491558444898,219.15490059595066,2026-06-25 04:23:35.717131,NaN,NaN,NaN,-34.63892533333333,17.49377683333333
155.24625,12.07051683595965,35.063537815450466,40.20121941785817,219.44877435109464,2026-06-25 04:23:35.536820,NaN,NaN,NaN,-34.63892533333333,17.49377683333333
155.47314285714285,12.065568444101773,35.062163700500115,40.196249937350686,219.57253681830517,2026-06-25 04:23:35.252966,NaN,NaN,NaN,-34.63892533333333,17.49377683333333
155.7476,12.051826012246808,35.05996719762797,40.182916634027364,219.64108484986872,2026-06-25 04:23:34.814509,NaN,NaN,NaN,-34.63892533333333,17.49377683333333
155.90566666666663,12.047224293778863,35.05946413195005,40.17820908751551,219.76454847288292,2026-06-25 04:23:34.716201,NaN,NaN,NaN,-34.63892533333333,17.49377683333333
156.0968,12.023117993762767,35.057793295612356,40.15047091700531,219.82548542721716,2026-06-25 04:23:34.394618,NaN,NaN,NaN,-34.63892533333333,17.49377683333333
156.2986,12.00515459663133,35.056644253222196,40.12978442735661,220.0179016315986,2026-06-25 04:23:34.174676,NaN,NaN,NaN,-34.63892533333333,17.49377683333333
156.45499999999998,11.982766884380137,35.0545923925349,40.10501990187952,219.9128726506295,2026-06-25 04:23:33.781921,NaN,NaN,NaN,-34.63892533333333,17.49377683333333
156.66833333333332,11.978150472954978,35.053606421993265,40.099908937765235,220.055375106869,2026-06-25 04:23:33.591494,NaN,NaN,NaN,-34.63892533333333,17.49377683333333
156.8847,11.973445755144636,35.051775974422775,40.09507238013001,219.98986197495168,2026-06-25 04:23:33.229922,NaN,NaN,NaN,-34.63892533333333,17.49377683333333
157.05259999999998,11.968130804928633,35.050312869621926,40.08988436974617,220.18015539803844,2026-06-25 04:23:32.934999,NaN,NaN,NaN,-34.63892533333333,17.49377683333333
157.22225,11.95872184756475,35.04883290709873,40.07967388235166,220.33795204955172,2026-06-25 04:23:32.625079,NaN,NaN,NaN,-34.63892533333333,17.49377683333333
157.507,11.951327305414688,35.047816421366086,40.07081421496302,220.5032285630758,2026-06-25 04:23:32.405137,NaN,NaN,NaN,-34.63892533333333,17.49377683333333
157.67933333333335,11.946383587344833,35.04693592310486,40.0647004749563,220.25030499764114,2026-06-25 04:23:32.208521,NaN,NaN,NaN,-34.63892533333333,17.49377683333333
157.90175,11.940097032688282,35.045554255568014,40.05776828605164,220.28508112462984,2026-06-25 04:23:31.887772,NaN,NaN,NaN,-34.63892533333333,17.49377683333333
158.068125,11.936256813649887,35.04425014610429,40.05507677666092,220.32352923897898,2026-06-25 04:23:31.562856,NaN,NaN,NaN,-34.63892533333333,17.49377683333333
158.308,11.934247838666446,35.043180250974885,40.05429354569544,220.61920664233986,2026-06-25 04:23:31.285429,NaN,NaN,NaN,-34.63892533333333,17.49377683333333
158.5171428571429,11.927296058199573,35.04199611267518,40.04692203974199,220.74628444630176,2026-06-25 04:23:30.954086,NaN,NaN,NaN,-34.63892533333333,17.49377683333333
158.70375,11.920003559766366,35.04133740459815,40.038676649251244,220.95675089020105,2026-06-25 04:23:30.763065,NaN,NaN,NaN,-34.63892533333333,17.49377683333333
158.92642857142854,11.89884388692612,35.04025285177997,40.01422525740734,220.9318967514667,2026-06-25 04:23:30.425653,NaN,NaN,NaN,-34.63892533333333,17.49377683333333
159.1345,11.88757189536156,35.03971009671411,40.00136377674981,221.06435487033957,2026-06-25 04:23:30.250698,NaN,NaN,NaN,-34.63892533333333,17.49377683333333
159.2998,11.881437087569516,35.03887123369019,39.994361145295294,220.9991490226196,2026-06-25 04:23:29.955775,NaN,NaN,NaN,-34.63892533333333,17.49377683333333
159.52455555555557,11.879232138845962,35.03814317180559,39.991624399341674,221.12746927114011,2026-06-25 04:23:29.686956,NaN,NaN,NaN,-34.63892533333333,17.49377683333333
159.74033333333333,11.877447159860692,35.03724002922376,39.98932160499327,221.1313790348756,2026-06-25 04:23:29.325939,NaN,NaN,NaN,-34.63892533333333,17.49377683333333
159.91166666666666,11.877096339774134,35.03722491553819,39.98907875541514,221.1443049725002,2026-06-25 04:23:29.325939,NaN,NaN,NaN,-34.63892533333333,17.49377683333333
160.113,11.87396671839094,35.03627956532828,39.98581845587472,220.92280158103108,2026-06-25 04:23:28.917712,NaN,NaN,NaN,-34.63892533333333,17.49377683333333
160.3028,11.871357648172856,35.03569166394581,39.98313348948502,220.94071874737017,2026-06-25 04:23:28.641118,NaN,NaN,NaN,-34.63892533333333,17.49377683333333
160.492,11.86830831860011,35.03498251391818,39.97999324265249,221.23007907106944,2026-06-25 04:23:28.301207,NaN,NaN,NaN,-34.63892533333333,17.49377683333333
160.676,11.866809306854284,35.03441642537201,39.97844590709916,221.23994918556045,2026-06-25 04:23:28.011996,NaN,NaN,NaN,-34.63892533333333,17.49377683333333
160.888875,11.86545029753843,35.03395085723569,39.97705491786557,221.24148705695958,2026-06-25 04:23:27.770095,NaN,NaN,NaN,-34.63892533333333,17.49377683333333
161.1146666666667,11.861122460582841,35.03306956698117,39.97245413577569,221.29908425988526,2026-06-25 04:23:27.301467,NaN,NaN,NaN,-34.63892533333333,17.49377683333333
161.2432,11.858002404682498,35.03270627068248,39.96905883359116,221.6459580816518,2026-06-25 04:23:27.106518,NaN,NaN,NaN,-34.63892533333333,17.49377683333333
161.4916,11.84962264726637,35.03218024703146,39.95995613987985,221.73592246317364,2026-06-25 04:23:26.826591,NaN,NaN,NaN,-34.63892533333333,17.49377683333333
161.66860000000003,11.842175920409712,35.03172540505284,39.95176257973026,221.8794629022341,2026-06-25 04:23:26.586653,NaN,NaN,NaN,-34.63892533333333,17.49377683333333
161.895125,11.835481040305812,35.031111536022706,39.94385607339845,221.84273586940293,2026-06-25 04:23:26.270486,NaN,NaN,NaN,-34.63892533333333,17.49377683333333
162.13325,11.830646062001795,35.03019803710043,39.93803761329276,221.87949325015515,2026-06-25 04:23:25.814355,NaN,NaN,NaN,-34.63892533333333,17.49377683333333
162.29414285714284,11.830575813718406,35.030070399773756,39.93831157131139,221.8809819663045,2026-06-25 04:23:25.755442,NaN,NaN,NaN,-34.63892533333333,17.49377683333333
162.53116666666668,11.82846050753801,35.02916662870464,39.937177722294315,221.89912844184033,2026-06-25 04:23:25.326982,NaN,NaN,NaN,-34.63892533333333,17.49377683333333
162.67366666666666,11.828058021692136,35.02880287670692,39.93703305612317,221.89919187197611,2026-06-25 04:23:25.160359,NaN,NaN,NaN,-34.63892533333333,17.49377683333333
162.8926,11.827058471633856,35.02792192603338,39.93592107198138,221.91403889629797,2026-06-25 04:23:24.767128,NaN,NaN,NaN,-34.63892533333333,17.49377683333333
163.09514285714286,11.826846092663109,35.02776420989589,39.93582293402111,221.9191838649101,2026-06-25 04:23:24.698574,NaN,NaN,NaN,-34.63892533333333,17.49377683333333
163.29142857142855,11.821477900504453,35.026961162366,39.92997869309712,222.0470942192632,2026-06-25 04:23:24.348665,NaN,NaN,NaN,-34.63892533333333,17.49377683333333
163.51766666666666,11.808559011335555,35.026059689992756,39.91568835868966,222.3785455583321,2026-06-25 04:23:23.960671,NaN,NaN,NaN,-34.63892533333333,17.49377683333333
163.7456666666667,11.803611241726195,35.02573060530034,39.910112300706466,222.12696410686988,2026-06-25 04:23:23.819042,NaN,NaN,NaN,-34.63892533333333,17.49377683333333
163.91314285714287,11.79778256700948,35.02489700902011,39.90377174880548,222.16912272291086,2026-06-25 04:23:23.456041,NaN,NaN,NaN,-34.63892533333333,17.49377683333333
164.10250000000002,11.796041328834336,35.024466470654076,39.90145693444402,222.1780342391221,2026-06-25 04:23:23.265019,NaN,NaN,NaN,-34.63892533333333,17.49377683333333
164.279,11.78740415507351,35.02365093428553,39.891515629688826,222.2910886598493,2026-06-25 04:23:22.890117,NaN,NaN,NaN,-34.63892533333333,17.49377683333333
164.49766666666667,11.77858916384182,35.023107810707096,39.88182751375731,222.34922282300772,2026-06-25 04:23:22.627685,NaN,NaN,NaN,-34.63892533333333,17.49377683333333
164.68566666666666,11.774235179225068,35.022779534971576,39.87742148178214,222.37892829991438,2026-06-25 04:23:22.461062,NaN,NaN,NaN,-34.63892533333333,17.49377683333333
164.9265,11.770964539747522,35.0223294705675,39.874335679157234,222.3997644236043,2026-06-25 04:23:22.219458,NaN,NaN,NaN,-34.63892533333333,17.49377683333333
165.10139999999998,11.769562015489868,35.021921412063726,39.87313290779083,222.4178489891923,2026-06-25 04:23:21.987852,NaN,NaN,NaN,-34.63892533333333,17.49377683333333
165.30566666666667,11.7673916583119,35.021452674929606,39.87113940703451,222.44978080343947,2026-06-25 04:23:21.694595,NaN,NaN,NaN,-34.63892533333333,17.49377683333333
165.493,11.76698783518934,35.02130240761352,39.87079055326197,222.44175142557265,2026-06-25 04:23:21.602953,NaN,NaN,NaN,-34.63892533333333,17.49377683333333
165.69549999999998,11.764762674027853,35.02108882694802,39.86870164081646,222.4668755134777,2026-06-25 04:23:21.452992,NaN,NaN,NaN,-34.63892533333333,17.49377683333333
165.89185714285713,11.758853376232155,35.02067459335205,39.86309904683185,222.50879862700702,2026-06-25 04:23:21.135217,NaN,NaN,NaN,-34.63892533333333,17.49377683333333
166.06116666666668,11.754991393286502,35.020379051299564,39.85896736240072,222.32247886835452,2026-06-25 04:23:20.878141,NaN,NaN,NaN,-34.63892533333333,17.49377683333333
166.304,11.751288926831965,35.0200032589417,39.85445241631593,222.58532162336687,2026-06-25 04:23:20.378272,NaN,NaN,NaN,-34.63892533333333,17.49377683333333
166.47062499999998,11.751953581686035,35.01987966772376,39.85523809884726,222.42062701117587,2026-06-25 04:23:20.509488,NaN,NaN,NaN,-34.63892533333333,17.49377683333333
166.72542857142858,11.75064179310934,35.019594565203015,39.85340488741152,222.5892050160386,2026-06-25 04:23:20.028363,NaN,NaN,NaN,-34.63892533333333,17.49377683333333
166.881,11.75072067789514,35.01951308984223,39.85325274190442,222.5914075309605,2026-06-25 04:23:19.911727,NaN,NaN,NaN,-34.63892533333333,17.49377683333333
167.0375,11.750011716601321,35.019279740845896,39.85234900083616,222.51690053281226,2026-06-25 04:23:19.595143,NaN,NaN,NaN,-34.63892533333333,17.49377683333333
167.20749999999998,11.749352888597747,35.019180722533605,39.851830728068656,222.60990830839393,2026-06-25 04:23:19.453513,NaN,NaN,NaN,-34.63892533333333,17.49377683333333
167.504625,11.747667970955467,35.018975681127756,39.850460579962004,222.54561912271748,2026-06-25 04:23:19.159839,NaN,NaN,NaN,-34.63892533333333,17.49377683333333
167.7095,11.746485821841913,35.01873465602259,39.84864579275079,222.63607006851325,2026-06-25 04:23:18.828676,NaN,NaN,NaN,-34.63892533333333,17.49377683333333
167.902,11.745605648838582,35.0186369013056,39.84775755386439,222.64279199967936,2026-06-25 04:23:18.708707,NaN,NaN,NaN,-34.63892533333333,17.49377683333333
168.12619999999998,11.744165547996136,35.01840307262739,39.846277510310514,222.6630006738956,2026-06-25 04:23:18.438777,NaN,NaN,NaN,-34.63892533333333,17.49377683333333
168.3012,11.743118861780152,35.01827235422312,39.8453070498399,222.67735693515894,2026-06-25 04:23:18.288816,NaN,NaN,NaN,-34.63892533333333,17.49377683333333
168.52575000000002,11.742650707194809,35.01803739458177,39.84497498170826,222.67778463509643,2026-06-25 04:23:18.053878,NaN,NaN,NaN,-34.63892533333333,17.49377683333333
168.73833333333332,11.742321778408142,35.01767515976866,39.845362940939125,222.67390520493825,2026-06-25 04:23:17.737293,NaN,NaN,NaN,-34.63892533333333,17.49377683333333
168.90479999999997,11.74137226897735,35.01733652337711,39.845331030058915,222.4609289171425,2026-06-25 04:23:17.429040,NaN,NaN,NaN,-34.63892533333333,17.49377683333333
169.048,11.741584928459556,35.01727071529442,39.845366163227084,222.53370840320125,2026-06-25 04:23:17.479027,NaN,NaN,NaN,-34.63892533333333,17.49377683333333
169.28820000000002,11.740656844676376,35.016729646542196,39.84527155589493,222.6791158740933,2026-06-25 04:23:17.069134,NaN,NaN,NaN,-34.63892533333333,17.49377683333333
169.51475,11.739336745959244,35.016492847801835,39.84448789719787,222.71185118426604,2026-06-25 04:23:16.929171,NaN,NaN,NaN,-34.63892533333333,17.49377683333333
169.71775000000002,11.734710544676243,35.01588426986574,39.840126221344576,222.4933181482377,2026-06-25 04:23:16.566765,NaN,NaN,NaN,-34.63892533333333,17.49377683333333
169.83183333333332,11.73529464122584,35.015854607863275,39.84102192577412,222.75889157185497,2026-06-25 04:23:16.579262,NaN,NaN,NaN,-34.63892533333333,17.49377683333333
170.08466666666666,11.727347274437355,35.015121326525396,39.83128480907187,222.5039052407035,2026-06-25 04:23:16.179366,NaN,NaN,NaN,-34.63892533333333,17.49377683333333
170.247,11.722871171417125,35.01476406759724,39.826433157061714,222.56266169475128,2026-06-25 04:23:16.000841,NaN,NaN,NaN,-34.63892533333333,17.49377683333333
170.50975,11.71399198435321,35.01416247651383,39.81713524361967,222.62972459094766,2026-06-25 04:23:15.704490,NaN,NaN,NaN,-34.63892533333333,17.49377683333333
170.68016666666668,11.704258309947681,35.01365095579007,39.80530682604799,222.69388555496374,2026-06-25 04:23:15.454555,NaN,NaN,NaN,-34.63892533333333,17.49377683333333
170.90100000000004,11.692467592216948,35.01299519265542,39.79141034791302,222.80961124543376,2026-06-25 04:23:15.129640,NaN,NaN,NaN,-34.63892533333333,17.49377683333333
171.095,11.687755280821845,35.012537754779544,39.786375169189796,222.84041684740166,2026-06-25 04:23:14.896367,NaN,NaN,NaN,-34.63892533333333,17.49377683333333
171.29125,11.686363556940881,35.012335928021194,39.785000658447544,222.85718106523905,2026-06-25 04:23:14.792228,NaN,NaN,NaN,-34.63892533333333,17.49377683333333
171.512875,11.684117228813246,35.011693055713764,39.7829439945965,222.87522646786655,2026-06-25 04:23:14.442319,NaN,NaN,NaN,-34.63892533333333,17.49377683333333
171.707,11.683324595709525,35.011402850713,39.78205140242001,222.88667788841477,2026-06-25 04:23:14.279861,NaN,NaN,NaN,-34.63892533333333,17.49377683333333
171.89166666666665,11.674532952545283,35.01093204772247,39.77250228518384,222.6470628657427,2026-06-25 04:23:13.996602,NaN,NaN,NaN,-34.63892533333333,17.49377683333333
172.07725,11.67429028986289,35.01088125061197,39.772406383033854,222.6771959929576,2026-06-25 04:23:13.967443,NaN,NaN,NaN,-34.63892533333333,17.49377683333333
172.27728571428568,11.65691020728535,35.01030957973594,39.75228035980247,222.80844340506437,2026-06-25 04:23:13.601467,NaN,NaN,NaN,-34.63892533333333,17.49377683333333
172.52749999999997,11.648726234080867,35.009899746310026,39.742803554407494,222.86077970867703,2026-06-25 04:23:13.330109,NaN,NaN,NaN,-34.63892533333333,17.49377683333333
172.69825,11.649545314353182,35.009806041323316,39.74416510806475,222.8588356279754,2026-06-25 04:23:13.267625,NaN,NaN,NaN,-34.63892533333333,17.49377683333333
172.87062500000002,11.646762279740155,35.00940354657694,39.74161549456676,222.87766253214187,2026-06-25 04:23:12.998945,NaN,NaN,NaN,-34.63892533333333,17.49377683333333
173.152,11.645780026634345,35.00872529532468,39.74181572335756,222.89495143404204,2026-06-25 04:23:12.570307,NaN,NaN,NaN,-34.63892533333333,17.49377683333333
173.26999999999998,11.645429936853006,35.00860839542062,39.74150936160817,222.57723828266458,2026-06-25 04:23:12.496993,NaN,NaN,NaN,-34.63892533333333,17.49377683333333
173.51733333333334,11.650449883933675,35.007869241443714,39.74922349387118,222.74466663563388,2026-06-25 04:23:12.080435,NaN,NaN,NaN,-34.63892533333333,17.49377683333333
173.723,11.650008495223016,35.007838362988736,39.74840199920214,222.848662754583,2026-06-25 04:23:12.101858,NaN,NaN,NaN,-34.63892533333333,17.49377683333333
173.89499999999998,11.653871851901911,35.00722293451449,39.75281510717559,222.8335405750105,2026-06-25 04:23:11.793010,NaN,NaN,NaN,-34.63892533333333,17.49377683333333
174.10160000000002,11.655125871672837,35.006617380820146,39.754023006964374,222.8311295520087,2026-06-25 04:23:11.540575,NaN,NaN,NaN,-34.63892533333333,17.49377683333333
174.27949999999998,11.655441120391696,35.00584328432819,39.75527734934022,222.66566487663903,2026-06-25 04:23:11.255650,NaN,NaN,NaN,-34.63892533333333,17.49377683333333
174.44099999999997,11.655082715642774,35.005617065291176,39.75563559452116,222.50964658326063,2026-06-25 04:23:11.180669,NaN,NaN,NaN,-34.63892533333333,17.49377683333333
174.67666666666665,11.653740299923221,35.00505960189826,39.75557001466535,222.85322614685137,2026-06-25 04:23:11.005715,NaN,NaN,NaN,-34.63892533333333,17.49377683333333
174.899,11.651504672033383,35.0041502730945,39.75371502609111,222.86772698907578,2026-06-25 04:23:10.730786,NaN,NaN,NaN,-34.63892533333333,17.49377683333333
175.158,11.649506068579212,35.00354482581777,39.75057192128185,222.89070486771462,2026-06-25 04:23:10.564163,NaN,NaN,NaN,-34.63892533333333,17.49377683333333
175.2645,11.646617146158299,35.00279530632824,39.7470486806587,222.92530925430302,2026-06-25 04:23:10.368381,NaN,NaN,NaN,-34.63892533333333,17.49377683333333
175.48425,11.644016278386847,35.002144114384066,39.74508801490454,222.95416404893854,2026-06-25 04:23:10.205923,NaN,NaN,NaN,-34.63892533333333,17.49377683333333
175.7023333333333,11.640323209650093,35.001264460383645,39.742518737615065,222.98964727387227,2026-06-25 04:23:09.989313,NaN,NaN,NaN,-34.63892533333333,17.49377683333333
175.829,11.630764461488711,35.00007415341369,39.731296359560446,223.07379766586877,2026-06-25 04:23:09.706054,NaN,NaN,NaN,-34.63892533333333,17.49377683333333
176.133,11.618673323335559,34.99933455248508,39.716575208452504,223.16492058706066,2026-06-25 04:23:09.531099,NaN,NaN,NaN,-34.63892533333333,17.49377683333333
176.37299999999996,11.594979464289631,34.998089831936035,39.6888334030693,223.19594862975242,2026-06-25 04:23:09.231177,NaN,NaN,NaN,-34.63892533333333,17.49377683333333
176.50116666666668,11.584005658122365,34.997541777033994,39.676350444586284,223.1259746040437,2026-06-25 04:23:09.097879,NaN,NaN,NaN,-34.63892533333333,17.49377683333333
176.6715,11.565242699975933,34.99650727670094,39.65419625350677,223.31229142135297,2026-06-25 04:23:08.831282,NaN,NaN,NaN,-34.63892533333333,17.49377683333333
176.87075000000002,11.555456340807451,34.995677808394824,39.6437197317916,223.3725552116389,2026-06-25 04:23:08.593843,NaN,NaN,NaN,-34.63892533333333,17.49377683333333
177.07066666666665,11.555207411839087,34.995618404560624,39.64385218015561,223.374413122708,2026-06-25 04:23:08.564684,NaN,NaN,NaN,-34.63892533333333,17.49377683333333
177.25075,11.550774394424053,34.99518170242784,39.63925769352838,223.73078091910443,2026-06-25 04:23:08.443883,NaN,NaN,NaN,-34.63892533333333,17.49377683333333
177.5342,11.538175234649028,34.994238491794036,39.627014848740245,223.54531275845096,2026-06-25 04:23:08.101472,NaN,NaN,NaN,-34.63892533333333,17.49377683333333
177.6386666666667,11.532472866514533,34.994008566002,39.62052040261139,223.56830587937853,2026-06-25 04:23:07.998165,NaN,NaN,NaN,-34.63892533333333,17.49377683333333
177.9085,11.512865563634573,34.99343423025589,39.59704304645639,223.7004418332408,2026-06-25 04:23:07.681581,NaN,NaN,NaN,-34.63892533333333,17.49377683333333
178.09214285714282,11.503724755164805,34.9932336747031,39.58618505222263,223.52715921494112,2026-06-25 04:23:07.503056,NaN,NaN,NaN,-34.63892533333333,17.49377683333333
178.36399999999998,11.494766501198221,34.9930440952278,39.57606143588485,223.73724749972934,2026-06-25 04:23:07.256692,NaN,NaN,NaN,-34.63892533333333,17.49377683333333
178.566,11.492596006453205,34.9930440952278,39.574928107559124,223.58668974617325,2026-06-25 04:23:06.981764,NaN,NaN,NaN,-34.63892533333333,17.49377683333333
178.68019999999999,11.493144980660556,34.9930440952278,39.57513799014846,223.5825239148166,2026-06-25 04:23:07.061743,NaN,NaN,NaN,-34.63892533333333,17.49377683333333
178.91166666666666,11.493910733019126,34.993114558767566,39.57763775670376,223.56085786140324,2026-06-25 04:23:06.790147,NaN,NaN,NaN,-34.63892533333333,17.49377683333333
179.07049999999998,11.496683468935874,34.99336132756697,39.582573580252856,223.23803548660882,2026-06-25 04:23:06.506887,NaN,NaN,NaN,-34.63892533333333,17.49377683333333
179.3126,11.49920625999207,34.99352948024681,39.586193235121264,223.2316905496853,2026-06-25 04:23:06.381920,NaN,NaN,NaN,-34.63892533333333,17.49377683333333
179.47566666666663,11.505000937467779,34.99389403135371,39.594223274929355,222.91920551491253,2026-06-25 04:23:06.148648,NaN,NaN,NaN,-34.63892533333333,17.49377683333333
179.6848,11.509128170000315,34.994148108819125,39.59975403557571,223.12482408046756,2026-06-25 04:23:06.002019,NaN,NaN,NaN,-34.63892533333333,17.49377683333333
179.90199999999996,11.514779094111711,34.994535648938324,39.60725012215222,223.07258958435952,2026-06-25 04:23:05.798739,NaN,NaN,NaN,-34.63892533333333,17.49377683333333
180.0716666666667,11.51924325483821,34.99483759842144,39.612530373542455,222.72438765628496,2026-06-25 04:23:05.648778,NaN,NaN,NaN,-34.63892533333333,17.49377683333333
180.3515,11.525860772304164,34.99525642910329,39.62009301130706,222.67655637794542,2026-06-25 04:23:05.444664,NaN,NaN,NaN,-34.63892533333333,17.49377683333333
180.5306,11.536693191866652,34.99577810100687,39.63353209426724,222.55222381561077,2026-06-25 04:23:05.182233,NaN,NaN,NaN,-34.63892533333333,17.49377683333333
180.698,11.545077697458588,34.996107933031794,39.64477698844275,222.4770168899581,2026-06-25 04:23:05.007278,NaN,NaN,NaN,-34.63892533333333,17.49377683333333
180.91424999999998,11.551805512509336,34.99636798917308,39.65411849685804,222.5149604098723,2026-06-25 04:23:04.857317,NaN,NaN,NaN,-34.63892533333333,17.49377683333333
181.07166666666663,11.561679165999935,34.99681809379863,39.66819894586707,222.45628383295198,2026-06-25 04:23:04.565727,NaN,NaN,NaN,-34.63892533333333,17.49377683333333
181.2838,11.561793143162044,34.99691919155895,39.66860418722122,222.62788882492976,2026-06-25 04:23:04.472418,NaN,NaN,NaN,-34.63892533333333,17.49377683333333
181.541,11.56234217812475,34.99723917622757,39.67033490426601,222.72290515944013,2026-06-25 04:23:04.157500,NaN,NaN,NaN,-34.63892533333333,17.49377683333333
181.67200000000003,11.561589169280799,34.99725368980123,39.66944829775538,222.54518303377998,2026-06-25 04:23:04.082519,NaN,NaN,NaN,-34.63892533333333,17.49377683333333
181.91075000000004,11.560738556498709,34.9973102202453,39.668804423389275,222.73435836387316,2026-06-25 04:23:03.932558,NaN,NaN,NaN,-34.63892533333333,17.49377683333333
182.11833333333334,11.556914049921268,34.9973102202453,39.66424458810495,222.77222392357,2026-06-25 04:23:03.682624,NaN,NaN,NaN,-34.63892533333333,17.49377683333333
182.26299999999998,11.547938900237067,34.9973102202453,39.653332252878286,222.74842045286042,2026-06-25 04:23:03.442686,NaN,NaN,NaN,-34.63892533333333,17.49377683333333
182.4706666666667,11.54330521836632,34.997261889727504,39.64802920103186,222.79913714548465,2026-06-25 04:23:03.349377,NaN,NaN,NaN,-34.63892533333333,17.49377683333333
182.68366666666668,11.522205670938968,34.99702870861464,39.6246549694012,222.77949601074894,2026-06-25 04:23:03.049455,NaN,NaN,NaN,-34.63892533333333,17.49377683333333
182.84399999999997,11.521194632018625,34.997022192668574,39.62346800757482,223.04269290166042,2026-06-25 04:23:03.049455,NaN,NaN,NaN,-34.63892533333333,17.49377683333333
183.1112,11.490890773021324,34.99672785416557,39.589147262687256,223.0355832046991,2026-06-25 04:23:02.782858,NaN,NaN,NaN,-34.63892533333333,17.49377683333333
183.29675,11.460599785606965,34.996448016211815,39.55348834895016,223.2791428090445,2026-06-25 04:23:02.570414,NaN,NaN,NaN,-34.63892533333333,17.49377683333333
183.4755,11.435637549104307,34.996177104100305,39.52343782850893,223.19244452421705,2026-06-25 04:23:02.382962,NaN,NaN,NaN,-34.63892533333333,17.49377683333333
183.70499999999996,11.41912175317688,34.995816067373184,39.504157973656596,222.4273096742302,2026-06-25 04:23:02.147310,NaN,NaN,NaN,-34.63892533333333,17.49377683333333
183.8725,11.410890298267235,34.995483522601305,39.49516340544758,222.88219871998422,2026-06-25 04:23:01.895589,NaN,NaN,NaN,-34.63892533333333,17.49377683333333
184.08350000000002,11.409731717250153,34.99542609598921,39.493904851907395,222.5543267131938,2026-06-25 04:23:01.933080,NaN,NaN,NaN,-34.63892533333333,17.49377683333333
184.388,11.41311701569705,34.99509961453038,39.497706361122106,222.68231553513368,2026-06-25 04:23:01.683145,NaN,NaN,NaN,-34.63892533333333,17.49377683333333
184.48933333333335,11.421754574597363,34.99480763331394,39.50836165886371,222.58805869367131,2026-06-25 04:23:01.483197,NaN,NaN,NaN,-34.63892533333333,17.49377683333333
184.6625,11.429403588061998,34.99463312327358,39.51942662727051,222.55411024908267,2026-06-25 04:23:01.358230,NaN,NaN,NaN,-34.63892533333333,17.49377683333333
184.86874999999998,11.442395165108273,34.99438136151167,39.53931499136962,222.08563197794277,2026-06-25 04:23:01.170778,NaN,NaN,NaN,-34.63892533333333,17.49377683333333
185.14950000000002,11.45338025026459,34.99412076637496,39.556593479075296,222.36912114184088,2026-06-25 04:23:00.958334,NaN,NaN,NaN,-34.63892533333333,17.49377683333333
185.37800000000001,11.447254946739443,34.993872662951375,39.54938623830211,222.4447505058406,2026-06-25 04:23:00.700068,NaN,NaN,NaN,-34.63892533333333,17.49377683333333
185.5485,11.45028832737199,34.99384171803364,39.553161277440694,222.41806145030375,2026-06-25 04:23:00.733392,NaN,NaN,NaN,-34.63892533333333,17.49377683333333
185.667,11.437035936531947,34.99367596403552,39.5367788398498,222.5356948031466,2026-06-25 04:23:00.533445,NaN,NaN,NaN,-34.63892533333333,17.49377683333333
185.85799999999998,11.420995948285146,34.993468747286165,39.51995816262527,222.65635767061448,2026-06-25 04:23:00.300172,NaN,NaN,NaN,-34.63892533333333,17.49377683333333
186.029,11.418631895831664,34.993434469954245,39.51778859289202,222.6769345564084,2026-06-25 04:23:00.258516,NaN,NaN,NaN,-34.63892533333333,17.49377683333333
186.30925,11.407512304658532,34.993275864235564,39.506966357407514,222.79109832257396,2026-06-25 04:23:00.058568,NaN,NaN,NaN,-34.63892533333333,17.49377683333333
186.5275,11.399056338852649,34.99316333931708,39.49811809249485,223.1928152913493,2026-06-25 04:22:59.908607,NaN,NaN,NaN,-34.63892533333333,17.49377683333333
186.66833333333332,11.392174976443734,34.9930112927832,39.49224856830353,222.9066905499246,2026-06-25 04:22:59.700328,NaN,NaN,NaN,-34.63892533333333,17.49377683333333
186.8956,11.391248438297865,34.99294691621158,39.49170122215764,223.00019154054874,2026-06-25 04:22:59.613684,NaN,NaN,NaN,-34.63892533333333,17.49377683333333
187.04566666666665,11.390173822669267,34.99280023895172,39.491474815921556,222.91261951813928,2026-06-25 04:22:59.417069,NaN,NaN,NaN,-34.63892533333333,17.49377683333333
187.28300000000002,11.39137940876397,34.992610466620036,39.493067727446245,223.23385855114478,2026-06-25 04:22:59.183796,NaN,NaN,NaN,-34.63892533333333,17.49377683333333
187.49575000000002,11.39184441040678,34.992378362145416,39.493725978882516,223.23262150164894,2026-06-25 04:22:58.933861,NaN,NaN,NaN,-34.63892533333333,17.49377683333333
187.692,11.391857444882666,34.992256336822145,39.49357562258587,223.22909438290245,2026-06-25 04:22:58.817225,NaN,NaN,NaN,-34.63892533333333,17.49377683333333
187.89600000000002,11.39169658718523,34.99207731679384,39.493207211837195,223.24283455115503,2026-06-25 04:22:58.658933,NaN,NaN,NaN,-34.63892533333333,17.49377683333333
188.1115,11.390555793863987,34.99175563336674,39.49246091213707,223.2491671145957,2026-06-25 04:22:58.421495,NaN,NaN,NaN,-34.63892533333333,17.49377683333333
188.27525000000003,11.390478127085558,34.99172323184697,39.492413502609004,223.2498327691467,2026-06-25 04:22:58.396502,NaN,NaN,NaN,-34.63892533333333,17.49377683333333
188.575,11.388618435397472,34.99139400907063,39.49126379690164,223.27939475539807,2026-06-25 04:22:58.184057,NaN,NaN,NaN,-34.63892533333333,17.49377683333333
188.6826,11.385679163171275,34.99108594785305,39.48862318761617,223.29479003660435,2026-06-25 04:22:58.014101,NaN,NaN,NaN,-34.63892533333333,17.49377683333333
188.9384,11.380522848145839,34.990663684039816,39.48257061443701,223.62221793200007,2026-06-25 04:22:57.804156,NaN,NaN,NaN,-34.63892533333333,17.49377683333333
189.1,11.373956821897295,34.99017077044241,39.474478595211906,223.57340815153893,2026-06-25 04:22:57.584213,NaN,NaN,NaN,-34.63892533333333,17.49377683333333
189.27433333333332,11.370567125344024,34.98988029620492,39.47077855595007,223.76483660714922,2026-06-25 04:22:57.467577,NaN,NaN,NaN,-34.63892533333333,17.49377683333333
189.51725,11.365815887660347,34.98942449765567,39.46621786626741,223.8025665656554,2026-06-25 04:22:57.296788,NaN,NaN,NaN,-34.63892533333333,17.49377683333333
189.6865,11.360824499190056,34.98892870170843,39.4616985937241,223.83902376204622,2026-06-25 04:22:57.121834,NaN,NaN,NaN,-34.63892533333333,17.49377683333333
189.9195,11.357549962979519,34.9886005583039,39.458817389823366,223.88122746541328,2026-06-25 04:22:57.009363,NaN,NaN,NaN,-34.63892533333333,17.49377683333333
190.10066666666668,11.35015038900319,34.9879670018736,39.45192718049711,223.95077275236056,2026-06-25 04:22:56.767759,NaN,NaN,NaN,-34.63892533333333,17.49377683333333
190.25650000000002,11.351423579493641,34.987831485127174,39.453158127115124,223.93438028112848,2026-06-25 04:22:56.809415,NaN,NaN,NaN,-34.63892533333333,17.49377683333333
190.4554,11.341186307506026,34.98693328392433,39.442296513707234,224.00519215463436,2026-06-25 04:22:56.504495,NaN,NaN,NaN,-34.63892533333333,17.49377683333333
190.7313333333333,11.335243336249505,34.98644513136802,39.43566435387505,224.41970660875512,2026-06-25 04:22:56.367864,NaN,NaN,NaN,-34.63892533333333,17.49377683333333
190.93474999999998,11.324272219845145,34.98563818591906,39.42360655965321,224.1770471356432,2026-06-25 04:22:56.147088,NaN,NaN,NaN,-34.63892533333333,17.49377683333333
191.03066666666666,11.317008258622495,34.98515458801172,39.41578907486909,224.25753623920835,2026-06-25 04:22:56.017955,NaN,NaN,NaN,-34.63892533333333,17.49377683333333
191.33774999999997,11.302504833198018,34.98426706779681,39.39978886149349,224.3715832015059,2026-06-25 04:22:55.784682,NaN,NaN,NaN,-34.63892533333333,17.49377683333333
191.5045,11.297575675229911,34.98397991602573,39.394175564035905,224.4171923166457,2026-06-25 04:22:55.709702,NaN,NaN,NaN,-34.63892533333333,17.49377683333333
191.6585,11.28666384036427,34.98340368444464,39.3818613396372,224.50726165148663,2026-06-25 04:22:55.559741,NaN,NaN,NaN,-34.63892533333333,17.49377683333333
191.8598,11.27472594352206,34.982733376440024,39.368808433919995,224.29620010340918,2026-06-25 04:22:55.384787,NaN,NaN,NaN,-34.63892533333333,17.49377683333333
192.06324999999998,11.262560021524827,34.981880015292106,39.356032164850745,224.705849866837,2026-06-25 04:22:55.159845,NaN,NaN,NaN,-34.63892533333333,17.49377683333333
192.2825,11.256037514422783,34.98122808960214,39.34943096528946,224.4343823059786,2026-06-25 04:22:54.984891,NaN,NaN,NaN,-34.63892533333333,17.49377683333333
192.538,11.255952512896966,34.98122751245448,39.34937134323513,224.75683752834678,2026-06-25 04:22:54.984891,NaN,NaN,NaN,-34.63892533333333,17.49377683333333
192.693625,11.249635707156987,34.98023656363146,39.34220854113336,224.77868131727297,2026-06-25 04:22:54.709962,NaN,NaN,NaN,-34.63892533333333,17.49377683333333
192.89749999999998,11.245731513902086,34.979367360445835,39.33752967475347,224.68432479902228,2026-06-25 04:22:54.460028,NaN,NaN,NaN,-34.63892533333333,17.49377683333333
193.18900000000002,11.244578447988605,34.9789510312016,39.33621973028853,224.53175912194806,2026-06-25 04:22:54.335060,NaN,NaN,NaN,-34.63892533333333,17.49377683333333
193.27633333333333,11.243654869873396,34.97857474508285,39.335256764131636,224.54294874657145,2026-06-25 04:22:54.218424,NaN,NaN,NaN,-34.63892533333333,17.49377683333333
193.52399999999997,11.24220919053738,34.978038551632466,39.333868755229915,224.55832598243987,2026-06-25 04:22:54.047635,NaN,NaN,NaN,-34.63892533333333,17.49377683333333
193.67759999999998,11.240574225608304,34.97748656882,39.332427932188764,224.5679824810043,2026-06-25 04:22:53.865183,NaN,NaN,NaN,-34.63892533333333,17.49377683333333
193.854,11.23904153205328,34.97682125832274,39.33104989638632,224.59116796272667,2026-06-25 04:22:53.635243,NaN,NaN,NaN,-34.63892533333333,17.49377683333333
194.08375,11.239025274316447,34.9766493134957,39.33087805574941,224.58762378435668,2026-06-25 04:22:53.572759,NaN,NaN,NaN,-34.63892533333333,17.49377683333333
194.32333333333335,11.239210728650832,34.97614124940865,39.33037942959394,224.58960758575085,2026-06-25 04:22:53.385308,NaN,NaN,NaN,-34.63892533333333,17.49377683333333
194.516,11.239182409562888,34.97547088008041,39.3295805390532,224.59757708395284,2026-06-25 04:22:53.125376,NaN,NaN,NaN,-34.63892533333333,17.49377683333333
194.68233333333333,11.238967050488116,34.97537061108858,39.32939248195014,224.6018237746532,2026-06-25 04:22:53.085386,NaN,NaN,NaN,-34.63892533333333,17.49377683333333
194.95,11.235699606157436,34.9746893993344,39.32717341114546,224.6283690788197,2026-06-25 04:22:52.685490,NaN,NaN,NaN,-34.63892533333333,17.49377683333333
195.086,11.236903829763458,34.974688931818186,39.327962387636255,224.9581106986225,2026-06-25 04:22:52.810458,NaN,NaN,NaN,-34.63892533333333,17.49377683333333
195.29700000000003,11.236916000680612,34.974385794793086,39.327950702077814,224.63189303237448,2026-06-25 04:22:52.810458,NaN,NaN,NaN,-34.63892533333333,17.49377683333333
195.48800000000003,11.234116265263284,34.97402378204037,39.32574985827233,224.6493483344711,2026-06-25 04:22:52.535529,NaN,NaN,NaN,-34.63892533333333,17.49377683333333
195.69420000000002,11.23158873042715,34.973636167880166,39.323362299050174,224.66705680211064,2026-06-25 04:22:52.375571,NaN,NaN,NaN,-34.63892533333333,17.49377683333333
195.88125,11.228007595620209,34.973202823123955,39.31989655761738,224.71309899622304,2026-06-25 04:22:52.198117,NaN,NaN,NaN,-34.63892533333333,17.49377683333333
196.161,11.225223247930597,34.972926345908995,39.31717213993846,224.7468282136071,2026-06-25 04:22:52.085647,NaN,NaN,NaN,-34.63892533333333,17.49377683333333
196.282,11.221755777161192,34.97246104181713,39.31382991479372,224.76556998499964,2026-06-25 04:22:51.902361,NaN,NaN,NaN,-34.63892533333333,17.49377683333333
196.4425,11.221000416212505,34.97235520382357,39.31310603798471,224.77599987113044,2026-06-25 04:22:51.860705,NaN,NaN,NaN,-34.63892533333333,17.49377683333333
196.6955,11.219711551881254,34.971960959387374,39.312151848641115,224.783472250573,2026-06-25 04:22:51.710744,NaN,NaN,NaN,-34.63892533333333,17.49377683333333
196.91933333333336,11.218905662874612,34.9716225816044,39.3116921426436,224.88273826682016,2026-06-25 04:22:51.552452,NaN,NaN,NaN,-34.63892533333333,17.49377683333333
197.003,11.219062960432005,34.97152929972925,39.31181423796288,224.79387823760564,2026-06-25 04:22:51.585777,NaN,NaN,NaN,-34.63892533333333,17.49377683333333
197.2915,11.217641349577578,34.970837437667974,39.310418590262465,224.9797650705479,2026-06-25 04:22:51.310848,NaN,NaN,NaN,-34.63892533333333,17.49377683333333
197.5425,11.215827180493578,34.97007712421471,39.30834237151457,225.1586681447083,2026-06-25 04:22:51.060914,NaN,NaN,NaN,-34.63892533333333,17.49377683333333
197.86766666666665,11.214517920507353,34.969513257041825,39.306794974410316,224.90236193060508,2026-06-25 04:22:50.885959,NaN,NaN,NaN,-34.63892533333333,17.49377683333333
198.115,11.213888887240508,34.96917953331563,39.306071466605175,225.1747610078928,2026-06-25 04:22:50.785985,NaN,NaN,NaN,-34.63892533333333,17.49377683333333
198.262,11.211858976537682,34.9683761759734,39.30446700190787,225.09947265429435,2026-06-25 04:22:50.557473,NaN,NaN,NaN,-34.63892533333333,17.49377683333333
198.463,11.209934850613495,34.96781053004397,39.30285211141764,225.11755194771177,2026-06-25 04:22:50.402752,NaN,NaN,NaN,-34.63892533333333,17.49377683333333
198.74475,11.205980033737537,34.96689589139351,39.2995015267233,224.94136142712216,2026-06-25 04:22:50.161148,NaN,NaN,NaN,-34.63892533333333,17.49377683333333
199.04424999999998,11.199818227453537,34.96610203835628,39.293823668402226,224.65829472665385,2026-06-25 04:22:49.961200,NaN,NaN,NaN,-34.63892533333333,17.49377683333333
199.28566666666666,11.188970292618938,34.965387254358006,39.28230380502891,224.43818026972104,2026-06-25 04:22:49.786246,NaN,NaN,NaN,-34.63892533333333,17.49377683333333
199.53475,11.169289219612537,34.96460275373933,39.25977814686584,224.45978924189237,2026-06-25 04:22:49.598795,NaN,NaN,NaN,-34.63892533333333,17.49377683333333
199.67966666666666,11.151231708747138,34.96398385528388,39.23874116861697,223.8593784340292,2026-06-25 04:22:49.452999,NaN,NaN,NaN,-34.63892533333333,17.49377683333333
199.84050000000002,11.134452754474339,34.96337692581359,39.219251735049134,223.8023639649339,2026-06-25 04:22:49.311370,NaN,NaN,NaN,-34.63892533333333,17.49377683333333
200.08350000000002,11.120267053606632,34.96262199915278,39.20297482815707,223.5201022848127,2026-06-25 04:22:49.136415,NaN,NaN,NaN,-34.63892533333333,17.49377683333333
200.3635,11.116065979800023,34.962298100770326,39.19821140139416,223.61817002396972,2026-06-25 04:22:49.061435,NaN,NaN,NaN,-34.63892533333333,17.49377683333333
200.49366666666666,11.110536743610178,34.96154315371165,39.19206076898562,223.49520084931825,2026-06-25 04:22:48.886480,NaN,NaN,NaN,-34.63892533333333,17.49377683333333
200.724,11.10922421377635,34.96058168437267,39.19038637179546,223.50664522085245,2026-06-25 04:22:48.661539,NaN,NaN,NaN,-34.63892533333333,17.49377683333333
200.87825,11.109115525952278,34.96010826134209,39.19016964270607,223.50844364607082,2026-06-25 04:22:48.549068,NaN,NaN,NaN,-34.63892533333333,17.49377683333333
201.1245,11.10804150432162,34.959124077783414,39.189683286931,223.36545012932766,2026-06-25 04:22:48.161669,NaN,NaN,NaN,-34.63892533333333,17.49377683333333
201.28466666666668,11.10844833449716,34.95888446579929,39.18981877892076,223.5226107060979,2026-06-25 04:22:48.253312,NaN,NaN,NaN,-34.63892533333333,17.49377683333333
201.481,11.10861772343663,34.95851533730132,39.18987777377869,223.36359685725728,2026-06-25 04:22:48.311630,NaN,NaN,NaN,-34.63892533333333,17.49377683333333
201.69833333333335,11.10713465431433,34.95782586414375,39.1890841758054,223.48103661881999,2026-06-25 04:22:47.986715,NaN,NaN,NaN,-34.63892533333333,17.49377683333333
201.917,11.106449103489863,34.95734774572455,39.188386088923366,223.2267479659423,2026-06-25 04:22:47.861748,NaN,NaN,NaN,-34.63892533333333,17.49377683333333
202.14600000000002,11.10432988419354,34.95645561257164,39.186034701263125,223.24990963461906,2026-06-25 04:22:47.616811,NaN,NaN,NaN,-34.63892533333333,17.49377683333333
202.26999999999998,11.10427126532877,34.95643689272168,39.18598674642014,223.250823786025,2026-06-25 04:22:47.611813,NaN,NaN,NaN,-34.63892533333333,17.49377683333333
202.49599999999998,11.101668881448543,34.95569710468213,39.183109785783444,223.27298865408346,2026-06-25 04:22:47.399368,NaN,NaN,NaN,-34.63892533333333,17.49377683333333
202.73,11.099010959820912,34.9549977980126,39.17997023694822,223.3020453966161,2026-06-25 04:22:47.186923,NaN,NaN,NaN,-34.63892533333333,17.49377683333333
202.90333333333334,11.098277391512191,34.95473662400349,39.17904385232945,223.30942095573704,2026-06-25 04:22:47.103612,NaN,NaN,NaN,-34.63892533333333,17.49377683333333
203.05433333333335,11.097210543708089,34.954230818392055,39.177662701566454,223.32265925175636,2026-06-25 04:22:46.936989,NaN,NaN,NaN,-34.63892533333333,17.49377683333333
203.29475000000002,11.096539007388328,34.95372771421201,39.17673557806715,223.3301645491581,2026-06-25 04:22:46.762034,NaN,NaN,NaN,-34.63892533333333,17.49377683333333
203.45749999999998,11.095968731221575,34.953249374916425,39.176028074853974,223.33696791522215,2026-06-25 04:22:46.587080,NaN,NaN,NaN,-34.63892533333333,17.49377683333333
203.69566666666665,11.095703221577002,34.953030747755015,39.1757776540596,223.3392333805694,2026-06-25 04:22:46.503768,NaN,NaN,NaN,-34.63892533333333,17.49377683333333
203.975,11.095340185330992,34.95273117744669,39.175523516000055,223.3476691022083,2026-06-25 04:22:46.387132,NaN,NaN,NaN,-34.63892533333333,17.49377683333333
204.09574999999998,11.09487806712863,34.952364234745545,39.17551813986787,223.3594308571684,2026-06-25 04:22:46.237171,NaN,NaN,NaN,-34.63892533333333,17.49377683333333
204.3096666666667,11.094167948365117,34.95192943343746,39.17561676208381,223.3591876589186,2026-06-25 04:22:46.053885,NaN,NaN,NaN,-34.63892533333333,17.49377683333333
204.5016,11.092817499142672,34.95164372510375,39.174468395077966,223.36648189782215,2026-06-25 04:22:45.927252,NaN,NaN,NaN,-34.63892533333333,17.49377683333333
204.872,11.08802868611389,34.951055164216186,39.16864876105949,223.26467634287692,2026-06-25 04:22:45.662321,NaN,NaN,NaN,-34.63892533333333,17.49377683333333
205.082,11.082136305436848,34.950625692127744,39.161047384283236,223.32487638771082,2026-06-25 04:22:45.462373,NaN,NaN,NaN,-34.63892533333333,17.49377683333333
205.25799999999998,11.082079931800687,34.95062546960415,39.16087209082737,223.16134645133715,2026-06-25 04:22:45.462373,NaN,NaN,NaN,-34.63892533333333,17.49377683333333
205.50666666666666,11.075595960763827,34.950110250261105,39.15376803787663,223.22740608562972,2026-06-25 04:22:45.204107,NaN,NaN,NaN,-34.63892533333333,17.49377683333333
205.657,11.076100444418111,34.950075021318334,39.15429686069077,223.2054383855163,2026-06-25 04:22:45.220769,NaN,NaN,NaN,-34.63892533333333,17.49377683333333
205.875,11.072967565277878,34.94971713776565,39.15083139225433,223.24235409337584,2026-06-25 04:22:45.037484,NaN,NaN,NaN,-34.63892533333333,17.49377683333333
206.067,11.072663718211487,34.9494438157688,39.15059508575496,223.09509629742465,2026-06-25 04:22:44.912516,NaN,NaN,NaN,-34.63892533333333,17.49377683333333
206.265,11.07326715470716,34.949166239505196,39.15166533692874,222.91493281467544,2026-06-25 04:22:44.787549,NaN,NaN,NaN,-34.63892533333333,17.49377683333333
206.51874999999998,11.074521707821908,34.94885087643311,39.15386894165313,223.06703548159606,2026-06-25 04:22:44.650085,NaN,NaN,NaN,-34.63892533333333,17.49377683333333
206.702,11.07539281796494,34.94846591354858,39.155410557034664,223.2084989174267,2026-06-25 04:22:44.487627,NaN,NaN,NaN,-34.63892533333333,17.49377683333333
206.942,11.075123769081133,34.94809801346644,39.15516598176855,222.91799082211682,2026-06-25 04:22:44.337666,NaN,NaN,NaN,-34.63892533333333,17.49377683333333
207.083,11.07398732311557,34.94788948179867,39.15391466885486,223.2385500131116,2026-06-25 04:22:44.257687,NaN,NaN,NaN,-34.63892533333333,17.49377683333333
207.28466666666668,11.070312689934868,34.9473031622508,39.1501304593619,223.24927065270066,2026-06-25 04:22:44.037744,NaN,NaN,NaN,-34.63892533333333,17.49377683333333
207.51749999999998,11.065352638916025,34.946722462212634,39.145152126545774,223.01296034653058,2026-06-25 04:22:43.837796,NaN,NaN,NaN,-34.63892533333333,17.49377683333333
207.75039999999998,11.063509819167269,34.94647913221304,39.14330470914638,223.0299106493984,2026-06-25 04:22:43.757817,NaN,NaN,NaN,-34.63892533333333,17.49377683333333
208.08499999999998,11.059998120034312,34.9459455468526,39.13981422161997,223.05583328644795,2026-06-25 04:22:43.587862,NaN,NaN,NaN,-34.63892533333333,17.49377683333333
208.375,11.053571721075068,34.9456142941995,39.134200763385486,223.436716694636,2026-06-25 04:22:43.237953,NaN,NaN,NaN,-34.63892533333333,17.49377683333333
208.447,11.058477071777713,34.94505131244248,39.13850816247895,223.07328993914433,2026-06-25 04:22:43.487888,NaN,NaN,NaN,-34.63892533333333,17.49377683333333
208.6234,11.0555168872149,34.94472768300575,39.13595561558235,223.4006135289088,2026-06-25 04:22:43.327929,NaN,NaN,NaN,-34.63892533333333,17.49377683333333
208.90099999999998,11.047432973316374,34.94415527488929,39.127243395617676,223.18471942905342,2026-06-25 04:22:43.087992,NaN,NaN,NaN,-34.63892533333333,17.49377683333333
209.063,11.041635624169176,34.94375857042951,39.12030289039785,223.23248609103916,2026-06-25 04:22:42.988018,NaN,NaN,NaN,-34.63892533333333,17.49377683333333
209.27120000000005,11.030223618840392,34.94313218115091,39.106981251890836,223.345654674513,2026-06-25 04:22:42.838057,NaN,NaN,NaN,-34.63892533333333,17.49377683333333
209.5445,11.009406375182051,34.94190843204042,39.0844654756466,223.20730050056255,2026-06-25 04:22:42.563129,NaN,NaN,NaN,-34.63892533333333,17.49377683333333
209.72899999999998,11.009822310627104,34.941899362664685,39.08494170273086,223.35410062946028,2026-06-25 04:22:42.563129,NaN,NaN,NaN,-34.63892533333333,17.49377683333333
209.9125,10.995444407982236,34.94082509713359,39.069783445866065,223.4669002998394,2026-06-25 04:22:42.338187,NaN,NaN,NaN,-34.63892533333333,17.49377683333333
210.07899999999998,10.990568315202971,34.940403911037265,39.06425404729645,223.4200769292066,2026-06-25 04:22:42.254876,NaN,NaN,NaN,-34.63892533333333,17.49377683333333
210.3305,10.98089694119993,34.9395341130883,39.052983352542476,223.44249502095164,2026-06-25 04:22:42.088252,NaN,NaN,NaN,-34.63892533333333,17.49377683333333
210.43566666666666,10.97630297245703,34.93908248394646,39.047671902660916,223.46093650366163,2026-06-25 04:22:42.004941,NaN,NaN,NaN,-34.63892533333333,17.49377683333333
210.6585,10.969171185646339,34.93829563413614,39.039698816894884,223.38247294915874,2026-06-25 04:22:41.863311,NaN,NaN,NaN,-34.63892533333333,17.49377683333333
210.8855,10.962263857186965,34.93727940447495,39.03289647259986,223.43691352441772,2026-06-25 04:22:41.688357,NaN,NaN,NaN,-34.63892533333333,17.49377683333333
211.07933333333335,10.961675795789851,34.93717474509397,39.0324065106783,223.2861389135716,2026-06-25 04:22:41.671694,NaN,NaN,NaN,-34.63892533333333,17.49377683333333
211.35119999999998,10.95262255108958,34.93581344535432,39.02387830938663,223.43698086886178,2026-06-25 04:22:41.448419,NaN,NaN,NaN,-34.63892533333333,17.49377683333333
211.441,10.94397166980711,34.934799020983256,39.01500977058098,223.44242623166573,2026-06-25 04:22:41.288461,NaN,NaN,NaN,-34.63892533333333,17.49377683333333
211.73466666666664,10.936722526996116,34.93414302963114,39.00703516439827,223.50713428054522,2026-06-25 04:22:41.188487,NaN,NaN,NaN,-34.63892533333333,17.49377683333333
211.8985,10.92703149038472,34.933306439480575,38.99633995397678,223.6137420924816,2026-06-25 04:22:41.063520,NaN,NaN,NaN,-34.63892533333333,17.49377683333333
212.088,10.92147362438583,34.932794690051026,38.99037946922691,223.65537711196194,2026-06-25 04:22:40.988539,NaN,NaN,NaN,-34.63892533333333,17.49377683333333
212.30124999999998,10.913293418460178,34.93174506831306,38.98217319349331,223.64401462158912,2026-06-25 04:22:40.838578,NaN,NaN,NaN,-34.63892533333333,17.49377683333333
212.50725,10.90825600376977,34.93067020778987,38.97730409710873,223.4271788659893,2026-06-25 04:22:40.688617,NaN,NaN,NaN,-34.63892533333333,17.49377683333333
212.70566666666664,10.904544098717878,34.92894921027264,38.97299864605028,223.45235678902412,2026-06-25 04:22:40.455345,NaN,NaN,NaN,-34.63892533333333,17.49377683333333
212.811,10.903990879621578,34.92844991010301,38.97204495358458,223.7736861262203,2026-06-25 04:22:40.388695,NaN,NaN,NaN,-34.63892533333333,17.49377683333333
213.083,10.903180562009076,34.927808854731026,38.97099504813161,223.467126427946,2026-06-25 04:22:40.305384,NaN,NaN,NaN,-34.63892533333333,17.49377683333333
213.304,10.900766088645442,34.926128309436116,38.968525421522635,223.5017222343283,2026-06-25 04:22:40.088774,NaN,NaN,NaN,-34.63892533333333,17.49377683333333
213.529,10.900710329045355,34.92611879443728,38.96863872192091,223.66636365274405,2026-06-25 04:22:40.088774,NaN,NaN,NaN,-34.63892533333333,17.49377683333333
213.66466666666665,10.89839892492187,34.92466785029236,38.9668552211033,223.62053669030283,2026-06-25 04:22:39.905488,NaN,NaN,NaN,-34.63892533333333,17.49377683333333
213.8985,10.896224111104202,34.923114216822896,38.96486760594517,223.55149168021956,2026-06-25 04:22:39.713871,NaN,NaN,NaN,-34.63892533333333,17.49377683333333
214.055,10.896268329837621,34.92311249250052,38.964874090004415,223.5475024700526,2026-06-25 04:22:39.713871,NaN,NaN,NaN,-34.63892533333333,17.49377683333333
214.28325,10.894512521602973,34.9213595592123,38.962846308855646,223.5731356583903,2026-06-25 04:22:39.501427,NaN,NaN,NaN,-34.63892533333333,17.49377683333333
214.49766666666665,10.892824293375595,34.92000187139739,38.96140925219479,223.90574722634747,2026-06-25 04:22:39.338969,NaN,NaN,NaN,-34.63892533333333,17.49377683333333
214.774,10.889852453879838,34.91958311684898,38.959159890283885,223.9415263455799,2026-06-25 04:22:39.189008,NaN,NaN,NaN,-34.63892533333333,17.49377683333333
214.799,10.892334560738773,34.91873999972279,38.96104373576208,223.92039290335518,2026-06-25 04:22:39.288982,NaN,NaN,NaN,-34.63892533333333,17.49377683333333
215.11399999999998,10.87652124758108,34.917044282995434,38.9462725012534,224.04070507061027,2026-06-25 04:22:38.989060,NaN,NaN,NaN,-34.63892533333333,17.49377683333333
215.25900000000001,10.876720836636746,34.91683297645962,38.94703414866868,224.07034437880426,2026-06-25 04:22:38.964067,NaN,NaN,NaN,-34.63892533333333,17.49377683333333
215.49875000000003,10.847515001432111,34.91481370453739,38.914966422901635,224.3349464313913,2026-06-25 04:22:38.726629,NaN,NaN,NaN,-34.63892533333333,17.49377683333333
215.918,10.809071420848596,34.91269388273449,38.87009167372161,224.7261948958293,2026-06-25 04:22:38.476694,NaN,NaN,NaN,-34.63892533333333,17.49377683333333
216.0975,10.796837245749511,34.91195549757515,38.855664315681395,224.7931490335511,2026-06-25 04:22:38.389217,NaN,NaN,NaN,-34.63892533333333,17.49377683333333
216.275,10.78119614030823,34.91083570074275,38.83713980819747,224.8398325082097,2026-06-25 04:22:38.255918,NaN,NaN,NaN,-34.63892533333333,17.49377683333333
216.43099999999998,10.769889148586678,34.909860270499145,38.8236819200972,224.66960035057403,2026-06-25 04:22:38.139282,NaN,NaN,NaN,-34.63892533333333,17.49377683333333
216.6365,10.76166624387937,34.90882481567584,38.81387309743032,224.73062361206172,2026-06-25 04:22:38.014314,NaN,NaN,NaN,-34.63892533333333,17.49377683333333
217.04840000000004,10.753743220588019,34.907394546922426,38.804931911348646,224.80067693451088,2026-06-25 04:22:37.839360,NaN,NaN,NaN,-34.63892533333333,17.49377683333333
217.2726,10.744201619397666,34.90515445137518,38.79505056005785,224.8783351678802,2026-06-25 04:22:37.559433,NaN,NaN,NaN,-34.63892533333333,17.49377683333333
217.424,10.74202789754662,34.90460532490134,38.792804019959846,224.90733026367266,2026-06-25 04:22:37.489451,NaN,NaN,NaN,-34.63892533333333,17.49377683333333
217.631,10.737389304614021,34.90343779857683,38.78796066853228,224.94779784810984,2026-06-25 04:22:37.339490,NaN,NaN,NaN,-34.63892533333333,17.49377683333333
217.85225000000003,10.73332534221749,34.90248718161505,38.78363533222899,224.98793218409028,2026-06-25 04:22:37.214523,NaN,NaN,NaN,-34.63892533333333,17.49377683333333
218.09425,10.726448045853108,34.90090638380171,38.775741334638454,224.86547802795178,2026-06-25 04:22:37.002078,NaN,NaN,NaN,-34.63892533333333,17.49377683333333
218.3425,10.722779061882012,34.90008637645748,38.771357138660974,224.92109318229075,2026-06-25 04:22:36.889608,NaN,NaN,NaN,-34.63892533333333,17.49377683333333
218.565,10.71946062304516,34.89936874531719,38.76738844979155,225.11415813872134,2026-06-25 04:22:36.789634,NaN,NaN,NaN,-34.63892533333333,17.49377683333333
218.90575,10.714551846247787,34.898318453041384,38.76160520089297,225.17247410366602,2026-06-25 04:22:36.639673,NaN,NaN,NaN,-34.63892533333333,17.49377683333333
219.10459999999998,10.709068320946221,34.89708307500237,38.75520634932598,224.88768261653524,2026-06-25 04:22:36.459720,NaN,NaN,NaN,-34.63892533333333,17.49377683333333
219.235,10.7044254165842,34.895941798445854,38.74988770243835,224.9296508903866,2026-06-25 04:22:36.289764,NaN,NaN,NaN,-34.63892533333333,17.49377683333333
219.51800000000003,10.699751938000459,34.89485791027619,38.745164421005974,225.30192263784372,2026-06-25 04:22:36.106478,NaN,NaN,NaN,-34.63892533333333,17.49377683333333
219.64133333333334,10.700200751902686,34.89474754819559,38.74562909345958,224.96163419618708,2026-06-25 04:22:36.123141,NaN,NaN,NaN,-34.63892533333333,17.49377683333333
219.914,10.694648152869723,34.89337039880418,38.74023424866003,225.34247131347584,2026-06-25 04:22:35.889868,NaN,NaN,NaN,-34.63892533333333,17.49377683333333
220.0605,10.694676581253972,34.893369462165246,38.74023740186284,225.34381999484802,2026-06-25 04:22:35.889868,NaN,NaN,NaN,-34.63892533333333,17.49377683333333
220.225,10.692630611960706,34.8927463836202,38.73806279055361,225.0442207612648,2026-06-25 04:22:35.789894,NaN,NaN,NaN,-34.63892533333333,17.49377683333333
220.48833333333334,10.690698740345715,34.892029380154376,38.73571054820502,225.05891216676287,2026-06-25 04:22:35.673258,NaN,NaN,NaN,-34.63892533333333,17.49377683333333
220.652,10.690140695273202,34.89182457548457,38.735021433923656,225.06905910076875,2026-06-25 04:22:35.639933,NaN,NaN,NaN,-34.63892533333333,17.49377683333333
220.91075,10.688407869399335,34.89076693749464,38.732577571825445,225.08282785269247,2026-06-25 04:22:35.464979,NaN,NaN,NaN,-34.63892533333333,17.49377683333333
221.11450000000002,10.687911996652733,34.889871296827444,38.731780118975195,225.08548698118787,2026-06-25 04:22:35.315018,NaN,NaN,NaN,-34.63892533333333,17.49377683333333
221.214,10.68801267890488,34.889427204482075,38.731970749460146,225.0848473167785,2026-06-25 04:22:35.240038,NaN,NaN,NaN,-34.63892533333333,17.49377683333333
221.44466666666668,10.688506085093147,34.88864325997441,38.73295889006761,225.3177945770089,2026-06-25 04:22:35.106739,NaN,NaN,NaN,-34.63892533333333,17.49377683333333
221.705,10.68884184065199,34.88815583923115,38.73356092882989,225.4057791077846,2026-06-25 04:22:35.023427,NaN,NaN,NaN,-34.63892533333333,17.49377683333333
221.90233333333333,10.689189211328744,34.88679724675422,38.73424699830114,225.0876016416439,2026-06-25 04:22:34.790155,NaN,NaN,NaN,-34.63892533333333,17.49377683333333
222.078,10.68924029605906,34.88650669481221,38.734311251619374,225.09546488370194,2026-06-25 04:22:34.740168,NaN,NaN,NaN,-34.63892533333333,17.49377683333333
222.31375000000003,10.68830471180804,34.88549239881748,38.73345371745121,225.17587357979843,2026-06-25 04:22:34.565213,NaN,NaN,NaN,-34.63892533333333,17.49377683333333
222.747,10.686546057859683,34.88418708288746,38.732029252170605,225.3831545567138,2026-06-25 04:22:34.340272,NaN,NaN,NaN,-34.63892533333333,17.49377683333333
222.963,10.685314262423216,34.88331663975555,38.73110635206372,225.46891249503017,2026-06-25 04:22:34.190311,NaN,NaN,NaN,-34.63892533333333,17.49377683333333
223.0905,10.684839550406469,34.88317046500291,38.73073457496895,225.31121317525157,2026-06-25 04:22:34.165318,NaN,NaN,NaN,-34.63892533333333,17.49377683333333
223.297,10.68390037291821,34.882733975613654,38.7300505494988,225.4835684549887,2026-06-25 04:22:34.090337,NaN,NaN,NaN,-34.63892533333333,17.49377683333333
223.49900000000002,10.67923203328018,34.88156635743824,38.72640220922861,225.53257119491548,2026-06-25 04:22:33.890389,NaN,NaN,NaN,-34.63892533333333,17.49377683333333
223.655,10.67443862165457,34.880980441348534,38.722330303614726,225.57508650672207,2026-06-25 04:22:33.790415,NaN,NaN,NaN,-34.63892533333333,17.49377683333333
223.929,10.658650171091859,34.88039300242296,38.706002121500525,225.64469359478943,2026-06-25 04:22:33.607130,NaN,NaN,NaN,-34.63892533333333,17.49377683333333
224.0045,10.666834244574789,34.87990264663295,38.71482835627982,225.49500153811138,2026-06-25 04:22:33.690441,NaN,NaN,NaN,-34.63892533333333,17.49377683333333
224.3074,10.628652056950482,34.87850685106385,38.67118328672409,225.98945698955046,2026-06-25 04:22:33.370525,NaN,NaN,NaN,-34.63892533333333,17.49377683333333
224.489,10.624357951284292,34.87832983276325,38.666053758406974,225.73695705284572,2026-06-25 04:22:33.340533,NaN,NaN,NaN,-34.63892533333333,17.49377683333333
224.686,10.598091372293615,34.87705024047853,38.63560654494682,225.90089511092702,2026-06-25 04:22:33.123922,NaN,NaN,NaN,-34.63892533333333,17.49377683333333
224.984,10.594418442833453,34.876853376427576,38.631437149894694,225.63411031280583,2026-06-25 04:22:33.090598,NaN,NaN,NaN,-34.63892533333333,17.49377683333333
225.1165,10.585086899548655,34.876116523228475,38.62078619426204,225.7033454963478,2026-06-25 04:22:32.965630,NaN,NaN,NaN,-34.63892533333333,17.49377683333333
225.35500000000002,10.578802102110485,34.87538188853645,38.613230212393496,225.76661947881033,2026-06-25 04:22:32.840663,NaN,NaN,NaN,-34.63892533333333,17.49377683333333
225.47866666666667,10.573384415626021,34.87440776071201,38.60677133131087,225.80496811941313,2026-06-25 04:22:32.674040,NaN,NaN,NaN,-34.63892533333333,17.49377683333333
225.6705,10.571119506336096,34.873779018714266,38.60435430699231,225.8269379735652,2026-06-25 04:22:32.565735,NaN,NaN,NaN,-34.63892533333333,17.49377683333333
225.85325,10.569049766223852,34.87298688053181,38.602425059421805,225.8438161705822,2026-06-25 04:22:32.428270,NaN,NaN,NaN,-34.63892533333333,17.49377683333333
226.3213333333333,10.56655275291181,34.8719196600828,38.600478864703064,225.86919833743178,2026-06-25 04:22:32.240819,NaN,NaN,NaN,-34.63892533333333,17.49377683333333
226.442,10.564102939974287,34.87121914805529,38.5985838200494,225.74504959560466,2026-06-25 04:22:32.115852,NaN,NaN,NaN,-34.63892533333333,17.49377683333333
226.694,10.561200248973066,34.870666100451714,38.596163187902505,225.7642808273259,2026-06-25 04:22:32.015878,NaN,NaN,NaN,-34.63892533333333,17.49377683333333
226.93800000000002,10.555050358587387,34.86989596585805,38.59042316861127,225.93396072523797,2026-06-25 04:22:31.874248,NaN,NaN,NaN,-34.63892533333333,17.49377683333333
227.1395,10.550439279067273,34.869448872116934,38.585761634300084,225.86784918437144,2026-06-25 04:22:31.790937,NaN,NaN,NaN,-34.63892533333333,17.49377683333333
227.288,10.539888708827874,34.8686585365863,38.57407302025338,225.79773141152032,2026-06-25 04:22:31.640976,NaN,NaN,NaN,-34.63892533333333,17.49377683333333
227.50600000000003,10.53475411041846,34.86833802607562,38.5680614461508,225.87355983312963,2026-06-25 04:22:31.578492,NaN,NaN,NaN,-34.63892533333333,17.49377683333333
227.73250000000002,10.521821934201501,34.86751311192024,38.55319514970169,225.65655382987336,2026-06-25 04:22:31.416034,NaN,NaN,NaN,-34.63892533333333,17.49377683333333
227.91066666666666,10.513607572565407,34.86689850245999,38.54433740769916,225.71539210399985,2026-06-25 04:22:31.291067,NaN,NaN,NaN,-34.63892533333333,17.49377683333333
228.047,10.508501944637755,34.86641709355646,38.539171062635646,225.41906622240472,2026-06-25 04:22:31.191093,NaN,NaN,NaN,-34.63892533333333,17.49377683333333
228.30866666666665,10.504794526565052,34.86594804681469,38.535603247658564,225.45737774977343,2026-06-25 04:22:31.091119,NaN,NaN,NaN,-34.63892533333333,17.49377683333333
228.554,10.5016084477357,34.86548802005687,38.53253641427016,225.48057016633228,2026-06-25 04:22:30.991145,NaN,NaN,NaN,-34.63892533333333,17.49377683333333
228.6405,10.499365504704201,34.86515123026395,38.53033928266022,225.50001306971882,2026-06-25 04:22:30.916165,NaN,NaN,NaN,-34.63892533333333,17.49377683333333
228.91966666666667,10.494098103420411,34.86438945579905,38.52516761677175,225.3505024226631,2026-06-25 04:22:30.741210,NaN,NaN,NaN,-34.63892533333333,17.49377683333333
229.10000000000002,10.493659261857005,34.86429111301969,38.52461618569454,225.39924145261818,2026-06-25 04:22:30.716217,NaN,NaN,NaN,-34.63892533333333,17.49377683333333
229.375,10.489324503270035,34.863497697002465,38.51990336907853,225.27882726782843,2026-06-25 04:22:30.524600,NaN,NaN,NaN,-34.63892533333333,17.49377683333333
229.5095,10.488178852478889,34.86325971088731,38.5185382628492,225.44946265584306,2026-06-25 04:22:30.466282,NaN,NaN,NaN,-34.63892533333333,17.49377683333333
229.871,10.486303971323899,34.86249160815582,38.51587949733492,225.29766519122347,2026-06-25 04:22:30.266334,NaN,NaN,NaN,-34.63892533333333,17.49377683333333
230.1063333333333,10.483173244253766,34.8616747855014,38.51273891093138,225.3267677233998,2026-06-25 04:22:30.041393,NaN,NaN,NaN,-34.63892533333333,17.49377683333333
230.3456666666667,10.481693836847324,34.86150493302883,38.511446429493475,225.3593206250207,2026-06-25 04:22:29.991406,NaN,NaN,NaN,-34.63892533333333,17.49377683333333
230.468,10.477868683734847,34.86098951523455,38.50796837750058,225.39602643939187,2026-06-25 04:22:29.841445,NaN,NaN,NaN,-34.63892533333333,17.49377683333333
230.726,10.475082996140689,34.860661512630145,38.50514740914926,225.42342820524576,2026-06-25 04:22:29.741471,NaN,NaN,NaN,-34.63892533333333,17.49377683333333
230.89566666666667,10.470962589258804,34.86066049948648,38.50050166523243,225.4516363610788,2026-06-25 04:22:29.574848,NaN,NaN,NaN,-34.63892533333333,17.49377683333333
231.029,10.475046773443651,34.860131229163414,38.50514226414463,225.42743787743905,2026-06-25 04:22:29.741471,NaN,NaN,NaN,-34.63892533333333,17.49377683333333
231.3305,10.467737545466608,34.859722799282295,38.49664720492905,225.31965079507833,2026-06-25 04:22:29.441549,NaN,NaN,NaN,-34.63892533333333,17.49377683333333
231.50050000000002,10.465206803476256,34.85942114255468,38.49368773498484,225.19796287884893,2026-06-25 04:22:29.341575,NaN,NaN,NaN,-34.63892533333333,17.49377683333333
231.69999999999996,10.459896819056253,34.85883512823522,38.488097982171546,225.2431470019371,2026-06-25 04:22:29.141627,NaN,NaN,NaN,-34.63892533333333,17.49377683333333
232.06966666666668,10.457586102019173,34.8584076501406,38.48631739699592,224.93080397837505,2026-06-25 04:22:28.991666,NaN,NaN,NaN,-34.63892533333333,17.49377683333333
232.273,10.457460837940161,34.858126359825,38.48676212807502,224.93387005876073,2026-06-25 04:22:28.891692,NaN,NaN,NaN,-34.63892533333333,17.49377683333333
232.4573333333333,10.459663326869213,34.85775520973896,38.49013663304285,224.9168205773207,2026-06-25 04:22:28.758394,NaN,NaN,NaN,-34.63892533333333,17.49377683333333
232.67575,10.462964097914604,34.85743203438352,38.495309714017225,224.89487255953802,2026-06-25 04:22:28.641757,NaN,NaN,NaN,-34.63892533333333,17.49377683333333
232.809,10.468747709194277,34.856878264385905,38.50568405080352,224.51111096714442,2026-06-25 04:22:28.441810,NaN,NaN,NaN,-34.63892533333333,17.49377683333333
233.3245,10.468595928621708,34.85666915386133,38.50721843453654,224.5577105852095,2026-06-25 04:22:28.366829,NaN,NaN,NaN,-34.63892533333333,17.49377683333333
233.477,10.469102544462203,34.856460456801656,38.50958443645277,224.53110010509786,2026-06-25 04:22:28.291849,NaN,NaN,NaN,-34.63892533333333,17.49377683333333
233.62,10.465244660577387,34.85617934258756,38.50667651033823,224.88746127514722,2026-06-25 04:22:28.191875,NaN,NaN,NaN,-34.63892533333333,17.49377683333333
233.812,10.461800838629252,34.856037760728256,38.50311020511132,224.92784237552573,2026-06-25 04:22:28.141888,NaN,NaN,NaN,-34.63892533333333,17.49377683333333
234.08133333333333,10.4513419893981,34.85575183045005,38.491009238380336,225.04289994493226,2026-06-25 04:22:28.041914,NaN,NaN,NaN,-34.63892533333333,17.49377683333333
234.326,10.424770428086017,34.85524272045112,38.458877222488056,225.30795957373618,2026-06-25 04:22:27.866959,NaN,NaN,NaN,-34.63892533333333,17.49377683333333
234.47050000000002,10.425014490074059,34.85524152574528,38.45913409182141,225.63454338295497,2026-06-25 04:22:27.866959,NaN,NaN,NaN,-34.63892533333333,17.49377683333333
234.68499999999997,10.395913781911606,34.85471851198175,38.42417863080352,225.29000051882488,2026-06-25 04:22:27.692005,NaN,NaN,NaN,-34.63892533333333,17.49377683333333
234.869,10.382408179357345,34.85441201121282,38.408302867452264,225.32027748366033,2026-06-25 04:22:27.592031,NaN,NaN,NaN,-34.63892533333333,17.49377683333333
235.06849999999997,10.372321471726298,34.85401864566154,38.39658900043828,225.0604537813853,2026-06-25 04:22:27.467064,NaN,NaN,NaN,-34.63892533333333,17.49377683333333
235.366,10.366429615830889,34.85345207690007,38.38967789155495,224.92300801681392,2026-06-25 04:22:27.292109,NaN,NaN,NaN,-34.63892533333333,17.49377683333333
235.5426666666667,10.366195405444927,34.85317408524624,38.38939270144223,224.76481029281982,2026-06-25 04:22:27.208798,NaN,NaN,NaN,-34.63892533333333,17.49377683333333
235.69500000000002,10.367408848068571,34.8526044866931,38.391082527835884,224.4392619455877,2026-06-25 04:22:27.042174,NaN,NaN,NaN,-34.63892533333333,17.49377683333333
236.13,10.37018596349227,34.85189243688546,38.39550467666497,224.11048835462813,2026-06-25 04:22:26.842226,NaN,NaN,NaN,-34.63892533333333,17.49377683333333
236.28525,10.370211249475354,34.85188996935095,38.395698346411294,224.43249492352615,2026-06-25 04:22:26.842226,NaN,NaN,NaN,-34.63892533333333,17.49377683333333
236.55149999999998,10.373278767534622,34.85114723015316,38.40236005212372,223.60684070606965,2026-06-25 04:22:26.642279,NaN,NaN,NaN,-34.63892533333333,17.49377683333333
236.72050000000002,10.373943725080455,34.85095623762984,38.404284242306844,223.27751874684733,2026-06-25 04:22:26.592292,NaN,NaN,NaN,-34.63892533333333,17.49377683333333
236.9265,10.374851075131659,34.85047091980681,38.408585050077285,223.1164719554794,2026-06-25 04:22:26.467324,NaN,NaN,NaN,-34.63892533333333,17.49377683333333
237.0795,10.372655897007458,34.84987179030087,38.41017315200919,223.1579526004041,2026-06-25 04:22:26.317363,NaN,NaN,NaN,-34.63892533333333,17.49377683333333
237.26200000000003,10.370531693297698,34.84969993643262,38.40882434653375,223.18423589447684,2026-06-25 04:22:26.275707,NaN,NaN,NaN,-34.63892533333333,17.49377683333333
237.5,10.36065461226817,34.84915197112254,38.402097981462084,223.26908461555502,2026-06-25 04:22:26.092422,NaN,NaN,NaN,-34.63892533333333,17.49377683333333
237.669,10.364258195013388,34.84894225599682,38.40508067716356,223.24660898354702,2026-06-25 04:22:26.142409,NaN,NaN,NaN,-34.63892533333333,17.49377683333333
237.88833333333332,10.35002719699677,34.84844514012977,38.39192581936845,223.38747112787482,2026-06-25 04:22:25.975786,NaN,NaN,NaN,-34.63892533333333,17.49377683333333
238.09766666666667,10.337656918597018,34.84794064454906,38.37907544588095,223.5218236189547,2026-06-25 04:22:25.859149,NaN,NaN,NaN,-34.63892533333333,17.49377683333333
238.31833333333336,10.318410240549289,34.84720674654781,38.35783049149722,223.3489701788624,2026-06-25 04:22:25.692526,NaN,NaN,NaN,-34.63892533333333,17.49377683333333
238.54,10.306835879810901,34.846759372483646,38.34451962459556,223.4266915126564,2026-06-25 04:22:25.592552,NaN,NaN,NaN,-34.63892533333333,17.49377683333333
238.6375,10.29537669834604,34.84630636459589,38.33089443046849,223.52465031397293,2026-06-25 04:22:25.492578,NaN,NaN,NaN,-34.63892533333333,17.49377683333333
238.88466666666667,10.285814039453387,34.84592587062978,38.31932361921991,223.62063637397466,2026-06-25 04:22:25.409267,NaN,NaN,NaN,-34.63892533333333,17.49377683333333
239.14033333333336,10.267079597537231,34.845158330248246,38.29652107473026,223.78824983876655,2026-06-25 04:22:25.242643,NaN,NaN,NaN,-34.63892533333333,17.49377683333333
239.47,10.256863596168033,34.84469379007458,38.2841884898162,223.86612633662585,2026-06-25 04:22:25.142670,NaN,NaN,NaN,-34.63892533333333,17.49377683333333
239.702,10.247027925388736,34.84410936637843,38.27259662941856,223.6400779037961,2026-06-25 04:22:25.017702,NaN,NaN,NaN,-34.63892533333333,17.49377683333333
239.9725,10.238500357454745,34.843287555857785,38.2631447396538,223.68359647731498,2026-06-25 04:22:24.842748,NaN,NaN,NaN,-34.63892533333333,17.49377683333333
240.06099999999998,10.237140067700121,34.84293436012786,38.26197412879609,223.52310623616822,2026-06-25 04:22:24.767767,NaN,NaN,NaN,-34.63892533333333,17.49377683333333
240.335,10.236142649823586,34.84242395365649,38.2615126690658,223.68795564883018,2026-06-25 04:22:24.659462,NaN,NaN,NaN,-34.63892533333333,17.49377683333333
240.576,10.236346115481897,34.841560417835616,38.263733598406645,223.37455043972273,2026-06-25 04:22:24.442852,NaN,NaN,NaN,-34.63892533333333,17.49377683333333
240.669,10.236253389510786,34.841403433663054,38.26329349768312,223.3761557208938,2026-06-25 04:22:24.476177,NaN,NaN,NaN,-34.63892533333333,17.49377683333333
240.892,10.23590305461122,34.84093346550565,38.264394061579985,223.0658098329826,2026-06-25 04:22:24.342878,NaN,NaN,NaN,-34.63892533333333,17.49377683333333
241.07533333333333,10.234049549844423,34.840386780268574,38.26382777572477,223.10233469775406,2026-06-25 04:22:24.226242,NaN,NaN,NaN,-34.63892533333333,17.49377683333333
241.224,10.23352674454698,34.84023056872343,38.26367032612926,223.09586071068463,2026-06-25 04:22:24.192917,NaN,NaN,NaN,-34.63892533333333,17.49377683333333
241.55866666666665,10.226226118986604,34.83929902118714,38.25833429151722,223.18550938555566,2026-06-25 04:22:23.992969,NaN,NaN,NaN,-34.63892533333333,17.49377683333333
241.644,10.224373989647784,34.839066159801504,38.25709866353655,223.0367292272213,2026-06-25 04:22:23.942982,NaN,NaN,NaN,-34.63892533333333,17.49377683333333
241.8575,10.220334953175342,34.83871881468572,38.25334373654529,223.06774343870356,2026-06-25 04:22:23.868002,NaN,NaN,NaN,-34.63892533333333,17.49377683333333
242.1565,10.208520036439769,34.83791062516672,38.24101015490676,223.33441679266124,2026-06-25 04:22:23.693047,NaN,NaN,NaN,-34.63892533333333,17.49377683333333
242.21,10.208775375147463,34.83791048258852,38.2413507831832,223.34265343436334,2026-06-25 04:22:23.693047,NaN,NaN,NaN,-34.63892533333333,17.49377683333333
242.46733333333336,10.19163277044913,34.83714435151729,38.22155737971023,223.84721040843178,2026-06-25 04:22:23.526424,NaN,NaN,NaN,-34.63892533333333,17.49377683333333
242.7165,10.1781459293336,34.836647209228836,38.205722932709364,223.94373541303707,2026-06-25 04:22:23.418119,NaN,NaN,NaN,-34.63892533333333,17.49377683333333
242.87033333333332,10.16169336432028,34.83607356999689,38.18625994205698,224.03221938657234,2026-06-25 04:22:23.293152,NaN,NaN,NaN,-34.63892533333333,17.49377683333333
243.121,10.154900142328028,34.835844210440605,38.17824118735548,224.13863058331134,2026-06-25 04:22:23.243165,NaN,NaN,NaN,-34.63892533333333,17.49377683333333
243.302,10.136761454624986,34.83515371475887,38.15636803038546,223.89552721734867,2026-06-25 04:22:23.093204,NaN,NaN,NaN,-34.63892533333333,17.49377683333333
243.49099999999999,10.124915773521987,34.83457520982104,38.14235123058663,223.59122071350777,2026-06-25 04:22:22.968236,NaN,NaN,NaN,-34.63892533333333,17.49377683333333
243.744,10.119983491182925,34.83422599498333,38.13688920823117,223.14737045388077,2026-06-25 04:22:22.893256,NaN,NaN,NaN,-34.63892533333333,17.49377683333333
243.82866666666666,10.116553384949095,34.833756519567565,38.133997060823184,223.0821880264723,2026-06-25 04:22:22.793282,NaN,NaN,NaN,-34.63892533333333,17.49377683333333
244.0895,10.1160590492441,34.83292377240375,38.13753335354143,222.35656302560437,2026-06-25 04:22:22.618328,NaN,NaN,NaN,-34.63892533333333,17.49377683333333
244.285,10.115879772187535,34.832922104853054,38.137196282891175,222.36115336666091,2026-06-25 04:22:22.618328,NaN,NaN,NaN,-34.63892533333333,17.49377683333333
244.4985,10.11734440522719,34.83219372322741,38.14360347975818,221.87546423797332,2026-06-25 04:22:22.468367,NaN,NaN,NaN,-34.63892533333333,17.49377683333333
244.733,10.116051876203858,34.83156996649217,38.14530258848646,221.5886165869635,2026-06-25 04:22:22.343399,NaN,NaN,NaN,-34.63892533333333,17.49377683333333
244.87733333333335,10.112986034665177,34.831145273936585,38.143160841706894,221.6089331961888,2026-06-25 04:22:22.260088,NaN,NaN,NaN,-34.63892533333333,17.49377683333333
245.171,10.10627356429684,34.83054084342661,38.13655413008326,221.68387773276555,2026-06-25 04:22:22.143451,NaN,NaN,NaN,-34.63892533333333,17.49377683333333
245.3145,10.099694638358802,34.83014136428944,38.12893613872574,221.76532526038466,2026-06-25 04:22:22.068471,NaN,NaN,NaN,-34.63892533333333,17.49377683333333
245.50266666666667,10.086822196792445,34.82945775027189,38.11330682884662,221.868698125266,2026-06-25 04:22:21.943503,NaN,NaN,NaN,-34.63892533333333,17.49377683333333
245.67633333333333,10.070372209161022,34.8285066168701,38.09277967192714,221.81421630575034,2026-06-25 04:22:21.776880,NaN,NaN,NaN,-34.63892533333333,17.49377683333333
245.971,10.060652786044527,34.82771523315875,38.08059151823694,221.46457116568882,2026-06-25 04:22:21.643582,NaN,NaN,NaN,-34.63892533333333,17.49377683333333
246.013,10.058634770581158,34.827408181960216,38.07809013944948,221.46801978665232,2026-06-25 04:22:21.593595,NaN,NaN,NaN,-34.63892533333333,17.49377683333333
246.24866666666665,10.06048004631484,34.82739632543271,38.08043546110292,221.5617992411716,2026-06-25 04:22:21.593595,NaN,NaN,NaN,-34.63892533333333,17.49377683333333
246.401,10.057038087530266,34.82645541246622,38.07624258113982,221.1376174162306,2026-06-25 04:22:21.443634,NaN,NaN,NaN,-34.63892533333333,17.49377683333333
246.72224999999997,10.059278080529282,34.82553072191233,38.079581225749514,220.81117126827883,2026-06-25 04:22:21.306170,NaN,NaN,NaN,-34.63892533333333,17.49377683333333
246.861,10.060543821348634,34.82510511295675,38.08147078967643,220.7987917847894,2026-06-25 04:22:21.243686,NaN,NaN,NaN,-34.63892533333333,17.49377683333333
247.019,10.064055566857292,34.823898317991045,38.0877314843887,220.47849716385934,2026-06-25 04:22:21.043738,NaN,NaN,NaN,-34.63892533333333,17.49377683333333
247.25933333333333,10.063518210738247,34.823654438977954,38.08671842152082,220.4828094129916,2026-06-25 04:22:21.077063,NaN,NaN,NaN,-34.63892533333333,17.49377683333333
247.5385,10.066447491927299,34.82228784953179,38.09232939979533,220.4656849520965,2026-06-25 04:22:20.868784,NaN,NaN,NaN,-34.63892533333333,17.49377683333333
247.71699999999998,10.067786603873309,34.821672303806665,38.09431645312347,220.45840397595705,2026-06-25 04:22:20.793803,NaN,NaN,NaN,-34.63892533333333,17.49377683333333
247.86699999999996,10.068661293238824,34.82126194963784,38.095638504023384,220.43690533842164,2026-06-25 04:22:20.743816,NaN,NaN,NaN,-34.63892533333333,17.49377683333333
248.2835,10.073103925726874,34.81953251453949,38.101029781825474,220.41345600985775,2026-06-25 04:22:20.543868,NaN,NaN,NaN,-34.63892533333333,17.49377683333333
248.46800000000002,10.074217017874458,34.81907958976048,38.102322910549006,220.56218707809356,2026-06-25 04:22:20.493881,NaN,NaN,NaN,-34.63892533333333,17.49377683333333
248.772,10.076135051979659,34.81815450398948,38.104686027247745,220.71068206314882,2026-06-25 04:22:20.393907,NaN,NaN,NaN,-34.63892533333333,17.49377683333333
248.84,10.076988132564194,34.81719461891819,38.10619676784873,220.71569679400693,2026-06-25 04:22:20.293933,NaN,NaN,NaN,-34.63892533333333,17.49377683333333
249.1125,10.076809844988517,34.817190748593475,38.1060351922379,220.71925663655094,2026-06-25 04:22:20.293933,NaN,NaN,NaN,-34.63892533333333,17.49377683333333
249.246,10.075962110629785,34.815950291849084,38.10613968048257,221.04949230965795,2026-06-25 04:22:20.168966,NaN,NaN,NaN,-34.63892533333333,17.49377683333333
249.507,10.074104384004935,34.81518216005684,38.104787875424485,221.0638334162246,2026-06-25 04:22:20.093985,NaN,NaN,NaN,-34.63892533333333,17.49377683333333
249.67374999999998,10.065885847643104,34.813592797765594,38.09663730460832,221.5167151189388,2026-06-25 04:22:19.944025,NaN,NaN,NaN,-34.63892533333333,17.49377683333333
249.863,10.06662234623838,34.81358354503466,38.09754956359731,221.77123102812152,2026-06-25 04:22:19.944025,NaN,NaN,NaN,-34.63892533333333,17.49377683333333
250.13075,10.046057507133789,34.81108044405646,38.075302451804596,222.3322253611376,2026-06-25 04:22:19.719083,NaN,NaN,NaN,-34.63892533333333,17.49377683333333
250.37,10.026644966327908,34.809036941610564,38.05363806893382,223.10025950992548,2026-06-25 04:22:19.544129,NaN,NaN,NaN,-34.63892533333333,17.49377683333333
250.48499999999999,10.02290705711755,34.808632932985596,38.04941560313862,223.16356748727904,2026-06-25 04:22:19.510804,NaN,NaN,NaN,-34.63892533333333,17.49377683333333
250.754,10.009897828574067,34.807219351022844,38.03486071367294,223.2484571699037,2026-06-25 04:22:19.394168,NaN,NaN,NaN,-34.63892533333333,17.49377683333333
251.072,9.999092870933094,34.805976433568965,38.023454864083234,223.96318383773615,2026-06-25 04:22:19.294194,NaN,NaN,NaN,-34.63892533333333,17.49377683333333
251.264,9.982868962389803,34.804075053007985,38.007499766839786,224.19976847505453,2026-06-25 04:22:19.144233,NaN,NaN,NaN,-34.63892533333333,17.49377683333333
251.571,9.95064738726871,34.80213063933547,37.97503298415961,225.34164359714393,2026-06-25 04:22:18.894298,NaN,NaN,NaN,-34.63892533333333,17.49377683333333
251.7065,9.964814843231764,34.80114279724081,37.98985386511503,224.75593835499276,2026-06-25 04:22:18.994272,NaN,NaN,NaN,-34.63892533333333,17.49377683333333
251.881,9.953666530820144,34.800816378747136,37.977938397594045,225.17855719536948,2026-06-25 04:22:18.919292,NaN,NaN,NaN,-34.63892533333333,17.49377683333333
252.25074999999998,9.916692691621737,34.798479705330955,37.93508240113012,226.65689016576107,2026-06-25 04:22:18.719344,NaN,NaN,NaN,-34.63892533333333,17.49377683333333
252.5405,9.881148144149702,34.79645509505377,37.89099299785799,227.0030687370385,2026-06-25 04:22:18.569383,NaN,NaN,NaN,-34.63892533333333,17.49377683333333
252.6745,9.856728644465068,34.795096111074244,37.86045626139655,227.2234586532088,2026-06-25 04:22:18.469409,NaN,NaN,NaN,-34.63892533333333,17.49377683333333
252.92450000000002,9.830554687163218,34.793391944178055,37.82845689116354,227.42349350043432,2026-06-25 04:22:18.344442,NaN,NaN,NaN,-34.63892533333333,17.49377683333333
253.0895,9.821879926868734,34.79270971559835,37.81813014209264,227.481861505962,2026-06-25 04:22:18.294455,NaN,NaN,NaN,-34.63892533333333,17.49377683333333
253.34533333333334,9.801936003753655,34.79043785472307,37.79534765879561,227.2893111269297,2026-06-25 04:22:18.127831,NaN,NaN,NaN,-34.63892533333333,17.49377683333333
253.53,9.798648299529441,34.78998350403061,37.79168965173395,227.3097565570158,2026-06-25 04:22:18.094507,NaN,NaN,NaN,-34.63892533333333,17.49377683333333
253.69533333333334,9.791436383083271,34.787951164066186,37.78456562776986,227.36277015594297,2026-06-25 04:22:17.944546,NaN,NaN,NaN,-34.63892533333333,17.49377683333333
253.937,9.788716828943214,34.78660492001897,37.78227436045611,227.39351432538112,2026-06-25 04:22:17.844572,NaN,NaN,NaN,-34.63892533333333,17.49377683333333
254.158,9.787774178695006,34.78593589938472,37.78154228789761,227.40870917975883,2026-06-25 04:22:17.794585,NaN,NaN,NaN,-34.63892533333333,17.49377683333333
254.28233333333333,9.786327444823039,34.784607824411964,37.78032798332159,227.42556146638472,2026-06-25 04:22:17.694611,NaN,NaN,NaN,-34.63892533333333,17.49377683333333
254.5005,9.785041810456796,34.7829648971487,37.77900459148259,227.44466673988998,2026-06-25 04:22:17.569643,NaN,NaN,NaN,-34.63892533333333,17.49377683333333
254.71,9.784562627946986,34.781990718780754,37.778339779108336,227.45425164346887,2026-06-25 04:22:17.494663,NaN,NaN,NaN,-34.63892533333333,17.49377683333333
254.902,9.784311739967439,34.7810273455887,37.777802592633115,227.4497453110685,2026-06-25 04:22:17.419683,NaN,NaN,NaN,-34.63892533333333,17.49377683333333
255.1105,9.784083027346949,34.77882654879401,37.776900384458465,227.29216402952062,2026-06-25 04:22:17.244728,NaN,NaN,NaN,-34.63892533333333,17.49377683333333
255.30166666666665,9.784027976842417,34.778822096413606,37.77689699102307,227.40459969465493,2026-06-25 04:22:17.244728,NaN,NaN,NaN,-34.63892533333333,17.49377683333333
255.46400000000003,9.782819516834168,34.776379269479804,37.77565079687385,227.48244020872724,2026-06-25 04:22:17.044780,NaN,NaN,NaN,-34.63892533333333,17.49377683333333
255.894,9.781361293367256,34.77519163334383,37.77446180686999,227.50308973544242,2026-06-25 04:22:16.944806,NaN,NaN,NaN,-34.63892533333333,17.49377683333333
256.0395,9.778618620449894,34.773752559224796,37.771841687169186,227.53303725933398,2026-06-25 04:22:16.819839,NaN,NaN,NaN,-34.63892533333333,17.49377683333333
256.303,9.776079211800774,34.77318553003063,37.76919277421532,227.55643949199305,2026-06-25 04:22:16.719865,NaN,NaN,NaN,-34.63892533333333,17.49377683333333
256.4625,9.777393496769234,34.77262519804863,37.77058950523531,227.54872847701228,2026-06-25 04:22:16.769852,NaN,NaN,NaN,-34.63892533333333,17.49377683333333
256.687,9.770985963864485,34.77071366894993,37.76346234813656,227.60929398635565,2026-06-25 04:22:16.544911,NaN,NaN,NaN,-34.63892533333333,17.49377683333333
256.8876666666667,9.7683556450639,34.7698376594622,37.760368742207646,227.63925927065404,2026-06-25 04:22:16.461599,NaN,NaN,NaN,-34.63892533333333,17.49377683333333
257.07,9.764578295996344,34.76863629004108,37.755905348852544,227.66626794907603,2026-06-25 04:22:16.344963,NaN,NaN,NaN,-34.63892533333333,17.49377683333333
257.309,9.762091064588637,34.76788925661016,37.753093470241424,227.377384664575,2026-06-25 04:22:16.269982,NaN,NaN,NaN,-34.63892533333333,17.49377683333333
257.69,9.757536305786168,34.76644609406053,37.748752616242534,227.42584754131397,2026-06-25 04:22:16.120021,NaN,NaN,NaN,-34.63892533333333,17.49377683333333
258.1775,9.752992270156177,34.764622165747625,37.74622473784115,227.45980918860468,2026-06-25 04:22:15.920073,NaN,NaN,NaN,-34.63892533333333,17.49377683333333
258.27566666666667,9.751693781460554,34.764113028605145,37.74559183873589,227.46889202177613,2026-06-25 04:22:15.861755,NaN,NaN,NaN,-34.63892533333333,17.49377683333333
258.4855,9.747995505987294,34.762908898617255,37.74323394662853,227.67098850998562,2026-06-25 04:22:15.720126,NaN,NaN,NaN,-34.63892533333333,17.49377683333333
258.695,9.74538672284751,34.762290947719436,37.74099375624175,227.70156618217698,2026-06-25 04:22:15.645145,NaN,NaN,NaN,-34.63892533333333,17.49377683333333
258.88800000000003,9.739015515801624,34.7612997183446,37.7342447198577,227.7585299851675,2026-06-25 04:22:15.520178,NaN,NaN,NaN,-34.63892533333333,17.49377683333333
259.015,9.733971004770133,34.76072559719657,37.7283490517226,227.966584246695,2026-06-25 04:22:15.445197,NaN,NaN,NaN,-34.63892533333333,17.49377683333333
259.48166666666674,9.72595303059883,34.75998578991297,37.71852091576837,227.74448817645623,2026-06-25 04:22:15.345223,NaN,NaN,NaN,-34.63892533333333,17.49377683333333
259.7025,9.715303719140353,34.759092026616734,37.70547879528419,228.17308377610112,2026-06-25 04:22:15.220256,NaN,NaN,NaN,-34.63892533333333,17.49377683333333
260.09933333333333,9.705834573898334,34.75823775058273,37.69473122976208,228.1677933339958,2026-06-25 04:22:15.095288,NaN,NaN,NaN,-34.63892533333333,17.49377683333333
260.31199999999995,9.697266486389305,34.75715327732075,37.68657773502098,227.9787662673548,2026-06-25 04:22:14.928665,NaN,NaN,NaN,-34.63892533333333,17.49377683333333
260.516,9.69581364908348,34.75693899820063,37.68532553908101,227.9906180742465,2026-06-25 04:22:14.895341,NaN,NaN,NaN,-34.63892533333333,17.49377683333333
260.61,9.692868319431295,34.75632117612466,37.68330992804853,228.01444589688907,2026-06-25 04:22:14.795367,NaN,NaN,NaN,-34.63892533333333,17.49377683333333
260.90549999999996,9.690847290454501,34.75587073683702,37.68198098963116,228.03549909236526,2026-06-25 04:22:14.720386,NaN,NaN,NaN,-34.63892533333333,17.49377683333333
261.07,9.686650315135248,34.75514178293022,37.678676806707614,228.07615441316415,2026-06-25 04:22:14.595419,NaN,NaN,NaN,-34.63892533333333,17.49377683333333
261.377,9.681977525430202,34.75457484823108,37.67441138313062,228.1302626735251,2026-06-25 04:22:14.495445,NaN,NaN,NaN,-34.63892533333333,17.49377683333333
261.497,9.677154361765584,34.754160766171594,37.66953155489684,228.5077455887302,2026-06-25 04:22:14.420464,NaN,NaN,NaN,-34.63892533333333,17.49377683333333
261.605,9.667078747233141,34.75348615241627,37.65844063895321,228.26694447557557,2026-06-25 04:22:14.295497,NaN,NaN,NaN,-34.63892533333333,17.49377683333333
261.8425,9.664415163726764,34.753356797221656,37.65522525888686,228.30664955968783,2026-06-25 04:22:14.270503,NaN,NaN,NaN,-34.63892533333333,17.49377683333333
262.0,9.657294353262024,34.75296140367355,37.64695664136892,228.3663053036826,2026-06-25 04:22:14.195523,NaN,NaN,NaN,-34.63892533333333,17.49377683333333
262.3085,9.641774655620036,34.75219075000461,37.62895494337417,228.51762627594928,2026-06-25 04:22:14.045562,NaN,NaN,NaN,-34.63892533333333,17.49377683333333
262.553,9.64169096846067,34.752189761330094,37.628790927463015,228.52238756615196,2026-06-25 04:22:14.045562,NaN,NaN,NaN,-34.63892533333333,17.49377683333333
262.6785,9.629613963356366,34.75156178845603,37.615630816386656,228.63438392753366,2026-06-25 04:22:13.920595,NaN,NaN,NaN,-34.63892533333333,17.49377683333333
262.8795,9.621656122913445,34.75106605884431,37.60773831506842,228.51563932083602,2026-06-25 04:22:13.820621,NaN,NaN,NaN,-34.63892533333333,17.49377683333333
263.1186666666667,9.614169562172426,34.75045249241001,37.600787436044946,228.4052729874181,2026-06-25 04:22:13.695653,NaN,NaN,NaN,-34.63892533333333,17.49377683333333
263.2785,9.608254949112876,34.74984241711567,37.5950224208277,228.78461785652087,2026-06-25 04:22:13.570686,NaN,NaN,NaN,-34.63892533333333,17.49377683333333
263.509,9.602793092799208,34.749233146421176,37.589281596844366,228.84456060402366,2026-06-25 04:22:13.445718,NaN,NaN,NaN,-34.63892533333333,17.49377683333333
263.6915,9.601628574806218,34.749110538400984,37.588099187573505,228.7002172759485,2026-06-25 04:22:13.420725,NaN,NaN,NaN,-34.63892533333333,17.49377683333333
263.879,9.60055657729844,34.74898892276309,37.5869503197835,228.53344375628697,2026-06-25 04:22:13.395731,NaN,NaN,NaN,-34.63892533333333,17.49377683333333
264.08799999999997,9.594683206591437,34.74837518859273,37.58099954028546,228.59883364237706,2026-06-25 04:22:13.270764,NaN,NaN,NaN,-34.63892533333333,17.49377683333333
264.2315,9.589538347008418,34.74787950535318,37.57601685138747,228.64691574013938,2026-06-25 04:22:13.170790,NaN,NaN,NaN,-34.63892533333333,17.49377683333333
264.5315,9.58058727059677,34.7471243803069,37.56772450843157,228.72336315005248,2026-06-25 04:22:13.020829,NaN,NaN,NaN,-34.63892533333333,17.49377683333333
264.6635,9.580334929324007,34.74712231748031,37.56740010849136,228.73332738768727,2026-06-25 04:22:13.020829,NaN,NaN,NaN,-34.63892533333333,17.49377683333333
264.813,9.571476501377756,34.74648146959004,37.55876706794928,228.80579717061062,2026-06-25 04:22:12.895862,NaN,NaN,NaN,-34.63892533333333,17.49377683333333
265.1066666666666,9.561014201904245,34.745864598792316,37.5472943756129,228.66599522495807,2026-06-25 04:22:12.779226,NaN,NaN,NaN,-34.63892533333333,17.49377683333333
265.49199999999996,9.5529405105211,34.74541657400721,37.53823374949923,229.0026342697846,2026-06-25 04:22:12.695914,NaN,NaN,NaN,-34.63892533333333,17.49377683333333
265.68399999999997,9.537852327535344,34.74458514221149,37.521372262665125,228.96580986247932,2026-06-25 04:22:12.545953,NaN,NaN,NaN,-34.63892533333333,17.49377683333333
265.89599999999996,9.533035955649293,34.74430062797976,37.51604445041184,228.84566418298712,2026-06-25 04:22:12.495966,NaN,NaN,NaN,-34.63892533333333,17.49377683333333
266.013,9.52399681842307,34.743721668176654,37.50605769330012,228.91685455639268,2026-06-25 04:22:12.395992,NaN,NaN,NaN,-34.63892533333333,17.49377683333333
266.3025,9.518301420420144,34.74327415736499,37.49969147867248,228.9820983234272,2026-06-25 04:22:12.321012,NaN,NaN,NaN,-34.63892533333333,17.49377683333333
266.514,9.51223377066856,34.74266218680475,37.49282982401162,228.69821102040365,2026-06-25 04:22:12.221038,NaN,NaN,NaN,-34.63892533333333,17.49377683333333
266.76,9.507400095754477,34.741870420168105,37.48733206006016,228.7205835259192,2026-06-25 04:22:12.096070,NaN,NaN,NaN,-34.63892533333333,17.49377683333333
266.80150000000003,9.507608773993633,34.74186780865983,37.48758101363033,228.721805425781,2026-06-25 04:22:12.096070,NaN,NaN,NaN,-34.63892533333333,17.49377683333333
267.018,9.504623947404163,34.74075836693486,37.48448508172926,228.74243860770693,2026-06-25 04:22:11.896122,NaN,NaN,NaN,-34.63892533333333,17.49377683333333
267.29866666666663,9.504955823073567,34.74053386052837,37.48479783003449,228.74400465749892,2026-06-25 04:22:11.929447,NaN,NaN,NaN,-34.63892533333333,17.49377683333333
267.395,9.504291554629186,34.73983159536705,37.48444420525767,228.7530136146315,2026-06-25 04:22:11.796148,NaN,NaN,NaN,-34.63892533333333,17.49377683333333
267.626,9.504201591638344,34.739471543723845,37.48454873726671,228.76004040509582,2026-06-25 04:22:11.746161,NaN,NaN,NaN,-34.63892533333333,17.49377683333333
267.8515,9.5040730588657,34.73891922857206,37.48472995738439,228.76565091685262,2026-06-25 04:22:11.671181,NaN,NaN,NaN,-34.63892533333333,17.49377683333333
268.08933333333334,9.503779180358512,34.73796724738528,37.48484253354054,228.76625136079238,2026-06-25 04:22:11.546214,NaN,NaN,NaN,-34.63892533333333,17.49377683333333
268.356,9.503431558429925,34.737179876496896,37.48470317013021,228.7821185747276,2026-06-25 04:22:11.446240,NaN,NaN,NaN,-34.63892533333333,17.49377683333333
268.50775,9.502793300789177,34.73604351437731,37.48419294448716,228.78689677707877,2026-06-25 04:22:11.308775,NaN,NaN,NaN,-34.63892533333333,17.49377683333333
268.636,9.502112047723356,34.734862994372506,37.48350356401449,228.4725403356032,2026-06-25 04:22:11.146318,NaN,NaN,NaN,-34.63892533333333,17.49377683333333
268.9235,9.502219095799667,34.734650585059704,37.48362049006897,228.63834738067112,2026-06-25 04:22:11.171311,NaN,NaN,NaN,-34.63892533333333,17.49377683333333
269.068,9.501783284220984,34.73375266463536,37.483134987114774,228.80273791651373,2026-06-25 04:22:11.046344,NaN,NaN,NaN,-34.63892533333333,17.49377683333333
269.389,9.501462255232914,34.73282700938598,37.482840315880345,228.80533448532165,2026-06-25 04:22:10.946370,NaN,NaN,NaN,-34.63892533333333,17.49377683333333
269.459,9.501451930388544,34.73282354130882,37.482837368504946,228.81162093340816,2026-06-25 04:22:10.946370,NaN,NaN,NaN,-34.63892533333333,17.49377683333333
269.75399999999996,9.500678141153243,34.731217342828195,37.48227417621687,228.82756193027103,2026-06-25 04:22:10.779747,NaN,NaN,NaN,-34.63892533333333,17.49377683333333
269.858,9.500502151711979,34.73089262301933,37.482148985983514,228.83250797542348,2026-06-25 04:22:10.746422,NaN,NaN,NaN,-34.63892533333333,17.49377683333333
270.32925,9.49914442503218,34.728972691469195,37.481540499377104,228.850053102352,2026-06-25 04:22:10.558971,NaN,NaN,NaN,-34.63892533333333,17.49377683333333
270.674,9.497930724725343,34.72751080742619,37.48140765842715,229.03870107051148,2026-06-25 04:22:10.421507,NaN,NaN,NaN,-34.63892533333333,17.49377683333333
270.853,9.497733713662159,34.72724693448547,37.48136303651556,229.20716558401887,2026-06-25 04:22:10.396513,NaN,NaN,NaN,-34.63892533333333,17.49377683333333
271.09799999999996,9.496195199064498,34.72586754558004,37.48158996527404,229.23600603476996,2026-06-25 04:22:10.271546,NaN,NaN,NaN,-34.63892533333333,17.49377683333333
271.49066666666664,9.493239187270047,34.72445009160344,37.48117037335018,229.3434663275666,2026-06-25 04:22:10.146578,NaN,NaN,NaN,-34.63892533333333,17.49377683333333
271.6645,9.4871227519756,34.722999482268015,37.478120688946944,229.65043986971676,2026-06-25 04:22:10.021611,NaN,NaN,NaN,-34.63892533333333,17.49377683333333
271.901,9.474453605127458,34.721515240745205,37.46845465949559,230.1171886425681,2026-06-25 04:22:09.896644,NaN,NaN,NaN,-34.63892533333333,17.49377683333333
272.1526666666667,9.464316049354817,34.72090643188708,37.45874461931009,230.23016656870396,2026-06-25 04:22:09.846657,NaN,NaN,NaN,-34.63892533333333,17.49377683333333
272.354,9.44471966897677,34.71969153599839,37.439939267684636,230.90195075211278,2026-06-25 04:22:09.746683,NaN,NaN,NaN,-34.63892533333333,17.49377683333333
272.72450000000003,9.408743773900124,34.718145778731824,37.40157378882722,231.4094856945493,2026-06-25 04:22:09.621715,NaN,NaN,NaN,-34.63892533333333,17.49377683333333
272.815,9.382103174811,34.71720645041375,37.37126627178996,231.6605802649458,2026-06-25 04:22:09.546735,NaN,NaN,NaN,-34.63892533333333,17.49377683333333
273.03566666666666,9.330469387108986,34.715515399214645,37.310498700599986,232.28214040946958,2026-06-25 04:22:09.413436,NaN,NaN,NaN,-34.63892533333333,17.49377683333333
273.379,9.315313561540655,34.71498275083907,37.29267530348503,232.52100723550632,2026-06-25 04:22:09.371780,NaN,NaN,NaN,-34.63892533333333,17.49377683333333
273.564,9.271749036207124,34.71337978941247,37.2416386965067,232.37106582934862,2026-06-25 04:22:09.246813,NaN,NaN,NaN,-34.63892533333333,17.49377683333333
273.7635,9.252405662302928,34.712410254049985,37.21989786673077,231.9908704406858,2026-06-25 04:22:09.171832,NaN,NaN,NaN,-34.63892533333333,17.49377683333333
273.865,9.237351144270736,34.71143775986668,37.20354136148579,231.8858298337727,2026-06-25 04:22:09.096852,NaN,NaN,NaN,-34.63892533333333,17.49377683333333
274.091,9.22402694764098,34.710137232189155,37.18983979931302,231.6532405571708,2026-06-25 04:22:08.996878,NaN,NaN,NaN,-34.63892533333333,17.49377683333333
274.212,9.224614598903202,34.7101369622294,37.190531387816414,231.64964353614246,2026-06-25 04:22:08.996878,NaN,NaN,NaN,-34.63892533333333,17.49377683333333
274.53700000000003,9.212240535996981,34.7081832137466,37.178812244983746,231.59844275374886,2026-06-25 04:22:08.846917,NaN,NaN,NaN,-34.63892533333333,17.49377683333333
274.7695,9.20913875773481,34.707532157534686,37.17595597020713,231.626946341444,2026-06-25 04:22:08.796930,NaN,NaN,NaN,-34.63892533333333,17.49377683333333
274.982,9.203434138220436,34.70623142555822,37.17046043418595,231.53953548797327,2026-06-25 04:22:08.696956,NaN,NaN,NaN,-34.63892533333333,17.49377683333333
275.06,9.19810133579651,34.70493618148548,37.16458537584666,231.5917997766123,2026-06-25 04:22:08.596982,NaN,NaN,NaN,-34.63892533333333,17.49377683333333
275.2485,9.19817134814693,34.70493536151553,37.16460828364522,231.59712981471412,2026-06-25 04:22:08.596982,NaN,NaN,NaN,-34.63892533333333,17.49377683333333
275.444,9.193336331860582,34.70364585545727,37.15891510374973,231.31776517890393,2026-06-25 04:22:08.497008,NaN,NaN,NaN,-34.63892533333333,17.49377683333333
275.754,9.189579355674104,34.702365045240825,37.15435998460533,231.3159841329629,2026-06-25 04:22:08.397034,NaN,NaN,NaN,-34.63892533333333,17.49377683333333
275.922,9.18874965611205,34.70194260634862,37.15335874656801,231.3411849388393,2026-06-25 04:22:08.363710,NaN,NaN,NaN,-34.63892533333333,17.49377683333333
276.148,9.184633197425718,34.699839710059436,37.14855460497795,231.37507746645025,2026-06-25 04:22:08.197087,NaN,NaN,NaN,-34.63892533333333,17.49377683333333
276.249,9.18467215681143,34.69983785568719,37.148632965124705,231.3777916941967,2026-06-25 04:22:08.197087,NaN,NaN,NaN,-34.63892533333333,17.49377683333333
276.459,9.182776887841026,34.698595512775384,37.14672272087699,231.4231158625349,2026-06-25 04:22:08.097113,NaN,NaN,NaN,-34.63892533333333,17.49377683333333
276.72066666666666,9.181516141155509,34.6973714687648,37.14580887336419,231.41583905053986,2026-06-25 04:22:07.997139,NaN,NaN,NaN,-34.63892533333333,17.49377683333333
276.813,9.18087163918759,34.69616291531994,37.14577605620455,231.4289707452112,2026-06-25 04:22:07.897165,NaN,NaN,NaN,-34.63892533333333,17.49377683333333
277.12,9.18093578477904,34.69527159584291,37.14758499215669,231.08465545431028,2026-06-25 04:22:07.747204,NaN,NaN,NaN,-34.63892533333333,17.49377683333333
277.304,9.180840872115187,34.69439107710506,37.1465146612193,231.1069430483918,2026-06-25 04:22:07.822184,NaN,NaN,NaN,-34.63892533333333,17.49377683333333
277.5315,9.180902849797635,34.69352480743899,37.14866275353624,231.10284910259742,2026-06-25 04:22:07.672223,NaN,NaN,NaN,-34.63892533333333,17.49377683333333
277.6995,9.180064351864893,34.692389882950366,37.14924928353625,230.94771601180037,2026-06-25 04:22:07.572249,NaN,NaN,NaN,-34.63892533333333,17.49377683333333
278.076,9.177460957603765,34.6912803181538,37.14776984930075,230.9850875493242,2026-06-25 04:22:07.472275,NaN,NaN,NaN,-34.63892533333333,17.49377683333333
278.301,9.173940410467463,34.690464718147744,37.144838887204926,231.1880016133746,2026-06-25 04:22:07.397295,NaN,NaN,NaN,-34.63892533333333,17.49377683333333
278.481,9.168503806642772,34.68966635755575,37.139715210631195,231.24104680915207,2026-06-25 04:22:07.322315,NaN,NaN,NaN,-34.63892533333333,17.49377683333333
278.71799999999996,9.151914541849496,34.68812003838391,37.12258209665803,231.27100229312174,2026-06-25 04:22:07.172354,NaN,NaN,NaN,-34.63892533333333,17.49377683333333
279.1775,9.130058209015843,34.6866334442728,37.098098487854855,231.32150131415654,2026-06-25 04:22:07.022393,NaN,NaN,NaN,-34.63892533333333,17.49377683333333
279.256,9.110732962980505,34.68545396251135,37.07500150183209,231.53245701839452,2026-06-25 04:22:06.897425,NaN,NaN,NaN,-34.63892533333333,17.49377683333333
279.4415,9.111028862019428,34.685449986396584,37.07536147192181,231.4993607482819,2026-06-25 04:22:06.897425,NaN,NaN,NaN,-34.63892533333333,17.49377683333333
279.694,9.097658016240864,34.68453972014485,37.05928986700175,231.24159826894774,2026-06-25 04:22:06.797451,NaN,NaN,NaN,-34.63892533333333,17.49377683333333
279.83299999999997,9.090031590135062,34.68387917739905,37.050389066810396,231.2977942966807,2026-06-25 04:22:06.722471,NaN,NaN,NaN,-34.63892533333333,17.49377683333333
280.071,9.083793239828628,34.68323488066344,37.04341744324782,231.34421100232342,2026-06-25 04:22:06.647490,NaN,NaN,NaN,-34.63892533333333,17.49377683333333
280.3125,9.074488844856445,34.682007574314675,37.03395514296189,231.44814921510337,2026-06-25 04:22:06.497530,NaN,NaN,NaN,-34.63892533333333,17.49377683333333
280.459,9.074380940573674,34.68200347915431,37.03385563832311,231.47629478139618,2026-06-25 04:22:06.497530,NaN,NaN,NaN,-34.63892533333333,17.49377683333333
280.7015,9.073662410381411,34.68183098382141,37.0330545455023,231.27132368951993,2026-06-25 04:22:06.472536,NaN,NaN,NaN,-34.63892533333333,17.49377683333333
280.85,9.069314638135495,34.681223482680146,37.02877489491975,231.4701510279354,2026-06-25 04:22:06.397556,NaN,NaN,NaN,-34.63892533333333,17.49377683333333
281.025,9.063555901149991,34.680295383659455,37.02270772423617,231.38437017360286,2026-06-25 04:22:06.272588,NaN,NaN,NaN,-34.63892533333333,17.49377683333333
281.329,9.0587058442473,34.67958847947271,37.017894193199496,231.2576946163758,2026-06-25 04:22:06.172614,NaN,NaN,NaN,-34.63892533333333,17.49377683333333
281.52,9.054826313502854,34.679078288684224,37.01425931797576,231.30628098725984,2026-06-25 04:22:06.097634,NaN,NaN,NaN,-34.63892533333333,17.49377683333333
281.67,9.052142931737597,34.678748697310915,37.01181676317676,231.3331908704196,2026-06-25 04:22:06.047647,NaN,NaN,NaN,-34.63892533333333,17.49377683333333
281.877,9.048062357236239,34.67826988970782,37.00822678577073,231.36991391820618,2026-06-25 04:22:05.972666,NaN,NaN,NaN,-34.63892533333333,17.49377683333333
282.096,9.042750291887632,34.67765700970687,37.00382439645271,231.41884339154163,2026-06-25 04:22:05.872692,NaN,NaN,NaN,-34.63892533333333,17.49377683333333
282.248,9.039030175764358,34.67721613113047,37.00095345333806,231.45311448096788,2026-06-25 04:22:05.797712,NaN,NaN,NaN,-34.63892533333333,17.49377683333333
282.54949999999997,9.035755259034758,34.67679355581252,36.99855807783074,231.16994384390222,2026-06-25 04:22:05.722732,NaN,NaN,NaN,-34.63892533333333,17.49377683333333
282.8365,9.03217418417513,34.67625381541806,36.99589392350049,231.35316009439043,2026-06-25 04:22:05.622758,NaN,NaN,NaN,-34.63892533333333,17.49377683333333
283.048,9.029509879101436,34.67574157008765,36.993573805266024,231.20297894000782,2026-06-25 04:22:05.522784,NaN,NaN,NaN,-34.63892533333333,17.49377683333333
283.3413333333333,9.026660576846488,34.675139439687165,36.99024140334756,231.1499998636061,2026-06-25 04:22:05.397816,NaN,NaN,NaN,-34.63892533333333,17.49377683333333
283.619,9.023089555720343,34.67457339721422,36.985444086181246,230.9382826149213,2026-06-25 04:22:05.272849,NaN,NaN,NaN,-34.63892533333333,17.49377683333333
283.903,9.0202478023751,34.67425131248159,36.98156978934815,230.66821253498097,2026-06-25 04:22:05.197868,NaN,NaN,NaN,-34.63892533333333,17.49377683333333
284.131,9.015803952316958,34.67384448248294,36.97555151628619,230.7123701468962,2026-06-25 04:22:05.097894,NaN,NaN,NaN,-34.63892533333333,17.49377683333333
284.216,9.015810222016563,34.67384192669474,36.97554522295887,230.69095316048663,2026-06-25 04:22:05.097894,NaN,NaN,NaN,-34.63892533333333,17.49377683333333
284.47900000000004,9.010255053059868,34.67335933664772,36.968215511065914,230.58076144198162,2026-06-25 04:22:04.972927,NaN,NaN,NaN,-34.63892533333333,17.49377683333333
284.7683333333334,9.004878018987833,34.67284900508934,36.96187903803983,230.23694041606325,2026-06-25 04:22:04.831297,NaN,NaN,NaN,-34.63892533333333,17.49377683333333
285.017,9.003668473548837,34.672730100800635,36.96047207051298,230.1471497526083,2026-06-25 04:22:04.797973,NaN,NaN,NaN,-34.63892533333333,17.49377683333333
285.2165,8.999517545083624,34.67231123669505,36.956729338904886,230.19685041932902,2026-06-25 04:22:04.673005,NaN,NaN,NaN,-34.63892533333333,17.49377683333333
285.652,8.995611467191404,34.671913527021346,36.95360784644627,229.88574569233953,2026-06-25 04:22:04.548038,NaN,NaN,NaN,-34.63892533333333,17.49377683333333
285.848,8.990946060086866,34.671458854685255,36.950094579768056,229.93547367991502,2026-06-25 04:22:04.398077,NaN,NaN,NaN,-34.63892533333333,17.49377683333333
286.10699999999997,8.990925496000546,34.67145776336763,36.950141652556496,229.78212474659162,2026-06-25 04:22:04.398077,NaN,NaN,NaN,-34.63892533333333,17.49377683333333
286.3645,8.985400455867932,34.67095317495983,36.94727550868163,229.67774391455885,2026-06-25 04:22:04.223122,NaN,NaN,NaN,-34.63892533333333,17.49377683333333
286.437,8.985583466317975,34.67095174251105,36.94754908921151,229.51796259669524,2026-06-25 04:22:04.223122,NaN,NaN,NaN,-34.63892533333333,17.49377683333333
286.868,8.982050275001166,34.670417445408155,36.947901971143715,229.05154595175168,2026-06-25 04:22:04.031506,NaN,NaN,NaN,-34.63892533333333,17.49377683333333
287.06,8.981655445467092,34.670325282753005,36.94822901122635,229.0429534442112,2026-06-25 04:22:03.998181,NaN,NaN,NaN,-34.63892533333333,17.49377683333333
287.326,8.982115978045469,34.66991449294912,36.95070394459643,228.88489549697155,2026-06-25 04:22:03.848220,NaN,NaN,NaN,-34.63892533333333,17.49377683333333
287.498,8.982400423008464,34.669777556447116,36.95129139109043,228.87807249930557,2026-06-25 04:22:03.798233,NaN,NaN,NaN,-34.63892533333333,17.49377683333333
287.631,8.9827394145987,34.66936473525444,36.951266693429666,228.71556922362183,2026-06-25 04:22:03.648272,NaN,NaN,NaN,-34.63892533333333,17.49377683333333
288.058,8.982580948571858,34.66936432150868,36.951042931360675,228.71523859317716,2026-06-25 04:22:03.648272,NaN,NaN,NaN,-34.63892533333333,17.49377683333333
288.289,8.98155259601267,34.669085592046336,36.94899634585885,228.74712400950062,2026-06-25 04:22:03.548298,NaN,NaN,NaN,-34.63892533333333,17.49377683333333
288.546,8.980432155049792,34.66894435385202,36.94728908154396,228.7666692079826,2026-06-25 04:22:03.498311,NaN,NaN,NaN,-34.63892533333333,17.49377683333333
288.6546666666666,8.97726050138244,34.66865718989547,36.94312466530107,228.8014573091893,2026-06-25 04:22:03.398337,NaN,NaN,NaN,-34.63892533333333,17.49377683333333
289.14700000000005,8.971131540427688,34.6682141653079,36.936419462470994,228.69881129745696,2026-06-25 04:22:03.248376,NaN,NaN,NaN,-34.63892533333333,17.49377683333333
289.41949999999997,8.968801393582286,34.668062662189534,36.93422473458743,228.72280430381485,2026-06-25 04:22:03.198390,NaN,NaN,NaN,-34.63892533333333,17.49377683333333
289.679,8.962544362219948,34.66767505233376,36.92888667994544,228.44921582159768,2026-06-25 04:22:03.073422,NaN,NaN,NaN,-34.63892533333333,17.49377683333333
289.91949999999997,8.957192241433194,34.667353311039676,36.924462925792355,228.5030589930748,2026-06-25 04:22:02.973448,NaN,NaN,NaN,-34.63892533333333,17.49377683333333
290.3143333333333,8.949960226302775,34.66693548077213,36.91785213756831,228.3891080110758,2026-06-25 04:22:02.848481,NaN,NaN,NaN,-34.63892533333333,17.49377683333333
290.59,8.943675847281343,34.66658981058408,36.91146512639914,228.47014654559283,2026-06-25 04:22:02.748507,NaN,NaN,NaN,-34.63892533333333,17.49377683333333
290.766,8.940338269703211,34.666412015601956,36.90783716550687,228.511119484158,2026-06-25 04:22:02.698520,NaN,NaN,NaN,-34.63892533333333,17.49377683333333
291.09425,8.932013818201582,34.66595202858848,36.8985039216241,228.27116758512054,2026-06-25 04:22:02.573552,NaN,NaN,NaN,-34.63892533333333,17.49377683333333
291.29949999999997,8.922960960842566,34.66537779921089,36.88844208463844,228.3253287272082,2026-06-25 04:22:02.423591,NaN,NaN,NaN,-34.63892533333333,17.49377683333333
291.73350000000005,8.917905980564331,34.66497773953044,36.883089207956935,228.37242125417032,2026-06-25 04:22:02.323618,NaN,NaN,NaN,-34.63892533333333,17.49377683333333
291.81,8.914406798755637,34.66466955893913,36.879537456674484,228.40786471604562,2026-06-25 04:22:02.248637,NaN,NaN,NaN,-34.63892533333333,17.49377683333333
292.0555,8.911002931215489,34.66435326960375,36.87617281043117,228.44090475682978,2026-06-25 04:22:02.173657,NaN,NaN,NaN,-34.63892533333333,17.49377683333333
292.358,8.907603357617196,34.664030545947085,36.872805270638445,228.47084887666682,2026-06-25 04:22:02.098676,NaN,NaN,NaN,-34.63892533333333,17.49377683333333
292.5036666666667,8.902970194380764,34.66358758968244,36.86808958440039,228.50794983377128,2026-06-25 04:22:01.998702,NaN,NaN,NaN,-34.63892533333333,17.49377683333333
292.666,8.895716301455879,34.66313432399694,36.86046517536273,228.5832127524071,2026-06-25 04:22:01.848741,NaN,NaN,NaN,-34.63892533333333,17.49377683333333
292.853,8.89818621962262,34.66290266540315,36.86309312312069,228.56195433683877,2026-06-25 04:22:01.898728,NaN,NaN,NaN,-34.63892533333333,17.49377683333333
293.11199999999997,8.891939480507158,34.662549363184866,36.85647407957853,228.6316583909456,2026-06-25 04:22:01.773761,NaN,NaN,NaN,-34.63892533333333,17.49377683333333
293.346,8.888109040471843,34.662190426265276,36.852527551782295,228.666843266142,2026-06-25 04:22:01.698780,NaN,NaN,NaN,-34.63892533333333,17.49377683333333
293.6653333333333,8.882897523840022,34.66170114404969,36.84738338564867,228.70089835476705,2026-06-25 04:22:01.598806,NaN,NaN,NaN,-34.63892533333333,17.49377683333333
293.927,8.87747117065563,34.661203473685276,36.84213099564121,228.75386511633627,2026-06-25 04:22:01.498833,NaN,NaN,NaN,-34.63892533333333,17.49377683333333
294.043,8.871447971728127,34.660695704179226,36.836246997376726,228.81943132831682,2026-06-25 04:22:01.398859,NaN,NaN,NaN,-34.63892533333333,17.49377683333333
294.23266666666666,8.86914543811126,34.6605229592497,36.83386828795808,228.84255483903894,2026-06-25 04:22:01.365534,NaN,NaN,NaN,-34.63892533333333,17.49377683333333
294.4955,8.859316113097094,34.65978733369249,36.82360322680732,229.1012472499975,2026-06-25 04:22:01.223904,NaN,NaN,NaN,-34.63892533333333,17.49377683333333
294.938,8.853802924169484,34.65939178356816,36.81764387169659,229.31564863438382,2026-06-25 04:22:01.148924,NaN,NaN,NaN,-34.63892533333333,17.49377683333333
295.1003333333333,8.846713545577154,34.65885868794974,36.80995825266591,229.0409723600102,2026-06-25 04:22:01.048950,NaN,NaN,NaN,-34.63892533333333,17.49377683333333
295.375,8.837404200465194,34.65805156075898,36.79995458063494,229.13489095564356,2026-06-25 04:22:00.898989,NaN,NaN,NaN,-34.63892533333333,17.49377683333333
295.545,8.835262861142686,34.657779950309994,36.79778866477728,229.14619928896326,2026-06-25 04:22:00.849002,NaN,NaN,NaN,-34.63892533333333,17.49377683333333
295.631,8.832652755200575,34.657509302675614,36.795037679592504,229.16982012202894,2026-06-25 04:22:00.799015,NaN,NaN,NaN,-34.63892533333333,17.49377683333333
296.0415,8.827327430780985,34.65669318038372,36.7900942126043,229.21888666054605,2026-06-25 04:22:00.649054,NaN,NaN,NaN,-34.63892533333333,17.49377683333333
296.29949999999997,8.82575556020148,34.65642111429263,36.78877966745369,229.23730297214422,2026-06-25 04:22:00.599067,NaN,NaN,NaN,-34.63892533333333,17.49377683333333
296.498,8.822705211537741,34.65587754082358,36.78633865109245,229.26486678634888,2026-06-25 04:22:00.499093,NaN,NaN,NaN,-34.63892533333333,17.49377683333333
296.73299999999995,8.81948631045799,34.65533674016259,36.78363661192309,229.2991970444186,2026-06-25 04:22:00.399119,NaN,NaN,NaN,-34.63892533333333,17.49377683333333
296.8965,8.817744629846171,34.655067450578656,36.782106415901325,229.3193525308474,2026-06-25 04:22:00.349132,NaN,NaN,NaN,-34.63892533333333,17.49377683333333
297.118,8.813905083048645,34.654531512351824,36.77858908891434,229.35116523335563,2026-06-25 04:22:00.249158,NaN,NaN,NaN,-34.63892533333333,17.49377683333333
297.49325000000005,8.807584333865098,34.65387136977636,36.77225426953483,229.41251040821828,2026-06-25 04:22:00.124191,NaN,NaN,NaN,-34.63892533333333,17.49377683333333
297.9235,8.79794204284806,34.653092159549516,36.762066214401784,229.84307740287494,2026-06-25 04:21:59.974230,NaN,NaN,NaN,-34.63892533333333,17.49377683333333
298.187,8.792137780155786,34.65271019157211,36.75581673142017,229.9092365280519,2026-06-25 04:21:59.899249,NaN,NaN,NaN,-34.63892533333333,17.49377683333333
298.584,8.788034899654367,34.65245889044249,36.75142620918561,229.9494228858916,2026-06-25 04:21:59.849263,NaN,NaN,NaN,-34.63892533333333,17.49377683333333
298.6345,8.781812553195689,34.65208743466896,36.74482776004665,229.83922088652267,2026-06-25 04:21:59.774282,NaN,NaN,NaN,-34.63892533333333,17.49377683333333
298.89175,8.770299267537414,34.65136594013948,36.73269945482588,229.76412109191796,2026-06-25 04:21:59.624321,NaN,NaN,NaN,-34.63892533333333,17.49377683333333
299.3665,8.760850146479859,34.65067164021436,36.72280420098288,229.85336106394334,2026-06-25 04:21:59.474360,NaN,NaN,NaN,-34.63892533333333,17.49377683333333
299.415,8.757241874235778,34.65033753413354,36.71914407380981,229.88015672331113,2026-06-25 04:21:59.399380,NaN,NaN,NaN,-34.63892533333333,17.49377683333333
299.641,8.755280750748748,34.650120137845995,36.717197052452825,229.90391353249674,2026-06-25 04:21:59.349393,NaN,NaN,NaN,-34.63892533333333,17.49377683333333
299.9035,8.752487743795804,34.649700206554385,36.71439823950988,229.92889441957027,2026-06-25 04:21:59.249419,NaN,NaN,NaN,-34.63892533333333,17.49377683333333
300.089,8.752333778477901,34.64969799277335,36.71426066320809,229.93159676302096,2026-06-25 04:21:59.249419,NaN,NaN,NaN,-34.63892533333333,17.49377683333333
300.3246666666667,8.750213312035685,34.64909986994355,36.71195136093355,229.93463411425378,2026-06-25 04:21:59.099458,NaN,NaN,NaN,-34.63892533333333,17.49377683333333
300.594,8.749771642760782,34.64872217235956,36.711376901426036,229.6210771538122,2026-06-25 04:21:58.999484,NaN,NaN,NaN,-34.63892533333333,17.49377683333333
300.89166666666665,8.749801153229393,34.648367775622305,36.71143527185894,229.9492770131359,2026-06-25 04:21:58.899510,NaN,NaN,NaN,-34.63892533333333,17.49377683333333
301.16,8.749950601689568,34.64803068180199,36.71171695443119,229.94988768355478,2026-06-25 04:21:58.799536,NaN,NaN,NaN,-34.63892533333333,17.49377683333333
301.302,8.750076595212862,34.647793905564605,36.711977185422555,229.9547641823451,2026-06-25 04:21:58.724556,NaN,NaN,NaN,-34.63892533333333,17.49377683333333
301.506,8.750159583053993,34.64756811346694,36.71217733405904,229.96048349980396,2026-06-25 04:21:58.649575,NaN,NaN,NaN,-34.63892533333333,17.49377683333333
301.784,8.750161717550359,34.64735632778452,36.71223402611512,229.95995538161662,2026-06-25 04:21:58.574595,NaN,NaN,NaN,-34.63892533333333,17.49377683333333
302.112,8.750081689561972,34.6471559477038,36.71215326896534,229.633773643317,2026-06-25 04:21:58.499614,NaN,NaN,NaN,-34.63892533333333,17.49377683333333
302.298,8.749760227954116,34.646910026483575,36.71182731885276,229.6413896629668,2026-06-25 04:21:58.399640,NaN,NaN,NaN,-34.63892533333333,17.49377683333333
302.4766666666667,8.749401997346503,34.64680379412774,36.71161065047315,229.68095549284988,2026-06-25 04:21:58.349653,NaN,NaN,NaN,-34.63892533333333,17.49377683333333
302.68600000000004,8.74874871651252,34.6465884396306,36.711218903442855,229.82540871692908,2026-06-25 04:21:58.249679,NaN,NaN,NaN,-34.63892533333333,17.49377683333333
302.826,8.747941939129584,34.64639901192777,36.71090857042469,229.67533632502963,2026-06-25 04:21:58.149706,NaN,NaN,NaN,-34.63892533333333,17.49377683333333
303.1635,8.747424848620946,34.646275841254976,36.710772218301614,229.67054308634627,2026-06-25 04:21:58.074725,NaN,NaN,NaN,-34.63892533333333,17.49377683333333
303.425,8.747036315276286,34.646164831723375,36.7106646621376,229.6790791860334,2026-06-25 04:21:57.999745,NaN,NaN,NaN,-34.63892533333333,17.49377683333333
303.63800000000003,8.746796014199536,34.64606905578381,36.7105541858041,229.68633779118957,2026-06-25 04:21:57.924764,NaN,NaN,NaN,-34.63892533333333,17.49377683333333
303.92133333333334,8.746649275911453,34.64593989293101,36.71034597408037,229.46576276203453,2026-06-25 04:21:57.799797,NaN,NaN,NaN,-34.63892533333333,17.49377683333333
304.30449999999996,8.74677398772001,34.64584615295337,36.710210803092096,229.36015257499184,2026-06-25 04:21:57.674829,NaN,NaN,NaN,-34.63892533333333,17.49377683333333
304.498,8.746905569930195,34.6458080138112,36.71021144518091,229.36153069160346,2026-06-25 04:21:57.599849,NaN,NaN,NaN,-34.63892533333333,17.49377683333333
304.682,8.746980765065285,34.64578482114459,36.71028694986761,229.3667669092016,2026-06-25 04:21:57.524868,NaN,NaN,NaN,-34.63892533333333,17.49377683333333
304.915,8.746986085173743,34.64578482114459,36.710421922900665,229.04724782255474,2026-06-25 04:21:57.449888,NaN,NaN,NaN,-34.63892533333333,17.49377683333333
305.016,8.746929009545457,34.64578482114459,36.71059559216687,229.04673281618298,2026-06-25 04:21:57.374907,NaN,NaN,NaN,-34.63892533333333,17.49377683333333
305.357,8.746811996791687,34.6458091806142,36.71078501793823,229.04895219035328,2026-06-25 04:21:57.249940,NaN,NaN,NaN,-34.63892533333333,17.49377683333333
305.45849999999996,8.746813785657412,34.64581200012259,36.71076163855471,228.89114264539177,2026-06-25 04:21:57.249940,NaN,NaN,NaN,-34.63892533333333,17.49377683333333
305.716,8.746700915629612,34.64587822289576,36.71070736788563,228.56580012033922,2026-06-25 04:21:57.124973,NaN,NaN,NaN,-34.63892533333333,17.49377683333333
306.10749999999996,8.746543165555302,34.645957547669695,36.710542001080185,228.4137515567099,2026-06-25 04:21:57.024999,NaN,NaN,NaN,-34.63892533333333,17.49377683333333
306.219,8.746328753845345,34.646030376957995,36.71039349141454,228.41036043825093,2026-06-25 04:21:56.950018,NaN,NaN,NaN,-34.63892533333333,17.49377683333333
306.543,8.745966690053722,34.646116181933635,36.71021062732821,228.25339390736642,2026-06-25 04:21:56.875038,NaN,NaN,NaN,-34.63892533333333,17.49377683333333
306.644,8.745447990889161,34.64621210442729,36.70997418439232,228.0985863559936,2026-06-25 04:21:56.800057,NaN,NaN,NaN,-34.63892533333333,17.49377683333333
306.842,8.744981751008618,34.646282644193256,36.709761839344644,227.7867283097945,2026-06-25 04:21:56.750070,NaN,NaN,NaN,-34.63892533333333,17.49377683333333
307.12966666666665,8.743809499201687,34.646439636912284,36.70917090273645,227.8075486399708,2026-06-25 04:21:56.650096,NaN,NaN,NaN,-34.63892533333333,17.49377683333333
307.218,8.742551469545836,34.64661203578651,36.70847267806236,227.49037907009517,2026-06-25 04:21:56.550122,NaN,NaN,NaN,-34.63892533333333,17.49377683333333
307.536,8.741441495232099,34.64680571210489,36.707851765624724,227.33953542033083,2026-06-25 04:21:56.450149,NaN,NaN,NaN,-34.63892533333333,17.49377683333333
307.832,8.74094616531368,34.64690778669517,36.70759745144636,227.1854983808648,2026-06-25 04:21:56.400162,NaN,NaN,NaN,-34.63892533333333,17.49377683333333
308.05,8.740078036413694,34.6471221246928,36.70720720796731,227.18812631408156,2026-06-25 04:21:56.300188,NaN,NaN,NaN,-34.63892533333333,17.49377683333333
308.342,8.73948772540993,34.64735507368176,36.70699095149161,227.19820084430688,2026-06-25 04:21:56.200214,NaN,NaN,NaN,-34.63892533333333,17.49377683333333
308.448,8.739057305711095,34.647600033809475,36.70673842620889,226.56417398226017,2026-06-25 04:21:56.050253,NaN,NaN,NaN,-34.63892533333333,17.49377683333333
308.669,8.739118177522792,34.64772821420059,36.70682255780387,226.88736850193445,2026-06-25 04:21:56.100240,NaN,NaN,NaN,-34.63892533333333,17.49377683333333
308.986,8.739085389025044,34.64785962921012,36.706651587487265,226.56911863849055,2026-06-25 04:21:56.000266,NaN,NaN,NaN,-34.63892533333333,17.49377683333333
309.015,8.739209503118452,34.64799415377373,36.70657210228977,226.24039916851075,2026-06-25 04:21:55.950279,NaN,NaN,NaN,-34.63892533333333,17.49377683333333
309.274,8.739579426313707,34.648201844854306,36.70650882483693,226.23540875982857,2026-06-25 04:21:55.875298,NaN,NaN,NaN,-34.63892533333333,17.49377683333333
309.74249999999995,8.740302093648038,34.64848797318241,36.70661269474569,225.75582484924246,2026-06-25 04:21:55.775324,NaN,NaN,NaN,-34.63892533333333,17.49377683333333
310.08500000000004,8.741642804323606,34.64891187443374,36.70757891226431,225.5416137785268,2026-06-25 04:21:55.633695,NaN,NaN,NaN,-34.63892533333333,17.49377683333333
310.364,8.741963972006895,34.6490122656653,36.70781826692432,225.2683600068789,2026-06-25 04:21:55.600370,NaN,NaN,NaN,-34.63892533333333,17.49377683333333
310.76,8.74349175266553,34.64940323540599,36.71002326527146,224.62352002918672,2026-06-25 04:21:55.475403,NaN,NaN,NaN,-34.63892533333333,17.49377683333333
310.911,8.74633380056757,34.64972390389232,36.71490957749326,223.95752873625662,2026-06-25 04:21:55.300448,NaN,NaN,NaN,-34.63892533333333,17.49377683333333
311.0155,8.745020850108435,34.649968310024434,36.71262028171563,224.1323363949861,2026-06-25 04:21:55.375429,NaN,NaN,NaN,-34.63892533333333,17.49377683333333
311.301,8.74816819442588,34.65029908599209,36.71815661963504,223.31158398266095,2026-06-25 04:21:55.200474,NaN,NaN,NaN,-34.63892533333333,17.49377683333333
311.4556666666667,8.748722071624075,34.65041119123196,36.719178901877086,223.597127200715,2026-06-25 04:21:55.167150,NaN,NaN,NaN,-34.63892533333333,17.49377683333333
311.89099999999996,8.750933612472952,34.65088813460639,36.72329162047009,222.8262639709665,2026-06-25 04:21:55.025520,NaN,NaN,NaN,-34.63892533333333,17.49377683333333
312.177,8.751829557059645,34.651143384467986,36.725064590746186,222.6668023027375,2026-06-25 04:21:54.950539,NaN,NaN,NaN,-34.63892533333333,17.49377683333333
312.385,8.75231493729571,34.651314306478405,36.72609179656538,222.66265790066728,2026-06-25 04:21:54.900552,NaN,NaN,NaN,-34.63892533333333,17.49377683333333
312.41650000000004,8.752888682721915,34.6515715007924,36.72745361972996,222.34346138825632,2026-06-25 04:21:54.825572,NaN,NaN,NaN,-34.63892533333333,17.49377683333333
312.752,8.753312435519382,34.651829246739226,36.72865264894903,222.34970227010203,2026-06-25 04:21:54.750592,NaN,NaN,NaN,-34.63892533333333,17.49377683333333
312.961,8.753493912385215,34.65200127721113,36.72932838013586,222.34349994045752,2026-06-25 04:21:54.700605,NaN,NaN,NaN,-34.63892533333333,17.49377683333333
313.069,8.753598200906756,34.6521733357183,36.729891351540125,222.34738585684056,2026-06-25 04:21:54.650618,NaN,NaN,NaN,-34.63892533333333,17.49377683333333
313.2736666666667,8.75351194179636,34.6525170818604,36.73057096110696,222.0353441395233,2026-06-25 04:21:54.550644,NaN,NaN,NaN,-34.63892533333333,17.49377683333333
313.431,8.75259787304785,34.652860013987144,36.73050649980984,221.7238502860741,2026-06-25 04:21:54.400683,NaN,NaN,NaN,-34.63892533333333,17.49377683333333
313.618,8.753057458550137,34.65303086246964,36.73072989330667,221.72676437590863,2026-06-25 04:21:54.450670,NaN,NaN,NaN,-34.63892533333333,17.49377683333333
314.065,8.751558615344234,34.653286117554686,36.729757628473195,221.7417763707557,2026-06-25 04:21:54.325702,NaN,NaN,NaN,-34.63892533333333,17.49377683333333
314.272,8.749559647442856,34.65362439693108,36.72806152136311,221.45793011624872,2026-06-25 04:21:54.225728,NaN,NaN,NaN,-34.63892533333333,17.49377683333333
314.492,8.747016374376338,34.653959731896094,36.725691201228486,221.17731739917303,2026-06-25 04:21:54.125754,NaN,NaN,NaN,-34.63892533333333,17.49377683333333
314.665,8.745019730137125,34.6542091230398,36.72372207944956,221.19557806222042,2026-06-25 04:21:54.050774,NaN,NaN,NaN,-34.63892533333333,17.49377683333333
315.01,8.743211788455021,34.65445616276006,36.721844744137904,220.89538718706874,2026-06-25 04:21:53.975793,NaN,NaN,NaN,-34.63892533333333,17.49377683333333
315.372,8.741680291178486,34.65470117342398,36.72018681658019,220.90967592868444,2026-06-25 04:21:53.900813,NaN,NaN,NaN,-34.63892533333333,17.49377683333333
315.568,8.739864022751007,34.65486308758845,36.718193466739066,220.92028881396044,2026-06-25 04:21:53.775846,NaN,NaN,NaN,-34.63892533333333,17.49377683333333
315.658,8.740857458434036,34.65510370251327,36.719270336918484,220.9124182730992,2026-06-25 04:21:53.850826,NaN,NaN,NaN,-34.63892533333333,17.49377683333333
315.979,8.739026341111943,34.65534197662683,36.71739316278607,220.93132836324313,2026-06-25 04:21:53.700865,NaN,NaN,NaN,-34.63892533333333,17.49377683333333
316.077,8.73824465168223,34.655577217305535,36.71688288907829,220.77286042415227,2026-06-25 04:21:53.625885,NaN,NaN,NaN,-34.63892533333333,17.49377683333333
316.48,8.737086728426082,34.65588669392095,36.71644472850167,220.6457251350373,2026-06-25 04:21:53.525911,NaN,NaN,NaN,-34.63892533333333,17.49377683333333
316.619,8.736059168155299,34.656115604277495,36.716152330020236,220.65357563027456,2026-06-25 04:21:53.450930,NaN,NaN,NaN,-34.63892533333333,17.49377683333333
316.94,8.734886345662018,34.65634126780891,36.715711720927196,220.50655643045909,2026-06-25 04:21:53.375950,NaN,NaN,NaN,-34.63892533333333,17.49377683333333
317.144,8.733623122755018,34.656564316475894,36.71505857806287,220.36235308686267,2026-06-25 04:21:53.300969,NaN,NaN,NaN,-34.63892533333333,17.49377683333333
317.317,8.732723248920172,34.65671127060299,36.71445933304774,220.37179146061632,2026-06-25 04:21:53.250982,NaN,NaN,NaN,-34.63892533333333,17.49377683333333
317.519,8.731299729359662,34.6569290950699,36.713349794174945,220.38928466521108,2026-06-25 04:21:53.176002,NaN,NaN,NaN,-34.63892533333333,17.49377683333333
317.688,8.72984567594369,34.65714433302974,36.71211834130726,220.09933405389944,2026-06-25 04:21:53.101022,NaN,NaN,NaN,-34.63892533333333,17.49377683333333
317.882,8.728907128483913,34.65728612037813,36.711295230940436,220.10916483532853,2026-06-25 04:21:53.051035,NaN,NaN,NaN,-34.63892533333333,17.49377683333333
318.07950000000005,8.727658609179244,34.65749629259334,36.7102121815245,220.1116121709344,2026-06-25 04:21:52.976054,NaN,NaN,NaN,-34.63892533333333,17.49377683333333
318.4625,8.726381661944899,34.657772444139596,36.709214063732475,220.12653757212811,2026-06-25 04:21:52.876080,NaN,NaN,NaN,-34.63892533333333,17.49377683333333
318.625,8.725741047164442,34.657976591105076,36.708842197681456,219.8241567190615,2026-06-25 04:21:52.801100,NaN,NaN,NaN,-34.63892533333333,17.49377683333333
318.8385,8.725411058023461,34.658177896734,36.70876760595179,219.9792332800345,2026-06-25 04:21:52.726119,NaN,NaN,NaN,-34.63892533333333,17.49377683333333
319.10249999999996,8.725327732363219,34.65844270841303,36.70890270085646,219.82315660893096,2026-06-25 04:21:52.626145,NaN,NaN,NaN,-34.63892533333333,17.49377683333333
319.324,8.725446497166095,34.65863875761318,36.70911039165627,219.8209515772287,2026-06-25 04:21:52.551165,NaN,NaN,NaN,-34.63892533333333,17.49377683333333
319.70166666666665,8.725660005330703,34.65889638355643,36.709504653188866,219.83006725199067,2026-06-25 04:21:52.451191,NaN,NaN,NaN,-34.63892533333333,17.49377683333333
320.0455,8.725791719251939,34.65921413912141,36.71011137580604,219.83085139687228,2026-06-25 04:21:52.326223,NaN,NaN,NaN,-34.63892533333333,17.49377683333333
320.3585,8.725719404501833,34.65940247216042,36.71083246918374,219.52415248850517,2026-06-25 04:21:52.176263,NaN,NaN,NaN,-34.63892533333333,17.49377683333333
320.403,8.725776904865656,34.65958911810549,36.71049318246892,219.5222824868833,2026-06-25 04:21:52.251243,NaN,NaN,NaN,-34.63892533333333,17.49377683333333
320.721,8.725516090809807,34.659836030810155,36.71153298364698,219.52985550200117,2026-06-25 04:21:52.001308,NaN,NaN,NaN,-34.63892533333333,17.49377683333333
320.841,8.725612827323861,34.66001995280213,36.711238779181386,219.52854123058734,2026-06-25 04:21:52.076289,NaN,NaN,NaN,-34.63892533333333,17.49377683333333
321.1055,8.725407935326519,34.660202849118185,36.711800281792264,219.53716866059824,2026-06-25 04:21:51.926328,NaN,NaN,NaN,-34.63892533333333,17.49377683333333
321.329,8.725214005867079,34.66050614382766,36.71208658830656,219.21993551642035,2026-06-25 04:21:51.801360,NaN,NaN,NaN,-34.63892533333333,17.49377683333333
321.492,8.725203399878598,34.660506238484004,36.7120576745998,219.53272664308372,2026-06-25 04:21:51.801360,NaN,NaN,NaN,-34.63892533333333,17.49377683333333
321.991,8.724771570756142,34.660868758904336,36.71196562806106,219.2491941737397,2026-06-25 04:21:51.651399,NaN,NaN,NaN,-34.63892533333333,17.49377683333333
322.0975,8.7247467292026,34.66086877069,36.71193855209374,219.5492060242913,2026-06-25 04:21:51.651399,NaN,NaN,NaN,-34.63892533333333,17.49377683333333
322.359,8.724249456731416,34.66111024869397,36.71160913349094,219.24093103984026,2026-06-25 04:21:51.551425,NaN,NaN,NaN,-34.63892533333333,17.49377683333333
322.534,8.723679005710066,34.66135206591279,36.711097362712465,219.25564138100432,2026-06-25 04:21:51.451451,NaN,NaN,NaN,-34.63892533333333,17.49377683333333
322.62,8.723679680739544,34.661352161309146,36.71109099221539,219.25120409617438,2026-06-25 04:21:51.451451,NaN,NaN,NaN,-34.63892533333333,17.49377683333333
322.9135,8.722979631926965,34.66165549729384,36.710406678889406,219.2588239924471,2026-06-25 04:21:51.326484,NaN,NaN,NaN,-34.63892533333333,17.49377683333333
323.068,8.722345522969258,34.66183839533552,36.70984863212527,219.26668820526163,2026-06-25 04:21:51.201517,NaN,NaN,NaN,-34.63892533333333,17.49377683333333
323.263,8.722586866682185,34.66196083185983,36.71004747327469,219.26725617936606,2026-06-25 04:21:51.251504,NaN,NaN,NaN,-34.63892533333333,17.49377683333333
323.44,8.721920285143256,34.662207061507374,36.70951953051608,218.96997197668762,2026-06-25 04:21:51.101543,NaN,NaN,NaN,-34.63892533333333,17.49377683333333
323.6625,8.721934578953647,34.66220732450269,36.7095261693008,218.96857149068185,2026-06-25 04:21:51.101543,NaN,NaN,NaN,-34.63892533333333,17.49377683333333
323.818,8.721609427156352,34.662455393420174,36.70924830109571,218.97132580484632,2026-06-25 04:21:51.001569,NaN,NaN,NaN,-34.63892533333333,17.49377683333333
324.079,8.721439105870994,34.66270615573707,36.70905637471023,218.97084464132018,2026-06-25 04:21:50.901595,NaN,NaN,NaN,-34.63892533333333,17.49377683333333
324.277,8.721402986588593,34.66279088015602,36.70905017010605,218.66438143943483,2026-06-25 04:21:50.868270,NaN,NaN,NaN,-34.63892533333333,17.49377683333333
324.553,8.721224720995869,34.663087498988894,36.70902463751359,218.66753126847973,2026-06-25 04:21:50.751634,NaN,NaN,NaN,-34.63892533333333,17.49377683333333
324.68,8.721091407525197,34.66321613027763,36.70906722880519,218.67275037248874,2026-06-25 04:21:50.701647,NaN,NaN,NaN,-34.63892533333333,17.49377683333333
324.895,8.720692243624967,34.66347583665404,36.70914346829377,218.67993672113664,2026-06-25 04:21:50.601673,NaN,NaN,NaN,-34.63892533333333,17.49377683333333
325.103,8.720676414899255,34.66347626369196,36.70912655934771,218.38107215075945,2026-06-25 04:21:50.601673,NaN,NaN,NaN,-34.63892533333333,17.49377683333333
325.332,8.720164676981897,34.66373895683161,36.70908756111003,218.3749080302281,2026-06-25 04:21:50.501699,NaN,NaN,NaN,-34.63892533333333,17.49377683333333
325.585,8.719866422969082,34.66387184599282,36.708975755356086,218.38565160203572,2026-06-25 04:21:50.451712,NaN,NaN,NaN,-34.63892533333333,17.49377683333333
325.64,8.719543375914405,34.66400564211944,36.70880093098426,218.3910713786514,2026-06-25 04:21:50.401725,NaN,NaN,NaN,-34.63892533333333,17.49377683333333
325.925,8.71884533008407,34.66427600205308,36.70829444404523,218.39335725747935,2026-06-25 04:21:50.301751,NaN,NaN,NaN,-34.63892533333333,17.49377683333333
326.04150000000004,8.71884675588931,34.66427647001484,36.708284607969766,218.23897941738335,2026-06-25 04:21:50.301751,NaN,NaN,NaN,-34.63892533333333,17.49377683333333
326.48033333333336,8.717816344049918,34.664735657071404,36.707496803587624,218.10485109624562,2026-06-25 04:21:50.135128,NaN,NaN,NaN,-34.63892533333333,17.49377683333333
326.5955,8.717508854009196,34.66496876768224,36.70737321244172,217.80307387022953,2026-06-25 04:21:50.051816,NaN,NaN,NaN,-34.63892533333333,17.49377683333333
326.962,8.717736927111034,34.665323296451724,36.70799338386336,217.4880118643124,2026-06-25 04:21:49.926849,NaN,NaN,NaN,-34.63892533333333,17.49377683333333
327.191,8.718432819754451,34.66553881776637,36.70900601326097,217.4743669851872,2026-06-25 04:21:49.851868,NaN,NaN,NaN,-34.63892533333333,17.49377683333333
327.541,8.719141474349643,34.66568366486871,36.70999362891854,217.17508443359077,2026-06-25 04:21:49.801881,NaN,NaN,NaN,-34.63892533333333,17.49377683333333
327.665,8.721055156658256,34.66597587832738,36.71267571790507,217.15620221754978,2026-06-25 04:21:49.701908,NaN,NaN,NaN,-34.63892533333333,17.49377683333333
327.842,8.721132629211295,34.66597627603416,36.71279036124268,217.00653054060288,2026-06-25 04:21:49.701908,NaN,NaN,NaN,-34.63892533333333,17.49377683333333
328.006,8.723586658378649,34.66627127050297,36.716274547969476,216.83095225477925,2026-06-25 04:21:49.601934,NaN,NaN,NaN,-34.63892533333333,17.49377683333333
328.3505,8.726686630970944,34.66656991143172,36.72082570993533,216.65082920196926,2026-06-25 04:21:49.501960,NaN,NaN,NaN,-34.63892533333333,17.49377683333333
328.44100000000003,8.728334698827236,34.666720049154904,36.72330984681709,216.48414453600034,2026-06-25 04:21:49.451973,NaN,NaN,NaN,-34.63892533333333,17.49377683333333
328.865,8.732595020243924,34.66709778196247,36.72992638789809,216.15415754308822,2026-06-25 04:21:49.327005,NaN,NaN,NaN,-34.63892533333333,17.49377683333333
329.073,8.735100118760238,34.66732603647036,36.733925955829825,216.14036949265727,2026-06-25 04:21:49.252025,NaN,NaN,NaN,-34.63892533333333,17.49377683333333
329.4605,8.738120442576893,34.66763202111018,36.73890687106368,215.8097342550543,2026-06-25 04:21:49.152051,NaN,NaN,NaN,-34.63892533333333,17.49377683333333
329.6835,8.739469510462786,34.667785383496565,36.74123930300131,215.80348564798172,2026-06-25 04:21:49.102064,NaN,NaN,NaN,-34.63892533333333,17.49377683333333
330.115,8.742882000920362,34.66816964061749,36.748596186310614,215.7769383411327,2026-06-25 04:21:48.902116,NaN,NaN,NaN,-34.63892533333333,17.49377683333333
330.2795,8.742105209656756,34.66840051645928,36.74636558732579,215.77673423813994,2026-06-25 04:21:48.977096,NaN,NaN,NaN,-34.63892533333333,17.49377683333333
330.44,8.742936271656436,34.66855439832372,36.749517185614046,215.47939437298453,2026-06-25 04:21:48.852129,NaN,NaN,NaN,-34.63892533333333,17.49377683333333
330.707,8.74223094392325,34.66878493647137,36.74979232904313,215.6453435713884,2026-06-25 04:21:48.777149,NaN,NaN,NaN,-34.63892533333333,17.49377683333333
331.084,8.739198116623996,34.669167656151515,36.74708577004009,215.6871869188493,2026-06-25 04:21:48.652181,NaN,NaN,NaN,-34.63892533333333,17.49377683333333
331.471,8.737543827195278,34.66932004916721,36.74512129494654,215.55381603030582,2026-06-25 04:21:48.602194,NaN,NaN,NaN,-34.63892533333333,17.49377683333333
331.6475,8.732741450953824,34.66969869512117,36.738680504532795,215.59525149362244,2026-06-25 04:21:48.477227,NaN,NaN,NaN,-34.63892533333333,17.49377683333333
332.16700000000003,8.726706721790748,34.670145528618114,36.730532857970864,215.64631708163853,2026-06-25 04:21:48.327266,NaN,NaN,NaN,-34.63892533333333,17.49377683333333
332.54,8.721949318508765,34.6705115250356,36.72490294247664,215.68378649482042,2026-06-25 04:21:48.202298,NaN,NaN,NaN,-34.63892533333333,17.49377683333333
332.76300000000003,8.719287770122072,34.67072640513585,36.72212457025863,215.70184336934096,2026-06-25 04:21:48.127318,NaN,NaN,NaN,-34.63892533333333,17.49377683333333
333.134,8.715816322094176,34.67100750613102,36.71859053122145,215.73549906647327,2026-06-25 04:21:48.027344,NaN,NaN,NaN,-34.63892533333333,17.49377683333333
333.343,8.713213850883339,34.67121379465882,36.71594919277509,215.76699779495226,2026-06-25 04:21:47.952364,NaN,NaN,NaN,-34.63892533333333,17.49377683333333
333.518,8.709827483404442,34.67148128158071,36.71250895173258,215.80184344782992,2026-06-25 04:21:47.852390,NaN,NaN,NaN,-34.63892533333333,17.49377683333333
333.71633333333335,8.70885690506418,34.67156655447845,36.71154852421983,215.81021529727204,2026-06-25 04:21:47.819065,NaN,NaN,NaN,-34.63892533333333,17.49377683333333
334.09,8.705521842473976,34.6718646375871,36.708273865795746,215.83093066947328,2026-06-25 04:21:47.702429,NaN,NaN,NaN,-34.63892533333333,17.49377683333333
334.262,8.704357491163583,34.671987055768284,36.70720880084284,215.83800250220114,2026-06-25 04:21:47.652442,NaN,NaN,NaN,-34.63892533333333,17.49377683333333
334.485,8.703301452840908,34.6721065288582,36.706299925376435,215.84851514656089,2026-06-25 04:21:47.602455,NaN,NaN,NaN,-34.63892533333333,17.49377683333333
334.619,8.702320890486593,34.67222289410709,36.70551883209994,215.857810164619,2026-06-25 04:21:47.552468,NaN,NaN,NaN,-34.63892533333333,17.49377683333333
334.86850000000004,8.700913382594395,34.672390807666886,36.70449998181588,215.86846584942487,2026-06-25 04:21:47.477487,NaN,NaN,NaN,-34.63892533333333,17.49377683333333
335.07349999999997,8.697939522686823,34.67265388445102,36.70228347236438,215.90338247090455,2026-06-25 04:21:47.327526,NaN,NaN,NaN,-34.63892533333333,17.49377683333333
335.351,8.698503179740467,34.67269893467779,36.70277792498034,215.90676482697953,2026-06-25 04:21:47.352520,NaN,NaN,NaN,-34.63892533333333,17.49377683333333
335.51800000000003,8.696356513427205,34.672844034476114,36.70102002286649,215.92193307805417,2026-06-25 04:21:47.252546,NaN,NaN,NaN,-34.63892533333333,17.49377683333333
335.674,8.69402076240599,34.67302111041714,36.699009378365396,215.93785821642615,2026-06-25 04:21:47.152572,NaN,NaN,NaN,-34.63892533333333,17.49377683333333
336.253,8.69109740384385,34.67317529258436,36.6964744991123,215.9596241736541,2026-06-25 04:21:47.052598,NaN,NaN,NaN,-34.63892533333333,17.49377683333333
336.75666666666666,8.683506869069854,34.6733716702421,36.689356383156195,216.02880481669985,2026-06-25 04:21:46.869313,NaN,NaN,NaN,-34.63892533333333,17.49377683333333
336.797,8.685284318013279,34.67340346391239,36.69119114966783,216.02474283942277,2026-06-25 04:21:46.902637,NaN,NaN,NaN,-34.63892533333333,17.49377683333333
337.17,8.674541437435517,34.67351419186167,36.67983349584814,216.1282908119594,2026-06-25 04:21:46.702689,NaN,NaN,NaN,-34.63892533333333,17.49377683333333
337.333,8.677399757906848,34.67354908526198,36.68301663311943,216.10569613150048,2026-06-25 04:21:46.752676,NaN,NaN,NaN,-34.63892533333333,17.49377683333333
337.55,8.671699930391345,34.67357729468979,36.67659607055983,215.85209620535446,2026-06-25 04:21:46.652702,NaN,NaN,NaN,-34.63892533333333,17.49377683333333
337.70450000000005,8.667682257943216,34.67360566373012,36.67197683448761,215.89186688196077,2026-06-25 04:21:46.577722,NaN,NaN,NaN,-34.63892533333333,17.49377683333333
337.908,8.664096350979108,34.67360566373012,36.667915311257026,215.91969669288287,2026-06-25 04:21:46.502741,NaN,NaN,NaN,-34.63892533333333,17.49377683333333
338.0845,8.661245350246492,34.67360566373012,36.66479536776471,215.9316188847805,2026-06-25 04:21:46.427761,NaN,NaN,NaN,-34.63892533333333,17.49377683333333
338.252,8.659023922936994,34.67359312319766,36.66237530898906,215.64043881444834,2026-06-25 04:21:46.352781,NaN,NaN,NaN,-34.63892533333333,17.49377683333333
338.5226666666667,8.657060948157154,34.67353128495023,36.6600367397154,215.9589870226272,2026-06-25 04:21:46.252807,NaN,NaN,NaN,-34.63892533333333,17.49377683333333
338.876,8.655616290622987,34.67344001355378,36.65812447462364,215.6803110899358,2026-06-25 04:21:46.152833,NaN,NaN,NaN,-34.63892533333333,17.49377683333333
339.1035,8.65478073223453,34.67334378411946,36.65702351648047,215.67972913945388,2026-06-25 04:21:46.077852,NaN,NaN,NaN,-34.63892533333333,17.49377683333333
339.254,8.654004877759188,34.67322817958022,36.65612404645202,215.6885240918838,2026-06-25 04:21:46.002872,NaN,NaN,NaN,-34.63892533333333,17.49377683333333
339.726,8.652893694192318,34.67313778573037,36.65511794987857,215.70545879834333,2026-06-25 04:21:45.902898,NaN,NaN,NaN,-34.63892533333333,17.49377683333333
339.832,8.6534737369967,34.673037094581396,36.65561248488053,215.70038322397272,2026-06-25 04:21:45.952885,NaN,NaN,NaN,-34.63892533333333,17.49377683333333
340.0783333333333,8.651204095997613,34.6727520904299,36.65377355614046,215.7175037883947,2026-06-25 04:21:45.786262,NaN,NaN,NaN,-34.63892533333333,17.49377683333333
340.361,8.65071752161905,34.67267082939277,36.65338804474455,215.7296035736113,2026-06-25 04:21:45.752937,NaN,NaN,NaN,-34.63892533333333,17.49377683333333
340.641,8.648930160879996,34.672370789774774,36.65197306916703,215.4554447863916,2026-06-25 04:21:45.652963,NaN,NaN,NaN,-34.63892533333333,17.49377683333333
340.8535,8.64755598763714,34.67211360888676,36.65092818215726,215.4678927085003,2026-06-25 04:21:45.577982,NaN,NaN,NaN,-34.63892533333333,17.49377683333333
341.16,8.64629172090806,34.67183233193275,36.64999053128894,215.1745922934854,2026-06-25 04:21:45.503002,NaN,NaN,NaN,-34.63892533333333,17.49377683333333
341.3056666666667,8.644998542072479,34.67140759396457,36.649026729541,215.16007674556369,2026-06-25 04:21:45.403028,NaN,NaN,NaN,-34.63892533333333,17.49377683333333
341.503,8.643831124300686,34.670812484894505,36.6481550419244,214.88712205194182,2026-06-25 04:21:45.278061,NaN,NaN,NaN,-34.63892533333333,17.49377683333333
342.0845,8.643147738117914,34.67027468591648,36.647755684967706,214.60700546129382,2026-06-25 04:21:45.178087,NaN,NaN,NaN,-34.63892533333333,17.49377683333333
342.2495,8.642657317291917,34.66968238189554,36.647702216551856,214.45937616725823,2026-06-25 04:21:45.078113,NaN,NaN,NaN,-34.63892533333333,17.49377683333333
342.70799999999997,8.642467570545781,34.66903428682867,36.648093590090184,214.15935498136298,2026-06-25 04:21:44.978139,NaN,NaN,NaN,-34.63892533333333,17.49377683333333
342.921,8.642513422366505,34.66851271502262,36.648630468472966,214.00805075041487,2026-06-25 04:21:44.903158,NaN,NaN,NaN,-34.63892533333333,17.49377683333333
343.134,8.642611641534739,34.66814581023817,36.64905200455695,214.01356714286464,2026-06-25 04:21:44.853171,NaN,NaN,NaN,-34.63892533333333,17.49377683333333
343.322,8.642795093321158,34.66756633424418,36.64966151333564,213.71150812414618,2026-06-25 04:21:44.778191,NaN,NaN,NaN,-34.63892533333333,17.49377683333333
343.69866666666667,8.643091148590011,34.66652695344836,36.65047512967914,213.41404117850118,2026-06-25 04:21:44.653224,NaN,NaN,NaN,-34.63892533333333,17.49377683333333
343.859,8.643310261332914,34.665636084149085,36.651068497439226,213.12099016254794,2026-06-25 04:21:44.553250,NaN,NaN,NaN,-34.63892533333333,17.49377683333333
344.144,8.643451673552061,34.66516576838923,36.65146024939365,213.1271087600773,2026-06-25 04:21:44.503263,NaN,NaN,NaN,-34.63892533333333,17.49377683333333
344.2845,8.643777316422508,34.664430347959396,36.652330806643626,212.97844755756577,2026-06-25 04:21:44.428282,NaN,NaN,NaN,-34.63892533333333,17.49377683333333
344.756,8.644230763271986,34.66366497362661,36.653550773381845,212.82555377526708,2026-06-25 04:21:44.353302,NaN,NaN,NaN,-34.63892533333333,17.49377683333333
344.872,8.644959353169806,34.66313477948057,36.65574848434654,212.52547330215305,2026-06-25 04:21:44.253328,NaN,NaN,NaN,-34.63892533333333,17.49377683333333
345.04,8.644595186523079,34.662589668013055,36.654588971528895,212.5261379648151,2026-06-25 04:21:44.303315,NaN,NaN,NaN,-34.63892533333333,17.49377683333333
345.2125,8.645405825711508,34.66202969061542,36.65869541183654,212.2301277516049,2026-06-25 04:21:44.128360,NaN,NaN,NaN,-34.63892533333333,17.49377683333333
345.438,8.645262463647798,34.66116016840268,36.656964409989044,212.5287466360651,2026-06-25 04:21:44.203341,NaN,NaN,NaN,-34.63892533333333,17.49377683333333
345.618,8.645023324878354,34.66026131387055,36.660098877835836,212.5498662803349,2026-06-25 04:21:44.053380,NaN,NaN,NaN,-34.63892533333333,17.49377683333333
345.855,8.644261029553245,34.65964270432255,36.66063860650986,212.55998534786804,2026-06-25 04:21:44.003393,NaN,NaN,NaN,-34.63892533333333,17.49377683333333
346.15,8.642042857677453,34.658686126354624,36.66046198761062,212.5831150137234,2026-06-25 04:21:43.928412,NaN,NaN,NaN,-34.63892533333333,17.49377683333333
346.5026666666667,8.634494754455687,34.65702158810087,36.656250392908554,212.97003735193513,2026-06-25 04:21:43.803445,NaN,NaN,NaN,-34.63892533333333,17.49377683333333
346.82,8.620647864894394,34.65527734280016,36.64517795533641,213.08287572406311,2026-06-25 04:21:43.678478,NaN,NaN,NaN,-34.63892533333333,17.49377683333333
347.193,8.598021278505671,34.653449962324395,36.62342269665853,213.5898866335347,2026-06-25 04:21:43.553510,NaN,NaN,NaN,-34.63892533333333,17.49377683333333
347.51366666666667,8.58923042864761,34.65293937203613,36.613829766910165,213.6144895818995,2026-06-25 04:21:43.520186,NaN,NaN,NaN,-34.63892533333333,17.49377683333333
347.978,8.558838904816843,34.65115306714676,36.58067386577795,214.25220287238554,2026-06-25 04:21:43.403549,NaN,NaN,NaN,-34.63892533333333,17.49377683333333
348.083,8.528153212758795,34.64956383980491,36.54586555352085,214.60151258006354,2026-06-25 04:21:43.303575,NaN,NaN,NaN,-34.63892533333333,17.49377683333333
348.2615,8.528218793754402,34.64955844852321,36.54604641976526,214.59776298681413,2026-06-25 04:21:43.303575,NaN,NaN,NaN,-34.63892533333333,17.49377683333333
348.5535,8.491141429477585,34.647515800317635,36.50501313764606,214.7214000535545,2026-06-25 04:21:43.178608,NaN,NaN,NaN,-34.63892533333333,17.49377683333333
348.764,8.460773015032698,34.64625909562785,36.473199520368375,214.76113343773184,2026-06-25 04:21:43.053640,NaN,NaN,NaN,-34.63892533333333,17.49377683333333
348.863,8.471878715889568,34.645408889663415,36.484578553864715,214.6963059463604,2026-06-25 04:21:43.103627,NaN,NaN,NaN,-34.63892533333333,17.49377683333333
349.15,8.450848382425104,34.64454991562474,36.46328537299918,214.83202147322586,2026-06-25 04:21:43.003654,NaN,NaN,NaN,-34.63892533333333,17.49377683333333
349.319,8.437673686315113,34.64324503023923,36.45043321174052,215.22650068941425,2026-06-25 04:21:42.928673,NaN,NaN,NaN,-34.63892533333333,17.49377683333333
349.638,8.425398172414475,34.6419248676389,36.43856988021801,215.33359415561722,2026-06-25 04:21:42.853693,NaN,NaN,NaN,-34.63892533333333,17.49377683333333
349.87649999999996,8.408543498256982,34.640136439162035,36.42210540878169,215.7966690227676,2026-06-25 04:21:42.753719,NaN,NaN,NaN,-34.63892533333333,17.49377683333333
350.1005,8.399470598586888,34.63923479625957,36.41310712884465,216.02503344751528,2026-06-25 04:21:42.703732,NaN,NaN,NaN,-34.63892533333333,17.49377683333333
350.339,8.379617853510531,34.63741791506273,36.393026298300576,216.3469418140164,2026-06-25 04:21:42.603758,NaN,NaN,NaN,-34.63892533333333,17.49377683333333
350.8405,8.36207051987694,34.636040966268865,36.3744279500106,216.8177514263517,2026-06-25 04:21:42.528777,NaN,NaN,NaN,-34.63892533333333,17.49377683333333
351.094,8.335821183441283,34.634193437656684,36.3454300533395,217.35814001431464,2026-06-25 04:21:42.428803,NaN,NaN,NaN,-34.63892533333333,17.49377683333333
351.315,8.307186762861466,34.632335769038875,36.31257318715203,217.94988353242644,2026-06-25 04:21:42.328829,NaN,NaN,NaN,-34.63892533333333,17.49377683333333
351.674,8.285401877312186,34.63093856912196,36.287217663683194,218.17203242542092,2026-06-25 04:21:42.253849,NaN,NaN,NaN,-34.63892533333333,17.49377683333333
352.0535,8.264930915836734,34.62953983206363,36.26350314638074,218.3320943855425,2026-06-25 04:21:42.178868,NaN,NaN,NaN,-34.63892533333333,17.49377683333333
352.301,8.246595545884484,34.62814152600808,36.24249796814607,218.45599024029542,2026-06-25 04:21:42.103888,NaN,NaN,NaN,-34.63892533333333,17.49377683333333
352.552,8.23615106173271,34.62721053265923,36.230728319111215,218.20742525653634,2026-06-25 04:21:42.053901,NaN,NaN,NaN,-34.63892533333333,17.49377683333333
352.7665,8.21979356843567,34.625355244767704,36.212799678184965,218.32195289474478,2026-06-25 04:21:41.953927,NaN,NaN,NaN,-34.63892533333333,17.49377683333333
352.829,8.219269073096532,34.62535389527231,36.21215469893835,218.3233751869114,2026-06-25 04:21:41.953927,NaN,NaN,NaN,-34.63892533333333,17.49377683333333
353.128,8.206548691191967,34.62350805045718,36.198697073653236,218.41573329567214,2026-06-25 04:21:41.853953,NaN,NaN,NaN,-34.63892533333333,17.49377683333333
353.5075,8.196219896260978,34.621679766420435,36.18802233481271,218.2043498475408,2026-06-25 04:21:41.753979,NaN,NaN,NaN,-34.63892533333333,17.49377683333333
353.71,8.186447798974543,34.62032314722407,36.177808911363655,218.30167421023359,2026-06-25 04:21:41.654005,NaN,NaN,NaN,-34.63892533333333,17.49377683333333
353.8465,8.18885850428163,34.619866029810574,36.180272677095346,218.119284896964,2026-06-25 04:21:41.678999,NaN,NaN,NaN,-34.63892533333333,17.49377683333333
354.02750000000003,8.174178629510761,34.61763639058793,36.16451361953915,218.11109710872293,2026-06-25 04:21:41.529038,NaN,NaN,NaN,-34.63892533333333,17.49377683333333
354.488,8.166740805121059,34.616318119655055,36.15636368030317,218.18541668227977,2026-06-25 04:21:41.454057,NaN,NaN,NaN,-34.63892533333333,17.49377683333333
354.751,8.161839094009876,34.61544960855137,36.151033244668156,217.92435023376012,2026-06-25 04:21:41.404070,NaN,NaN,NaN,-34.63892533333333,17.49377683333333
354.9113333333333,8.152486003172584,34.61374115598573,36.14112839402686,217.695377456353,2026-06-25 04:21:41.304097,NaN,NaN,NaN,-34.63892533333333,17.49377683333333
355.353,8.13974315141288,34.611246446376256,36.128244757743886,217.4937460351648,2026-06-25 04:21:41.154136,NaN,NaN,NaN,-34.63892533333333,17.49377683333333
355.504,8.139663338066645,34.6112411898845,36.1281588465662,217.48687177552395,2026-06-25 04:21:41.154136,NaN,NaN,NaN,-34.63892533333333,17.49377683333333
355.736,8.130171235377968,34.60923365086613,36.11872321906088,217.4241179993283,2026-06-25 04:21:41.029168,NaN,NaN,NaN,-34.63892533333333,17.49377683333333
356.014,8.124878256177773,34.60806086566966,36.113322669549916,217.31561306328894,2026-06-25 04:21:40.954188,NaN,NaN,NaN,-34.63892533333333,17.49377683333333
356.2395,8.120006740892045,34.60691807070961,36.108243191694726,217.3781329014073,2026-06-25 04:21:40.879207,NaN,NaN,NaN,-34.63892533333333,17.49377683333333
356.463,8.115549111130651,34.60580025636538,36.103571532980276,217.40713845049203,2026-06-25 04:21:40.804227,NaN,NaN,NaN,-34.63892533333333,17.49377683333333
356.892,8.112900149338625,34.60507221124337,36.10080159199031,217.12371737372214,2026-06-25 04:21:40.754240,NaN,NaN,NaN,-34.63892533333333,17.49377683333333
357.0665,8.109417709151778,34.60400673804364,36.097201141463515,217.30517021534658,2026-06-25 04:21:40.679259,NaN,NaN,NaN,-34.63892533333333,17.49377683333333
357.32,8.10634220187093,34.602968504817916,36.094082791166116,217.18028168883265,2026-06-25 04:21:40.604279,NaN,NaN,NaN,-34.63892533333333,17.49377683333333
357.5203333333333,8.102696675614252,34.6016402806514,36.0904277736639,217.21265433100268,2026-06-25 04:21:40.504305,NaN,NaN,NaN,-34.63892533333333,17.49377683333333
358.0425,8.09819053555906,34.6000520751269,36.08574614482677,217.2486555608064,2026-06-25 04:21:40.379338,NaN,NaN,NaN,-34.63892533333333,17.49377683333333
358.3443333333333,8.093173807187247,34.59856230238969,36.08029833522274,217.31056162951543,2026-06-25 04:21:40.254370,NaN,NaN,NaN,-34.63892533333333,17.49377683333333
358.6855,8.087644923765932,34.597160318449895,36.07439668681171,217.3698676442422,2026-06-25 04:21:40.129403,NaN,NaN,NaN,-34.63892533333333,17.49377683333333
358.95,8.084275214579034,34.596364707173336,36.07095270511742,217.092053309176,2026-06-25 04:21:40.054422,NaN,NaN,NaN,-34.63892533333333,17.49377683333333
359.1685,8.081025098743211,34.59560724532386,36.06780534985366,217.1198247439307,2026-06-25 04:21:39.979442,NaN,NaN,NaN,-34.63892533333333,17.49377683333333
359.2805,8.07686133444006,34.59464813330845,36.064001687299125,217.1582901187706,2026-06-25 04:21:39.879468,NaN,NaN,NaN,-34.63892533333333,17.49377683333333
359.94050000000004,8.071696339727287,34.5935402066774,36.05957926097341,217.04963910394991,2026-06-25 04:21:39.754500,NaN,NaN,NaN,-34.63892533333333,17.49377683333333
360.15549999999996,8.06954299434208,34.593121061545475,36.057771899857315,217.22562236166218,2026-06-25 04:21:39.704513,NaN,NaN,NaN,-34.63892533333333,17.49377683333333
360.396,8.064976454746647,34.59231996619082,36.05395313561569,217.27234414004192,2026-06-25 04:21:39.604540,NaN,NaN,NaN,-34.63892533333333,17.49377683333333
360.678,8.059719932275987,34.59159187011976,36.04944151120333,217.31925381950597,2026-06-25 04:21:39.504566,NaN,NaN,NaN,-34.63892533333333,17.49377683333333
360.863,8.059640203275471,34.59158473776882,36.049317610751444,217.17427967096413,2026-06-25 04:21:39.504566,NaN,NaN,NaN,-34.63892533333333,17.49377683333333
361.118,8.053833590486036,34.590906550920764,36.0439461691753,217.0728388179437,2026-06-25 04:21:39.404592,NaN,NaN,NaN,-34.63892533333333,17.49377683333333
361.334,8.050698951697727,34.59058834036707,36.040752788151586,217.1011532165498,2026-06-25 04:21:39.354605,NaN,NaN,NaN,-34.63892533333333,17.49377683333333
361.497,8.047471463311522,34.59028374733448,36.037260615290975,217.1328823486757,2026-06-25 04:21:39.304618,NaN,NaN,NaN,-34.63892533333333,17.49377683333333
361.744,8.04417720000736,34.58999252309724,36.033510130267594,217.1587570266439,2026-06-25 04:21:39.254631,NaN,NaN,NaN,-34.63892533333333,17.49377683333333
361.9046666666666,8.036432940525293,34.58937310003909,36.024330414621545,217.02908970773132,2026-06-25 04:21:39.137994,NaN,NaN,NaN,-34.63892533333333,17.49377683333333
362.127,8.034187441416082,34.58919633931545,36.021615740179854,216.94963928705846,2026-06-25 04:21:39.104670,NaN,NaN,NaN,-34.63892533333333,17.49377683333333
362.337,8.027866614948168,34.588727135210455,36.01436186697216,217.0110896432467,2026-06-25 04:21:39.004696,NaN,NaN,NaN,-34.63892533333333,17.49377683333333
362.472,8.024981253287148,34.588510035879445,36.01125852505666,217.03376724951258,2026-06-25 04:21:38.954709,NaN,NaN,NaN,-34.63892533333333,17.49377683333333
362.723,8.020002152223796,34.58830414047925,36.00624409095253,216.75994945725944,2026-06-25 04:21:38.854735,NaN,NaN,NaN,-34.63892533333333,17.49377683333333
362.799,8.022350760237064,34.58810908426883,36.0085571744949,216.74951665683338,2026-06-25 04:21:38.904722,NaN,NaN,NaN,-34.63892533333333,17.49377683333333
363.062,8.01793300772646,34.587924490021635,36.004278528071296,216.77734802267935,2026-06-25 04:21:38.804748,NaN,NaN,NaN,-34.63892533333333,17.49377683333333
363.36899999999997,8.014551646701532,34.58758820588567,36.00123300394412,216.80272940161385,2026-06-25 04:21:38.704774,NaN,NaN,NaN,-34.63892533333333,17.49377683333333
363.6345,8.011052667782028,34.58721360724438,35.99831336770896,216.53788917339634,2026-06-25 04:21:38.579807,NaN,NaN,NaN,-34.63892533333333,17.49377683333333
364.111,8.0085853482598,34.58695262410009,35.99638939400103,216.56011729057983,2026-06-25 04:21:38.479833,NaN,NaN,NaN,-34.63892533333333,17.49377683333333
364.2,8.006751067785638,34.58677538535236,35.994939197313904,216.5788712592364,2026-06-25 04:21:38.404852,NaN,NaN,NaN,-34.63892533333333,17.49377683333333
364.396,8.005458618141208,34.586666169900475,35.99387107628031,216.58722206456227,2026-06-25 04:21:38.354865,NaN,NaN,NaN,-34.63892533333333,17.49377683333333
364.74,8.004063976582184,34.5865630731293,35.992666798582405,216.29392184046839,2026-06-25 04:21:38.304878,NaN,NaN,NaN,-34.63892533333333,17.49377683333333
364.842,8.002530900931154,34.58646561599692,35.991288840528256,216.31293988941468,2026-06-25 04:21:38.254891,NaN,NaN,NaN,-34.63892533333333,17.49377683333333
365.097,7.998947305108395,34.58628567635002,35.98793203470532,216.35049428111236,2026-06-25 04:21:38.154917,NaN,NaN,NaN,-34.63892533333333,17.49377683333333
365.30833333333334,7.997469987165307,34.58623264601162,35.98647592448486,216.06862008207762,2026-06-25 04:21:38.121593,NaN,NaN,NaN,-34.63892533333333,17.49377683333333
365.9626666666666,7.990078054717391,34.585972553601486,35.9789712951959,215.92305053584533,2026-06-25 04:21:37.954970,NaN,NaN,NaN,-34.63892533333333,17.49377683333333
366.158,7.9855779151379505,34.58582989270091,35.974032307886034,215.87246946644217,2026-06-25 04:21:37.854996,NaN,NaN,NaN,-34.63892533333333,17.49377683333333
366.492,7.983550744419268,34.585760893993104,35.9717081369017,215.59015330779818,2026-06-25 04:21:37.805009,NaN,NaN,NaN,-34.63892533333333,17.49377683333333
366.6766666666667,7.9804290350974965,34.58562417497203,35.96811189945394,215.55366632200176,2026-06-25 04:21:37.705035,NaN,NaN,NaN,-34.63892533333333,17.49377683333333
367.2575,7.978720255216402,34.58541439224176,35.96672116262495,215.1860065269915,2026-06-25 04:21:37.555074,NaN,NaN,NaN,-34.63892533333333,17.49377683333333
367.488,7.979077242879848,34.585341393781576,35.96759828688,214.8680304437408,2026-06-25 04:21:37.505087,NaN,NaN,NaN,-34.63892533333333,17.49377683333333
367.6635,7.983131975253326,34.58518946436421,35.97494584241984,214.51849374005565,2026-06-25 04:21:37.330132,NaN,NaN,NaN,-34.63892533333333,17.49377683333333
367.846,7.980911362792662,34.58506553962994,35.971030529224436,214.68139956851718,2026-06-25 04:21:37.405113,NaN,NaN,NaN,-34.63892533333333,17.49377683333333
368.074,7.985292813133687,34.58493348509661,35.97886919738295,214.3414464474555,2026-06-25 04:21:37.255152,NaN,NaN,NaN,-34.63892533333333,17.49377683333333
368.374,7.986421239561253,34.58483924806844,35.98106935885497,214.039027309872,2026-06-25 04:21:37.205165,NaN,NaN,NaN,-34.63892533333333,17.49377683333333
368.5,7.9871530214368,34.58473978598809,35.98270784649656,214.34027931692023,2026-06-25 04:21:37.155178,NaN,NaN,NaN,-34.63892533333333,17.49377683333333
368.736,7.987264873215462,34.58457902220155,35.983814291121405,214.36117885828364,2026-06-25 04:21:37.080198,NaN,NaN,NaN,-34.63892533333333,17.49377683333333
368.951,7.986362053176781,34.58440559392739,35.9835844562686,214.39023696489832,2026-06-25 04:21:37.005217,NaN,NaN,NaN,-34.63892533333333,17.49377683333333
369.338,7.984428349310837,34.58421474497036,35.982002254344295,214.41216234786316,2026-06-25 04:21:36.930237,NaN,NaN,NaN,-34.63892533333333,17.49377683333333
369.508,7.981982624773723,34.584008730923486,35.97970347178197,214.43105221932402,2026-06-25 04:21:36.855256,NaN,NaN,NaN,-34.63892533333333,17.49377683333333
369.764,7.980178107704151,34.583860621414814,35.97790236697539,214.1457299965954,2026-06-25 04:21:36.805269,NaN,NaN,NaN,-34.63892533333333,17.49377683333333
369.872,7.978335572592343,34.5837039617885,35.97603350932029,214.46636073300124,2026-06-25 04:21:36.755282,NaN,NaN,NaN,-34.63892533333333,17.49377683333333
370.28366666666665,7.974735432679712,34.58336034130119,35.97242659237644,214.20461032569122,2026-06-25 04:21:36.655308,NaN,NaN,NaN,-34.63892533333333,17.49377683333333
370.52750000000003,7.970539878247694,34.58288239610903,35.96847809478078,214.535573477285,2026-06-25 04:21:36.530341,NaN,NaN,NaN,-34.63892533333333,17.49377683333333
371.08950000000004,7.967405780780513,34.582451914479506,35.96589566683191,214.572228991964,2026-06-25 04:21:36.430367,NaN,NaN,NaN,-34.63892533333333,17.49377683333333
371.282,7.9649993804326265,34.58210182968924,35.964082715508425,214.58791541596656,2026-06-25 04:21:36.355386,NaN,NaN,NaN,-34.63892533333333,17.49377683333333
371.57,7.963238427217399,34.58185339762854,35.96277774988342,214.59953574449312,2026-06-25 04:21:36.305399,NaN,NaN,NaN,-34.63892533333333,17.49377683333333
371.702,7.960080733689914,34.58145747619806,35.960324419659486,214.3265649652245,2026-06-25 04:21:36.230419,NaN,NaN,NaN,-34.63892533333333,17.49377683333333
371.834,7.956123919055198,34.58103774532119,35.95702647532331,214.36129343418762,2026-06-25 04:21:36.155439,NaN,NaN,NaN,-34.63892533333333,17.49377683333333
372.11199999999997,7.950789182616146,34.58058753357029,35.95215208572829,214.41274141007966,2026-06-25 04:21:36.080458,NaN,NaN,NaN,-34.63892533333333,17.49377683333333
372.373,7.9441707890327775,34.58011243096022,35.94570824951463,214.49441228802831,2026-06-25 04:21:36.005478,NaN,NaN,NaN,-34.63892533333333,17.49377683333333
372.52,7.938904940633153,34.57977885963152,35.94032872281497,214.54587043777926,2026-06-25 04:21:35.955491,NaN,NaN,NaN,-34.63892533333333,17.49377683333333
372.7125,7.929946025905522,34.579252882676016,35.93088761087935,214.62797913233368,2026-06-25 04:21:35.880510,NaN,NaN,NaN,-34.63892533333333,17.49377683333333
373.0425,7.916886103906904,34.57850840629438,35.91692876925791,214.75231052785838,2026-06-25 04:21:35.780536,NaN,NaN,NaN,-34.63892533333333,17.49377683333333
373.302,7.903493088944291,34.57771164830879,35.90267646599374,214.54942763839153,2026-06-25 04:21:35.680562,NaN,NaN,NaN,-34.63892533333333,17.49377683333333
373.646,7.8938055108080265,34.577081227033354,35.892357381341604,214.6401482311966,2026-06-25 04:21:35.605582,NaN,NaN,NaN,-34.63892533333333,17.49377683333333
374.09400000000005,7.882188284601564,34.57618804797954,35.87972801098348,214.7411845417677,2026-06-25 04:21:35.505608,NaN,NaN,NaN,-34.63892533333333,17.49377683333333
374.452,7.8720752503541425,34.57525115828164,35.86855947007014,214.83162292832657,2026-06-25 04:21:35.405634,NaN,NaN,NaN,-34.63892533333333,17.49377683333333
374.702,7.867917217887333,34.574760982965195,35.86402110688616,214.86176844649302,2026-06-25 04:21:35.355647,NaN,NaN,NaN,-34.63892533333333,17.49377683333333
374.884,7.8628528428144175,34.57399990914756,35.85875095421411,214.89085427765676,2026-06-25 04:21:35.280667,NaN,NaN,NaN,-34.63892533333333,17.49377683333333
375.161,7.858894340717102,34.57321327799649,35.85492836911203,214.91899248536566,2026-06-25 04:21:35.205686,NaN,NaN,NaN,-34.63892533333333,17.49377683333333
375.312,7.856856891099354,34.57267201915716,35.853166043799696,214.93108120735982,2026-06-25 04:21:35.155699,NaN,NaN,NaN,-34.63892533333333,17.49377683333333
375.394,7.8551121848026435,34.57211830476554,35.85181597789866,214.94110554460528,2026-06-25 04:21:35.105712,NaN,NaN,NaN,-34.63892533333333,17.49377683333333
375.719,7.852692515185315,34.57126322010758,35.85022652001426,215.27919118631507,2026-06-25 04:21:35.030732,NaN,NaN,NaN,-34.63892533333333,17.49377683333333
375.923,7.850069739109139,34.57038406372583,35.84865581013255,215.30551860900104,2026-06-25 04:21:34.955751,NaN,NaN,NaN,-34.63892533333333,17.49377683333333
376.175,7.847931673838271,34.56978223395263,35.84731409663639,215.62446026747588,2026-06-25 04:21:34.905764,NaN,NaN,NaN,-34.63892533333333,17.49377683333333
376.282,7.845316941353073,34.56916887216756,35.84550270500235,215.64601336564832,2026-06-25 04:21:34.855777,NaN,NaN,NaN,-34.63892533333333,17.49377683333333
376.51099999999997,7.837577341632549,34.56790846714719,35.83920737289627,215.88227053649427,2026-06-25 04:21:34.755803,NaN,NaN,NaN,-34.63892533333333,17.49377683333333
376.699,7.83803980571127,34.56790305814805,35.839705128767626,216.03478763923175,2026-06-25 04:21:34.755803,NaN,NaN,NaN,-34.63892533333333,17.49377683333333
376.859,7.827088560935828,34.566604801925315,35.82994854604109,216.126325560476,2026-06-25 04:21:34.655829,NaN,NaN,NaN,-34.63892533333333,17.49377683333333
377.29200000000003,7.815814664404478,34.56559871369673,35.819277269318704,216.55801336325038,2026-06-25 04:21:34.580849,NaN,NaN,NaN,-34.63892533333333,17.49377683333333
377.72299999999996,7.7968125659100185,34.564224677930746,35.80055046954257,216.88402686399502,2026-06-25 04:21:34.480875,NaN,NaN,NaN,-34.63892533333333,17.49377683333333
378.034,7.773287301987514,34.56281368439541,35.77648108675663,217.26998350861686,2026-06-25 04:21:34.380901,NaN,NaN,NaN,-34.63892533333333,17.49377683333333
378.299,7.753240448872981,34.56173374411666,35.75540330168578,217.43026478510393,2026-06-25 04:21:34.305921,NaN,NaN,NaN,-34.63892533333333,17.49377683333333
378.5395,7.731465344853802,34.56063357657277,35.731799927936606,217.62527889957354,2026-06-25 04:21:34.230940,NaN,NaN,NaN,-34.63892533333333,17.49377683333333
378.893,7.708859088758857,34.55951826859437,35.706694375900454,217.82923743571519,2026-06-25 04:21:34.155960,NaN,NaN,NaN,-34.63892533333333,17.49377683333333
379.008,7.693605486678816,34.558765229838755,35.68937774114482,217.96274879547883,2026-06-25 04:21:34.105973,NaN,NaN,NaN,-34.63892533333333,17.49377683333333
379.35900000000004,7.671287225018028,34.55762251326995,35.66370732913785,218.18856591909514,2026-06-25 04:21:34.030992,NaN,NaN,NaN,-34.63892533333333,17.49377683333333
379.539,7.644015898115293,34.55607881768216,35.6326051510994,218.40463766453885,2026-06-25 04:21:33.931018,NaN,NaN,NaN,-34.63892533333333,17.49377683333333
379.967,7.626489016424843,34.554907404040854,35.613195254416055,218.21399405242366,2026-06-25 04:21:33.856038,NaN,NaN,NaN,-34.63892533333333,17.49377683333333
380.164,7.608368955462168,34.55411994828135,35.59382892287383,218.34180110901784,2026-06-25 04:21:33.756064,NaN,NaN,NaN,-34.63892533333333,17.49377683333333
380.225,7.6167108980393285,34.55332808812445,35.602661394764866,218.28820455662816,2026-06-25 04:21:33.806051,NaN,NaN,NaN,-34.63892533333333,17.49377683333333
380.4605,7.598421239172801,34.552132455630336,35.58344444135673,218.24910624473392,2026-06-25 04:21:33.681084,NaN,NaN,NaN,-34.63892533333333,17.49377683333333
380.9,7.590587804815297,34.55092994981889,35.575283720079774,218.46970686457362,2026-06-25 04:21:33.606103,NaN,NaN,NaN,-34.63892533333333,17.49377683333333
381.089,7.582985538515973,34.549315575282236,35.56720036211681,218.528675364557,2026-06-25 04:21:33.506129,NaN,NaN,NaN,-34.63892533333333,17.49377683333333
381.312,7.576798058890774,34.54769426016777,35.560462904792814,218.60300779677252,2026-06-25 04:21:33.406155,NaN,NaN,NaN,-34.63892533333333,17.49377683333333
381.7735,7.5729173369032114,34.54647404106964,35.55622343964575,218.4912471034392,2026-06-25 04:21:33.331175,NaN,NaN,NaN,-34.63892533333333,17.49377683333333
381.99,7.569398275788201,34.545252329494346,35.55245628131742,218.6674313834863,2026-06-25 04:21:33.256194,NaN,NaN,NaN,-34.63892533333333,17.49377683333333
382.3125,7.5662682075080525,34.54403015583706,35.54923204896021,218.69314354562292,2026-06-25 04:21:33.181214,NaN,NaN,NaN,-34.63892533333333,17.49377683333333
382.66366666666664,7.561403222018619,34.541995948005045,35.54448566374966,218.73727311412884,2026-06-25 04:21:33.056246,NaN,NaN,NaN,-34.63892533333333,17.49377683333333
382.99,7.557416041984419,34.54037329388794,35.54066051174214,218.47247594595646,2026-06-25 04:21:32.956272,NaN,NaN,NaN,-34.63892533333333,17.49377683333333
383.18,7.555266661349852,34.53956495362592,35.538538830896194,218.80666660827552,2026-06-25 04:21:32.906285,NaN,NaN,NaN,-34.63892533333333,17.49377683333333
383.298,7.55300290310167,34.53875891830366,35.536256004442194,218.83431565829034,2026-06-25 04:21:32.856299,NaN,NaN,NaN,-34.63892533333333,17.49377683333333
383.588,7.550638723886113,34.53795552135334,35.53383656592843,218.86062177111688,2026-06-25 04:21:32.806312,NaN,NaN,NaN,-34.63892533333333,17.49377683333333
383.736,7.548203630502871,34.53715508979118,35.531330799561,218.88236172362912,2026-06-25 04:21:32.756325,NaN,NaN,NaN,-34.63892533333333,17.49377683333333
384.1275,7.54200599039574,34.53635794396941,35.52505813509464,218.93928074434257,2026-06-25 04:21:32.631357,NaN,NaN,NaN,-34.63892533333333,17.49377683333333
384.249,7.545731116847007,34.53516957681056,35.528798603179204,218.9095662031392,2026-06-25 04:21:32.706338,NaN,NaN,NaN,-34.63892533333333,17.49377683333333
384.5105,7.537042829410009,34.53359884966312,35.52021451142736,218.98576061779585,2026-06-25 04:21:32.531383,NaN,NaN,NaN,-34.63892533333333,17.49377683333333
384.667,7.533294312390512,34.532432219352174,35.516614495770206,219.32541226032387,2026-06-25 04:21:32.456403,NaN,NaN,NaN,-34.63892533333333,17.49377683333333
384.885,7.530741841908916,34.53166111546833,35.51415947639222,219.04116903646175,2026-06-25 04:21:32.406416,NaN,NaN,NaN,-34.63892533333333,17.49377683333333
385.13599999999997,7.526747930455716,34.53051523885186,35.510269937450744,219.39540462274573,2026-06-25 04:21:32.331435,NaN,NaN,NaN,-34.63892533333333,17.49377683333333
385.506,7.519458519217771,34.528635665536804,35.50289837566227,219.45925745597378,2026-06-25 04:21:32.206468,NaN,NaN,NaN,-34.63892533333333,17.49377683333333
385.633,7.519534894214822,34.52863250723248,35.50301266860645,219.45128618674437,2026-06-25 04:21:32.206468,NaN,NaN,NaN,-34.63892533333333,17.49377683333333
386.13,7.509560298751481,34.52642996502935,35.49233060247721,219.7143683046604,2026-06-25 04:21:32.056507,NaN,NaN,NaN,-34.63892533333333,17.49377683333333
386.2795,7.506002798982809,34.52570838717896,35.48840060734389,219.90814500875604,2026-06-25 04:21:32.006520,NaN,NaN,NaN,-34.63892533333333,17.49377683333333
386.615,7.4987190850278616,34.52428316389992,35.480227102571206,219.9782322737092,2026-06-25 04:21:31.906546,NaN,NaN,NaN,-34.63892533333333,17.49377683333333
387.08533333333327,7.491634121800806,34.52289437928379,35.472167248379584,219.8003733082078,2026-06-25 04:21:31.806572,NaN,NaN,NaN,-34.63892533333333,17.49377683333333
387.255,7.484947202161474,34.52153192923667,35.464627185362225,220.08923259964288,2026-06-25 04:21:31.706598,NaN,NaN,NaN,-34.63892533333333,17.49377683333333
387.428,7.478779650645675,34.520864270079315,35.4580216178788,220.14757148161442,2026-06-25 04:21:31.606624,NaN,NaN,NaN,-34.63892533333333,17.49377683333333
387.776,7.481808996736813,34.52020497259978,35.46121189367374,220.12615914735335,2026-06-25 04:21:31.656611,NaN,NaN,NaN,-34.63892533333333,17.49377683333333
387.907,7.475850216877662,34.519554173727435,35.45503536933075,220.17947837024204,2026-06-25 04:21:31.556637,NaN,NaN,NaN,-34.63892533333333,17.49377683333333
388.118,7.4730153451828665,34.518912002532936,35.452220238980395,220.20021253479084,2026-06-25 04:21:31.506650,NaN,NaN,NaN,-34.63892533333333,17.49377683333333
388.2395,7.468946705929884,34.51796630056651,35.4482476885893,220.23377896070326,2026-06-25 04:21:31.431670,NaN,NaN,NaN,-34.63892533333333,17.49377683333333
388.606,7.4638368451730805,34.516735168521166,35.44325974259483,220.298474618815,2026-06-25 04:21:31.331696,NaN,NaN,NaN,-34.63892533333333,17.49377683333333
389.1615,7.4571764653963415,34.515834542888285,35.43656306842138,220.3492487344257,2026-06-25 04:21:31.181735,NaN,NaN,NaN,-34.63892533333333,17.49377683333333
389.212,7.460295314005708,34.51495702236152,35.439760027892056,220.33007247749413,2026-06-25 04:21:31.256715,NaN,NaN,NaN,-34.63892533333333,17.49377683333333
389.445,7.454456769536608,34.5140982140415,35.43365514175381,220.37705366316456,2026-06-25 04:21:31.106755,NaN,NaN,NaN,-34.63892533333333,17.49377683333333
389.741,7.452904779002778,34.513538260874206,35.43193902116927,220.39210710631465,2026-06-25 04:21:31.056768,NaN,NaN,NaN,-34.63892533333333,17.49377683333333
390.03200000000004,7.450923001450726,34.512717381804514,35.429744147042385,220.40964240895474,2026-06-25 04:21:30.981787,NaN,NaN,NaN,-34.63892533333333,17.49377683333333
390.347,7.449237899190037,34.51191567463923,35.427939695330736,220.43301040505258,2026-06-25 04:21:30.906807,NaN,NaN,NaN,-34.63892533333333,17.49377683333333
390.4775,7.44784230701784,34.51113808213762,35.42658291373526,220.44419025257207,2026-06-25 04:21:30.831826,NaN,NaN,NaN,-34.63892533333333,17.49377683333333
390.70050000000003,7.446225920179945,34.51013362328128,35.425221931703575,220.46304943553497,2026-06-25 04:21:30.731852,NaN,NaN,NaN,-34.63892533333333,17.49377683333333
391.145,7.445064601226256,34.509404608349115,35.424401370785134,220.46897481622406,2026-06-25 04:21:30.656872,NaN,NaN,NaN,-34.63892533333333,17.49377683333333
391.291,7.444221425054031,34.508931602011984,35.423869374694846,220.4717691228692,2026-06-25 04:21:30.606885,NaN,NaN,NaN,-34.63892533333333,17.49377683333333
391.573,7.442101535698261,34.50801975265355,35.422563376367584,220.51137913465897,2026-06-25 04:21:30.506911,NaN,NaN,NaN,-34.63892533333333,17.49377683333333
391.7555,7.441985445916213,34.50801487366573,35.422471131786054,220.51376849465086,2026-06-25 04:21:30.506911,NaN,NaN,NaN,-34.63892533333333,17.49377683333333
392.0625,7.438102463322808,34.50692505268944,35.41981328542559,220.5609521795297,2026-06-25 04:21:30.381943,NaN,NaN,NaN,-34.63892533333333,17.49377683333333
392.204,7.434895473205144,34.506298411645425,35.417360632012794,220.59533986393018,2026-06-25 04:21:30.306963,NaN,NaN,NaN,-34.63892533333333,17.49377683333333
392.774,7.432330635962116,34.50589358724417,35.41527699587923,220.61797061194625,2026-06-25 04:21:30.256976,NaN,NaN,NaN,-34.63892533333333,17.49377683333333
392.86199999999997,7.427771173899547,34.50530567730715,35.41138480555927,220.6621285872217,2026-06-25 04:21:30.181996,NaN,NaN,NaN,-34.63892533333333,17.49377683333333
393.139,7.422407571945456,34.504737015233744,35.40661530443901,220.71928904024927,2026-06-25 04:21:30.107015,NaN,NaN,NaN,-34.63892533333333,17.49377683333333
393.313,7.413571098971698,34.50401861195867,35.39830325223754,220.79132329377455,2026-06-25 04:21:30.007041,NaN,NaN,NaN,-34.63892533333333,17.49377683333333
393.53049999999996,7.413319910922147,34.50401387045766,35.39798718714226,220.7965205271151,2026-06-25 04:21:30.007041,NaN,NaN,NaN,-34.63892533333333,17.49377683333333
393.696,7.4027344688250105,34.503328654161834,35.38750866032322,220.91464889483902,2026-06-25 04:21:29.907067,NaN,NaN,NaN,-34.63892533333333,17.49377683333333
394.161,7.396563989498807,34.503000145810276,35.381226985020724,220.97924039112365,2026-06-25 04:21:29.857080,NaN,NaN,NaN,-34.63892533333333,17.49377683333333
394.273,7.3899461207987445,34.50268096466936,35.37447369149692,221.03903581663758,2026-06-25 04:21:29.807093,NaN,NaN,NaN,-34.63892533333333,17.49377683333333
394.50350000000003,7.3793339536822575,34.50222069910872,35.363688441388774,221.12924236966504,2026-06-25 04:21:29.732113,NaN,NaN,NaN,-34.63892533333333,17.49377683333333
394.9605,7.356870053513839,34.501368510170295,35.340983750604714,221.01648552772025,2026-06-25 04:21:29.582152,NaN,NaN,NaN,-34.63892533333333,17.49377683333333
395.02250000000004,7.356849947191716,34.50135954568587,35.3408780696263,221.1722538021437,2026-06-25 04:21:29.582152,NaN,NaN,NaN,-34.63892533333333,17.49377683333333
395.73499999999996,7.330644823669904,34.50045847726319,35.31349244899612,221.25442905153307,2026-06-25 04:21:29.407198,NaN,NaN,NaN,-34.63892533333333,17.49377683333333
396.087,7.310596892326755,34.49977072015811,35.2914895063025,221.1188067775821,2026-06-25 04:21:29.257237,NaN,NaN,NaN,-34.63892533333333,17.49377683333333
396.35,7.304770651496568,34.499557936887754,35.285079602580815,221.16356086601135,2026-06-25 04:21:29.207250,NaN,NaN,NaN,-34.63892533333333,17.49377683333333
396.514,7.29441798946232,34.49915316790545,35.27378566494251,221.2375846982664,2026-06-25 04:21:29.107276,NaN,NaN,NaN,-34.63892533333333,17.49377683333333
396.851,7.2901613047829965,34.498965093947525,35.26921460053386,221.2733679481169,2026-06-25 04:21:29.057289,NaN,NaN,NaN,-34.63892533333333,17.49377683333333
397.0785,7.284685883968683,34.49869895919185,35.26341618472176,221.00610106364297,2026-06-25 04:21:28.982308,NaN,NaN,NaN,-34.63892533333333,17.49377683333333
397.251,7.279978752501672,34.498448528372,35.25853259150773,221.0550670099702,2026-06-25 04:21:28.907328,NaN,NaN,NaN,-34.63892533333333,17.49377683333333
397.619,7.277271149365474,34.498291856332834,35.255807103455986,221.0797125849654,2026-06-25 04:21:28.857341,NaN,NaN,NaN,-34.63892533333333,17.49377683333333
397.908,7.274844874042139,34.49814275063377,35.25342679137002,221.10215120306867,2026-06-25 04:21:28.807354,NaN,NaN,NaN,-34.63892533333333,17.49377683333333
398.0835,7.271716544879862,34.497933924337765,35.250440962531044,221.1288802820874,2026-06-25 04:21:28.732373,NaN,NaN,NaN,-34.63892533333333,17.49377683333333
398.5226666666667,7.26756186372964,34.497621868581156,35.24657725171391,221.12295219953518,2026-06-25 04:21:28.607406,NaN,NaN,NaN,-34.63892533333333,17.49377683333333
398.649,7.2648476673897475,34.49740010785236,35.244124612373035,220.87972171540227,2026-06-25 04:21:28.507432,NaN,NaN,NaN,-34.63892533333333,17.49377683333333
399.097,7.263630081090975,34.49730045464743,35.243079426654724,220.89042535077343,2026-06-25 04:21:28.457445,NaN,NaN,NaN,-34.63892533333333,17.49377683333333
399.33,7.261230916041851,34.497122671123414,35.24117503944861,220.85680433574007,2026-06-25 04:21:28.357471,NaN,NaN,NaN,-34.63892533333333,17.49377683333333
399.92150000000004,7.25799159932453,34.496931455855545,35.23884286776727,220.64661919497965,2026-06-25 04:21:28.232504,NaN,NaN,NaN,-34.63892533333333,17.49377683333333
400.143,7.255753502970285,34.49683455096327,35.23730757765478,220.67088925122448,2026-06-25 04:21:28.157523,NaN,NaN,NaN,-34.63892533333333,17.49377683333333
400.263,7.253122336289067,34.496751730005855,35.23538113240023,220.68365593491842,2026-06-25 04:21:28.082543,NaN,NaN,NaN,-34.63892533333333,17.49377683333333
400.70700000000005,7.247514961704077,34.496640271275844,35.230680242613,220.4278807358529,2026-06-25 04:21:27.957575,NaN,NaN,NaN,-34.63892533333333,17.49377683333333
401.27866666666665,7.238276107284054,34.49654609121587,35.221918914470656,220.23038279616787,2026-06-25 04:21:27.807615,NaN,NaN,NaN,-34.63892533333333,17.49377683333333
401.773,7.230824688037427,34.496504623791026,35.21438176508271,219.9863208327283,2026-06-25 04:21:27.707641,NaN,NaN,NaN,-34.63892533333333,17.49377683333333
402.142,7.2229801081078175,34.49648309856778,35.206115158332125,219.90023647932506,2026-06-25 04:21:27.607667,NaN,NaN,NaN,-34.63892533333333,17.49377683333333
402.2305,7.219216050552408,34.49648309856778,35.20209165800493,219.62997670668435,2026-06-25 04:21:27.557680,NaN,NaN,NaN,-34.63892533333333,17.49377683333333
402.577,7.212300861785089,34.49648309856778,35.19464595801073,219.23548590869285,2026-06-25 04:21:27.457706,NaN,NaN,NaN,-34.63892533333333,17.49377683333333
402.738,7.2074757014930615,34.49648581800354,35.189610694628044,218.96159244318693,2026-06-25 04:21:27.357732,NaN,NaN,NaN,-34.63892533333333,17.49377683333333
402.90700000000004,7.207828095528415,34.4964872639019,35.19002757517462,219.11305995019345,2026-06-25 04:21:27.357732,NaN,NaN,NaN,-34.63892533333333,17.49377683333333
403.292,7.205428709376884,34.49650916590054,35.18787502413886,218.35818850425508,2026-06-25 04:21:27.257758,NaN,NaN,NaN,-34.63892533333333,17.49377683333333
403.7505,7.205964595499033,34.496533678476354,35.1891476333168,218.3511547055785,2026-06-25 04:21:27.182777,NaN,NaN,NaN,-34.63892533333333,17.49377683333333
403.878,7.207872659130049,34.4965627065449,35.19227306742349,218.01826642785335,2026-06-25 04:21:27.107797,NaN,NaN,NaN,-34.63892533333333,17.49377683333333
404.12733333333335,7.212369434105342,34.49660917609268,35.19937828382448,217.66606682448318,2026-06-25 04:21:27.007823,NaN,NaN,NaN,-34.63892533333333,17.49377683333333
404.711,7.2207963374533755,34.496704431214354,35.21296769593842,216.97993907624888,2026-06-25 04:21:26.832869,NaN,NaN,NaN,-34.63892533333333,17.49377683333333
405.112,7.224472372928734,34.496779764952144,35.219376118332406,216.9684366826698,2026-06-25 04:21:26.707901,NaN,NaN,NaN,-34.63892533333333,17.49377683333333
405.572,7.224303280400803,34.49681130159544,35.22045258280233,216.71598956350442,2026-06-25 04:21:26.607927,NaN,NaN,NaN,-34.63892533333333,17.49377683333333
405.64,7.224700277339956,34.49684324039461,35.220288663315316,216.6971691663205,2026-06-25 04:21:26.657914,NaN,NaN,NaN,-34.63892533333333,17.49377683333333
405.8665,7.2226944170032965,34.49689153435544,35.21957649320206,216.73018061001102,2026-06-25 04:21:26.532947,NaN,NaN,NaN,-34.63892533333333,17.49377683333333
406.299,7.219437052475861,34.49695574858981,35.21726485311734,216.61297734402814,2026-06-25 04:21:26.432973,NaN,NaN,NaN,-34.63892533333333,17.49377683333333
406.441,7.2164741346620636,34.49700317394678,35.21503064753313,216.48451325884508,2026-06-25 04:21:26.357992,NaN,NaN,NaN,-34.63892533333333,17.49377683333333
406.607,7.2142893949234095,34.49703408534127,35.213331136860056,216.50036180542256,2026-06-25 04:21:26.308005,NaN,NaN,NaN,-34.63892533333333,17.49377683333333
406.929,7.211932019206558,34.49706427694331,35.211436075949706,216.51857652710595,2026-06-25 04:21:26.258018,NaN,NaN,NaN,-34.63892533333333,17.49377683333333
407.1175,7.207925461838432,34.497107754506764,35.20802560160143,216.54537894330258,2026-06-25 04:21:26.183038,NaN,NaN,NaN,-34.63892533333333,17.49377683333333
407.529,7.203286295019746,34.49714906196046,35.203824341604864,216.58795300609793,2026-06-25 04:21:26.108058,NaN,NaN,NaN,-34.63892533333333,17.49377683333333
407.89,7.197676013409209,34.497187134646225,35.19835122325061,216.654070105682,2026-06-25 04:21:26.033077,NaN,NaN,NaN,-34.63892533333333,17.49377683333333
408.02,7.191299514533436,34.49722221701847,35.1918146394043,216.71827369502205,2026-06-25 04:21:25.958097,NaN,NaN,NaN,-34.63892533333333,17.49377683333333
408.30150000000003,7.1842729924799436,34.49725308093766,35.184326353689855,216.64455579034075,2026-06-25 04:21:25.883116,NaN,NaN,NaN,-34.63892533333333,17.49377683333333
408.64200000000005,7.17485609807423,34.49728789704383,35.17424142777725,216.73108112750174,2026-06-25 04:21:25.783142,NaN,NaN,NaN,-34.63892533333333,17.49377683333333
409.1585,7.164831523627429,34.49731860613438,35.1636113904091,216.64990814834357,2026-06-25 04:21:25.658175,NaN,NaN,NaN,-34.63892533333333,17.49377683333333
409.217,7.164582187361488,34.497319790490494,35.16335596013017,216.66044219609336,2026-06-25 04:21:25.658175,NaN,NaN,NaN,-34.63892533333333,17.49377683333333
409.545,7.158536813911064,34.497334518202535,35.15689270484457,216.69002946558115,2026-06-25 04:21:25.558201,NaN,NaN,NaN,-34.63892533333333,17.49377683333333
409.68899999999996,7.155300851425812,34.497334518202535,35.15327540400031,216.40831614257033,2026-06-25 04:21:25.483220,NaN,NaN,NaN,-34.63892533333333,17.49377683333333
410.1635,7.15216531397523,34.497334518202535,35.14954255924094,216.43713846289197,2026-06-25 04:21:25.383246,NaN,NaN,NaN,-34.63892533333333,17.49377683333333
410.42,7.1504130780666655,34.49732498640468,35.14735164423929,216.45353634013017,2026-06-25 04:21:25.308266,NaN,NaN,NaN,-34.63892533333333,17.49377683333333
410.6255,7.149014704524209,34.49730769101393,35.14568920405638,216.47643051850483,2026-06-25 04:21:25.233286,NaN,NaN,NaN,-34.63892533333333,17.49377683333333
410.959,7.1470940367949645,34.497284247862595,35.14399177028776,216.4891932696661,2026-06-25 04:21:25.108318,NaN,NaN,NaN,-34.63892533333333,17.49377683333333
411.016,7.147804638875166,34.497264416519066,35.14448131644808,216.4827665715772,2026-06-25 04:21:25.158305,NaN,NaN,NaN,-34.63892533333333,17.49377683333333
411.308,7.146431293813736,34.4972413614652,35.143730484840944,216.5098778072818,2026-06-25 04:21:25.058331,NaN,NaN,NaN,-34.63892533333333,17.49377683333333
411.582,7.145465004212032,34.49720020238128,35.14372953953186,216.21854788177967,2026-06-25 04:21:24.983351,NaN,NaN,NaN,-34.63892533333333,17.49377683333333
411.827,7.1444437509921634,34.49715234995025,35.1440020431296,216.21905677499205,2026-06-25 04:21:24.908370,NaN,NaN,NaN,-34.63892533333333,17.49377683333333
412.052,7.143641282804665,34.49711591624711,35.14424209663321,216.22873597314094,2026-06-25 04:21:24.858383,NaN,NaN,NaN,-34.63892533333333,17.49377683333333
412.32,7.141999056567251,34.49705435842004,35.14434949937112,216.24824813421372,2026-06-25 04:21:24.783403,NaN,NaN,NaN,-34.63892533333333,17.49377683333333
412.455,7.139647774453059,34.49698581589248,35.143827272840326,216.26301551484787,2026-06-25 04:21:24.708422,NaN,NaN,NaN,-34.63892533333333,17.49377683333333
412.658,7.137425123393842,34.49693542033609,35.14277405738119,215.99152653591773,2026-06-25 04:21:24.658435,NaN,NaN,NaN,-34.63892533333333,17.49377683333333
413.08799999999997,7.132819217745356,34.496852712292096,35.13961878366452,216.02724594706393,2026-06-25 04:21:24.583455,NaN,NaN,NaN,-34.63892533333333,17.49377683333333
413.243,7.126778047268802,34.49676284875811,35.13452466299366,216.0743851371807,2026-06-25 04:21:24.508474,NaN,NaN,NaN,-34.63892533333333,17.49377683333333
413.464,7.118904051464753,34.49666399769791,35.126747223352424,216.18005229576664,2026-06-25 04:21:24.433494,NaN,NaN,NaN,-34.63892533333333,17.49377683333333
413.77549999999997,7.1064832444612644,34.496520176442104,35.113272751622404,216.30397722420363,2026-06-25 04:21:24.333520,NaN,NaN,NaN,-34.63892533333333,17.49377683333333
414.30150000000003,7.093239562112922,34.49636192685814,35.097980813953086,216.28135639702114,2026-06-25 04:21:24.233546,NaN,NaN,NaN,-34.63892533333333,17.49377683333333
414.58,7.083941958205285,34.49623423968223,35.086990735732215,216.20705423116212,2026-06-25 04:21:24.158566,NaN,NaN,NaN,-34.63892533333333,17.49377683333333
414.743,7.078579290157154,34.49614433184782,35.08063628972623,215.9474322812625,2026-06-25 04:21:24.108579,NaN,NaN,NaN,-34.63892533333333,17.49377683333333
414.933,7.074079762367406,34.49605085184188,35.07537922398497,215.98556920553543,2026-06-25 04:21:24.058592,NaN,NaN,NaN,-34.63892533333333,17.49377683333333
415.086,7.070559030313621,34.49595381466731,35.07143391207914,216.00110181738546,2026-06-25 04:21:24.008605,NaN,NaN,NaN,-34.63892533333333,17.49377683333333
415.25649999999996,7.067311834126315,34.495801188853015,35.068408670502556,215.71409762738492,2026-06-25 04:21:23.933624,NaN,NaN,NaN,-34.63892533333333,17.49377683333333
415.497,7.065944180936545,34.49564154360652,35.06825613124957,215.71643645420997,2026-06-25 04:21:23.858644,NaN,NaN,NaN,-34.63892533333333,17.49377683333333
415.77,7.06603743122463,34.495530471493005,35.069848281330636,215.70832844791377,2026-06-25 04:21:23.808657,NaN,NaN,NaN,-34.63892533333333,17.49377683333333
415.833,7.066608735446563,34.49541594889018,35.07236857008753,215.39142631664265,2026-06-25 04:21:23.758670,NaN,NaN,NaN,-34.63892533333333,17.49377683333333
416.343,7.067380881808452,34.49529800256878,35.075393222219695,215.3753296178606,2026-06-25 04:21:23.708683,NaN,NaN,NaN,-34.63892533333333,17.49377683333333
416.4655,7.068164542831799,34.4951143070344,35.07960852620168,215.3607502047791,2026-06-25 04:21:23.633702,NaN,NaN,NaN,-34.63892533333333,17.49377683333333
416.63649999999996,7.067095721421933,34.494858238177,35.08212401364062,215.38365829617433,2026-06-25 04:21:23.533729,NaN,NaN,NaN,-34.63892533333333,17.49377683333333
417.045,7.063890729299477,34.49465795033557,35.080375290645115,215.4523177400058,2026-06-25 04:21:23.458748,NaN,NaN,NaN,-34.63892533333333,17.49377683333333
417.312,7.0603075086310865,34.49452009910108,35.07703971733046,215.50403643857055,2026-06-25 04:21:23.408761,NaN,NaN,NaN,-34.63892533333333,17.49377683333333
417.48,7.053047197174076,34.494306936826575,35.06920237025139,215.58697754709922,2026-06-25 04:21:23.333781,NaN,NaN,NaN,-34.63892533333333,17.49377683333333
417.965,7.031918225120272,34.49388383767995,35.04463314491913,215.47907556753475,2026-06-25 04:21:23.158826,NaN,NaN,NaN,-34.63892533333333,17.49377683333333
418.09400000000005,7.03613539387441,34.493783529130276,35.049610689997905,215.50687872647214,2026-06-25 04:21:23.192151,NaN,NaN,NaN,-34.63892533333333,17.49377683333333
418.573,7.014378950865632,34.49346749025974,35.02479891485034,215.6173190239606,2026-06-25 04:21:23.008865,NaN,NaN,NaN,-34.63892533333333,17.49377683333333
418.613,7.0198954406582414,34.49330502692024,35.0308841877343,215.56982351170285,2026-06-25 04:21:23.058852,NaN,NaN,NaN,-34.63892533333333,17.49377683333333
418.985,7.004449532652519,34.493139648549445,35.014328211938,215.3838818630612,2026-06-25 04:21:22.908891,NaN,NaN,NaN,-34.63892533333333,17.49377683333333
419.143,7.009237446688474,34.492971390331455,35.01929692645237,215.3550680441608,2026-06-25 04:21:22.958878,NaN,NaN,NaN,-34.63892533333333,17.49377683333333
419.314,6.999963897578544,34.49280028692135,35.00978998848743,215.42009456225696,2026-06-25 04:21:22.858904,NaN,NaN,NaN,-34.63892533333333,17.49377683333333
419.492,6.995706862693397,34.49262637233986,35.0055576806837,215.46392576383568,2026-06-25 04:21:22.808917,NaN,NaN,NaN,-34.63892533333333,17.49377683333333
419.604,6.991595797876789,34.492449679873616,35.001511683283155,215.49946168037127,2026-06-25 04:21:22.758931,NaN,NaN,NaN,-34.63892533333333,17.49377683333333
419.812,6.987554682292324,34.49227024198147,34.997550974799964,215.5390660458297,2026-06-25 04:21:22.708944,NaN,NaN,NaN,-34.63892533333333,17.49377683333333
420.151,6.979440209743487,34.49190325510115,34.98957911506028,215.61425222963302,2026-06-25 04:21:22.608970,NaN,NaN,NaN,-34.63892533333333,17.49377683333333
420.33666666666664,6.976575759569202,34.491776502680615,34.98670437071622,215.59177548078026,2026-06-25 04:21:22.575645,NaN,NaN,NaN,-34.63892533333333,17.49377683333333
420.868,6.9640547971858044,34.49123529630302,34.97387529844184,215.28537035773402,2026-06-25 04:21:22.434015,NaN,NaN,NaN,-34.63892533333333,17.49377683333333
421.305,6.95134622996211,34.4907386293331,34.95969604517416,215.2539701965299,2026-06-25 04:21:22.309048,NaN,NaN,NaN,-34.63892533333333,17.49377683333333
421.533,6.934969172111954,34.490331262503624,34.94071438066629,215.12504263169086,2026-06-25 04:21:22.159087,NaN,NaN,NaN,-34.63892533333333,17.49377683333333
421.756,6.940424481692215,34.49012345900231,34.947034763676506,215.38351180446037,2026-06-25 04:21:22.209074,NaN,NaN,NaN,-34.63892533333333,17.49377683333333
421.987,6.927447655318712,34.48980687390155,34.93213950031577,214.72623124622092,2026-06-25 04:21:22.084106,NaN,NaN,NaN,-34.63892533333333,17.49377683333333
422.3295,6.919466534581327,34.48937670769815,34.92320563822172,214.49434084547437,2026-06-25 04:21:21.984132,NaN,NaN,NaN,-34.63892533333333,17.49377683333333
422.881,6.915516046324623,34.489048097434726,34.91893163382358,214.37168149150918,2026-06-25 04:21:21.909152,NaN,NaN,NaN,-34.63892533333333,17.49377683333333
423.024,6.914117295635537,34.48882585721735,34.91759034010382,214.0815156292622,2026-06-25 04:21:21.859165,NaN,NaN,NaN,-34.63892533333333,17.49377683333333
423.2685,6.913891421084385,34.48848778038751,34.917957824807736,213.92077349626157,2026-06-25 04:21:21.784185,NaN,NaN,NaN,-34.63892533333333,17.49377683333333
423.536,6.915385167114558,34.488145011940524,34.92058585190265,213.75183688567324,2026-06-25 04:21:21.709204,NaN,NaN,NaN,-34.63892533333333,17.49377683333333
423.663,6.917335031846168,34.487913387006884,34.923626368394935,213.72657186012253,2026-06-25 04:21:21.659217,NaN,NaN,NaN,-34.63892533333333,17.49377683333333
423.836,6.919800660337824,34.48767943802048,34.92736829507006,213.39808857867226,2026-06-25 04:21:21.609230,NaN,NaN,NaN,-34.63892533333333,17.49377683333333
424.3143333333333,6.9254671024984065,34.48720383160434,34.935835218764254,213.06271830331337,2026-06-25 04:21:21.509256,NaN,NaN,NaN,-34.63892533333333,17.49377683333333
424.728,6.930880386058452,34.486720553727565,34.94398322294343,213.0221670326441,2026-06-25 04:21:21.409282,NaN,NaN,NaN,-34.63892533333333,17.49377683333333
424.823,6.933041497337584,34.486475097538786,34.947343587755526,213.0094187673199,2026-06-25 04:21:21.359295,NaN,NaN,NaN,-34.63892533333333,17.49377683333333
425.024,6.9346907219406555,34.48622736251882,34.95002656213586,213.00362070328117,2026-06-25 04:21:21.309308,NaN,NaN,NaN,-34.63892533333333,17.49377683333333
425.28049999999996,6.935972827204498,34.485851223320935,34.952516181604295,212.86230336377855,2026-06-25 04:21:21.234328,NaN,NaN,NaN,-34.63892533333333,17.49377683333333
425.548,6.935632981646231,34.48534219035811,34.95332812567045,212.73090777000345,2026-06-25 04:21:21.134354,NaN,NaN,NaN,-34.63892533333333,17.49377683333333
425.769,6.933975312806415,34.484954820427276,34.952275467863785,212.7502204403072,2026-06-25 04:21:21.059374,NaN,NaN,NaN,-34.63892533333333,17.49377683333333
425.852,6.932250810316928,34.48469361449918,34.950848015473504,212.77695193951672,2026-06-25 04:21:21.009387,NaN,NaN,NaN,-34.63892533333333,17.49377683333333
426.343,6.930154776896412,34.48443020704918,34.94899617445143,212.80595232164404,2026-06-25 04:21:20.959400,NaN,NaN,NaN,-34.63892533333333,17.49377683333333
426.51099999999997,6.926464249515097,34.48403073452715,34.94562870272539,212.82956363274022,2026-06-25 04:21:20.884419,NaN,NaN,NaN,-34.63892533333333,17.49377683333333
426.733,6.922408247199779,34.48362694794946,34.94191036836167,212.86921740809964,2026-06-25 04:21:20.809439,NaN,NaN,NaN,-34.63892533333333,17.49377683333333
426.923,6.919549900833848,34.483354916478284,34.93932017577226,212.89567138056498,2026-06-25 04:21:20.759452,NaN,NaN,NaN,-34.63892533333333,17.49377683333333
426.999,6.916622426507882,34.48308078473293,34.93669922478977,212.6214698827481,2026-06-25 04:21:20.709465,NaN,NaN,NaN,-34.63892533333333,17.49377683333333
427.375,6.907748634829703,34.48266545506429,34.92877520667959,212.70667036769896,2026-06-25 04:21:20.559504,NaN,NaN,NaN,-34.63892533333333,17.49377683333333
427.51599999999996,6.912175041446103,34.4822460695811,34.932740593312005,212.81982203740566,2026-06-25 04:21:20.634484,NaN,NaN,NaN,-34.63892533333333,17.49377683333333
427.944,6.904855725030579,34.481963831647,34.926150390104624,212.73748253477163,2026-06-25 04:21:20.509517,NaN,NaN,NaN,-34.63892533333333,17.49377683333333
428.058,6.902026174067351,34.48167965447627,34.923565968073724,212.7630789733926,2026-06-25 04:21:20.459530,NaN,NaN,NaN,-34.63892533333333,17.49377683333333
428.279,6.897884094554726,34.48124961362457,34.919804624618095,212.79631327389498,2026-06-25 04:21:20.384549,NaN,NaN,NaN,-34.63892533333333,17.49377683333333
428.784,6.890897924969761,34.48081591034076,34.91361381537361,212.84959231584165,2026-06-25 04:21:20.259582,NaN,NaN,NaN,-34.63892533333333,17.49377683333333
428.891,6.893751902146084,34.48052441466489,34.91611824624122,212.83363893498594,2026-06-25 04:21:20.309569,NaN,NaN,NaN,-34.63892533333333,17.49377683333333
429.021,6.887863022445478,34.480231214848786,34.91095634819433,212.8812361169642,2026-06-25 04:21:20.209595,NaN,NaN,NaN,-34.63892533333333,17.49377683333333
429.342,6.882711093112491,34.479788150375214,34.906382849582734,212.93414211068273,2026-06-25 04:21:20.134615,NaN,NaN,NaN,-34.63892533333333,17.49377683333333
429.67,6.874430400849729,34.47919226701468,34.89878287423085,213.00436918836024,2026-06-25 04:21:20.034641,NaN,NaN,NaN,-34.63892533333333,17.49377683333333
429.818,6.866936784530569,34.47874175700642,34.891651301692114,213.08604499251655,2026-06-25 04:21:19.959660,NaN,NaN,NaN,-34.63892533333333,17.49377683333333
430.039,6.861194361253568,34.47843964137708,34.886045671654806,213.13387794053367,2026-06-25 04:21:19.909673,NaN,NaN,NaN,-34.63892533333333,17.49377683333333
430.324,6.848128453597447,34.477831780766486,34.87301770822575,213.25304640561598,2026-06-25 04:21:19.809699,NaN,NaN,NaN,-34.63892533333333,17.49377683333333
430.52750000000003,6.844178922633878,34.47767796022475,34.86905952419819,213.30210001434395,2026-06-25 04:21:19.784706,NaN,NaN,NaN,-34.63892533333333,17.49377683333333
430.669,6.840940544929243,34.4775261992465,34.86579530301305,213.05345289636702,2026-06-25 04:21:19.759712,NaN,NaN,NaN,-34.63892533333333,17.49377683333333
431.054,6.818081318295499,34.47660389675464,34.843098215511425,213.5192951587685,2026-06-25 04:21:19.609751,NaN,NaN,NaN,-34.63892533333333,17.49377683333333
431.31100000000004,6.8181054376413375,34.476603542273494,34.84313029800372,213.38501572728504,2026-06-25 04:21:19.609751,NaN,NaN,NaN,-34.63892533333333,17.49377683333333
431.69100000000003,6.799140337009063,34.47583027973316,34.8244418217032,213.38919278699433,2026-06-25 04:21:19.484784,NaN,NaN,NaN,-34.63892533333333,17.49377683333333
431.849,6.788108405549623,34.47536472470983,34.81350992352573,213.4679025892565,2026-06-25 04:21:19.409804,NaN,NaN,NaN,-34.63892533333333,17.49377683333333
432.31,6.777398946869263,34.47489841892382,34.80269767457497,213.56864375694724,2026-06-25 04:21:19.334823,NaN,NaN,NaN,-34.63892533333333,17.49377683333333
432.512,6.766947645739535,34.474431837620024,34.791927899525874,213.66225400101652,2026-06-25 04:21:19.259843,NaN,NaN,NaN,-34.63892533333333,17.49377683333333
432.6463333333333,6.753742720860419,34.47380996121925,34.77789453077968,213.793243319191,2026-06-25 04:21:19.159869,NaN,NaN,NaN,-34.63892533333333,17.49377683333333
433.207,6.741511328843805,34.47318894607394,34.76471232365285,213.88553459256352,2026-06-25 04:21:19.059895,NaN,NaN,NaN,-34.63892533333333,17.49377683333333
433.478,6.733618088312334,34.47272457357033,34.75622198580213,213.7977150737066,2026-06-25 04:21:18.984914,NaN,NaN,NaN,-34.63892533333333,17.49377683333333
433.744,6.726781806715686,34.472261541733175,34.7489300893834,213.70459436885284,2026-06-25 04:21:18.909934,NaN,NaN,NaN,-34.63892533333333,17.49377683333333
434.0725,6.721300945282876,34.47180063455208,34.743155420456866,213.737084684234,2026-06-25 04:21:18.834953,NaN,NaN,NaN,-34.63892533333333,17.49377683333333
434.241,6.715610732214082,34.47118962515731,34.73724158370613,213.78310243943852,2026-06-25 04:21:18.734979,NaN,NaN,NaN,-34.63892533333333,17.49377683333333
434.58,6.710532339507005,34.47043370633452,34.73212748716697,213.82277489083324,2026-06-25 04:21:18.610012,NaN,NaN,NaN,-34.63892533333333,17.49377683333333
434.866,6.710645765604369,34.47043292266753,34.73225157911256,213.83185419550873,2026-06-25 04:21:18.610012,NaN,NaN,NaN,-34.63892533333333,17.49377683333333
435.15,6.707573247065717,34.46983465074098,34.72925225610465,213.85054865169081,2026-06-25 04:21:18.510038,NaN,NaN,NaN,-34.63892533333333,17.49377683333333
435.29,6.706306978555799,34.46953815771935,34.728038484536874,213.85509103117718,2026-06-25 04:21:18.460051,NaN,NaN,NaN,-34.63892533333333,17.49377683333333
435.435,6.705119902614335,34.469243579869904,34.7269165628411,213.8731000722645,2026-06-25 04:21:18.410064,NaN,NaN,NaN,-34.63892533333333,17.49377683333333
435.748,6.703974768580646,34.468951030023135,34.72586112372406,213.8959602814032,2026-06-25 04:21:18.360077,NaN,NaN,NaN,-34.63892533333333,17.49377683333333
436.13875,6.701273538133419,34.46823075414185,34.7234665713511,213.92065041969875,2026-06-25 04:21:18.235110,NaN,NaN,NaN,-34.63892533333333,17.49377683333333
436.644,6.698897311517649,34.46752250258885,34.7212955185462,213.94883811372293,2026-06-25 04:21:18.110142,NaN,NaN,NaN,-34.63892533333333,17.49377683333333
436.871,6.698149351827645,34.46724436688099,34.72053864672359,213.95854284554312,2026-06-25 04:21:18.060155,NaN,NaN,NaN,-34.63892533333333,17.49377683333333
437.2765,6.697078160372404,34.466697907138666,34.719363874803875,214.2650557228249,2026-06-25 04:21:17.960181,NaN,NaN,NaN,-34.63892533333333,17.49377683333333
437.479,6.697023768714775,34.466696441750884,34.719304004486766,214.26899465840455,2026-06-25 04:21:17.960181,NaN,NaN,NaN,-34.63892533333333,17.49377683333333
437.736,6.696318714869544,34.46616023591762,34.71852959318922,214.27223497101298,2026-06-25 04:21:17.860207,NaN,NaN,NaN,-34.63892533333333,17.49377683333333
437.8775,6.6959005457339975,34.46576656988015,34.718186466708886,214.27621137889557,2026-06-25 04:21:17.785227,NaN,NaN,NaN,-34.63892533333333,17.49377683333333
438.172,6.695397824588251,34.46537931623491,34.71788922209666,214.28898095455915,2026-06-25 04:21:17.710247,NaN,NaN,NaN,-34.63892533333333,17.49377683333333
438.539,6.6936818611344595,34.46475336502357,34.716873565560704,214.3018540910972,2026-06-25 04:21:17.585279,NaN,NaN,NaN,-34.63892533333333,17.49377683333333
438.895,6.690751460611524,34.46414467612159,34.714710790322314,214.33790063198572,2026-06-25 04:21:17.460312,NaN,NaN,NaN,-34.63892533333333,17.49377683333333
439.375,6.686834564736379,34.4636772962188,34.711225380262945,214.67527969081013,2026-06-25 04:21:17.360338,NaN,NaN,NaN,-34.63892533333333,17.49377683333333
439.4945,6.6866592289022515,34.46367547778554,34.711028614326196,214.68769726236457,2026-06-25 04:21:17.360338,NaN,NaN,NaN,-34.63892533333333,17.49377683333333
440.13199999999995,6.679978079631334,34.46310991322001,34.704638475129755,214.75715333451117,2026-06-25 04:21:17.235370,NaN,NaN,NaN,-34.63892533333333,17.49377683333333
440.3535,6.673304515734987,34.46267367428219,34.69789654134898,214.82242511426756,2026-06-25 04:21:17.135396,NaN,NaN,NaN,-34.63892533333333,17.49377683333333
440.7735,6.666045677239376,34.46225223991729,34.690397873609705,214.88903518581176,2026-06-25 04:21:17.035422,NaN,NaN,NaN,-34.63892533333333,17.49377683333333
441.05600000000004,6.658673274429498,34.461845570352295,34.68272846899425,214.6469060224485,2026-06-25 04:21:16.935448,NaN,NaN,NaN,-34.63892533333333,17.49377683333333
441.236,6.653274174401716,34.461549724936575,34.67702423256794,215.0046421071788,2026-06-25 04:21:16.860468,NaN,NaN,NaN,-34.63892533333333,17.49377683333333
441.549,6.649806676463215,34.46135732526883,34.67331559219419,215.03900895784915,2026-06-25 04:21:16.810481,NaN,NaN,NaN,-34.63892533333333,17.49377683333333
441.696,6.646475561188935,34.46116850414871,34.669748358845304,214.76468329675382,2026-06-25 04:21:16.760494,NaN,NaN,NaN,-34.63892533333333,17.49377683333333
441.951,6.643307499161428,34.46098321826024,34.666377772901214,214.79349415299606,2026-06-25 04:21:16.710507,NaN,NaN,NaN,-34.63892533333333,17.49377683333333
442.079,6.637471146510634,34.46080141777723,34.66028983678557,214.8273693281351,2026-06-25 04:21:16.610533,NaN,NaN,NaN,-34.63892533333333,17.49377683333333
442.327,6.6403116281779,34.46062304635841,34.66323046610795,215.11199918320747,2026-06-25 04:21:16.660520,NaN,NaN,NaN,-34.63892533333333,17.49377683333333
442.453,6.634744612065179,34.460448041153334,34.657500126109994,214.84497284323746,2026-06-25 04:21:16.560546,NaN,NaN,NaN,-34.63892533333333,17.49377683333333
442.765,6.632075225422058,34.46027633281954,34.65478557314875,215.1749553902569,2026-06-25 04:21:16.510559,NaN,NaN,NaN,-34.63892533333333,17.49377683333333
442.945,6.629407210374025,34.46010784555083,34.65207443483565,214.90093164440674,2026-06-25 04:21:16.460572,NaN,NaN,NaN,-34.63892533333333,17.49377683333333
443.113,6.626704755564226,34.45994249711707,34.64931971798095,214.9300654723238,2026-06-25 04:21:16.410585,NaN,NaN,NaN,-34.63892533333333,17.49377683333333
443.293,6.6239645608839455,34.45978019891562,34.64651221523767,214.9595022814431,2026-06-25 04:21:16.360598,NaN,NaN,NaN,-34.63892533333333,17.49377683333333
443.6976666666667,6.6185622603442695,34.459465282954284,34.64093655420559,215.01820963943644,2026-06-25 04:21:16.260624,NaN,NaN,NaN,-34.63892533333333,17.49377683333333
443.929,6.613570320994097,34.459159517212896,34.63574505415079,214.74990356717078,2026-06-25 04:21:16.160650,NaN,NaN,NaN,-34.63892533333333,17.49377683333333
444.298,6.611435867024525,34.45901092318418,34.63350068786912,215.07061894417956,2026-06-25 04:21:16.110663,NaN,NaN,NaN,-34.63892533333333,17.49377683333333
444.41,6.609572516047784,34.458864718321145,34.63153494952904,214.79209882907463,2026-06-25 04:21:16.060676,NaN,NaN,NaN,-34.63892533333333,17.49377683333333
444.772,6.607994235171843,34.45872077185081,34.629880395528666,214.8070706900723,2026-06-25 04:21:16.010690,NaN,NaN,NaN,-34.63892533333333,17.49377683333333
444.803,6.6067103178270115,34.458578947467636,34.62856578301685,214.81393524303792,2026-06-25 04:21:15.960703,NaN,NaN,NaN,-34.63892533333333,17.49377683333333
445.274,6.60537785231749,34.458370098266705,34.62731456040191,214.82535792774036,2026-06-25 04:21:15.885722,NaN,NaN,NaN,-34.63892533333333,17.49377683333333
445.515,6.604606777024852,34.458164764209656,34.62676044341466,214.8248449595984,2026-06-25 04:21:15.810742,NaN,NaN,NaN,-34.63892533333333,17.49377683333333
445.636,6.604418265424378,34.45802996026301,34.62678687689028,214.83060238024504,2026-06-25 04:21:15.760755,NaN,NaN,NaN,-34.63892533333333,17.49377683333333
445.821,6.604423598738272,34.45789651984152,34.627028108380365,214.82907025647197,2026-06-25 04:21:15.710768,NaN,NaN,NaN,-34.63892533333333,17.49377683333333
446.11,6.604582805124963,34.45776427717435,34.62741294447078,214.53216888549906,2026-06-25 04:21:15.660781,NaN,NaN,NaN,-34.63892533333333,17.49377683333333
446.259,6.605054447688374,34.45756788181336,34.628151462884276,214.53500480570773,2026-06-25 04:21:15.585800,NaN,NaN,NaN,-34.63892533333333,17.49377683333333
446.688,6.605979598824909,34.45730842185595,34.62934089588337,214.52797148990456,2026-06-25 04:21:15.485826,NaN,NaN,NaN,-34.63892533333333,17.49377683333333
446.932,6.606846395778327,34.45711494852285,34.63043222549648,214.52629156116703,2026-06-25 04:21:15.410846,NaN,NaN,NaN,-34.63892533333333,17.49377683333333
447.137,6.607482139887884,34.45698619369017,34.63128958808792,214.51836019586494,2026-06-25 04:21:15.360859,NaN,NaN,NaN,-34.63892533333333,17.49377683333333
447.5105,6.608736352320346,34.456728293549716,34.63321964262441,214.50396743980943,2026-06-25 04:21:15.260885,NaN,NaN,NaN,-34.63892533333333,17.49377683333333
447.769,6.608762062817978,34.45672806726726,34.63322098751102,214.50804917456446,2026-06-25 04:21:15.260885,NaN,NaN,NaN,-34.63892533333333,17.49377683333333
447.826,6.609839579490964,34.456468581371745,34.635142561040745,214.503628434467,2026-06-25 04:21:15.160911,NaN,NaN,NaN,-34.63892533333333,17.49377683333333
448.29549999999995,6.610391090043148,34.45627151913664,34.63636947827115,214.51433713079456,2026-06-25 04:21:15.085931,NaN,NaN,NaN,-34.63892533333333,17.49377683333333
448.406,6.610786472256462,34.45607216764547,34.63742091063691,214.51891825973064,2026-06-25 04:21:15.010950,NaN,NaN,NaN,-34.63892533333333,17.49377683333333
448.756,6.611008776307051,34.45593740731946,34.63803323047425,214.51443178513833,2026-06-25 04:21:14.960963,NaN,NaN,NaN,-34.63892533333333,17.49377683333333
448.9646666666667,6.611543500069115,34.455662070044205,34.63912715243181,214.50960418529735,2026-06-25 04:21:14.860989,NaN,NaN,NaN,-34.63892533333333,17.49377683333333
449.241,6.61219362752259,34.455379916620686,34.640135401813716,214.50707264258418,2026-06-25 04:21:14.761015,NaN,NaN,NaN,-34.63892533333333,17.49377683333333
449.667,6.612820477516007,34.45508636844796,34.64103723365174,214.50153686651288,2026-06-25 04:21:14.661041,NaN,NaN,NaN,-34.63892533333333,17.49377683333333
449.84,6.613207533817698,34.45478337422555,34.64178730080973,214.50517211880822,2026-06-25 04:21:14.561067,NaN,NaN,NaN,-34.63892533333333,17.49377683333333
450.48966666666666,6.612914344279678,34.454465365922054,34.642090499479146,214.5120943312044,2026-06-25 04:21:14.461093,NaN,NaN,NaN,-34.63892533333333,17.49377683333333
450.82,6.611947970136322,34.454135385688126,34.641877142355156,214.5321096019296,2026-06-25 04:21:14.361119,NaN,NaN,NaN,-34.63892533333333,17.49377683333333
451.172,6.611085258695934,34.453963955480916,34.64142832800085,214.53999651553215,2026-06-25 04:21:14.311133,NaN,NaN,NaN,-34.63892533333333,17.49377683333333
451.2125,6.608561200302603,34.453608536402946,34.6396404898539,214.57071604039137,2026-06-25 04:21:14.211159,NaN,NaN,NaN,-34.63892533333333,17.49377683333333
451.6,6.608665603755847,34.453606302684804,34.63976313345495,214.5739148217234,2026-06-25 04:21:14.211159,NaN,NaN,NaN,-34.63892533333333,17.49377683333333
451.9665,6.603460575388235,34.453039036837,34.635500681942446,214.77789406834304,2026-06-25 04:21:14.061198,NaN,NaN,NaN,-34.63892533333333,17.49377683333333
452.086,6.601441516529366,34.45284027747764,34.63379988873345,214.95282359986683,2026-06-25 04:21:14.011211,NaN,NaN,NaN,-34.63892533333333,17.49377683333333
452.436,6.597071420737548,34.45243004355097,34.63006153322235,214.98539853959667,2026-06-25 04:21:13.911237,NaN,NaN,NaN,-34.63892533333333,17.49377683333333
452.783,6.594647334320795,34.452215672195365,34.62790530637057,215.00453950519324,2026-06-25 04:21:13.861250,NaN,NaN,NaN,-34.63892533333333,17.49377683333333
452.798,6.592031153432003,34.45199580292899,34.62552253351093,215.0318778210974,2026-06-25 04:21:13.811263,NaN,NaN,NaN,-34.63892533333333,17.49377683333333
453.092,6.589160175054027,34.45177031091396,34.62286338776957,215.0562242461036,2026-06-25 04:21:13.761276,NaN,NaN,NaN,-34.63892533333333,17.49377683333333
453.339,6.582409385495582,34.4515390774587,34.616487932813506,215.12372796711261,2026-06-25 04:21:13.661302,NaN,NaN,NaN,-34.63892533333333,17.49377683333333
453.423,6.585970779076969,34.45130199017232,34.61987166720172,215.08285623777024,2026-06-25 04:21:13.711289,NaN,NaN,NaN,-34.63892533333333,17.49377683333333
453.688,6.576247114074827,34.45093438999474,34.61051258490052,215.1759387746954,2026-06-25 04:21:13.586321,NaN,NaN,NaN,-34.63892533333333,17.49377683333333
453.834,6.569272464826474,34.45055457881297,34.60362834101787,215.24732167262934,2026-06-25 04:21:13.511341,NaN,NaN,NaN,-34.63892533333333,17.49377683333333
454.09799999999996,6.561464949183885,34.450159176702314,34.59590484582222,215.4985303011767,2026-06-25 04:21:13.436361,NaN,NaN,NaN,-34.63892533333333,17.49377683333333
454.386,6.553278476803053,34.4497510689905,34.58794412541393,215.71371373451066,2026-06-25 04:21:13.361380,NaN,NaN,NaN,-34.63892533333333,17.49377683333333
454.702,6.542350019433037,34.44918324654043,34.5776334081513,215.79994561611144,2026-06-25 04:21:13.261406,NaN,NaN,NaN,-34.63892533333333,17.49377683333333
454.9285,6.542410179217647,34.44917996517761,34.57771264491251,215.79834584799545,2026-06-25 04:21:13.261406,NaN,NaN,NaN,-34.63892533333333,17.49377683333333
455.384,6.531859146966638,34.44858918031764,34.56790105829228,215.88411705915246,2026-06-25 04:21:13.161432,NaN,NaN,NaN,-34.63892533333333,17.49377683333333
455.5535,6.524210156867426,34.44812537493755,34.5606800714611,215.7986809635041,2026-06-25 04:21:13.086452,NaN,NaN,NaN,-34.63892533333333,17.49377683333333
455.892,6.514001464213215,34.44748467371332,34.5506750785841,216.04956038503045,2026-06-25 04:21:12.986478,NaN,NaN,NaN,-34.63892533333333,17.49377683333333
456.307,6.503554546872798,34.44681712275168,34.54001744477999,216.29237058084232,2026-06-25 04:21:12.886504,NaN,NaN,NaN,-34.63892533333333,17.49377683333333
456.501,6.495514632382326,34.44629966710907,34.53168364917699,216.2159081622927,2026-06-25 04:21:12.811523,NaN,NaN,NaN,-34.63892533333333,17.49377683333333
456.789,6.490035406228773,34.44594575775596,34.52600392646176,216.56217139696196,2026-06-25 04:21:12.761536,NaN,NaN,NaN,-34.63892533333333,17.49377683333333
457.05899999999997,6.47873477393439,34.445217920397575,34.51443326389364,216.6592250288346,2026-06-25 04:21:12.661563,NaN,NaN,NaN,-34.63892533333333,17.49377683333333
457.208,6.478786637971783,34.44521460902726,34.5144496600189,216.66916581498145,2026-06-25 04:21:12.661563,NaN,NaN,NaN,-34.63892533333333,17.49377683333333
457.546,6.4671356727039555,34.444463598553476,34.50276301091919,216.77398539672174,2026-06-25 04:21:12.561589,NaN,NaN,NaN,-34.63892533333333,17.49377683333333
457.778,6.4552290831401695,34.44407660787199,34.49110632985258,216.89263249350017,2026-06-25 04:21:12.461615,NaN,NaN,NaN,-34.63892533333333,17.49377683333333
457.964,6.449278672945997,34.4436831309773,34.485349641905,216.93890614364847,2026-06-25 04:21:12.411628,NaN,NaN,NaN,-34.63892533333333,17.49377683333333
457.994,6.461196080038294,34.44328322572773,34.49691924735298,216.8308484720485,2026-06-25 04:21:12.511602,NaN,NaN,NaN,-34.63892533333333,17.49377683333333
458.389,6.4318641446602385,34.442670673519416,34.46842017202297,217.39092093713904,2026-06-25 04:21:12.261667,NaN,NaN,NaN,-34.63892533333333,17.49377683333333
458.5135,6.440483358953852,34.44204560653589,34.476841572208016,217.31098752437222,2026-06-25 04:21:12.336647,NaN,NaN,NaN,-34.63892533333333,17.49377683333333
458.928,6.423428898734082,34.44140519434037,34.46004369521821,217.4668209585326,2026-06-25 04:21:12.186686,NaN,NaN,NaN,-34.63892533333333,17.49377683333333
459.32099999999997,6.409528983758794,34.44030803955871,34.446162496408526,217.57283412066838,2026-06-25 04:21:12.061719,NaN,NaN,NaN,-34.63892533333333,17.49377683333333
459.667,6.398340046373973,34.439407159309745,34.435092863396,217.97913050676638,2026-06-25 04:21:11.961745,NaN,NaN,NaN,-34.63892533333333,17.49377683333333
459.948,6.392609782918358,34.43894737736432,34.42947736793333,218.02910761144048,2026-06-25 04:21:11.911758,NaN,NaN,NaN,-34.63892533333333,17.49377683333333
460.078,6.383706731121794,34.438246889273884,34.42075871115974,218.125767940732,2026-06-25 04:21:11.836777,NaN,NaN,NaN,-34.63892533333333,17.49377683333333
460.337,6.374442083122346,34.43753588398491,34.411631240142405,218.21146148405325,2026-06-25 04:21:11.761797,NaN,NaN,NaN,-34.63892533333333,17.49377683333333
460.634,6.368053497169337,34.43705507495501,34.40524521952396,218.26502503659137,2026-06-25 04:21:11.711810,NaN,NaN,NaN,-34.63892533333333,17.49377683333333
460.98,6.348557762742537,34.43632403811799,34.385234754684326,218.747141614657,2026-06-25 04:21:11.561849,NaN,NaN,NaN,-34.63892533333333,17.49377683333333
461.0915,6.358306189369472,34.43558350971531,34.395317947634766,218.36686786587958,2026-06-25 04:21:11.636830,NaN,NaN,NaN,-34.63892533333333,17.49377683333333
461.393,6.342177121414069,34.43508372326254,34.37856143424831,218.79596881228048,2026-06-25 04:21:11.511862,NaN,NaN,NaN,-34.63892533333333,17.49377683333333
461.68600000000004,6.332990782723895,34.4343253115311,34.36894050661837,218.90322750283488,2026-06-25 04:21:11.436882,NaN,NaN,NaN,-34.63892533333333,17.49377683333333
461.873,6.3243503488636295,34.433558525250795,34.3599809778097,218.97840126521638,2026-06-25 04:21:11.361901,NaN,NaN,NaN,-34.63892533333333,17.49377683333333
462.243,6.314171376060852,34.432521641655185,34.34971503217415,219.0494328827412,2026-06-25 04:21:11.261927,NaN,NaN,NaN,-34.63892533333333,17.49377683333333
462.4525,6.314370237636428,34.43251980610002,34.349963647203225,219.0522459510083,2026-06-25 04:21:11.261927,NaN,NaN,NaN,-34.63892533333333,17.49377683333333
462.7335,6.30176898198693,34.43093916405355,34.33787737315857,219.14973736734032,2026-06-25 04:21:11.111966,NaN,NaN,NaN,-34.63892533333333,17.49377683333333
462.855,6.301675040538542,34.43093755692598,34.33777078325872,219.15672600463733,2026-06-25 04:21:11.111966,NaN,NaN,NaN,-34.63892533333333,17.49377683333333
463.208,6.294421162190252,34.42986785363985,34.33106577347067,219.21992807532584,2026-06-25 04:21:11.011992,NaN,NaN,NaN,-34.63892533333333,17.49377683333333
463.471,6.290871009746406,34.429327763621686,34.32775290433451,219.56152792835812,2026-06-25 04:21:10.962006,NaN,NaN,NaN,-34.63892533333333,17.49377683333333
463.614,6.287282695823174,34.42878492442534,34.32435414728322,219.59978410806903,2026-06-25 04:21:10.912019,NaN,NaN,NaN,-34.63892533333333,17.49377683333333
463.852,6.283611744986235,34.4282394921625,34.320817391973165,219.6322953085665,2026-06-25 04:21:10.862032,NaN,NaN,NaN,-34.63892533333333,17.49377683333333
464.158,6.279831983747437,34.42769162324119,34.31711215879929,219.66959377191833,2026-06-25 04:21:10.812045,NaN,NaN,NaN,-34.63892533333333,17.49377683333333
464.283,6.273915114967891,34.4268653379663,34.31117132199016,220.03022837999285,2026-06-25 04:21:10.737064,NaN,NaN,NaN,-34.63892533333333,17.49377683333333
464.668,6.265616764879745,34.425756937013034,34.30261493515181,220.26909879233492,2026-06-25 04:21:10.637090,NaN,NaN,NaN,-34.63892533333333,17.49377683333333
464.845,6.259143634820573,34.42492120671158,34.29589395846612,220.48917712182887,2026-06-25 04:21:10.562110,NaN,NaN,NaN,-34.63892533333333,17.49377683333333
465.167,6.254758225565203,34.424362002183756,34.291415016188424,220.52991089920485,2026-06-25 04:21:10.512123,NaN,NaN,NaN,-34.63892533333333,17.49377683333333
465.4215,6.248188694852264,34.42352058359529,34.28487668038615,220.583382836567,2026-06-25 04:21:10.437142,NaN,NaN,NaN,-34.63892533333333,17.49377683333333
465.95050000000003,6.239541027701916,34.42239510820781,34.276499586462265,220.66136473652648,2026-06-25 04:21:10.337168,NaN,NaN,NaN,-34.63892533333333,17.49377683333333
466.034,6.228923771895054,34.4215488862609,34.26637582236055,221.06542330496254,2026-06-25 04:21:10.212201,NaN,NaN,NaN,-34.63892533333333,17.49377683333333
466.199,6.233146627040423,34.42098391288064,34.270398575620305,221.03186489883205,2026-06-25 04:21:10.262188,NaN,NaN,NaN,-34.63892533333333,17.49377683333333
466.425,6.224728160052298,34.420418507927614,34.262364593914484,221.103241744083,2026-06-25 04:21:10.162214,NaN,NaN,NaN,-34.63892533333333,17.49377683333333
466.763,6.220564502489823,34.419852820085126,34.25835852284902,221.1502964018806,2026-06-25 04:21:10.112227,NaN,NaN,NaN,-34.63892533333333,17.49377683333333
466.886,6.212383927360906,34.41872126267104,34.25039334561625,221.2274786538822,2026-06-25 04:21:10.012253,NaN,NaN,NaN,-34.63892533333333,17.49377683333333
467.1445,6.212425796096737,34.41872118464672,34.25042146437711,221.22802516761115,2026-06-25 04:21:10.012253,NaN,NaN,NaN,-34.63892533333333,17.49377683333333
467.661,6.200839850112718,34.417025549849456,34.238979785472026,221.6473253888059,2026-06-25 04:21:09.862292,NaN,NaN,NaN,-34.63892533333333,17.49377683333333
467.818,6.197195305737753,34.41646128920422,34.235368784783006,221.67747262260025,2026-06-25 04:21:09.812305,NaN,NaN,NaN,-34.63892533333333,17.49377683333333
468.051,6.190156165176013,34.41533457465853,34.22844046978494,221.7356898495274,2026-06-25 04:21:09.712331,NaN,NaN,NaN,-34.63892533333333,17.49377683333333
468.215,6.186748451343625,34.41477282766532,34.2251709428279,221.75930934910826,2026-06-25 04:21:09.662344,NaN,NaN,NaN,-34.63892533333333,17.49377683333333
468.395,6.183330373985559,34.41421221490943,34.22197482739834,221.80829061402676,2026-06-25 04:21:09.612357,NaN,NaN,NaN,-34.63892533333333,17.49377683333333
468.674,6.179835497642334,34.41365287057334,34.2188006524843,221.837098577325,2026-06-25 04:21:09.562370,NaN,NaN,NaN,-34.63892533333333,17.49377683333333
468.828,6.176200733699319,34.41309492742699,34.215577618287526,222.17166800172666,2026-06-25 04:21:09.512383,NaN,NaN,NaN,-34.63892533333333,17.49377683333333
469.0,6.172372887043968,34.41253851682957,34.21222523977317,221.8984613117046,2026-06-25 04:21:09.462396,NaN,NaN,NaN,-34.63892533333333,17.49377683333333
469.334,6.16166115928997,34.411983768734345,34.20274844963263,222.3219295149739,2026-06-25 04:21:09.337429,NaN,NaN,NaN,-34.63892533333333,17.49377683333333
469.428,6.168306509038345,34.41115529228998,34.20866541425401,222.2716985475321,2026-06-25 04:21:09.412409,NaN,NaN,NaN,-34.63892533333333,17.49377683333333
469.89,6.15190913426901,34.410057364916135,34.19370007919408,222.57576066131466,2026-06-25 04:21:09.237455,NaN,NaN,NaN,-34.63892533333333,17.49377683333333
470.044,6.1440111473361645,34.409239416941354,34.18601274965333,222.81089241551103,2026-06-25 04:21:09.162475,NaN,NaN,NaN,-34.63892533333333,17.49377683333333
470.482,6.138507079706653,34.40869729544714,34.18043913977455,222.8554384634317,2026-06-25 04:21:09.112488,NaN,NaN,NaN,-34.63892533333333,17.49377683333333
470.784,6.121545692621639,34.40788924034014,34.162303373961414,223.0199488782878,2026-06-25 04:21:08.962527,NaN,NaN,NaN,-34.63892533333333,17.49377683333333
470.83349999999996,6.130053393841715,34.407086609062375,34.171535833034326,223.0952634784573,2026-06-25 04:21:09.037507,NaN,NaN,NaN,-34.63892533333333,17.49377683333333
471.108,6.1159459828901515,34.40655533273266,34.15613206392512,223.0723144504204,2026-06-25 04:21:08.912540,NaN,NaN,NaN,-34.63892533333333,17.49377683333333
471.295,6.110498034245704,34.40602705944373,34.150126866570915,223.43670775436934,2026-06-25 04:21:08.862553,NaN,NaN,NaN,-34.63892533333333,17.49377683333333
471.531,6.105280120096393,34.40550190348822,34.14443346050335,223.180536609353,2026-06-25 04:21:08.812566,NaN,NaN,NaN,-34.63892533333333,17.49377683333333
471.6815,6.098066952973855,34.40472068649105,34.13680982148864,223.5470761439897,2026-06-25 04:21:08.737585,NaN,NaN,NaN,-34.63892533333333,17.49377683333333
471.957,6.089618922409528,34.40369048209785,34.1284174587868,223.6116774778016,2026-06-25 04:21:08.637611,NaN,NaN,NaN,-34.63892533333333,17.49377683333333
472.165,6.084105178366997,34.402926804355204,34.12336208395181,223.65993768319146,2026-06-25 04:21:08.562631,NaN,NaN,NaN,-34.63892533333333,17.49377683333333
472.433,6.080762195860323,34.402422689545496,34.120490264078235,223.69166714546498,2026-06-25 04:21:08.512644,NaN,NaN,NaN,-34.63892533333333,17.49377683333333
472.745,6.077581388033921,34.401922461184654,34.117851371659626,223.71936383925961,2026-06-25 04:21:08.462657,NaN,NaN,NaN,-34.63892533333333,17.49377683333333
473.095,6.07296115928599,34.40118015551373,34.114072174423164,223.77163432654277,2026-06-25 04:21:08.387677,NaN,NaN,NaN,-34.63892533333333,17.49377683333333
473.308,6.0683335182096565,34.40044614787582,34.110210250552946,223.80806556922144,2026-06-25 04:21:08.312696,NaN,NaN,NaN,-34.63892533333333,17.49377683333333
473.7273333333333,6.061761602425789,34.39948478825769,34.10432718805938,223.86075702426282,2026-06-25 04:21:08.212722,NaN,NaN,NaN,-34.63892533333333,17.49377683333333
474.051,6.054590301515745,34.39853845253973,34.09755470295642,223.9481365619323,2026-06-25 04:21:08.112748,NaN,NaN,NaN,-34.63892533333333,17.49377683333333
474.198,6.0506479691770245,34.39807304736735,34.0936939094631,223.98178210789035,2026-06-25 04:21:08.062761,NaN,NaN,NaN,-34.63892533333333,17.49377683333333
474.465,6.046490761422389,34.397612448543384,34.08957471263538,224.02864513014433,2026-06-25 04:21:08.012774,NaN,NaN,NaN,-34.63892533333333,17.49377683333333
474.688,6.042132025304668,34.39715675411536,34.085239188701586,224.400173999083,2026-06-25 04:21:07.962787,NaN,NaN,NaN,-34.63892533333333,17.49377683333333
474.896,6.037598147539816,34.39670606135319,34.080735403086706,224.44121912165502,2026-06-25 04:21:07.912800,NaN,NaN,NaN,-34.63892533333333,17.49377683333333
475.027,6.032931399034378,34.396260466757624,34.07610609423211,224.4785511901208,2026-06-25 04:21:07.862813,NaN,NaN,NaN,-34.63892533333333,17.49377683333333
475.2815,6.0257772569596675,34.39560251016118,34.069001036687894,224.38471505885096,2026-06-25 04:21:07.787833,NaN,NaN,NaN,-34.63892533333333,17.49377683333333
475.6805,6.016122615731723,34.39474309946959,34.05944707753159,224.63551732718213,2026-06-25 04:21:07.687859,NaN,NaN,NaN,-34.63892533333333,17.49377683333333
475.907,6.0088721666912726,34.3941122904872,34.05236255873517,224.7040720851631,2026-06-25 04:21:07.612879,NaN,NaN,NaN,-34.63892533333333,17.49377683333333
476.126,6.004083379283508,34.39369926874567,34.04774345055071,224.75387074806517,2026-06-25 04:21:07.562892,NaN,NaN,NaN,-34.63892533333333,17.49377683333333
476.375,5.999362120248467,34.39329199930074,34.04321770314745,224.78903923899387,2026-06-25 04:21:07.512905,NaN,NaN,NaN,-34.63892533333333,17.49377683333333
476.514,5.992474226808154,34.39269282515603,34.03657575170498,224.84571056344785,2026-06-25 04:21:07.437924,NaN,NaN,NaN,-34.63892533333333,17.49377683333333
476.645,5.985824391265547,34.3921056040026,34.03002093114673,224.92293835734404,2026-06-25 04:21:07.362944,NaN,NaN,NaN,-34.63892533333333,17.49377683333333
476.966,5.981580454178973,34.391722238852495,34.02569889077887,224.9636190145668,2026-06-25 04:21:07.312957,NaN,NaN,NaN,-34.63892533333333,17.49377683333333
477.351,5.977517688279709,34.39134506932818,34.02144348609636,224.99669193430614,2026-06-25 04:21:07.262970,NaN,NaN,NaN,-34.63892533333333,17.49377683333333
477.533,5.970224319385515,34.39061288586758,34.01351999945042,224.9064435653953,2026-06-25 04:21:07.162996,NaN,NaN,NaN,-34.63892533333333,17.49377683333333
477.649,5.970090838642766,34.39060966040648,34.01338159205357,225.0690172638362,2026-06-25 04:21:07.162996,NaN,NaN,NaN,-34.63892533333333,17.49377683333333
477.981,5.96230245450595,34.38972759419849,34.00489599564139,224.8114010633652,2026-06-25 04:21:07.038028,NaN,NaN,NaN,-34.63892533333333,17.49377683333333
478.58,5.958261562089491,34.38921691144701,34.00067909422679,224.8466911433419,2026-06-25 04:21:06.963048,NaN,NaN,NaN,-34.63892533333333,17.49377683333333
478.69849999999997,5.95213931786236,34.38888546570845,33.99472260797394,224.91336914907615,2026-06-25 04:21:06.838080,NaN,NaN,NaN,-34.63892533333333,17.49377683333333
478.851,5.955763582592142,34.38840204735885,33.99818762237198,224.87469256994393,2026-06-25 04:21:06.913061,NaN,NaN,NaN,-34.63892533333333,17.49377683333333
479.089,5.947344731684558,34.38778079029989,33.99031909728481,224.96055883460474,2026-06-25 04:21:06.738107,NaN,NaN,NaN,-34.63892533333333,17.49377683333333
479.5,5.942509806442407,34.38718801644127,33.986016936262345,224.99828920244028,2026-06-25 04:21:06.638133,NaN,NaN,NaN,-34.63892533333333,17.49377683333333
479.652,5.938823885005107,34.38676155467491,33.98279893997183,225.0472120829302,2026-06-25 04:21:06.563152,NaN,NaN,NaN,-34.63892533333333,17.49377683333333
479.99,5.936326232279615,34.38648705007724,33.980647276034986,225.0787581387124,2026-06-25 04:21:06.513165,NaN,NaN,NaN,-34.63892533333333,17.49377683333333
480.3295,5.931358253562702,34.385964201609056,33.97635704198066,225.1200432093818,2026-06-25 04:21:06.413191,NaN,NaN,NaN,-34.63892533333333,17.49377683333333
480.425,5.931329246000329,34.385960418125826,33.97634396701968,225.12116063315352,2026-06-25 04:21:06.413191,NaN,NaN,NaN,-34.63892533333333,17.49377683333333
480.764,5.924301951850377,34.38523124734523,33.97013708403593,225.18090514060202,2026-06-25 04:21:06.263230,NaN,NaN,NaN,-34.63892533333333,17.49377683333333
480.821,5.92435326933011,34.385227373394535,33.970170611859814,225.1830401780808,2026-06-25 04:21:06.263230,NaN,NaN,NaN,-34.63892533333333,17.49377683333333
481.257,5.920114051502107,34.38477731577808,33.966316362428124,225.23050782428137,2026-06-25 04:21:06.163256,NaN,NaN,NaN,-34.63892533333333,17.49377683333333
481.586,5.918194884586628,34.384564047572425,33.96450957113709,225.2478940104321,2026-06-25 04:21:06.113269,NaN,NaN,NaN,-34.63892533333333,17.49377683333333
481.7,5.916410605362286,34.384358689888714,33.96278200831339,224.95172058966386,2026-06-25 04:21:06.063282,NaN,NaN,NaN,-34.63892533333333,17.49377683333333
481.899,5.914031811673467,34.38406659765259,33.96038408230226,225.1293236614482,2026-06-25 04:21:05.988302,NaN,NaN,NaN,-34.63892533333333,17.49377683333333
482.355,5.911952047042883,34.38379056579587,33.95821595971926,225.30428351386334,2026-06-25 04:21:05.913322,NaN,NaN,NaN,-34.63892533333333,17.49377683333333
482.62999999999994,5.909667862551164,34.3834549409548,33.95582032607113,225.01582395554445,2026-06-25 04:21:05.813348,NaN,NaN,NaN,-34.63892533333333,17.49377683333333
482.996,5.906670321442893,34.3830101957767,33.95285230058296,225.03989248030194,2026-06-25 04:21:05.663387,NaN,NaN,NaN,-34.63892533333333,17.49377683333333
483.29049999999995,5.906667638445706,34.38300606268382,33.952868104802235,225.04286968070286,2026-06-25 04:21:05.663387,NaN,NaN,NaN,-34.63892533333333,17.49377683333333
483.47850000000005,5.904191552583454,34.382692095277775,33.95067651740953,225.07468903577202,2026-06-25 04:21:05.538419,NaN,NaN,NaN,-34.63892533333333,17.49377683333333
483.8405,5.902058581134275,34.38247752916381,33.94900240465745,225.0935248549282,2026-06-25 04:21:05.438445,NaN,NaN,NaN,-34.63892533333333,17.49377683333333
484.309,5.90040410898044,34.38233748069532,33.947785842806965,225.12723587568806,2026-06-25 04:21:05.363465,NaN,NaN,NaN,-34.63892533333333,17.49377683333333
484.68966666666665,5.898211302541898,34.38218422374053,33.9461802046734,225.13948712421785,2026-06-25 04:21:05.263491,NaN,NaN,NaN,-34.63892533333333,17.49377683333333
485.015,5.894973321537518,34.38201014721861,33.94366181372123,225.17437480372146,2026-06-25 04:21:05.113530,NaN,NaN,NaN,-34.63892533333333,17.49377683333333
485.46066666666667,5.8941804946295,34.381988793366894,33.94302762805729,225.1840570246982,2026-06-25 04:21:05.080205,NaN,NaN,NaN,-34.63892533333333,17.49377683333333
485.73900000000003,5.889804141218574,34.381902718302015,33.93949798868816,225.22548053797823,2026-06-25 04:21:04.913582,NaN,NaN,NaN,-34.63892533333333,17.49377683333333
486.012,5.889887014370422,34.381902718302015,33.9395797213921,225.22595990757173,2026-06-25 04:21:04.913582,NaN,NaN,NaN,-34.63892533333333,17.49377683333333
486.4735,5.885475034493901,34.381902718302015,33.935829820148385,225.2684630591318,2026-06-25 04:21:04.788615,NaN,NaN,NaN,-34.63892533333333,17.49377683333333
486.679,5.8810612552774355,34.38193193743538,33.93184007946283,225.32664730858818,2026-06-25 04:21:04.688641,NaN,NaN,NaN,-34.63892533333333,17.49377683333333
487.29449999999997,5.876008191385347,34.381999053160854,33.92707946462545,225.37217400108355,2026-06-25 04:21:04.588667,NaN,NaN,NaN,-34.63892533333333,17.49377683333333
487.4335,5.8707572996883615,34.3820980132842,33.92202462796301,225.11767936044845,2026-06-25 04:21:04.488693,NaN,NaN,NaN,-34.63892533333333,17.49377683333333
487.681,5.866965837355898,34.38219184275295,33.91839795163927,225.4655309296987,2026-06-25 04:21:04.413712,NaN,NaN,NaN,-34.63892533333333,17.49377683333333
488.263,5.862589092201785,34.382347701516984,33.914274668428085,225.1869415820621,2026-06-25 04:21:04.313738,NaN,NaN,NaN,-34.63892533333333,17.49377683333333
488.422,5.858939740250057,34.3825286762602,33.9108552518906,225.2111566897329,2026-06-25 04:21:04.213765,NaN,NaN,NaN,-34.63892533333333,17.49377683333333
488.884,5.8574512624963315,34.38263148006368,33.90948690596127,225.2307993782641,2026-06-25 04:21:04.163778,NaN,NaN,NaN,-34.63892533333333,17.49377683333333
489.192,5.854889044710294,34.382858673990135,33.907264890469285,224.94378988255406,2026-06-25 04:21:04.063804,NaN,NaN,NaN,-34.63892533333333,17.49377683333333
489.27549999999997,5.854927753228722,34.38286217494736,33.907322545517395,224.94806839772977,2026-06-25 04:21:04.063804,NaN,NaN,NaN,-34.63892533333333,17.49377683333333
489.664,5.852632196230721,34.38311386974017,33.90549145213741,224.96367795049966,2026-06-25 04:21:03.963830,NaN,NaN,NaN,-34.63892533333333,17.49377683333333
489.852,5.8509103598638585,34.38332385181414,33.904174014795615,224.82289136588727,2026-06-25 04:21:03.888849,NaN,NaN,NaN,-34.63892533333333,17.49377683333333
490.374,5.848975221873573,34.383546915028646,33.90263159100782,224.68653585453248,2026-06-25 04:21:03.813869,NaN,NaN,NaN,-34.63892533333333,17.49377683333333
490.417,5.847440659507865,34.383704102243776,33.901331124424246,224.7020949898755,2026-06-25 04:21:03.763882,NaN,NaN,NaN,-34.63892533333333,17.49377683333333
490.715,5.841244127929908,34.383867457684616,33.895606021952005,224.4604361377975,2026-06-25 04:21:03.613921,NaN,NaN,NaN,-34.63892533333333,17.49377683333333
490.9,5.843597464193463,34.38403682186107,33.89785006249965,224.7485353671104,2026-06-25 04:21:03.663908,NaN,NaN,NaN,-34.63892533333333,17.49377683333333
491.001,5.845658946862979,34.384212029458055,33.89975126335763,224.72750003139947,2026-06-25 04:21:03.713895,NaN,NaN,NaN,-34.63892533333333,17.49377683333333
491.246,5.837162149692327,34.38448609706954,33.89159182517817,224.50267364627143,2026-06-25 04:21:03.538940,NaN,NaN,NaN,-34.63892533333333,17.49377683333333
491.488,5.832607685545261,34.38477097311316,33.88705991099871,224.54500960008502,2026-06-25 04:21:03.463960,NaN,NaN,NaN,-34.63892533333333,17.49377683333333
491.7,5.829328592142543,34.38496778628236,33.88380694412161,224.26550505073942,2026-06-25 04:21:03.413973,NaN,NaN,NaN,-34.63892533333333,17.49377683333333
491.911,5.8224718132037125,34.38516953060865,33.877051058259774,224.01605000065553,2026-06-25 04:21:03.313999,NaN,NaN,NaN,-34.63892533333333,17.49377683333333
492.073,5.825930534194489,34.38537600698754,33.88045552926058,224.30103137301003,2026-06-25 04:21:03.363986,NaN,NaN,NaN,-34.63892533333333,17.49377683333333
492.255,5.817329011309087,34.38569467194637,33.87193538308395,223.9004243537209,2026-06-25 04:21:03.239019,NaN,NaN,NaN,-34.63892533333333,17.49377683333333
492.773,5.812413124589023,34.3860217580404,33.866940095742855,223.79649643917972,2026-06-25 04:21:03.164038,NaN,NaN,NaN,-34.63892533333333,17.49377683333333
492.936,5.809421836571355,34.38624506663626,33.86383739314192,223.52690851483476,2026-06-25 04:21:03.114051,NaN,NaN,NaN,-34.63892533333333,17.49377683333333
493.014,5.806765379423814,34.386472034178524,33.861072009171515,223.54851363654737,2026-06-25 04:21:03.064064,NaN,NaN,NaN,-34.63892533333333,17.49377683333333
493.205,5.804553397833226,34.38670243149863,33.85880417634247,223.56528782537728,2026-06-25 04:21:03.014077,NaN,NaN,NaN,-34.63892533333333,17.49377683333333
493.71500000000003,5.802362926888918,34.38705430079776,33.85676521605705,223.11419088050684,2026-06-25 04:21:02.939097,NaN,NaN,NaN,-34.63892533333333,17.49377683333333
493.8915,5.802535046939722,34.38765358275968,33.85846061212679,222.46455449602058,2026-06-25 04:21:02.789136,NaN,NaN,NaN,-34.63892533333333,17.49377683333333
494.063,5.8016469451996775,34.38777765661456,33.85711075436794,222.62163161182534,2026-06-25 04:21:02.814129,NaN,NaN,NaN,-34.63892533333333,17.49377683333333
494.307,5.802416615084837,34.38789754179773,33.858588628289446,222.60902890379165,2026-06-25 04:21:02.764142,NaN,NaN,NaN,-34.63892533333333,17.49377683333333
494.48,5.805193253957798,34.388391107346415,33.86295630826459,221.96866759064145,2026-06-25 04:21:02.664168,NaN,NaN,NaN,-34.63892533333333,17.49377683333333
494.859,5.806975302991336,34.38864019870583,33.86553184984084,221.95918412054732,2026-06-25 04:21:02.614181,NaN,NaN,NaN,-34.63892533333333,17.49377683333333
495.03549999999996,5.809918685149038,34.38901608576823,33.86964425192791,221.78154179619608,2026-06-25 04:21:02.539201,NaN,NaN,NaN,-34.63892533333333,17.49377683333333
495.351,5.814100081027152,34.38951969212321,33.875483512260345,221.29014165646856,2026-06-25 04:21:02.439227,NaN,NaN,NaN,-34.63892533333333,17.49377683333333
495.933,5.818471092114001,34.3900243296823,33.88180593656203,221.25454506621645,2026-06-25 04:21:02.339253,NaN,NaN,NaN,-34.63892533333333,17.49377683333333
496.148,5.8228949009347915,34.39052783458595,33.888411919238976,220.89813819852168,2026-06-25 04:21:02.239279,NaN,NaN,NaN,-34.63892533333333,17.49377683333333
496.54650000000004,5.827032575562022,34.39102803156611,33.894647405213135,220.87096912770093,2026-06-25 04:21:02.139305,NaN,NaN,NaN,-34.63892533333333,17.49377683333333
496.6775,5.830479722080687,34.3915227443311,33.89974237214049,220.69641190934726,2026-06-25 04:21:02.039331,NaN,NaN,NaN,-34.63892533333333,17.49377683333333
497.13,5.832527308017091,34.39188916539757,33.902627053471036,220.52888913035315,2026-06-25 04:21:01.964351,NaN,NaN,NaN,-34.63892533333333,17.49377683333333
497.5083333333334,5.834447598363678,34.39236819623407,33.905122160208755,220.51841478808646,2026-06-25 04:21:01.864377,NaN,NaN,NaN,-34.63892533333333,17.49377683333333
497.915,5.8357964986834405,34.39283773725142,33.906786609358115,220.51475935160397,2026-06-25 04:21:01.764403,NaN,NaN,NaN,-34.63892533333333,17.49377683333333
498.108,5.836241404915744,34.39306710916747,33.90733913002206,220.51402324207513,2026-06-25 04:21:01.714416,NaN,NaN,NaN,-34.63892533333333,17.49377683333333
498.4155,5.836725825581281,34.39340379014235,33.9079920292608,220.51226385615664,2026-06-25 04:21:01.639436,NaN,NaN,NaN,-34.63892533333333,17.49377683333333
498.9015,5.8372506816345275,34.39394353003277,33.90887499323201,220.51175278246413,2026-06-25 04:21:01.514468,NaN,NaN,NaN,-34.63892533333333,17.49377683333333
499.022,5.837268319348361,34.393945836130214,33.90888191714406,220.20593710937032,2026-06-25 04:21:01.514468,NaN,NaN,NaN,-34.63892533333333,17.49377683333333
499.329,5.837526668766258,34.39435850374289,33.90951370360658,220.19630457339142,2026-06-25 04:21:01.414494,NaN,NaN,NaN,-34.63892533333333,17.49377683333333
499.411,5.837595884529925,34.39455733507467,33.909811737863606,220.1964614185768,2026-06-25 04:21:01.364507,NaN,NaN,NaN,-34.63892533333333,17.49377683333333
499.7215,5.837595902693902,34.39484486452949,33.91023849460319,220.21336908560355,2026-06-25 04:21:01.289527,NaN,NaN,NaN,-34.63892533333333,17.49377683333333
499.912,5.837492934527297,34.39512113312789,33.910649546980586,220.52586031025177,2026-06-25 04:21:01.214546,NaN,NaN,NaN,-34.63892533333333,17.49377683333333
500.322,5.8373836607369585,34.39529745484185,33.910908945318944,220.21612596916293,2026-06-25 04:21:01.164559,NaN,NaN,NaN,-34.63892533333333,17.49377683333333
500.48400000000004,5.837216980534297,34.39554954808619,33.91124490580192,220.21642146006783,2026-06-25 04:21:01.089579,NaN,NaN,NaN,-34.63892533333333,17.49377683333333
500.718,5.837045772322742,34.395788772877,33.91150034437628,220.22103641937312,2026-06-25 04:21:01.014598,NaN,NaN,NaN,-34.63892533333333,17.49377683333333
501.0826666666667,5.836694726270437,34.39608074091003,33.911660537853486,220.22393949240347,2026-06-25 04:21:00.914624,NaN,NaN,NaN,-34.63892533333333,17.49377683333333
501.336,5.836146830166358,34.39634922902171,33.91168194626758,220.23091859929823,2026-06-25 04:21:00.814651,NaN,NaN,NaN,-34.63892533333333,17.49377683333333
501.688,5.835732056320845,34.396471343784796,33.91161893044105,220.2399055356151,2026-06-25 04:21:00.764664,NaN,NaN,NaN,-34.63892533333333,17.49377683333333
501.833,5.835201696527076,34.39658596437333,33.911496489691466,220.25103810269377,2026-06-25 04:21:00.714677,NaN,NaN,NaN,-34.63892533333333,17.49377683333333
502.1295,5.834154643264895,34.39674257933669,33.9111481470716,220.264476930764,2026-06-25 04:21:00.639696,NaN,NaN,NaN,-34.63892533333333,17.49377683333333
502.654,5.832391741519654,34.39692527791762,33.91032775210996,220.28916753832107,2026-06-25 04:21:00.539722,NaN,NaN,NaN,-34.63892533333333,17.49377683333333
502.801,5.8308661275590055,34.3970423108639,33.90942926765784,220.31081131749727,2026-06-25 04:21:00.464742,NaN,NaN,NaN,-34.63892533333333,17.49377683333333
503.0725,5.829229957327115,34.39713894896287,33.90830535961835,220.32177794775643,2026-06-25 04:21:00.389761,NaN,NaN,NaN,-34.63892533333333,17.49377683333333
503.24,5.827549732820245,34.39721903797922,33.907066289891354,220.3355477466583,2026-06-25 04:21:00.314781,NaN,NaN,NaN,-34.63892533333333,17.49377683333333
503.565,5.826390579112714,34.39726128989765,33.90619433048563,220.35537789513222,2026-06-25 04:21:00.264794,NaN,NaN,NaN,-34.63892533333333,17.49377683333333
503.788,5.825170846702887,34.397295119164575,33.90529607414319,220.36738677831912,2026-06-25 04:21:00.214807,NaN,NaN,NaN,-34.63892533333333,17.49377683333333
503.935,5.8238538727382325,34.397320483323114,33.90435236476105,220.37559089749433,2026-06-25 04:21:00.164820,NaN,NaN,NaN,-34.63892533333333,17.49377683333333
504.079,5.822394856770196,34.39733734928138,33.903313662150985,220.388084983801,2026-06-25 04:21:00.114833,NaN,NaN,NaN,-34.63892533333333,17.49377683333333
504.336,5.820737990267548,34.39733734928138,33.90210160960435,220.40631006441237,2026-06-25 04:21:00.064846,NaN,NaN,NaN,-34.63892533333333,17.49377683333333
504.396,5.818818837620976,34.39733734928138,33.90061923828334,220.42395528041888,2026-06-25 04:21:00.014859,NaN,NaN,NaN,-34.63892533333333,17.49377683333333
504.8835,5.813735496109437,34.39731949689812,33.89621350154033,220.4764698969151,2026-06-25 04:20:59.914885,NaN,NaN,NaN,-34.63892533333333,17.49377683333333
505.077,5.813945775687657,34.397315235133505,33.8964639519722,220.4701411953398,2026-06-25 04:20:59.914885,NaN,NaN,NaN,-34.63892533333333,17.49377683333333
505.28200000000004,5.8054678003467,34.39723802578007,33.88844565995494,220.5625513920173,2026-06-25 04:20:59.789918,NaN,NaN,NaN,-34.63892533333333,17.49377683333333
505.684,5.799264242628143,34.39716545149546,33.882335792791515,220.62013635734985,2026-06-25 04:20:59.714937,NaN,NaN,NaN,-34.63892533333333,17.49377683333333
505.896,5.7947284704019735,34.397105880656426,33.87782117952756,220.68870070569858,2026-06-25 04:20:59.664950,NaN,NaN,NaN,-34.63892533333333,17.49377683333333
506.0925,5.787624570203189,34.396999917754854,33.87080012887691,221.0656491371659,2026-06-25 04:20:59.589970,NaN,NaN,NaN,-34.63892533333333,17.49377683333333
506.513,5.778242310163959,34.39683131710468,33.86171456141275,220.98986161617213,2026-06-25 04:20:59.489996,NaN,NaN,NaN,-34.63892533333333,17.49377683333333
506.7205,5.769535302562024,34.39663053501401,33.853603313946465,220.9013010790907,2026-06-25 04:20:59.390022,NaN,NaN,NaN,-34.63892533333333,17.49377683333333
507.158,5.761510861744238,34.39639837156123,33.84651393482749,220.96901889173697,2026-06-25 04:20:59.290048,NaN,NaN,NaN,-34.63892533333333,17.49377683333333
507.438,5.755616800666393,34.39620513400858,33.84147864704091,221.01873482841296,2026-06-25 04:20:59.215067,NaN,NaN,NaN,-34.63892533333333,17.49377683333333
507.734,5.751552904585307,34.39606636577823,33.83801362853335,221.04292040932813,2026-06-25 04:20:59.165081,NaN,NaN,NaN,-34.63892533333333,17.49377683333333
507.991,5.747265418264916,34.39592030963936,33.8342893779068,221.39038281718942,2026-06-25 04:20:59.115094,NaN,NaN,NaN,-34.63892533333333,17.49377683333333
508.11199999999997,5.740205690315404,34.39568701200751,33.827883907299096,221.32652806169963,2026-06-25 04:20:59.040113,NaN,NaN,NaN,-34.63892533333333,17.49377683333333
508.364,5.732465124033144,34.39543988242403,33.820501231818255,221.5614837209966,2026-06-25 04:20:58.965133,NaN,NaN,NaN,-34.63892533333333,17.49377683333333
508.876,5.72408816765187,34.395176066683234,33.812038085111524,221.64463916640182,2026-06-25 04:20:58.890152,NaN,NaN,NaN,-34.63892533333333,17.49377683333333
509.019,5.715528618722058,34.39489940880409,33.80313072622205,221.73594832540562,2026-06-25 04:20:58.815172,NaN,NaN,NaN,-34.63892533333333,17.49377683333333
509.287,5.7071944080892365,34.394607363200265,33.794418635126426,221.8039968167867,2026-06-25 04:20:58.740191,NaN,NaN,NaN,-34.63892533333333,17.49377683333333
509.567,5.699353197879706,34.39430355961845,33.786357337949006,221.87324167946565,2026-06-25 04:20:58.665211,NaN,NaN,NaN,-34.63892533333333,17.49377683333333
509.928,5.69456190034877,34.39409350237225,33.78154857148711,221.9128825564785,2026-06-25 04:20:58.615224,NaN,NaN,NaN,-34.63892533333333,17.49377683333333
510.12649999999996,5.686110656855879,34.39365739575372,33.77329506654655,221.66137120808847,2026-06-25 04:20:58.515250,NaN,NaN,NaN,-34.63892533333333,17.49377683333333
510.238,5.685987304271904,34.39365489838263,33.773157552446094,221.66671508720813,2026-06-25 04:20:58.515250,NaN,NaN,NaN,-34.63892533333333,17.49377683333333
510.7003333333334,5.6746955471766425,34.39296484123941,33.76232064948382,221.7776273468094,2026-06-25 04:20:58.365289,NaN,NaN,NaN,-34.63892533333333,17.49377683333333
511.119,5.66328458802652,34.3922358924989,33.751256835941106,221.87853751463226,2026-06-25 04:20:58.215328,NaN,NaN,NaN,-34.63892533333333,17.49377683333333
511.432,5.6633278060980325,34.39223403071847,33.751314564632075,221.88860999461625,2026-06-25 04:20:58.215328,NaN,NaN,NaN,-34.63892533333333,17.49377683333333
511.774,5.647468764564594,34.39160098105929,33.73570724668035,222.0404710283827,2026-06-25 04:20:58.015380,NaN,NaN,NaN,-34.63892533333333,17.49377683333333
511.86249999999995,5.6533439637735015,34.39121092028628,33.74146480260214,221.97885024393028,2026-06-25 04:20:58.090361,NaN,NaN,NaN,-34.63892533333333,17.49377683333333
512.5015,5.641967558889516,34.390813742947685,33.730518946410044,222.08835548789065,2026-06-25 04:20:57.940400,NaN,NaN,NaN,-34.63892533333333,17.49377683333333
512.683,5.635314273859832,34.390275968707,33.72456823537669,222.14190074233412,2026-06-25 04:20:57.840426,NaN,NaN,NaN,-34.63892533333333,17.49377683333333
513.016,5.630819004373177,34.38986730844378,33.72071785986856,222.1746839374997,2026-06-25 04:20:57.765445,NaN,NaN,NaN,-34.63892533333333,17.49377683333333
513.3536666666668,5.625276308188163,34.38931564677227,33.71600249655116,222.23822318481766,2026-06-25 04:20:57.665471,NaN,NaN,NaN,-34.63892533333333,17.49377683333333
513.7185,5.618349710504592,34.3886197506722,33.7099208724561,222.29732799572923,2026-06-25 04:20:57.540504,NaN,NaN,NaN,-34.63892533333333,17.49377683333333
513.889,5.613936526149884,34.38819953850559,33.705849425771056,222.0295004665004,2026-06-25 04:20:57.465524,NaN,NaN,NaN,-34.63892533333333,17.49377683333333
514.053,5.6107810125406,34.387918697127915,33.7028201826009,222.36831293881747,2026-06-25 04:20:57.415537,NaN,NaN,NaN,-34.63892533333333,17.49377683333333
514.279,5.607423064890098,34.38763758788052,33.69949712458105,222.39935831983308,2026-06-25 04:20:57.365550,NaN,NaN,NaN,-34.63892533333333,17.49377683333333
514.739,5.601940461479667,34.38721589296623,33.693862827555364,222.44766279492825,2026-06-25 04:20:57.290569,NaN,NaN,NaN,-34.63892533333333,17.49377683333333
514.806,5.596028726740056,34.38679466284808,33.68760360350625,222.20991133623755,2026-06-25 04:20:57.215589,NaN,NaN,NaN,-34.63892533333333,17.49377683333333
515.205,5.591869259122727,34.38651447688043,33.683107565576414,222.25405756684253,2026-06-25 04:20:57.165602,NaN,NaN,NaN,-34.63892533333333,17.49377683333333
515.459,5.583512486352898,34.385956432481926,33.67395207840758,222.34440551664,2026-06-25 04:20:57.065628,NaN,NaN,NaN,-34.63892533333333,17.49377683333333
515.6463333333332,5.581083594934552,34.38577222081893,33.67132355679963,222.36809589565422,2026-06-25 04:20:57.032303,NaN,NaN,NaN,-34.63892533333333,17.49377683333333
516.064,5.572883936476266,34.38512792299284,33.66258643213738,222.12297330036975,2026-06-25 04:20:56.915667,NaN,NaN,NaN,-34.63892533333333,17.49377683333333
516.315,5.5681759570241915,34.384854738161195,33.65820635533251,222.14686597779487,2026-06-25 04:20:56.815693,NaN,NaN,NaN,-34.63892533333333,17.49377683333333
516.419,5.570268454076803,34.3845833269564,33.66005227927366,222.14096567376328,2026-06-25 04:20:56.865680,NaN,NaN,NaN,-34.63892533333333,17.49377683333333
516.9200000000001,5.565566713334514,34.384047594287075,33.656459374205184,222.01132462124886,2026-06-25 04:20:56.715719,NaN,NaN,NaN,-34.63892533333333,17.49377683333333
517.026,5.5653995326026156,34.38404647049105,33.65626396052135,221.86048507915385,2026-06-25 04:20:56.715719,NaN,NaN,NaN,-34.63892533333333,17.49377683333333
517.304,5.563954230558411,34.38351859992048,33.655886539689526,221.8751632636075,2026-06-25 04:20:56.615745,NaN,NaN,NaN,-34.63892533333333,17.49377683333333
517.526,5.563497966826169,34.383258404318404,33.65599474222891,221.88732971468175,2026-06-25 04:20:56.565758,NaN,NaN,NaN,-34.63892533333333,17.49377683333333
517.7139999999999,5.562501750375388,34.38300089007021,33.65631821002145,222.04215198040535,2026-06-25 04:20:56.440791,NaN,NaN,NaN,-34.63892533333333,17.49377683333333
517.847,5.563110641829254,34.38262031765327,33.65616389135032,221.88986922791776,2026-06-25 04:20:56.515771,NaN,NaN,NaN,-34.63892533333333,17.49377683333333
518.112,5.561716334922689,34.38224576652721,33.65618150548595,222.21672974774938,2026-06-25 04:20:56.365810,NaN,NaN,NaN,-34.63892533333333,17.49377683333333
518.3445,5.5605341847714245,34.38187920108501,33.65547891317503,222.07475743567232,2026-06-25 04:20:56.290830,NaN,NaN,NaN,-34.63892533333333,17.49377683333333
518.704,5.558966625859347,34.3815193718894,33.65427641882439,222.26330774714393,2026-06-25 04:20:56.215849,NaN,NaN,NaN,-34.63892533333333,17.49377683333333
518.888,5.557667213210438,34.381284158917296,33.653186682597244,222.27588540401237,2026-06-25 04:20:56.165862,NaN,NaN,NaN,-34.63892533333333,17.49377683333333
519.3665,5.555391375558851,34.380938657994186,33.65124705017348,222.29665375000135,2026-06-25 04:20:56.090882,NaN,NaN,NaN,-34.63892533333333,17.49377683333333
519.467,5.552845202955424,34.380600716912646,33.64906501189101,222.32591122785448,2026-06-25 04:20:56.015901,NaN,NaN,NaN,-34.63892533333333,17.49377683333333
519.779,5.550989818718406,34.380380614566334,33.64745217015606,222.34264894792133,2026-06-25 04:20:55.965914,NaN,NaN,NaN,-34.63892533333333,17.49377683333333
519.905,5.54902247978928,34.380164513147676,33.64570378161388,222.3581253804843,2026-06-25 04:20:55.915927,NaN,NaN,NaN,-34.63892533333333,17.49377683333333
520.191,5.546944200431456,34.37995249307591,33.6438002896234,222.37937384103404,2026-06-25 04:20:55.865940,NaN,NaN,NaN,-34.63892533333333,17.49377683333333
520.458,5.542397339871261,34.379543145371336,33.6393927621088,222.42629453045092,2026-06-25 04:20:55.765967,NaN,NaN,NaN,-34.63892533333333,17.49377683333333
520.596,5.54244939677762,34.37954099697917,33.6394758253185,222.4291982844911,2026-06-25 04:20:55.765967,NaN,NaN,NaN,-34.63892533333333,17.49377683333333
520.8565,5.5362773646484325,34.37905140545665,33.63317272739588,222.49011872502143,2026-06-25 04:20:55.640999,NaN,NaN,NaN,-34.63892533333333,17.49377683333333
521.289,5.532444324982892,34.37877004517465,33.629143816421575,222.52935909519366,2026-06-25 04:20:55.566019,NaN,NaN,NaN,-34.63892533333333,17.49377683333333
521.6893333333334,5.527483116242164,34.37841304799594,33.62392823826312,222.27011004926044,2026-06-25 04:20:55.466045,NaN,NaN,NaN,-34.63892533333333,17.49377683333333
521.92,5.522886300240755,34.378071441070055,33.619182147923325,222.3095132461316,2026-06-25 04:20:55.366071,NaN,NaN,NaN,-34.63892533333333,17.49377683333333
522.185,5.520852030904092,34.37790843193254,33.61716008262345,222.33025172507342,2026-06-25 04:20:55.316084,NaN,NaN,NaN,-34.63892533333333,17.49377683333333
522.352,5.517353616650473,34.37775015159074,33.61388382642165,222.3576830196827,2026-06-25 04:20:55.216110,NaN,NaN,NaN,-34.63892533333333,17.49377683333333
522.466,5.519005439461608,34.37759663015518,33.615392947810285,222.34316856029116,2026-06-25 04:20:55.266097,NaN,NaN,NaN,-34.63892533333333,17.49377683333333
522.625,5.515895710599839,34.37744789452542,33.61261736546619,222.06270083259423,2026-06-25 04:20:55.166123,NaN,NaN,NaN,-34.63892533333333,17.49377683333333
523.0260000000001,5.514072615194758,34.37723442068104,33.611132260510736,222.0819303733323,2026-06-25 04:20:55.091142,NaN,NaN,NaN,-34.63892533333333,17.49377683333333
523.305,5.5125735289894084,34.37703062554315,33.60998175796869,222.09824502050543,2026-06-25 04:20:55.016162,NaN,NaN,NaN,-34.63892533333333,17.49377683333333
523.4884999999999,5.511392778137323,34.37683898766643,33.609137237393554,221.95203689621255,2026-06-25 04:20:54.941182,NaN,NaN,NaN,-34.63892533333333,17.49377683333333
523.703,5.510370427911066,34.376657111489834,33.608459092336545,221.80168063629807,2026-06-25 04:20:54.866201,NaN,NaN,NaN,-34.63892533333333,17.49377683333333
524.1514999999999,5.509008892108943,34.37643500260688,33.60773338959916,221.82796226314517,2026-06-25 04:20:54.766227,NaN,NaN,NaN,-34.63892533333333,17.49377683333333
524.222,5.509046430454789,34.37643255198759,33.6077320525539,221.83206811387674,2026-06-25 04:20:54.766227,NaN,NaN,NaN,-34.63892533333333,17.49377683333333
524.415,5.50742831800227,34.376227595312926,33.607009594930275,221.53776792266635,2026-06-25 04:20:54.666253,NaN,NaN,NaN,-34.63892533333333,17.49377683333333
524.875,5.505128819307988,34.37604387042373,33.60597418687927,221.5527655863541,2026-06-25 04:20:54.566279,NaN,NaN,NaN,-34.63892533333333,17.49377683333333
525.198,5.5020349121009575,34.37587645220272,33.604441887208104,221.6029509314695,2026-06-25 04:20:54.466305,NaN,NaN,NaN,-34.63892533333333,17.49377683333333
525.422,5.499985015630712,34.37580087883855,33.60328201234231,221.61597805047109,2026-06-25 04:20:54.416318,NaN,NaN,NaN,-34.63892533333333,17.49377683333333
525.65,5.4961788786401495,34.37569724821804,33.60078524121774,221.34259573583975,2026-06-25 04:20:54.341338,NaN,NaN,NaN,-34.63892533333333,17.49377683333333
526.107,5.491550790836451,34.37560331733245,33.59732040139913,221.39115163336297,2026-06-25 04:20:54.266357,NaN,NaN,NaN,-34.63892533333333,17.49377683333333
526.209,5.487877627202943,34.37554714079778,33.594271885094216,221.4257865071717,2026-06-25 04:20:54.216370,NaN,NaN,NaN,-34.63892533333333,17.49377683333333
526.587,5.483773810462791,34.375495778635525,33.59066324989357,221.48337263911293,2026-06-25 04:20:54.166383,NaN,NaN,NaN,-34.63892533333333,17.49377683333333
526.688,5.479292926911462,34.37544921453743,33.58655440148216,221.52941317824127,2026-06-25 04:20:54.116397,NaN,NaN,NaN,-34.63892533333333,17.49377683333333
526.8695,5.472068813678746,34.37538892058457,33.57969409583464,221.91003107399519,2026-06-25 04:20:54.041416,NaN,NaN,NaN,-34.63892533333333,17.49377683333333
526.997,5.464670479347037,34.375338131942236,33.572547797412234,221.6881906970308,2026-06-25 04:20:53.966436,NaN,NaN,NaN,-34.63892533333333,17.49377683333333
527.228,5.459850695728463,34.37531057662846,33.56788208646059,221.72290976433212,2026-06-25 04:20:53.916449,NaN,NaN,NaN,-34.63892533333333,17.49377683333333
527.664,5.453126489850062,34.37527863618217,33.56140807566359,221.61543201716557,2026-06-25 04:20:53.841468,NaN,NaN,NaN,-34.63892533333333,17.49377683333333
527.836,5.447040092446437,34.37525603285522,33.55557818497316,221.50195184594045,2026-06-25 04:20:53.766488,NaN,NaN,NaN,-34.63892533333333,17.49377683333333
528.004,5.439945598719504,34.37524715028916,33.548858765807026,221.56587746866998,2026-06-25 04:20:53.666514,NaN,NaN,NaN,-34.63892533333333,17.49377683333333
528.365,5.4366422430086105,34.37524715028916,33.54576689208137,221.28579475443357,2026-06-25 04:20:53.616527,NaN,NaN,NaN,-34.63892533333333,17.49377683333333
528.451,5.443383399161532,34.37524715028916,33.55210071142285,221.53793184144152,2026-06-25 04:20:53.716501,NaN,NaN,NaN,-34.63892533333333,17.49377683333333
528.595,5.433393151861781,34.37524806217318,33.54273024966639,221.31221067097002,2026-06-25 04:20:53.566540,NaN,NaN,NaN,-34.63892533333333,17.49377683333333
528.976,5.430128377077258,34.37525746808838,33.539656691255374,221.65197466424212,2026-06-25 04:20:53.516553,NaN,NaN,NaN,-34.63892533333333,17.49377683333333
529.164,5.4233441329729875,34.37527138110184,33.533124983161954,221.40262274766184,2026-06-25 04:20:53.416579,NaN,NaN,NaN,-34.63892533333333,17.49377683333333
529.208,5.426791057221883,34.37528977395408,33.53647015636472,221.37423773956837,2026-06-25 04:20:53.466566,NaN,NaN,NaN,-34.63892533333333,17.49377683333333
529.5364999999999,5.417952819773188,34.37532625292228,33.52779828757653,221.47574517710578,2026-06-25 04:20:53.341598,NaN,NaN,NaN,-34.63892533333333,17.49377683333333
529.774,5.412451362037101,34.3753715497549,33.52228894143887,221.53016322993005,2026-06-25 04:20:53.266618,NaN,NaN,NaN,-34.63892533333333,17.49377683333333
529.959,5.408852230513468,34.37540757710349,33.518639969490295,221.56154973730568,2026-06-25 04:20:53.216631,NaN,NaN,NaN,-34.63892533333333,17.49377683333333
530.31,5.403857809005055,34.37547027128139,33.513542311427244,221.3027385362293,2026-06-25 04:20:53.141651,NaN,NaN,NaN,-34.63892533333333,17.49377683333333
530.473,5.399472922395998,34.37554154051634,33.50908577237645,221.33253990448856,2026-06-25 04:20:53.066670,NaN,NaN,NaN,-34.63892533333333,17.49377683333333
530.696,5.3970411504973885,34.37559471666734,33.50665655189284,221.04326263345038,2026-06-25 04:20:53.016683,NaN,NaN,NaN,-34.63892533333333,17.49377683333333
530.917,5.394994281634244,34.375652099270596,33.504665667880474,221.06321611091877,2026-06-25 04:20:52.966696,NaN,NaN,NaN,-34.63892533333333,17.49377683333333
531.07,5.393308755007011,34.375713654658384,33.503102804730766,220.7661548233009,2026-06-25 04:20:52.916709,NaN,NaN,NaN,-34.63892533333333,17.49377683333333
531.3,5.391379407806403,34.37581424698068,33.50151522337157,220.7711538322958,2026-06-25 04:20:52.841729,NaN,NaN,NaN,-34.63892533333333,17.49377683333333
531.463,5.389877551836104,34.37592300998314,33.50052838594442,220.79476755784933,2026-06-25 04:20:52.766748,NaN,NaN,NaN,-34.63892533333333,17.49377683333333
531.7305,5.388619877273888,34.37604184943424,33.50001577173073,220.4987095932601,2026-06-25 04:20:52.691768,NaN,NaN,NaN,-34.63892533333333,17.49377683333333
532.006,5.387362212131534,34.37616863714386,33.49966675386309,220.4988243347929,2026-06-25 04:20:52.616787,NaN,NaN,NaN,-34.63892533333333,17.49377683333333
532.345,5.386445974706534,34.37625839644744,33.49943389990337,220.5139541353448,2026-06-25 04:20:52.566800,NaN,NaN,NaN,-34.63892533333333,17.49377683333333
532.76,5.384283852487774,34.37644950155705,33.4987134280611,220.55407852668588,2026-06-25 04:20:52.466826,NaN,NaN,NaN,-34.63892533333333,17.49377683333333
532.825,5.384230156218565,34.37645139806642,33.49865182484529,220.4017501457634,2026-06-25 04:20:52.466826,NaN,NaN,NaN,-34.63892533333333,17.49377683333333
533.24,5.381050271573132,34.37671013758431,33.497174843899096,220.27947783034452,2026-06-25 04:20:52.341859,NaN,NaN,NaN,-34.63892533333333,17.49377683333333
533.438,5.379072838477062,34.3768768785579,33.4960907410448,219.99253325284423,2026-06-25 04:20:52.266879,NaN,NaN,NaN,-34.63892533333333,17.49377683333333
533.708,5.37782656839762,34.37699287543399,33.49538544867374,220.0014832161579,2026-06-25 04:20:52.216892,NaN,NaN,NaN,-34.63892533333333,17.49377683333333
534.0540000000001,5.376157315143414,34.37717398425984,33.494453462808025,220.02399940211905,2026-06-25 04:20:52.141911,NaN,NaN,NaN,-34.63892533333333,17.49377683333333
534.232,5.37474558571355,34.37736208536301,33.493701795280316,219.73069444279216,2026-06-25 04:20:52.066931,NaN,NaN,NaN,-34.63892533333333,17.49377683333333
534.491,5.374003626138492,34.377492064496856,33.49333706925194,219.74045711078412,2026-06-25 04:20:52.016944,NaN,NaN,NaN,-34.63892533333333,17.49377683333333
534.6905,5.373201767500454,34.37769374618088,33.49297158019755,219.74092236221827,2026-06-25 04:20:51.941963,NaN,NaN,NaN,-34.63892533333333,17.49377683333333
534.865,5.372676291875314,34.37790200768821,33.49273768159628,219.74326729092135,2026-06-25 04:20:51.866983,NaN,NaN,NaN,-34.63892533333333,17.49377683333333
535.217,5.372459670103651,34.378045143916296,33.49263227779108,219.7476264144917,2026-06-25 04:20:51.816996,NaN,NaN,NaN,-34.63892533333333,17.49377683333333
535.5169999999999,5.372124429470721,34.37834182241408,33.49243817406031,219.4464949949527,2026-06-25 04:20:51.717022,NaN,NaN,NaN,-34.63892533333333,17.49377683333333
535.911,5.371707761886215,34.37864861135441,33.49219498906594,219.4628691689238,2026-06-25 04:20:51.617048,NaN,NaN,NaN,-34.63892533333333,17.49377683333333
536.301,5.3713948453065035,34.378806908248414,33.49202371067854,219.47163478429738,2026-06-25 04:20:51.567061,NaN,NaN,NaN,-34.63892533333333,17.49377683333333
536.4266666666666,5.3705110274074634,34.37913288159924,33.491512583497205,219.38363097365666,2026-06-25 04:20:51.467087,NaN,NaN,NaN,-34.63892533333333,17.49377683333333
536.989,5.369373660209419,34.37946790166194,33.49078573108819,219.1865812735568,2026-06-25 04:20:51.367113,NaN,NaN,NaN,-34.63892533333333,17.49377683333333
537.153,5.3678956506172835,34.37981412850696,33.48972691144228,218.89803292892108,2026-06-25 04:20:51.267139,NaN,NaN,NaN,-34.63892533333333,17.49377683333333
537.2955,5.367860080914353,34.37981534382794,33.48968856865161,219.05180947911023,2026-06-25 04:20:51.267139,NaN,NaN,NaN,-34.63892533333333,17.49377683333333
537.7065,5.365650443531401,34.38026079117945,33.48799543979961,218.92504890091342,2026-06-25 04:20:51.142172,NaN,NaN,NaN,-34.63892533333333,17.49377683333333
538.046,5.363620413197729,34.38062801015849,33.48647424562061,218.7898673965905,2026-06-25 04:20:51.042198,NaN,NaN,NaN,-34.63892533333333,17.49377683333333
538.314,5.361995466200303,34.38090866974258,33.48536104143061,218.65200202528663,2026-06-25 04:20:50.967217,NaN,NaN,NaN,-34.63892533333333,17.49377683333333
538.533,5.3608617722460075,34.38109840718085,33.484666670665774,218.670364513358,2026-06-25 04:20:50.917230,NaN,NaN,NaN,-34.63892533333333,17.49377683333333
538.696,5.359688382884346,34.38129001052868,33.484021049264,218.37412080974767,2026-06-25 04:20:50.867243,NaN,NaN,NaN,-34.63892533333333,17.49377683333333
539.123,5.357863103988553,34.381580925804826,33.483154570974264,218.39258424031493,2026-06-25 04:20:50.792263,NaN,NaN,NaN,-34.63892533333333,17.49377683333333
539.352,5.3560057063057185,34.38187512382872,33.482377086045794,218.41637734539177,2026-06-25 04:20:50.717283,NaN,NaN,NaN,-34.63892533333333,17.49377683333333
539.555,5.354778529684682,34.38207328865351,33.481905897363625,218.42439506904432,2026-06-25 04:20:50.667296,NaN,NaN,NaN,-34.63892533333333,17.49377683333333
539.679,5.3535949476983165,34.3822728582634,33.48146404227604,218.13880752914932,2026-06-25 04:20:50.617309,NaN,NaN,NaN,-34.63892533333333,17.49377683333333
540.0893333333333,5.351555819792517,34.38267618427043,33.480678715132235,218.1577242304586,2026-06-25 04:20:50.517335,NaN,NaN,NaN,-34.63892533333333,17.49377683333333
540.605,5.350009885446638,34.38308318655873,33.48000707679552,218.1757267447852,2026-06-25 04:20:50.417361,NaN,NaN,NaN,-34.63892533333333,17.49377683333333
540.9014999999999,5.349364992175773,34.3833911930754,33.4796242162187,218.02120705372482,2026-06-25 04:20:50.342380,NaN,NaN,NaN,-34.63892533333333,17.49377683333333
541.162,5.348951290373944,34.38380420027593,33.479242990026435,217.86853483006107,2026-06-25 04:20:50.242406,NaN,NaN,NaN,-34.63892533333333,17.49377683333333
541.6533333333334,5.348680612221365,34.384323208583204,33.47889280768362,217.93429400569286,2026-06-25 04:20:50.117439,NaN,NaN,NaN,-34.63892533333333,17.49377683333333
542.062,5.348329534962615,34.384739356110416,33.47862874441518,217.89325516765075,2026-06-25 04:20:50.017465,NaN,NaN,NaN,-34.63892533333333,17.49377683333333
542.311,5.348047747054619,34.384947466149036,33.478489027234794,217.89681865339648,2026-06-25 04:20:49.967478,NaN,NaN,NaN,-34.63892533333333,17.49377683333333
542.4865,5.347489115203011,34.385259234096566,33.478255901762616,217.9009434443365,2026-06-25 04:20:49.892498,NaN,NaN,NaN,-34.63892533333333,17.49377683333333
542.9340000000001,5.3462410658354225,34.38577671510331,33.477753627494934,217.70679680608905,2026-06-25 04:20:49.767530,NaN,NaN,NaN,-34.63892533333333,17.49377683333333
543.192,5.345005168178112,34.38618805859875,33.47718681825532,217.63090407154152,2026-06-25 04:20:49.667556,NaN,NaN,NaN,-34.63892533333333,17.49377683333333
543.558,5.344297519336849,34.38639223016084,33.47679798569508,217.63779281613074,2026-06-25 04:20:49.617569,NaN,NaN,NaN,-34.63892533333333,17.49377683333333
543.871,5.343132540089409,34.38669619469715,33.47606075055395,217.65167561894054,2026-06-25 04:20:49.542589,NaN,NaN,NaN,-34.63892533333333,17.49377683333333
544.072,5.3418574021022325,34.386997506527855,33.47517287632893,217.66151050867654,2026-06-25 04:20:49.467608,NaN,NaN,NaN,-34.63892533333333,17.49377683333333
544.353,5.340927325312147,34.387196368766766,33.47449486375387,217.6687284009829,2026-06-25 04:20:49.417621,NaN,NaN,NaN,-34.63892533333333,17.49377683333333
544.628,5.339934037478075,34.38739353602979,33.4737713218701,217.6903533415658,2026-06-25 04:20:49.367634,NaN,NaN,NaN,-34.63892533333333,17.49377683333333
544.883,5.338328716705295,34.387685519062266,33.47264554249307,217.70949557394542,2026-06-25 04:20:49.292654,NaN,NaN,NaN,-34.63892533333333,17.49377683333333
545.038,5.336645037609584,34.3879733510349,33.471521975581574,217.71747447996484,2026-06-25 04:20:49.217673,NaN,NaN,NaN,-34.63892533333333,17.49377683333333
545.3054999999999,5.334926230383537,34.38825541057423,33.47042729626439,217.4369353463627,2026-06-25 04:20:49.142693,NaN,NaN,NaN,-34.63892533333333,17.49377683333333
545.666,5.333196996759669,34.38853237861941,33.46935812111652,217.45950109558805,2026-06-25 04:20:49.067713,NaN,NaN,NaN,-34.63892533333333,17.49377683333333
545.828,5.3320341024773885,34.388713363107435,33.46866147146723,217.4667833784388,2026-06-25 04:20:49.017726,NaN,NaN,NaN,-34.63892533333333,17.49377683333333
545.995,5.330857935928657,34.38889139996781,33.46796502149539,217.4741869386198,2026-06-25 04:20:48.967739,NaN,NaN,NaN,-34.63892533333333,17.49377683333333
546.559,5.3290221694636974,34.38915215167161,33.46683948615396,217.49400222045549,2026-06-25 04:20:48.892758,NaN,NaN,NaN,-34.63892533333333,17.49377683333333
546.767,5.326302065965468,34.389488490219165,33.46498058750053,217.5289362393482,2026-06-25 04:20:48.792784,NaN,NaN,NaN,-34.63892533333333,17.49377683333333
546.961,5.323952319684362,34.389731622955516,33.46317515122201,217.54960870346008,2026-06-25 04:20:48.717804,NaN,NaN,NaN,-34.63892533333333,17.49377683333333
547.5085,5.32120833272815,34.389964901673096,33.4608433424265,217.5739835478772,2026-06-25 04:20:48.642823,NaN,NaN,NaN,-34.63892533333333,17.49377683333333
547.6945000000001,5.3168912551852845,34.390261817944975,33.45686007757768,217.3079661477931,2026-06-25 04:20:48.542849,NaN,NaN,NaN,-34.63892533333333,17.49377683333333
547.979,5.313073492485274,34.390473279272044,33.45308518815824,217.3476714780713,2026-06-25 04:20:48.467869,NaN,NaN,NaN,-34.63892533333333,17.49377683333333
548.349,5.310206959542355,34.390607927582906,33.45011079791545,217.37637620663466,2026-06-25 04:20:48.417882,NaN,NaN,NaN,-34.63892533333333,17.49377683333333
548.565,5.3071321738365125,34.390737619800475,33.4468259409493,217.40467296873132,2026-06-25 04:20:48.367895,NaN,NaN,NaN,-34.63892533333333,17.49377683333333
548.6624999999999,5.302277546918477,34.390921823584065,33.44153364542137,217.46208625784166,2026-06-25 04:20:48.292914,NaN,NaN,NaN,-34.63892533333333,17.49377683333333
549.0155,5.295963082008825,34.391149363375064,33.43474835417102,217.37852498828042,2026-06-25 04:20:48.192941,NaN,NaN,NaN,-34.63892533333333,17.49377683333333
549.4635000000001,5.290834695386407,34.391354056322044,33.42969212191946,217.26682673865642,2026-06-25 04:20:48.092967,NaN,NaN,NaN,-34.63892533333333,17.49377683333333
549.9086666666666,5.287663173377037,34.39157444298378,33.42772055278618,216.99094868126522,2026-06-25 04:20:47.967999,NaN,NaN,NaN,-34.63892533333333,17.49377683333333
550.274,5.287624750773492,34.391725130117564,33.4292703753089,216.6582652778279,2026-06-25 04:20:47.868025,NaN,NaN,NaN,-34.63892533333333,17.49377683333333
550.471,5.288498284273861,34.391789336054714,33.43103641912609,216.64856002577207,2026-06-25 04:20:47.818038,NaN,NaN,NaN,-34.63892533333333,17.49377683333333
550.789,5.2911413342980245,34.39189324567894,33.43530084997198,216.62386290313975,2026-06-25 04:20:47.718064,NaN,NaN,NaN,-34.63892533333333,17.49377683333333
550.8444999999999,5.29116223618508,34.39189685273705,33.43526570175566,216.62956154242988,2026-06-25 04:20:47.718064,NaN,NaN,NaN,-34.63892533333333,17.49377683333333
551.3054999999999,5.2950602495451,34.39199984715214,33.440805926578086,216.61036876564515,2026-06-25 04:20:47.568103,NaN,NaN,NaN,-34.63892533333333,17.49377683333333
551.437,5.295178962350855,34.39200366688412,33.44096700988998,216.61278132685217,2026-06-25 04:20:47.568103,NaN,NaN,NaN,-34.63892533333333,17.49377683333333
551.727,5.296826084538285,34.39203691567005,33.443248386561365,216.5965406818852,2026-06-25 04:20:47.468129,NaN,NaN,NaN,-34.63892533333333,17.49377683333333
551.898,5.2972172868206435,34.39203691567005,33.44410835022327,216.59618531260057,2026-06-25 04:20:47.368156,NaN,NaN,NaN,-34.63892533333333,17.49377683333333
552.034,5.297193362965688,34.39203691567005,33.44385906011536,216.59410240920056,2026-06-25 04:20:47.418142,NaN,NaN,NaN,-34.63892533333333,17.49377683333333
552.328,5.296887155644798,34.39202720138865,33.44400254878692,216.60906982125238,2026-06-25 04:20:47.318169,NaN,NaN,NaN,-34.63892533333333,17.49377683333333
552.632,5.296220129486835,34.39200758258039,33.44356120537979,216.64358481069317,2026-06-25 04:20:47.268182,NaN,NaN,NaN,-34.63892533333333,17.49377683333333
552.8485000000001,5.294691164640504,34.391961339229326,33.44232931075599,216.9562879569233,2026-06-25 04:20:47.193201,NaN,NaN,NaN,-34.63892533333333,17.49377683333333
553.026,5.292850014866443,34.3918980197139,33.44067624573406,216.96930347340864,2026-06-25 04:20:47.118221,NaN,NaN,NaN,-34.63892533333333,17.49377683333333
553.3005,5.290908421897521,34.3918129930976,33.43874704219215,216.68808801225964,2026-06-25 04:20:47.043240,NaN,NaN,NaN,-34.63892533333333,17.49377683333333
553.7065,5.288414130455832,34.39167017450529,33.43612315883291,216.70499588036407,2026-06-25 04:20:46.943266,NaN,NaN,NaN,-34.63892533333333,17.49377683333333
553.842,5.28664022512703,34.39154068538097,33.43425123556618,216.72262173594763,2026-06-25 04:20:46.868286,NaN,NaN,NaN,-34.63892533333333,17.49377683333333
554.271,5.284924365875966,34.39138853226478,33.43259139592206,216.74633539927584,2026-06-25 04:20:46.793305,NaN,NaN,NaN,-34.63892533333333,17.49377683333333
554.517,5.283238738474207,34.391218083716915,33.43114656550719,216.77167776091738,2026-06-25 04:20:46.718325,NaN,NaN,NaN,-34.63892533333333,17.49377683333333
554.639,5.282138267034889,34.39109218032147,33.430317620646804,216.7786808756543,2026-06-25 04:20:46.668338,NaN,NaN,NaN,-34.63892533333333,17.49377683333333
554.915,5.279976368983129,34.3909570295365,33.428834547425645,216.7891072578288,2026-06-25 04:20:46.568364,NaN,NaN,NaN,-34.63892533333333,17.49377683333333
554.998,5.2810554732037565,34.39081260549142,33.42955956329229,216.784583088488,2026-06-25 04:20:46.618351,NaN,NaN,NaN,-34.63892533333333,17.49377683333333
555.288,5.278274229327955,34.39057738252201,33.427698285255005,216.80550765198416,2026-06-25 04:20:46.493384,NaN,NaN,NaN,-34.63892533333333,17.49377683333333
555.707,5.276366949556212,34.39032355717477,33.426400612531985,216.83730681090373,2026-06-25 04:20:46.418403,NaN,NaN,NaN,-34.63892533333333,17.49377683333333
555.808,5.274888158727382,34.39014194536256,33.42537158514435,216.84965313430516,2026-06-25 04:20:46.368416,NaN,NaN,NaN,-34.63892533333333,17.49377683333333
556.0825,5.2723004207437745,34.3898509838167,33.42353309250453,217.02719705548577,2026-06-25 04:20:46.293436,NaN,NaN,NaN,-34.63892533333333,17.49377683333333
556.542,5.269341810649553,34.389541550001255,33.42138850549094,216.92129162460319,2026-06-25 04:20:46.218455,NaN,NaN,NaN,-34.63892533333333,17.49377683333333
556.625,5.265951309765578,34.38920918084027,33.41883782680094,216.94526448375564,2026-06-25 04:20:46.143475,NaN,NaN,NaN,-34.63892533333333,17.49377683333333
557.117,5.2595134166921245,34.38861291155453,33.41349632715571,217.3029974993784,2026-06-25 04:20:46.018507,NaN,NaN,NaN,-34.63892533333333,17.49377683333333
557.216,5.259590998325365,34.388608456443734,33.4136307246565,217.01093055870788,2026-06-25 04:20:46.018507,NaN,NaN,NaN,-34.63892533333333,17.49377683333333
557.544,5.253795161587189,34.38809484185597,33.4082688647362,217.36023682628456,2026-06-25 04:20:45.918533,NaN,NaN,NaN,-34.63892533333333,17.49377683333333
557.778,5.250656605691028,34.38782267662362,33.4051604404211,217.38610591995962,2026-06-25 04:20:45.868546,NaN,NaN,NaN,-34.63892533333333,17.49377683333333
558.083,5.2473666596754835,34.38754190041747,33.401791883083725,217.42405119896426,2026-06-25 04:20:45.818559,NaN,NaN,NaN,-34.63892533333333,17.49377683333333
558.37,5.240426640585014,34.38695500083202,33.3945034985312,217.502263778507,2026-06-25 04:20:45.718585,NaN,NaN,NaN,-34.63892533333333,17.49377683333333
558.4694999999999,5.24040753416242,34.38695088836542,33.394489864115315,217.49979948989196,2026-06-25 04:20:45.718585,NaN,NaN,NaN,-34.63892533333333,17.49377683333333
558.7774999999999,5.2316365607429045,34.38617428478527,33.385425313681736,217.5897252742742,2026-06-25 04:20:45.593618,NaN,NaN,NaN,-34.63892533333333,17.49377683333333
559.1500000000001,5.225111025877678,34.38551516306792,33.37924901093008,217.6420603075788,2026-06-25 04:20:45.493644,NaN,NaN,NaN,-34.63892533333333,17.49377683333333
559.643,5.220623721512956,34.38500200232774,33.37539034008565,217.67601814146016,2026-06-25 04:20:45.418664,NaN,NaN,NaN,-34.63892533333333,17.49377683333333
559.88,5.214928107457558,34.38429148286258,33.37078786235318,217.71579009229,2026-06-25 04:20:45.318690,NaN,NaN,NaN,-34.63892533333333,17.49377683333333
560.026,5.214872753228594,34.38428809469636,33.370719240723794,217.71042204079592,2026-06-25 04:20:45.318690,NaN,NaN,NaN,-34.63892533333333,17.49377683333333
560.335,5.208793450830835,34.38355386699391,33.36564865486636,217.79182786528162,2026-06-25 04:20:45.218716,NaN,NaN,NaN,-34.63892533333333,17.49377683333333
560.7429999999999,5.203410809597031,34.38298321447314,33.36075862301729,217.98986921732615,2026-06-25 04:20:45.143735,NaN,NaN,NaN,-34.63892533333333,17.49377683333333
561.071,5.197336701273533,34.38240064475881,33.354942421075734,218.19434441858877,2026-06-25 04:20:45.068755,NaN,NaN,NaN,-34.63892533333333,17.49377683333333
561.3495,5.190447217285998,34.38180413403173,33.34812387324407,218.27964232487523,2026-06-25 04:20:44.993774,NaN,NaN,NaN,-34.63892533333333,17.49377683333333
561.528,5.180504390082255,34.38099175877906,33.338310911464475,218.5283013496872,2026-06-25 04:20:44.893800,NaN,NaN,NaN,-34.63892533333333,17.49377683333333
561.603,5.172854437861285,34.38037075519908,33.330836893069744,218.75685250293864,2026-06-25 04:20:44.818820,NaN,NaN,NaN,-34.63892533333333,17.49377683333333
561.977,5.167871715796765,34.37995108034785,33.32598592862413,218.79761648114356,2026-06-25 04:20:44.768833,NaN,NaN,NaN,-34.63892533333333,17.49377683333333
562.182,5.158562271736774,34.37952752513794,33.316936098935074,218.87342917396512,2026-06-25 04:20:44.668859,NaN,NaN,NaN,-34.63892533333333,17.49377683333333
562.453,5.163089107644465,34.379100396434126,33.321330905788514,218.84253335019176,2026-06-25 04:20:44.718846,NaN,NaN,NaN,-34.63892533333333,17.49377683333333
562.626,5.150314461501516,34.37867000711846,33.30910322225879,218.94672963667367,2026-06-25 04:20:44.568885,NaN,NaN,NaN,-34.63892533333333,17.49377683333333
562.838,5.154310139418589,34.37823667575106,33.31285235574421,218.9215689049258,2026-06-25 04:20:44.618872,NaN,NaN,NaN,-34.63892533333333,17.49377683333333
563.093,5.14652431818796,34.377800726217096,33.30566745088076,218.97935370932174,2026-06-25 04:20:44.518898,NaN,NaN,NaN,-34.63892533333333,17.49377683333333
563.4395,5.141036579634552,34.3771423899814,33.30094594296568,219.32724848974104,2026-06-25 04:20:44.443918,NaN,NaN,NaN,-34.63892533333333,17.49377683333333
563.714,5.135464456952928,34.376480479553074,33.2963646993759,219.38484940978825,2026-06-25 04:20:44.368937,NaN,NaN,NaN,-34.63892533333333,17.49377683333333
563.9085,5.129335750732752,34.37581537855175,33.29144028948768,219.5917378950295,2026-06-25 04:20:44.293957,NaN,NaN,NaN,-34.63892533333333,17.49377683333333
564.305,5.122456709458197,34.3751487609456,33.28582133416978,219.5245085753382,2026-06-25 04:20:44.218976,NaN,NaN,NaN,-34.63892533333333,17.49377683333333
564.5385,5.114394774121461,34.374481558688174,33.27889544567608,219.89459950977547,2026-06-25 04:20:44.143996,NaN,NaN,NaN,-34.63892533333333,17.49377683333333
564.984,5.105299979691142,34.373814946180644,33.27068266823833,219.97422881110882,2026-06-25 04:20:44.069015,NaN,NaN,NaN,-34.63892533333333,17.49377683333333
565.178,5.0985533645453724,34.37337152182935,33.26430825116705,220.07282391042656,2026-06-25 04:20:44.019029,NaN,NaN,NaN,-34.63892533333333,17.49377683333333
565.4884999999999,5.087525222180986,34.372708927780806,33.25354575294038,220.47451485930026,2026-06-25 04:20:43.944048,NaN,NaN,NaN,-34.63892533333333,17.49377683333333
565.8903333333334,5.067716308735608,34.37161406972105,33.233723619939745,220.68727058959112,2026-06-25 04:20:43.819081,NaN,NaN,NaN,-34.63892533333333,17.49377683333333
566.3235,5.04754197075593,34.370534378992545,33.21340200921509,220.9889241992061,2026-06-25 04:20:43.694113,NaN,NaN,NaN,-34.63892533333333,17.49377683333333
566.8803333333334,5.028254371896049,34.369477840268445,33.1936480882141,221.3208906108083,2026-06-25 04:20:43.569146,NaN,NaN,NaN,-34.63892533333333,17.49377683333333
567.068,5.013450214943869,34.368649581829956,33.17817750761581,221.45244956411494,2026-06-25 04:20:43.469172,NaN,NaN,NaN,-34.63892533333333,17.49377683333333
567.499,5.006286855157621,34.368243499303,33.1705915431127,221.51303815021296,2026-06-25 04:20:43.419185,NaN,NaN,NaN,-34.63892533333333,17.49377683333333
567.8963333333332,4.992457629373818,34.36744958659353,33.155904421178356,221.62945381117953,2026-06-25 04:20:43.319211,NaN,NaN,NaN,-34.63892533333333,17.49377683333333
568.319,4.979092835064783,34.366675490434204,33.141807311674924,221.74973311771555,2026-06-25 04:20:43.219237,NaN,NaN,NaN,-34.63892533333333,17.49377683333333
568.4590000000001,4.96947256932928,34.36611433666963,33.13176720359399,221.54883177468312,2026-06-25 04:20:43.144257,NaN,NaN,NaN,-34.63892533333333,17.49377683333333
569.03,4.951834543361943,34.36504620057132,33.11344643714046,221.85726719791444,2026-06-25 04:20:42.994296,NaN,NaN,NaN,-34.63892533333333,17.49377683333333
569.2455,4.951497074034398,34.365038419361625,33.113088371953076,222.0243565959497,2026-06-25 04:20:42.994296,NaN,NaN,NaN,-34.63892533333333,17.49377683333333
569.774,4.938694003472661,34.36419394130459,33.09983228453938,222.1292391386579,2026-06-25 04:20:42.869328,NaN,NaN,NaN,-34.63892533333333,17.49377683333333
569.831,4.930501582196217,34.36356108388055,33.0913927364972,221.8945036230537,2026-06-25 04:20:42.769354,NaN,NaN,NaN,-34.63892533333333,17.49377683333333
570.1175000000001,4.930740151510669,34.36355667589592,33.09164254581046,222.04851402111396,2026-06-25 04:20:42.769354,NaN,NaN,NaN,-34.63892533333333,17.49377683333333
570.296,4.924205880255173,34.36295466278332,33.084940808700104,221.94771440009222,2026-06-25 04:20:42.669380,NaN,NaN,NaN,-34.63892533333333,17.49377683333333
570.8483333333334,4.9197595456248475,34.362392625150754,33.08047434756576,221.7561315659801,2026-06-25 04:20:42.569406,NaN,NaN,NaN,-34.63892533333333,17.49377683333333
571.274,4.915093219100619,34.361616821521494,33.076092323010776,221.71017359209873,2026-06-25 04:20:42.419445,NaN,NaN,NaN,-34.63892533333333,17.49377683333333
571.743,4.912594968084344,34.36114572805857,33.07392016593136,221.4281295167115,2026-06-25 04:20:42.319472,NaN,NaN,NaN,-34.63892533333333,17.49377683333333
571.869,4.911339414228121,34.36092702417176,33.07279888734724,221.44712762186202,2026-06-25 04:20:42.269485,NaN,NaN,NaN,-34.63892533333333,17.49377683333333
572.16,4.90866142934489,34.360718558302906,33.07021459136533,221.48245033700826,2026-06-25 04:20:42.169511,NaN,NaN,NaN,-34.63892533333333,17.49377683333333
572.232,4.910026056984706,34.36052039935225,33.07156631808543,221.46184013253188,2026-06-25 04:20:42.219498,NaN,NaN,NaN,-34.63892533333333,17.49377683333333
572.4195,4.906610094542799,34.36024390519546,33.0680567438963,221.35183243627546,2026-06-25 04:20:42.094530,NaN,NaN,NaN,-34.63892533333333,17.49377683333333
572.919,4.904699171695893,34.359988243701345,33.06596782097558,221.21888460103008,2026-06-25 04:20:42.019550,NaN,NaN,NaN,-34.63892533333333,17.49377683333333
573.0764999999999,4.903184017233393,34.359758681839864,33.0642968047766,221.22876148405186,2026-06-25 04:20:41.944569,NaN,NaN,NaN,-34.63892533333333,17.49377683333333
573.327,4.902113654001365,34.35954998770715,33.06316109394406,220.93015880495165,2026-06-25 04:20:41.869589,NaN,NaN,NaN,-34.63892533333333,17.49377683333333
573.567,4.901732114100651,34.35942473076638,33.062816923691294,220.93471171149938,2026-06-25 04:20:41.819602,NaN,NaN,NaN,-34.63892533333333,17.49377683333333
573.766,4.90173284315774,34.35921033523663,33.063090611443755,220.9369816127263,2026-06-25 04:20:41.719628,NaN,NaN,NaN,-34.63892533333333,17.49377683333333
573.9755,4.901851839732526,34.3592052219479,33.063243146009995,220.78334454559302,2026-06-25 04:20:41.719628,NaN,NaN,NaN,-34.63892533333333,17.49377683333333
574.412,4.90267447152728,34.35902660593607,33.064578991586366,220.62130731437549,2026-06-25 04:20:41.619654,NaN,NaN,NaN,-34.63892533333333,17.49377683333333
574.746,4.903427079140643,34.35895241439051,33.06572795224149,220.61356041669248,2026-06-25 04:20:41.569667,NaN,NaN,NaN,-34.63892533333333,17.49377683333333
574.919,4.904771723065317,34.35886093479553,33.06786325885376,220.2968733757564,2026-06-25 04:20:41.494687,NaN,NaN,NaN,-34.63892533333333,17.49377683333333
575.223,4.906182316032737,34.35878894182164,33.07023931985032,220.2871796577588,2026-06-25 04:20:41.419706,NaN,NaN,NaN,-34.63892533333333,17.49377683333333
575.537,4.907070450512362,34.35875369848306,33.07183489737143,220.28206380954384,2026-06-25 04:20:41.369719,NaN,NaN,NaN,-34.63892533333333,17.49377683333333
575.855,4.908449474114999,34.358723435312584,33.074543422738884,220.019381731685,2026-06-25 04:20:41.269745,NaN,NaN,NaN,-34.63892533333333,17.49377683333333
576.112,4.909291213485688,34.358723435312584,33.076445216353996,219.95619462912083,2026-06-25 04:20:41.169771,NaN,NaN,NaN,-34.63892533333333,17.49377683333333
576.4875,4.909407753433454,34.358723435312584,33.07691731124456,219.65951057690643,2026-06-25 04:20:41.094791,NaN,NaN,NaN,-34.63892533333333,17.49377683333333
576.782,4.9088797638899555,34.35875882370777,33.07566927456263,219.68475223209202,2026-06-25 04:20:40.919836,NaN,NaN,NaN,-34.63892533333333,17.49377683333333
576.81,4.909242953542568,34.358793071394054,33.07672098825305,219.6759275661845,2026-06-25 04:20:41.019810,NaN,NaN,NaN,-34.63892533333333,17.49377683333333
577.138,4.909037301179396,34.35883500730179,33.07624433419727,219.68372033548647,2026-06-25 04:20:40.969823,NaN,NaN,NaN,-34.63892533333333,17.49377683333333
577.301,4.908895279146758,34.35888437828753,33.07517941555007,219.3919945163678,2026-06-25 04:20:40.869849,NaN,NaN,NaN,-34.63892533333333,17.49377683333333
577.574,4.909583580456214,34.35897264773695,33.07511954277594,219.38736226980689,2026-06-25 04:20:40.794869,NaN,NaN,NaN,-34.63892533333333,17.49377683333333
577.701,4.911208546689228,34.35907445031065,33.076200862508024,219.0507796144722,2026-06-25 04:20:40.719888,NaN,NaN,NaN,-34.63892533333333,17.49377683333333
577.943,4.9130319625370085,34.3591508735767,33.07791804321524,219.03638467843416,2026-06-25 04:20:40.669901,NaN,NaN,NaN,-34.63892533333333,17.49377683333333
578.529,4.916922032498417,34.359277473313014,33.082172984837875,218.85374088049466,2026-06-25 04:20:40.594921,NaN,NaN,NaN,-34.63892533333333,17.49377683333333
578.604,4.92189273945188,34.359415295258735,33.088038983985975,218.63919332320398,2026-06-25 04:20:40.519941,NaN,NaN,NaN,-34.63892533333333,17.49377683333333
579.031,4.925818292316317,34.35951415306234,33.09286746547103,218.2983399551617,2026-06-25 04:20:40.469954,NaN,NaN,NaN,-34.63892533333333,17.49377683333333
579.2280000000001,4.9345164928735015,34.35972609755725,33.10395227166141,218.22456300553208,2026-06-25 04:20:40.369980,NaN,NaN,NaN,-34.63892533333333,17.49377683333333
579.572,4.934503565904554,34.35972820698676,33.10388674049671,218.2332879981911,2026-06-25 04:20:40.369980,NaN,NaN,NaN,-34.63892533333333,17.49377683333333
579.693,4.943296486288246,34.359954914946194,33.115415041664534,218.15296862760053,2026-06-25 04:20:40.270006,NaN,NaN,NaN,-34.63892533333333,17.49377683333333
579.947,4.951016212257221,34.36007485433474,33.12579242188756,218.0867973410295,2026-06-25 04:20:40.170032,NaN,NaN,NaN,-34.63892533333333,17.49377683333333
580.005,4.947359620704463,34.360198052395894,33.12083780921201,218.1203505498085,2026-06-25 04:20:40.220019,NaN,NaN,NaN,-34.63892533333333,17.49377683333333
580.297,4.954142842025905,34.360324186484,33.13014447886824,218.07714176809912,2026-06-25 04:20:40.120045,NaN,NaN,NaN,-34.63892533333333,17.49377683333333
580.432,4.956637434572492,34.36045293354721,33.133792958345175,218.06176811031227,2026-06-25 04:20:40.070058,NaN,NaN,NaN,-34.63892533333333,17.49377683333333
580.667,4.958426663730366,34.36058397065216,33.13666907138154,218.054568727089,2026-06-25 04:20:40.020071,NaN,NaN,NaN,-34.63892533333333,17.49377683333333
580.945,4.959467003518903,34.360716975502626,33.13873323103891,218.0623073653964,2026-06-25 04:20:39.970084,NaN,NaN,NaN,-34.63892533333333,17.49377683333333
581.112,4.9597382714771285,34.36085162695103,33.139965190296834,218.0658676376839,2026-06-25 04:20:39.920097,NaN,NaN,NaN,-34.63892533333333,17.49377683333333
581.21,4.959235159196342,34.36098760550173,33.14035030861689,218.37199728562476,2026-06-25 04:20:39.870110,NaN,NaN,NaN,-34.63892533333333,17.49377683333333
581.6783333333334,4.955646406936119,34.36126240494735,33.138191214055674,218.42485908079473,2026-06-25 04:20:39.770136,NaN,NaN,NaN,-34.63892533333333,17.49377683333333
581.894,4.949473333066396,34.361538486014425,33.13300154110512,218.4783146682794,2026-06-25 04:20:39.670162,NaN,NaN,NaN,-34.63892533333333,17.49377683333333
582.4490000000001,4.942619606961715,34.36174509205578,33.12645724260025,218.55281870873657,2026-06-25 04:20:39.595182,NaN,NaN,NaN,-34.63892533333333,17.49377683333333
582.847,4.931434820629013,34.362018071769235,33.11536297160901,218.6767288982802,2026-06-25 04:20:39.495208,NaN,NaN,NaN,-34.63892533333333,17.49377683333333
583.082,4.921919527825334,34.36221985032228,33.10577489375687,218.74962461577186,2026-06-25 04:20:39.420227,NaN,NaN,NaN,-34.63892533333333,17.49377683333333
583.277,4.908453522214657,34.36248192822257,33.091950421890935,218.88544760789634,2026-06-25 04:20:39.320253,NaN,NaN,NaN,-34.63892533333333,17.49377683333333
583.701,4.895037539704441,34.36273664778289,33.07797505347237,218.99830742691236,2026-06-25 04:20:39.220279,NaN,NaN,NaN,-34.63892533333333,17.49377683333333
583.845,4.888655787062348,34.36285968879176,33.07127711927933,219.0542169456033,2026-06-25 04:20:39.170292,NaN,NaN,NaN,-34.63892533333333,17.49377683333333
584.178,4.882653488442302,34.36297977059293,33.06500024955669,219.11713851972553,2026-06-25 04:20:39.120305,NaN,NaN,NaN,-34.63892533333333,17.49377683333333
584.498,4.877140717589788,34.363096658993875,33.05929972073444,219.15957523482876,2026-06-25 04:20:39.070318,NaN,NaN,NaN,-34.63892533333333,17.49377683333333
584.646,4.872209727391873,34.363210128108484,33.05428959575378,218.8898262157505,2026-06-25 04:20:39.020331,NaN,NaN,NaN,-34.63892533333333,17.49377683333333
584.939,4.864311890210741,34.36331996061945,33.04652489528152,218.96223208974453,2026-06-25 04:20:38.920358,NaN,NaN,NaN,-34.63892533333333,17.49377683333333
585.068,4.867924564844343,34.363425948026226,33.05002909146605,218.92310255699664,2026-06-25 04:20:38.970344,NaN,NaN,NaN,-34.63892533333333,17.49377683333333
585.312,4.860200501455509,34.36357674493779,33.04266517844748,218.67623649603837,2026-06-25 04:20:38.845377,NaN,NaN,NaN,-34.63892533333333,17.49377683333333
585.7195,4.85662625027639,34.363763244777374,33.0393963047466,218.69678494344987,2026-06-25 04:20:38.745403,NaN,NaN,NaN,-34.63892533333333,17.49377683333333
585.834,4.855033779945712,34.363891556412796,33.03795234999744,218.70779410225015,2026-06-25 04:20:38.670423,NaN,NaN,NaN,-34.63892533333333,17.49377683333333
586.16,4.85433220173954,34.363970616095145,33.03732809344002,218.71806547395184,2026-06-25 04:20:38.620436,NaN,NaN,NaN,-34.63892533333333,17.49377683333333
586.494,4.853286700675948,34.364111721476156,33.0365048582651,218.7372347605182,2026-06-25 04:20:38.520462,NaN,NaN,NaN,-34.63892533333333,17.49377683333333
587.09,4.852277389771169,34.36423520104349,33.035875264269464,218.74455650062905,2026-06-25 04:20:38.420488,NaN,NaN,NaN,-34.63892533333333,17.49377683333333
587.257,4.8516826468706284,34.364287858855306,33.035583083126944,218.74920599813998,2026-06-25 04:20:38.370501,NaN,NaN,NaN,-34.63892533333333,17.49377683333333
587.463,4.850577468431059,34.364355630264306,33.0351230065999,218.76933194737165,2026-06-25 04:20:38.295520,NaN,NaN,NaN,-34.63892533333333,17.49377683333333
587.67,4.848694907515617,34.364426944309855,33.03446120060526,218.6436466160116,2026-06-25 04:20:38.195546,NaN,NaN,NaN,-34.63892533333333,17.49377683333333
588.117,4.847028916155115,34.364465934346406,33.03391835759912,218.51029514140853,2026-06-25 04:20:38.120566,NaN,NaN,NaN,-34.63892533333333,17.49377683333333
588.288,4.845841930331814,34.36448411555517,33.03351929708911,218.5216709803891,2026-06-25 04:20:38.070579,NaN,NaN,NaN,-34.63892533333333,17.49377683333333
588.447,4.844632307874625,34.36449640604106,33.03308323380209,218.53661282182873,2026-06-25 04:20:38.020592,NaN,NaN,NaN,-34.63892533333333,17.49377683333333
588.905,4.842816186552584,34.36449640604106,33.03233640379828,218.55408534505858,2026-06-25 04:20:37.945612,NaN,NaN,NaN,-34.63892533333333,17.49377683333333
589.043,4.841020645470139,34.36449640604106,33.03145789305013,218.2618329102041,2026-06-25 04:20:37.870631,NaN,NaN,NaN,-34.63892533333333,17.49377683333333
589.296,4.839836303143534,34.36448658111188,33.03073540930255,218.27401941546444,2026-06-25 04:20:37.820644,NaN,NaN,NaN,-34.63892533333333,17.49377683333333
589.421,4.838650550181561,34.36446945336681,33.02986809708515,218.58441293456818,2026-06-25 04:20:37.770657,NaN,NaN,NaN,-34.63892533333333,17.49377683333333
589.7385,4.836853664395468,34.3644321864887,33.02825989370747,218.45785618219648,2026-06-25 04:20:37.695677,NaN,NaN,NaN,-34.63892533333333,17.49377683333333
590.165,4.833964288527567,34.36434167033357,33.02520714569625,218.3462759422187,2026-06-25 04:20:37.570709,NaN,NaN,NaN,-34.63892533333333,17.49377683333333
590.394,4.832045947280197,34.364247076677024,33.02300215456115,218.3575649603696,2026-06-25 04:20:37.470735,NaN,NaN,NaN,-34.63892533333333,17.49377683333333
590.8515,4.8311616662545305,34.36416007102991,33.02197669498614,218.37206943613256,2026-06-25 04:20:37.395755,NaN,NaN,NaN,-34.63892533333333,17.49377683333333
591.262,4.830686675228775,34.36406275632247,33.02151706873477,218.376895600768,2026-06-25 04:20:37.320774,NaN,NaN,NaN,-34.63892533333333,17.49377683333333
591.463,4.830614467180203,34.3639912222377,33.021578463957916,218.37577530108135,2026-06-25 04:20:37.270788,NaN,NaN,NaN,-34.63892533333333,17.49377683333333
591.714,4.8306796699764005,34.36391487024349,33.021867572003316,218.37798425356866,2026-06-25 04:20:37.220801,NaN,NaN,NaN,-34.63892533333333,17.49377683333333
591.8285000000001,4.830894939402561,34.36379108865863,33.02260005255053,218.67237837024018,2026-06-25 04:20:37.145820,NaN,NaN,NaN,-34.63892533333333,17.49377683333333
592.5253333333334,4.830823270317055,34.36356311089466,33.02390099147178,218.69074635619904,2026-06-25 04:20:37.020853,NaN,NaN,NaN,-34.63892533333333,17.49377683333333
592.722,4.829825859786252,34.36336464831073,33.02439489244876,218.70683759501546,2026-06-25 04:20:36.920879,NaN,NaN,NaN,-34.63892533333333,17.49377683333333
592.824,4.82872120719743,34.363259278471126,33.024127446669695,218.71018994566558,2026-06-25 04:20:36.870892,NaN,NaN,NaN,-34.63892533333333,17.49377683333333
593.198,4.827159094185583,34.36315053219155,33.0234027329955,218.7292548065605,2026-06-25 04:20:36.820905,NaN,NaN,NaN,-34.63892533333333,17.49377683333333
593.404,4.825081939190103,34.363038623719696,33.02214031179785,218.76005830895596,2026-06-25 04:20:36.770918,NaN,NaN,NaN,-34.63892533333333,17.49377683333333
593.6775,4.820827049803702,34.362864991794595,33.019031039426125,219.11563817685317,2026-06-25 04:20:36.695937,NaN,NaN,NaN,-34.63892533333333,17.49377683333333
593.966,4.815392414207649,34.36268616420501,33.01463480444204,219.18457535064044,2026-06-25 04:20:36.620957,NaN,NaN,NaN,-34.63892533333333,17.49377683333333
594.2825,4.808544316518255,34.36250173212591,33.008664248814696,219.24337861297917,2026-06-25 04:20:36.545976,NaN,NaN,NaN,-34.63892533333333,17.49377683333333
594.7185,4.79148286599728,34.36231355034007,32.99325309320402,219.40504832659056,2026-06-25 04:20:36.396016,NaN,NaN,NaN,-34.63892533333333,17.49377683333333
594.806,4.800649657362045,34.36212162661562,33.0015694194038,219.3278328534156,2026-06-25 04:20:36.470996,NaN,NaN,NaN,-34.63892533333333,17.49377683333333
595.374,4.781276195116864,34.361927482586886,32.983926929304744,219.4887073304239,2026-06-25 04:20:36.321035,NaN,NaN,NaN,-34.63892533333333,17.49377683333333
595.5225,4.769722766570373,34.36173155062919,32.97296508205842,219.7517132579451,2026-06-25 04:20:36.246055,NaN,NaN,NaN,-34.63892533333333,17.49377683333333
595.737,4.75709219967713,34.36153499039524,32.960352220892716,219.69830530818598,2026-06-25 04:20:36.171074,NaN,NaN,NaN,-34.63892533333333,17.49377683333333
595.795,4.748030052816521,34.361403982440564,32.950805752399724,219.7788330737015,2026-06-25 04:20:36.121087,NaN,NaN,NaN,-34.63892533333333,17.49377683333333
596.154,4.733857211556451,34.36120833793387,32.93532046206583,219.97701209562493,2026-06-25 04:20:36.046107,NaN,NaN,NaN,-34.63892533333333,17.49377683333333
596.353,4.719702254318078,34.3610142475394,32.91960793306302,220.10922686349323,2026-06-25 04:20:35.971126,NaN,NaN,NaN,-34.63892533333333,17.49377683333333
596.726,4.710820609271867,34.36088634902985,32.90971097965812,220.18132067795167,2026-06-25 04:20:35.921139,NaN,NaN,NaN,-34.63892533333333,17.49377683333333
596.909,4.702773139435469,34.360759916279264,32.900749282185885,220.24001829347242,2026-06-25 04:20:35.871152,NaN,NaN,NaN,-34.63892533333333,17.49377683333333
597.2995,4.692959497683889,34.3605738860504,32.88987218165187,219.84866923395947,2026-06-25 04:20:35.796172,NaN,NaN,NaN,-34.63892533333333,17.49377683333333
597.412,4.685705466891253,34.36039215915424,32.881926009373345,219.7392591815081,2026-06-25 04:20:35.721191,NaN,NaN,NaN,-34.63892533333333,17.49377683333333
597.804,4.681664636600365,34.36021683007611,32.87770015050995,219.76459069159523,2026-06-25 04:20:35.646211,NaN,NaN,NaN,-34.63892533333333,17.49377683333333
598.2306666666667,4.680373310057965,34.35994008758155,32.87713305221815,219.21501798915912,2026-06-25 04:20:35.521244,NaN,NaN,NaN,-34.63892533333333,17.49377683333333
598.764,4.682574913785844,34.35973290983717,32.880646295913614,219.11831226936613,2026-06-25 04:20:35.421270,NaN,NaN,NaN,-34.63892533333333,17.49377683333333
598.872,4.684453747445654,34.35963599411536,32.883385950436356,219.09895776321792,2026-06-25 04:20:35.371283,NaN,NaN,NaN,-34.63892533333333,17.49377683333333
599.1034999999999,4.687459933732281,34.35949950230855,32.887717393321005,218.9196009169043,2026-06-25 04:20:35.296302,NaN,NaN,NaN,-34.63892533333333,17.49377683333333
599.471,4.690884948504888,34.359333522364054,32.892622225253874,218.75726590303128,2026-06-25 04:20:35.196328,NaN,NaN,NaN,-34.63892533333333,17.49377683333333
599.821,4.692578067643542,34.3592219212574,32.895052946225036,218.75197349860443,2026-06-25 04:20:35.121348,NaN,NaN,NaN,-34.63892533333333,17.49377683333333
600.025,4.693152432331162,34.35915484373395,32.895898841977974,218.75461101524922,2026-06-25 04:20:35.071361,NaN,NaN,NaN,-34.63892533333333,17.49377683333333
600.335,4.6933346874210145,34.35909353036809,32.896196747277045,218.76744453308592,2026-06-25 04:20:35.021374,NaN,NaN,NaN,-34.63892533333333,17.49377683333333
600.5155,4.6929792125188365,34.359013609341915,32.89575781674789,218.77829980600654,2026-06-25 04:20:34.946393,NaN,NaN,NaN,-34.63892533333333,17.49377683333333
600.745,4.692208504205155,34.35894623743917,32.89473733726345,218.7811021862783,2026-06-25 04:20:34.871413,NaN,NaN,NaN,-34.63892533333333,17.49377683333333
600.912,4.691566565482996,34.35891000798994,32.893903802987104,218.79682345140893,2026-06-25 04:20:34.821426,NaN,NaN,NaN,-34.63892533333333,17.49377683333333
601.3045,4.690631278158698,34.35886923444105,32.892813050159916,218.6540061023046,2026-06-25 04:20:34.746446,NaN,NaN,NaN,-34.63892533333333,17.49377683333333
601.7,4.689699515935949,34.35886923444105,32.89205295840178,218.50756593594747,2026-06-25 04:20:34.646472,NaN,NaN,NaN,-34.63892533333333,17.49377683333333
602.1705,4.6893585629436,34.35885431221356,32.89233794755743,218.21296645329264,2026-06-25 04:20:34.546498,NaN,NaN,NaN,-34.63892533333333,17.49377683333333
602.348,4.689837136412871,34.35885431221356,32.89385010145505,218.20331009436802,2026-06-25 04:20:34.421530,NaN,NaN,NaN,-34.63892533333333,17.49377683333333
602.663,4.689515120256039,34.35887641099649,32.89312089784618,218.2151167398305,2026-06-25 04:20:34.471517,NaN,NaN,NaN,-34.63892533333333,17.49377683333333
602.952,4.690306111196972,34.35890640471417,32.89467190484911,218.20664262412936,2026-06-25 04:20:34.371543,NaN,NaN,NaN,-34.63892533333333,17.49377683333333
603.043,4.690894655058943,34.35894439808182,32.89554411286743,217.89856160106802,2026-06-25 04:20:34.321556,NaN,NaN,NaN,-34.63892533333333,17.49377683333333
603.293,4.691920421540557,34.35901762156939,32.896863265509424,217.8866624836081,2026-06-25 04:20:34.246576,NaN,NaN,NaN,-34.63892533333333,17.49377683333333
603.542,4.692978312980893,34.35910728464258,32.898114372362805,217.87456285879452,2026-06-25 04:20:34.171595,NaN,NaN,NaN,-34.63892533333333,17.49377683333333
603.684,4.693626891811872,34.3591781383334,32.898863628855764,217.87599996765377,2026-06-25 04:20:34.121608,NaN,NaN,NaN,-34.63892533333333,17.49377683333333
604.155,4.694555258144619,34.35934504423235,32.900088103234694,217.7245783908714,2026-06-25 04:20:34.021634,NaN,NaN,NaN,-34.63892533333333,17.49377683333333
604.234,4.694616198204177,34.35934927940369,32.90012583753225,217.87591844878793,2026-06-25 04:20:34.021634,NaN,NaN,NaN,-34.63892533333333,17.49377683333333
604.494,4.695132503508865,34.359545821864074,32.901088426974376,217.57365412739847,2026-06-25 04:20:33.921660,NaN,NaN,NaN,-34.63892533333333,17.49377683333333
604.668,4.695244174375696,34.359658979090554,32.901473619562545,217.58167206999434,2026-06-25 04:20:33.871674,NaN,NaN,NaN,-34.63892533333333,17.49377683333333
605.126,4.695293786979235,34.359780664759086,32.90180757403142,217.589205280923,2026-06-25 04:20:33.821687,NaN,NaN,NaN,-34.63892533333333,17.49377683333333
605.3715,4.695342456104141,34.35998024550037,32.902246926569994,217.58749213603434,2026-06-25 04:20:33.746706,NaN,NaN,NaN,-34.63892533333333,17.49377683333333
605.7375,4.695539276522984,34.3602746970019,32.90284574901693,217.58072215255072,2026-06-25 04:20:33.646732,NaN,NaN,NaN,-34.63892533333333,17.49377683333333
605.991,4.6958378666024085,34.36051668593395,32.903395480799254,217.2781310036077,2026-06-25 04:20:33.571752,NaN,NaN,NaN,-34.63892533333333,17.49377683333333
606.26,4.696104194666105,34.36068920812316,32.90384942119149,217.2826280896371,2026-06-25 04:20:33.521765,NaN,NaN,NaN,-34.63892533333333,17.49377683333333
606.5515,4.69656846606471,34.36096461484708,32.90466644323048,217.27732281641303,2026-06-25 04:20:33.446784,NaN,NaN,NaN,-34.63892533333333,17.49377683333333
606.661,4.697079413605328,34.36125647020381,32.90559736994146,217.2735301358302,2026-06-25 04:20:33.371804,NaN,NaN,NaN,-34.63892533333333,17.49377683333333
606.899,4.697441251947887,34.36146187142119,32.90627143318899,216.97273689493804,2026-06-25 04:20:33.321817,NaN,NaN,NaN,-34.63892533333333,17.49377683333333
607.278,4.697811045159086,34.36167528131079,32.906964170144676,216.97416022043618,2026-06-25 04:20:33.271830,NaN,NaN,NaN,-34.63892533333333,17.49377683333333
607.5129999999999,4.698370767053968,34.362011153495956,32.90799097859059,216.9677344735266,2026-06-25 04:20:33.196849,NaN,NaN,NaN,-34.63892533333333,17.49377683333333
607.653,4.698925928364568,34.362362497131606,32.908959515619095,216.66347273764754,2026-06-25 04:20:33.121869,NaN,NaN,NaN,-34.63892533333333,17.49377683333333
608.1275,4.699454123981224,34.36273270695459,32.90980430560039,216.6630011454115,2026-06-25 04:20:33.046889,NaN,NaN,NaN,-34.63892533333333,17.49377683333333
608.219,4.69994657046905,34.363117596721885,32.91052644572399,216.65548065048333,2026-06-25 04:20:32.971908,NaN,NaN,NaN,-34.63892533333333,17.49377683333333
608.534,4.700248528251272,34.363383728457,32.910925813150584,216.36008316844362,2026-06-25 04:20:32.921921,NaN,NaN,NaN,-34.63892533333333,17.49377683333333
608.821,4.700532992425226,34.36365681645434,32.911274275776385,216.35745190936507,2026-06-25 04:20:32.871934,NaN,NaN,NaN,-34.63892533333333,17.49377683333333
609.094,4.70081067011363,34.36393669358453,32.9115903996248,216.35823205645866,2026-06-25 04:20:32.821947,NaN,NaN,NaN,-34.63892533333333,17.49377683333333
609.2725,4.701270388639749,34.364369648039826,32.91207362716756,216.05738416041552,2026-06-25 04:20:32.746967,NaN,NaN,NaN,-34.63892533333333,17.49377683333333
609.6925,4.702119376713524,34.36496789101862,32.912919634086585,215.7552935678718,2026-06-25 04:20:32.646993,NaN,NaN,NaN,-34.63892533333333,17.49377683333333
609.94,4.703080436349426,34.36543157054718,32.91384391937515,215.75027898277892,2026-06-25 04:20:32.572012,NaN,NaN,NaN,-34.63892533333333,17.49377683333333
610.2885,4.70453815981206,34.36590935122907,32.91519034125037,215.43798845725303,2026-06-25 04:20:32.497032,NaN,NaN,NaN,-34.63892533333333,17.49377683333333
610.613,4.706478026049951,34.36639777001814,32.916934541859014,215.1129529668076,2026-06-25 04:20:32.422051,NaN,NaN,NaN,-34.63892533333333,17.49377683333333
610.826,4.708104506885299,34.36673010463295,32.918383298407065,215.102641556717,2026-06-25 04:20:32.372064,NaN,NaN,NaN,-34.63892533333333,17.49377683333333
611.0883333333334,4.712088295609707,34.36741023686747,32.922123041041104,215.02940819366358,2026-06-25 04:20:32.272090,NaN,NaN,NaN,-34.63892533333333,17.49377683333333
611.503,4.716664181925645,34.36810464443515,32.9268716700198,214.7305113537281,2026-06-25 04:20:32.172117,NaN,NaN,NaN,-34.63892533333333,17.49377683333333
611.638,4.71918638056531,34.36845837726578,32.92981519179676,214.41421536669077,2026-06-25 04:20:32.122130,NaN,NaN,NaN,-34.63892533333333,17.49377683333333
611.945,4.721822001646668,34.36881565429496,32.933101093138184,214.10294560961836,2026-06-25 04:20:32.072143,NaN,NaN,NaN,-34.63892533333333,17.49377683333333
612.157,4.727387278454351,34.369176221882,32.94053194513404,213.75541261943144,2026-06-25 04:20:31.972169,NaN,NaN,NaN,-34.63892533333333,17.49377683333333
612.235,4.724559481801887,34.3695398233414,32.93669348670736,214.08020280264387,2026-06-25 04:20:32.022156,NaN,NaN,NaN,-34.63892533333333,17.49377683333333
612.466,4.730285260052766,34.36990619924508,32.94454092593339,213.7355375494244,2026-06-25 04:20:31.922182,NaN,NaN,NaN,-34.63892533333333,17.49377683333333
612.613,4.733216488026846,34.37027508772645,32.94863805569756,213.70404790100653,2026-06-25 04:20:31.872195,NaN,NaN,NaN,-34.63892533333333,17.49377683333333
612.882,4.7361246589855694,34.37064622478561,32.95273256941873,213.3886250301907,2026-06-25 04:20:31.822208,NaN,NaN,NaN,-34.63892533333333,17.49377683333333
613.11,4.738936335009596,34.371019344595176,32.95671850930412,213.35856046842292,2026-06-25 04:20:31.772221,NaN,NaN,NaN,-34.63892533333333,17.49377683333333
613.5260000000001,4.742742519276282,34.37158232082942,32.96219026726735,213.33014498858068,2026-06-25 04:20:31.697240,NaN,NaN,NaN,-34.63892533333333,17.49377683333333
613.689,4.746688854294445,34.37233710459424,32.96814411750205,213.0119311229272,2026-06-25 04:20:31.597266,NaN,NaN,NaN,-34.63892533333333,17.49377683333333
613.804,4.748538534842714,34.37290529147617,32.97134335491893,213.00798754819044,2026-06-25 04:20:31.522286,NaN,NaN,NaN,-34.63892533333333,17.49377683333333
614.297,4.74910110355285,34.37328466147993,32.972723553636015,213.0127099236541,2026-06-25 04:20:31.472299,NaN,NaN,NaN,-34.63892533333333,17.49377683333333
614.576,4.749147849817451,34.373664127810606,32.97352184963917,213.0111040125104,2026-06-25 04:20:31.422312,NaN,NaN,NaN,-34.63892533333333,17.49377683333333
614.72,4.748683772845672,34.374043420906176,32.97373553545138,213.01428537179135,2026-06-25 04:20:31.372325,NaN,NaN,NaN,-34.63892533333333,17.49377683333333
614.907,4.747718093390197,34.37442227205989,32.97336713407689,213.02735658040157,2026-06-25 04:20:31.322338,NaN,NaN,NaN,-34.63892533333333,17.49377683333333
615.179,4.746263218280543,34.374800413701,32.97242726372798,213.04025948039208,2026-06-25 04:20:31.272351,NaN,NaN,NaN,-34.63892533333333,17.49377683333333
615.347,4.744343126753177,34.375177579670456,32.97094268362948,213.0649447814832,2026-06-25 04:20:31.222364,NaN,NaN,NaN,-34.63892533333333,17.49377683333333
615.408,4.742004102503493,34.375553505491204,32.96896560507955,213.10461984659418,2026-06-25 04:20:31.172377,NaN,NaN,NaN,-34.63892533333333,17.49377683333333
615.7125,4.737861341801649,34.3761142587021,32.965231922641834,213.14166470710495,2026-06-25 04:20:31.097397,NaN,NaN,NaN,-34.63892533333333,17.49377683333333
616.2816666666666,4.730339720423865,34.377038748531895,32.95810781105927,213.19297252819885,2026-06-25 04:20:30.972429,NaN,NaN,NaN,-34.63892533333333,17.49377683333333
616.762,4.724554524286718,34.37776848399612,32.952481183875776,212.96365373279554,2026-06-25 04:20:30.872455,NaN,NaN,NaN,-34.63892533333333,17.49377683333333
616.82,4.721990419610184,34.378128518816844,32.94992107828553,212.97674091470446,2026-06-25 04:20:30.822468,NaN,NaN,NaN,-34.63892533333333,17.49377683333333
617.032,4.719695871032382,34.37848528874597,32.947561304580546,213.00031207194658,2026-06-25 04:20:30.772481,NaN,NaN,NaN,-34.63892533333333,17.49377683333333
617.308,4.717685663218002,34.37883855563887,32.945414148830714,212.71455670699817,2026-06-25 04:20:30.722494,NaN,NaN,NaN,-34.63892533333333,17.49377683333333
617.5260000000001,4.714596765463334,34.3795322507897,32.94189603970298,212.47861947793965,2026-06-25 04:20:30.622520,NaN,NaN,NaN,-34.63892533333333,17.49377683333333
618.028,4.712411481945576,34.38021197620539,32.93924702385941,212.46925386436317,2026-06-25 04:20:30.522547,NaN,NaN,NaN,-34.63892533333333,17.49377683333333
618.3420000000001,4.711527920933012,34.38087011175919,32.93800587495131,212.25069108194486,2026-06-25 04:20:30.422573,NaN,NaN,NaN,-34.63892533333333,17.49377683333333
618.769,4.711619071296882,34.38151143457861,32.93791221782323,212.1845645572713,2026-06-25 04:20:30.322599,NaN,NaN,NaN,-34.63892533333333,17.49377683333333
618.807,4.712150832497658,34.381823191720294,32.93849964634329,212.17487793628362,2026-06-25 04:20:30.272612,NaN,NaN,NaN,-34.63892533333333,17.49377683333333
619.136,4.714022998880095,34.38242663899146,32.9409240618166,211.86388508982924,2026-06-25 04:20:30.172638,NaN,NaN,NaN,-34.63892533333333,17.49377683333333
619.4110000000001,4.714131015851915,34.38242963402456,32.94112551392516,211.71944540162406,2026-06-25 04:20:30.172638,NaN,NaN,NaN,-34.63892533333333,17.49377683333333
619.887,4.719110510963431,34.38301212219898,32.948650329019245,211.5238999319784,2026-06-25 04:20:29.997683,NaN,NaN,NaN,-34.63892533333333,17.49377683333333
619.994,4.716748562650099,34.38343163619372,32.94492617086676,211.55345477933943,2026-06-25 04:20:30.072664,NaN,NaN,NaN,-34.63892533333333,17.49377683333333
620.32,4.7214955130360154,34.38383802938617,32.952502672288105,211.21198082488857,2026-06-25 04:20:29.922703,NaN,NaN,NaN,-34.63892533333333,17.49377683333333
620.6719999999999,4.724211060405892,34.384352628920624,32.95692967318153,211.20055469955128,2026-06-25 04:20:29.822729,NaN,NaN,NaN,-34.63892533333333,17.49377683333333
621.066,4.726218264450988,34.38484372988224,32.96015664369636,211.1902709522525,2026-06-25 04:20:29.722755,NaN,NaN,NaN,-34.63892533333333,17.49377683333333
621.483,4.727000096936978,34.38519026768357,32.961288898207286,210.8994830759057,2026-06-25 04:20:29.647775,NaN,NaN,NaN,-34.63892533333333,17.49377683333333
621.8710000000001,4.72736310616629,34.385627383450164,32.96159590782371,210.900666916253,2026-06-25 04:20:29.547801,NaN,NaN,NaN,-34.63892533333333,17.49377683333333
622.172,4.727276631050651,34.385936160247475,32.96124872875868,210.90519872303966,2026-06-25 04:20:29.472820,NaN,NaN,NaN,-34.63892533333333,17.49377683333333
622.314,4.727118819663819,34.386131675365455,32.960907887121905,210.9139064827454,2026-06-25 04:20:29.422833,NaN,NaN,NaN,-34.63892533333333,17.49377683333333
622.696,4.726873130374992,34.386409223854415,32.96050298937069,210.91489933340745,2026-06-25 04:20:29.347853,NaN,NaN,NaN,-34.63892533333333,17.49377683333333
623.082,4.726872041076771,34.38690443177782,32.96078638687794,210.62966628896513,2026-06-25 04:20:29.197892,NaN,NaN,NaN,-34.63892533333333,17.49377683333333
623.2974999999999,4.727014603139581,34.386912512297144,32.96103920330613,210.624102418226,2026-06-25 04:20:29.197892,NaN,NaN,NaN,-34.63892533333333,17.49377683333333
623.8895,4.728088837888876,34.38734312230214,32.963246493486395,210.4729115373726,2026-06-25 04:20:29.047931,NaN,NaN,NaN,-34.63892533333333,17.49377683333333
624.028,4.729129031032138,34.387531969952555,32.96523732149716,210.3214300434971,2026-06-25 04:20:28.972950,NaN,NaN,NaN,-34.63892533333333,17.49377683333333
624.338,4.729919491090187,34.3876469878409,32.966789994410405,210.31676869940657,2026-06-25 04:20:28.922963,NaN,NaN,NaN,-34.63892533333333,17.49377683333333
624.528,4.730718304721235,34.387753847643516,32.96843120761643,210.30753675646628,2026-06-25 04:20:28.872976,NaN,NaN,NaN,-34.63892533333333,17.49377683333333
624.788,4.7314590758082415,34.387852560407275,32.970071045358075,210.29926221202055,2026-06-25 04:20:28.822990,NaN,NaN,NaN,-34.63892533333333,17.49377683333333
624.829,4.732060315587827,34.387943144793454,32.97159516560213,210.293075474067,2026-06-25 04:20:28.773003,NaN,NaN,NaN,-34.63892533333333,17.49377683333333
625.3193333333334,4.732344537505963,34.38809736512263,32.973569484630026,210.29044382945017,2026-06-25 04:20:28.673029,NaN,NaN,NaN,-34.63892533333333,17.49377683333333
625.727,4.731318078405893,34.388224835432865,32.973862759840436,210.32189160937133,2026-06-25 04:20:28.573055,NaN,NaN,NaN,-34.63892533333333,17.49377683333333
625.893,4.73003756271946,34.388275320589926,32.97300561442238,210.34348859614983,2026-06-25 04:20:28.523068,NaN,NaN,NaN,-34.63892533333333,17.49377683333333
626.101,4.728305992765774,34.388317945998196,32.97155631893555,210.36433883274123,2026-06-25 04:20:28.473081,NaN,NaN,NaN,-34.63892533333333,17.49377683333333
626.346,4.726180843859059,34.38835278180655,32.96958383020501,210.38752747475232,2026-06-25 04:20:28.423094,NaN,NaN,NaN,-34.63892533333333,17.49377683333333
626.444,4.723738593471312,34.3883799051495,32.96718366448355,210.40753026540014,2026-06-25 04:20:28.373107,NaN,NaN,NaN,-34.63892533333333,17.49377683333333
626.595,4.721059263713556,34.38839940002687,32.96446395062551,210.43607817643547,2026-06-25 04:20:28.323120,NaN,NaN,NaN,-34.63892533333333,17.49377683333333
626.9675,4.716750068240264,34.38840300766607,32.96001037943029,210.47663574685757,2026-06-25 04:20:28.248139,NaN,NaN,NaN,-34.63892533333333,17.49377683333333
627.228,4.712311995194197,34.38840300766607,32.955417705927175,210.5168100414885,2026-06-25 04:20:28.173159,NaN,NaN,NaN,-34.63892533333333,17.49377683333333
627.498,4.709356713113443,34.38840300766607,32.95239578138204,210.54790569329856,2026-06-25 04:20:28.123172,NaN,NaN,NaN,-34.63892533333333,17.49377683333333
627.723,4.7036240931711895,34.38838585094144,32.94670159947658,210.58574682465482,2026-06-25 04:20:28.023198,NaN,NaN,NaN,-34.63892533333333,17.49377683333333
627.805,4.706453287365223,34.38836170605487,32.949479406238176,210.5654520439175,2026-06-25 04:20:28.073185,NaN,NaN,NaN,-34.63892533333333,17.49377683333333
628.154,4.700875271249722,34.388330700948956,32.94407227866393,210.6105484815093,2026-06-25 04:20:27.973211,NaN,NaN,NaN,-34.63892533333333,17.49377683333333
628.301,4.698199377186792,34.38829296915546,32.941586026932036,210.6391573834554,2026-06-25 04:20:27.923224,NaN,NaN,NaN,-34.63892533333333,17.49377683333333
628.6496666666667,4.693043825092488,34.388195788218844,32.93701535519495,210.69263253566783,2026-06-25 04:20:27.823250,NaN,NaN,NaN,-34.63892533333333,17.49377683333333
628.994,4.688075813379153,34.38807763023604,32.93273853899711,210.43994650089036,2026-06-25 04:20:27.723276,NaN,NaN,NaN,-34.63892533333333,17.49377683333333
629.319,4.685686329978273,34.38800844955424,32.93067699632621,210.45510973746977,2026-06-25 04:20:27.673289,NaN,NaN,NaN,-34.63892533333333,17.49377683333333
629.593,4.678697746691607,34.387933449345375,32.92433212972249,210.8220325102407,2026-06-25 04:20:27.523328,NaN,NaN,NaN,-34.63892533333333,17.49377683333333
629.738,4.683340843964264,34.38785279643209,32.92861090391156,210.76923141280724,2026-06-25 04:20:27.623302,NaN,NaN,NaN,-34.63892533333333,17.49377683333333
629.853,4.681018268951767,34.3877666614885,32.92650505702424,210.79242615820644,2026-06-25 04:20:27.573315,NaN,NaN,NaN,-34.63892533333333,17.49377683333333
630.152,4.676370787289292,34.38767521879908,32.92207890081136,210.84279762889273,2026-06-25 04:20:27.473341,NaN,NaN,NaN,-34.63892533333333,17.49377683333333
630.378,4.6740451611689355,34.38757864601364,32.919748686278915,210.86021213383108,2026-06-25 04:20:27.423354,NaN,NaN,NaN,-34.63892533333333,17.49377683333333
630.6189999999999,4.670595907995908,34.387423979991866,32.91615612498618,210.74806438818052,2026-06-25 04:20:27.348374,NaN,NaN,NaN,-34.63892533333333,17.49377683333333
631.073,4.665022977760912,34.38714331062481,32.91025606759707,210.87507180058014,2026-06-25 04:20:27.223406,NaN,NaN,NaN,-34.63892533333333,17.49377683333333
631.444,4.65973485548869,34.386838146671835,32.90483108587481,210.84397118238385,2026-06-25 04:20:27.098439,NaN,NaN,NaN,-34.63892533333333,17.49377683333333
631.917,4.656716321030018,34.38664360927445,32.90188341768316,210.7266450516206,2026-06-25 04:20:27.023459,NaN,NaN,NaN,-34.63892533333333,17.49377683333333
632.087,4.654741197071009,34.386509289947924,32.900024388461325,210.74867217985948,2026-06-25 04:20:26.973472,NaN,NaN,NaN,-34.63892533333333,17.49377683333333
632.369,4.651773837851729,34.38630146098231,32.89730991676396,210.77686029374715,2026-06-25 04:20:26.898491,NaN,NaN,NaN,-34.63892533333333,17.49377683333333
632.476,4.6487751342832455,34.386087776753676,32.89459120545179,210.80015297243338,2026-06-25 04:20:26.823511,NaN,NaN,NaN,-34.63892533333333,17.49377683333333
632.8935,4.64572544319579,34.385867516027574,32.89178401165138,210.83862539945872,2026-06-25 04:20:26.748530,NaN,NaN,NaN,-34.63892533333333,17.49377683333333
633.298,4.642639414762013,34.38564258714479,32.888895925532246,210.86002291060592,2026-06-25 04:20:26.673550,NaN,NaN,NaN,-34.63892533333333,17.49377683333333
633.6800000000001,4.639533936250894,34.38541256063304,32.88594575607177,210.8881795430711,2026-06-25 04:20:26.598569,NaN,NaN,NaN,-34.63892533333333,17.49377683333333
633.813,4.636430918916992,34.385179041893224,32.88298985092958,210.9208645356232,2026-06-25 04:20:26.523589,NaN,NaN,NaN,-34.63892533333333,17.49377683333333
634.086,4.633387498679173,34.38494188205762,32.88012397998461,210.96315095808987,2026-06-25 04:20:26.448608,NaN,NaN,NaN,-34.63892533333333,17.49377683333333
634.6955,4.629625257340458,34.3846219243024,32.87660251856208,210.98831971242817,2026-06-25 04:20:26.348634,NaN,NaN,NaN,-34.63892533333333,17.49377683333333
634.798,4.6271707658075885,34.38437984859154,32.87426193176529,211.0088909283616,2026-06-25 04:20:26.273654,NaN,NaN,NaN,-34.63892533333333,17.49377683333333
635.0135,4.625119225938339,34.38413646615541,32.87225071386342,211.02677201661737,2026-06-25 04:20:26.198674,NaN,NaN,NaN,-34.63892533333333,17.49377683333333
635.5406666666667,4.622302518266558,34.38372998833962,32.869500717831585,211.03006593978915,2026-06-25 04:20:26.073706,NaN,NaN,NaN,-34.63892533333333,17.49377683333333
635.743,4.6203323025205965,34.383405334270854,32.867699308102246,210.77912510713543,2026-06-25 04:20:25.973732,NaN,NaN,NaN,-34.63892533333333,17.49377683333333
636.4895,4.618363733558193,34.38308315762601,32.866097622599156,210.950966055904,2026-06-25 04:20:25.873758,NaN,NaN,NaN,-34.63892533333333,17.49377683333333
636.629,4.61838557682402,34.38308274965069,32.86611204780068,211.09632686107162,2026-06-25 04:20:25.873758,NaN,NaN,NaN,-34.63892533333333,17.49377683333333
636.9655,4.615705916260062,34.38268439026979,32.863934681738115,211.129052132577,2026-06-25 04:20:25.748791,NaN,NaN,NaN,-34.63892533333333,17.49377683333333
637.1165000000001,4.613339709204677,34.38237082495526,32.861829498327296,211.00211543045768,2026-06-25 04:20:25.648817,NaN,NaN,NaN,-34.63892533333333,17.49377683333333
637.569,4.611442172302525,34.38213920118619,32.86003507253936,211.1725074850088,2026-06-25 04:20:25.573836,NaN,NaN,NaN,-34.63892533333333,17.49377683333333
637.674,4.610102284484773,34.38198693735069,32.858744620313885,211.18048625543852,2026-06-25 04:20:25.523849,NaN,NaN,NaN,-34.63892533333333,17.49377683333333
638.022,4.608696361663153,34.38183644037556,32.85740019846537,211.2013832397431,2026-06-25 04:20:25.473863,NaN,NaN,NaN,-34.63892533333333,17.49377683333333
638.282,4.605650207328887,34.381542255893365,32.854575620514936,211.2333990730772,2026-06-25 04:20:25.373889,NaN,NaN,NaN,-34.63892533333333,17.49377683333333
638.5519999999999,4.605602136956891,34.381541206211466,32.85454954506609,211.23617502078238,2026-06-25 04:20:25.373889,NaN,NaN,NaN,-34.63892533333333,17.49377683333333
638.7895,4.601252670339258,34.381184350479415,32.85072393267495,211.27295396397517,2026-06-25 04:20:25.248921,NaN,NaN,NaN,-34.63892533333333,17.49377683333333
639.047,4.598187558129846,34.380976692842715,32.848169424142675,211.01459114865494,2026-06-25 04:20:25.173941,NaN,NaN,NaN,-34.63892533333333,17.49377683333333
639.387,4.595854347110152,34.38084151549468,32.84627636618377,211.0331986348231,2026-06-25 04:20:25.123954,NaN,NaN,NaN,-34.63892533333333,17.49377683333333
639.474,4.593251124084982,34.380708882674995,32.84417414102427,211.34978935231788,2026-06-25 04:20:25.073967,NaN,NaN,NaN,-34.63892533333333,17.49377683333333
639.8975,4.588711539425975,34.38051520008267,32.8404353548051,211.38734982662575,2026-06-25 04:20:24.998986,NaN,NaN,NaN,-34.63892533333333,17.49377683333333
640.124,4.5834658602659974,34.38032694457926,32.835953331945746,211.42664093117833,2026-06-25 04:20:24.924006,NaN,NaN,NaN,-34.63892533333333,17.49377683333333
640.305,4.579486803128266,34.3802051544821,32.832418032282185,211.48653006934273,2026-06-25 04:20:24.874019,NaN,NaN,NaN,-34.63892533333333,17.49377683333333
640.677,4.572924025084731,34.380028187533114,32.826411983171056,211.55625056940025,2026-06-25 04:20:24.799038,NaN,NaN,NaN,-34.63892533333333,17.49377683333333
640.962,4.566046018137334,34.379857041937,32.819988549803035,211.33770533303544,2026-06-25 04:20:24.724058,NaN,NaN,NaN,-34.63892533333333,17.49377683333333
641.014,4.5615118473034615,34.37974688313548,32.8156914405292,211.6676495211306,2026-06-25 04:20:24.674071,NaN,NaN,NaN,-34.63892533333333,17.49377683333333
641.317,4.555273126500286,34.37958763177005,32.80970555677168,211.42526212603852,2026-06-25 04:20:24.599091,NaN,NaN,NaN,-34.63892533333333,17.49377683333333
641.77,4.549906082056411,34.37943441378273,32.80446826067298,211.4655489795641,2026-06-25 04:20:24.524110,NaN,NaN,NaN,-34.63892533333333,17.49377683333333
642.1220000000001,4.545845970170982,34.37928877822627,32.800368143366704,211.48793161501516,2026-06-25 04:20:24.449130,NaN,NaN,NaN,-34.63892533333333,17.49377683333333
642.225,4.542799809034749,34.37914921823661,32.79717931924343,211.21051351691256,2026-06-25 04:20:24.374149,NaN,NaN,NaN,-34.63892533333333,17.49377683333333
642.703,4.541332690052424,34.37906022143894,32.7955989432592,211.22255310513893,2026-06-25 04:20:24.324162,NaN,NaN,NaN,-34.63892533333333,17.49377683333333
642.8503333333333,4.539262797622285,34.37889226186015,32.79348147624348,211.24153626405987,2026-06-25 04:20:24.224188,NaN,NaN,NaN,-34.63892533333333,17.49377683333333
643.3665000000001,4.537291002677345,34.37869717253343,32.791918257758766,211.26867817400282,2026-06-25 04:20:24.099221,NaN,NaN,NaN,-34.63892533333333,17.49377683333333
643.6825,4.5358811915874,34.37855468497901,32.79129781939133,210.99387131583734,2026-06-25 04:20:23.999247,NaN,NaN,NaN,-34.63892533333333,17.49377683333333
644.184,4.534834508925757,34.378454901291626,32.79102728883266,211.00915745918286,2026-06-25 04:20:23.924266,NaN,NaN,NaN,-34.63892533333333,17.49377683333333
644.485,4.534145167944493,34.37839206175761,32.79090782523313,211.01555455549325,2026-06-25 04:20:23.874279,NaN,NaN,NaN,-34.63892533333333,17.49377683333333
644.6424999999999,4.533153163538245,34.37830316541512,32.790779728355005,211.02389467946512,2026-06-25 04:20:23.799299,NaN,NaN,NaN,-34.63892533333333,17.49377683333333
644.831,4.532223337964995,34.37821948352884,32.79068217928111,211.03220326943338,2026-06-25 04:20:23.724319,NaN,NaN,NaN,-34.63892533333333,17.49377683333333
645.1625,4.531399141402165,34.37814207720884,32.79060522642072,211.04817716893155,2026-06-25 04:20:23.649338,NaN,NaN,NaN,-34.63892533333333,17.49377683333333
645.328,4.530698169052529,34.37806948243826,32.790543841804286,211.05853181677156,2026-06-25 04:20:23.574358,NaN,NaN,NaN,-34.63892533333333,17.49377683333333
645.7570000000001,4.530223936817109,34.378002621181835,32.79052111434927,211.05989312771263,2026-06-25 04:20:23.499377,NaN,NaN,NaN,-34.63892533333333,17.49377683333333
646.0485000000001,4.529956681579579,34.37792065240172,32.79057749335574,211.05894024771672,2026-06-25 04:20:23.399403,NaN,NaN,NaN,-34.63892533333333,17.49377683333333
646.569,4.529991993504256,34.37786424496709,32.79069006849104,211.0740212768517,2026-06-25 04:20:23.324423,NaN,NaN,NaN,-34.63892533333333,17.49377683333333
646.8185000000001,4.530273754538295,34.37779671925344,32.7909288798258,210.77476840615907,2026-06-25 04:20:23.224449,NaN,NaN,NaN,-34.63892533333333,17.49377683333333
647.085,4.530259031014543,34.377795874449504,32.79092276544674,210.7721906515956,2026-06-25 04:20:23.224449,NaN,NaN,NaN,-34.63892533333333,17.49377683333333
647.485,4.530631055716957,34.377734260570584,32.79120446406605,210.77413740734966,2026-06-25 04:20:23.124475,NaN,NaN,NaN,-34.63892533333333,17.49377683333333
647.663,4.530812922265383,34.377692193289704,32.7914167604047,210.7800874565794,2026-06-25 04:20:23.049494,NaN,NaN,NaN,-34.63892533333333,17.49377683333333
647.863,4.5308217081861315,34.37765282689944,32.791600713162474,210.78368440848513,2026-06-25 04:20:22.974514,NaN,NaN,NaN,-34.63892533333333,17.49377683333333
648.1179999999999,4.530558627972735,34.377616461321566,32.79168987432975,210.78402067149182,2026-06-25 04:20:22.899534,NaN,NaN,NaN,-34.63892533333333,17.49377683333333
648.343,4.530049082062938,34.37758219242083,32.791632159223106,210.795611381948,2026-06-25 04:20:22.824553,NaN,NaN,NaN,-34.63892533333333,17.49377683333333
648.395,4.529527602686108,34.37756057387692,32.79144560837106,210.80219644688236,2026-06-25 04:20:22.774566,NaN,NaN,NaN,-34.63892533333333,17.49377683333333
648.954,4.527589036674835,34.3775103692101,32.79029625068938,210.82759420952323,2026-06-25 04:20:22.649599,NaN,NaN,NaN,-34.63892533333333,17.49377683333333
649.0895,4.527463725303801,34.37750983454454,32.79015000101059,210.82606499256732,2026-06-25 04:20:22.649599,NaN,NaN,NaN,-34.63892533333333,17.49377683333333
649.647,4.524906865777639,34.37746230366328,32.788296315860684,210.85114426615198,2026-06-25 04:20:22.524631,NaN,NaN,NaN,-34.63892533333333,17.49377683333333
649.8806666666666,4.522336953956947,34.377425688805474,32.78629395415515,210.87324856902393,2026-06-25 04:20:22.424657,NaN,NaN,NaN,-34.63892533333333,17.49377683333333
650.355,4.519607700581266,34.37738932965347,32.78412970665085,210.91214357136488,2026-06-25 04:20:22.324683,NaN,NaN,NaN,-34.63892533333333,17.49377683333333
650.541,4.5182316227249295,34.377371029153785,32.78296930639358,210.92430760528205,2026-06-25 04:20:22.274696,NaN,NaN,NaN,-34.63892533333333,17.49377683333333
650.855,4.516239686815301,34.37734309140859,32.781151823856106,210.94766814351925,2026-06-25 04:20:22.199716,NaN,NaN,NaN,-34.63892533333333,17.49377683333333
651.2,4.514338748687162,34.37731442785802,32.779300783294886,210.96056105061302,2026-06-25 04:20:22.124735,NaN,NaN,NaN,-34.63892533333333,17.49377683333333
651.4590000000001,4.512518573287599,34.3772845070572,32.77747942725082,210.97739384522188,2026-06-25 04:20:22.049755,NaN,NaN,NaN,-34.63892533333333,17.49377683333333
651.642,4.510684743065288,34.37725330772634,32.77571826486214,210.99702215506437,2026-06-25 04:20:21.974775,NaN,NaN,NaN,-34.63892533333333,17.49377683333333
652.0695000000001,4.508698141199391,34.37722018074301,32.77399132697329,211.00941418297904,2026-06-25 04:20:21.899794,NaN,NaN,NaN,-34.63892533333333,17.49377683333333
652.351,4.5048237203984165,34.37718525672791,32.77082488078208,211.05748590471975,2026-06-25 04:20:21.774827,NaN,NaN,NaN,-34.63892533333333,17.49377683333333
652.447,4.506487556040995,34.37716063955376,32.77217755854653,211.04655566938504,2026-06-25 04:20:21.824814,NaN,NaN,NaN,-34.63892533333333,17.49377683333333
652.718,4.503008918262212,34.377134922644615,32.769311752440814,211.07362341836458,2026-06-25 04:20:21.724840,NaN,NaN,NaN,-34.63892533333333,17.49377683333333
652.962,4.498933540688174,34.377079887476626,32.765679067059764,211.4042405883991,2026-06-25 04:20:21.624866,NaN,NaN,NaN,-34.63892533333333,17.49377683333333
653.268,4.498982491185903,34.37707922719072,32.76575198450933,211.11987248074456,2026-06-25 04:20:21.624866,NaN,NaN,NaN,-34.63892533333333,17.49377683333333
653.408,4.49457266539307,34.377019572701826,32.76162843324805,211.45301412969772,2026-06-25 04:20:21.524892,NaN,NaN,NaN,-34.63892533333333,17.49377683333333
653.734,4.492305302354684,34.37698726633084,32.759480882295854,211.1891505530601,2026-06-25 04:20:21.474905,NaN,NaN,NaN,-34.63892533333333,17.49377683333333
653.8766666666667,4.4878709763739115,34.376917496972446,32.7553560700352,211.42190542877285,2026-06-25 04:20:21.374931,NaN,NaN,NaN,-34.63892533333333,17.49377683333333
654.428,4.483669596278383,34.37684228310239,32.75158670303786,211.2568478767314,2026-06-25 04:20:21.274957,NaN,NaN,NaN,-34.63892533333333,17.49377683333333
654.658,4.4807966976227025,34.376780695323305,32.74912844660608,211.28398365504555,2026-06-25 04:20:21.199977,NaN,NaN,NaN,-34.63892533333333,17.49377683333333
654.979,4.478158139263624,34.37671548807492,32.74690176791915,211.60665504481173,2026-06-25 04:20:21.124996,NaN,NaN,NaN,-34.63892533333333,17.49377683333333
655.3595,4.475883069776007,34.3766455974726,32.74495151954321,211.62705590199167,2026-06-25 04:20:21.050016,NaN,NaN,NaN,-34.63892533333333,17.49377683333333
655.464,4.473940139673153,34.37657184613751,32.74323140853507,211.6362946206878,2026-06-25 04:20:20.975035,NaN,NaN,NaN,-34.63892533333333,17.49377683333333
655.776,4.471908314243052,34.376520048772235,32.74135615744282,211.6530709640482,2026-06-25 04:20:20.875061,NaN,NaN,NaN,-34.63892533333333,17.49377683333333
655.985,4.4728599154072395,34.37646624182913,32.742241404289764,211.65027233968704,2026-06-25 04:20:20.925048,NaN,NaN,NaN,-34.63892533333333,17.49377683333333
656.086,4.471043588692841,34.376410399358065,32.740551846608135,211.66053348474105,2026-06-25 04:20:20.825074,NaN,NaN,NaN,-34.63892533333333,17.49377683333333
656.5025,4.469808919504237,34.37632250930183,32.73943608522765,211.6863534481345,2026-06-25 04:20:20.750094,NaN,NaN,NaN,-34.63892533333333,17.49377683333333
656.944,4.46754969338847,34.37616626694397,32.7375115459718,211.70565588110563,2026-06-25 04:20:20.625126,NaN,NaN,NaN,-34.63892533333333,17.49377683333333
657.175,4.467604648450706,34.37616520822673,32.73755856761559,211.7092702345575,2026-06-25 04:20:20.625126,NaN,NaN,NaN,-34.63892533333333,17.49377683333333
657.204,4.46536197564143,34.37603154730404,32.735659918275886,211.72113835201992,2026-06-25 04:20:20.525152,NaN,NaN,NaN,-34.63892533333333,17.49377683333333
657.733,4.463098697153077,34.37592465797418,32.73367001773812,211.7446639824817,2026-06-25 04:20:20.450172,NaN,NaN,NaN,-34.63892533333333,17.49377683333333
658.02,4.460244023094955,34.37581351382073,32.73110771677776,211.77927804789113,2026-06-25 04:20:20.375192,NaN,NaN,NaN,-34.63892533333333,17.49377683333333
658.2394999999999,4.455073072513869,34.37565755081829,32.72635694470813,211.83718855589726,2026-06-25 04:20:20.275218,NaN,NaN,NaN,-34.63892533333333,17.49377683333333
658.505,4.455214624087041,34.3756565005657,32.72650509529105,211.8406874165871,2026-06-25 04:20:20.275218,NaN,NaN,NaN,-34.63892533333333,17.49377683333333
658.733,4.449084740028319,34.37549318875679,32.72074822815281,211.908765703224,2026-06-25 04:20:20.175244,NaN,NaN,NaN,-34.63892533333333,17.49377683333333
659.3016666666666,4.442557960836303,34.3753198804587,32.71444406786034,211.9614008367106,2026-06-25 04:20:20.075270,NaN,NaN,NaN,-34.63892533333333,17.49377683333333
659.475,4.436260422882022,34.37513982486879,32.708375997092865,212.01953441040894,2026-06-25 04:20:19.975296,NaN,NaN,NaN,-34.63892533333333,17.49377683333333
659.769,4.433350900128203,34.37504648968257,32.70570281046481,212.04416478477626,2026-06-25 04:20:19.925309,NaN,NaN,NaN,-34.63892533333333,17.49377683333333
660.0863333333333,4.428059270678794,34.37485341373316,32.70128537247272,212.07439742780053,2026-06-25 04:20:19.825335,NaN,NaN,NaN,-34.63892533333333,17.49377683333333
660.6976666666666,4.420850942893093,34.37455086769279,32.69587947348837,212.1503975698832,2026-06-25 04:20:19.675374,NaN,NaN,NaN,-34.63892533333333,17.49377683333333
661.28,4.416200116477334,34.374340937230826,32.69236237150699,212.19865613177947,2026-06-25 04:20:19.575400,NaN,NaN,NaN,-34.63892533333333,17.49377683333333
661.412,4.413829161196594,34.37423318467023,32.69042231570055,211.9257868103294,2026-06-25 04:20:19.525413,NaN,NaN,NaN,-34.63892533333333,17.49377683333333
661.6949999999999,4.407660938691658,34.374123834787476,32.68485977473971,211.98247524001275,2026-06-25 04:20:19.400446,NaN,NaN,NaN,-34.63892533333333,17.49377683333333
661.916,4.411404678189782,34.373956749158694,32.68832991270322,211.95017636178926,2026-06-25 04:20:19.475426,NaN,NaN,NaN,-34.63892533333333,17.49377683333333
662.311,4.403824367595358,34.37378674280284,32.68105781013713,212.02039101460727,2026-06-25 04:20:19.325465,NaN,NaN,NaN,-34.63892533333333,17.49377683333333
662.70075,4.397295349924742,34.373495575052985,32.67416379102546,212.08010475642538,2026-06-25 04:20:19.200498,NaN,NaN,NaN,-34.63892533333333,17.49377683333333
663.046,4.390787584422552,34.373198330113965,32.667498259433444,212.14299880754803,2026-06-25 04:20:19.075530,NaN,NaN,NaN,-34.63892533333333,17.49377683333333
663.415,4.388223679195679,34.37307723227778,32.66514849722514,211.8734551496609,2026-06-25 04:20:19.025543,NaN,NaN,NaN,-34.63892533333333,17.49377683333333
663.6469999999999,4.384398877953595,34.37289366114352,32.66196054744645,211.90402068033814,2026-06-25 04:20:18.950563,NaN,NaN,NaN,-34.63892533333333,17.49377683333333
664.176,4.380546175960189,34.372708344402476,32.658953639104226,211.93752779524664,2026-06-25 04:20:18.875582,NaN,NaN,NaN,-34.63892533333333,17.49377683333333
664.2045,4.37658086537802,34.37252112076742,32.65588503861192,211.97899800807963,2026-06-25 04:20:18.800602,NaN,NaN,NaN,-34.63892533333333,17.49377683333333
664.569,4.372500433950447,34.37233259683151,32.6526404496133,212.0207729245203,2026-06-25 04:20:18.725622,NaN,NaN,NaN,-34.63892533333333,17.49377683333333
664.871,4.366967801425809,34.37207917016581,32.64812307511007,212.07222922485641,2026-06-25 04:20:18.625648,NaN,NaN,NaN,-34.63892533333333,17.49377683333333
665.579,4.361581822612499,34.37182448383589,32.64375164225371,212.131627701834,2026-06-25 04:20:18.525674,NaN,NaN,NaN,-34.63892533333333,17.49377683333333
665.6759999999999,4.35791413103517,34.371632755414836,32.64086702207118,212.1619086565237,2026-06-25 04:20:18.450693,NaN,NaN,NaN,-34.63892533333333,17.49377683333333
665.823,4.3546173806605974,34.37144083496985,32.63832046296615,212.18385884532836,2026-06-25 04:20:18.375713,NaN,NaN,NaN,-34.63892533333333,17.49377683333333
666.164,4.352666962851937,34.37131289654713,32.6368244726265,212.20066883553568,2026-06-25 04:20:18.325726,NaN,NaN,NaN,-34.63892533333333,17.49377683333333
666.473,4.350001541922847,34.37112124915972,32.63476821650015,212.22610870477453,2026-06-25 04:20:18.250745,NaN,NaN,NaN,-34.63892533333333,17.49377683333333
666.753,4.3474369972303,34.37093006915201,32.632763710166586,212.240391511143,2026-06-25 04:20:18.175765,NaN,NaN,NaN,-34.63892533333333,17.49377683333333
666.888,4.345668322491661,34.37080306577646,32.631361799641255,212.27508437797565,2026-06-25 04:20:18.125778,NaN,NaN,NaN,-34.63892533333333,17.49377683333333
667.1395,4.342692948235097,34.37061348480915,32.62897983806138,212.29465888900367,2026-06-25 04:20:18.050797,NaN,NaN,NaN,-34.63892533333333,17.49377683333333
667.354,4.339228582586959,34.370425035176254,32.626184553822725,212.3267618186685,2026-06-25 04:20:17.975817,NaN,NaN,NaN,-34.63892533333333,17.49377683333333
667.658,4.33649934741725,34.37030029398661,32.623979835993126,212.66530829143068,2026-06-25 04:20:17.925830,NaN,NaN,NaN,-34.63892533333333,17.49377683333333
667.904,4.333397072996189,34.370176324441815,32.62148856943409,212.69408773061932,2026-06-25 04:20:17.875843,NaN,NaN,NaN,-34.63892533333333,17.49377683333333
668.191,4.325967898093152,34.37005320814811,32.61554619139727,212.75582338389657,2026-06-25 04:20:17.775869,NaN,NaN,NaN,-34.63892533333333,17.49377683333333
668.258,4.329892576997404,34.36993102611754,32.618688899972604,212.72612539719,2026-06-25 04:20:17.825856,NaN,NaN,NaN,-34.63892533333333,17.49377683333333
668.792,4.321603869123124,34.36980985866499,32.61200490508263,212.7980727086126,2026-06-25 04:20:17.725882,NaN,NaN,NaN,-34.63892533333333,17.49377683333333
668.8675,4.314123099764618,34.369630334974474,32.605705454371076,212.86686797388123,2026-06-25 04:20:17.650902,NaN,NaN,NaN,-34.63892533333333,17.49377683333333
669.2339999999999,4.30256603498604,34.36939507249578,32.59530530812565,212.97504994077684,2026-06-25 04:20:17.550928,NaN,NaN,NaN,-34.63892533333333,17.49377683333333
669.469,4.292841021877786,34.36922198917869,32.58592651156311,213.08123958222546,2026-06-25 04:20:17.475947,NaN,NaN,NaN,-34.63892533333333,17.49377683333333
669.661,4.279021895699719,34.36910854363878,32.57175872868243,213.20630717737143,2026-06-25 04:20:17.375973,NaN,NaN,NaN,-34.63892533333333,17.49377683333333
669.796,4.285977345783781,34.368996646600785,32.578981363151556,213.14421457690253,2026-06-25 04:20:17.425960,NaN,NaN,NaN,-34.63892533333333,17.49377683333333
670.27,4.26571216243471,34.368778365816304,32.55777588594456,213.3427994833975,2026-06-25 04:20:17.275999,NaN,NaN,NaN,-34.63892533333333,17.49377683333333
670.541,4.253815784760363,34.36856593805939,32.545461163540104,213.1196521097959,2026-06-25 04:20:17.176025,NaN,NaN,NaN,-34.63892533333333,17.49377683333333
671.146,4.2488534212204,34.368462814166335,32.54046742230559,213.1649207102523,2026-06-25 04:20:17.126038,NaN,NaN,NaN,-34.63892533333333,17.49377683333333
671.325,4.24113052515104,34.3682635026919,32.53286239949601,213.07492711206723,2026-06-25 04:20:17.026065,NaN,NaN,NaN,-34.63892533333333,17.49377683333333
671.485,4.240845718151155,34.36826247004863,32.532579899160005,213.226964697738,2026-06-25 04:20:17.026065,NaN,NaN,NaN,-34.63892533333333,17.49377683333333
671.764,4.235098200263953,34.368070384808576,32.526949364767916,212.96475899745022,2026-06-25 04:20:16.926091,NaN,NaN,NaN,-34.63892533333333,17.49377683333333
671.925,4.232888804271679,34.36797757600987,32.5247554974188,212.984706565204,2026-06-25 04:20:16.876104,NaN,NaN,NaN,-34.63892533333333,17.49377683333333
672.152,4.230175902856194,34.3678428349662,32.522058760991555,213.01660696966619,2026-06-25 04:20:16.801123,NaN,NaN,NaN,-34.63892533333333,17.49377683333333
672.6765,4.2265425209111775,34.36763024959319,32.51862927782055,213.04922190634295,2026-06-25 04:20:16.676156,NaN,NaN,NaN,-34.63892533333333,17.49377683333333
673.006,4.226501003014344,34.36762904919734,32.518556885316144,213.04907668391076,2026-06-25 04:20:16.676156,NaN,NaN,NaN,-34.63892533333333,17.49377683333333
673.2495,4.2233906030531205,34.367430859154226,32.516022852359995,212.7888567207522,2026-06-25 04:20:16.551188,NaN,NaN,NaN,-34.63892533333333,17.49377683333333
673.445,4.221614020727943,34.36731888125285,32.51482902949809,212.8017183934811,2026-06-25 04:20:16.476208,NaN,NaN,NaN,-34.63892533333333,17.49377683333333
673.598,4.2204597001005455,34.3672475989719,32.514166007929326,212.81612885921547,2026-06-25 04:20:16.426221,NaN,NaN,NaN,-34.63892533333333,17.49377683333333
673.878,4.219338417998195,34.36717887773755,32.51358641475275,212.83503420147278,2026-06-25 04:20:16.376234,NaN,NaN,NaN,-34.63892533333333,17.49377683333333
674.2735,4.217773090117015,34.367080975733884,32.512855966325105,212.85388488111272,2026-06-25 04:20:16.301253,NaN,NaN,NaN,-34.63892533333333,17.49377683333333
674.631,4.216395238668185,34.36698830286214,32.512241146908885,212.57729752388929,2026-06-25 04:20:16.226273,NaN,NaN,NaN,-34.63892533333333,17.49377683333333
674.9010000000001,4.215079472652675,34.36687574721593,32.51156763610713,212.579824228708,2026-06-25 04:20:16.126299,NaN,NaN,NaN,-34.63892533333333,17.49377683333333
675.047,4.215022382887422,34.36687441681956,32.511563233630106,212.57803007671856,2026-06-25 04:20:16.126299,NaN,NaN,NaN,-34.63892533333333,17.49377683333333
675.271,4.213883452135816,34.36674736257915,32.510749361825276,212.58789898617698,2026-06-25 04:20:16.001332,NaN,NaN,NaN,-34.63892533333333,17.49377683333333
675.755,4.213253500357172,34.36667860995946,32.510209604532214,212.6044534268392,2026-06-25 04:20:15.926351,NaN,NaN,NaN,-34.63892533333333,17.49377683333333
675.909,4.212483454239784,34.36661653601739,32.50959528241921,212.61341043188176,2026-06-25 04:20:15.851371,NaN,NaN,NaN,-34.63892533333333,17.49377683333333
676.6455000000001,4.210256129800214,34.36651099665859,32.508005043967046,212.3482574893043,2026-06-25 04:20:15.701410,NaN,NaN,NaN,-34.63892533333333,17.49377683333333
677.293,4.207661182337845,34.36643842874076,32.50627195510657,212.37497795030148,2026-06-25 04:20:15.576442,NaN,NaN,NaN,-34.63892533333333,17.49377683333333
677.452,4.205515200733437,34.36640399539969,32.50488630561016,212.1062213436865,2026-06-25 04:20:15.501462,NaN,NaN,NaN,-34.63892533333333,17.49377683333333
677.617,4.202978818808182,34.36637468698646,32.50322296736153,212.1259872011607,2026-06-25 04:20:15.426481,NaN,NaN,NaN,-34.63892533333333,17.49377683333333
677.838,4.201035022149026,34.36635852547202,32.50189983106898,212.1484150920848,2026-06-25 04:20:15.376494,NaN,NaN,NaN,-34.63892533333333,17.49377683333333
678.057,4.198920455254495,34.36634486477978,32.50041068766211,212.17169815400877,2026-06-25 04:20:15.326508,NaN,NaN,NaN,-34.63892533333333,17.49377683333333
678.2945,4.195482300399803,34.366329304656134,32.497904659285226,212.0657445753304,2026-06-25 04:20:15.251527,NaN,NaN,NaN,-34.63892533333333,17.49377683333333
678.671,4.191892685843262,34.36631859975696,32.49523729783305,211.95491282203182,2026-06-25 04:20:15.176547,NaN,NaN,NaN,-34.63892533333333,17.49377683333333
678.847,4.189488250527182,34.36631671474139,32.49343386829368,211.9757844517602,2026-06-25 04:20:15.126560,NaN,NaN,NaN,-34.63892533333333,17.49377683333333
679.06,4.18599549955044,34.36631671474139,32.49079575639861,211.85615714923034,2026-06-25 04:20:15.051579,NaN,NaN,NaN,-34.63892533333333,17.49377683333333
679.47,4.182668762799447,34.36631671474139,32.48824281297098,211.73749788951216,2026-06-25 04:20:14.976599,NaN,NaN,NaN,-34.63892533333333,17.49377683333333
679.6375,4.179537144414396,34.36632562875584,32.48572891235063,211.76197380278788,2026-06-25 04:20:14.901618,NaN,NaN,NaN,-34.63892533333333,17.49377683333333
680.04,4.17650896879482,34.36633889709423,32.483157823711245,211.79157610102527,2026-06-25 04:20:14.826638,NaN,NaN,NaN,-34.63892533333333,17.49377683333333
680.346,4.173557223315339,34.36635745796388,32.48043789533787,211.81815270266284,2026-06-25 04:20:14.751657,NaN,NaN,NaN,-34.63892533333333,17.49377683333333
680.574,4.1706706173864445,34.36638012978433,32.47763398775618,211.85402178396492,2026-06-25 04:20:14.676677,NaN,NaN,NaN,-34.63892533333333,17.49377683333333
680.757,4.168824686244328,34.36639791537253,32.47580119587251,211.87552173294677,2026-06-25 04:20:14.626690,NaN,NaN,NaN,-34.63892533333333,17.49377683333333
680.933,4.167085522838356,34.36641765147054,32.47408898635307,211.6002891576369,2026-06-25 04:20:14.576703,NaN,NaN,NaN,-34.63892533333333,17.49377683333333
681.25,4.163537975906609,34.366439295543074,32.470726889954044,211.4735043030354,2026-06-25 04:20:14.451736,NaN,NaN,NaN,-34.63892533333333,17.49377683333333
681.448,4.165502449640816,34.366475470869126,32.472561332592896,211.90926615485793,2026-06-25 04:20:14.526716,NaN,NaN,NaN,-34.63892533333333,17.49377683333333
681.657,4.162014419931019,34.36651524863311,32.469366678749196,211.63631244421092,2026-06-25 04:20:14.376755,NaN,NaN,NaN,-34.63892533333333,17.49377683333333
682.171,4.160677942438589,34.36657464196419,32.46831546319735,211.35557260669088,2026-06-25 04:20:14.276781,NaN,NaN,NaN,-34.63892533333333,17.49377683333333
682.24,4.160738166851976,34.36657546850421,32.46838543904285,211.5003422192503,2026-06-25 04:20:14.276781,NaN,NaN,NaN,-34.63892533333333,17.49377683333333
682.549,4.159819610493454,34.366640648037844,32.46782332138557,211.3634016408897,2026-06-25 04:20:14.176807,NaN,NaN,NaN,-34.63892533333333,17.49377683333333
682.737,4.159279830426091,34.3666944820412,32.46764199148937,211.37128740781463,2026-06-25 04:20:14.101827,NaN,NaN,NaN,-34.63892533333333,17.49377683333333
683.038,4.1586941414768654,34.3667513364285,32.46750722821163,211.37701654809328,2026-06-25 04:20:14.026846,NaN,NaN,NaN,-34.63892533333333,17.49377683333333
683.267,4.158229054222729,34.36679118743996,32.46740827729152,211.38492545527285,2026-06-25 04:20:13.976859,NaN,NaN,NaN,-34.63892533333333,17.49377683333333
683.408,4.157686450264223,34.36683245160491,32.467275329129755,211.39585006507383,2026-06-25 04:20:13.926872,NaN,NaN,NaN,-34.63892533333333,17.49377683333333
683.846,4.1567029552731505,34.36689708152076,32.466968869886855,211.26407060837374,2026-06-25 04:20:13.851892,NaN,NaN,NaN,-34.63892533333333,17.49377683333333
684.127,4.155559891753534,34.366964355477464,32.46652388538821,211.12817461799975,2026-06-25 04:20:13.776911,NaN,NaN,NaN,-34.63892533333333,17.49377683333333
684.38,4.153784139169403,34.367058701657136,32.4656010859313,211.44179773509987,2026-06-25 04:20:13.676938,NaN,NaN,NaN,-34.63892533333333,17.49377683333333
684.4425,4.15375189316654,34.36705930448554,32.46554910803886,211.43910053311274,2026-06-25 04:20:13.676938,NaN,NaN,NaN,-34.63892533333333,17.49377683333333
684.925,4.151749143309476,34.3671578717458,32.46427013528313,211.45715937179313,2026-06-25 04:20:13.576964,NaN,NaN,NaN,-34.63892533333333,17.49377683333333
685.049,4.150631091216717,34.36720919054241,32.46346222815436,211.1788077786033,2026-06-25 04:20:13.526977,NaN,NaN,NaN,-34.63892533333333,17.49377683333333
685.2925,4.14881492721878,34.36728839241642,32.462077719069484,211.20573351057502,2026-06-25 04:20:13.451996,NaN,NaN,NaN,-34.63892533333333,17.49377683333333
685.711,4.145502726915096,34.36742539411257,32.45937594218777,211.22808155042722,2026-06-25 04:20:13.327029,NaN,NaN,NaN,-34.63892533333333,17.49377683333333
685.937,4.145476886820299,34.36742590511996,32.459337530878344,211.23032815064914,2026-06-25 04:20:13.327029,NaN,NaN,NaN,-34.63892533333333,17.49377683333333
686.113,4.142609022501938,34.36753972073733,32.45686579925964,211.26022754701876,2026-06-25 04:20:13.227055,NaN,NaN,NaN,-34.63892533333333,17.49377683333333
686.6535,4.140308958078992,34.367628174142,32.454889450742456,211.28723742648287,2026-06-25 04:20:13.152074,NaN,NaN,NaN,-34.63892533333333,17.49377683333333
686.818,4.13797446390228,34.3677185432342,32.452960094140344,211.31779341133227,2026-06-25 04:20:13.077094,NaN,NaN,NaN,-34.63892533333333,17.49377683333333
687.144,4.1357177333354205,34.36781125296411,32.45120542431769,211.03868065553885,2026-06-25 04:20:13.002113,NaN,NaN,NaN,-34.63892533333333,17.49377683333333
687.35,4.133616194525043,34.36790579863912,32.449626974302944,211.05635282398515,2026-06-25 04:20:12.927133,NaN,NaN,NaN,-34.63892533333333,17.49377683333333
687.526,4.132342631019642,34.36797003639625,32.44868299058008,211.0644041389818,2026-06-25 04:20:12.877146,NaN,NaN,NaN,-34.63892533333333,17.49377683333333
687.716,4.131162944245646,34.368035169471526,32.44780161658386,211.07554753406467,2026-06-25 04:20:12.827159,NaN,NaN,NaN,-34.63892533333333,17.49377683333333
688.2439999999999,4.129561051845533,34.36813464475481,32.44655684981037,211.09712014220474,2026-06-25 04:20:12.752179,NaN,NaN,NaN,-34.63892533333333,17.49377683333333
688.6793333333334,4.1272826632678,34.36830484457965,32.44459181800112,211.12117990876993,2026-06-25 04:20:12.627211,NaN,NaN,NaN,-34.63892533333333,17.49377683333333
689.21,4.12578769055772,34.36844452161304,32.44314369488524,211.1301324108272,2026-06-25 04:20:12.527237,NaN,NaN,NaN,-34.63892533333333,17.49377683333333
689.481,4.125170727554043,34.3685158283912,32.44250594704406,210.84416426445011,2026-06-25 04:20:12.477250,NaN,NaN,NaN,-34.63892533333333,17.49377683333333
689.648,4.124613144868022,34.36858802075669,32.4419337307137,210.8656506407154,2026-06-25 04:20:12.427263,NaN,NaN,NaN,-34.63892533333333,17.49377683333333
689.9169999999999,4.1235003121744365,34.36876064916395,32.44093320105355,210.86769736292197,2026-06-25 04:20:12.310627,NaN,NaN,NaN,-34.63892533333333,17.49377683333333
690.181,4.1231876844742725,34.36880996594755,32.4406482282643,210.8707049284637,2026-06-25 04:20:12.277302,NaN,NaN,NaN,-34.63892533333333,17.49377683333333
690.213,4.122367470617392,34.368962477458716,32.440145604388356,210.87496783147583,2026-06-25 04:20:12.177328,NaN,NaN,NaN,-34.63892533333333,17.49377683333333
690.635,4.121955692844566,34.36904012556121,32.439982369803715,210.88433683535462,2026-06-25 04:20:12.127341,NaN,NaN,NaN,-34.63892533333333,17.49377683333333
690.993,4.121101350271812,34.36911871654363,32.43977749669426,210.90223975580128,2026-06-25 04:20:12.027367,NaN,NaN,NaN,-34.63892533333333,17.49377683333333
691.088,4.121532116546906,34.36919826246063,32.4398634327533,210.90081755953517,2026-06-25 04:20:12.077354,NaN,NaN,NaN,-34.63892533333333,17.49377683333333
691.195,4.1206777657456275,34.36927877614031,32.43971447173243,210.89918219212666,2026-06-25 04:20:11.977381,NaN,NaN,NaN,-34.63892533333333,17.49377683333333
691.584,4.120278448736302,34.36936027111456,32.439666388964625,210.90817486584876,2026-06-25 04:20:11.927394,NaN,NaN,NaN,-34.63892533333333,17.49377683333333
691.7574999999999,4.119753784795886,34.36948451185551,32.43961286482478,210.9140133221283,2026-06-25 04:20:11.852413,NaN,NaN,NaN,-34.63892533333333,17.49377683333333
691.986,4.119318875961344,34.36961078817119,32.43957633360942,210.9233438345767,2026-06-25 04:20:11.777433,NaN,NaN,NaN,-34.63892533333333,17.49377683333333
692.033,4.119102938873854,34.36969635519061,32.439566792009494,210.92820081793707,2026-06-25 04:20:11.727446,NaN,NaN,NaN,-34.63892533333333,17.49377683333333
692.54,4.118924415395649,34.36982682775562,32.439584709794985,210.92850462176676,2026-06-25 04:20:11.652465,NaN,NaN,NaN,-34.63892533333333,17.49377683333333
692.854,4.118911732057783,34.36995946306271,32.43964937576384,210.6349121154238,2026-06-25 04:20:11.577485,NaN,NaN,NaN,-34.63892533333333,17.49377683333333
693.101,4.119082468364075,34.37009486352653,32.439788942743874,210.63958837669716,2026-06-25 04:20:11.502504,NaN,NaN,NaN,-34.63892533333333,17.49377683333333
693.4,4.119346336352411,34.37023252559779,32.43996960596073,210.63740459833653,2026-06-25 04:20:11.427524,NaN,NaN,NaN,-34.63892533333333,17.49377683333333
693.6865,4.119662183655713,34.370373075970235,32.440148581504886,210.78389373319965,2026-06-25 04:20:11.352543,NaN,NaN,NaN,-34.63892533333333,17.49377683333333
694.098,4.119969884745469,34.37051598513635,32.440299266279126,210.63347061912836,2026-06-25 04:20:11.277563,NaN,NaN,NaN,-34.63892533333333,17.49377683333333
694.259,4.120139206443116,34.37061285646663,32.440374888082886,210.63740637796857,2026-06-25 04:20:11.227576,NaN,NaN,NaN,-34.63892533333333,17.49377683333333
694.5056666666666,4.120270034648626,34.37081026708869,32.4404697744561,210.6413767862118,2026-06-25 04:20:11.094277,NaN,NaN,NaN,-34.63892533333333,17.49377683333333
694.617,4.120318106721845,34.37087814753058,32.44046332603172,210.63945778915033,2026-06-25 04:20:11.127602,NaN,NaN,NaN,-34.63892533333333,17.49377683333333
694.888,4.120120299091238,34.371115761563445,32.44051165826253,210.6495232471988,2026-06-25 04:20:10.977641,NaN,NaN,NaN,-34.63892533333333,17.49377683333333
695.297,4.119792162109088,34.37122014487202,32.44056346351359,210.64799389069975,2026-06-25 04:20:10.877667,NaN,NaN,NaN,-34.63892533333333,17.49377683333333
695.412,4.119965965680914,34.37132582298717,32.44053255160634,210.6548993970808,2026-06-25 04:20:10.927654,NaN,NaN,NaN,-34.63892533333333,17.49377683333333
695.6365000000001,4.1194129857571395,34.37154110267454,32.44065259146171,210.51579153901432,2026-06-25 04:20:10.777693,NaN,NaN,NaN,-34.63892533333333,17.49377683333333
695.854,4.119416092629404,34.37154176359147,32.4406540084573,210.3706551510339,2026-06-25 04:20:10.777693,NaN,NaN,NaN,-34.63892533333333,17.49377683333333
696.071,4.119016042648677,34.37176166861132,32.440729799579934,210.37439910090075,2026-06-25 04:20:10.677719,NaN,NaN,NaN,-34.63892533333333,17.49377683333333
696.481,4.118707314176011,34.37193076094915,32.44071443820755,210.38126414807124,2026-06-25 04:20:10.602739,NaN,NaN,NaN,-34.63892533333333,17.49377683333333
696.837,4.118393837973329,34.37210253485233,32.44063019029146,210.38764648209633,2026-06-25 04:20:10.527758,NaN,NaN,NaN,-34.63892533333333,17.49377683333333
697.044,4.117990185655427,34.37233649610808,32.44044785044732,210.10424928132747,2026-06-25 04:20:10.427784,NaN,NaN,NaN,-34.63892533333333,17.49377683333333
697.2615000000001,4.117999262487013,34.37233716848144,32.44045585774232,210.1045137224505,2026-06-25 04:20:10.427784,NaN,NaN,NaN,-34.63892533333333,17.49377683333333
697.492,4.117656642948249,34.37257583497266,32.44032812824434,210.10634754648564,2026-06-25 04:20:10.327810,NaN,NaN,NaN,-34.63892533333333,17.49377683333333
697.688,4.117526386047336,34.372697515242145,32.44033542435795,210.10866031063665,2026-06-25 04:20:10.277824,NaN,NaN,NaN,-34.63892533333333,17.49377683333333
697.954,4.11741886390236,34.37282053016266,32.440404332357886,210.11493231222968,2026-06-25 04:20:10.227837,NaN,NaN,NaN,-34.63892533333333,17.49377683333333
698.166,4.117333636661357,34.37294487349361,32.440542914951074,210.11716149558836,2026-06-25 04:20:10.177850,NaN,NaN,NaN,-34.63892533333333,17.49377683333333
698.307,4.1172747365260784,34.373070537524185,32.44075544938396,209.82851572790452,2026-06-25 04:20:10.127863,NaN,NaN,NaN,-34.63892533333333,17.49377683333333
698.449,4.117249619668208,34.37319751305923,32.44104352567411,209.8263621469083,2026-06-25 04:20:10.077876,NaN,NaN,NaN,-34.63892533333333,17.49377683333333
698.715,4.117265952017516,34.37332578940859,32.44140829948295,209.82856924595643,2026-06-25 04:20:10.027889,NaN,NaN,NaN,-34.63892533333333,17.49377683333333
699.0846666666666,4.117469294751273,34.37358661418219,32.44240143081578,209.54364063798494,2026-06-25 04:20:09.927915,NaN,NaN,NaN,-34.63892533333333,17.49377683333333
699.205,4.117889418687139,34.37385163652024,32.44363828378597,209.53955098110808,2026-06-25 04:20:09.827941,NaN,NaN,NaN,-34.63892533333333,17.49377683333333
699.536,4.118239760627531,34.37398620396006,32.444339854563154,209.5372414480831,2026-06-25 04:20:09.777954,NaN,NaN,NaN,-34.63892533333333,17.49377683333333
699.757,4.118686104996105,34.37412197652121,32.44505758730311,209.53342311731296,2026-06-25 04:20:09.727967,NaN,NaN,NaN,-34.63892533333333,17.49377683333333
699.946,4.11922128554321,34.37425893304074,32.445774682826176,209.5288562328331,2026-06-25 04:20:09.677980,NaN,NaN,NaN,-34.63892533333333,17.49377683333333
700.319,4.119828910056714,34.374397050898054,32.446482560001314,209.23981140071226,2026-06-25 04:20:09.627993,NaN,NaN,NaN,-34.63892533333333,17.49377683333333
700.744,4.12083662709516,34.37460648950284,32.447522314270145,209.23494493040917,2026-06-25 04:20:09.553012,NaN,NaN,NaN,-34.63892533333333,17.49377683333333
700.901,4.121895488417553,34.374818124843564,32.44855143048234,209.22733361496913,2026-06-25 04:20:09.478032,NaN,NaN,NaN,-34.63892533333333,17.49377683333333
701.003,4.122607800125232,34.37496063341542,32.44924328951198,208.93227245147133,2026-06-25 04:20:09.428045,NaN,NaN,NaN,-34.63892533333333,17.49377683333333
701.2815,4.123631617561582,34.37517643510047,32.450300184775074,208.92256224899836,2026-06-25 04:20:09.353065,NaN,NaN,NaN,-34.63892533333333,17.49377683333333
701.7059999999999,4.124816246885953,34.37546741058337,32.45172479583009,208.91839288424686,2026-06-25 04:20:09.253091,NaN,NaN,NaN,-34.63892533333333,17.49377683333333
702.159,4.1255030935729184,34.37568794702242,32.45278624412889,208.6287446072104,2026-06-25 04:20:09.178110,NaN,NaN,NaN,-34.63892533333333,17.49377683333333
702.222,4.12584173839497,34.375836130518785,32.45347920338269,208.62740969467785,2026-06-25 04:20:09.128123,NaN,NaN,NaN,-34.63892533333333,17.49377683333333
702.4989999999999,4.126287826071003,34.37613517954243,32.45480599425983,208.63120618014364,2026-06-25 04:20:09.028149,NaN,NaN,NaN,-34.63892533333333,17.49377683333333
703.1136666666666,4.126794771116498,34.37658883831985,32.45662082765505,208.41004993476122,2026-06-25 04:20:08.878188,NaN,NaN,NaN,-34.63892533333333,17.49377683333333
703.8446666666667,4.127480984261345,34.37704811059205,32.45812326573781,208.0781850616629,2026-06-25 04:20:08.728227,NaN,NaN,NaN,-34.63892533333333,17.49377683333333
704.2615000000001,4.128016820349512,34.37743420652218,32.459116711160064,208.34168289203467,2026-06-25 04:20:08.603260,NaN,NaN,NaN,-34.63892533333333,17.49377683333333
704.6095,4.128153271083323,34.37774491851025,32.459757034227394,208.05962411627374,2026-06-25 04:20:08.503286,NaN,NaN,NaN,-34.63892533333333,17.49377683333333
705.162,4.1281441790441775,34.377978705253874,32.46018557166289,208.06103972894496,2026-06-25 04:20:08.428306,NaN,NaN,NaN,-34.63892533333333,17.49377683333333
705.204,4.128138214382634,34.37813487072488,32.46045638720341,208.06462810990092,2026-06-25 04:20:08.378319,NaN,NaN,NaN,-34.63892533333333,17.49377683333333
705.528,4.128151656764222,34.37829120763178,32.46072119737914,208.0639342499579,2026-06-25 04:20:08.328332,NaN,NaN,NaN,-34.63892533333333,17.49377683333333
705.726,4.128249841781627,34.3786042134142,32.46124371348848,207.85538132657814,2026-06-25 04:20:08.228358,NaN,NaN,NaN,-34.63892533333333,17.49377683333333
706.172,4.128386866702358,34.378917310197494,32.46178051817396,208.05762990124774,2026-06-25 04:20:08.128384,NaN,NaN,NaN,-34.63892533333333,17.49377683333333
706.216,4.128438604947156,34.37907378309461,32.46207225260568,207.77381582033684,2026-06-25 04:20:08.078397,NaN,NaN,NaN,-34.63892533333333,17.49377683333333
706.537,4.128449144123883,34.379230137926264,32.462387668490926,207.77988264089007,2026-06-25 04:20:08.028410,NaN,NaN,NaN,-34.63892533333333,17.49377683333333
706.673,4.128349010390464,34.37946431271403,32.46290683879233,207.78300097895638,2026-06-25 04:20:07.953429,NaN,NaN,NaN,-34.63892533333333,17.49377683333333
706.974,4.128143726980818,34.379698008879686,32.463437704630444,207.79493944967086,2026-06-25 04:20:07.878449,NaN,NaN,NaN,-34.63892533333333,17.49377683333333
707.275,4.127969513978934,34.379853406678485,32.4637569694684,207.80175225633616,2026-06-25 04:20:07.828462,NaN,NaN,NaN,-34.63892533333333,17.49377683333333
707.658,4.12773425250872,34.380085759569454,32.46410828066717,207.80105094436672,2026-06-25 04:20:07.753482,NaN,NaN,NaN,-34.63892533333333,17.49377683333333
707.8544999999999,4.127546270684579,34.38039408493349,32.46430303861267,207.79998298343708,2026-06-25 04:20:07.653508,NaN,NaN,NaN,-34.63892533333333,17.49377683333333
708.292,4.127475104518243,34.380624042422106,32.46424379432145,207.8023489291418,2026-06-25 04:20:07.578527,NaN,NaN,NaN,-34.63892533333333,17.49377683333333
708.56,4.127357553800058,34.38085250838458,32.46402628136363,207.65831789795166,2026-06-25 04:20:07.503547,NaN,NaN,NaN,-34.63892533333333,17.49377683333333
708.9455,4.126959604155369,34.38115487163561,32.46359889700304,207.66851098664858,2026-06-25 04:20:07.403573,NaN,NaN,NaN,-34.63892533333333,17.49377683333333
709.348,4.12641169495751,34.381379779987704,32.46319154683084,207.53971304180686,2026-06-25 04:20:07.328592,NaN,NaN,NaN,-34.63892533333333,17.49377683333333
709.475,4.125920220582086,34.381528635062985,32.4628750801516,207.54990210685534,2026-06-25 04:20:07.278605,NaN,NaN,NaN,-34.63892533333333,17.49377683333333
709.772,4.125366827468775,34.38167662212413,32.46253089575467,207.55181715010607,2026-06-25 04:20:07.228618,NaN,NaN,NaN,-34.63892533333333,17.49377683333333
710.016,4.12478812839289,34.38182369770075,32.462169199451694,207.55675629582257,2026-06-25 04:20:07.178631,NaN,NaN,NaN,-34.63892533333333,17.49377683333333
710.376,4.123951573052064,34.38204238112395,32.461631448377204,207.43088851554418,2026-06-25 04:20:07.103651,NaN,NaN,NaN,-34.63892533333333,17.49377683333333
710.492,4.123207796168887,34.38225902941028,32.46114874014998,207.57183186073482,2026-06-25 04:20:07.028670,NaN,NaN,NaN,-34.63892533333333,17.49377683333333
710.756,4.122467149164639,34.382402035945276,32.460702941936596,207.29809506551516,2026-06-25 04:20:06.928697,NaN,NaN,NaN,-34.63892533333333,17.49377683333333
710.909,4.1228013426728,34.382543922522665,32.46089421089248,207.28748993084625,2026-06-25 04:20:06.978683,NaN,NaN,NaN,-34.63892533333333,17.49377683333333
711.129,4.122197339489075,34.38268464936202,32.46057488928005,207.30247402413377,2026-06-25 04:20:06.878710,NaN,NaN,NaN,-34.63892533333333,17.49377683333333
711.316,4.1219840441127955,34.38282417736374,32.46050262682783,207.30506347203274,2026-06-25 04:20:06.828723,NaN,NaN,NaN,-34.63892533333333,17.49377683333333
711.447,4.12182340743251,34.38296246812623,32.4604726706132,207.3068768582255,2026-06-25 04:20:06.778736,NaN,NaN,NaN,-34.63892533333333,17.49377683333333
711.778,4.121671415026632,34.38316733594027,32.460466183793905,207.30701021574913,2026-06-25 04:20:06.703755,NaN,NaN,NaN,-34.63892533333333,17.49377683333333
712.3175,4.121539431254474,34.38343602994957,32.46043307735705,207.16921771116657,2026-06-25 04:20:06.603781,NaN,NaN,NaN,-34.63892533333333,17.49377683333333
712.57,4.121283697202303,34.38376342975531,32.46028119297399,207.02932571457342,2026-06-25 04:20:06.478814,NaN,NaN,NaN,-34.63892533333333,17.49377683333333
712.837,4.121258141620915,34.383764172317015,32.46027942396864,207.03189946759423,2026-06-25 04:20:06.478814,NaN,NaN,NaN,-34.63892533333333,17.49377683333333
713.2715000000001,4.120730232240787,34.38408266428157,32.460108434062654,207.33428741886797,2026-06-25 04:20:06.353846,NaN,NaN,NaN,-34.63892533333333,17.49377683333333
713.59,4.120308037191318,34.38426941130991,32.460060407731724,207.3424442431846,2026-06-25 04:20:06.278866,NaN,NaN,NaN,-34.63892533333333,17.49377683333333
713.789,4.1200340398967015,34.384391774009636,32.46007369451137,207.33871382435495,2026-06-25 04:20:06.228879,NaN,NaN,NaN,-34.63892533333333,17.49377683333333
713.928,4.119793428790926,34.384512499062325,32.460130256337116,207.05493071976588,2026-06-25 04:20:06.178892,NaN,NaN,NaN,-34.63892533333333,17.49377683333333
714.165,4.119515564031629,34.38469024223102,32.460316674471024,207.0582449034733,2026-06-25 04:20:06.103911,NaN,NaN,NaN,-34.63892533333333,17.49377683333333
714.516,4.119313225234369,34.384864574688,32.460613927677585,207.0689802229161,2026-06-25 04:20:06.028931,NaN,NaN,NaN,-34.63892533333333,17.49377683333333
714.717,4.119225486164225,34.38497848023743,32.46088586578618,207.07447714176956,2026-06-25 04:20:05.978944,NaN,NaN,NaN,-34.63892533333333,17.49377683333333
714.81,4.119178297899509,34.385090618483346,32.461207912541866,207.0652840984866,2026-06-25 04:20:05.928957,NaN,NaN,NaN,-34.63892533333333,17.49377683333333
715.264,4.11919987433726,34.38525523430015,32.4617748553184,207.06910651255606,2026-06-25 04:20:05.853977,NaN,NaN,NaN,-34.63892533333333,17.49377683333333
715.6933333333333,4.119415050570793,34.38552043038934,32.46285441023306,206.8103649265946,2026-06-25 04:20:05.729009,NaN,NaN,NaN,-34.63892533333333,17.49377683333333
716.181,4.119678865539636,34.385725120603745,32.463737660775585,206.78874038423734,2026-06-25 04:20:05.629035,NaN,NaN,NaN,-34.63892533333333,17.49377683333333
716.384,4.119845401411572,34.38582430317958,32.464149816125044,206.7997380330057,2026-06-25 04:20:05.579048,NaN,NaN,NaN,-34.63892533333333,17.49377683333333
716.477,4.1200377982480845,34.38592156451208,32.46453379112619,206.7860101260785,2026-06-25 04:20:05.529061,NaN,NaN,NaN,-34.63892533333333,17.49377683333333
716.643,4.120261041813955,34.38601689041682,32.4648901496525,206.7829098890876,2026-06-25 04:20:05.479074,NaN,NaN,NaN,-34.63892533333333,17.49377683333333
716.9345000000001,4.120651323201974,34.386155976548665,32.46538196351467,206.7868022426188,2026-06-25 04:20:05.404094,NaN,NaN,NaN,-34.63892533333333,17.49377683333333
717.24,4.12106861430619,34.3862911317502,32.465843837281746,206.78732297590176,2026-06-25 04:20:05.329113,NaN,NaN,NaN,-34.63892533333333,17.49377683333333
717.6595,4.121485478839211,34.38642133754068,32.46626843474074,206.7855259244352,2026-06-25 04:20:05.254133,NaN,NaN,NaN,-34.63892533333333,17.49377683333333
717.916,4.12188319568437,34.38654756056752,32.46664776855594,206.77896844650058,2026-06-25 04:20:05.179153,NaN,NaN,NaN,-34.63892533333333,17.49377683333333
718.1575,4.122213395613283,34.38666878394419,32.466962941226285,206.78104340333098,2026-06-25 04:20:05.104172,NaN,NaN,NaN,-34.63892533333333,17.49377683333333
718.412,4.122452446459605,34.38678599626656,32.4672445603814,206.79043873910726,2026-06-25 04:20:05.029192,NaN,NaN,NaN,-34.63892533333333,17.49377683333333
718.734,4.122580046864822,34.38689818881694,32.46751877742584,206.78753546053773,2026-06-25 04:20:04.954211,NaN,NaN,NaN,-34.63892533333333,17.49377683333333
719.034,4.122658682938037,34.3870063666616,32.46780509931221,206.78805138912278,2026-06-25 04:20:04.879231,NaN,NaN,NaN,-34.63892533333333,17.49377683333333
719.252,4.122697042534955,34.38707581269705,32.46800318375439,206.78975749058725,2026-06-25 04:20:04.829244,NaN,NaN,NaN,-34.63892533333333,17.49377683333333
719.461,4.122756667175261,34.387207719846394,32.46838010477359,206.79792813193083,2026-06-25 04:20:04.729270,NaN,NaN,NaN,-34.63892533333333,17.49377683333333
719.7265,4.122756190775174,34.38720871285555,32.468368651281956,206.79361822847827,2026-06-25 04:20:04.729270,NaN,NaN,NaN,-34.63892533333333,17.49377683333333
720.137,4.122813674625641,34.387333670454105,32.46866860223049,206.7969127062888,2026-06-25 04:20:04.629296,NaN,NaN,NaN,-34.63892533333333,17.49377683333333
720.266,4.122869459946572,34.38742197834014,32.468802724695884,206.79937601662215,2026-06-25 04:20:04.554315,NaN,NaN,NaN,-34.63892533333333,17.49377683333333
720.8720000000001,4.122930567402516,34.38753324094133,32.46890921914924,206.8010902298057,2026-06-25 04:20:04.454341,NaN,NaN,NaN,-34.63892533333333,17.49377683333333
721.177,4.122760660526103,34.38763683410178,32.46905155489254,206.81301217666112,2026-06-25 04:20:04.279387,NaN,NaN,NaN,-34.63892533333333,17.49377683333333
721.333,4.122898942421692,34.38770981435194,32.46898203018435,206.8018497326312,2026-06-25 04:20:04.354368,NaN,NaN,NaN,-34.63892533333333,17.49377683333333
721.7075,4.122495297862658,34.38777817161007,32.469181301621546,206.8189962212184,2026-06-25 04:20:04.204407,NaN,NaN,NaN,-34.63892533333333,17.49377683333333
722.075,4.122173817768606,34.38784290124719,32.46938084568255,206.54525289880513,2026-06-25 04:20:04.129426,NaN,NaN,NaN,-34.63892533333333,17.49377683333333
722.2475,4.121849321091151,34.387903194875356,32.46965535069493,206.54163323911482,2026-06-25 04:20:04.054446,NaN,NaN,NaN,-34.63892533333333,17.49377683333333
722.713,4.12153237213381,34.3879600256148,32.46994249918332,206.54739078179034,2026-06-25 04:20:03.979465,NaN,NaN,NaN,-34.63892533333333,17.49377683333333
722.876,4.121145511774992,34.38801264537308,32.47012992838923,206.55073877758346,2026-06-25 04:20:03.904485,NaN,NaN,NaN,-34.63892533333333,17.49377683333333
723.242,4.120594391589098,34.38806199765865,32.47012106299482,206.56013337625075,2026-06-25 04:20:03.829504,NaN,NaN,NaN,-34.63892533333333,17.49377683333333
723.437,4.1200542218972105,34.38809278117311,32.46991894968369,206.57130332811596,2026-06-25 04:20:03.779517,NaN,NaN,NaN,-34.63892533333333,17.49377683333333
723.6915,4.118888828306755,34.38813589523974,32.46921275342345,206.44025129150347,2026-06-25 04:20:03.704537,NaN,NaN,NaN,-34.63892533333333,17.49377683333333
724.1245,4.116621720566206,34.38818848550004,32.46745038026704,206.4621762290798,2026-06-25 04:20:03.604563,NaN,NaN,NaN,-34.63892533333333,17.49377683333333
724.521,4.113353449312941,34.388235510473294,32.46460984541066,206.34624266497457,2026-06-25 04:20:03.504589,NaN,NaN,NaN,-34.63892533333333,17.49377683333333
724.878,4.110226193831278,34.38826750598706,32.46184019966276,206.38860645271544,2026-06-25 04:20:03.429609,NaN,NaN,NaN,-34.63892533333333,17.49377683333333
725.0260000000001,4.10648615702058,34.38829644678715,32.45855108730687,206.42204143659387,2026-06-25 04:20:03.354628,NaN,NaN,NaN,-34.63892533333333,17.49377683333333
725.39,4.102385092547053,34.388323101730435,32.45496738517449,206.4760885511657,2026-06-25 04:20:03.279648,NaN,NaN,NaN,-34.63892533333333,17.49377683333333
725.53,4.099513375861935,34.388339439395835,32.452464637421706,206.21353394553591,2026-06-25 04:20:03.229661,NaN,NaN,NaN,-34.63892533333333,17.49377683333333
725.767,4.096627460433704,34.3883547740015,32.44994279323567,206.23006908758038,2026-06-25 04:20:03.179674,NaN,NaN,NaN,-34.63892533333333,17.49377683333333
725.849,4.0937967109852815,34.388369164414456,32.44745357406141,206.24491805399012,2026-06-25 04:20:03.129687,NaN,NaN,NaN,-34.63892533333333,17.49377683333333
726.033,4.091073859358812,34.38838267108877,32.4450459717564,206.28033530465106,2026-06-25 04:20:03.079700,NaN,NaN,NaN,-34.63892533333333,17.49377683333333
726.519,4.087291863394569,34.38840131942882,32.44170166243686,206.31706954798807,2026-06-25 04:20:03.004719,NaN,NaN,NaN,-34.63892533333333,17.49377683333333
726.6505,4.082917099582225,34.388423820006366,32.43783295295022,206.06549864163233,2026-06-25 04:20:02.904745,NaN,NaN,NaN,-34.63892533333333,17.49377683333333
727.276,4.079524602587508,34.38844395155208,32.43480666723919,206.0914468973363,2026-06-25 04:20:02.804771,NaN,NaN,NaN,-34.63892533333333,17.49377683333333
727.5085,4.0771197989982575,34.38846226883601,32.43269973655559,206.11057248866612,2026-06-25 04:20:02.704798,NaN,NaN,NaN,-34.63892533333333,17.49377683333333
727.8895,4.075500961278399,34.388479348107424,32.43145517111988,206.12545626584415,2026-06-25 04:20:02.604824,NaN,NaN,NaN,-34.63892533333333,17.49377683333333
728.2885,4.07439262490431,34.38849578573999,32.43086229954781,206.13627994071197,2026-06-25 04:20:02.504850,NaN,NaN,NaN,-34.63892533333333,17.49377683333333
728.9006666666668,4.073313587830634,34.38851640888061,32.43059344368334,205.8678844980097,2026-06-25 04:20:02.379882,NaN,NaN,NaN,-34.63892533333333,17.49377683333333
729.099,4.072421377340609,34.388533593189656,32.43042323023429,205.87577921111594,2026-06-25 04:20:02.279908,NaN,NaN,NaN,-34.63892533333333,17.49377683333333
729.286,4.071897216614223,34.388542707113906,32.430273024672836,206.16784083253165,2026-06-25 04:20:02.229921,NaN,NaN,NaN,-34.63892533333333,17.49377683333333
729.6375,4.07096193752341,34.388557292697826,32.429890185329384,205.89799009424064,2026-06-25 04:20:02.154941,NaN,NaN,NaN,-34.63892533333333,17.49377683333333
729.983,4.069847827394041,34.388573002089736,32.42929418135535,205.91337930978884,2026-06-25 04:20:02.079960,NaN,NaN,NaN,-34.63892533333333,17.49377683333333
730.3125,4.06847399433326,34.38859043326016,32.42834514411137,205.92320240113727,2026-06-25 04:20:02.004980,NaN,NaN,NaN,-34.63892533333333,17.49377683333333
730.562,4.066855254062521,34.38860949777139,32.42706291253525,205.93687250215643,2026-06-25 04:20:01.929999,NaN,NaN,NaN,-34.63892533333333,17.49377683333333
730.638,4.065584172305956,34.388623439577685,32.425975853972105,205.95059463693076,2026-06-25 04:20:01.880013,NaN,NaN,NaN,-34.63892533333333,17.49377683333333
731.053,4.06334702828229,34.38864645976818,32.42399756138008,205.97220952580233,2026-06-25 04:20:01.805032,NaN,NaN,NaN,-34.63892533333333,17.49377683333333
731.2925,4.0598346527725315,34.38868109983027,32.42083177401642,205.869905049015,2026-06-25 04:20:01.705058,NaN,NaN,NaN,-34.63892533333333,17.49377683333333
731.869,4.056904772185306,34.38871036585537,32.41818809900204,205.76774547501242,2026-06-25 04:20:01.630078,NaN,NaN,NaN,-34.63892533333333,17.49377683333333
732.086,4.053930568255016,34.38874329832564,32.41553665410169,205.79119862452978,2026-06-25 04:20:01.555097,NaN,NaN,NaN,-34.63892533333333,17.49377683333333
732.323,4.051141085460176,34.38877942425375,32.41305787133061,205.81055734813836,2026-06-25 04:20:01.480117,NaN,NaN,NaN,-34.63892533333333,17.49377683333333
732.464,4.049494807119023,34.388805781214685,32.411584530157434,205.82000660617098,2026-06-25 04:20:01.430130,NaN,NaN,NaN,-34.63892533333333,17.49377683333333
732.673,4.048040241534051,34.388833950423255,32.41026668641722,205.83582889093472,2026-06-25 04:20:01.380143,NaN,NaN,NaN,-34.63892533333333,17.49377683333333
732.971,4.0457002850191195,34.38886401732487,32.408092596117356,205.85687287814233,2026-06-25 04:20:01.280169,NaN,NaN,NaN,-34.63892533333333,17.49377683333333
732.997,4.046778753910439,34.38889606680998,32.40910476738634,205.84833439434146,2026-06-25 04:20:01.330156,NaN,NaN,NaN,-34.63892533333333,17.49377683333333
733.344,4.0447891702130985,34.388930183129055,32.40722156218782,205.5774025261092,2026-06-25 04:20:01.230182,NaN,NaN,NaN,-34.63892533333333,17.49377683333333
733.4984999999999,4.043701238039283,34.38898569968465,32.40617053235563,205.5858208292493,2026-06-25 04:20:01.155201,NaN,NaN,NaN,-34.63892533333333,17.49377683333333
733.896,4.042818532823045,34.389045764212504,32.405342093178724,205.59877313442286,2026-06-25 04:20:01.080221,NaN,NaN,NaN,-34.63892533333333,17.49377683333333
733.997,4.042316564556153,34.38908897460348,32.40491546310565,205.60213022461912,2026-06-25 04:20:01.030234,NaN,NaN,NaN,-34.63892533333333,17.49377683333333
734.4566666666666,4.041407823892069,34.38918377777721,32.4043193520096,205.6107023216995,2026-06-25 04:20:00.930260,NaN,NaN,NaN,-34.63892533333333,17.49377683333333
734.772,4.040540135604874,34.38928735154372,32.40394798087357,205.34417564961106,2026-06-25 04:20:00.830286,NaN,NaN,NaN,-34.63892533333333,17.49377683333333
735.2685,4.03992851052069,34.38937332193058,32.40383842862582,205.35160653947491,2026-06-25 04:20:00.755306,NaN,NaN,NaN,-34.63892533333333,17.49377683333333
735.467,4.039234526370512,34.3894976464203,32.403829519917835,205.50353573267282,2026-06-25 04:20:00.655332,NaN,NaN,NaN,-34.63892533333333,17.49377683333333
735.918,4.038848683161997,34.3895984255711,32.403887649285764,205.36590993620194,2026-06-25 04:20:00.580351,NaN,NaN,NaN,-34.63892533333333,17.49377683333333
736.0275,4.038616434194874,34.38970703513377,32.403963789639675,205.36958245064224,2026-06-25 04:20:00.505371,NaN,NaN,NaN,-34.63892533333333,17.49377683333333
736.465,4.038483264950405,34.38982210234347,32.40402293619371,205.36568850680464,2026-06-25 04:20:00.430390,NaN,NaN,NaN,-34.63892533333333,17.49377683333333
736.6485,4.038381853282355,34.389945471704465,32.40401658076169,205.37103598245335,2026-06-25 04:20:00.355410,NaN,NaN,NaN,-34.63892533333333,17.49377683333333
736.828,4.038202576699807,34.39007565837848,32.40392565731349,205.37002887970914,2026-06-25 04:20:00.280429,NaN,NaN,NaN,-34.63892533333333,17.49377683333333
737.3209999999999,4.037611884730941,34.39026325828644,32.40357834968403,205.105167524411,2026-06-25 04:20:00.180456,NaN,NaN,NaN,-34.63892533333333,17.49377683333333
737.57,4.036049828817132,34.3904628382138,32.40267804839584,205.12037153013196,2026-06-25 04:20:00.030495,NaN,NaN,NaN,-34.63892533333333,17.49377683333333
737.789,4.036670118269615,34.39056873705302,32.403028383531975,205.11913029914442,2026-06-25 04:20:00.080482,NaN,NaN,NaN,-34.63892533333333,17.49377683333333
737.903,4.034662169546383,34.39079177079773,32.40194229230967,205.1365166317337,2026-06-25 04:19:59.930521,NaN,NaN,NaN,-34.63892533333333,17.49377683333333
738.4485,4.03465764066212,34.39079367634207,32.401944223825325,205.14315753322649,2026-06-25 04:19:59.930521,NaN,NaN,NaN,-34.63892533333333,17.49377683333333
738.602,4.033238579282363,34.3910300464232,32.40121312718709,205.16297751063584,2026-06-25 04:19:59.830547,NaN,NaN,NaN,-34.63892533333333,17.49377683333333
738.8554999999999,4.032267464125342,34.391219415064235,32.40064406358377,205.16482219926468,2026-06-25 04:19:59.755566,NaN,NaN,NaN,-34.63892533333333,17.49377683333333
739.3119999999999,4.030894376547406,34.39155472414674,32.399551607800916,204.89307892206344,2026-06-25 04:19:59.630599,NaN,NaN,NaN,-34.63892533333333,17.49377683333333
739.828,4.02983902974544,34.391838901073726,32.39851522101477,204.90352740992478,2026-06-25 04:19:59.530625,NaN,NaN,NaN,-34.63892533333333,17.49377683333333
740.0995,4.028888165315462,34.39206410238772,32.39758675480789,204.63446009568534,2026-06-25 04:19:59.455644,NaN,NaN,NaN,-34.63892533333333,17.49377683333333
740.479,4.027290874950766,34.39237788107713,32.39612770372905,204.65705301778544,2026-06-25 04:19:59.355671,NaN,NaN,NaN,-34.63892533333333,17.49377683333333
740.7,4.025819685340768,34.39262338725949,32.39485103816228,204.67101012804034,2026-06-25 04:19:59.280690,NaN,NaN,NaN,-34.63892533333333,17.49377683333333
740.9815000000001,4.0234186776479275,34.39296569093757,32.392885478604526,204.41103203890373,2026-06-25 04:19:59.180716,NaN,NaN,NaN,-34.63892533333333,17.49377683333333
741.099,4.023473181194485,34.392967733132,32.392919161882276,204.41015511877876,2026-06-25 04:19:59.180716,NaN,NaN,NaN,-34.63892533333333,17.49377683333333
741.497,4.020686441042694,34.39332432978091,32.39070326746268,204.43372243741226,2026-06-25 04:19:59.080742,NaN,NaN,NaN,-34.63892533333333,17.49377683333333
741.625,4.019104408911064,34.39350976898215,32.38942575403668,204.17050140999177,2026-06-25 04:19:59.030755,NaN,NaN,NaN,-34.63892533333333,17.49377683333333
741.976,4.017383332877195,34.39369928023896,32.387992596024105,203.90367208005657,2026-06-25 04:19:58.980768,NaN,NaN,NaN,-34.63892533333333,17.49377683333333
742.098,4.015518257605069,34.393892854893224,32.38638102463118,203.91704146670375,2026-06-25 04:19:58.930781,NaN,NaN,NaN,-34.63892533333333,17.49377683333333
742.259,4.006881056707486,34.39429349050488,32.37842711739516,203.43497259517,2026-06-25 04:19:58.730833,NaN,NaN,NaN,-34.63892533333333,17.49377683333333
742.4303333333334,4.011348293011405,34.394707539656444,32.3825887599155,203.71914469248833,2026-06-25 04:19:58.830807,NaN,NaN,NaN,-34.63892533333333,17.49377683333333
742.872,4.004641519352931,34.39492122777624,32.37634553811556,203.46392944008218,2026-06-25 04:19:58.680846,NaN,NaN,NaN,-34.63892533333333,17.49377683333333
743.283,4.002527891716933,34.395138884214504,32.374426582944956,203.2071108963087,2026-06-25 04:19:58.630859,NaN,NaN,NaN,-34.63892533333333,17.49377683333333
743.4675,3.999880117146752,34.39547324899749,32.37223767367044,202.94775013669096,2026-06-25 04:19:58.555879,NaN,NaN,NaN,-34.63892533333333,17.49377683333333
744.014,3.998016589898151,34.39581543270985,32.37110365797267,202.6815016722495,2026-06-25 04:19:58.480899,NaN,NaN,NaN,-34.63892533333333,17.49377683333333
744.2305,3.99740751152558,34.39616729082232,32.371643640501475,202.40339197857404,2026-06-25 04:19:58.405918,NaN,NaN,NaN,-34.63892533333333,17.49377683333333
744.516,3.9978810652417445,34.39652680368574,32.37352930376469,202.10739401812643,2026-06-25 04:19:58.330938,NaN,NaN,NaN,-34.63892533333333,17.49377683333333
744.7080000000001,3.999594460728298,34.3968957724026,32.37671115182397,201.946085886528,2026-06-25 04:19:58.255957,NaN,NaN,NaN,-34.63892533333333,17.49377683333333
745.143,4.002077903216316,34.39727221184873,32.38047991902978,201.78319238423185,2026-06-25 04:19:58.180977,NaN,NaN,NaN,-34.63892533333333,17.49377683333333
745.3489999999999,4.005151412862442,34.39765786782327,32.384473103353585,201.62710619711206,2026-06-25 04:19:58.105996,NaN,NaN,NaN,-34.63892533333333,17.49377683333333
745.723,4.009520715060014,34.39818416995059,32.38960945721962,201.31238230953633,2026-06-25 04:19:58.006022,NaN,NaN,NaN,-34.63892533333333,17.49377683333333
745.853,4.012770930330446,34.3985878400741,32.393187690036214,201.14680603414388,2026-06-25 04:19:57.931042,NaN,NaN,NaN,-34.63892533333333,17.49377683333333
746.3154999999999,4.015813651428479,34.39900030458149,32.396488741229405,201.13389260672116,2026-06-25 04:19:57.856061,NaN,NaN,NaN,-34.63892533333333,17.49377683333333
746.7090000000001,4.019490385895263,34.3995617851762,32.40063358775208,200.83326781140673,2026-06-25 04:19:57.756087,NaN,NaN,NaN,-34.63892533333333,17.49377683333333
746.988,4.0219825487566725,34.39999141611334,32.40362488262383,200.5396515810999,2026-06-25 04:19:57.681107,NaN,NaN,NaN,-34.63892533333333,17.49377683333333
747.19,4.023527957465721,34.400282315446645,32.40558291934436,200.51393020254523,2026-06-25 04:19:57.631120,NaN,NaN,NaN,-34.63892533333333,17.49377683333333
747.579,4.024995691583721,34.40057653396358,32.40752249806308,200.2334402756819,2026-06-25 04:19:57.581133,NaN,NaN,NaN,-34.63892533333333,17.49377683333333
747.6405,4.027047611047049,34.40102442325764,32.41040130172772,200.23158669860138,2026-06-25 04:19:57.506153,NaN,NaN,NaN,-34.63892533333333,17.49377683333333
748.112,4.030248367570868,34.40178599586314,32.41506303402915,200.0681663282196,2026-06-25 04:19:57.381185,NaN,NaN,NaN,-34.63892533333333,17.49377683333333
748.231,4.030240500450932,34.401787583275315,32.41508547483265,199.92962569477808,2026-06-25 04:19:57.381185,NaN,NaN,NaN,-34.63892533333333,17.49377683333333
748.707,4.0328156858688144,34.40240988656157,32.41863852153045,199.9107476518624,2026-06-25 04:19:57.281211,NaN,NaN,NaN,-34.63892533333333,17.49377683333333
748.856,4.034781562049931,34.40288640672284,32.42114017579683,199.61495380087513,2026-06-25 04:19:57.206231,NaN,NaN,NaN,-34.63892533333333,17.49377683333333
749.2946666666667,4.03787079305601,34.40369602161973,32.42490349978251,199.3248357152097,2026-06-25 04:19:57.081263,NaN,NaN,NaN,-34.63892533333333,17.49377683333333
749.591,4.04003175775188,34.404355915012836,32.427592615462615,199.31082542301266,2026-06-25 04:19:56.981289,NaN,NaN,NaN,-34.63892533333333,17.49377683333333
750.115,4.041421917464193,34.404859892888226,32.429477412083784,199.3031812843712,2026-06-25 04:19:56.906309,NaN,NaN,NaN,-34.63892533333333,17.49377683333333
750.2745,4.043164495697702,34.405541847582896,32.431962034521625,199.14653989595416,2026-06-25 04:19:56.806335,NaN,NaN,NaN,-34.63892533333333,17.49377683333333
750.742,4.044444313620818,34.406060768948514,32.433799034387484,199.01292432573294,2026-06-25 04:19:56.731355,NaN,NaN,NaN,-34.63892533333333,17.49377683333333
750.8610000000001,4.045734141402997,34.40658712018688,32.43556970042522,198.8601719029128,2026-06-25 04:19:56.656374,NaN,NaN,NaN,-34.63892533333333,17.49377683333333
751.21,4.047064511996887,34.407119406586986,32.437262496488266,198.71248959130625,2026-06-25 04:19:56.581394,NaN,NaN,NaN,-34.63892533333333,17.49377683333333
751.6563333333334,4.048928699611331,34.40784099415848,32.43932862881167,198.62744780293252,2026-06-25 04:19:56.481420,NaN,NaN,NaN,-34.63892533333333,17.49377683333333
752.194,4.050809793907735,34.40857249314151,32.44123769893306,198.4143392267845,2026-06-25 04:19:56.381446,NaN,NaN,NaN,-34.63892533333333,17.49377683333333
752.467,4.052159075551332,34.40913006911361,32.442553479905975,198.40788755994762,2026-06-25 04:19:56.306465,NaN,NaN,NaN,-34.63892533333333,17.49377683333333
752.681,4.053804342228013,34.40988350830138,32.444207645348285,198.25604088999808,2026-06-25 04:19:56.206491,NaN,NaN,NaN,-34.63892533333333,17.49377683333333
753.143,4.055561520280998,34.410456133217586,32.44609326268761,198.11093170275655,2026-06-25 04:19:56.081524,NaN,NaN,NaN,-34.63892533333333,17.49377683333333
753.259,4.054905090186934,34.410841933367976,32.445369246941,198.1145779982527,2026-06-25 04:19:56.131511,NaN,NaN,NaN,-34.63892533333333,17.49377683333333
753.468,4.056707340115001,34.411622716693266,32.447430461762714,197.83043424018302,2026-06-25 04:19:55.981550,NaN,NaN,NaN,-34.63892533333333,17.49377683333333
753.6800000000001,4.056690122884069,34.4116242606524,32.44742291387308,197.96889963084766,2026-06-25 04:19:55.981550,NaN,NaN,NaN,-34.63892533333333,17.49377683333333
753.948,4.057719164422794,34.41241585238337,32.4487155897836,197.82872454069417,2026-06-25 04:19:55.881576,NaN,NaN,NaN,-34.63892533333333,17.49377683333333
754.163,4.05822371729586,34.412817095577935,32.44940454066362,197.82765137817566,2026-06-25 04:19:55.831589,NaN,NaN,NaN,-34.63892533333333,17.49377683333333
754.5146666666666,4.059369177392989,34.41363008257887,32.45106926318206,197.6157263499084,2026-06-25 04:19:55.731615,NaN,NaN,NaN,-34.63892533333333,17.49377683333333
754.845,4.060746654928637,34.41445366271884,32.45310321576951,197.53058653919328,2026-06-25 04:19:55.631641,NaN,NaN,NaN,-34.63892533333333,17.49377683333333
755.122,4.061566928060941,34.414870795556695,32.454303815243016,197.25305387030113,2026-06-25 04:19:55.581654,NaN,NaN,NaN,-34.63892533333333,17.49377683333333
755.4815,4.06291599272131,34.41550296939526,32.456269796951176,197.25051113331278,2026-06-25 04:19:55.506674,NaN,NaN,NaN,-34.63892533333333,17.49377683333333
755.715,4.064334775708221,34.41614166102159,32.45833328524223,197.23688590457675,2026-06-25 04:19:55.431693,NaN,NaN,NaN,-34.63892533333333,17.49377683333333
756.067,4.065293939340356,34.41657182794848,32.45971670396629,197.22515968027835,2026-06-25 04:19:55.381706,NaN,NaN,NaN,-34.63892533333333,17.49377683333333
756.3215,4.0666720231136715,34.417223682205076,32.461687794092924,197.0808043751358,2026-06-25 04:19:55.306726,NaN,NaN,NaN,-34.63892533333333,17.49377683333333
756.54,4.067905548885115,34.417882173721566,32.46346849742794,196.94003781283226,2026-06-25 04:19:55.231745,NaN,NaN,NaN,-34.63892533333333,17.49377683333333
756.785,4.068588568139523,34.418325612311094,32.46448465560284,196.9447427695669,2026-06-25 04:19:55.181758,NaN,NaN,NaN,-34.63892533333333,17.49377683333333
757.134,4.069157382332123,34.41877239619068,32.46535240075448,196.94447402838512,2026-06-25 04:19:55.131772,NaN,NaN,NaN,-34.63892533333333,17.49377683333333
757.287,4.069804612663771,34.419449280276524,32.46635838425914,196.79647928098623,2026-06-25 04:19:55.056791,NaN,NaN,NaN,-34.63892533333333,17.49377683333333
757.434,4.0702654363558555,34.42013288402481,32.46710455649284,196.66534614440536,2026-06-25 04:19:54.981811,NaN,NaN,NaN,-34.63892533333333,17.49377683333333
757.9343333333333,4.070466694993526,34.42105780053753,32.46770723656676,196.5793098194176,2026-06-25 04:19:54.881837,NaN,NaN,NaN,-34.63892533333333,17.49377683333333
758.287,4.070253442895921,34.42199390131999,32.46802508238549,196.13497466982773,2026-06-25 04:19:54.781863,NaN,NaN,NaN,-34.63892533333333,17.49377683333333
758.653,4.069642125962767,34.42270599765002,32.467954961394334,196.13211277135,2026-06-25 04:19:54.706882,NaN,NaN,NaN,-34.63892533333333,17.49377683333333
758.921,4.068677496698535,34.42342472671311,32.467606035069636,195.86932669184276,2026-06-25 04:19:54.631902,NaN,NaN,NaN,-34.63892533333333,17.49377683333333
759.108,4.06777095520716,34.423908269446606,32.467150668260615,195.88098506786164,2026-06-25 04:19:54.581915,NaN,NaN,NaN,-34.63892533333333,17.49377683333333
759.297,4.066647116592591,34.42439507541931,32.46651105344752,195.62050877278395,2026-06-25 04:19:54.531928,NaN,NaN,NaN,-34.63892533333333,17.49377683333333
759.533,4.06376603308666,34.42488511666135,32.46468972272466,195.37227332144985,2026-06-25 04:19:54.431954,NaN,NaN,NaN,-34.63892533333333,17.49377683333333
759.729,4.0653055162575065,34.425378361253664,32.46568650624618,195.62929260213934,2026-06-25 04:19:54.481941,NaN,NaN,NaN,-34.63892533333333,17.49377683333333
759.898,4.062070338237232,34.42587477319705,32.46355060535959,195.39486995605463,2026-06-25 04:19:54.381967,NaN,NaN,NaN,-34.63892533333333,17.49377683333333
760.3180000000001,4.056975739803787,34.42637431228751,32.460042058053546,194.99815596562163,2026-06-25 04:19:54.232006,NaN,NaN,NaN,-34.63892533333333,17.49377683333333
760.42,4.060286479337895,34.427383582755546,32.462322361588576,195.1492222327249,2026-06-25 04:19:54.331980,NaN,NaN,NaN,-34.63892533333333,17.49377683333333
760.97,4.054592673219817,34.42840278246147,32.45860843498497,194.66091185236067,2026-06-25 04:19:54.132032,NaN,NaN,NaN,-34.63892533333333,17.49377683333333
761.167,4.054166915720007,34.42891719919987,32.4586795479766,194.66076228255122,2026-06-25 04:19:54.082045,NaN,NaN,NaN,-34.63892533333333,17.49377683333333
761.2815,4.054662444078135,34.42969437109134,32.4600486793415,194.37901729471932,2026-06-25 04:19:54.007065,NaN,NaN,NaN,-34.63892533333333,17.49377683333333
761.7139999999999,4.057101181296561,34.43073946746513,32.46379711356184,194.07827530314026,2026-06-25 04:19:53.907091,NaN,NaN,NaN,-34.63892533333333,17.49377683333333
762.064,4.059966757472138,34.431529630919556,32.4675933675961,193.783520215242,2026-06-25 04:19:53.832110,NaN,NaN,NaN,-34.63892533333333,17.49377683333333
762.2405,4.063348284430795,34.4323257395244,32.471686857201874,193.75550000837111,2026-06-25 04:19:53.757130,NaN,NaN,NaN,-34.63892533333333,17.49377683333333
762.683,4.070909145862059,34.433394563121624,32.48005327435907,193.4365320143951,2026-06-25 04:19:53.582175,NaN,NaN,NaN,-34.63892533333333,17.49377683333333
762.8889999999999,4.067852636952937,34.434201285536545,32.4767831853758,193.45627222850803,2026-06-25 04:19:53.657156,NaN,NaN,NaN,-34.63892533333333,17.49377683333333
763.36,4.07268827000727,34.434741593063585,32.481884439989166,193.16248461704294,2026-06-25 04:19:53.532188,NaN,NaN,NaN,-34.63892533333333,17.49377683333333
763.501,4.075665301657768,34.43582723061387,32.48474904790968,193.01211323550942,2026-06-25 04:19:53.432215,NaN,NaN,NaN,-34.63892533333333,17.49377683333333
763.641,4.07570705805998,34.435827958472565,32.48483425654073,193.15564964705584,2026-06-25 04:19:53.432215,NaN,NaN,NaN,-34.63892533333333,17.49377683333333
764.074,4.079850294791459,34.43691868612672,32.48819307855629,192.58143423630725,2026-06-25 04:19:53.282254,NaN,NaN,NaN,-34.63892533333333,17.49377683333333
764.232,4.078408348934143,34.43746624771675,32.487121257015986,192.86087012602613,2026-06-25 04:19:53.332241,NaN,NaN,NaN,-34.63892533333333,17.49377683333333
764.415,4.081465600708749,34.438014836711375,32.489351332943855,192.30682982023595,2026-06-25 04:19:53.232267,NaN,NaN,NaN,-34.63892533333333,17.49377683333333
764.735,4.085698703370929,34.43911466925581,32.49254169026538,192.2808543269092,2026-06-25 04:19:53.132293,NaN,NaN,NaN,-34.63892533333333,17.49377683333333
765.214,4.09137163243259,34.440216354898865,32.497193163354595,191.9621485159538,2026-06-25 04:19:53.032319,NaN,NaN,NaN,-34.63892533333333,17.49377683333333
765.523,4.104451267668134,34.44076770846298,32.50945991088605,191.06423789222765,2026-06-25 04:19:52.882358,NaN,NaN,NaN,-34.63892533333333,17.49377683333333
765.749,4.0994753668921335,34.441319110333204,32.504590290442565,191.36775477225598,2026-06-25 04:19:52.932345,NaN,NaN,NaN,-34.63892533333333,17.49377683333333
765.816,4.095117114551982,34.441870382933494,32.50052240327499,191.66754436797473,2026-06-25 04:19:52.982332,NaN,NaN,NaN,-34.63892533333333,17.49377683333333
766.113,4.116138491933248,34.44242134499464,32.52171693678325,190.96953449810238,2026-06-25 04:19:52.782384,NaN,NaN,NaN,-34.63892533333333,17.49377683333333
766.196,4.110022342602021,34.442971811734985,32.5151686868521,191.0195474438184,2026-06-25 04:19:52.832371,NaN,NaN,NaN,-34.63892533333333,17.49377683333333
766.4365,4.126179783135322,34.44379604938398,32.53305046095402,190.48459401166969,2026-06-25 04:19:52.707403,NaN,NaN,NaN,-34.63892533333333,17.49377683333333
766.899,4.14388459148105,34.444618343594314,32.554218790419846,189.96128887377034,2026-06-25 04:19:52.582436,NaN,NaN,NaN,-34.63892533333333,17.49377683333333
767.079,4.136756971663745,34.445164917848025,32.54552656086751,190.27875548361664,2026-06-25 04:19:52.632423,NaN,NaN,NaN,-34.63892533333333,17.49377683333333
767.244,4.150835194471997,34.445710027172,32.5628005606016,189.88448276690417,2026-06-25 04:19:52.532449,NaN,NaN,NaN,-34.63892533333333,17.49377683333333
767.498,4.160425191734749,34.446524256434316,32.57459082634003,189.68757540199442,2026-06-25 04:19:52.457469,NaN,NaN,NaN,-34.63892533333333,17.49377683333333
767.747,4.173176279607912,34.44733454034999,32.58984741604134,189.75017296061603,2026-06-25 04:19:52.332501,NaN,NaN,NaN,-34.63892533333333,17.49377683333333
767.928,4.176760073422042,34.44787175571593,32.593975412636354,189.72839928498308,2026-06-25 04:19:52.282514,NaN,NaN,NaN,-34.63892533333333,17.49377683333333
768.014,4.168724439865572,34.44840648088003,32.58460825862298,189.77761991210116,2026-06-25 04:19:52.382488,NaN,NaN,NaN,-34.63892533333333,17.49377683333333
768.303,4.180528207758557,34.449203065195945,32.59817554718191,189.71566159579288,2026-06-25 04:19:52.207534,NaN,NaN,NaN,-34.63892533333333,17.49377683333333
768.784,4.182960225537677,34.449993621104525,32.600763300034046,189.71371745473832,2026-06-25 04:19:52.132553,NaN,NaN,NaN,-34.63892533333333,17.49377683333333
768.992,4.185243406471297,34.450775852466435,32.602823629383856,189.69473031245926,2026-06-25 04:19:51.982592,NaN,NaN,NaN,-34.63892533333333,17.49377683333333
769.0895,4.184289368899737,34.4515507931854,32.60202898778272,189.70355775270687,2026-06-25 04:19:52.057573,NaN,NaN,NaN,-34.63892533333333,17.49377683333333
769.7175,4.186311237111084,34.45231583455137,32.603736544860084,189.43555950973584,2026-06-25 04:19:51.907612,NaN,NaN,NaN,-34.63892533333333,17.49377683333333
769.834,4.189355694177764,34.453072331158765,32.60685257700769,189.14822130108922,2026-06-25 04:19:51.782644,NaN,NaN,NaN,-34.63892533333333,17.49377683333333
770.07,4.187853045858983,34.453570621147634,32.60524396683016,189.42368026059972,2026-06-25 04:19:51.832631,NaN,NaN,NaN,-34.63892533333333,17.49377683333333
770.254,4.191283796635366,34.454064124212934,32.609001182632085,189.12009563652637,2026-06-25 04:19:51.732658,NaN,NaN,NaN,-34.63892533333333,17.49377683333333
770.4825000000001,4.196508121529829,34.45503326691146,32.615122377365935,188.8147351281172,2026-06-25 04:19:51.632684,NaN,NaN,NaN,-34.63892533333333,17.49377683333333
770.707,4.196366847002156,34.45503596103525,32.61490773238906,188.82032224792002,2026-06-25 04:19:51.632684,NaN,NaN,NaN,-34.63892533333333,17.49377683333333
771.1,4.205695959453648,34.456449839651526,32.62660168337432,188.74085667258845,2026-06-25 04:19:51.482723,NaN,NaN,NaN,-34.63892533333333,17.49377683333333
771.316,4.205754438667683,34.45645282255318,32.62660206578407,188.74392354928295,2026-06-25 04:19:51.482723,NaN,NaN,NaN,-34.63892533333333,17.49377683333333
771.472,4.2116649129721235,34.457367889111026,32.63465111871116,188.70484374983675,2026-06-25 04:19:51.382749,NaN,NaN,NaN,-34.63892533333333,17.49377683333333
771.903,4.215071990061091,34.45803681682136,32.639829100070614,188.692068204721,2026-06-25 04:19:51.307768,NaN,NaN,NaN,-34.63892533333333,17.49377683333333
772.171,4.2173782181322,34.45869254346468,32.64391504978152,188.67989241609132,2026-06-25 04:19:51.232788,NaN,NaN,NaN,-34.63892533333333,17.49377683333333
772.391,4.218024189120927,34.459120606896974,32.645694004610355,188.67516635252062,2026-06-25 04:19:51.182801,NaN,NaN,NaN,-34.63892533333333,17.49377683333333
773.1026666666667,4.216549192710375,34.45995305158596,32.64614433487785,188.6946175636407,2026-06-25 04:19:51.082827,NaN,NaN,NaN,-34.63892533333333,17.49377683333333
773.254,4.211867948820073,34.46076102636666,32.642892284218156,188.73595644742076,2026-06-25 04:19:50.982853,NaN,NaN,NaN,-34.63892533333333,17.49377683333333
773.587,4.207767426172782,34.461152402384435,32.639190558422854,188.78150418212562,2026-06-25 04:19:50.932866,NaN,NaN,NaN,-34.63892533333333,17.49377683333333
773.866,4.2025895393951265,34.46153599667215,32.63418970804315,188.8253843301148,2026-06-25 04:19:50.882879,NaN,NaN,NaN,-34.63892533333333,17.49377683333333
774.143,4.196390477068332,34.461911673553914,32.62793967911817,189.13771330686518,2026-06-25 04:19:50.832892,NaN,NaN,NaN,-34.63892533333333,17.49377683333333
774.2909999999999,4.1853773890177575,34.46245903182184,32.61645986518988,189.24710141673083,2026-06-25 04:19:50.757912,NaN,NaN,NaN,-34.63892533333333,17.49377683333333
774.449,4.173174323863716,34.46298992822434,32.60354615598225,189.10108881505752,2026-06-25 04:19:50.682931,NaN,NaN,NaN,-34.63892533333333,17.49377683333333
774.731,4.160596274443405,34.463499821492036,32.59015564849129,189.1910645312512,2026-06-25 04:19:50.607951,NaN,NaN,NaN,-34.63892533333333,17.49377683333333
775.3433333333332,4.140636439838036,34.464406375215695,32.56898775731475,188.86330954067603,2026-06-25 04:19:50.466321,NaN,NaN,NaN,-34.63892533333333,17.49377683333333
775.493,4.135966532888327,34.4646176990668,32.56405074810794,188.8485951624867,2026-06-25 04:19:50.432996,NaN,NaN,NaN,-34.63892533333333,17.49377683333333
775.9375,4.127128423707525,34.46534799350497,32.55489653440533,188.3682292114662,2026-06-25 04:19:50.308029,NaN,NaN,NaN,-34.63892533333333,17.49377683333333
776.156,4.126050834393431,34.46576091945173,32.55429645533522,188.09022857572825,2026-06-25 04:19:50.183061,NaN,NaN,NaN,-34.63892533333333,17.49377683333333
776.354,4.125530472040313,34.466024054930465,32.553447511983066,188.1030976032727,2026-06-25 04:19:50.233048,NaN,NaN,NaN,-34.63892533333333,17.49377683333333
776.813,4.127558649420801,34.46627801922373,32.55632675143454,187.81664076518243,2026-06-25 04:19:50.133074,NaN,NaN,NaN,-34.63892533333333,17.49377683333333
777.0950000000001,4.1328771322236415,34.466755194295544,32.56327780095993,187.51597585193883,2026-06-25 04:19:50.033101,NaN,NaN,NaN,-34.63892533333333,17.49377683333333
777.4385,4.141264683337546,34.467305312883056,32.574351859141586,187.32140424799633,2026-06-25 04:19:49.908133,NaN,NaN,NaN,-34.63892533333333,17.49377683333333
777.686,4.146423981674091,34.467607502616865,32.581279618941196,187.1552714161491,2026-06-25 04:19:49.833153,NaN,NaN,NaN,-34.63892533333333,17.49377683333333
778.047,4.149574560924412,34.467796566267104,32.58555184445081,187.13157551885854,2026-06-25 04:19:49.783166,NaN,NaN,NaN,-34.63892533333333,17.49377683333333
778.44,4.155293543582083,34.46822288287167,32.59367247889829,187.10538252058598,2026-06-25 04:19:49.658198,NaN,NaN,NaN,-34.63892533333333,17.49377683333333
779.077,4.158389774396719,34.468669991398976,32.59926559973261,187.10065703813686,2026-06-25 04:19:49.508237,NaN,NaN,NaN,-34.63892533333333,17.49377683333333
779.244,4.158019259814754,34.468861607754626,32.60007967963238,187.11413688264645,2026-06-25 04:19:49.433257,NaN,NaN,NaN,-34.63892533333333,17.49377683333333
779.497,4.157119439880575,34.468977334299666,32.59995626243349,187.37847356784417,2026-06-25 04:19:49.383270,NaN,NaN,NaN,-34.63892533333333,17.49377683333333
779.741,4.154109716904044,34.469084134152816,32.59833094495523,187.40924514561746,2026-06-25 04:19:49.283296,NaN,NaN,NaN,-34.63892533333333,17.49377683333333
779.804,4.155796452382485,34.46918208541222,32.5993669304915,187.13450212527442,2026-06-25 04:19:49.333283,NaN,NaN,NaN,-34.63892533333333,17.49377683333333
780.105,4.152119385877505,34.46927127349133,32.59687177680401,187.4240843995164,2026-06-25 04:19:49.233309,NaN,NaN,NaN,-34.63892533333333,17.49377683333333
780.3105,4.148689131353601,34.46938776454327,32.59395769268728,187.46407387518505,2026-06-25 04:19:49.158329,NaN,NaN,NaN,-34.63892533333333,17.49377683333333
780.584,4.142486583890157,34.46948722136,32.58807990357318,187.5111081011232,2026-06-25 04:19:49.033361,NaN,NaN,NaN,-34.63892533333333,17.49377683333333
780.677,4.144995489540281,34.469542355153735,32.590529226475994,187.50349615696828,2026-06-25 04:19:49.083348,NaN,NaN,NaN,-34.63892533333333,17.49377683333333
780.923,4.14002876120414,34.46958926042891,32.585625010585964,187.53103197340613,2026-06-25 04:19:48.983374,NaN,NaN,NaN,-34.63892533333333,17.49377683333333
781.278,4.136522503033206,34.469643484416494,32.58204240909799,187.55743122796304,2026-06-25 04:19:48.908394,NaN,NaN,NaN,-34.63892533333333,17.49377683333333
781.553,4.133182286129303,34.46968191774465,32.5785852007642,187.5793839767708,2026-06-25 04:19:48.833413,NaN,NaN,NaN,-34.63892533333333,17.49377683333333
781.952,4.12882934648411,34.46969801628187,32.574156214440166,187.8736307637976,2026-06-25 04:19:48.733439,NaN,NaN,NaN,-34.63892533333333,17.49377683333333
782.085,4.126583692949196,34.46969801628187,32.57198891173709,187.9094220869476,2026-06-25 04:19:48.683452,NaN,NaN,NaN,-34.63892533333333,17.49377683333333
782.2245,4.127626238295095,34.46969801628187,32.573098800370104,187.7625671605923,2026-06-25 04:19:48.708446,NaN,NaN,NaN,-34.63892533333333,17.49377683333333
782.5665,4.12046040567369,34.46967470450665,32.56664385231777,187.95504088935013,2026-06-25 04:19:48.558485,NaN,NaN,NaN,-34.63892533333333,17.49377683333333
782.937,4.11633943587786,34.46963712456848,32.56335338440332,187.99067091674522,2026-06-25 04:19:48.483504,NaN,NaN,NaN,-34.63892533333333,17.49377683333333
783.156,4.113275094371052,34.46960337837378,32.56097185038102,188.00645840422058,2026-06-25 04:19:48.433517,NaN,NaN,NaN,-34.63892533333333,17.49377683333333
783.518,4.109879336735936,34.4695633540701,32.55830627140077,188.03107688875073,2026-06-25 04:19:48.383531,NaN,NaN,NaN,-34.63892533333333,17.49377683333333
783.718,4.1014630074878555,34.46946527301979,32.55124236999691,188.23316582942675,2026-06-25 04:19:48.283557,NaN,NaN,NaN,-34.63892533333333,17.49377683333333
783.877,4.101744390089863,34.46946243993753,32.55157181698072,188.11408251449978,2026-06-25 04:19:48.283557,NaN,NaN,NaN,-34.63892533333333,17.49377683333333
784.303,4.082199482938729,34.469239523891325,32.53345464729754,188.5419230243871,2026-06-25 04:19:48.108602,NaN,NaN,NaN,-34.63892533333333,17.49377683333333
784.48,4.081805125832078,34.469234620975506,32.532986133461186,188.54213337715638,2026-06-25 04:19:48.108602,NaN,NaN,NaN,-34.63892533333333,17.49377683333333
784.97,4.065238007108443,34.469042008379766,32.516924081310364,188.6850678067678,2026-06-25 04:19:47.983635,NaN,NaN,NaN,-34.63892533333333,17.49377683333333
785.157,4.058246217054544,34.468954974927605,32.51015435444334,188.7309676393469,2026-06-25 04:19:47.933648,NaN,NaN,NaN,-34.63892533333333,17.49377683333333
785.524,4.051378958199357,34.46886384395858,32.503557258284175,188.79012725950486,2026-06-25 04:19:47.883661,NaN,NaN,NaN,-34.63892533333333,17.49377683333333
785.717,4.044760457866596,34.46876885212546,32.497246509109736,188.84672765054344,2026-06-25 04:19:47.833674,NaN,NaN,NaN,-34.63892533333333,17.49377683333333
785.9176666666667,4.032845398569168,34.46856719822342,32.48598347430269,188.6607802121958,2026-06-25 04:19:47.733700,NaN,NaN,NaN,-34.63892533333333,17.49377683333333
786.076,4.022631891873964,34.46835508699562,32.476399259013064,188.74019589085677,2026-06-25 04:19:47.633726,NaN,NaN,NaN,-34.63892533333333,17.49377683333333
786.7343333333333,4.015159288398675,34.468130624833286,32.46946697917715,188.7735213823192,2026-06-25 04:19:47.533752,NaN,NaN,NaN,-34.63892533333333,17.49377683333333
787.1,4.00965066616174,34.46789898849763,32.46436605648599,188.83328684718748,2026-06-25 04:19:47.433778,NaN,NaN,NaN,-34.63892533333333,17.49377683333333
787.5425,4.006603497172264,34.46765943307276,32.46146039015145,188.7179665756886,2026-06-25 04:19:47.333804,NaN,NaN,NaN,-34.63892533333333,17.49377683333333
787.691,4.005571488037741,34.467538206676565,32.460444214521935,188.59544254437932,2026-06-25 04:19:47.283817,NaN,NaN,NaN,-34.63892533333333,17.49377683333333
787.93,4.0043075383530615,34.46729347562977,32.459159529321774,188.60813123072535,2026-06-25 04:19:47.183843,NaN,NaN,NaN,-34.63892533333333,17.49377683333333
788.108,4.004054337754693,34.467170132234926,32.458927532286545,188.6109274788473,2026-06-25 04:19:47.133856,NaN,NaN,NaN,-34.63892533333333,17.49377683333333
788.222,4.0039323511915805,34.46704661534425,32.458862221342756,188.61259163482538,2026-06-25 04:19:47.083869,NaN,NaN,NaN,-34.63892533333333,17.49377683333333
788.6925,4.003924355911779,34.466861599787094,32.45898326381004,188.61216920615476,2026-06-25 04:19:47.008889,NaN,NaN,NaN,-34.63892533333333,17.49377683333333
789.0654999999999,4.004046529590946,34.46661654547053,32.45930775544447,188.61810390606132,2026-06-25 04:19:46.908915,NaN,NaN,NaN,-34.63892533333333,17.49377683333333
789.347,4.00414027648036,34.46643486791254,32.459563191135864,188.6248634595348,2026-06-25 04:19:46.833934,NaN,NaN,NaN,-34.63892533333333,17.49377683333333
789.7329999999998,4.0041808683777615,34.466159734454976,32.459788214625014,188.62406090612456,2026-06-25 04:19:46.717298,NaN,NaN,NaN,-34.63892533333333,17.49377683333333
789.988,4.00419530884162,34.46608096523633,32.459856648504804,188.62425041208817,2026-06-25 04:19:46.683974,NaN,NaN,NaN,-34.63892533333333,17.49377683333333
790.4784999999999,4.004049984489075,34.4657993550977,32.4597676077408,188.62935759176523,2026-06-25 04:19:46.559006,NaN,NaN,NaN,-34.63892533333333,17.49377683333333
790.626,4.003840834596427,34.46563708722617,32.45959220736641,188.64404929776575,2026-06-25 04:19:46.484026,NaN,NaN,NaN,-34.63892533333333,17.49377683333333
790.867,4.003661023615656,34.46553254680881,32.45943939308993,188.64701105942592,2026-06-25 04:19:46.434039,NaN,NaN,NaN,-34.63892533333333,17.49377683333333
791.2656666666667,4.003367709290272,34.46533373513895,32.4591199999712,188.6508003598986,2026-06-25 04:19:46.334065,NaN,NaN,NaN,-34.63892533333333,17.49377683333333
791.753,4.003233135793121,34.46510231131364,32.458793088599904,188.5191662549564,2026-06-25 04:19:46.209097,NaN,NaN,NaN,-34.63892533333333,17.49377683333333
792.148,4.003220722898885,34.464974682097655,32.45866614663858,188.64809941571832,2026-06-25 04:19:46.084130,NaN,NaN,NaN,-34.63892533333333,17.49377683333333
792.316,4.003235292991746,34.4648949969108,32.45868578501995,188.65260866946846,2026-06-25 04:19:46.134117,NaN,NaN,NaN,-34.63892533333333,17.49377683333333
792.434,4.003170258027518,34.46481957236728,32.45868258471109,188.39697551874121,2026-06-25 04:19:46.034143,NaN,NaN,NaN,-34.63892533333333,17.49377683333333
792.7075,4.002993468170727,34.46471535698903,32.45876108407013,188.65874056771463,2026-06-25 04:19:45.959162,NaN,NaN,NaN,-34.63892533333333,17.49377683333333
792.857,4.002711813192866,34.464620445814106,32.45887315547938,188.40283887707577,2026-06-25 04:19:45.884182,NaN,NaN,NaN,-34.63892533333333,17.49377683333333
793.101,4.00246860725418,34.46456361781838,32.45895446182974,188.41833646654348,2026-06-25 04:19:45.834195,NaN,NaN,NaN,-34.63892533333333,17.49377683333333
793.285,4.002205226436174,34.46451179781994,32.45902736657859,188.41806306548153,2026-06-25 04:19:45.784208,NaN,NaN,NaN,-34.63892533333333,17.49377683333333
793.566,4.001946862252253,34.46446511713868,32.459083453079565,188.6786811308744,2026-06-25 04:19:45.734221,NaN,NaN,NaN,-34.63892533333333,17.49377683333333
793.7255,4.00162227866345,34.46440568417472,32.4591227414184,188.42145044615725,2026-06-25 04:19:45.659241,NaN,NaN,NaN,-34.63892533333333,17.49377683333333
794.3056666666666,4.001243145316873,34.4643340925972,32.459055459529345,188.42468344594832,2026-06-25 04:19:45.534273,NaN,NaN,NaN,-34.63892533333333,17.49377683333333
794.697,4.000981880107632,34.464299511611586,32.45890915446634,188.4295154525106,2026-06-25 04:19:45.434299,NaN,NaN,NaN,-34.63892533333333,17.49377683333333
795.142,4.000680222681616,34.464299511611586,32.45875034879183,188.44380882614166,2026-06-25 04:19:45.334325,NaN,NaN,NaN,-34.63892533333333,17.49377683333333
795.309,4.000677983740978,34.464299511611586,32.45876046808668,188.44213561563112,2026-06-25 04:19:45.334325,NaN,NaN,NaN,-34.63892533333333,17.49377683333333
795.5485000000001,4.000286597491552,34.46431361447756,32.45866931244392,188.44743210466038,2026-06-25 04:19:45.209358,NaN,NaN,NaN,-34.63892533333333,17.49377683333333
795.844,3.9999135608907013,34.4643448293797,32.458725931667125,188.44387225111115,2026-06-25 04:19:45.084390,NaN,NaN,NaN,-34.63892533333333,17.49377683333333
796.024,4.000064912824748,34.464373959641954,32.45869217482944,188.44464082850126,2026-06-25 04:19:45.134377,NaN,NaN,NaN,-34.63892533333333,17.49377683333333
796.4784999999999,3.99964529122247,34.464430250376346,32.45875428643659,188.46562586627334,2026-06-25 04:19:45.009410,NaN,NaN,NaN,-34.63892533333333,17.49377683333333
796.708,3.999326910307408,34.46449920824233,32.458720581631994,188.46275517337705,2026-06-25 04:19:44.934430,NaN,NaN,NaN,-34.63892533333333,17.49377683333333
796.835,3.9990959075821353,34.46455365913015,32.45864803218625,188.46172414136188,2026-06-25 04:19:44.884443,NaN,NaN,NaN,-34.63892533333333,17.49377683333333
797.026,3.9988593722404584,34.46461448472307,32.45854890338867,188.4673873469445,2026-06-25 04:19:44.834456,NaN,NaN,NaN,-34.63892533333333,17.49377683333333
797.56,3.998478761991084,34.46471847980526,32.45839108393587,188.34351241318342,2026-06-25 04:19:44.759475,NaN,NaN,NaN,-34.63892533333333,17.49377683333333
797.646,3.998060137170135,34.46483521872067,32.45825777773415,188.48820226497395,2026-06-25 04:19:44.684495,NaN,NaN,NaN,-34.63892533333333,17.49377683333333
797.827,3.9977657777579894,34.464921518651316,32.45819466671154,188.22494290535414,2026-06-25 04:19:44.634508,NaN,NaN,NaN,-34.63892533333333,17.49377683333333
798.175,3.997481908013622,34.4650141477358,32.45815160659932,188.23207828266516,2026-06-25 04:19:44.584521,NaN,NaN,NaN,-34.63892533333333,17.49377683333333
798.402,3.9971204987873015,34.46516567413941,32.458120970847745,188.23234997640134,2026-06-25 04:19:44.509540,NaN,NaN,NaN,-34.63892533333333,17.49377683333333
798.771,3.996839353921517,34.46532968845403,32.458113572744914,188.23341895535543,2026-06-25 04:19:44.434560,NaN,NaN,NaN,-34.63892533333333,17.49377683333333
798.856,3.9966987409865595,34.46544728063771,32.45811506780723,187.98123107321953,2026-06-25 04:19:44.384573,NaN,NaN,NaN,-34.63892533333333,17.49377683333333
799.1334999999999,3.996535778402575,34.465635879858056,32.45811745939869,187.9855671976293,2026-06-25 04:19:44.309592,NaN,NaN,NaN,-34.63892533333333,17.49377683333333
799.306,3.9964187596731455,34.46583653268116,32.45812870237029,187.72044428787572,2026-06-25 04:19:44.234612,NaN,NaN,NaN,-34.63892533333333,17.49377683333333
799.729,3.9963525017963075,34.46612574994472,32.45819996979957,187.73000254338135,2026-06-25 04:19:44.134638,NaN,NaN,NaN,-34.63892533333333,17.49377683333333
799.8744999999999,3.9963600434699726,34.46612862913639,32.45820959269717,187.86076578890464,2026-06-25 04:19:44.134638,NaN,NaN,NaN,-34.63892533333333,17.49377683333333
800.332,3.9963413144892614,34.46652026013158,32.45838574272133,187.73148568664067,2026-06-25 04:19:44.009671,NaN,NaN,NaN,-34.63892533333333,17.49377683333333
800.523,3.996251166885723,34.46677252770417,32.45858164391738,187.7392784490294,2026-06-25 04:19:43.884703,NaN,NaN,NaN,-34.63892533333333,17.49377683333333
800.681,3.9963094308505265,34.46694789666858,32.45850920342341,187.73397770952667,2026-06-25 04:19:43.934690,NaN,NaN,NaN,-34.63892533333333,17.49377683333333
801.09,3.9960471639638344,34.46731428415583,32.4586868061442,187.4838341420044,2026-06-25 04:19:43.784729,NaN,NaN,NaN,-34.63892533333333,17.49377683333333
801.251,3.9960534091092947,34.46731679315804,32.45869285299016,187.48971930955275,2026-06-25 04:19:43.784729,NaN,NaN,NaN,-34.63892533333333,17.49377683333333
801.565,3.9958008193858476,34.46770073893991,32.45875632238185,187.22835928775842,2026-06-25 04:19:43.684755,NaN,NaN,NaN,-34.63892533333333,17.49377683333333
801.674,3.9956577843904926,34.46790117432664,32.45877158819723,187.23575955019413,2026-06-25 04:19:43.634768,NaN,NaN,NaN,-34.63892533333333,17.49377683333333
801.971,3.9954880856513353,34.468106236832426,32.45877796459422,187.23261744144332,2026-06-25 04:19:43.584781,NaN,NaN,NaN,-34.63892533333333,17.49377683333333
802.133,3.9952746064998728,34.468315787439565,32.458775587681394,187.23465835341696,2026-06-25 04:19:43.534794,NaN,NaN,NaN,-34.63892533333333,17.49377683333333
802.237,3.994999313770218,34.46852968303756,32.4587643565129,187.239547784365,2026-06-25 04:19:43.484807,NaN,NaN,NaN,-34.63892533333333,17.49377683333333
802.549,3.9946442376132283,34.46874777658998,32.4587458418236,186.98833251834535,2026-06-25 04:19:43.434820,NaN,NaN,NaN,-34.63892533333333,17.49377683333333
802.712,3.9941962127748063,34.468969917304875,32.458723391007446,186.99142572852352,2026-06-25 04:19:43.384833,NaN,NaN,NaN,-34.63892533333333,17.49377683333333
802.914,3.9930134908507697,34.46919595080868,32.458679330678216,186.7433646463909,2026-06-25 04:19:43.284860,NaN,NaN,NaN,-34.63892533333333,17.49377683333333
803.024,3.9936511413133524,34.46942571932326,32.45870041302597,186.99284324352647,2026-06-25 04:19:43.334847,NaN,NaN,NaN,-34.63892533333333,17.49377683333333
803.3710000000001,3.991518483625379,34.46989581433202,32.458666308578096,186.6379423571425,2026-06-25 04:19:43.184886,NaN,NaN,NaN,-34.63892533333333,17.49377683333333
803.419,3.991524622643826,34.46989743586322,32.458657069736226,186.5110645272008,2026-06-25 04:19:43.184886,NaN,NaN,NaN,-34.63892533333333,17.49377683333333
804.037,3.9896679144021356,34.47050186416279,32.45874722139447,186.26809000806406,2026-06-25 04:19:43.059918,NaN,NaN,NaN,-34.63892533333333,17.49377683333333
804.2555,3.9885991488812147,34.4709991711197,32.45898111898754,186.27408226213277,2026-06-25 04:19:42.959944,NaN,NaN,NaN,-34.63892533333333,17.49377683333333
804.519,3.988122644835635,34.4713784158381,32.459266600361396,186.0195282356621,2026-06-25 04:19:42.884964,NaN,NaN,NaN,-34.63892533333333,17.49377683333333
804.611,3.9879693826027753,34.47163422871758,32.45951782965264,186.0145857480805,2026-06-25 04:19:42.834977,NaN,NaN,NaN,-34.63892533333333,17.49377683333333
804.926,3.987921709832849,34.47189205233049,32.45981560908919,186.0200936098544,2026-06-25 04:19:42.784990,NaN,NaN,NaN,-34.63892533333333,17.49377683333333
805.1165,3.9880183629205117,34.47228235147523,32.46036171395804,186.0237625768898,2026-06-25 04:19:42.710009,NaN,NaN,NaN,-34.63892533333333,17.49377683333333
805.9010000000001,3.9885536348257613,34.4729403245923,32.46156248771575,185.90020758871142,2026-06-25 04:19:42.585042,NaN,NaN,NaN,-34.63892533333333,17.49377683333333
806.049,3.988887570047706,34.47320534604597,32.46213178350151,185.8935216617581,2026-06-25 04:19:42.535055,NaN,NaN,NaN,-34.63892533333333,17.49377683333333
806.383,3.989725236040614,34.473737640301756,32.46338330545001,185.75294883240892,2026-06-25 04:19:42.435081,NaN,NaN,NaN,-34.63892533333333,17.49377683333333
806.712,3.9902038978674192,34.474004896847376,32.46404330817644,185.75618246488787,2026-06-25 04:19:42.385094,NaN,NaN,NaN,-34.63892533333333,17.49377683333333
806.97,3.9910479146125297,34.47454023151508,32.4652856448029,185.75079530469066,2026-06-25 04:19:42.285120,NaN,NaN,NaN,-34.63892533333333,17.49377683333333
807.0455,3.9910072381671218,34.47454024671684,32.4652570638276,185.62502571228123,2026-06-25 04:19:42.285120,NaN,NaN,NaN,-34.63892533333333,17.49377683333333
807.194,3.9915815217751334,34.4750754757696,32.466304287544475,185.49641627878142,2026-06-25 04:19:42.185146,NaN,NaN,NaN,-34.63892533333333,17.49377683333333
807.503,3.9917260306823135,34.47534258428267,32.46670317156605,185.50400867289576,2026-06-25 04:19:42.135159,NaN,NaN,NaN,-34.63892533333333,17.49377683333333
807.8315,3.9918352870234806,34.47574199462431,32.46714675442254,185.50419128006723,2026-06-25 04:19:42.060179,NaN,NaN,NaN,-34.63892533333333,17.49377683333333
808.2495,3.991906963569855,34.47627155364998,32.467519189324165,185.499062281337,2026-06-25 04:19:41.960205,NaN,NaN,NaN,-34.63892533333333,17.49377683333333
808.507,3.991935641766249,34.47666581503452,32.4676944576129,185.50054486396235,2026-06-25 04:19:41.885224,NaN,NaN,NaN,-34.63892533333333,17.49377683333333
808.623,3.9919257357559266,34.476926754744206,32.46779263742453,185.24538042904368,2026-06-25 04:19:41.835237,NaN,NaN,NaN,-34.63892533333333,17.49377683333333
809.104,3.9918399025835667,34.477314797248965,32.46795650560332,185.253739721393,2026-06-25 04:19:41.760257,NaN,NaN,NaN,-34.63892533333333,17.49377683333333
809.344,3.991696889242619,34.477699051670164,32.46817089296513,185.26039165571754,2026-06-25 04:19:41.685276,NaN,NaN,NaN,-34.63892533333333,17.49377683333333
809.676,3.991594343409422,34.477952420400314,32.4683701033964,185.26626764088778,2026-06-25 04:19:41.635290,NaN,NaN,NaN,-34.63892533333333,17.49377683333333
809.8165,3.991499204844477,34.47832778802746,32.46878394225389,185.00733002131437,2026-06-25 04:19:41.560309,NaN,NaN,NaN,-34.63892533333333,17.49377683333333
810.032,3.9914947541882992,34.4786980772157,32.469313290879334,185.00713607714434,2026-06-25 04:19:41.485329,NaN,NaN,NaN,-34.63892533333333,17.49377683333333
810.2755,3.9915683292473503,34.47906144574172,32.46993024913402,185.00682948537863,2026-06-25 04:19:41.410348,NaN,NaN,NaN,-34.63892533333333,17.49377683333333
810.455,3.9916171257533097,34.47941883388614,32.47053103874923,185.00310264764113,2026-06-25 04:19:41.335368,NaN,NaN,NaN,-34.63892533333333,17.49377683333333
810.9229999999999,3.9913415355218405,34.47988240043738,32.471061491069264,184.79744631852685,2026-06-25 04:19:41.235394,NaN,NaN,NaN,-34.63892533333333,17.49377683333333
811.279,3.9905487262491506,34.480334384903216,32.471214450117834,185.02553573954577,2026-06-25 04:19:41.135420,NaN,NaN,NaN,-34.63892533333333,17.49377683333333
811.671,3.989838945803697,34.48055426362593,32.47107038150035,185.0346582613029,2026-06-25 04:19:41.085433,NaN,NaN,NaN,-34.63892533333333,17.49377683333333
811.895,3.9889481162317173,34.48077028946843,32.47079232808307,184.78801010384942,2026-06-25 04:19:41.035446,NaN,NaN,NaN,-34.63892533333333,17.49377683333333
812.0465,3.987324823523598,34.481086331697554,32.47013235710908,184.80365170788227,2026-06-25 04:19:40.960465,NaN,NaN,NaN,-34.63892533333333,17.49377683333333
812.521,3.9842286191403375,34.481394099919136,32.46858819654323,184.8315488714518,2026-06-25 04:19:40.835498,NaN,NaN,NaN,-34.63892533333333,17.49377683333333
812.665,3.985506841172383,34.481593586810035,32.469268583073365,184.82071993405575,2026-06-25 04:19:40.885485,NaN,NaN,NaN,-34.63892533333333,17.49377683333333
812.8655,3.9823206041753307,34.48188398206959,32.46747193067374,184.848318924722,2026-06-25 04:19:40.760518,NaN,NaN,NaN,-34.63892533333333,17.49377683333333
813.041,3.98050423351977,34.4821653111316,32.46631487857306,184.8665781453904,2026-06-25 04:19:40.685537,NaN,NaN,NaN,-34.63892533333333,17.49377683333333
813.497,3.97940176746345,34.48234667524047,32.46555306059725,184.87500807259977,2026-06-25 04:19:40.635550,NaN,NaN,NaN,-34.63892533333333,17.49377683333333
813.6655000000001,3.977961618977778,34.482609198941766,32.4644816691041,184.7534963523276,2026-06-25 04:19:40.560570,NaN,NaN,NaN,-34.63892533333333,17.49377683333333
813.856,3.976728111490642,34.48286201781389,32.463517248824196,184.63425639532215,2026-06-25 04:19:40.485589,NaN,NaN,NaN,-34.63892533333333,17.49377683333333
814.115,3.9760103954182036,34.48302398222677,32.4629591543833,184.63937442592865,2026-06-25 04:19:40.435602,NaN,NaN,NaN,-34.63892533333333,17.49377683333333
814.293,3.9750080491390483,34.48325687675175,32.46224471458053,184.78006271853744,2026-06-25 04:19:40.360622,NaN,NaN,NaN,-34.63892533333333,17.49377683333333
814.6155,3.973683899414538,34.48355038988665,32.461453545109805,184.92181275973795,2026-06-25 04:19:40.260648,NaN,NaN,NaN,-34.63892533333333,17.49377683333333
815.1103333333334,3.971898606764013,34.483887009518334,32.46063841815869,184.93918111562522,2026-06-25 04:19:40.135680,NaN,NaN,NaN,-34.63892533333333,17.49377683333333
815.535,3.9702481520927546,34.484135277703245,32.45997295856095,184.9575518915748,2026-06-25 04:19:40.035706,NaN,NaN,NaN,-34.63892533333333,17.49377683333333
815.858,3.969261062654985,34.484250578318786,32.459549273710515,184.96446729501972,2026-06-25 04:19:39.985719,NaN,NaN,NaN,-34.63892533333333,17.49377683333333
816.0985000000001,3.9674907423111865,34.484412873936904,32.45865020612371,184.9801964462215,2026-06-25 04:19:39.910739,NaN,NaN,NaN,-34.63892533333333,17.49377683333333
816.3315,3.964457645859582,34.484611474534454,32.45671630146239,185.00751799135742,2026-06-25 04:19:39.810765,NaN,NaN,NaN,-34.63892533333333,17.49377683333333
816.7305,3.9603337763748554,34.48478872803072,32.45349366778645,185.03508358497092,2026-06-25 04:19:39.710791,NaN,NaN,NaN,-34.63892533333333,17.49377683333333
817.435,3.956410028439326,34.48490836241971,32.45008006628927,185.07337636720487,2026-06-25 04:19:39.635811,NaN,NaN,NaN,-34.63892533333333,17.49377683333333
817.614,3.94978276527616,34.48504672527156,32.443912033220236,185.14043623874758,2026-06-25 04:19:39.535837,NaN,NaN,NaN,-34.63892533333333,17.49377683333333
818.029,3.942254078561101,34.48516761169561,32.436704927137534,185.2078847299738,2026-06-25 04:19:39.435863,NaN,NaN,NaN,-34.63892533333333,17.49377683333333
818.373,3.9343525546857134,34.485263498890305,32.428974368797974,185.26722367779502,2026-06-25 04:19:39.335889,NaN,NaN,NaN,-34.63892533333333,17.49377683333333
818.5275,3.934422704847174,34.48526604572967,32.429047637208384,185.26816752964172,2026-06-25 04:19:39.335889,NaN,NaN,NaN,-34.63892533333333,17.49377683333333
818.788,3.9269891405926054,34.48534410891539,32.42180435445827,185.3217446193972,2026-06-25 04:19:39.235915,NaN,NaN,NaN,-34.63892533333333,17.49377683333333
819.1725,3.922167227698794,34.48538890960945,32.417245149639655,185.2262423088288,2026-06-25 04:19:39.160934,NaN,NaN,NaN,-34.63892533333333,17.49377683333333
819.386,3.916733926589661,34.48543232567005,32.41231238072268,185.39380441038918,2026-06-25 04:19:39.060961,NaN,NaN,NaN,-34.63892533333333,17.49377683333333
819.719,3.913403160477694,34.485452881032565,32.40943029222395,185.1617943725518,2026-06-25 04:19:38.985980,NaN,NaN,NaN,-34.63892533333333,17.49377683333333
819.795,3.9115578455646487,34.48545522485396,32.40788276985037,185.17070335411026,2026-06-25 04:19:38.935993,NaN,NaN,NaN,-34.63892533333333,17.49377683333333
820.0305,3.9093065403213787,34.48545522485396,32.40599682526417,185.19482629556606,2026-06-25 04:19:38.861013,NaN,NaN,NaN,-34.63892533333333,17.49377683333333
820.383,3.9075300694923123,34.48545522485396,32.40444752417085,185.2087098613833,2026-06-25 04:19:38.786032,NaN,NaN,NaN,-34.63892533333333,17.49377683333333
820.6845000000001,3.906292411274643,34.48543722097571,32.40322236967917,185.21373605952365,2026-06-25 04:19:38.711052,NaN,NaN,NaN,-34.63892533333333,17.49377683333333
821.039,3.905428001215529,34.48541069913538,32.40223103920159,185.2265925819405,2026-06-25 04:19:38.636071,NaN,NaN,NaN,-34.63892533333333,17.49377683333333
821.227,3.9047765324186186,34.485387482596046,32.40133777564832,185.48086906929686,2026-06-25 04:19:38.536097,NaN,NaN,NaN,-34.63892533333333,17.49377683333333
821.41,3.9050495121650894,34.485360225345374,32.401727321235825,185.23138692367354,2026-06-25 04:19:38.586084,NaN,NaN,NaN,-34.63892533333333,17.49377683333333
821.608,3.9045780463588584,34.48532901844448,32.401051098212285,185.23516244785654,2026-06-25 04:19:38.486110,NaN,NaN,NaN,-34.63892533333333,17.49377683333333
821.855,3.904424281739121,34.48529395484261,32.40084956076124,185.23791473976226,2026-06-25 04:19:38.436123,NaN,NaN,NaN,-34.63892533333333,17.49377683333333
822.1015,3.9041221444296825,34.48521085413756,32.40061947612405,185.2398794350885,2026-06-25 04:19:38.336149,NaN,NaN,NaN,-34.63892533333333,17.49377683333333
822.469,3.9039314004351264,34.48516484476894,32.40052762866966,185.3717212267893,2026-06-25 04:19:38.286163,NaN,NaN,NaN,-34.63892533333333,17.49377683333333
822.836,3.9034216363209926,34.485064156035925,32.40034317615851,185.2537440176338,2026-06-25 04:19:38.186189,NaN,NaN,NaN,-34.63892533333333,17.49377683333333
823.051,3.9030404012602338,34.48500799428329,32.40021015857779,185.51920815503274,2026-06-25 04:19:38.136202,NaN,NaN,NaN,-34.63892533333333,17.49377683333333
823.3005,3.9023138172864282,34.48491747642166,32.39992562200199,185.39820145315943,2026-06-25 04:19:38.061221,NaN,NaN,NaN,-34.63892533333333,17.49377683333333
823.416,3.90145774019191,34.484820943320514,32.39955831492912,185.5295548512846,2026-06-25 04:19:37.986241,NaN,NaN,NaN,-34.63892533333333,17.49377683333333
823.739,3.9008181431037308,34.484752752617496,32.399273601394405,185.53516242933713,2026-06-25 04:19:37.936254,NaN,NaN,NaN,-34.63892533333333,17.49377683333333
823.9035,3.8993850300875765,34.48460824438564,32.39862745979932,185.55525117766751,2026-06-25 04:19:37.836280,NaN,NaN,NaN,-34.63892533333333,17.49377683333333
824.142,3.899403234564151,34.484606978697045,32.39864541947705,185.55409427408276,2026-06-25 04:19:37.836280,NaN,NaN,NaN,-34.63892533333333,17.49377683333333
824.5355,3.8974668456358064,34.48441318789342,32.39762266981282,185.5738464823124,2026-06-25 04:19:37.711312,NaN,NaN,NaN,-34.63892533333333,17.49377683333333
825.1025,3.8956444792692917,34.48420455030961,32.39610367385354,185.5854423227055,2026-06-25 04:19:37.586345,NaN,NaN,NaN,-34.63892533333333,17.49377683333333
825.312,3.8956307616346755,34.48420355264485,32.396143664457874,185.59630206538063,2026-06-25 04:19:37.586345,NaN,NaN,NaN,-34.63892533333333,17.49377683333333
825.5229999999999,3.8939702984265203,34.48398294251355,32.39418547390358,185.6088146526394,2026-06-25 04:19:37.461377,NaN,NaN,NaN,-34.63892533333333,17.49377683333333
825.9455,3.892149494579037,34.483845032245334,32.391797776650016,185.62670544475208,2026-06-25 04:19:37.311417,NaN,NaN,NaN,-34.63892533333333,17.49377683333333
826.054,3.8930249947312086,34.48370319963192,32.39294087901252,185.61777015582456,2026-06-25 04:19:37.386397,NaN,NaN,NaN,-34.63892533333333,17.49377683333333
826.515,3.8906642949197714,34.48355854557455,32.39007997844476,185.64144699245068,2026-06-25 04:19:37.161456,NaN,NaN,NaN,-34.63892533333333,17.49377683333333
826.617,3.8913542097033877,34.48341075666423,32.390818088657376,185.63632986384403,2026-06-25 04:19:37.236436,NaN,NaN,NaN,-34.63892533333333,17.49377683333333
826.821,3.8900332942652223,34.48326077047709,32.389514232250455,185.64716925741618,2026-06-25 04:19:37.086475,NaN,NaN,NaN,-34.63892533333333,17.49377683333333
827.3109999999999,3.8893954732607527,34.48310842112822,32.389065212654515,185.6527307602718,2026-06-25 04:19:37.011495,NaN,NaN,NaN,-34.63892533333333,17.49377683333333
827.5350000000001,3.888351202052773,34.48290272575509,32.38840348995774,185.665587026007,2026-06-25 04:19:36.911521,NaN,NaN,NaN,-34.63892533333333,17.49377683333333
827.829,3.8872919934759818,34.482746904044596,32.38771665432128,185.9278819685574,2026-06-25 04:19:36.836540,NaN,NaN,NaN,-34.63892533333333,17.49377683333333
828.2719999999999,3.8858418365665868,34.48258995852483,32.38671328647007,185.8191290744301,2026-06-25 04:19:36.761560,NaN,NaN,NaN,-34.63892533333333,17.49377683333333
828.473,3.88404263138359,34.4824324007189,32.38542756358663,185.97249463416338,2026-06-25 04:19:36.686579,NaN,NaN,NaN,-34.63892533333333,17.49377683333333
828.701,3.8810910578644413,34.48222175519472,32.38328910123819,186.00009475673116,2026-06-25 04:19:36.586606,NaN,NaN,NaN,-34.63892533333333,17.49377683333333
828.922,3.877827212046704,34.48222174660802,32.38094001387878,186.02575251788824,2026-06-25 04:19:36.486632,NaN,NaN,NaN,-34.63892533333333,17.49377683333333
829.043,3.88105256094068,34.48201115978417,32.383263182242615,186.00030319965174,2026-06-25 04:19:36.586606,NaN,NaN,NaN,-34.63892533333333,17.49377683333333
829.338,3.876167390648916,34.48190611380343,32.37975998866485,186.0492003896481,2026-06-25 04:19:36.436645,NaN,NaN,NaN,-34.63892533333333,17.49377683333333
829.774,3.874513301738096,34.48180134835572,32.378584873960904,186.0603808507316,2026-06-25 04:19:36.386658,NaN,NaN,NaN,-34.63892533333333,17.49377683333333
829.9285,3.872041172305087,34.481644972434,32.3767817886539,186.07301537148197,2026-06-25 04:19:36.311677,NaN,NaN,NaN,-34.63892533333333,17.49377683333333
830.5572499999998,3.866630113777333,34.4813360659342,32.37248530028678,186.11138771839174,2026-06-25 04:19:36.161716,NaN,NaN,NaN,-34.63892533333333,17.49377683333333
830.902,3.859708889723338,34.48103296330255,32.366412000987296,186.1769994382312,2026-06-25 04:19:36.011755,NaN,NaN,NaN,-34.63892533333333,17.49377683333333
831.521,3.8535303321253864,34.480835757342625,32.36051527907695,186.23306171548202,2026-06-25 04:19:35.911781,NaN,NaN,NaN,-34.63892533333333,17.49377683333333
831.671,3.848097662394521,34.480690528999205,32.355224511588396,186.28793249760867,2026-06-25 04:19:35.836801,NaN,NaN,NaN,-34.63892533333333,17.49377683333333
831.918,3.8441060401217735,34.48059527105689,32.351380480413475,186.5745825685932,2026-06-25 04:19:35.786814,NaN,NaN,NaN,-34.63892533333333,17.49377683333333
832.02,3.8399102105302605,34.48050126404181,32.34742277454392,186.6097875953413,2026-06-25 04:19:35.736827,NaN,NaN,NaN,-34.63892533333333,17.49377683333333
832.2375,3.831243845629357,34.48031796336632,32.33953900315392,186.55131172465036,2026-06-25 04:19:35.636853,NaN,NaN,NaN,-34.63892533333333,17.49377683333333
832.586,3.831223033072263,34.48031724814009,32.33949195008262,186.43315701607548,2026-06-25 04:19:35.636853,NaN,NaN,NaN,-34.63892533333333,17.49377683333333
832.7235000000001,3.8206972114891613,34.480095519549906,32.33015132142209,186.49596552119175,2026-06-25 04:19:35.511886,NaN,NaN,NaN,-34.63892533333333,17.49377683333333
833.115,3.8149339322332265,34.47996681382837,32.32502605921825,186.55135293178216,2026-06-25 04:19:35.436905,NaN,NaN,NaN,-34.63892533333333,17.49377683333333
833.543,3.809862572071536,34.47984221009433,32.32046526335648,186.58868962829894,2026-06-25 04:19:35.361925,NaN,NaN,NaN,-34.63892533333333,17.49377683333333
833.738,3.8054337378370273,34.47972102891441,32.31643470570644,186.62119995564976,2026-06-25 04:19:35.286944,NaN,NaN,NaN,-34.63892533333333,17.49377683333333
834.1605,3.801888939001464,34.4796042891567,32.31311341879653,186.51981183544692,2026-06-25 04:19:35.211964,NaN,NaN,NaN,-34.63892533333333,17.49377683333333
834.341,3.7990531849364926,34.47949122391657,32.31034213689993,186.6645471257824,2026-06-25 04:19:35.136983,NaN,NaN,NaN,-34.63892533333333,17.49377683333333
834.46,3.7975967645098003,34.47941835903469,32.3088269735577,186.41173130247233,2026-06-25 04:19:35.086996,NaN,NaN,NaN,-34.63892533333333,17.49377683333333
834.696,3.7964112495808084,34.479347421459266,32.30752887852661,186.42521929424666,2026-06-25 04:19:35.037009,NaN,NaN,NaN,-34.63892533333333,17.49377683333333
835.085,3.793880071252428,34.47924494852242,32.30466466850937,186.4430639440685,2026-06-25 04:19:34.887049,NaN,NaN,NaN,-34.63892533333333,17.49377683333333
835.2365,3.795024571826283,34.47914648102569,32.305947000152386,186.43315791465267,2026-06-25 04:19:34.962029,NaN,NaN,NaN,-34.63892533333333,17.49377683333333
835.49,3.793197299512837,34.479083549777414,32.303975276838734,186.45882095678525,2026-06-25 04:19:34.837062,NaN,NaN,NaN,-34.63892533333333,17.49377683333333
835.643,3.7925378115888355,34.47902268300729,32.303394134604076,186.46618911759845,2026-06-25 04:19:34.787075,NaN,NaN,NaN,-34.63892533333333,17.49377683333333
835.906,3.7915838918929827,34.47893556212726,32.30271438475309,186.73032223970122,2026-06-25 04:19:34.712094,NaN,NaN,NaN,-34.63892533333333,17.49377683333333
836.307,3.790674153042224,34.478852663966755,32.302189824739095,186.48335596483903,2026-06-25 04:19:34.637114,NaN,NaN,NaN,-34.63892533333333,17.49377683333333
836.579,3.788934133566281,34.478775097350784,32.3013806047119,186.49662551979557,2026-06-25 04:19:34.487153,NaN,NaN,NaN,-34.63892533333333,17.49377683333333
836.652,3.7898062864944766,34.47870182889068,32.30177762722626,186.49031810639073,2026-06-25 04:19:34.562133,NaN,NaN,NaN,-34.63892533333333,17.49377683333333
836.903,3.7883207321462353,34.47865586166541,32.301085959022586,186.50222137135626,2026-06-25 04:19:34.437166,NaN,NaN,NaN,-34.63892533333333,17.49377683333333
837.161,3.7869423399417133,34.478612059587455,32.300348718876585,186.51673846216144,2026-06-25 04:19:34.337192,NaN,NaN,NaN,-34.63892533333333,17.49377683333333
837.277,3.787661318284826,34.478570425023875,32.30074473505516,186.51143840829377,2026-06-25 04:19:34.387179,NaN,NaN,NaN,-34.63892533333333,17.49377683333333
837.497,3.786156460525106,34.47853095810559,32.29990070272013,186.52621229407276,2026-06-25 04:19:34.287205,NaN,NaN,NaN,-34.63892533333333,17.49377683333333
837.9253333333332,3.7843795775806046,34.47845923490228,32.29888002785085,186.55227717593124,2026-06-25 04:19:34.187231,NaN,NaN,NaN,-34.63892533333333,17.49377683333333
838.36,3.782454010063509,34.47839469214324,32.29776869104986,186.55636745755962,2026-06-25 04:19:34.087257,NaN,NaN,NaN,-34.63892533333333,17.49377683333333
838.466,3.7814327770008456,34.47836598831587,32.29715824516573,186.57409047609897,2026-06-25 04:19:34.037270,NaN,NaN,NaN,-34.63892533333333,17.49377683333333
838.8720000000001,3.7797967013189666,34.478327169965304,32.29610927353843,186.59099419532777,2026-06-25 04:19:33.962290,NaN,NaN,NaN,-34.63892533333333,17.49377683333333
839.001,3.7780328706349646,34.47829254943266,32.2948486878156,186.60010524307253,2026-06-25 04:19:33.887309,NaN,NaN,NaN,-34.63892533333333,17.49377683333333
839.221,3.7767709055688803,34.478272237131165,32.29381513695089,186.613760582103,2026-06-25 04:19:33.837322,NaN,NaN,NaN,-34.63892533333333,17.49377683333333
839.677,3.774754526210825,34.47824585740325,32.29193552929485,186.63126756882932,2026-06-25 04:19:33.762342,NaN,NaN,NaN,-34.63892533333333,17.49377683333333
839.938,3.7726294006376615,34.47822350668496,32.28977857278562,186.90543830807096,2026-06-25 04:19:33.687361,NaN,NaN,NaN,-34.63892533333333,17.49377683333333
840.226,3.771168613896179,34.47821124853486,32.28823949410023,186.67800854433347,2026-06-25 04:19:33.637374,NaN,NaN,NaN,-34.63892533333333,17.49377683333333
840.419,3.769020121986056,34.478196738250546,32.285981202120084,186.69242078754732,2026-06-25 04:19:33.562394,NaN,NaN,NaN,-34.63892533333333,17.49377683333333
840.9323333333333,3.765977714064999,34.47818196555147,32.28280878990956,186.710483294191,2026-06-25 04:19:33.437426,NaN,NaN,NaN,-34.63892533333333,17.49377683333333
841.137,3.764180556435055,34.47818196555147,32.28093109365787,186.72642819661007,2026-06-25 04:19:33.337452,NaN,NaN,NaN,-34.63892533333333,17.49377683333333
841.422,3.763547536695354,34.47818196555147,32.28028347719504,186.7286009753621,2026-06-25 04:19:33.287465,NaN,NaN,NaN,-34.63892533333333,17.49377683333333
841.669,3.7628599887498204,34.47818244471544,32.27963032852072,186.7337565109978,2026-06-25 04:19:33.212485,NaN,NaN,NaN,-34.63892533333333,17.49377683333333
842.165,3.7623847537372734,34.47819005995088,32.27925762787932,186.74303505658207,2026-06-25 04:19:33.137505,NaN,NaN,NaN,-34.63892533333333,17.49377683333333
842.289,3.762110767871148,34.47820158091797,32.27916787270102,186.74833407662828,2026-06-25 04:19:33.062524,NaN,NaN,NaN,-34.63892533333333,17.49377683333333
842.686,3.762000518119275,34.47822766141548,32.27937818021477,186.75054410965703,2026-06-25 04:19:32.937557,NaN,NaN,NaN,-34.63892533333333,17.49377683333333
842.978,3.7619725938032604,34.47822834495908,32.27936229482083,186.74849948682788,2026-06-25 04:19:32.937557,NaN,NaN,NaN,-34.63892533333333,17.49377683333333
843.096,3.7621125861012525,34.478254863523745,32.27968842715345,186.4942750743524,2026-06-25 04:19:32.837583,NaN,NaN,NaN,-34.63892533333333,17.49377683333333
843.381,3.7621975869716167,34.478270384118375,32.27987451440454,186.7537875156611,2026-06-25 04:19:32.787596,NaN,NaN,NaN,-34.63892533333333,17.49377683333333
843.584,3.76224653345622,34.47828711251906,32.28006604976954,186.74606859725333,2026-06-25 04:19:32.737609,NaN,NaN,NaN,-34.63892533333333,17.49377683333333
843.7085,3.7621797702024895,34.478314482284134,32.28032988237291,186.75650690043676,2026-06-25 04:19:32.662628,NaN,NaN,NaN,-34.63892533333333,17.49377683333333
844.135,3.761923053653268,34.478343987996624,32.28052092681932,186.7641935865313,2026-06-25 04:19:32.587648,NaN,NaN,NaN,-34.63892533333333,17.49377683333333
844.283,3.761201900352932,34.47838690825932,32.28053290949451,186.76863446553133,2026-06-25 04:19:32.487674,NaN,NaN,NaN,-34.63892533333333,17.49377683333333
844.531,3.761156836736643,34.47838734016105,32.28048849732389,186.77240355267386,2026-06-25 04:19:32.487674,NaN,NaN,NaN,-34.63892533333333,17.49377683333333
844.788,3.7601224306227925,34.47843328312427,32.28019661965251,186.78678395877898,2026-06-25 04:19:32.387700,NaN,NaN,NaN,-34.63892533333333,17.49377683333333
845.023,3.7594814247639037,34.47845761604822,32.279897672038125,186.53701710580387,2026-06-25 04:19:32.337713,NaN,NaN,NaN,-34.63892533333333,17.49377683333333
845.223,3.758800454805757,34.47848263161314,32.27952190877421,186.8024086736863,2026-06-25 04:19:32.287726,NaN,NaN,NaN,-34.63892533333333,17.49377683333333
845.7090000000001,3.7577462849897216,34.47852136686571,32.278824225847096,186.68232367094265,2026-06-25 04:19:32.212746,NaN,NaN,NaN,-34.63892533333333,17.49377683333333
845.817,3.756681585836174,34.4785611597269,32.278008112281015,186.81683015118386,2026-06-25 04:19:32.137765,NaN,NaN,NaN,-34.63892533333333,17.49377683333333
846.073,3.75595895703816,34.478588290063,32.27739584715699,186.82218797917878,2026-06-25 04:19:32.087778,NaN,NaN,NaN,-34.63892533333333,17.49377683333333
846.211,3.755211081087232,34.47861579402904,32.276741093129736,186.56901251578748,2026-06-25 04:19:32.037791,NaN,NaN,NaN,-34.63892533333333,17.49377683333333
846.468,3.754424764449222,34.47864360940566,32.27605081010315,186.84454443280126,2026-06-25 04:19:31.987804,NaN,NaN,NaN,-34.63892533333333,17.49377683333333
846.776,3.75359493524025,34.47867167400251,32.27533473847729,186.85081744036296,2026-06-25 04:19:31.937817,NaN,NaN,NaN,-34.63892533333333,17.49377683333333
847.055,3.752730058595645,34.47869992573032,32.274608518739974,186.8570111724179,2026-06-25 04:19:31.887830,NaN,NaN,NaN,-34.63892533333333,17.49377683333333
847.2603333333333,3.7509944624145426,34.47875674388656,32.27323565829307,186.87817300464212,2026-06-25 04:19:31.787856,NaN,NaN,NaN,-34.63892533333333,17.49377683333333
847.562,3.7493913890985304,34.47881356971756,32.27205246674173,186.8914795183802,2026-06-25 04:19:31.687882,NaN,NaN,NaN,-34.63892533333333,17.49377683333333
847.6624999999999,3.7484562865034374,34.47885587696491,32.27139558027316,186.89650713189127,2026-06-25 04:19:31.612902,NaN,NaN,NaN,-34.63892533333333,17.49377683333333
848.154,3.747446608452897,34.478897766256985,32.270681967250326,186.647308928417,2026-06-25 04:19:31.487935,NaN,NaN,NaN,-34.63892533333333,17.49377683333333
848.278,3.7477581889676075,34.478925315494095,32.27090240142138,186.6468777704454,2026-06-25 04:19:31.537922,NaN,NaN,NaN,-34.63892533333333,17.49377683333333
848.6725,3.7471652190061118,34.478965899958936,32.2704893980611,186.6542871480295,2026-06-25 04:19:31.412954,NaN,NaN,NaN,-34.63892533333333,17.49377683333333
848.904,3.7470147434064023,34.479005602899846,32.27038795244189,186.64920581020243,2026-06-25 04:19:31.337974,NaN,NaN,NaN,-34.63892533333333,17.49377683333333
849.234,3.74692021033911,34.47904399549018,32.27032078790624,186.6538229988793,2026-06-25 04:19:31.262993,NaN,NaN,NaN,-34.63892533333333,17.49377683333333
849.549,3.74660886463681,34.479104702189154,32.270201645924516,186.92622931989578,2026-06-25 04:19:31.138026,NaN,NaN,NaN,-34.63892533333333,17.49377683333333
849.639,3.746581713970156,34.47910506992056,32.2702098112857,186.7966621005472,2026-06-25 04:19:31.138026,NaN,NaN,NaN,-34.63892533333333,17.49377683333333
850.07,3.746127203214747,34.479150599116245,32.270169426072044,186.67787702407762,2026-06-25 04:19:31.038052,NaN,NaN,NaN,-34.63892533333333,17.49377683333333
850.238,3.7458389384327715,34.479172137161534,32.2701992457046,186.6805408796172,2026-06-25 04:19:30.988065,NaN,NaN,NaN,-34.63892533333333,17.49377683333333
850.7170000000001,3.745367680561028,34.479202659045974,32.27029513037532,186.68810575309138,2026-06-25 04:19:30.913084,NaN,NaN,NaN,-34.63892533333333,17.49377683333333
850.87,3.744405181517929,34.4792484989439,32.270404934193586,186.69215588504068,2026-06-25 04:19:30.788117,NaN,NaN,NaN,-34.63892533333333,17.49377683333333
851.095,3.7443512109860553,34.47924902679843,32.27035827732375,186.82622687815342,2026-06-25 04:19:30.788117,NaN,NaN,NaN,-34.63892533333333,17.49377683333333
851.494,3.742720161870169,34.47928853794657,32.26989011054842,186.7155623800309,2026-06-25 04:19:30.663150,NaN,NaN,NaN,-34.63892533333333,17.49377683333333
851.744,3.7411262247234895,34.479309056531804,32.26900749543171,186.72026495223056,2026-06-25 04:19:30.588169,NaN,NaN,NaN,-34.63892533333333,17.49377683333333
851.847,3.739690738652132,34.479321140319875,32.268024912793905,186.73981621146208,2026-06-25 04:19:30.538182,NaN,NaN,NaN,-34.63892533333333,17.49377683333333
852.026,3.7379238267687356,34.47933198578408,32.26668353290865,186.7615035102082,2026-06-25 04:19:30.488195,NaN,NaN,NaN,-34.63892533333333,17.49377683333333
852.351,3.73045846686357,34.479341561517174,32.260238413527695,186.82251433532375,2026-06-25 04:19:30.338234,NaN,NaN,NaN,-34.63892533333333,17.49377683333333
852.574,3.7357969167466556,34.47934983788526,32.264945850654556,186.78175827032908,2026-06-25 04:19:30.438208,NaN,NaN,NaN,-34.63892533333333,17.49377683333333
852.643,3.73330348226077,34.47935678705108,32.26279335122494,186.79365684337307,2026-06-25 04:19:30.388221,NaN,NaN,NaN,-34.63892533333333,17.49377683333333
853.095,3.7255801013204226,34.479364492261595,32.25574847376805,187.1333069945406,2026-06-25 04:19:30.263254,NaN,NaN,NaN,-34.63892533333333,17.49377683333333
853.449,3.7202553452132676,34.47936557477931,32.250845552194406,187.187995466591,2026-06-25 04:19:30.188273,NaN,NaN,NaN,-34.63892533333333,17.49377683333333
853.6445,3.714738737290773,34.47936631648955,32.245859524646505,187.10092604612547,2026-06-25 04:19:30.113293,NaN,NaN,NaN,-34.63892533333333,17.49377683333333
854.044,3.7061411208279695,34.47936631648955,32.23827508508518,187.03258673859625,2026-06-25 04:19:29.988325,NaN,NaN,NaN,-34.63892533333333,17.49377683333333
854.259,3.706034124148426,34.47936557477931,32.238172025401816,187.02873761559187,2026-06-25 04:19:29.988325,NaN,NaN,NaN,-34.63892533333333,17.49377683333333
854.7075,3.6973299992015702,34.479347718951765,32.23061515579786,187.09503139775632,2026-06-25 04:19:29.838365,NaN,NaN,NaN,-34.63892533333333,17.49377683333333
854.8979999999999,3.6947296780756087,34.479338756981456,32.22833460509274,187.11152198809916,2026-06-25 04:19:29.788378,NaN,NaN,NaN,-34.63892533333333,17.49377683333333
855.185,3.6897931774463895,34.479317043058806,32.22391046957446,187.14406280160682,2026-06-25 04:19:29.688404,NaN,NaN,NaN,-34.63892533333333,17.49377683333333
855.53,3.6873901335316552,34.47930352435489,32.22167059603756,187.16705135345512,2026-06-25 04:19:29.638417,NaN,NaN,NaN,-34.63892533333333,17.49377683333333
855.736,3.682513769766127,34.479271921292295,32.217076577258695,187.22771960100334,2026-06-25 04:19:29.538443,NaN,NaN,NaN,-34.63892533333333,17.49377683333333
855.8696666666666,3.68089856379029,34.47925885861471,32.21560054021307,187.2437728670218,2026-06-25 04:19:29.505118,NaN,NaN,NaN,-34.63892533333333,17.49377683333333
856.109,3.6753992647244185,34.47921315384232,32.210566580465006,187.2755716257023,2026-06-25 04:19:29.388482,NaN,NaN,NaN,-34.63892533333333,17.49377683333333
856.359,3.6733056709582548,34.47919056030208,32.2086812787373,187.29027787925122,2026-06-25 04:19:29.338495,NaN,NaN,NaN,-34.63892533333333,17.49377683333333
856.502,3.671401336381285,34.47916648016134,32.20697471798321,187.30018212274598,2026-06-25 04:19:29.288508,NaN,NaN,NaN,-34.63892533333333,17.49377683333333
856.987,3.6696668296584516,34.47914092521715,32.205448396947574,187.3151932881162,2026-06-25 04:19:29.238521,NaN,NaN,NaN,-34.63892533333333,17.49377683333333
857.269,3.6665672184177738,34.47908544598328,32.20294589358308,187.3424526150244,2026-06-25 04:19:29.138547,NaN,NaN,NaN,-34.63892533333333,17.49377683333333
857.526,3.666544256041016,34.479084730955336,32.20288488217506,187.34926773050552,2026-06-25 04:19:29.138547,NaN,NaN,NaN,-34.63892533333333,17.49377683333333
857.696,3.6636147557202907,34.47902424800345,32.20080246506464,187.37024805304083,2026-06-25 04:19:29.038573,NaN,NaN,NaN,-34.63892533333333,17.49377683333333
857.871,3.6621499544034934,34.47899155016698,32.199850727047995,187.38454558052103,2026-06-25 04:19:28.988586,NaN,NaN,NaN,-34.63892533333333,17.49377683333333
858.2115,3.6598878885679222,34.47893977044533,32.19839647544439,187.4038771374092,2026-06-25 04:19:28.913606,NaN,NaN,NaN,-34.63892533333333,17.49377683333333
858.611,3.6566863434657186,34.47886629046593,32.196176176623354,187.5620423887093,2026-06-25 04:19:28.813632,NaN,NaN,NaN,-34.63892533333333,17.49377683333333
858.893,3.6531812096209935,34.47878765690177,32.19335547285471,187.4602436094756,2026-06-25 04:19:28.713658,NaN,NaN,NaN,-34.63892533333333,17.49377683333333
859.164,3.650327242194733,34.478725578591884,32.19079843929212,187.4893857283209,2026-06-25 04:19:28.638677,NaN,NaN,NaN,-34.63892533333333,17.49377683333333
859.2635,3.6472490281519754,34.47866052412103,32.187851379499804,187.515084187607,2026-06-25 04:19:28.563697,NaN,NaN,NaN,-34.63892533333333,17.49377683333333
859.621,3.644030943878453,34.47859318102513,32.18465984581131,187.53743364224363,2026-06-25 04:19:28.488716,NaN,NaN,NaN,-34.63892533333333,17.49377683333333
860.118,3.641825444325596,34.47854681356031,32.182407076083244,187.55781146010588,2026-06-25 04:19:28.438729,NaN,NaN,NaN,-34.63892533333333,17.49377683333333
860.2915,3.6384856392783425,34.478475154962396,32.17892127158133,187.72101197887673,2026-06-25 04:19:28.363749,NaN,NaN,NaN,-34.63892533333333,17.49377683333333
860.605,3.635172287166726,34.478401476091044,32.17542038120673,187.62310182908163,2026-06-25 04:19:28.288768,NaN,NaN,NaN,-34.63892533333333,17.49377683333333
860.873,3.632015530586825,34.478325407082494,32.17205295366253,187.64599131315535,2026-06-25 04:19:28.213788,NaN,NaN,NaN,-34.63892533333333,17.49377683333333
861.098,3.6290823188852723,34.478247537532525,32.16892627958424,187.6644426280861,2026-06-25 04:19:28.138808,NaN,NaN,NaN,-34.63892533333333,17.49377683333333
861.348,3.6273041967729758,34.47819448790209,32.16708326190438,187.67778243376557,2026-06-25 04:19:28.088821,NaN,NaN,NaN,-34.63892533333333,17.49377683333333
861.584,3.625658427406083,34.478140634724554,32.165464965228594,187.6904027329499,2026-06-25 04:19:28.038834,NaN,NaN,NaN,-34.63892533333333,17.49377683333333
861.665,3.6234316273539164,34.47805834803358,32.16349219251992,187.712105974192,2026-06-25 04:19:27.963853,NaN,NaN,NaN,-34.63892533333333,17.49377683333333
861.865,3.6214356860351784,34.47797465649954,32.16192433151623,187.73680667579978,2026-06-25 04:19:27.888873,NaN,NaN,NaN,-34.63892533333333,17.49377683333333
862.297,3.6197485046472284,34.47788936519175,32.160751690952225,187.74054773254545,2026-06-25 04:19:27.813892,NaN,NaN,NaN,-34.63892533333333,17.49377683333333
862.6975,3.617925409802485,34.47777375879137,32.15954597525081,187.75695772351253,2026-06-25 04:19:27.713918,NaN,NaN,NaN,-34.63892533333333,17.49377683333333
863.203,3.616822550071764,34.477685803362355,32.15883824586012,187.77243558582563,2026-06-25 04:19:27.638938,NaN,NaN,NaN,-34.63892533333333,17.49377683333333
863.4549999999999,3.615635318729599,34.4775668830685,32.158172684579256,187.56592070324984,2026-06-25 04:19:27.538964,NaN,NaN,NaN,-34.63892533333333,17.49377683333333
863.778,3.6146221877092315,34.47744685431848,32.15771248822408,187.53469716565567,2026-06-25 04:19:27.438990,NaN,NaN,NaN,-34.63892533333333,17.49377683333333
863.942,3.6141704398136723,34.47738640046153,32.15754946366929,187.79414683476665,2026-06-25 04:19:27.389003,NaN,NaN,NaN,-34.63892533333333,17.49377683333333
864.044,3.6137185605860584,34.47732575267649,32.157391086547186,187.80020606333724,2026-06-25 04:19:27.339016,NaN,NaN,NaN,-34.63892533333333,17.49377683333333
864.4994999999999,3.6129461641666767,34.477234511100974,32.157080697902416,187.81223003238608,2026-06-25 04:19:27.264036,NaN,NaN,NaN,-34.63892533333333,17.49377683333333
864.677,3.6119726553106224,34.4771431188233,32.15660226952136,187.56076001276742,2026-06-25 04:19:27.189055,NaN,NaN,NaN,-34.63892533333333,17.49377683333333
864.913,3.610597032492859,34.477051719092486,32.15575235821288,187.82971762583165,2026-06-25 04:19:27.114075,NaN,NaN,NaN,-34.63892533333333,17.49377683333333
865.5205000000001,3.608019229571517,34.47693012801946,32.153872457172035,187.7279048394891,2026-06-25 04:19:27.014101,NaN,NaN,NaN,-34.63892533333333,17.49377683333333
865.909,3.6054476947740586,34.476839326839155,32.15178614150805,187.88484956551417,2026-06-25 04:19:26.939120,NaN,NaN,NaN,-34.63892533333333,17.49377683333333
866.082,3.6034044355351895,34.47677910198854,32.150034697643115,187.91107575984014,2026-06-25 04:19:26.889133,NaN,NaN,NaN,-34.63892533333333,17.49377683333333
866.265,3.6011650115771863,34.47671917235632,32.148071321261895,187.6729435753184,2026-06-25 04:19:26.839146,NaN,NaN,NaN,-34.63892533333333,17.49377683333333
866.421,3.598797000188705,34.47665958901892,32.14597512282552,187.69128904538772,2026-06-25 04:19:26.789159,NaN,NaN,NaN,-34.63892533333333,17.49377683333333
866.609,3.5963801568451146,34.47660040343626,32.14383772571735,187.71012448816006,2026-06-25 04:19:26.739172,NaN,NaN,NaN,-34.63892533333333,17.49377683333333
866.8389999999999,3.5928499806539635,34.47651255036199,32.14078827574969,187.74211638802063,2026-06-25 04:19:26.664192,NaN,NaN,NaN,-34.63892533333333,17.49377683333333
867.163,3.5876544999050166,34.47636901144781,32.13665153628468,187.77646188494,2026-06-25 04:19:26.539224,NaN,NaN,NaN,-34.63892533333333,17.49377683333333
867.306,3.5877703608560507,34.47636868110297,32.13678395496762,187.78018098982452,2026-06-25 04:19:26.539224,NaN,NaN,NaN,-34.63892533333333,17.49377683333333
867.691,3.583294640439277,34.47620205448976,32.133759361423806,187.81330304337294,2026-06-25 04:19:26.389264,NaN,NaN,NaN,-34.63892533333333,17.49377683333333
867.9005,3.583403191301172,34.47620164310422,32.13383098078458,187.81300335032327,2026-06-25 04:19:26.389264,NaN,NaN,NaN,-34.63892533333333,17.49377683333333
868.006,3.5814839159434566,34.476094308233385,32.13262797161019,187.82434872826198,2026-06-25 04:19:26.289290,NaN,NaN,NaN,-34.63892533333333,17.49377683333333
868.5445,3.580530145665681,34.47601635782621,32.131885047573235,187.830205640482,2026-06-25 04:19:26.214309,NaN,NaN,NaN,-34.63892533333333,17.49377683333333
868.9169999999999,3.5794089355090666,34.47591585583434,32.13071313514037,187.84315956215912,2026-06-25 04:19:26.114335,NaN,NaN,NaN,-34.63892533333333,17.49377683333333
869.277,3.5784611392062122,34.47584326281283,32.129563622991974,187.85211075829076,2026-06-25 04:19:26.039355,NaN,NaN,NaN,-34.63892533333333,17.49377683333333
869.45,3.5772228850596592,34.475773699485714,32.12809224407482,187.8654490159474,2026-06-25 04:19:25.964374,NaN,NaN,NaN,-34.63892533333333,17.49377683333333
869.651,3.5757013405774365,34.47570672979052,32.126401176795405,187.88952571309616,2026-06-25 04:19:25.889394,NaN,NaN,NaN,-34.63892533333333,17.49377683333333
869.908,3.5745118095224138,34.475663907212535,32.125178235475786,187.9033040111657,2026-06-25 04:19:25.839407,NaN,NaN,NaN,-34.63892533333333,17.49377683333333
870.243,3.571895423752627,34.475583413777784,32.1227060376549,187.92125464261716,2026-06-25 04:19:25.739433,NaN,NaN,NaN,-34.63892533333333,17.49377683333333
870.5615,3.571889082401267,34.47558263693648,32.122733321969555,187.92545423566736,2026-06-25 04:19:25.739433,NaN,NaN,NaN,-34.63892533333333,17.49377683333333
870.7526666666668,3.5679341251496477,34.47547310268265,32.11950093283439,187.95607690407317,2026-06-25 04:19:25.589472,NaN,NaN,NaN,-34.63892533333333,17.49377683333333
871.347,3.5638003780856318,34.47540765359173,32.116857542998034,187.99234214825825,2026-06-25 04:19:25.414518,NaN,NaN,NaN,-34.63892533333333,17.49377683333333
871.467,3.565468567199431,34.4753640436385,32.11782989879811,187.98265913359842,2026-06-25 04:19:25.489498,NaN,NaN,NaN,-34.63892533333333,17.49377683333333
871.699,3.5622743571964284,34.47532428427062,32.11599068598465,188.0054405680172,2026-06-25 04:19:25.339537,NaN,NaN,NaN,-34.63892533333333,17.49377683333333
872.093,3.561351901967055,34.4753004394766,32.115425604295,188.01296736146168,2026-06-25 04:19:25.289550,NaN,NaN,NaN,-34.63892533333333,17.49377683333333
872.2955,3.560077489316003,34.47526883321572,32.11450246266879,188.02514478359103,2026-06-25 04:19:25.214570,NaN,NaN,NaN,-34.63892533333333,17.49377683333333
872.702,3.558465072908543,34.47523390488625,32.11309151714858,188.03749556953682,2026-06-25 04:19:25.114596,NaN,NaN,NaN,-34.63892533333333,17.49377683333333
872.805,3.5572460925701375,34.47521332527331,32.11193291058033,188.05011911207777,2026-06-25 04:19:25.039615,NaN,NaN,NaN,-34.63892533333333,17.49377683333333
873.187,3.556393382178885,34.475202709879085,32.11114410006778,188.06028422427647,2026-06-25 04:19:24.989628,NaN,NaN,NaN,-34.63892533333333,17.49377683333333
873.28,3.555498109866297,34.47519448975595,32.110361946636424,188.071323711248,2026-06-25 04:19:24.939641,NaN,NaN,NaN,-34.63892533333333,17.49377683333333
873.6655,3.554075794550992,34.47518708184455,32.10921434067369,188.0841322637085,2026-06-25 04:19:24.864661,NaN,NaN,NaN,-34.63892533333333,17.49377683333333
873.947,3.552596132404264,34.47518708184455,32.108084963384776,188.09633506946608,2026-06-25 04:19:24.789681,NaN,NaN,NaN,-34.63892533333333,17.49377683333333
874.024,3.551586187375797,34.47518708184455,32.1073285864007,188.11083494343734,2026-06-25 04:19:24.739694,NaN,NaN,NaN,-34.63892533333333,17.49377683333333
874.333,3.5505664932921643,34.47519114124724,32.10655412123772,187.86474514100658,2026-06-25 04:19:24.689707,NaN,NaN,NaN,-34.63892533333333,17.49377683333333
874.656,3.548514485402977,34.475209288868406,32.10487635714579,188.10749902558743,2026-06-25 04:19:24.589733,NaN,NaN,NaN,-34.63892533333333,17.49377683333333
875.004,3.5464252833626904,34.47523675077603,32.10298789124823,188.157978910725,2026-06-25 04:19:24.489759,NaN,NaN,NaN,-34.63892533333333,17.49377683333333
875.2943333333333,3.5442053466815726,34.475277669754114,32.10072697716056,187.90993747375603,2026-06-25 04:19:24.389785,NaN,NaN,NaN,-34.63892533333333,17.49377683333333
875.756,3.5419215360522354,34.47532848362455,32.098280642458356,187.93444896243,2026-06-25 04:19:24.289811,NaN,NaN,NaN,-34.63892533333333,17.49377683333333
875.808,3.540781534810058,34.47535893784942,32.097043377785255,187.94928950791774,2026-06-25 04:19:24.239824,NaN,NaN,NaN,-34.63892533333333,17.49377683333333
876.094,3.5396728802270463,34.47539247726132,32.09585488230696,187.95670399559356,2026-06-25 04:19:24.189837,NaN,NaN,NaN,-34.63892533333333,17.49377683333333
876.317,3.538622011625122,34.47542913756228,32.09474981886192,187.96640006407483,2026-06-25 04:19:24.139850,NaN,NaN,NaN,-34.63892533333333,17.49377683333333
876.401,3.537653340542628,34.47546895282416,32.09375509586792,187.9714935844108,2026-06-25 04:19:24.089863,NaN,NaN,NaN,-34.63892533333333,17.49377683333333
876.658,3.536783986267539,34.47551195543228,32.09288953175108,187.98370182739066,2026-06-25 04:19:24.039876,NaN,NaN,NaN,-34.63892533333333,17.49377683333333
876.9045,3.53569731467637,34.475582909749974,32.09187144858396,187.99064242393652,2026-06-25 04:19:23.964896,NaN,NaN,NaN,-34.63892533333333,17.49377683333333
877.297,3.5346018761738165,34.47568840487262,32.09096442047288,187.8691303725652,2026-06-25 04:19:23.864922,NaN,NaN,NaN,-34.63892533333333,17.49377683333333
877.509,3.5340000913545944,34.47577578735915,32.09057741194159,187.74387448220247,2026-06-25 04:19:23.789941,NaN,NaN,NaN,-34.63892533333333,17.49377683333333
877.945,3.5336739834620254,34.47583849304002,32.090447358573705,187.74889241958647,2026-06-25 04:19:23.739954,NaN,NaN,NaN,-34.63892533333333,17.49377683333333
878.093,3.53337405536968,34.47590456119693,32.09039641880832,187.75140691231908,2026-06-25 04:19:23.689967,NaN,NaN,NaN,-34.63892533333333,17.49377683333333
878.3515,3.5329271269915434,34.476010430079796,32.09043894917824,187.75699218521223,2026-06-25 04:19:23.614987,NaN,NaN,NaN,-34.63892533333333,17.49377683333333
878.4929999999999,3.5322890501599757,34.47616293491682,32.09060113947625,187.77163450737626,2026-06-25 04:19:23.515013,NaN,NaN,NaN,-34.63892533333333,17.49377683333333
879.109,3.5315031316115912,34.47637353658114,32.09080779080858,187.77475341406938,2026-06-25 04:19:23.390045,NaN,NaN,NaN,-34.63892533333333,17.49377683333333
879.527,3.530921400480141,34.47660417969955,32.09089922317374,187.65483859411037,2026-06-25 04:19:23.265078,NaN,NaN,NaN,-34.63892533333333,17.49377683333333
879.779,3.530680453929283,34.47675287803464,32.09088017696955,187.52985418534806,2026-06-25 04:19:23.190097,NaN,NaN,NaN,-34.63892533333333,17.49377683333333
880.041,3.5305512221617055,34.476856586147484,32.09084869188884,187.5263464330753,2026-06-25 04:19:23.140110,NaN,NaN,NaN,-34.63892533333333,17.49377683333333
880.3075000000001,3.530329041109177,34.477132933878856,32.09082551571892,187.5377996556021,2026-06-25 04:19:23.015143,NaN,NaN,NaN,-34.63892533333333,17.49377683333333
881.1026666666667,3.5302863306394325,34.47755142053192,32.091098218948076,187.47218941203195,2026-06-25 04:19:22.840189,NaN,NaN,NaN,-34.63892533333333,17.49377683333333
881.383,3.5305302946463777,34.47780839940716,32.091505313289,187.28066478340676,2026-06-25 04:19:22.740215,NaN,NaN,NaN,-34.63892533333333,17.49377683333333
881.8420000000001,3.530948877292019,34.478079619000596,32.09213322305788,187.27759401104183,2026-06-25 04:19:22.640241,NaN,NaN,NaN,-34.63892533333333,17.49377683333333
882.012,3.5309531400594323,34.47808123188875,32.09211769605203,187.27744269915132,2026-06-25 04:19:22.640241,NaN,NaN,NaN,-34.63892533333333,17.49377683333333
882.287,3.531345537674245,34.47836373957052,32.092852955994736,187.28061309011122,2026-06-25 04:19:22.540267,NaN,NaN,NaN,-34.63892533333333,17.49377683333333
882.5245,3.531528094601348,34.47858552732753,32.09343389276811,187.02462456187092,2026-06-25 04:19:22.465286,NaN,NaN,NaN,-34.63892533333333,17.49377683333333
882.739,3.5316319293156524,34.47881352491014,32.09400775243266,187.02715301218583,2026-06-25 04:19:22.390306,NaN,NaN,NaN,-34.63892533333333,17.49377683333333
883.148,3.531696797958672,34.47912966129951,32.09474138263999,187.0272101078225,2026-06-25 04:19:22.290332,NaN,NaN,NaN,-34.63892533333333,17.49377683333333
883.6790000000001,3.531787263600335,34.4795395718346,32.095647653061874,187.02866828750575,2026-06-25 04:19:22.165365,NaN,NaN,NaN,-34.63892533333333,17.49377683333333
883.867,3.531858560819021,34.47979411678184,32.09621188461089,186.77307267378688,2026-06-25 04:19:22.090384,NaN,NaN,NaN,-34.63892533333333,17.49377683333333
884.132,3.531905511664633,34.47996751944015,32.09660562299832,186.77481531668494,2026-06-25 04:19:22.040397,NaN,NaN,NaN,-34.63892533333333,17.49377683333333
884.2185,3.531964565047655,34.48023302492536,32.09722016742111,186.78102436906389,2026-06-25 04:19:21.965417,NaN,NaN,NaN,-34.63892533333333,17.49377683333333
884.8653333333333,3.5320316113267167,34.48068855407511,32.098214777968856,186.70846137790366,2026-06-25 04:19:21.840449,NaN,NaN,NaN,-34.63892533333333,17.49377683333333
885.178,3.5319867458756655,34.481062990298284,32.09888741162148,186.77859425631598,2026-06-25 04:19:21.740475,NaN,NaN,NaN,-34.63892533333333,17.49377683333333
885.4905,3.5314761407817103,34.48144884954222,32.099304164523005,186.65720381698213,2026-06-25 04:19:21.640501,NaN,NaN,NaN,-34.63892533333333,17.49377683333333
885.8050000000001,3.5310252146369088,34.48164458200755,32.0994294452469,186.54037086525062,2026-06-25 04:19:21.590514,NaN,NaN,NaN,-34.63892533333333,17.49377683333333
886.298,3.5292213270120585,34.482142542712396,32.09941777729864,186.55963152321013,2026-06-25 04:19:21.465547,NaN,NaN,NaN,-34.63892533333333,17.49377683333333
886.5255,3.527041649244011,34.48255067145591,32.098857814556865,186.45287845707193,2026-06-25 04:19:21.365573,NaN,NaN,NaN,-34.63892533333333,17.49377683333333
886.607,3.5250831997461534,34.482861502429095,32.09801405752318,186.3409778035871,2026-06-25 04:19:21.290593,NaN,NaN,NaN,-34.63892533333333,17.49377683333333
887.132,3.523612763806059,34.483071109877486,32.09715844625374,186.35171308651854,2026-06-25 04:19:21.240606,NaN,NaN,NaN,-34.63892533333333,17.49377683333333
887.34,3.522020353057532,34.48328241987602,32.0960427534342,186.36649638878657,2026-06-25 04:19:21.190619,NaN,NaN,NaN,-34.63892533333333,17.49377683333333
887.523,3.519368496632898,34.48360261286934,32.09379490410487,186.2571812496616,2026-06-25 04:19:21.115638,NaN,NaN,NaN,-34.63892533333333,17.49377683333333
887.9345000000001,3.515339832288225,34.48403455924823,32.089853600618724,186.161927325202,2026-06-25 04:19:21.015664,NaN,NaN,NaN,-34.63892533333333,17.49377683333333
888.358,3.5095215825418475,34.48458203927155,32.08382741456806,186.21553510621536,2026-06-25 04:19:20.890697,NaN,NaN,NaN,-34.63892533333333,17.49377683333333
888.5105,3.509491692577945,34.48458263856012,32.083830857376796,186.21844180407305,2026-06-25 04:19:20.890697,NaN,NaN,NaN,-34.63892533333333,17.49377683333333
888.842,3.502180250365187,34.48502560944383,32.07676355551131,186.0257845544587,2026-06-25 04:19:20.740736,NaN,NaN,NaN,-34.63892533333333,17.49377683333333
889.007,3.504565320483546,34.48524900938139,32.078945254369884,186.0160024537171,2026-06-25 04:19:20.790723,NaN,NaN,NaN,-34.63892533333333,17.49377683333333
889.479,3.4999612674950145,34.48547338809905,32.07485111294816,186.04052466248976,2026-06-25 04:19:20.690749,NaN,NaN,NaN,-34.63892533333333,17.49377683333333
889.8796666666667,3.496321734838329,34.48592504127012,32.072038491056766,186.06369545689188,2026-06-25 04:19:20.590775,NaN,NaN,NaN,-34.63892533333333,17.49377683333333
890.135,3.492667295902163,34.4866073967716,32.06978094337394,185.83303721740918,2026-06-25 04:19:20.440814,NaN,NaN,NaN,-34.63892533333333,17.49377683333333
890.229,3.4925544689880446,34.486607666679866,32.0696865248055,185.84039402382874,2026-06-25 04:19:20.440814,NaN,NaN,NaN,-34.63892533333333,17.49377683333333
890.524,3.491247039448283,34.487065289833744,32.06919637339924,185.8390549988691,2026-06-25 04:19:20.340840,NaN,NaN,NaN,-34.63892533333333,17.49377683333333
890.8834999999999,3.490779492390178,34.48740981445897,32.06916354164271,185.5887487334949,2026-06-25 04:19:20.265860,NaN,NaN,NaN,-34.63892533333333,17.49377683333333
891.255,3.490583747007177,34.487870080010794,32.069386962496786,185.5951224037561,2026-06-25 04:19:20.165886,NaN,NaN,NaN,-34.63892533333333,17.49377683333333
891.705,3.4906659725633475,34.48821568768695,32.069718360366714,185.59950273170577,2026-06-25 04:19:20.090905,NaN,NaN,NaN,-34.63892533333333,17.49377683333333
891.832,3.491035255409449,34.48844617023211,32.07040071349272,185.58946955999076,2026-06-25 04:19:19.990931,NaN,NaN,NaN,-34.63892533333333,17.49377683333333
892.039,3.4908178958540588,34.48867662407471,32.07002482166169,185.5979229434164,2026-06-25 04:19:20.040918,NaN,NaN,NaN,-34.63892533333333,17.49377683333333
892.226,3.4913084593005976,34.488906980558816,32.07085079349818,185.3347484002497,2026-06-25 04:19:19.940944,NaN,NaN,NaN,-34.63892533333333,17.49377683333333
892.532,3.491622255767934,34.489137171717296,32.07137855999844,185.33552965595428,2026-06-25 04:19:19.890957,NaN,NaN,NaN,-34.63892533333333,17.49377683333333
892.686,3.491961229686222,34.489367130316936,32.07198547987689,185.33798818925408,2026-06-25 04:19:19.840970,NaN,NaN,NaN,-34.63892533333333,17.49377683333333
892.8910000000001,3.4925027693509576,34.48971143737394,32.07304438262305,185.20737337551054,2026-06-25 04:19:19.765990,NaN,NaN,NaN,-34.63892533333333,17.49377683333333
893.326,3.4930794422259557,34.49005495037663,32.07422632071407,185.06938771915114,2026-06-25 04:19:19.691010,NaN,NaN,NaN,-34.63892533333333,17.49377683333333
893.6886666666666,3.493887229561217,34.490510932722366,32.07595469013393,185.07247905206347,2026-06-25 04:19:19.591036,NaN,NaN,NaN,-34.63892533333333,17.49377683333333
893.964,3.4946754286927715,34.49096485585944,32.077713235244474,184.81381502143515,2026-06-25 04:19:19.491062,NaN,NaN,NaN,-34.63892533333333,17.49377683333333
894.113,3.495245137060091,34.491303127660544,32.078935088016806,184.93822385375478,2026-06-25 04:19:19.416081,NaN,NaN,NaN,-34.63892533333333,17.49377683333333
894.489,3.4958104428854515,34.49163974708389,32.08002097886003,184.80303871602445,2026-06-25 04:19:19.341101,NaN,NaN,NaN,-34.63892533333333,17.49377683333333
895.0070000000001,3.4963757501407198,34.49197408888082,32.0809455884404,184.81031535418268,2026-06-25 04:19:19.266120,NaN,NaN,NaN,-34.63892533333333,17.49377683333333
895.4593333333333,3.497532791951242,34.49267105828194,32.08279119644443,184.79882153503866,2026-06-25 04:19:19.107828,NaN,NaN,NaN,-34.63892533333333,17.49377683333333
895.7040000000001,3.4981242058228106,34.49303487465408,32.08380975037985,184.56252462217049,2026-06-25 04:19:19.024517,NaN,NaN,NaN,-34.63892533333333,17.49377683333333
896.4773333333333,3.4993847172423442,34.49382177243489,32.08648035487065,184.545633964898,2026-06-25 04:19:18.841231,NaN,NaN,NaN,-34.63892533333333,17.49377683333333
896.8465,3.5004937499706097,34.49445097600103,32.088762027077365,184.52735139542708,2026-06-25 04:19:18.691270,NaN,NaN,NaN,-34.63892533333333,17.49377683333333
897.22,3.500521287047876,34.49445173698108,32.0887785766062,184.53025646150735,2026-06-25 04:19:18.691270,NaN,NaN,NaN,-34.63892533333333,17.49377683333333
897.548,3.501161560929925,34.49496570187614,32.090480175690416,184.53541684084914,2026-06-25 04:19:18.566303,NaN,NaN,NaN,-34.63892533333333,17.49377683333333
897.749,3.501353841504411,34.49526960466433,32.09137697557591,184.53881533350207,2026-06-25 04:19:18.491322,NaN,NaN,NaN,-34.63892533333333,17.49377683333333
898.1324999999999,3.501557939056225,34.49566785153073,32.09237951260097,184.41013375021532,2026-06-25 04:19:18.391348,NaN,NaN,NaN,-34.63892533333333,17.49377683333333
898.271,3.501537566245755,34.495668711663505,32.09240056596885,184.28398787179097,2026-06-25 04:19:18.391348,NaN,NaN,NaN,-34.63892533333333,17.49377683333333
898.669,3.501870500811418,34.49606093910125,32.09325505595444,184.2822075949841,2026-06-25 04:19:18.291374,NaN,NaN,NaN,-34.63892533333333,17.49377683333333
898.936,3.5024333688049567,34.49644546328356,32.09394845198256,184.52767268434957,2026-06-25 04:19:18.191400,NaN,NaN,NaN,-34.63892533333333,17.49377683333333
899.546,3.5033053543703865,34.49691698139911,32.09465673422716,184.2787610151622,2026-06-25 04:19:18.066433,NaN,NaN,NaN,-34.63892533333333,17.49377683333333
899.731,3.5038840286054964,34.497194299499355,32.09500760402699,184.27730455729258,2026-06-25 04:19:17.991453,NaN,NaN,NaN,-34.63892533333333,17.49377683333333
900.068,3.5042941722273016,34.497376648689034,32.095222836073965,184.2719326592067,2026-06-25 04:19:17.941466,NaN,NaN,NaN,-34.63892533333333,17.49377683333333
900.3315,3.504938571890011,34.497646329118126,32.09553906716772,184.26329439597745,2026-06-25 04:19:17.866485,NaN,NaN,NaN,-34.63892533333333,17.49377683333333
900.475,3.505570702050418,34.49791212993784,32.095861985696885,184.2627817142755,2026-06-25 04:19:17.791505,NaN,NaN,NaN,-34.63892533333333,17.49377683333333
900.764,3.5059456688473496,34.498086722465,32.096089773775276,184.26923940829533,2026-06-25 04:19:17.741518,NaN,NaN,NaN,-34.63892533333333,17.49377683333333
901.111,3.506398456648922,34.49834466551455,32.09646646309913,184.2621557506302,2026-06-25 04:19:17.666537,NaN,NaN,NaN,-34.63892533333333,17.49377683333333
901.376,3.506742016929732,34.49859863890233,32.09688647820392,184.25791746139853,2026-06-25 04:19:17.591557,NaN,NaN,NaN,-34.63892533333333,17.49377683333333
901.557,3.5068998623002816,34.49876529440032,32.09719195251361,184.26750073093478,2026-06-25 04:19:17.541570,NaN,NaN,NaN,-34.63892533333333,17.49377683333333
901.9240000000001,3.507072476489631,34.49917189549054,32.09794507220607,184.26422443939865,2026-06-25 04:19:17.416602,NaN,NaN,NaN,-34.63892533333333,17.49377683333333
902.6683333333334,3.5071278469376854,34.49972231635161,32.09880722601941,184.0948401536135,2026-06-25 04:19:17.241648,NaN,NaN,NaN,-34.63892533333333,17.49377683333333
903.064,3.507083269448513,34.50002606288314,32.099225358423176,184.01390700713952,2026-06-25 04:19:17.141674,NaN,NaN,NaN,-34.63892533333333,17.49377683333333
903.5074999999999,3.5070345774411513,34.50024780816584,32.099578911665915,184.0264614608981,2026-06-25 04:19:17.066694,NaN,NaN,NaN,-34.63892533333333,17.49377683333333
903.719,3.5070233229782635,34.50046551618747,32.099992953472764,184.03396780240487,2026-06-25 04:19:16.991713,NaN,NaN,NaN,-34.63892533333333,17.49377683333333
904.0696666666668,3.507232404437668,34.50074774113009,32.100659774321336,184.0204671278469,2026-06-25 04:19:16.891739,NaN,NaN,NaN,-34.63892533333333,17.49377683333333
904.249,3.50768980108152,34.50102328064221,32.101363489131245,184.01951473288426,2026-06-25 04:19:16.791765,NaN,NaN,NaN,-34.63892533333333,17.49377683333333
904.422,3.508007612598,34.50115772099366,32.1017035584603,184.02232428389354,2026-06-25 04:19:16.741778,NaN,NaN,NaN,-34.63892533333333,17.49377683333333
904.8943333333333,3.5086863172072604,34.50141998576338,32.10234462593045,184.02535005170782,2026-06-25 04:19:16.641804,NaN,NaN,NaN,-34.63892533333333,17.49377683333333
905.225,3.5093371465191967,34.501675671984,32.10297469557714,184.01316356866195,2026-06-25 04:19:16.541830,NaN,NaN,NaN,-34.63892533333333,17.49377683333333
905.5395000000001,3.5097024367057,34.501861559815175,32.103444215684846,184.01834365096434,2026-06-25 04:19:16.466850,NaN,NaN,NaN,-34.63892533333333,17.49377683333333
905.789,3.5099286643744962,34.50204356194496,32.10388764206312,184.01761172584705,2026-06-25 04:19:16.391869,NaN,NaN,NaN,-34.63892533333333,17.49377683333333
906.177,3.5099833376690452,34.50216232291414,32.10414909599844,183.76632704070298,2026-06-25 04:19:16.341883,NaN,NaN,NaN,-34.63892533333333,17.49377683333333
906.359,3.509968720132169,34.502279166799696,32.10437662899018,183.76170798133418,2026-06-25 04:19:16.291896,NaN,NaN,NaN,-34.63892533333333,17.49377683333333
906.57,3.509737302556451,34.50239410478918,32.1047345377551,183.77332143653777,2026-06-25 04:19:16.191922,NaN,NaN,NaN,-34.63892533333333,17.49377683333333
906.747,3.50988591298273,34.5025071485516,32.10456994028866,183.76793311518398,2026-06-25 04:19:16.241909,NaN,NaN,NaN,-34.63892533333333,17.49377683333333
906.9655,3.5094127440766862,34.502672956350565,32.10494749777966,183.78063029365367,2026-06-25 04:19:16.116941,NaN,NaN,NaN,-34.63892533333333,17.49377683333333
907.013,3.509051720911814,34.50283503835098,32.105148007268795,183.78844301388892,2026-06-25 04:19:16.041961,NaN,NaN,NaN,-34.63892533333333,17.49377683333333
907.4425,3.508770191048499,34.50299251370173,32.105351839439805,183.78847341882494,2026-06-25 04:19:15.966980,NaN,NaN,NaN,-34.63892533333333,17.49377683333333
907.913,3.5086229924111434,34.50319642190515,32.10563680777187,183.91369767261023,2026-06-25 04:19:15.867006,NaN,NaN,NaN,-34.63892533333333,17.49377683333333
908.087,3.508684850555452,34.50339316561564,32.10593353166723,183.78905463945276,2026-06-25 04:19:15.767032,NaN,NaN,NaN,-34.63892533333333,17.49377683333333
908.58,3.508764568755549,34.503582873681395,32.106430230700205,183.7954461451484,2026-06-25 04:19:15.592078,NaN,NaN,NaN,-34.63892533333333,17.49377683333333
908.7115,3.508768029560873,34.503720832141624,32.10622974743796,183.78730590181848,2026-06-25 04:19:15.667058,NaN,NaN,NaN,-34.63892533333333,17.49377683333333
909.3363333333333,3.508598329155852,34.50392624824901,32.10662522699743,183.9772735016117,2026-06-25 04:19:15.475442,NaN,NaN,NaN,-34.63892533333333,17.49377683333333
909.411,3.5085364114726594,34.50398492437023,32.10667937688126,183.80268108703203,2026-06-25 04:19:15.442117,NaN,NaN,NaN,-34.63892533333333,17.49377683333333
909.7339999999999,3.5083626842790263,34.504193513956054,32.106743060128686,183.8028050149761,2026-06-25 04:19:15.317150,NaN,NaN,NaN,-34.63892533333333,17.49377683333333
910.134,3.508248421249307,34.50431420586037,32.10675550035786,183.81240874066302,2026-06-25 04:19:15.242169,NaN,NaN,NaN,-34.63892533333333,17.49377683333333
910.584,3.508127129065581,34.504392590271955,32.106754526124334,183.8164907695733,2026-06-25 04:19:15.192182,NaN,NaN,NaN,-34.63892533333333,17.49377683333333
910.7153333333332,3.5075672355570724,34.504568444432955,32.10671539491995,183.81693012764066,2026-06-25 04:19:15.075546,NaN,NaN,NaN,-34.63892533333333,17.49377683333333
911.223,3.5074155577184376,34.504618670330146,32.106701304591084,183.827573305863,2026-06-25 04:19:15.042221,NaN,NaN,NaN,-34.63892533333333,17.49377683333333
911.558,3.5065453470463157,34.504762080875636,32.106653675695675,183.83701715060786,2026-06-25 04:19:14.942247,NaN,NaN,NaN,-34.63892533333333,17.49377683333333
911.6895,3.5056425136450593,34.50486578283369,32.10662782875971,183.84952261031788,2026-06-25 04:19:14.867267,NaN,NaN,NaN,-34.63892533333333,17.49377683333333
911.916,3.5045466097971425,34.504966770147604,32.1065858545916,183.8606618007104,2026-06-25 04:19:14.792286,NaN,NaN,NaN,-34.63892533333333,17.49377683333333
912.248,3.503158023150725,34.505064474913915,32.10642731525094,183.99654995596248,2026-06-25 04:19:14.717306,NaN,NaN,NaN,-34.63892533333333,17.49377683333333
912.5505,3.500726659285463,34.505190551217254,32.105775712217635,184.14740944017998,2026-06-25 04:19:14.617332,NaN,NaN,NaN,-34.63892533333333,17.49377683333333
913.0235,3.4972228342191105,34.50531181798256,32.104096478031224,184.17439228971116,2026-06-25 04:19:14.517358,NaN,NaN,NaN,-34.63892533333333,17.49377683333333
913.4639999999999,3.4905703476246193,34.50545683412365,32.09948108510129,184.23876169956003,2026-06-25 04:19:14.392391,NaN,NaN,NaN,-34.63892533333333,17.49377683333333
913.9075,3.4812218938935233,34.505595753223304,32.09172808540245,184.31807121625323,2026-06-25 04:19:14.267423,NaN,NaN,NaN,-34.63892533333333,17.49377683333333
914.3705,3.466540268914861,34.50567619359338,32.07833153599552,184.44222109294103,2026-06-25 04:19:14.117462,NaN,NaN,NaN,-34.63892533333333,17.49377683333333
914.406,3.474283415785443,34.50575440274798,32.08551704467233,184.3818396068319,2026-06-25 04:19:14.192443,NaN,NaN,NaN,-34.63892533333333,17.49377683333333
914.8415,3.4557321779187204,34.50585594206186,32.06800997848839,184.5308127316287,2026-06-25 04:19:14.017488,NaN,NaN,NaN,-34.63892533333333,17.49377683333333
915.054,3.447681476520099,34.50593019710142,32.060122818837264,184.58842907380654,2026-06-25 04:19:13.942508,NaN,NaN,NaN,-34.63892533333333,17.49377683333333
915.461,3.4401507068371995,34.50600273790104,32.052632191852645,184.64982970760474,2026-06-25 04:19:13.867527,NaN,NaN,NaN,-34.63892533333333,17.49377683333333
915.637,3.4313197687625463,34.50609742568351,32.04392978635373,184.71674387430147,2026-06-25 04:19:13.767554,NaN,NaN,NaN,-34.63892533333333,17.49377683333333
916.001,3.425860863061017,34.50616708143384,32.038728925673716,184.7518580286755,2026-06-25 04:19:13.692573,NaN,NaN,NaN,-34.63892533333333,17.49377683333333
916.2295,3.4217106414478087,34.506235571945936,32.03497622466435,184.64638590910218,2026-06-25 04:19:13.617593,NaN,NaN,NaN,-34.63892533333333,17.49377683333333
916.771,3.418545527156914,34.506303265203776,32.03225684548862,184.5359533214663,2026-06-25 04:19:13.542612,NaN,NaN,NaN,-34.63892533333333,17.49377683333333
916.809,3.416986332197579,34.50634793795448,32.03099698976194,184.55230785263598,2026-06-25 04:19:13.492625,NaN,NaN,NaN,-34.63892533333333,17.49377683333333
917.1105,3.4152289644367464,34.50641439914382,32.02967104191596,184.5671411073488,2026-06-25 04:19:13.417645,NaN,NaN,NaN,-34.63892533333333,17.49377683333333
917.6959999999999,3.4131230288709076,34.506524195313816,32.02821335631552,184.58492402337288,2026-06-25 04:19:13.292677,NaN,NaN,NaN,-34.63892533333333,17.49377683333333
918.071,3.4116746242651486,34.50661157112398,32.027239905916595,184.60131938443885,2026-06-25 04:19:13.192703,NaN,NaN,NaN,-34.63892533333333,17.49377683333333
918.2655,3.4104999001740843,34.5066770266385,32.02642065715235,184.61265594842178,2026-06-25 04:19:13.117723,NaN,NaN,NaN,-34.63892533333333,17.49377683333333
918.451,3.409209742389218,34.50674258660702,32.02546850537015,184.62444225736712,2026-06-25 04:19:13.042742,NaN,NaN,NaN,-34.63892533333333,17.49377683333333
918.777,3.408271260643055,34.506786435807406,32.02474038238736,184.63127581770593,2026-06-25 04:19:12.992756,NaN,NaN,NaN,-34.63892533333333,17.49377683333333
919.208,3.407272072947858,34.50683044588264,32.02395019116969,184.64829635455158,2026-06-25 04:19:12.942769,NaN,NaN,NaN,-34.63892533333333,17.49377683333333
919.468,3.405051831100726,34.506919213512504,32.02220638042696,184.65978804703502,2026-06-25 04:19:12.842795,NaN,NaN,NaN,-34.63892533333333,17.49377683333333
919.927,3.401906007106539,34.50703165450835,32.019898205567614,184.6917458169297,2026-06-25 04:19:12.717827,NaN,NaN,NaN,-34.63892533333333,17.49377683333333
920.146,3.3998031655825867,34.50710021776491,32.018508949943715,184.71352670233412,2026-06-25 04:19:12.642847,NaN,NaN,NaN,-34.63892533333333,17.49377683333333
920.355,3.39692463828946,34.5071932724602,32.01666103641225,184.48217401047765,2026-06-25 04:19:12.542873,NaN,NaN,NaN,-34.63892533333333,17.49377683333333
920.491,3.396956782349381,34.50719353054879,32.01665552256529,184.48313061834605,2026-06-25 04:19:12.542873,NaN,NaN,NaN,-34.63892533333333,17.49377683333333
920.933,3.393731530320447,34.50731260060017,32.01432501377985,184.510197482967,2026-06-25 04:19:12.417905,NaN,NaN,NaN,-34.63892533333333,17.49377683333333
921.38,3.392181289407612,34.50738584748419,32.013018426461606,184.51470082944581,2026-06-25 04:19:12.342925,NaN,NaN,NaN,-34.63892533333333,17.49377683333333
921.5136666666667,3.390665394425555,34.50748613486171,32.01168972299718,184.52798073425296,2026-06-25 04:19:12.242951,NaN,NaN,NaN,-34.63892533333333,17.49377683333333
921.9343333333333,3.389118911375599,34.50764161500019,32.010537435757676,184.54709487578666,2026-06-25 04:19:12.092990,NaN,NaN,NaN,-34.63892533333333,17.49377683333333
922.467,3.388509582917548,34.50774887961841,32.010255005876616,184.55173372327175,2026-06-25 04:19:11.993016,NaN,NaN,NaN,-34.63892533333333,17.49377683333333
922.9105,3.38828350908991,34.50783180797629,32.01026301237887,184.55020926745965,2026-06-25 04:19:11.918036,NaN,NaN,NaN,-34.63892533333333,17.49377683333333
923.291,3.388141979174058,34.5079164615564,32.01035059088037,184.55986564780903,2026-06-25 04:19:11.843055,NaN,NaN,NaN,-34.63892533333333,17.49377683333333
923.5136666666667,3.3879631991447767,34.50803290620952,32.01048434538746,184.56470161545323,2026-06-25 04:19:11.743081,NaN,NaN,NaN,-34.63892533333333,17.49377683333333
923.777,3.3877424998822705,34.50815241638308,32.01054669099675,184.56531581568703,2026-06-25 04:19:11.643107,NaN,NaN,NaN,-34.63892533333333,17.49377683333333
923.96,3.387615547626091,34.50821373557589,32.01052549733523,184.56729651576669,2026-06-25 04:19:11.593120,NaN,NaN,NaN,-34.63892533333333,17.49377683333333
924.47,3.3874044021198717,34.50830762623309,32.01043432850244,184.57377778510963,2026-06-25 04:19:11.518140,NaN,NaN,NaN,-34.63892533333333,17.49377683333333
924.696,3.3870773817190107,34.50843603563614,32.01025062189686,184.57843748011692,2026-06-25 04:19:11.418166,NaN,NaN,NaN,-34.63892533333333,17.49377683333333
925.2605,3.3867154222630464,34.50856834272212,32.01004142383829,184.33418039797306,2026-06-25 04:19:11.318192,NaN,NaN,NaN,-34.63892533333333,17.49377683333333
925.547,3.3863987081572837,34.508704560154165,32.009841196035076,184.3377597332081,2026-06-25 04:19:11.218218,NaN,NaN,NaN,-34.63892533333333,17.49377683333333
925.747,3.386248081680411,34.50880916146002,32.009722099650276,184.34143597852926,2026-06-25 04:19:11.143238,NaN,NaN,NaN,-34.63892533333333,17.49377683333333
925.978,3.3862087708733863,34.508880188341266,32.00967974365171,184.34037903027667,2026-06-25 04:19:11.093251,NaN,NaN,NaN,-34.63892533333333,17.49377683333333
926.2975,3.3862257648215266,34.50898864859023,32.0096934413791,184.34124507553213,2026-06-25 04:19:11.018270,NaN,NaN,NaN,-34.63892533333333,17.49377683333333
926.438,3.386274404467123,34.509099007476394,32.009780597512574,184.34051651127274,2026-06-25 04:19:10.943290,NaN,NaN,NaN,-34.63892533333333,17.49377683333333
926.8863333333334,3.386219069153667,34.509249873542615,32.00997028071548,184.34316384422905,2026-06-25 04:19:10.843316,NaN,NaN,NaN,-34.63892533333333,17.49377683333333
927.3109999999999,3.3857704511118083,34.50944297199536,32.010176887353836,184.4844025478468,2026-06-25 04:19:10.718348,NaN,NaN,NaN,-34.63892533333333,17.49377683333333
927.575,3.385219680102804,34.50956145639851,32.01022709093616,184.3599382952888,2026-06-25 04:19:10.643368,NaN,NaN,NaN,-34.63892533333333,17.49377683333333
927.733,3.3847204005448615,34.50964157041315,32.010200017428076,184.36337282433868,2026-06-25 04:19:10.593381,NaN,NaN,NaN,-34.63892533333333,17.49377683333333
928.3059999999999,3.3829010827666446,34.50984586272835,32.00974821075597,184.28021116417776,2026-06-25 04:19:10.468414,NaN,NaN,NaN,-34.63892533333333,17.49377683333333
928.971,3.3804971059520095,34.510053960917624,32.00876717172895,184.4130804467361,2026-06-25 04:19:10.343446,NaN,NaN,NaN,-34.63892533333333,17.49377683333333
929.018,3.379317962981659,34.510138635932535,32.008120684108654,184.42170141493222,2026-06-25 04:19:10.293459,NaN,NaN,NaN,-34.63892533333333,17.49377683333333
929.2335,3.377369562816903,34.51026697805436,32.006898824258556,184.44114506992747,2026-06-25 04:19:10.218479,NaN,NaN,NaN,-34.63892533333333,17.49377683333333
929.672,3.375290227284239,34.51039657937028,32.00545929976924,184.4629880184971,2026-06-25 04:19:10.143498,NaN,NaN,NaN,-34.63892533333333,17.49377683333333
930.038,3.372408906171073,34.510571693511395,32.00320810829348,184.22708021663445,2026-06-25 04:19:10.043524,NaN,NaN,NaN,-34.63892533333333,17.49377683333333
930.553,3.3680597403553523,34.510837783354575,31.999439172577613,184.26261380434192,2026-06-25 04:19:09.893563,NaN,NaN,NaN,-34.63892533333333,17.49377683333333
930.7035,3.367305009694613,34.51088302371956,31.998744505070626,184.2701992469573,2026-06-25 04:19:09.868570,NaN,NaN,NaN,-34.63892533333333,17.49377683333333
930.912,3.3665842840070517,34.5109274392045,31.99809683560615,184.2750862394373,2026-06-25 04:19:09.843576,NaN,NaN,NaN,-34.63892533333333,17.49377683333333
931.193,3.363604181373059,34.51110790560368,31.99540264779687,184.30868968116093,2026-06-25 04:19:09.743602,NaN,NaN,NaN,-34.63892533333333,17.49377683333333
931.385,3.359457283229349,34.51124416884397,31.991926106955788,184.33484465886977,2026-06-25 04:19:09.593642,NaN,NaN,NaN,-34.63892533333333,17.49377683333333
931.4395,3.3614482454531256,34.51138098877704,31.993543499224906,184.32310012151046,2026-06-25 04:19:09.668622,NaN,NaN,NaN,-34.63892533333333,17.49377683333333
931.895,3.357768746548156,34.51151837678809,31.99067666103324,184.22502787930244,2026-06-25 04:19:09.518661,NaN,NaN,NaN,-34.63892533333333,17.49377683333333
932.077,3.356358572050631,34.51165611679316,31.98972181431585,184.3599680142424,2026-06-25 04:19:09.443681,NaN,NaN,NaN,-34.63892533333333,17.49377683333333
932.36,3.3556099080401363,34.51174812125755,31.98926293951211,184.1109751125688,2026-06-25 04:19:09.393694,NaN,NaN,NaN,-34.63892533333333,17.49377683333333
932.495,3.355000781639494,34.51184021657597,31.988915356419778,184.11771348986937,2026-06-25 04:19:09.343707,NaN,NaN,NaN,-34.63892533333333,17.49377683333333
932.737,3.354152720028282,34.51193236896747,31.988470033953163,184.38398683582736,2026-06-25 04:19:09.243733,NaN,NaN,NaN,-34.63892533333333,17.49377683333333
932.941,3.354519878593754,34.512024544898175,31.988657957813903,184.12627197979353,2026-06-25 04:19:09.293720,NaN,NaN,NaN,-34.63892533333333,17.49377683333333
933.104,3.353884683850196,34.51211671114073,31.98833396345287,184.13034215076638,2026-06-25 04:19:09.193746,NaN,NaN,NaN,-34.63892533333333,17.49377683333333
933.363,3.3536984869642277,34.51220883483316,31.98823656231743,184.13014854170834,2026-06-25 04:19:09.143759,NaN,NaN,NaN,-34.63892533333333,17.49377683333333
933.5509999999999,3.3534541537791966,34.51239277917292,31.98812217532775,184.13013077481733,2026-06-25 04:19:09.043785,NaN,NaN,NaN,-34.63892533333333,17.49377683333333
934.2865,3.3526455233193886,34.512713179096394,31.987921839237796,184.15001227739538,2026-06-25 04:19:08.868830,NaN,NaN,NaN,-34.63892533333333,17.49377683333333
934.759,3.351490356598825,34.512940515007124,31.987597732041984,184.16254136914486,2026-06-25 04:19:08.743863,NaN,NaN,NaN,-34.63892533333333,17.49377683333333
934.822,3.350870333323292,34.51303086536155,31.98736396455361,184.16875100228947,2026-06-25 04:19:08.693876,NaN,NaN,NaN,-34.63892533333333,17.49377683333333
935.027,3.3495125777256294,34.51312087699684,31.986725179917773,184.1854690981364,2026-06-25 04:19:08.593902,NaN,NaN,NaN,-34.63892533333333,17.49377683333333
935.312,3.350204698292007,34.51321052470068,31.987070204843274,184.18152148087077,2026-06-25 04:19:08.643889,NaN,NaN,NaN,-34.63892533333333,17.49377683333333
935.86475,3.347722119084993,34.51343261791972,31.98574156460556,184.19926641753807,2026-06-25 04:19:08.468935,NaN,NaN,NaN,-34.63892533333333,17.49377683333333
936.3713333333332,3.344969628191107,34.51373931700685,31.984273561422032,183.9649728885649,2026-06-25 04:19:08.293980,NaN,NaN,NaN,-34.63892533333333,17.49377683333333
936.6685,3.3427798726667723,34.51395463433054,31.98314534408723,184.24168029321953,2026-06-25 04:19:08.169013,NaN,NaN,NaN,-34.63892533333333,17.49377683333333
937.2693333333333,3.3407410388735137,34.514166303129706,31.98212337572026,184.26986190637828,2026-06-25 04:19:08.044045,NaN,NaN,NaN,-34.63892533333333,17.49377683333333
937.44,3.3395481749267533,34.51433333919933,31.981558677165864,184.01816514908268,2026-06-25 04:19:07.944072,NaN,NaN,NaN,-34.63892533333333,17.49377683333333
938.021,3.339240587304971,34.514415871663196,31.98143189507519,184.0181213400935,2026-06-25 04:19:07.894085,NaN,NaN,NaN,-34.63892533333333,17.49377683333333
938.231,3.339110144267383,34.51449780189495,31.981398004036393,184.02030392434818,2026-06-25 04:19:07.844098,NaN,NaN,NaN,-34.63892533333333,17.49377683333333
938.4905,3.339177703637791,34.514619480275,31.98148565488809,184.02194289328443,2026-06-25 04:19:07.769117,NaN,NaN,NaN,-34.63892533333333,17.49377683333333
938.631,3.339393832158698,34.5147399334543,31.981649184706363,184.01592896716164,2026-06-25 04:19:07.694137,NaN,NaN,NaN,-34.63892533333333,17.49377683333333
938.8820000000001,3.3396378585465945,34.514858850282465,31.981823407972822,184.27566579748702,2026-06-25 04:19:07.619156,NaN,NaN,NaN,-34.63892533333333,17.49377683333333
939.156,3.339807594669356,34.51497654015226,31.981962337781795,184.02703978323223,2026-06-25 04:19:07.544176,NaN,NaN,NaN,-34.63892533333333,17.49377683333333
939.585,3.3398492419637646,34.51505418659889,31.98201658562149,184.0241975247851,2026-06-25 04:19:07.494189,NaN,NaN,NaN,-34.63892533333333,17.49377683333333
939.681,3.3398415157717545,34.515131228451665,31.982035897628663,184.0279226769109,2026-06-25 04:19:07.444202,NaN,NaN,NaN,-34.63892533333333,17.49377683333333
940.062,3.3397514499295067,34.51524559797531,31.982003284826288,184.03276951286466,2026-06-25 04:19:07.369221,NaN,NaN,NaN,-34.63892533333333,17.49377683333333
940.392,3.3396040042151136,34.51535879434495,31.98193196428649,184.0374648835605,2026-06-25 04:19:07.294241,NaN,NaN,NaN,-34.63892533333333,17.49377683333333
940.5105,3.3394276901770237,34.51547056161602,31.981846327682028,184.04058377100304,2026-06-25 04:19:07.219260,NaN,NaN,NaN,-34.63892533333333,17.49377683333333
940.649,3.339264441097626,34.515581221138795,31.98176622355506,184.03778350849393,2026-06-25 04:19:07.144280,NaN,NaN,NaN,-34.63892533333333,17.49377683333333
940.849,3.339179448863583,34.515654278474436,31.981721836035945,184.04872628510932,2026-06-25 04:19:07.094293,NaN,NaN,NaN,-34.63892533333333,17.49377683333333
941.194,3.3391165295977543,34.51572681810083,31.9816860806232,184.04568322057122,2026-06-25 04:19:07.044306,NaN,NaN,NaN,-34.63892533333333,17.49377683333333
941.5385,3.3390625397314357,34.515834634626366,31.981654561995157,184.04706910957165,2026-06-25 04:19:06.969326,NaN,NaN,NaN,-34.63892533333333,17.49377683333333
941.7345,3.3390208937495034,34.515976828676216,31.981675928652926,184.045650598801,2026-06-25 04:19:06.869352,NaN,NaN,NaN,-34.63892533333333,17.49377683333333
941.895,3.338965669001329,34.51608237958015,31.98176155928132,184.05760542379278,2026-06-25 04:19:06.794371,NaN,NaN,NaN,-34.63892533333333,17.49377683333333
942.126,3.3389010627573064,34.51615220696337,31.98185724366036,184.05666394410616,2026-06-25 04:19:06.744384,NaN,NaN,NaN,-34.63892533333333,17.49377683333333
942.497,3.3388241710991395,34.5162216588061,31.98197401924979,184.05690946694952,2026-06-25 04:19:06.694397,NaN,NaN,NaN,-34.63892533333333,17.49377683333333
942.682,3.338717056459399,34.51632514791756,31.982168894491075,184.06176981020252,2026-06-25 04:19:06.619417,NaN,NaN,NaN,-34.63892533333333,17.49377683333333
942.988,3.3385998351075985,34.51649610026118,31.982485772281528,184.06455688813588,2026-06-25 04:19:06.494449,NaN,NaN,NaN,-34.63892533333333,17.49377683333333
943.2929999999999,3.3386050493819566,34.51649622119343,31.98248255151868,184.06549144133413,2026-06-25 04:19:06.494449,NaN,NaN,NaN,-34.63892533333333,17.49377683333333
943.63,3.3385558599375686,34.51663193984788,31.982709766332,183.8155984396005,2026-06-25 04:19:06.394475,NaN,NaN,NaN,-34.63892533333333,17.49377683333333
943.9490000000001,3.338533019757415,34.51673322115305,31.98284795799699,184.0678072389654,2026-06-25 04:19:06.319495,NaN,NaN,NaN,-34.63892533333333,17.49377683333333
944.084,3.338493622939934,34.5168342327014,31.9829544115064,184.07045512800215,2026-06-25 04:19:06.244515,NaN,NaN,NaN,-34.63892533333333,17.49377683333333
944.4155000000001,3.338376663522271,34.516935028951856,31.983016066760968,184.07805329877593,2026-06-25 04:19:06.169534,NaN,NaN,NaN,-34.63892533333333,17.49377683333333
944.8399999999999,3.3380627460678505,34.5170693329199,31.98303539591468,183.82553241633315,2026-06-25 04:19:06.069560,NaN,NaN,NaN,-34.63892533333333,17.49377683333333
945.104,3.33770751580513,34.51717012242373,31.98300029129728,183.8306420247453,2026-06-25 04:19:05.994580,NaN,NaN,NaN,-34.63892533333333,17.49377683333333
945.284,3.337407115753324,34.51723741907462,31.98294842680642,183.83637289445076,2026-06-25 04:19:05.944593,NaN,NaN,NaN,-34.63892533333333,17.49377683333333
945.4993333333333,3.33667588873475,34.51737248344989,31.98276896004187,183.8482583462657,2026-06-25 04:19:05.844619,NaN,NaN,NaN,-34.63892533333333,17.49377683333333
946.11,3.335717941904898,34.51754234538913,31.982442843687366,183.85779472437767,2026-06-25 04:19:05.719651,NaN,NaN,NaN,-34.63892533333333,17.49377683333333
946.518,3.3352160164910374,34.5176450795132,31.982212110959306,183.86171750227228,2026-06-25 04:19:05.644671,NaN,NaN,NaN,-34.63892533333333,17.49377683333333
946.693,3.3347983464952433,34.5177486859007,31.981985413515677,183.87090141576198,2026-06-25 04:19:05.569690,NaN,NaN,NaN,-34.63892533333333,17.49377683333333
947.036,3.334411716156407,34.51785310632446,31.98176767865584,183.86926436645948,2026-06-25 04:19:05.494710,NaN,NaN,NaN,-34.63892533333333,17.49377683333333
947.288,3.3339929234814116,34.51795869065545,31.981548617423584,183.87455901540096,2026-06-25 04:19:05.419730,NaN,NaN,NaN,-34.63892533333333,17.49377683333333
947.507,3.333469620375788,34.518065323719306,31.98130605634194,183.8830667232669,2026-06-25 04:19:05.344749,NaN,NaN,NaN,-34.63892533333333,17.49377683333333
947.77,3.333009861952973,34.518137177091205,31.981102341817728,183.89018223587772,2026-06-25 04:19:05.294762,NaN,NaN,NaN,-34.63892533333333,17.49377683333333
947.901,3.331792138805058,34.518209653124764,31.98050250240917,183.90567035911351,2026-06-25 04:19:05.194788,NaN,NaN,NaN,-34.63892533333333,17.49377683333333
948.027,3.3324509333278396,34.51828279112642,31.980840880435974,183.64665921849883,2026-06-25 04:19:05.244775,NaN,NaN,NaN,-34.63892533333333,17.49377683333333
948.286,3.3310381744114155,34.518356630337806,31.980072536024917,183.65802455227038,2026-06-25 04:19:05.144801,NaN,NaN,NaN,-34.63892533333333,17.49377683333333
948.7645,3.329724091055831,34.51846888935327,31.9792247238003,183.91863547375476,2026-06-25 04:19:05.069821,NaN,NaN,NaN,-34.63892533333333,17.49377683333333
948.847,3.328215789293153,34.51858274589028,31.97817537334911,183.67798616223806,2026-06-25 04:19:04.994840,NaN,NaN,NaN,-34.63892533333333,17.49377683333333
949.337,3.3253737354734185,34.51876463088205,31.976160829668128,183.70074339581336,2026-06-25 04:19:04.878204,NaN,NaN,NaN,-34.63892533333333,17.49377683333333
949.477,3.3245304106482743,34.51881657096945,31.975562711837743,183.72343263662987,2026-06-25 04:19:04.844879,NaN,NaN,NaN,-34.63892533333333,17.49377683333333
949.965,3.32079788202805,34.518977245635526,31.97295907486271,183.75000666324897,2026-06-25 04:19:04.694918,NaN,NaN,NaN,-34.63892533333333,17.49377683333333
950.168,3.3219559513222587,34.51905913245255,31.97376596836379,183.74932710155272,2026-06-25 04:19:04.744905,NaN,NaN,NaN,-34.63892533333333,17.49377683333333
950.303,3.3197802497578173,34.51914210113111,31.97225455857488,183.75711385782606,2026-06-25 04:19:04.644931,NaN,NaN,NaN,-34.63892533333333,17.49377683333333
950.492,3.318918726784187,34.519226187742305,31.97166626881888,183.7654246158866,2026-06-25 04:19:04.594944,NaN,NaN,NaN,-34.63892533333333,17.49377683333333
950.774,3.317639480521137,34.519397856455235,31.970821164885457,183.76422941634934,2026-06-25 04:19:04.494971,NaN,NaN,NaN,-34.63892533333333,17.49377683333333
950.8765000000001,3.3176975425688386,34.519398467921334,31.970865173535127,183.77531999325035,2026-06-25 04:19:04.494971,NaN,NaN,NaN,-34.63892533333333,17.49377683333333
951.157,3.3168252578272,34.519574416275084,31.97032948513048,183.78580696676727,2026-06-25 04:19:04.394997,NaN,NaN,NaN,-34.63892533333333,17.49377683333333
951.411,3.3163502886622096,34.51966461443798,31.970100819634435,183.53306408870606,2026-06-25 04:19:04.295023,NaN,NaN,NaN,-34.63892533333333,17.49377683333333
951.656,3.3165483340471233,34.51975613493623,31.970185909183385,183.7878445495748,2026-06-25 04:19:04.345010,NaN,NaN,NaN,-34.63892533333333,17.49377683333333
951.914,3.316195652548052,34.51989613926774,31.970076155058027,183.6644308444487,2026-06-25 04:19:04.220042,NaN,NaN,NaN,-34.63892533333333,17.49377683333333
952.053,3.3161528984576747,34.52003894375495,31.97022464593172,183.53264751122987,2026-06-25 04:19:04.095075,NaN,NaN,NaN,-34.63892533333333,17.49377683333333
952.271,3.3161470702819593,34.520136062918944,31.970138227659586,183.54031561152135,2026-06-25 04:19:04.145062,NaN,NaN,NaN,-34.63892533333333,17.49377683333333
952.44,3.3161601752339767,34.52023465496685,31.97033318168162,183.53849039358676,2026-06-25 04:19:04.045088,NaN,NaN,NaN,-34.63892533333333,17.49377683333333
952.6635,3.316120117211374,34.52038555712345,31.970511643453847,183.5417839529312,2026-06-25 04:19:03.970107,NaN,NaN,NaN,-34.63892533333333,17.49377683333333
953.159,3.3158415164082866,34.52053953880535,31.970771516905067,183.55134272325856,2026-06-25 04:19:03.845140,NaN,NaN,NaN,-34.63892533333333,17.49377683333333
953.31,3.315992286584892,34.52064428790568,31.970679029615972,183.5457405899933,2026-06-25 04:19:03.895127,NaN,NaN,NaN,-34.63892533333333,17.49377683333333
953.526,3.3156479047150773,34.52075063765375,31.97084605945917,183.55791063592198,2026-06-25 04:19:03.795153,NaN,NaN,NaN,-34.63892533333333,17.49377683333333
953.788,3.3151967205783213,34.52096822772602,31.970943561298395,183.56178084928953,2026-06-25 04:19:03.695179,NaN,NaN,NaN,-34.63892533333333,17.49377683333333
953.832,3.315202515948425,34.52096906001539,31.970936984395493,183.5621081085381,2026-06-25 04:19:03.695179,NaN,NaN,NaN,-34.63892533333333,17.49377683333333
954.098,3.314781698679554,34.52119247493321,31.970989081209577,183.30934333102948,2026-06-25 04:19:03.595205,NaN,NaN,NaN,-34.63892533333333,17.49377683333333
954.356,3.314513995229288,34.5213653339935,31.971006236644545,183.31240663667216,2026-06-25 04:19:03.520225,NaN,NaN,NaN,-34.63892533333333,17.49377683333333
954.514,3.314247447935293,34.52154164411107,31.97102355584981,183.31465617850154,2026-06-25 04:19:03.445244,NaN,NaN,NaN,-34.63892533333333,17.49377683333333
955.144,3.3138599728908766,34.52178313375775,31.971069262714742,183.5837135674036,2026-06-25 04:19:03.345270,NaN,NaN,NaN,-34.63892533333333,17.49377683333333
955.2875,3.3137715721814027,34.5218466076723,31.971103058919837,183.32713787987345,2026-06-25 04:19:03.320277,NaN,NaN,NaN,-34.63892533333333,17.49377683333333
955.476,3.3136641765867445,34.521906529538995,31.971109401630564,183.32756202641846,2026-06-25 04:19:03.295283,NaN,NaN,NaN,-34.63892533333333,17.49377683333333
955.718,3.3133358605063794,34.52215867254509,31.971235535483633,183.33667180116842,2026-06-25 04:19:03.195309,NaN,NaN,NaN,-34.63892533333333,17.49377683333333
955.9615,3.313183661018347,34.522418000352026,31.97142711396588,183.33899113108544,2026-06-25 04:19:03.095335,NaN,NaN,NaN,-34.63892533333333,17.49377683333333
956.214,3.3131572073075,34.52241890352417,31.971421832216883,183.33813924750172,2026-06-25 04:19:03.095335,NaN,NaN,NaN,-34.63892533333333,17.49377683333333
956.434,3.313277362062406,34.52282054254972,31.971787995940428,183.33586567081363,2026-06-25 04:19:02.945374,NaN,NaN,NaN,-34.63892533333333,17.49377683333333
956.8183333333333,3.3133800708496772,34.52291361528547,31.97190160489532,183.3421442992367,2026-06-25 04:19:02.912050,NaN,NaN,NaN,-34.63892533333333,17.49377683333333
957.391,3.3137444219765806,34.523239363495996,31.972641903216186,183.0907067578298,2026-06-25 04:19:02.695440,NaN,NaN,NaN,-34.63892533333333,17.49377683333333
957.5619999999999,3.313698700276184,34.52352757986709,31.972626265433018,183.08892935534772,2026-06-25 04:19:02.695440,NaN,NaN,NaN,-34.63892533333333,17.49377683333333
957.644,3.3136743167286737,34.523528472097624,31.972292208181138,183.33392538599435,2026-06-25 04:19:02.795414,NaN,NaN,NaN,-34.63892533333333,17.49377683333333
957.93,3.313469368804735,34.52382293248334,31.97286648326852,183.0985406266166,2026-06-25 04:19:02.595466,NaN,NaN,NaN,-34.63892533333333,17.49377683333333
958.118,3.3132289899236054,34.523973259313436,31.97289408814168,183.10094320111747,2026-06-25 04:19:02.545479,NaN,NaN,NaN,-34.63892533333333,17.49377683333333
958.246,3.312951541172331,34.52412533630938,31.97286052061246,183.10302823647842,2026-06-25 04:19:02.495492,NaN,NaN,NaN,-34.63892533333333,17.49377683333333
958.492,3.3126572719965077,34.52427914882308,31.972775018857657,183.1091315931602,2026-06-25 04:19:02.445505,NaN,NaN,NaN,-34.63892533333333,17.49377683333333
958.8795,3.3122137112628254,34.52451329718369,31.9725817364124,183.11094810489092,2026-06-25 04:19:02.370524,NaN,NaN,NaN,-34.63892533333333,17.49377683333333
959.08,3.3114952296322375,34.52491140485708,31.97222380616228,183.11529044668418,2026-06-25 04:19:02.245557,NaN,NaN,NaN,-34.63892533333333,17.49377683333333
959.2909999999999,3.311494242187411,34.524912223973594,31.972234068234904,183.11998599357844,2026-06-25 04:19:02.245557,NaN,NaN,NaN,-34.63892533333333,17.49377683333333
959.711,3.310917173502579,34.52523744730379,31.972019904860563,183.12854463322657,2026-06-25 04:19:02.145583,NaN,NaN,NaN,-34.63892533333333,17.49377683333333
959.834,3.3106229982334803,34.52540286378018,31.97198019951989,182.87769442533715,2026-06-25 04:19:02.095596,NaN,NaN,NaN,-34.63892533333333,17.49377683333333
960.071,3.3101920218285565,34.525654095932026,31.97201876783346,183.01068982573145,2026-06-25 04:19:02.020616,NaN,NaN,NaN,-34.63892533333333,17.49377683333333
960.224,3.309794299269293,34.525908361922035,31.97213883692827,182.88391229657844,2026-06-25 04:19:01.945635,NaN,NaN,NaN,-34.63892533333333,17.49377683333333
960.708,3.3095657455934666,34.52607984309486,31.972254437141597,182.88860714525995,2026-06-25 04:19:01.895648,NaN,NaN,NaN,-34.63892533333333,17.49377683333333
960.9066666666668,3.309226514584654,34.52642753601689,31.97251476495057,182.8950697690555,2026-06-25 04:19:01.795674,NaN,NaN,NaN,-34.63892533333333,17.49377683333333
961.143,3.3089697902564996,34.52677978050895,31.972857160234618,182.89689299129768,2026-06-25 04:19:01.645713,NaN,NaN,NaN,-34.63892533333333,17.49377683333333
961.263,3.3090133767903267,34.52695808428292,31.972758086488216,182.89743779847785,2026-06-25 04:19:01.695700,NaN,NaN,NaN,-34.63892533333333,17.49377683333333
961.515,3.308954607177137,34.52713763766818,31.972945641713533,182.89351208904543,2026-06-25 04:19:01.595726,NaN,NaN,NaN,-34.63892533333333,17.49377683333333
961.723,3.3089563140178617,34.52731839936671,31.973031965768534,182.64828211239953,2026-06-25 04:19:01.545739,NaN,NaN,NaN,-34.63892533333333,17.49377683333333
961.979,3.308964396676955,34.52750032687881,31.97312575248826,182.90571969521406,2026-06-25 04:19:01.495752,NaN,NaN,NaN,-34.63892533333333,17.49377683333333
962.099,3.308973772958517,34.527683376548204,31.973236263212065,182.6477721148927,2026-06-25 04:19:01.445765,NaN,NaN,NaN,-34.63892533333333,17.49377683333333
962.4884999999999,3.3089975638712916,34.52796008292334,31.973451501112493,182.65492610460814,2026-06-25 04:19:01.370785,NaN,NaN,NaN,-34.63892533333333,17.49377683333333
962.757,3.3090450829596314,34.52823880559874,31.973718986195042,182.65801213089927,2026-06-25 04:19:01.295804,NaN,NaN,NaN,-34.63892533333333,17.49377683333333
963.0264999999999,3.309143730205781,34.52851987019112,31.974046695500114,182.65489437294767,2026-06-25 04:19:01.220824,NaN,NaN,NaN,-34.63892533333333,17.49377683333333
963.425,3.309290123470312,34.52880266177988,31.974431139505334,182.65558370546876,2026-06-25 04:19:01.145844,NaN,NaN,NaN,-34.63892533333333,17.49377683333333
963.657,3.3094077570596667,34.52899225751306,31.974736433701313,182.65667898642354,2026-06-25 04:19:01.095857,NaN,NaN,NaN,-34.63892533333333,17.49377683333333
963.827,3.3095247833831283,34.529182590649626,31.975083939021935,182.65129981799726,2026-06-25 04:19:01.045870,NaN,NaN,NaN,-34.63892533333333,17.49377683333333
964.083,3.309630284386262,34.5293736095081,31.975473526986438,182.40927022901192,2026-06-25 04:19:00.995883,NaN,NaN,NaN,-34.63892533333333,17.49377683333333
964.197,3.309793083377661,34.529757494775225,31.976375533553213,182.403004652466,2026-06-25 04:19:00.895909,NaN,NaN,NaN,-34.63892533333333,17.49377683333333
964.4465,3.3097909812927444,34.52975775847351,31.976396495594294,182.40948844434917,2026-06-25 04:19:00.895909,NaN,NaN,NaN,-34.63892533333333,17.49377683333333
964.8399999999999,3.3099880471771934,34.53024031618877,31.977742305715225,182.4111544144127,2026-06-25 04:19:00.770941,NaN,NaN,NaN,-34.63892533333333,17.49377683333333
965.097,3.310159684162873,34.53053116261339,31.97867336895682,182.41357347008463,2026-06-25 04:19:00.695961,NaN,NaN,NaN,-34.63892533333333,17.49377683333333
965.213,3.3103251461963734,34.530725493276904,31.97933953336824,182.15852393056605,2026-06-25 04:19:00.645974,NaN,NaN,NaN,-34.63892533333333,17.49377683333333
965.5215000000001,3.3106708570479437,34.531017475391195,31.98038812213536,182.15162620489548,2026-06-25 04:19:00.570993,NaN,NaN,NaN,-34.63892533333333,17.49377683333333
965.823,3.311098654958058,34.53130980733625,31.981463109982673,182.1532503657468,2026-06-25 04:19:00.496013,NaN,NaN,NaN,-34.63892533333333,17.49377683333333
966.106,3.311413138422946,34.53150483780784,31.982177907470703,182.15982676518217,2026-06-25 04:19:00.446026,NaN,NaN,NaN,-34.63892533333333,17.49377683333333
966.315,3.3120524282222834,34.53169990736144,31.983533586453554,181.89480768660812,2026-06-25 04:19:00.346052,NaN,NaN,NaN,-34.63892533333333,17.49377683333333
966.525,3.311732845949799,34.53189496204524,31.98287272172082,182.14933354917272,2026-06-25 04:19:00.396039,NaN,NaN,NaN,-34.63892533333333,17.49377683333333
966.7296666666667,3.3126711882009476,34.532284754499784,31.98473101875494,181.89882548201885,2026-06-25 04:19:00.246078,NaN,NaN,NaN,-34.63892533333333,17.49377683333333
967.092,3.313264270762247,34.53267396574735,31.985848190113575,181.89736655905728,2026-06-25 04:19:00.146104,NaN,NaN,NaN,-34.63892533333333,17.49377683333333
967.4255,3.3137025117191863,34.532965078095536,31.986654438397615,181.8932435045893,2026-06-25 04:19:00.071124,NaN,NaN,NaN,-34.63892533333333,17.49377683333333
968.054,3.314323712637815,34.53344836825909,31.98786191242048,181.89151171626352,2026-06-25 04:18:59.946156,NaN,NaN,NaN,-34.63892533333333,17.49377683333333
968.5306666666667,3.314514850651251,34.53408779890817,31.988980655645406,181.89622818489264,2026-06-25 04:18:59.779533,NaN,NaN,NaN,-34.63892533333333,17.49377683333333
968.7225000000001,3.314337572264337,34.53440529588473,31.989373777428753,181.90194673232872,2026-06-25 04:18:59.696221,NaN,NaN,NaN,-34.63892533333333,17.49377683333333
969.3340000000001,3.3138667184217176,34.53487783457303,31.98977256056829,181.65847685723813,2026-06-25 04:18:59.571254,NaN,NaN,NaN,-34.63892533333333,17.49377683333333
969.485,3.3136096431871476,34.53515891644236,31.989879980681074,181.66047764055594,2026-06-25 04:18:59.496274,NaN,NaN,NaN,-34.63892533333333,17.49377683333333
969.689,3.3134897765462124,34.53534515770327,31.989885031867388,181.65943264209457,2026-06-25 04:18:59.446287,NaN,NaN,NaN,-34.63892533333333,17.49377683333333
970.12,3.31337016565602,34.535714556010866,31.989779677710626,181.66917607607994,2026-06-25 04:18:59.346313,NaN,NaN,NaN,-34.63892533333333,17.49377683333333
970.641,3.313351013948791,34.5360806943407,31.989655815755107,181.67267172564036,2026-06-25 04:18:59.246339,NaN,NaN,NaN,-34.63892533333333,17.49377683333333
970.803,3.3133934594620778,34.53626205047637,31.98963089386048,181.6676005505759,2026-06-25 04:18:59.196352,NaN,NaN,NaN,-34.63892533333333,17.49377683333333
971.1056666666667,3.3135390366147743,34.5366211323078,31.989729611512786,181.66393796346998,2026-06-25 04:18:59.096378,NaN,NaN,NaN,-34.63892533333333,17.49377683333333
971.486,3.313633825649508,34.53697644349488,31.989997946892952,181.67405898647064,2026-06-25 04:18:58.996404,NaN,NaN,NaN,-34.63892533333333,17.49377683333333
971.675,3.3136240807635553,34.53715214884085,31.99020914530276,181.66944248652374,2026-06-25 04:18:58.946417,NaN,NaN,NaN,-34.63892533333333,17.49377683333333
971.811,3.313593935759876,34.53732664822198,31.990455990991922,181.67639207429082,2026-06-25 04:18:58.896430,NaN,NaN,NaN,-34.63892533333333,17.49377683333333
972.155,3.31356206656826,34.53749991986992,31.99073442168063,181.68203393341585,2026-06-25 04:18:58.846443,NaN,NaN,NaN,-34.63892533333333,17.49377683333333
972.294,3.3135474699722596,34.53767194353111,31.991041914886694,181.6829932652458,2026-06-25 04:18:58.796456,NaN,NaN,NaN,-34.63892533333333,17.49377683333333
972.528,3.3136086438123318,34.537927436970676,31.991545308695095,181.68129403985634,2026-06-25 04:18:58.721475,NaN,NaN,NaN,-34.63892533333333,17.49377683333333
972.924,3.3139809833856098,34.538346764229566,31.992410366912438,181.59156976484425,2026-06-25 04:18:58.596508,NaN,NaN,NaN,-34.63892533333333,17.49377683333333
973.336,3.3144183013582778,34.53867693488984,31.99306597700236,181.42025579514268,2026-06-25 04:18:58.496534,NaN,NaN,NaN,-34.63892533333333,17.49377683333333
973.5485,3.3147157937475757,34.53892052934046,31.993491101311022,181.4277453345962,2026-06-25 04:18:58.421554,NaN,NaN,NaN,-34.63892533333333,17.49377683333333
973.9525000000001,3.3149976932735425,34.539240787689955,31.993993126237953,181.42782283637382,2026-06-25 04:18:58.321580,NaN,NaN,NaN,-34.63892533333333,17.49377683333333
974.379,3.3151604794971465,34.53947756114771,31.994355904223635,181.43316788754865,2026-06-25 04:18:58.246599,NaN,NaN,NaN,-34.63892533333333,17.49377683333333
974.485,3.3153374989892717,34.53971090154235,31.99474947704814,181.42996437424125,2026-06-25 04:18:58.171619,NaN,NaN,NaN,-34.63892533333333,17.49377683333333
974.73,3.315550142181604,34.53994149356462,31.995187174846667,181.4277112565461,2026-06-25 04:18:58.096638,NaN,NaN,NaN,-34.63892533333333,17.49377683333333
975.1145,3.315803696731696,34.54016865606924,31.995688473311674,181.43084488807514,2026-06-25 04:18:58.021658,NaN,NaN,NaN,-34.63892533333333,17.49377683333333
975.505,3.3160613373562904,34.5403930854347,31.99623481730015,181.4251013559425,2026-06-25 04:18:57.946677,NaN,NaN,NaN,-34.63892533333333,17.49377683333333
975.7330000000001,3.3162849620981105,34.54068689943011,31.996986737934748,181.17483692888672,2026-06-25 04:18:57.846703,NaN,NaN,NaN,-34.63892533333333,17.49377683333333
976.21,3.316293081610024,34.54097623870227,31.997689709981692,181.18713033809092,2026-06-25 04:18:57.746730,NaN,NaN,NaN,-34.63892533333333,17.49377683333333
976.5345,3.316076668009207,34.54118926923477,31.998131144618576,181.31577711705916,2026-06-25 04:18:57.671749,NaN,NaN,NaN,-34.63892533333333,17.49377683333333
976.9016666666666,3.3155543958127787,34.54153783780466,31.99868627329077,181.19521497754275,2026-06-25 04:18:57.546782,NaN,NaN,NaN,-34.63892533333333,17.49377683333333
977.2635,3.3150736558236895,34.54194581957927,31.999101005593474,181.20268912298692,2026-06-25 04:18:57.396821,NaN,NaN,NaN,-34.63892533333333,17.49377683333333
977.558,3.315046731133248,34.54194642687285,31.999098970708076,181.20218095533818,2026-06-25 04:18:57.396821,NaN,NaN,NaN,-34.63892533333333,17.49377683333333
977.914,3.314960450228513,34.54221243582849,31.999355109499703,181.20506386357803,2026-06-25 04:18:57.296847,NaN,NaN,NaN,-34.63892533333333,17.49377683333333
978.005,3.315009203968253,34.54234366799001,31.999529702786642,181.20540784827008,2026-06-25 04:18:57.246860,NaN,NaN,NaN,-34.63892533333333,17.49377683333333
978.202,3.3151166666548693,34.542473746648156,31.999740496262717,180.9618253010253,2026-06-25 04:18:57.196873,NaN,NaN,NaN,-34.63892533333333,17.49377683333333
978.5709999999999,3.315372844794727,34.542666613240684,32.00011027244725,181.07525780948606,2026-06-25 04:18:57.121892,NaN,NaN,NaN,-34.63892533333333,17.49377683333333
978.753,3.3156844600923727,34.54285728639737,32.000506020069245,181.20177964876396,2026-06-25 04:18:57.046912,NaN,NaN,NaN,-34.63892533333333,17.49377683333333
978.9565,3.3159848748070835,34.5430453085136,32.00090478807608,180.95436265493663,2026-06-25 04:18:56.971932,NaN,NaN,NaN,-34.63892533333333,17.49377683333333
979.089,3.3163596785475393,34.543231285215754,32.00155604095851,180.94759538409554,2026-06-25 04:18:56.846964,NaN,NaN,NaN,-34.63892533333333,17.49377683333333
979.292,3.316232180218862,34.543353949402224,32.00129808482865,180.94962031851742,2026-06-25 04:18:56.896951,NaN,NaN,NaN,-34.63892533333333,17.49377683333333
979.774,3.316465528734249,34.543475656703336,32.001810667560825,180.961144459368,2026-06-25 04:18:56.796977,NaN,NaN,NaN,-34.63892533333333,17.49377683333333
979.8935,3.3166035859909373,34.54365637226286,32.00219254464391,180.95829403888635,2026-06-25 04:18:56.721997,NaN,NaN,NaN,-34.63892533333333,17.49377683333333
980.127,3.3167569464602273,34.54383531210679,32.002591649737646,180.95331950471802,2026-06-25 04:18:56.647016,NaN,NaN,NaN,-34.63892533333333,17.49377683333333
980.44,3.316888103567459,34.5439534687347,32.00288305685045,180.95803640514924,2026-06-25 04:18:56.597029,NaN,NaN,NaN,-34.63892533333333,17.49377683333333
980.6145,3.317126121297181,34.54412908508303,32.00336474167751,180.9581470357529,2026-06-25 04:18:56.522049,NaN,NaN,NaN,-34.63892533333333,17.49377683333333
980.944,3.317400190206331,34.54430315565455,32.00387224488949,180.95932887234173,2026-06-25 04:18:56.447068,NaN,NaN,NaN,-34.63892533333333,17.49377683333333
981.12,3.317608270888579,34.54441822111469,32.004208455977604,180.95669653537695,2026-06-25 04:18:56.397081,NaN,NaN,NaN,-34.63892533333333,17.49377683333333
981.3254999999999,3.3179504424682844,34.544589435547124,32.00468402164767,180.9536336025122,2026-06-25 04:18:56.322101,NaN,NaN,NaN,-34.63892533333333,17.49377683333333
981.482,3.3182982852365392,34.544759340315316,32.00512520198281,180.95015855400223,2026-06-25 04:18:56.247120,NaN,NaN,NaN,-34.63892533333333,17.49377683333333
981.793,3.3185123947521893,34.54487178646119,32.00539853811891,180.70439366773323,2026-06-25 04:18:56.197133,NaN,NaN,NaN,-34.63892533333333,17.49377683333333
981.95,3.3189293815347742,34.54498365182031,32.00602208225875,180.8316624183174,2026-06-25 04:18:56.072166,NaN,NaN,NaN,-34.63892533333333,17.49377683333333
982.19,3.318700654605169,34.54515036188799,32.00565819959007,180.95350491899714,2026-06-25 04:18:56.147147,NaN,NaN,NaN,-34.63892533333333,17.49377683333333
982.4775,3.31918661729848,34.54537097468357,32.0064701099228,180.70768994995325,2026-06-25 04:18:55.972192,NaN,NaN,NaN,-34.63892533333333,17.49377683333333
982.893,3.319384263579346,34.54553529208549,32.0067809825431,180.70546437212784,2026-06-25 04:18:55.897212,NaN,NaN,NaN,-34.63892533333333,17.49377683333333
983.193,3.3195256843878314,34.54564428478853,32.006976460962754,180.70412068160357,2026-06-25 04:18:55.847225,NaN,NaN,NaN,-34.63892533333333,17.49377683333333
983.333,3.3197706962051217,34.54586105193166,32.007354072256305,180.7038761567114,2026-06-25 04:18:55.747251,NaN,NaN,NaN,-34.63892533333333,17.49377683333333
983.682,3.319907971581358,34.54607673654498,32.00773099699209,180.70576581587375,2026-06-25 04:18:55.647277,NaN,NaN,NaN,-34.63892533333333,17.49377683333333
983.923,3.319896420224895,34.54623766414801,32.00802748425811,180.71048598315534,2026-06-25 04:18:55.572296,NaN,NaN,NaN,-34.63892533333333,17.49377683333333
984.072,3.3198363848564925,34.54639812375297,32.008350436665566,180.7206101324216,2026-06-25 04:18:55.497316,NaN,NaN,NaN,-34.63892533333333,17.49377683333333
984.307,3.3197924318298364,34.54650482573244,32.00859198237948,180.71661759571026,2026-06-25 04:18:55.447329,NaN,NaN,NaN,-34.63892533333333,17.49377683333333
984.605,3.3197744357767633,34.546611354108,32.00885597065134,180.7189262972027,2026-06-25 04:18:55.397342,NaN,NaN,NaN,-34.63892533333333,17.49377683333333
984.922,3.3198729092186157,34.546823945505245,32.00944847666718,180.642263289725,2026-06-25 04:18:55.297368,NaN,NaN,NaN,-34.63892533333333,17.49377683333333
985.5062499999999,3.3201252931323824,34.54724807439077,32.01062481762655,180.46566074192208,2026-06-25 04:18:55.097420,NaN,NaN,NaN,-34.63892533333333,17.49377683333333
985.922,3.3201986248877966,34.54735402621729,32.01093399548373,180.47970789558244,2026-06-25 04:18:55.047433,NaN,NaN,NaN,-34.63892533333333,17.49377683333333
986.0070000000001,3.320106018257797,34.5475658460833,32.0113399576459,180.47609767636771,2026-06-25 04:18:54.947459,NaN,NaN,NaN,-34.63892533333333,17.49377683333333
986.217,3.3199995133753495,34.5477777267491,32.01167258836434,180.4764921129758,2026-06-25 04:18:54.847485,NaN,NaN,NaN,-34.63892533333333,17.49377683333333
986.457,3.31995740031683,34.54788373883106,32.01181439888821,180.47549160832162,2026-06-25 04:18:54.797498,NaN,NaN,NaN,-34.63892533333333,17.49377683333333
986.808,3.3199216797359776,34.547989812672704,32.01195270127865,180.47829523635002,2026-06-25 04:18:54.747511,NaN,NaN,NaN,-34.63892533333333,17.49377683333333
987.031,3.3198972634168307,34.54814907598802,32.012157916773745,180.48735811991904,2026-06-25 04:18:54.672531,NaN,NaN,NaN,-34.63892533333333,17.49377683333333
987.315,3.3199396038509765,34.548308517936086,32.01236762318257,180.493653078979,2026-06-25 04:18:54.597550,NaN,NaN,NaN,-34.63892533333333,17.49377683333333
987.4784999999999,3.3202761348097924,34.548521487062104,32.012682363175976,180.48432931442105,2026-06-25 04:18:54.497576,NaN,NaN,NaN,-34.63892533333333,17.49377683333333
987.726,3.3202373959384057,34.548521545916486,32.01267739021121,180.48054847578481,2026-06-25 04:18:54.497576,NaN,NaN,NaN,-34.63892533333333,17.49377683333333
988.17,3.3211465789090733,34.54884183548982,32.01321684932898,180.47373052773293,2026-06-25 04:18:54.347616,NaN,NaN,NaN,-34.63892533333333,17.49377683333333
988.3016666666666,3.321302812033729,34.54891328539737,32.01335693221343,180.4757613691943,2026-06-25 04:18:54.314291,NaN,NaN,NaN,-34.63892533333333,17.49377683333333
988.6853333333333,3.3217251933072647,34.549306768412116,32.01414055010026,180.4835359385326,2026-06-25 04:18:54.131005,NaN,NaN,NaN,-34.63892533333333,17.49377683333333
989.0735,3.3216009116308722,34.549486190350976,32.01451446844979,180.3636607471392,2026-06-25 04:18:54.047694,NaN,NaN,NaN,-34.63892533333333,17.49377683333333
989.296,3.3211776350122646,34.54975601812265,32.01534583772349,180.24073734382654,2026-06-25 04:18:53.847746,NaN,NaN,NaN,-34.63892533333333,17.49377683333333
989.51,3.3212857371485094,34.54991830289993,32.01506016771,180.24470098320134,2026-06-25 04:18:53.922726,NaN,NaN,NaN,-34.63892533333333,17.49377683333333
989.793,3.3211744682910997,34.55002664651798,32.01550541906067,180.49384904006428,2026-06-25 04:18:53.797759,NaN,NaN,NaN,-34.63892533333333,17.49377683333333
990.0095,3.321244043437778,34.550189371004976,32.015696680340724,180.24111979764828,2026-06-25 04:18:53.722778,NaN,NaN,NaN,-34.63892533333333,17.49377683333333
990.241,3.321337603146183,34.550352283347074,32.01585283442197,180.24380960189487,2026-06-25 04:18:53.647798,NaN,NaN,NaN,-34.63892533333333,17.49377683333333
990.442,3.32138052041259,34.550461000890934,32.0159484743851,180.24802460364126,2026-06-25 04:18:53.597811,NaN,NaN,NaN,-34.63892533333333,17.49377683333333
990.689,3.321343600754469,34.55067864552195,32.01617447157606,180.24888754526563,2026-06-25 04:18:53.497837,NaN,NaN,NaN,-34.63892533333333,17.49377683333333
991.079,3.3210426302872724,34.551005375728124,32.0165910052168,180.38159128176795,2026-06-25 04:18:53.347876,NaN,NaN,NaN,-34.63892533333333,17.49377683333333
991.267,3.321046514170833,34.551005377170256,32.0165941198242,180.25829959528738,2026-06-25 04:18:53.347876,NaN,NaN,NaN,-34.63892533333333,17.49377683333333
991.556,3.320671272848845,34.55133214260515,32.01698163982454,180.25888896619918,2026-06-25 04:18:53.197915,NaN,NaN,NaN,-34.63892533333333,17.49377683333333
991.7283333333334,3.3206368642482382,34.5514046758949,32.01704561179725,180.26249917108424,2026-06-25 04:18:53.164591,NaN,NaN,NaN,-34.63892533333333,17.49377683333333
991.991,3.320473031891463,34.55176705181317,32.01734643953559,180.26266691208446,2026-06-25 04:18:52.997967,NaN,NaN,NaN,-34.63892533333333,17.49377683333333
992.1189999999999,3.320477463190589,34.55176711066617,32.017342658545715,180.2651337785715,2026-06-25 04:18:52.997967,NaN,NaN,NaN,-34.63892533333333,17.49377683333333
992.361,3.3204458996535124,34.551983962321735,32.017476928841766,180.27429673095037,2026-06-25 04:18:52.897993,NaN,NaN,NaN,-34.63892533333333,17.49377683333333
992.55,3.320563089761423,34.552092162775544,32.01759604420471,180.26628394743133,2026-06-25 04:18:52.748033,NaN,NaN,NaN,-34.63892533333333,17.49377683333333
992.786,3.320457093649741,34.552307902985305,32.01753072172378,180.2713029309719,2026-06-25 04:18:52.848006,NaN,NaN,NaN,-34.63892533333333,17.49377683333333
992.8720000000001,3.3206570915351072,34.552469053770594,32.01762485308899,180.26647252596507,2026-06-25 04:18:52.673052,NaN,NaN,NaN,-34.63892533333333,17.49377683333333
993.0613333333334,3.320751843373601,34.552701116866814,32.017686858329874,180.04952421258128,2026-06-25 04:18:52.564747,NaN,NaN,NaN,-34.63892533333333,17.49377683333333
993.5799999999999,3.3205452666337143,34.553107845828364,32.01813210339179,180.1515873819487,2026-06-25 04:18:52.373130,NaN,NaN,NaN,-34.63892533333333,17.49377683333333
993.7384999999999,3.32057484805366,34.55310822591446,32.018094740884656,180.0295705710432,2026-06-25 04:18:52.373130,NaN,NaN,NaN,-34.63892533333333,17.49377683333333
993.9025,3.3201191844333655,34.553422849982624,32.01879134393438,180.02954317821946,2026-06-25 04:18:52.223169,NaN,NaN,NaN,-34.63892533333333,17.49377683333333
994.0905,3.319728737149316,34.553630410208704,32.01930320019133,180.0354435339784,2026-06-25 04:18:52.123195,NaN,NaN,NaN,-34.63892533333333,17.49377683333333
994.479,3.318957546751033,34.553784874581275,32.01990190510561,180.04025092771724,2026-06-25 04:18:51.973234,NaN,NaN,NaN,-34.63892533333333,17.49377683333333
994.624,3.3193758685803503,34.55393804173259,32.019640846824856,180.04820206447562,2026-06-25 04:18:52.048215,NaN,NaN,NaN,-34.63892533333333,17.49377683333333
994.826,3.318325017746559,34.55414041622143,32.020142313765255,180.05418941827233,2026-06-25 04:18:51.873261,NaN,NaN,NaN,-34.63892533333333,17.49377683333333
995.061,3.317799954423452,34.55429073661612,32.02023693739507,180.05817825862295,2026-06-25 04:18:51.798280,NaN,NaN,NaN,-34.63892533333333,17.49377683333333
995.2595,3.316858266282045,34.55456180066635,32.02015042259565,180.06652000582534,2026-06-25 04:18:51.660816,NaN,NaN,NaN,-34.63892533333333,17.49377683333333
995.5005,3.3161696654605426,34.554780825702565,32.01997514663751,180.0697206279376,2026-06-25 04:18:51.548345,NaN,NaN,NaN,-34.63892533333333,17.49377683333333
995.686,3.3151196844645265,34.55497253824266,32.01955878364793,180.085907542168,2026-06-25 04:18:51.298410,NaN,NaN,NaN,-34.63892533333333,17.49377683333333
995.851,3.3156595706102063,34.55506712184953,32.01978633643146,180.07881045770367,2026-06-25 04:18:51.448371,NaN,NaN,NaN,-34.63892533333333,17.49377683333333
996.119,3.315442489031899,34.5552540233682,32.01970006850148,180.0846028793368,2026-06-25 04:18:51.398384,NaN,NaN,NaN,-34.63892533333333,17.49377683333333
996.2629999999999,3.31514111498605,34.55534526020562,32.01952296515301,180.08636897492863,2026-06-25 04:18:51.248423,NaN,NaN,NaN,-34.63892533333333,17.49377683333333
996.5575,3.315282686428298,34.555616746500206,32.01943071565158,180.08390019407318,2026-06-25 04:18:51.073469,NaN,NaN,NaN,-34.63892533333333,17.49377683333333
996.7180000000001,3.315253934956777,34.5556629249421,32.01946826836969,180.08081398882692,2026-06-25 04:18:51.098463,NaN,NaN,NaN,-34.63892533333333,17.49377683333333
997.135,3.3156593469117204,34.55588305916128,32.019588170685054,180.08793871845558,2026-06-25 04:18:50.898515,NaN,NaN,NaN,-34.63892533333333,17.49377683333333
997.218,3.315561997522401,34.555969586615255,32.01952337060984,180.08891743592628,2026-06-25 04:18:50.948502,NaN,NaN,NaN,-34.63892533333333,17.49377683333333
997.568,3.3157509285506563,34.55605525309976,32.01965605079168,180.09073835185595,2026-06-25 04:18:50.848528,NaN,NaN,NaN,-34.63892533333333,17.49377683333333
997.6405,3.315913930769756,34.55622353302172,32.019776452126806,180.0844863419122,2026-06-25 04:18:50.748554,NaN,NaN,NaN,-34.63892533333333,17.49377683333333
997.92225,3.3159977656992607,34.55644854909624,32.01983537152405,180.09311117300166,2026-06-25 04:18:50.611090,NaN,NaN,NaN,-34.63892533333333,17.49377683333333
998.075,3.316043550902759,34.556470430287625,32.019875898701315,180.08998646431172,2026-06-25 04:18:50.598593,NaN,NaN,NaN,-34.63892533333333,17.49377683333333
998.2976666666667,3.315935293927988,34.5568114450013,32.01968700438357,180.09475137591653,2026-06-25 04:18:50.381983,NaN,NaN,NaN,-34.63892533333333,17.49377683333333
998.48,3.3159099386812776,34.55686321398902,32.01964024949253,180.09918691503492,2026-06-25 04:18:50.348658,NaN,NaN,NaN,-34.63892533333333,17.49377683333333
998.6514999999999,3.3158846271182694,34.557050966452636,32.01948753765933,180.09304945057227,2026-06-25 04:18:50.223691,NaN,NaN,NaN,-34.63892533333333,17.49377683333333
999.1033333333334,3.31576907108095,34.55723292946923,32.019318053835406,180.09542655455272,2026-06-25 04:18:50.098723,NaN,NaN,NaN,-34.63892533333333,17.49377683333333
999.32,3.315425963427966,34.557374842064874,32.01915096633447,180.1043752408036,2026-06-25 04:18:49.998749,NaN,NaN,NaN,-34.63892533333333,17.49377683333333
999.4435,3.3149002429901158,34.55747853685713,32.019012328312314,180.1134434628679,2026-06-25 04:18:49.923769,NaN,NaN,NaN,-34.63892533333333,17.49377683333333
999.744,3.3142239160025464,34.55758040949694,32.018856997190085,180.12162726446985,2026-06-25 04:18:49.848788,NaN,NaN,NaN,-34.63892533333333,17.49377683333333
999.883,3.313449451596191,34.55768001107804,32.018659921625996,180.12455007377815,2026-06-25 04:18:49.773808,NaN,NaN,NaN,-34.63892533333333,17.49377683333333
1000.146,3.3115907064124945,34.55790376693369,32.01801211545089,180.1436254510235,2026-06-25 04:18:49.598853,NaN,NaN,NaN,-34.63892533333333,17.49377683333333
1000.249,3.3115861912313718,34.55790488636945,32.018024495450916,180.1427710910783,2026-06-25 04:18:49.598853,NaN,NaN,NaN,-34.63892533333333,17.49377683333333
1000.534,3.310059191966244,34.55808880412054,32.01737652975195,180.15449412225985,2026-06-25 04:18:49.448892,NaN,NaN,NaN,-34.63892533333333,17.49377683333333
1000.6626666666667,3.3091838244127665,34.55820698309458,32.016956790141556,180.1592343221344,2026-06-25 04:18:49.315594,NaN,NaN,NaN,-34.63892533333333,17.49377683333333
1000.811,3.30931352448033,34.55824491292238,32.01701046761321,180.15978473821178,2026-06-25 04:18:49.348919,NaN,NaN,NaN,-34.63892533333333,17.49377683333333
1001.306,3.3086551068936387,34.558405257783484,32.01677490002035,180.16935467252657,2026-06-25 04:18:49.173964,NaN,NaN,NaN,-34.63892533333333,17.49377683333333
1001.4726666666666,3.3085124599865687,34.55854029557133,32.01681564713772,180.16818469753812,2026-06-25 04:18:49.048997,NaN,NaN,NaN,-34.63892533333333,17.49377683333333
1001.7360000000001,3.3084958750136257,34.55864490983227,32.016828277968145,180.16873244930576,2026-06-25 04:18:48.874042,NaN,NaN,NaN,-34.63892533333333,17.49377683333333
1001.824,3.308493349755799,34.558720834945234,32.016835737981125,180.17376976383946,2026-06-25 04:18:48.949023,NaN,NaN,NaN,-34.63892533333333,17.49377683333333
1002.0625,3.308289362580746,34.55886643493918,32.01678362634121,180.17637490180675,2026-06-25 04:18:48.724081,NaN,NaN,NaN,-34.63892533333333,17.49377683333333
1002.283,3.307971956326311,34.55895200358199,32.01672401020432,180.00847942491012,2026-06-25 04:18:48.632439,NaN,NaN,NaN,-34.63892533333333,17.49377683333333
1002.4555,3.307830166107377,34.558982084918654,32.01670943717491,180.0597535162064,2026-06-25 04:18:48.599114,NaN,NaN,NaN,-34.63892533333333,17.49377683333333
1002.605,3.306894888883829,34.559116629129,32.01669169653554,179.93739738796634,2026-06-25 04:18:48.349179,NaN,NaN,NaN,-34.63892533333333,17.49377683333333
1002.992,3.307152483374158,34.55920123554618,32.01662944281299,179.9450984563349,2026-06-25 04:18:48.449153,NaN,NaN,NaN,-34.63892533333333,17.49377683333333
1003.081,3.3069222347288054,34.55922811896132,32.01673579579661,180.19493023748785,2026-06-25 04:18:48.315854,NaN,NaN,NaN,-34.63892533333333,17.49377683333333
1003.302,3.3071149888252838,34.55936098668852,32.01693541408636,179.93867190959955,2026-06-25 04:18:48.149231,NaN,NaN,NaN,-34.63892533333333,17.49377683333333
1003.468,3.307324274529699,34.55941527982721,32.01699790296101,179.9419355529761,2026-06-25 04:18:48.074251,NaN,NaN,NaN,-34.63892533333333,17.49377683333333
1003.6545,3.307338236063577,34.559417586975854,32.01701821774421,180.06937863601377,2026-06-25 04:18:48.074251,NaN,NaN,NaN,-34.63892533333333,17.49377683333333
1003.8843333333333,3.3076700101916408,34.55953111959605,32.017129775782344,180.16301536519674,2026-06-25 04:18:47.915959,NaN,NaN,NaN,-34.63892533333333,17.49377683333333
1004.1379999999999,3.3073180987258257,34.559684377797204,32.01720334793093,179.951332169243,2026-06-25 04:18:47.674355,NaN,NaN,NaN,-34.63892533333333,17.49377683333333
1004.2980000000001,3.307315704887101,34.55969031557014,32.01719992781568,179.95282894986204,2026-06-25 04:18:47.682686,NaN,NaN,NaN,-34.63892533333333,17.49377683333333
1004.433,3.307257958175779,34.559706648477146,32.017211125175294,179.95242186840912,2026-06-25 04:18:47.649362,NaN,NaN,NaN,-34.63892533333333,17.49377683333333
1004.7375,3.30624365312865,34.5598370782197,32.01712848302487,180.21123899799272,2026-06-25 04:18:47.424420,NaN,NaN,NaN,-34.63892533333333,17.49377683333333
1005.078,3.3061185491565253,34.559851565025255,32.01712283815355,179.9682526321575,2026-06-25 04:18:47.399427,NaN,NaN,NaN,-34.63892533333333,17.49377683333333
1005.3489999999999,3.3059486158591924,34.5598769310847,32.016959246410735,180.09568971992758,2026-06-25 04:18:47.349440,NaN,NaN,NaN,-34.63892533333333,17.49377683333333
1005.557,3.3057443675395173,34.559904454000254,32.01687786630586,180.21983163110679,2026-06-25 04:18:47.299453,NaN,NaN,NaN,-34.63892533333333,17.49377683333333
1005.645,3.3052625676450145,34.559966453606364,32.016431447899365,179.97636093956422,2026-06-25 04:18:47.174485,NaN,NaN,NaN,-34.63892533333333,17.49377683333333
1005.8620000000001,3.3044666639396545,34.56003512618817,32.01571263368183,179.9859231887193,2026-06-25 04:18:47.024524,NaN,NaN,NaN,-34.63892533333333,17.49377683333333
1006.0074999999999,3.3040296778069007,34.56005453341053,32.01534143632131,180.11357149695363,2026-06-25 04:18:46.974537,NaN,NaN,NaN,-34.63892533333333,17.49377683333333
1006.355,3.3034085491614014,34.560093766366606,32.014808298247225,179.99883189839605,2026-06-25 04:18:46.882895,NaN,NaN,NaN,-34.63892533333333,17.49377683333333
1006.501,3.30162048265794,34.56014486577211,32.01346276409988,180.01076703149553,2026-06-25 04:18:46.699609,NaN,NaN,NaN,-34.63892533333333,17.49377683333333
1006.598,3.302185590093425,34.560162580192035,32.013831914967255,180.0119607265712,2026-06-25 04:18:46.749596,NaN,NaN,NaN,-34.63892533333333,17.49377683333333
1006.8454999999999,3.3002963910169445,34.56019565689472,32.01274482825503,180.02074433414236,2026-06-25 04:18:46.599635,NaN,NaN,NaN,-34.63892533333333,17.49377683333333
1007.09,3.3003226614757044,34.56019598997179,32.01274634654697,180.0299247582147,2026-06-25 04:18:46.599635,NaN,NaN,NaN,-34.63892533333333,17.49377683333333
1007.2815,3.2979965625416843,34.560240793382405,32.01163821154576,180.04460659030482,2026-06-25 04:18:46.449674,NaN,NaN,NaN,-34.63892533333333,17.49377683333333
1007.447,3.2980059345629322,34.56024111970956,32.01164257509793,180.04881769265933,2026-06-25 04:18:46.449674,NaN,NaN,NaN,-34.63892533333333,17.49377683333333
1007.744,3.2955667179948986,34.56028037667844,32.01048151647493,180.07073726431213,2026-06-25 04:18:46.299713,NaN,NaN,NaN,-34.63892533333333,17.49377683333333
1007.9293333333334,3.294837480973637,34.56029774984298,32.00997404497084,180.0739459378049,2026-06-25 04:18:46.216402,NaN,NaN,NaN,-34.63892533333333,17.49377683333333
1008.1179999999999,3.2945434858252582,34.560335895227496,32.00964891615052,180.07248745710706,2026-06-25 04:18:45.983129,NaN,NaN,NaN,-34.63892533333333,17.49377683333333
1008.24425,3.2937514901629115,34.560349896036335,32.00894125129461,180.08234129251403,2026-06-25 04:18:45.937308,NaN,NaN,NaN,-34.63892533333333,17.49377683333333
1008.5169999999999,3.294225144098475,34.560367837026845,32.00898584926989,180.07925937842654,2026-06-25 04:18:45.812340,NaN,NaN,NaN,-34.63892533333333,17.49377683333333
1008.7018333333334,3.2956474135191876,34.560396146290955,32.00978566223686,180.06338595125376,2026-06-25 04:18:45.491591,NaN,NaN,NaN,-34.63892533333333,17.49377683333333
1008.845,3.2949983324746874,34.560396146290955,32.009438619400385,180.07883973247118,2026-06-25 04:18:45.274980,NaN,NaN,NaN,-34.63892533333333,17.49377683333333
