PRES (dbar),TEMP (°C),SAL (psu),COND (mS/cm),OXY (µmol/kg),TIME,FLUO (ug/L),TURB (NTU),PH,LAT (°N),LON (°E)
1.3142,17.33969700453376,35.406198348404395,45.70301583344002,239.97038914813373,2026-06-25 05:59:11.207868,NaN,NaN,NaN,-34.786271,17.513322666666667
1.4878,17.339749653793255,35.406198348404395,45.70303804124144,240.2877029341444,2026-06-25 05:59:11.197870,NaN,NaN,NaN,-34.786271,17.513322666666667
1.6776666666666669,17.33771336147228,35.406197117808965,45.702947688399895,239.9376321653815,2026-06-25 05:59:10.877954,NaN,NaN,NaN,-34.786271,17.513322666666667
1.897,17.337652809876232,35.40619593890771,45.703347532613044,239.93649325705906,2026-06-25 05:59:10.727993,NaN,NaN,NaN,-34.786271,17.513322666666667
2.144230769230769,17.33754084092341,35.4061673747109,45.703969632617,240.22358283208317,2026-06-25 05:59:10.039711,NaN,NaN,NaN,-34.786271,17.513322666666667
2.300888888888889,17.337193020506607,35.406115259111466,45.704727731270864,240.31150262766417,2026-06-25 05:59:09.139518,NaN,NaN,NaN,-34.786271,17.513322666666667
2.4737500000000003,17.337429912789172,35.406099025968985,45.704771506068404,240.31722398410346,2026-06-25 05:59:08.943041,NaN,NaN,NaN,-34.786271,17.513322666666667
2.6560909090909095,17.33977472171361,35.40602207216944,45.70550801922619,240.29129627349633,2026-06-25 05:59:08.278631,NaN,NaN,NaN,-34.786271,17.513322666666667
2.89375,17.342101868430937,35.40592627133423,45.706235891446745,240.06490073264087,2026-06-25 05:59:07.353872,NaN,NaN,NaN,-34.786271,17.513322666666667
3.1285000000000003,17.34220176423143,35.40589561633385,45.70630069297698,240.09201886075024,2026-06-25 05:59:07.087275,NaN,NaN,NaN,-34.786271,17.513322666666667
3.2885,17.341167613291418,35.40587164201646,45.70612699406179,240.2928188272182,2026-06-25 05:59:06.866499,NaN,NaN,NaN,-34.786271,17.513322666666667
3.5222,17.339623071976735,35.405850718851205,45.70606100844077,240.2974078702261,2026-06-25 05:59:06.659053,NaN,NaN,NaN,-34.786271,17.513322666666667
3.674,17.339558684076977,35.4058135831129,45.708308357405265,240.1702192228426,2026-06-25 05:59:06.210420,NaN,NaN,NaN,-34.786271,17.513322666666667
3.9090999999999996,17.34105331003068,35.4058135831129,45.71020211059411,240.2414107017874,2026-06-25 05:59:05.709301,NaN,NaN,NaN,-34.786271,17.513322666666667
4.085588235294118,17.34179977882293,35.4058135831129,45.70964821668073,240.29508443223173,2026-06-25 05:59:05.058882,NaN,NaN,NaN,-34.786271,17.513322666666667
4.262866666666667,17.342270694768775,35.40583720767175,45.70967248894255,240.2965768132776,2026-06-25 05:59:04.632915,NaN,NaN,NaN,-34.786271,17.513322666666667
4.52125,17.343484245356073,35.40599116689451,45.709915646418466,240.29431020309218,2026-06-25 05:59:03.754810,NaN,NaN,NaN,-34.786271,17.513322666666667
4.707769230769231,17.343528798140557,35.40616822650274,45.710045166196906,240.284003774271,2026-06-25 05:59:03.276089,NaN,NaN,NaN,-34.786271,17.513322666666667
4.8675,17.342841944345206,35.4064110984588,45.710359454256015,240.3000759401792,2026-06-25 05:59:02.730078,NaN,NaN,NaN,-34.786271,17.513322666666667
5.089499999999999,17.340679900258692,35.40669233505714,45.708945151436446,240.31922448381746,2026-06-25 05:59:02.225209,NaN,NaN,NaN,-34.786271,17.513322666666667
5.279916666666666,17.340226191482774,35.40708592620747,45.70878014181931,240.3179420110474,2026-06-25 05:59:01.592874,NaN,NaN,NaN,-34.786271,17.513322666666667
5.494214285714286,17.34563603802248,35.407643123415696,45.716031580342644,240.13881697067708,2026-06-25 05:59:00.627054,NaN,NaN,NaN,-34.786271,17.513322666666667
5.70590625,17.349719282105582,35.40802815643927,45.720869815513865,240.2547086817739,2026-06-25 05:58:59.841768,NaN,NaN,NaN,-34.786271,17.513322666666667
5.884058823529411,17.35310038170446,35.408396852487726,45.7237053041221,240.22499678448077,2026-06-25 05:58:58.745822,NaN,NaN,NaN,-34.786271,17.513322666666667
6.066928571428571,17.352382023847962,35.4085046777113,45.723205984060655,240.23552095211522,2026-06-25 05:58:58.106283,NaN,NaN,NaN,-34.786271,17.513322666666667
6.26625,17.351683302932713,35.4085046777113,45.72252970887629,240.23220493555752,2026-06-25 05:58:57.094047,NaN,NaN,NaN,-34.786271,17.513322666666667
6.45225,17.351103489661007,35.4085046777113,45.72155774881243,240.2417643719222,2026-06-25 05:58:56.775380,NaN,NaN,NaN,-34.786271,17.513322666666667
6.6691,17.351612390832194,35.40849918105276,45.722371517348066,240.23850672361294,2026-06-25 05:58:56.456713,NaN,NaN,NaN,-34.786271,17.513322666666667
6.875538461538462,17.352060957210444,35.408344215137326,45.72372163367178,240.24634942899058,2026-06-25 05:58:55.616547,NaN,NaN,NaN,-34.786271,17.513322666666667
7.1098823529411765,17.351101748992782,35.40788590135392,45.72184447859853,240.25664927316046,2026-06-25 05:58:54.179365,NaN,NaN,NaN,-34.786271,17.513322666666667
7.295418604651162,17.350805224117117,35.40761111916015,45.72123256005969,240.2573923217561,2026-06-25 05:58:53.367402,NaN,NaN,NaN,-34.786271,17.513322666666667
7.467833333333334,17.349666997752173,35.40754243492028,45.720722161834736,240.2645832778023,2026-06-25 05:58:53.049268,NaN,NaN,NaN,-34.786271,17.513322666666667
7.699266666666666,17.349470844274475,35.40720804437124,45.72051169715276,240.27242571565387,2026-06-25 05:58:51.639635,NaN,NaN,NaN,-34.786271,17.513322666666667
7.944800000000001,17.350252678278217,35.40720804437124,45.72110385207209,240.27082858507404,2026-06-25 05:58:50.518261,NaN,NaN,NaN,-34.786271,17.513322666666667
8.105083333333335,17.350402371839383,35.40720804437124,45.72119839131363,240.2686208713328,2026-06-25 05:58:50.349971,NaN,NaN,NaN,-34.786271,17.513322666666667
8.2846875,17.35055011608025,35.40739414203844,45.721549725068755,240.2734288448302,2026-06-25 05:58:49.346066,NaN,NaN,NaN,-34.786271,17.513322666666667
8.484181818181819,17.35064384163617,35.40768662818786,45.72168144092713,240.27324376013027,2026-06-25 05:58:48.431532,NaN,NaN,NaN,-34.786271,17.513322666666667
8.685758620689656,17.35022138948399,35.40802747543892,45.721762135331616,240.278221605022,2026-06-25 05:58:47.403038,NaN,NaN,NaN,-34.786271,17.513322666666667
8.879181818181818,17.349789096671635,35.40828596233451,45.722036011184095,240.2717312859094,2026-06-25 05:58:46.461591,NaN,NaN,NaN,-34.786271,17.513322666666667
9.114269230769231,17.349929150560452,35.40828596233451,45.72255654502752,240.2835124150631,2026-06-25 05:58:44.934716,NaN,NaN,NaN,-34.786271,17.513322666666667
9.298074074074075,17.350373235327666,35.40828596233451,45.722808353833926,240.28253279919227,2026-06-25 05:58:44.268223,NaN,NaN,NaN,-34.786271,17.513322666666667
9.480954545454546,17.349961054278563,35.40811750908062,45.722229722874175,240.29062522405695,2026-06-25 05:58:43.039756,NaN,NaN,NaN,-34.786271,17.513322666666667
9.710818181818182,17.349980905180384,35.40793973312244,45.72207937627076,240.2853724496723,2026-06-25 05:58:42.021839,NaN,NaN,NaN,-34.786271,17.513322666666667
9.910444444444444,17.350960290843325,35.407902764399225,45.722659441139065,240.27706195666215,2026-06-25 05:58:41.224572,NaN,NaN,NaN,-34.786271,17.513322666666667
10.088222222222221,17.35159610767213,35.40788825146402,45.722991454486085,240.28013201918824,2026-06-25 05:58:40.871886,NaN,NaN,NaN,-34.786271,17.513322666666667
10.294684210526317,17.349748248150913,35.40786714718345,45.72216030663076,240.2975372151239,2026-06-25 05:58:39.109919,NaN,NaN,NaN,-34.786271,17.513322666666667
10.522461538461537,17.348270768539642,35.40784948851598,45.72065127672928,240.3154936621188,2026-06-25 05:58:37.572533,NaN,NaN,NaN,-34.786271,17.513322666666667
10.677750000000001,17.34724783370959,35.40771700759042,45.719417823272664,240.30998190149097,2026-06-25 05:58:36.443660,NaN,NaN,NaN,-34.786271,17.513322666666667
10.873583333333332,17.345150835457762,35.40736703560456,45.71749930053268,240.35136646254597,2026-06-25 05:58:34.705438,NaN,NaN,NaN,-34.786271,17.513322666666667
11.099428571428572,17.343047306752975,35.40724097312692,45.715288522885096,240.36527741845237,2026-06-25 05:58:33.102086,NaN,NaN,NaN,-34.786271,17.513322666666667
11.3065,17.3412946768857,35.40724097312692,45.71231563897035,240.37556739343276,2026-06-25 05:58:31.821468,NaN,NaN,NaN,-34.786271,17.513322666666667
11.499684210526317,17.340779643017914,35.40724097312692,45.71210312188423,240.3851125770729,2026-06-25 05:58:30.898901,NaN,NaN,NaN,-34.786271,17.513322666666667
11.703551724137931,17.340888829627442,35.40724097312692,45.713074251693094,240.38765036749905,2026-06-25 05:58:29.340505,NaN,NaN,NaN,-34.786271,17.513322666666667
11.915129032258065,17.340682484191113,35.40724097312692,45.713123232944724,240.37737910687144,2026-06-25 05:58:28.269705,NaN,NaN,NaN,-34.786271,17.513322666666667
12.082851851851851,17.34132695252185,35.40711020768282,45.7133851944605,240.38133366887766,2026-06-25 05:58:27.213409,NaN,NaN,NaN,-34.786271,17.513322666666667
12.298404761904763,17.341229802666366,35.40611180515687,45.71254561468603,240.39358634862964,2026-06-25 05:58:24.369839,NaN,NaN,NaN,-34.786271,17.513322666666667
12.46978125,17.341408170964996,35.40605216561549,45.712607053873974,240.39019764560214,2026-06-25 05:58:24.193248,NaN,NaN,NaN,-34.786271,17.513322666666667
12.664470588235293,17.34126730460433,35.40553527908853,45.7115112959003,240.389525714745,2026-06-25 05:58:22.731680,NaN,NaN,NaN,-34.786271,17.513322666666667
12.8980625,17.341391291255626,35.405098719593795,45.7112900546819,240.39725376895302,2026-06-25 05:58:20.453597,NaN,NaN,NaN,-34.786271,17.513322666666667
13.104111111111111,17.341319679563323,35.40500346387167,45.71132601628256,240.40136848892269,2026-06-25 05:58:19.047020,NaN,NaN,NaN,-34.786271,17.513322666666667
13.286844827586208,17.340608022361163,35.40490253772186,45.71070354090618,240.40685217995144,2026-06-25 05:58:17.394481,NaN,NaN,NaN,-34.786271,17.513322666666667
13.486815789473685,17.34049392439584,35.40490017818754,45.71081774198015,240.41662917544977,2026-06-25 05:58:17.199840,NaN,NaN,NaN,-34.786271,17.513322666666667
13.667823529411764,17.341054526594753,35.40474498569645,45.71095343101711,240.40215148495975,2026-06-25 05:58:15.221873,NaN,NaN,NaN,-34.786271,17.513322666666667
13.893499999999998,17.33940379743447,35.40468825648511,45.70937746366618,240.42177632796518,2026-06-25 05:58:13.627877,NaN,NaN,NaN,-34.786271,17.513322666666667
14.108090909090912,17.337394920389617,35.404671869425925,45.707851247243696,240.44986906994927,2026-06-25 05:58:13.083928,NaN,NaN,NaN,-34.786271,17.513322666666667
14.235000000000001,17.336839295093842,35.40465307045049,45.7069102417534,240.15121676151867,2026-06-25 05:58:12.634802,NaN,NaN,NaN,-34.786271,17.513322666666667
14.503428571428572,17.337052358626334,35.404650687310834,45.70743147262116,240.3294968443662,2026-06-25 05:58:11.555322,NaN,NaN,NaN,-34.786271,17.513322666666667
14.685,17.336652747848895,35.40452611961631,45.7070512999701,240.28570489742717,2026-06-25 05:58:10.375153,NaN,NaN,NaN,-34.786271,17.513322666666667
14.880666666666665,17.336642308715607,35.40437708600776,45.70659552485349,240.08481482542163,2026-06-25 05:58:09.486549,NaN,NaN,NaN,-34.786271,17.513322666666667
15.118055555555555,17.336089623861834,35.40391561719471,45.70593228718363,240.1180518088565,2026-06-25 05:58:07.230655,NaN,NaN,NaN,-34.786271,17.513322666666667
15.307677419354837,17.33561958161956,35.40366876937807,45.70525483619102,240.47462510255156,2026-06-25 05:58:05.930367,NaN,NaN,NaN,-34.786271,17.513322666666667
15.48468,17.33509131492814,35.40346108008527,45.70451401383797,240.47904117443184,2026-06-25 05:58:04.629222,NaN,NaN,NaN,-34.786271,17.513322666666667
15.68365,17.335349349182195,35.40346108008527,45.70463396376023,240.3088083002351,2026-06-25 05:58:02.585755,NaN,NaN,NaN,-34.786271,17.513322666666667
15.868642857142857,17.335837738493023,35.40346108008527,45.705368460171485,240.10699642032787,2026-06-25 05:58:01.422844,NaN,NaN,NaN,-34.786271,17.513322666666667
16.084941176470586,17.33678810308443,35.4036244394574,45.70684273735589,240.4762778326725,2026-06-25 05:57:59.443633,NaN,NaN,NaN,-34.786271,17.513322666666667
16.273368421052634,17.336760155424557,35.403719940576266,45.706894922516206,240.26329338126538,2026-06-25 05:57:58.862515,NaN,NaN,NaN,-34.786271,17.513322666666667
16.508090909090907,17.336298354826308,35.403858442524864,45.7066224481767,240.10984955368755,2026-06-25 05:57:58.010584,NaN,NaN,NaN,-34.786271,17.513322666666667
16.69618181818182,17.336794958887264,35.40409141174187,45.70738921996351,240.4748487821946,2026-06-25 05:57:56.279217,NaN,NaN,NaN,-34.786271,17.513322666666667
16.91248,17.33686378024043,35.4042686721997,45.70750561511023,240.4757161431953,2026-06-25 05:57:54.994734,NaN,NaN,NaN,-34.786271,17.513322666666667
17.098423076923076,17.33738134410171,35.4042686721997,45.708377135626456,240.19517610378367,2026-06-25 05:57:53.515427,NaN,NaN,NaN,-34.786271,17.513322666666667
17.283354166666665,17.338081125794773,35.4042686721997,45.70958739469102,240.1225341534014,2026-06-25 05:57:50.870684,NaN,NaN,NaN,-34.786271,17.513322666666667
17.48317857142857,17.338238452001658,35.404335622789674,45.70945242676728,240.4761736826932,2026-06-25 05:57:48.674381,NaN,NaN,NaN,-34.786271,17.513322666666667
17.674142857142854,17.33840714201574,35.404335622789674,45.709603642708686,240.4054544780703,2026-06-25 05:57:46.623725,NaN,NaN,NaN,-34.786271,17.513322666666667
17.871421052631582,17.338737722033258,35.404614608124014,45.70981983286825,240.45160426528287,2026-06-25 05:57:45.189763,NaN,NaN,NaN,-34.786271,17.513322666666667
18.089375000000004,17.338903465687256,35.40507665210862,45.71098140642813,240.47425455236728,2026-06-25 05:57:44.341136,NaN,NaN,NaN,-34.786271,17.513322666666667
18.288294117647062,17.33915238484073,35.40572475046641,45.71261536576967,240.1405699260748,2026-06-25 05:57:41.812934,NaN,NaN,NaN,-34.786271,17.513322666666667
18.50839189189189,17.33878255367125,35.40579435097017,45.712662426467055,240.4808810435436,2026-06-25 05:57:40.365736,NaN,NaN,NaN,-34.786271,17.513322666666667
18.67962686567164,17.33854765600715,35.40579435097017,45.71211173365946,240.36547179243644,2026-06-25 05:57:38.703473,NaN,NaN,NaN,-34.786271,17.513322666666667
18.86618181818182,17.340219776080048,35.40579435097017,45.71367020029436,240.48215919832117,2026-06-25 05:57:37.088765,NaN,NaN,NaN,-34.786271,17.513322666666667
19.0965,17.341614738120832,35.40579435097017,45.715753760613005,240.47020507749986,2026-06-25 05:57:34.390604,NaN,NaN,NaN,-34.786271,17.513322666666667
19.283055555555556,17.34040444517491,35.40579435097017,45.71475458723154,240.46464288120677,2026-06-25 05:57:33.467234,NaN,NaN,NaN,-34.786271,17.513322666666667
19.48884210526316,17.340422361065226,35.405970309509705,45.71472689415655,240.48424287087974,2026-06-25 05:57:32.766685,NaN,NaN,NaN,-34.786271,17.513322666666667
19.6944,17.340860971637575,35.40692351409734,45.71532748077239,240.46918618763775,2026-06-25 05:57:29.809298,NaN,NaN,NaN,-34.786271,17.513322666666667
19.899933333333333,17.34025504679369,35.40692351409734,45.71548209487808,240.48230851859364,2026-06-25 05:57:28.460206,NaN,NaN,NaN,-34.786271,17.513322666666667
20.0986875,17.339444065184296,35.40692351409734,45.71522415271062,240.48849137941505,2026-06-25 05:57:26.136506,NaN,NaN,NaN,-34.786271,17.513322666666667
20.273766666666667,17.33831903310817,35.40641240714398,45.713212403943764,240.51284274970294,2026-06-25 05:57:23.506775,NaN,NaN,NaN,-34.786271,17.513322666666667
20.484898305084748,17.335299551766443,35.40565188700929,45.70929560750892,240.54456730163466,2026-06-25 05:57:19.490039,NaN,NaN,NaN,-34.786271,17.513322666666667
20.683500000000002,17.33367287092836,35.40518893430452,45.707271958375706,240.4369871628609,2026-06-25 05:57:16.894272,NaN,NaN,NaN,-34.786271,17.513322666666667
20.886131147540986,17.332004741952993,35.40459304929724,45.704753884310314,240.5534124881628,2026-06-25 05:57:13.718329,NaN,NaN,NaN,-34.786271,17.513322666666667
21.07843636363636,17.330777661667028,35.40420888716457,45.703502155749916,240.57909013770353,2026-06-25 05:57:11.556329,NaN,NaN,NaN,-34.786271,17.513322666666667
21.275,17.33084933645612,35.40418275025055,45.70394089773751,240.5820097156193,2026-06-25 05:57:10.961211,NaN,NaN,NaN,-34.786271,17.513322666666667
21.516894736842108,17.329529657736508,35.40393192315497,45.70255499305111,240.59310620603526,2026-06-25 05:57:06.059173,NaN,NaN,NaN,-34.786271,17.513322666666667
21.695,17.329525391974016,35.40360885782019,45.701803755885905,240.35017212760167,2026-06-25 05:57:03.170103,NaN,NaN,NaN,-34.786271,17.513322666666667
21.8856,17.329446486373854,35.403213819331924,45.70131329228947,240.54758047504157,2026-06-25 05:57:00.496939,NaN,NaN,NaN,-34.786271,17.513322666666667
22.085354838709677,17.329949447053572,35.403213819331924,45.701467196360085,240.22729637362409,2026-06-25 05:56:54.654591,NaN,NaN,NaN,-34.786271,17.513322666666667
22.305161764705883,17.33011869612264,35.403213819331924,45.70231736891566,240.21329487568332,2026-06-25 05:56:50.391044,NaN,NaN,NaN,-34.786271,17.513322666666667
22.49438028169014,17.330548115881513,35.403232380351696,45.70280469943322,240.23425615060586,2026-06-25 05:56:49.659834,NaN,NaN,NaN,-34.786271,17.513322666666667
22.695060606060608,17.33147771620645,35.40334688771033,45.70375098606979,240.40874859334778,2026-06-25 05:56:48.232560,NaN,NaN,NaN,-34.786271,17.513322666666667
22.898491228070174,17.336149305480205,35.4035915705624,45.708589729510976,240.54840029101302,2026-06-25 05:56:41.731743,NaN,NaN,NaN,-34.786271,17.513322666666667
23.091809523809523,17.33798149111147,35.40372036529798,45.71084204659432,240.1689768559875,2026-06-25 05:56:40.039494,NaN,NaN,NaN,-34.786271,17.513322666666667
23.27815,17.33849548027387,35.40372036529798,45.71213889146369,240.18505522868116,2026-06-25 05:56:39.669868,NaN,NaN,NaN,-34.786271,17.513322666666667
23.462473684210526,17.339254633164582,35.40372036529798,45.713448058486065,240.22907522795617,2026-06-25 05:56:38.120403,NaN,NaN,NaN,-34.786271,17.513322666666667
23.709370370370372,17.3335899825832,35.40331772801787,45.70672603602494,240.21116877397137,2026-06-25 05:56:32.667341,NaN,NaN,NaN,-34.786271,17.513322666666667
23.90353125,17.332238423311438,35.403227784888955,45.70472875870544,239.88722981372706,2026-06-25 05:56:30.861070,NaN,NaN,NaN,-34.786271,17.513322666666667
24.071767857142856,17.332544503866828,35.403227784888955,45.70535816287036,240.2262739489679,2026-06-25 05:56:31.452545,NaN,NaN,NaN,-34.786271,17.513322666666667
24.27323076923077,17.332909566656387,35.403227784888955,45.70587151043504,240.22094590422304,2026-06-25 05:56:27.862753,NaN,NaN,NaN,-34.786271,17.513322666666667
24.500857142857143,17.33340891286557,35.403330535911486,45.70676464783657,240.22169468399485,2026-06-25 05:56:26.874275,NaN,NaN,NaN,-34.786271,17.513322666666667
24.689600000000002,17.333368191884393,35.403434678237275,45.70686668656485,240.22653447661327,2026-06-25 05:56:25.990933,NaN,NaN,NaN,-34.786271,17.513322666666667
24.8913,17.332714811822278,35.403434678237275,45.706695460561924,240.23522732425698,2026-06-25 05:56:25.056177,NaN,NaN,NaN,-34.786271,17.513322666666667
25.101630434782614,17.33299076917501,35.40348983763002,45.70667999064431,240.22815246714472,2026-06-25 05:56:23.486804,NaN,NaN,NaN,-34.786271,17.513322666666667
25.289951219512194,17.33351027092511,35.40349197431386,45.70689174624576,240.2236914032367,2026-06-25 05:56:21.819582,NaN,NaN,NaN,-34.786271,17.513322666666667
25.473580645161285,17.332711484983825,35.40349197431386,45.70693137648866,240.24842648987615,2026-06-25 05:56:19.967665,NaN,NaN,NaN,-34.786271,17.513322666666667
25.6754375,17.33248964616138,35.40358881971996,45.706693314815595,240.3480229611528,2026-06-25 05:56:18.566619,NaN,NaN,NaN,-34.786271,17.513322666666667
25.8762,17.33281022893006,35.40358881971996,45.70687782551511,240.24694177482436,2026-06-25 05:56:17.418168,NaN,NaN,NaN,-34.786271,17.513322666666667
26.084266666666668,17.333853337357546,35.40358881971996,45.70727284708243,240.45447937749594,2026-06-25 05:56:16.566723,NaN,NaN,NaN,-34.786271,17.513322666666667
26.328894736842106,17.333244483284236,35.40354442750985,45.70759140476856,240.3520665640366,2026-06-25 05:56:15.592065,NaN,NaN,NaN,-34.786271,17.513322666666667
26.487923076923078,17.333069897954953,35.40354442750985,45.70741090934665,240.2438221458468,2026-06-25 05:56:13.740793,NaN,NaN,NaN,-34.786271,17.513322666666667
26.68492063492063,17.332848952158837,35.40354442750985,45.70701358914083,240.26482743931265,2026-06-25 05:56:11.476304,NaN,NaN,NaN,-34.786271,17.513322666666667
26.877344827586207,17.33275014794164,35.40356280117097,45.70721442310772,240.2521030782813,2026-06-25 05:56:10.647347,NaN,NaN,NaN,-34.786271,17.513322666666667
27.063,17.331698347952138,35.40416162853718,45.707496349822335,240.26893120948233,2026-06-25 05:56:08.355530,NaN,NaN,NaN,-34.786271,17.513322666666667
27.29221052631579,17.33262369484667,35.40434937565609,45.708268523473905,240.63328593638798,2026-06-25 05:56:07.217932,NaN,NaN,NaN,-34.786271,17.513322666666667
27.52217647058824,17.334002290785147,35.40434937565609,45.709448071061466,240.35966821424194,2026-06-25 05:56:04.050182,NaN,NaN,NaN,-34.786271,17.513322666666667
27.697204081632652,17.333513919941975,35.4043506504573,45.709345107041585,240.6308756016282,2026-06-25 05:56:03.706334,NaN,NaN,NaN,-34.786271,17.513322666666667
27.89105555555556,17.33368471112793,35.4043506504573,45.709620005767725,240.3533529743454,2026-06-25 05:56:02.887141,NaN,NaN,NaN,-34.786271,17.513322666666667
28.06712,17.334323439873348,35.4044256236966,45.710471016877115,240.5157253520665,2026-06-25 05:56:01.611288,NaN,NaN,NaN,-34.786271,17.513322666666667
28.274166666666662,17.33547595532289,35.404582010287506,45.71203043993295,240.61723848675427,2026-06-25 05:55:59.756938,NaN,NaN,NaN,-34.786271,17.513322666666667
28.4695,17.335207862347858,35.40477900605797,45.712433116236305,240.5924164126627,2026-06-25 05:55:58.694715,NaN,NaN,NaN,-34.786271,17.513322666666667
28.69813333333333,17.335217670292252,35.40506547145169,45.71238445434334,240.62614146262968,2026-06-25 05:55:57.694976,NaN,NaN,NaN,-34.786271,17.513322666666667
28.912342857142857,17.336059180871,35.40529327433393,45.713392839201205,240.61455076284167,2026-06-25 05:55:55.327498,NaN,NaN,NaN,-34.786271,17.513322666666667
29.1025,17.337397248275664,35.40529327433393,45.71517248534857,240.60733966496915,2026-06-25 05:55:52.948625,NaN,NaN,NaN,-34.786271,17.513322666666667
29.273705882352942,17.337751792764447,35.40529327433393,45.71530980549134,240.6054719901245,2026-06-25 05:55:51.629155,NaN,NaN,NaN,-34.786271,17.513322666666667
29.47088888888889,17.337154523662317,35.404839577914295,45.71432526847241,240.46029548119978,2026-06-25 05:55:49.952549,NaN,NaN,NaN,-34.786271,17.513322666666667
29.679333333333336,17.335465075284855,35.40405936546957,45.711706235694365,240.35270117270903,2026-06-25 05:55:47.286578,NaN,NaN,NaN,-34.786271,17.513322666666667
29.88485,17.335366450397917,35.40405936546957,45.71200627592147,240.41858921243644,2026-06-25 05:55:45.836400,NaN,NaN,NaN,-34.786271,17.513322666666667
30.09180952380952,17.334401211126742,35.40405936546957,45.71098302645593,240.57353821882813,2026-06-25 05:55:44.208015,NaN,NaN,NaN,-34.786271,17.513322666666667
30.28254545454546,17.332661459334826,35.404070873724535,45.70931923759965,240.22678605599245,2026-06-25 05:55:42.160540,NaN,NaN,NaN,-34.786271,17.513322666666667
30.489946428571425,17.33285675186707,35.404369362979644,45.71000107664179,240.33250332680782,2026-06-25 05:55:39.149215,NaN,NaN,NaN,-34.786271,17.513322666666667
30.681880952380954,17.333853084237454,35.40444050712899,45.71115099854705,240.29171005129666,2026-06-25 05:55:37.990588,NaN,NaN,NaN,-34.786271,17.513322666666667
30.88517142857143,17.335566223844886,35.40444050712899,45.71276400193256,240.63073549534215,2026-06-25 05:55:35.728321,NaN,NaN,NaN,-34.786271,17.513322666666667
31.085512195121947,17.336266053967876,35.40444050712899,45.71386066271589,240.26981096892683,2026-06-25 05:55:33.213959,NaN,NaN,NaN,-34.786271,17.513322666666667
31.27554166666667,17.336328781223532,35.40444050712899,45.71375488795136,240.271586190878,2026-06-25 05:55:31.603860,NaN,NaN,NaN,-34.786271,17.513322666666667
31.491888888888887,17.336073588752935,35.40444050712899,45.713483778557645,240.26918837591438,2026-06-25 05:55:26.279831,NaN,NaN,NaN,-34.786271,17.513322666666667
31.681559139784948,17.335652269374503,35.40444932628104,45.7134396802139,240.2748543176075,2026-06-25 05:55:26.003774,NaN,NaN,NaN,-34.786271,17.513322666666667
31.880551724137923,17.33537872768847,35.40444932628104,45.713438649925344,240.28503787709838,2026-06-25 05:55:25.546172,NaN,NaN,NaN,-34.786271,17.513322666666667
32.07829268292683,17.33532986116171,35.40444932628104,45.713316294179265,240.2848687185134,2026-06-25 05:55:20.823286,NaN,NaN,NaN,-34.786271,17.513322666666667
32.30769512195122,17.335455907042192,35.40442412679064,45.71349806700968,240.48324000542766,2026-06-25 05:55:16.076962,NaN,NaN,NaN,-34.786271,17.513322666666667
32.486314285714286,17.335597795089267,35.40442412679064,45.713348883828445,240.28810591568038,2026-06-25 05:55:12.739551,NaN,NaN,NaN,-34.786271,17.513322666666667
32.674754716981134,17.334809473238533,35.40442412679064,45.71273112485824,240.29755672677848,2026-06-25 05:55:10.152966,NaN,NaN,NaN,-34.786271,17.513322666666667
32.881392857142856,17.33500600069258,35.40442685650647,45.713165133766715,240.29250773201247,2026-06-25 05:55:06.796933,NaN,NaN,NaN,-34.786271,17.513322666666667
33.109375,17.337833833945584,35.40506325576694,45.716415192971986,240.2780771404103,2026-06-25 05:55:03.667392,NaN,NaN,NaN,-34.786271,17.513322666666667
33.29937142857143,17.3383650839924,35.40506325576694,45.71785609037099,240.27505459941503,2026-06-25 05:55:01.729326,NaN,NaN,NaN,-34.786271,17.513322666666667
33.47902666666667,17.33859318148359,35.40506325576694,45.7181669848089,240.2672563270146,2026-06-25 05:55:00.387913,NaN,NaN,NaN,-34.786271,17.513322666666667
33.663606060606064,17.3385559460562,35.405008084630296,45.71848343261555,240.27322775267112,2026-06-25 05:54:57.410689,NaN,NaN,NaN,-34.786271,17.513322666666667
33.87457142857143,17.338291433063187,35.40481285871795,45.717221407786205,240.2826513243044,2026-06-25 05:54:55.085105,NaN,NaN,NaN,-34.786271,17.513322666666667
34.06792,17.338051696621363,35.40481285871795,45.71639727600437,240.28965330380782,2026-06-25 05:54:53.896939,NaN,NaN,NaN,-34.786271,17.513322666666667
34.275972972972966,17.336967438463795,35.40481285871795,45.71629403450496,240.28930219093215,2026-06-25 05:54:52.123779,NaN,NaN,NaN,-34.786271,17.513322666666667
34.48875,17.335669151029897,35.40487678731119,45.71555834041042,240.31255207665185,2026-06-25 05:54:50.440631,NaN,NaN,NaN,-34.786271,17.513322666666667
34.697051282051284,17.33531172282082,35.40487678731119,45.71499431793389,240.31195569857667,2026-06-25 05:54:47.756796,NaN,NaN,NaN,-34.786271,17.513322666666667
34.89857142857143,17.335654092361256,35.40487678731119,45.71544008978544,240.31196477674465,2026-06-25 05:54:45.165582,NaN,NaN,NaN,-34.786271,17.513322666666667
35.07363793103448,17.335901190052716,35.40471901772554,45.715396478377095,240.3163809951749,2026-06-25 05:54:44.206947,NaN,NaN,NaN,-34.786271,17.513322666666667
35.2885,17.33575548277126,35.40471901772554,45.71470922268854,240.31778232151487,2026-06-25 05:54:42.004705,NaN,NaN,NaN,-34.786271,17.513322666666667
35.49933333333333,17.335107010083437,35.40471901772554,45.71405075246974,240.325282122568,2026-06-25 05:54:39.608663,NaN,NaN,NaN,-34.786271,17.513322666666667
35.70507317073171,17.333916345581436,35.40479943983845,45.71378886687066,240.3302161608885,2026-06-25 05:54:37.900328,NaN,NaN,NaN,-34.786271,17.513322666666667
35.899722222222216,17.332607875425968,35.40479943983845,45.71303005189344,240.34717249605134,2026-06-25 05:54:36.067179,NaN,NaN,NaN,-34.786271,17.513322666666667
36.08505,17.331877191543516,35.40488244757982,45.71196986130359,240.3625996214964,2026-06-25 05:54:33.471929,NaN,NaN,NaN,-34.786271,17.513322666666667
36.28860784313726,17.331917980943434,35.40511942146163,45.71188491191809,240.46106195080625,2026-06-25 05:54:30.941118,NaN,NaN,NaN,-34.786271,17.513322666666667
36.49573469387755,17.336390088538735,35.40550054377836,45.71758764055751,240.3254258894267,2026-06-25 05:54:27.744613,NaN,NaN,NaN,-34.786271,17.513322666666667
36.68590410958904,17.336816740168274,35.40550054377836,45.71872138448693,240.31515269000747,2026-06-25 05:54:24.411529,NaN,NaN,NaN,-34.786271,17.513322666666667
36.889654320987646,17.336438194637147,35.40550054377836,45.71810883267295,240.32668625995314,2026-06-25 05:54:21.552135,NaN,NaN,NaN,-34.786271,17.513322666666667
37.07804444444444,17.335724158475593,35.40537067827635,45.716589443291475,240.33666190918072,2026-06-25 05:54:19.218423,NaN,NaN,NaN,-34.786271,17.513322666666667
37.30304347826087,17.333242867501497,35.40537067827635,45.713570776408254,240.41892175107188,2026-06-25 05:54:16.013509,NaN,NaN,NaN,-34.786271,17.513322666666667
37.50683673469388,17.335362289010057,35.40537067827635,45.71663603808077,240.35266778142505,2026-06-25 05:54:13.174941,NaN,NaN,NaN,-34.786271,17.513322666666667
37.696894117647055,17.337199556021424,35.405926938811625,45.71929004726601,240.32733235433014,2026-06-25 05:54:11.237235,NaN,NaN,NaN,-34.786271,17.513322666666667
37.873456521739136,17.338113992366686,35.405926938811625,45.72019416012479,240.3209480071364,2026-06-25 05:54:09.463043,NaN,NaN,NaN,-34.786271,17.513322666666667
38.08596296296296,17.338596601966056,35.405926938811625,45.72096266182625,240.32574235863103,2026-06-25 05:54:06.053706,NaN,NaN,NaN,-34.786271,17.513322666666667
38.31586842105262,17.337849674754978,35.40565383220638,45.720165251526794,240.335433316417,2026-06-25 05:54:03.886922,NaN,NaN,NaN,-34.786271,17.513322666666667
38.484434782608695,17.33831300025946,35.40545405366233,45.72020517053557,240.33728609076803,2026-06-25 05:54:02.829989,NaN,NaN,NaN,-34.786271,17.513322666666667
38.688559999999995,17.338300944890822,35.40512686423787,45.71973087488723,240.33623422336183,2026-06-25 05:54:00.832770,NaN,NaN,NaN,-34.786271,17.513322666666667
38.89665,17.337567566240253,35.40512363220211,45.71962833492564,240.34384012444826,2026-06-25 05:53:58.914271,NaN,NaN,NaN,-34.786271,17.513322666666667
39.10081481481481,17.338856396221395,35.40512363220211,45.72047264113099,240.3301404645792,2026-06-25 05:53:57.433731,NaN,NaN,NaN,-34.786271,17.513322666666667
39.294357142857145,17.34019584620135,35.40512363220211,45.72177748060767,240.32468842831818,2026-06-25 05:53:55.974323,NaN,NaN,NaN,-34.786271,17.513322666666667
39.491679999999995,17.339187865867842,35.40528868438828,45.72139091062734,240.32999648592013,2026-06-25 05:53:54.628388,NaN,NaN,NaN,-34.786271,17.513322666666667
39.690444444444445,17.337837833601426,35.40528868438828,45.72037649723396,240.64519660930966,2026-06-25 05:53:52.816416,NaN,NaN,NaN,-34.786271,17.513322666666667
39.87884615384616,17.337061852541726,35.40528868438828,45.71969854016061,240.35359728299227,2026-06-25 05:53:51.333362,NaN,NaN,NaN,-34.786271,17.513322666666667
40.09345714285715,17.33701137850727,35.40527521117126,45.719334287207985,240.67711876337225,2026-06-25 05:53:49.234651,NaN,NaN,NaN,-34.786271,17.513322666666667
40.30296428571428,17.337652428004553,35.40527521117126,45.71971685975518,240.5815011712706,2026-06-25 05:53:47.831802,NaN,NaN,NaN,-34.786271,17.513322666666667
40.50295652173914,17.337339508847627,35.40527521117126,45.71995558319162,240.36024252568885,2026-06-25 05:53:46.203888,NaN,NaN,NaN,-34.786271,17.513322666666667
40.671156249999996,17.337594252976984,35.40540649772295,45.720627376134225,240.35656561512994,2026-06-25 05:53:45.198783,NaN,NaN,NaN,-34.786271,17.513322666666667
40.89343333333333,17.33841118591456,35.40557139075818,45.72186306022571,240.34958167583451,2026-06-25 05:53:42.990088,NaN,NaN,NaN,-34.786271,17.513322666666667
41.09941463414634,17.338870051737295,35.40565324707716,45.72199812612017,240.35632211267668,2026-06-25 05:53:39.542978,NaN,NaN,NaN,-34.786271,17.513322666666667
41.300544117647064,17.3395387678836,35.40572270836396,45.72306274393656,240.36794247259448,2026-06-25 05:53:37.872108,NaN,NaN,NaN,-34.786271,17.513322666666667
41.44708695652174,17.340007800672137,35.40574152803017,45.72369956947007,240.01251537290224,2026-06-25 05:53:35.617517,NaN,NaN,NaN,-34.786271,17.513322666666667
41.689343750000006,17.340877906129684,35.40574152803017,45.724766971522826,240.34372648074117,2026-06-25 05:53:33.112871,NaN,NaN,NaN,-34.786271,17.513322666666667
41.88287999999999,17.341134001026695,35.405796941854064,45.72520988806227,240.34370015567197,2026-06-25 05:53:31.876318,NaN,NaN,NaN,-34.786271,17.513322666666667
42.11321875,17.341407918894728,35.405806692239906,45.725155824851285,240.34323777744115,2026-06-25 05:53:29.962130,NaN,NaN,NaN,-34.786271,17.513322666666667
42.296425,17.34170423330786,35.40586233492107,45.7258083535842,240.335187129795,2026-06-25 05:53:28.337241,NaN,NaN,NaN,-34.786271,17.513322666666667
42.485289473684205,17.34187227952108,35.406331701557384,45.7263513144622,240.34366212549918,2026-06-25 05:53:26.899195,NaN,NaN,NaN,-34.786271,17.513322666666667
42.68496774193549,17.343915664056997,35.407315788893484,45.72994836311547,240.31842128595375,2026-06-25 05:53:24.837508,NaN,NaN,NaN,-34.786271,17.513322666666667
42.893886363636355,17.3454201496011,35.40753305414414,45.73260415598968,240.31565673238657,2026-06-25 05:53:23.047029,NaN,NaN,NaN,-34.786271,17.513322666666667
43.07116666666667,17.345195045497373,35.40753305414414,45.73183628883432,240.21785253381444,2026-06-25 05:53:21.816857,NaN,NaN,NaN,-34.786271,17.513322666666667
43.29308333333333,17.345771346583366,35.40753305414414,45.73152806923954,240.31043660166412,2026-06-25 05:53:20.344324,NaN,NaN,NaN,-34.786271,17.513322666666667
43.48211111111111,17.345437821973153,35.4073819779298,45.73149078818997,240.32379969752947,2026-06-25 05:53:19.541756,NaN,NaN,NaN,-34.786271,17.513322666666667
43.70755172413793,17.34354739114823,35.40723567323064,45.730045715556145,240.34654214867862,2026-06-25 05:53:17.742416,NaN,NaN,NaN,-34.786271,17.513322666666667
43.88584,17.34334479346727,35.4071739287281,45.729900856241144,240.33831069043364,2026-06-25 05:53:16.711271,NaN,NaN,NaN,-34.786271,17.513322666666667
44.084525,17.344326351630276,35.4071739287281,45.730549444626746,240.33809087507836,2026-06-25 05:53:14.289652,NaN,NaN,NaN,-34.786271,17.513322666666667
44.27166666666667,17.34407012309453,35.4071739287281,45.73042595396544,240.3427475444349,2026-06-25 05:53:12.948335,NaN,NaN,NaN,-34.786271,17.513322666666667
44.486307692307705,17.342731352862128,35.407193650647784,45.729526754258096,240.3562521469298,2026-06-25 05:53:11.239005,NaN,NaN,NaN,-34.786271,17.513322666666667
44.68083333333333,17.342158378817892,35.40732794805666,45.729010584318196,240.3624552713757,2026-06-25 05:53:10.452458,NaN,NaN,NaN,-34.786271,17.513322666666667
44.86447368421052,17.343239150325367,35.407491454162816,45.730080591448214,240.3477259943497,2026-06-25 05:53:09.653690,NaN,NaN,NaN,-34.786271,17.513322666666667
45.0834,17.34578259206339,35.407491454162816,45.733303592205445,240.32996484779372,2026-06-25 05:53:08.189992,NaN,NaN,NaN,-34.786271,17.513322666666667
45.30016666666666,17.34704886263768,35.407491454162816,45.73480599110999,240.32311157815417,2026-06-25 05:53:06.804798,NaN,NaN,NaN,-34.786271,17.513322666666667
45.502878787878785,17.34748567615296,35.407372967467424,45.734925155468495,240.32824919658924,2026-06-25 05:53:05.439876,NaN,NaN,NaN,-34.786271,17.513322666666667
45.67872222222221,17.346441477678436,35.40708478653667,45.73349258135683,240.34039361356065,2026-06-25 05:53:04.279067,NaN,NaN,NaN,-34.786271,17.513322666666667
45.87436842105264,17.345018734911406,35.40708478653667,45.73150326621591,240.33846986326446,2026-06-25 05:53:02.997530,NaN,NaN,NaN,-34.786271,17.513322666666667
46.08461904761904,17.344686916332268,35.40708478653667,45.73153891780486,240.3597239076166,2026-06-25 05:53:01.864617,NaN,NaN,NaN,-34.786271,17.513322666666667
46.29203571428572,17.34506957827333,35.40712743095211,45.73267879803594,240.3601385252308,2026-06-25 05:53:00.688733,NaN,NaN,NaN,-34.786271,17.513322666666667
46.479531249999994,17.345214802644094,35.40720866824021,45.73312005499333,240.35379926205388,2026-06-25 05:52:59.310744,NaN,NaN,NaN,-34.786271,17.513322666666667
46.69967567567568,17.344575013511292,35.4072171708837,45.732183857926636,240.55314844069105,2026-06-25 05:52:57.426649,NaN,NaN,NaN,-34.786271,17.513322666666667
46.88547169811321,17.345807403624335,35.40727698591368,45.733696200466206,240.35001668608115,2026-06-25 05:52:55.189089,NaN,NaN,NaN,-34.786271,17.513322666666667
47.07179487179487,17.34637176457765,35.407323987304395,45.73423103272484,240.35114332107634,2026-06-25 05:52:53.785222,NaN,NaN,NaN,-34.786271,17.513322666666667
47.28620000000001,17.34707633840447,35.40742321911145,45.7348540164699,240.36278553969854,2026-06-25 05:52:51.436859,NaN,NaN,NaN,-34.786271,17.513322666666667
47.50633333333334,17.346685890674284,35.407683942066726,45.735407019839805,240.51472988279355,2026-06-25 05:52:50.157193,NaN,NaN,NaN,-34.786271,17.513322666666667
47.701827586206896,17.34645802870985,35.40788057276838,45.73545590251165,240.35745100651044,2026-06-25 05:52:49.124014,NaN,NaN,NaN,-34.786271,17.513322666666667
47.904103448275876,17.3478226798895,35.408045140658096,45.73711832968556,240.3365913959524,2026-06-25 05:52:47.276220,NaN,NaN,NaN,-34.786271,17.513322666666667
48.09919230769231,17.349371559949507,35.408045140658096,45.738587700735515,240.67514864341982,2026-06-25 05:52:46.237830,NaN,NaN,NaN,-34.786271,17.513322666666667
48.288896551724136,17.35061872116253,35.408045140658096,45.73988205847266,240.33116891593997,2026-06-25 05:52:44.611397,NaN,NaN,NaN,-34.786271,17.513322666666667
48.49926923076923,17.350031435337602,35.40799184005613,45.73959854319025,240.3410760000075,2026-06-25 05:52:43.232844,NaN,NaN,NaN,-34.786271,17.513322666666667
48.69577777777778,17.349086885367818,35.40785381856657,45.73841892357999,240.3406889460812,2026-06-25 05:52:41.664592,NaN,NaN,NaN,-34.786271,17.513322666666667
48.89147368421054,17.348729905838752,35.40768453700364,45.73787574299487,240.35019976001018,2026-06-25 05:52:40.619153,NaN,NaN,NaN,-34.786271,17.513322666666667
49.07918181818183,17.349107835196335,35.407355645081616,45.73821780999554,240.35183631803298,2026-06-25 05:52:38.998283,NaN,NaN,NaN,-34.786271,17.513322666666667
49.28505555555555,17.349956561671338,35.40710139840283,45.73883564979276,240.35123858087115,2026-06-25 05:52:37.583248,NaN,NaN,NaN,-34.786271,17.513322666666667
49.47933333333334,17.349628838777974,35.40710139840283,45.73839060071177,240.35248252667327,2026-06-25 05:52:36.882736,NaN,NaN,NaN,-34.786271,17.513322666666667
49.66288235294117,17.349230769316932,35.40710139840283,45.737988580718465,240.35933869026576,2026-06-25 05:52:35.939722,NaN,NaN,NaN,-34.786271,17.513322666666667
49.87911764705883,17.348937236953855,35.40722111040969,45.73789937831466,240.35953591060493,2026-06-25 05:52:34.960566,NaN,NaN,NaN,-34.786271,17.513322666666667
50.08204545454546,17.348221665132602,35.40744712689179,45.737465790884606,240.36225487671527,2026-06-25 05:52:34.006403,NaN,NaN,NaN,-34.786271,17.513322666666667
50.29489743589743,17.34654802252263,35.40787316349664,45.73689933873631,240.76147274534162,2026-06-25 05:52:32.179315,NaN,NaN,NaN,-34.786271,17.513322666666667
50.47711999999999,17.346748664303608,35.40801097269581,45.73708389111886,240.38734637063183,2026-06-25 05:52:30.862222,NaN,NaN,NaN,-34.786271,17.513322666666667
50.683352941176466,17.347253898861368,35.40802554008989,45.7374506181947,240.38286832635416,2026-06-25 05:52:29.417893,NaN,NaN,NaN,-34.786271,17.513322666666667
50.90418518518519,17.347015314037904,35.408028147151896,45.73758403327283,240.45487736722126,2026-06-25 05:52:27.583077,NaN,NaN,NaN,-34.786271,17.513322666666667
51.089323529411764,17.347298369380947,35.40804588559129,45.738003246134774,240.38568998228163,2026-06-25 05:52:25.954090,NaN,NaN,NaN,-34.786271,17.513322666666667
51.27754901960785,17.34849239393739,35.40810258205339,45.739279454815886,240.37536150023345,2026-06-25 05:52:24.455461,NaN,NaN,NaN,-34.786271,17.513322666666667
51.48641935483871,17.35029187551492,35.40836462443639,45.74136055063818,240.36494262380916,2026-06-25 05:52:22.474731,NaN,NaN,NaN,-34.786271,17.513322666666667
51.68269999999999,17.351394653141742,35.40869191901767,45.742917348114034,240.3569369788454,2026-06-25 05:52:20.914815,NaN,NaN,NaN,-34.786271,17.513322666666667
51.89515789473685,17.351826545875404,35.408977458988595,45.744017507480464,240.35883603187045,2026-06-25 05:52:19.640411,NaN,NaN,NaN,-34.786271,17.513322666666667
52.08425641025641,17.352337301306342,35.408977458988595,45.7449117091975,240.35275178429586,2026-06-25 05:52:18.325234,NaN,NaN,NaN,-34.786271,17.513322666666667
52.30495833333333,17.35174510573539,35.408977458988595,45.74403043369054,240.35786231711975,2026-06-25 05:52:16.825464,NaN,NaN,NaN,-34.786271,17.513322666666667
52.487085714285705,17.35124124088551,35.40900830622488,45.74310887226446,240.37351875091747,2026-06-25 05:52:15.581920,NaN,NaN,NaN,-34.786271,17.513322666666667
52.688428571428574,17.350343139937916,35.40900830622488,45.74260672535528,240.15884017216706,2026-06-25 05:52:13.893788,NaN,NaN,NaN,-34.786271,17.513322666666667
52.876108108108106,17.350490685827825,35.40900830622488,45.743194721262704,240.37638360426246,2026-06-25 05:52:12.726139,NaN,NaN,NaN,-34.786271,17.513322666666667
53.08864864864865,17.351277537465645,35.40941660403465,45.74462066556643,240.37400808212445,2026-06-25 05:52:11.104940,NaN,NaN,NaN,-34.786271,17.513322666666667
53.285363636363634,17.352093860191616,35.409929385367626,45.745679313371156,240.36932317181126,2026-06-25 05:52:09.472646,NaN,NaN,NaN,-34.786271,17.513322666666667
53.495321428571415,17.3526574713021,35.41020948389227,45.74714043338976,240.36974206867265,2026-06-25 05:52:07.584718,NaN,NaN,NaN,-34.786271,17.513322666666667
53.69095000000001,17.352293581230377,35.41020948389227,45.747065566395676,240.53068989762346,2026-06-25 05:52:06.153663,NaN,NaN,NaN,-34.786271,17.513322666666667
53.868238095238105,17.35299457787598,35.41020948389227,45.74725080339671,240.37348327728654,2026-06-25 05:52:04.629536,NaN,NaN,NaN,-34.786271,17.513322666666667
54.093500000000006,17.353058152009766,35.409835979627275,45.74701769004555,240.36999970361657,2026-06-25 05:52:03.117579,NaN,NaN,NaN,-34.786271,17.513322666666667
54.26251515151516,17.353529674492876,35.409835979627275,45.747449240070495,240.36829790694586,2026-06-25 05:52:01.411111,NaN,NaN,NaN,-34.786271,17.513322666666667
54.47139393939395,17.354107827563105,35.409835979627275,45.748230701472195,240.3675177824474,2026-06-25 05:52:00.305339,NaN,NaN,NaN,-34.786271,17.513322666666667
54.70055,17.354434189757686,35.41011158766061,45.74882772560286,240.74458981021428,2026-06-25 05:51:58.583136,NaN,NaN,NaN,-34.786271,17.513322666666667
54.88417857142857,17.353809984994676,35.41011158766061,45.748896097238344,240.60724911001927,2026-06-25 05:51:57.080314,NaN,NaN,NaN,-34.786271,17.513322666666667
55.09632558139535,17.353922446530014,35.41011158766061,45.74881600515896,240.37439246792638,2026-06-25 05:51:55.455405,NaN,NaN,NaN,-34.786271,17.513322666666667
55.29243333333333,17.35406648779907,35.40993536888314,45.74861924073669,240.37089581323187,2026-06-25 05:51:53.995165,NaN,NaN,NaN,-34.786271,17.513322666666667
55.48291891891892,17.354349387021067,35.40993536888314,45.7490068578835,240.3677481543391,2026-06-25 05:51:52.289574,NaN,NaN,NaN,-34.786271,17.513322666666667
55.713793103448275,17.354324484422104,35.40993536888314,45.74939968458658,240.37304305350855,2026-06-25 05:51:50.537561,NaN,NaN,NaN,-34.786271,17.513322666666667
55.88986956521739,17.353964713396657,35.409958609483795,45.74917273663731,240.3870291530234,2026-06-25 05:51:49.451712,NaN,NaN,NaN,-34.786271,17.513322666666667
56.103666666666676,17.353082504922604,35.41000627949856,45.748067743225825,240.38891440228906,2026-06-25 05:51:47.800590,NaN,NaN,NaN,-34.786271,17.513322666666667
56.29404545454543,17.352917894479003,35.41000627949856,45.748444837456724,240.39242227976425,2026-06-25 05:51:47.170884,NaN,NaN,NaN,-34.786271,17.513322666666667
56.49889473684211,17.353805228288458,35.41000627949856,45.748559798414725,240.58915667145774,2026-06-25 05:51:45.867635,NaN,NaN,NaN,-34.786271,17.513322666666667
56.687125,17.35351520642304,35.40997942667889,45.74899988460538,240.3960736186968,2026-06-25 05:51:44.683322,NaN,NaN,NaN,-34.786271,17.513322666666667
56.87803846153846,17.35364414935069,35.40997942667889,45.749367902029384,240.39738884910506,2026-06-25 05:51:43.356144,NaN,NaN,NaN,-34.786271,17.513322666666667
57.08955555555555,17.354210506043003,35.40997942667889,45.749477027592675,240.6518338223384,2026-06-25 05:51:41.746877,NaN,NaN,NaN,-34.786271,17.513322666666667
57.282259259259256,17.354010441986897,35.410039517927686,45.749556792217575,240.40054479937135,2026-06-25 05:51:40.739732,NaN,NaN,NaN,-34.786271,17.513322666666667
57.49835714285714,17.353487537220037,35.41026099519519,45.74977041187826,240.69825028360214,2026-06-25 05:51:39.374215,NaN,NaN,NaN,-34.786271,17.513322666666667
57.692666666666675,17.352678539362312,35.410541974745,45.74938161631848,240.5063885001507,2026-06-25 05:51:38.339246,NaN,NaN,NaN,-34.786271,17.513322666666667
57.8993076923077,17.353038594384948,35.41081014945074,45.74962484085332,240.41377342475968,2026-06-25 05:51:37.423075,NaN,NaN,NaN,-34.786271,17.513322666666667
58.092360000000006,17.354692991533,35.41101197218375,45.75160631455037,240.467851215724,2026-06-25 05:51:36.518388,NaN,NaN,NaN,-34.786271,17.513322666666667
58.32159999999999,17.35621941603522,35.41101197218375,45.753936763397995,240.38672934882777,2026-06-25 05:51:34.840825,NaN,NaN,NaN,-34.786271,17.513322666666667
58.49959375,17.356489504973837,35.41101197218375,45.75405787613454,240.38442528377112,2026-06-25 05:51:33.940809,NaN,NaN,NaN,-34.786271,17.513322666666667
58.6832962962963,17.35665722083695,35.41069088291191,45.753636008082225,240.39366033266128,2026-06-25 05:51:32.286380,NaN,NaN,NaN,-34.786271,17.513322666666667
58.8914193548387,17.35664783308969,35.410655588600996,45.753449362727274,240.38648040684777,2026-06-25 05:51:31.044589,NaN,NaN,NaN,-34.786271,17.513322666666667
59.087178571428566,17.356931840590324,35.410655588600996,45.75398794551554,240.387326905916,2026-06-25 05:51:29.444660,NaN,NaN,NaN,-34.786271,17.513322666666667
59.31194117647059,17.357639616931813,35.410655588600996,45.75510045006825,240.71223448774387,2026-06-25 05:51:28.201497,NaN,NaN,NaN,-34.786271,17.513322666666667
59.495142857142866,17.357712779333543,35.41077444677959,45.755531918383085,240.74481907885377,2026-06-25 05:51:27.565388,NaN,NaN,NaN,-34.786271,17.513322666666667
59.69973333333334,17.357101797734394,35.41104958582038,45.755353309732286,240.401248569919,2026-06-25 05:51:26.152423,NaN,NaN,NaN,-34.786271,17.513322666666667
59.88565,17.357122216334968,35.41113003023993,45.75521005171506,240.4403465892621,2026-06-25 05:51:25.686711,NaN,NaN,NaN,-34.786271,17.513322666666667
60.07434782608696,17.357538488150322,35.41113003023993,45.755708360254054,240.38830667301798,2026-06-25 05:51:24.427800,NaN,NaN,NaN,-34.786271,17.513322666666667
60.29186956521739,17.357119857410368,35.41113003023993,45.75555657957797,240.40389126298174,2026-06-25 05:51:23.436754,NaN,NaN,NaN,-34.786271,17.513322666666667
60.49867647058824,17.355978832414948,35.411121796890924,45.75463182585763,240.41535664347538,2026-06-25 05:51:21.381216,NaN,NaN,NaN,-34.786271,17.513322666666667
60.68540540540541,17.356149366662414,35.41089600704068,45.75440898512158,240.41400869818165,2026-06-25 05:51:20.261436,NaN,NaN,NaN,-34.786271,17.513322666666667
60.86578571428571,17.356462766987686,35.410634430159384,45.75426034259546,240.7532973176957,2026-06-25 05:51:18.990242,NaN,NaN,NaN,-34.786271,17.513322666666667
61.079849999999986,17.356033686022425,35.410634430159384,45.75390943583765,240.42313895143027,2026-06-25 05:51:17.263907,NaN,NaN,NaN,-34.786271,17.513322666666667
61.2927741935484,17.35549058229096,35.410634430159384,45.75400639411162,240.42337039523355,2026-06-25 05:51:15.734063,NaN,NaN,NaN,-34.786271,17.513322666666667
61.49276666666666,17.355164169712182,35.41064862293382,45.753677653989456,240.43339371378133,2026-06-25 05:51:14.913686,NaN,NaN,NaN,-34.786271,17.513322666666667
61.691625,17.356016408263343,35.41064862293382,45.75411218140877,240.44393108664076,2026-06-25 05:51:13.396165,NaN,NaN,NaN,-34.786271,17.513322666666667
61.90604761904762,17.353859735223423,35.41064862293382,45.75201835661844,240.4515272974754,2026-06-25 05:51:12.407434,NaN,NaN,NaN,-34.786271,17.513322666666667
62.09644,17.351483544175064,35.41058776041932,45.74998522206679,240.10177765159494,2026-06-25 05:51:11.286964,NaN,NaN,NaN,-34.786271,17.513322666666667
62.306064516129034,17.34992284272746,35.41058776041932,45.74867619852041,240.48001406315583,2026-06-25 05:51:09.659840,NaN,NaN,NaN,-34.786271,17.513322666666667
62.48228571428573,17.350629464939935,35.41058776041932,45.74923679544978,240.22928742466462,2026-06-25 05:51:08.456559,NaN,NaN,NaN,-34.786271,17.513322666666667
62.666823529411765,17.3515730932478,35.41067455299921,45.75023855880255,240.4751853772039,2026-06-25 05:51:07.151101,NaN,NaN,NaN,-34.786271,17.513322666666667
62.8977391304348,17.355322537870826,35.41098897949161,45.75438525384146,240.44124220500711,2026-06-25 05:51:05.706593,NaN,NaN,NaN,-34.786271,17.513322666666667
63.096999999999994,17.357024146229605,35.41123736154793,45.756809768681734,240.42081862326447,2026-06-25 05:51:04.535974,NaN,NaN,NaN,-34.786271,17.513322666666667
63.27847826086956,17.3585238984645,35.411292906623004,45.75908012114848,240.4217235988157,2026-06-25 05:51:03.244191,NaN,NaN,NaN,-34.786271,17.513322666666667
63.487125,17.359109189536902,35.411292906623004,45.759443172151535,240.4193066106067,2026-06-25 05:51:02.433397,NaN,NaN,NaN,-34.786271,17.513322666666667
63.697346153846155,17.35800973165072,35.411292906623004,45.75775646026181,240.43121124001004,2026-06-25 05:51:01.109464,NaN,NaN,NaN,-34.786271,17.513322666666667
63.860772727272725,17.356551344598504,35.41121160035054,45.75591406025709,240.35723190832894,2026-06-25 05:51:00.185404,NaN,NaN,NaN,-34.786271,17.513322666666667
64.07590476190475,17.354647419751196,35.41121160035054,45.75498065903251,240.4727698651877,2026-06-25 05:50:58.851444,NaN,NaN,NaN,-34.786271,17.513322666666667
64.26114285714287,17.35710819130392,35.41121160035054,45.75769366399305,240.44133216559786,2026-06-25 05:50:57.885029,NaN,NaN,NaN,-34.786271,17.513322666666667
64.5134,17.357732644168156,35.41135511088976,45.75801168405379,240.45150659398985,2026-06-25 05:50:56.786744,NaN,NaN,NaN,-34.786271,17.513322666666667
64.68086666666666,17.358374855891043,35.41147277112274,45.75919565626609,240.4338830404853,2026-06-25 05:50:56.036940,NaN,NaN,NaN,-34.786271,17.513322666666667
64.87840909090909,17.358767457781553,35.41163918098371,45.759777007177355,240.48442869475338,2026-06-25 05:50:55.048106,NaN,NaN,NaN,-34.786271,17.513322666666667
65.101,17.359478715623784,35.41178866846602,45.7603984569526,240.42288753565003,2026-06-25 05:50:53.992767,NaN,NaN,NaN,-34.786271,17.513322666666667
65.27680000000001,17.35962734559726,35.41178866846602,45.76111080962009,240.6202106428925,2026-06-25 05:50:52.929749,NaN,NaN,NaN,-34.786271,17.513322666666667
65.48272727272729,17.35970050818517,35.41178866846602,45.761266513753945,240.43535185161807,2026-06-25 05:50:51.585373,NaN,NaN,NaN,-34.786271,17.513322666666667
65.68724,17.356509193646218,35.41159760461096,45.75783243131618,240.35907410278023,2026-06-25 05:50:50.016509,NaN,NaN,NaN,-34.786271,17.513322666666667
65.86176923076923,17.35357622017721,35.411381571569436,45.7548033117134,240.34346254005203,2026-06-25 05:50:48.943404,NaN,NaN,NaN,-34.786271,17.513322666666667
66.08778947368421,17.35027732822306,35.41128287003053,45.75121892210971,240.43791406092566,2026-06-25 05:50:47.756466,NaN,NaN,NaN,-34.786271,17.513322666666667
66.28304166666666,17.352969152197364,35.41128287003053,45.753652631057655,240.32890334249615,2026-06-25 05:50:46.634390,NaN,NaN,NaN,-34.786271,17.513322666666667
66.48823529411766,17.357301511521268,35.41128287003053,45.75871623357983,240.46098970642413,2026-06-25 05:50:45.718453,NaN,NaN,NaN,-34.786271,17.513322666666667
66.69933333333333,17.359133976472357,35.41149970216493,45.76099285950258,240.45663940477476,2026-06-25 05:50:44.753214,NaN,NaN,NaN,-34.786271,17.513322666666667
66.87769230769233,17.359248480626455,35.41162966031784,45.76046324978767,240.4561405556877,2026-06-25 05:50:44.267700,NaN,NaN,NaN,-34.786271,17.513322666666667
67.07900000000001,17.360972048381473,35.41189071784342,45.76360466101889,240.4435298465478,2026-06-25 05:50:43.294636,NaN,NaN,NaN,-34.786271,17.513322666666667
67.2685,17.360112740934927,35.411999554296656,45.76294878595969,240.4529501172887,2026-06-25 05:50:42.822884,NaN,NaN,NaN,-34.786271,17.513322666666667
67.50319999999999,17.358021532784495,35.41214569782554,45.76066084697198,240.25043706250185,2026-06-25 05:50:41.875631,NaN,NaN,NaN,-34.786271,17.513322666666667
67.687,17.356056283673013,35.41214569782554,45.75903303061941,240.39239479803274,2026-06-25 05:50:41.260791,NaN,NaN,NaN,-34.786271,17.513322666666667
67.88552631578946,17.353804921887274,35.41214569782554,45.75667303722434,240.50491747184267,2026-06-25 05:50:40.118983,NaN,NaN,NaN,-34.786271,17.513322666666667
68.084,17.35688786871443,35.411998135095274,45.75944267469485,240.4769777511162,2026-06-25 05:50:38.791065,NaN,NaN,NaN,-34.786271,17.513322666666667
68.27125000000001,17.35799799573923,35.41180733419993,45.76088567410008,240.47905650216123,2026-06-25 05:50:37.849180,NaN,NaN,NaN,-34.786271,17.513322666666667
68.47971428571428,17.357182970028315,35.41152540682965,45.75991618470693,240.4835305674768,2026-06-25 05:50:36.578083,NaN,NaN,NaN,-34.786271,17.513322666666667
68.7006875,17.357866754425928,35.411309176053095,45.75999106702061,240.47850989348987,2026-06-25 05:50:35.468551,NaN,NaN,NaN,-34.786271,17.513322666666667
68.91222222222221,17.358902774251785,35.411309176053095,45.76097936291891,240.47677889870522,2026-06-25 05:50:34.407022,NaN,NaN,NaN,-34.786271,17.513322666666667
69.07950000000001,17.35979292064419,35.411309176053095,45.76196550795986,240.47456130480052,2026-06-25 05:50:33.792738,NaN,NaN,NaN,-34.786271,17.513322666666667
69.28905,17.36018606336726,35.41146403972517,45.76282488187338,240.46997575840166,2026-06-25 05:50:33.067927,NaN,NaN,NaN,-34.786271,17.513322666666667
69.4909375,17.360703978418464,35.411881791426325,45.76417960514048,240.47099999440118,2026-06-25 05:50:31.856992,NaN,NaN,NaN,-34.786271,17.513322666666667
69.70993548387098,17.36077129581089,35.41220769595057,45.76456174533748,240.47202361793606,2026-06-25 05:50:30.974763,NaN,NaN,NaN,-34.786271,17.513322666666667
69.89160000000001,17.360527137448056,35.412560222259565,45.76530611017363,240.79431255341638,2026-06-25 05:50:29.409880,NaN,NaN,NaN,-34.786271,17.513322666666667
70.07191304347826,17.36052966314289,35.412560222259565,45.764791482881016,240.477156786641,2026-06-25 05:50:28.724928,NaN,NaN,NaN,-34.786271,17.513322666666667
70.31706666666666,17.361056111315982,35.412560222259565,45.76535892980669,240.47754064734627,2026-06-25 05:50:27.271104,NaN,NaN,NaN,-34.786271,17.513322666666667
70.49990000000001,17.361796208491494,35.41242128916677,45.766095072038794,240.470323805185,2026-06-25 05:50:26.524632,NaN,NaN,NaN,-34.786271,17.513322666666667
70.68678260869565,17.362173302448863,35.412208379713526,45.76639514345442,240.47040499865415,2026-06-25 05:50:25.493162,NaN,NaN,NaN,-34.786271,17.513322666666667
70.86342857142856,17.36195299157036,35.41201856627716,45.76629259647114,240.48193127937736,2026-06-25 05:50:24.461599,NaN,NaN,NaN,-34.786271,17.513322666666667
71.08068181818182,17.362104278987402,35.41188183193821,45.7661591180942,240.47662802720646,2026-06-25 05:50:23.535866,NaN,NaN,NaN,-34.786271,17.513322666666667
71.30281818181818,17.362502095679297,35.41182295992535,45.76679231095565,240.4724358624271,2026-06-25 05:50:22.617923,NaN,NaN,NaN,-34.786271,17.513322666666667
71.48100000000001,17.361526808272426,35.41182295992535,45.76543960568054,240.48645564201485,2026-06-25 05:50:21.454590,NaN,NaN,NaN,-34.786271,17.513322666666667
71.69966666666667,17.360937449915767,35.41182295992535,45.76476811688954,240.48861812385994,2026-06-25 05:50:20.559520,NaN,NaN,NaN,-34.786271,17.513322666666667
71.88333333333334,17.361820059293112,35.41191975951246,45.766558358009554,240.4855275772011,2026-06-25 05:50:19.716407,NaN,NaN,NaN,-34.786271,17.513322666666667
72.09055,17.361771706518276,35.41199054720925,45.76638998192455,240.49076280675118,2026-06-25 05:50:19.041583,NaN,NaN,NaN,-34.786271,17.513322666666667
72.30688888888889,17.36107655956743,35.412085262698845,45.76621775882579,240.4982978603067,2026-06-25 05:50:17.825233,NaN,NaN,NaN,-34.786271,17.513322666666667
72.48527777777777,17.36050776405416,35.412085262698845,45.765088510855286,240.50406836565526,2026-06-25 05:50:17.103199,NaN,NaN,NaN,-34.786271,17.513322666666667
72.7012,17.362110086198495,35.412085262698845,45.767206535041694,240.49530254038515,2026-06-25 05:50:15.901401,NaN,NaN,NaN,-34.786271,17.513322666666667
72.88658823529413,17.361352253951445,35.411922419816925,45.76666843826829,240.49986909813052,2026-06-25 05:50:14.929419,NaN,NaN,NaN,-34.786271,17.513322666666667
73.09005555555557,17.358177997579574,35.411685645245974,45.76301217872567,240.52328298465943,2026-06-25 05:50:14.001230,NaN,NaN,NaN,-34.786271,17.513322666666667
73.30192,17.35452591396485,35.41138385371873,45.758453457596524,240.56835893267478,2026-06-25 05:50:13.078137,NaN,NaN,NaN,-34.786271,17.513322666666667
73.505,17.35438484526874,35.41100208344242,45.7584899454452,240.57283934784212,2026-06-25 05:50:11.930201,NaN,NaN,NaN,-34.786271,17.513322666666667
73.68827272727273,17.354398350273474,35.410836053856606,45.75854301959043,240.57006385738208,2026-06-25 05:50:11.382216,NaN,NaN,NaN,-34.786271,17.513322666666667
73.87975,17.354040667616104,35.410593876984876,45.75810164911646,240.4979886223931,2026-06-25 05:50:10.387589,NaN,NaN,NaN,-34.786271,17.513322666666667
74.09191666666668,17.35353373580811,35.410504270661676,45.757471687488255,240.5812296742632,2026-06-25 05:50:09.860643,NaN,NaN,NaN,-34.786271,17.513322666666667
74.30263636363637,17.352236143074236,35.410476012977355,45.755812921600416,240.5959306944179,2026-06-25 05:50:09.001018,NaN,NaN,NaN,-34.786271,17.513322666666667
74.47344444444445,17.35176507385134,35.410476012977355,45.75541401277379,240.60033472584033,2026-06-25 05:50:08.610968,NaN,NaN,NaN,-34.786271,17.513322666666667
74.69161538461537,17.350275949590532,35.410476012977355,45.75411332807241,240.61530343706843,2026-06-25 05:50:07.117768,NaN,NaN,NaN,-34.786271,17.513322666666667
74.87489285714285,17.349216352071725,35.41054821408779,45.75333741724992,240.33704558321475,2026-06-25 05:50:06.421658,NaN,NaN,NaN,-34.786271,17.513322666666667
75.099,17.350050781562114,35.410683671892315,45.754383942241205,240.62088262266445,2026-06-25 05:50:05.120212,NaN,NaN,NaN,-34.786271,17.513322666666667
75.31211764705883,17.350835667691417,35.41071097358714,45.75548822832393,240.61200149641908,2026-06-25 05:50:03.882299,NaN,NaN,NaN,-34.786271,17.513322666666667
75.47568,17.350881799078714,35.41071097358714,45.755508970929625,240.6142318771183,2026-06-25 05:50:03.250699,NaN,NaN,NaN,-34.786271,17.513322666666667
75.69435294117648,17.350790137807785,35.41071097358714,45.755198885473376,240.61802734622043,2026-06-25 05:50:01.941628,NaN,NaN,NaN,-34.786271,17.513322666666667
75.88116666666667,17.34939170038804,35.410661943717216,45.754228312975236,240.64720352354527,2026-06-25 05:50:01.131668,NaN,NaN,NaN,-34.786271,17.513322666666667
76.09149999999998,17.345489340839137,35.4105865057203,45.75007743094326,240.20032458650127,2026-06-25 05:49:59.852140,NaN,NaN,NaN,-34.786271,17.513322666666667
76.27868181818182,17.343423320000387,35.41055445863632,45.74779027880073,240.31824408694905,2026-06-25 05:49:59.146769,NaN,NaN,NaN,-34.786271,17.513322666666667
76.49870000000001,17.343760085229484,35.410496697321605,45.74825726231524,240.3171924125133,2026-06-25 05:49:57.999568,NaN,NaN,NaN,-34.786271,17.513322666666667
76.69681250000001,17.341353049952765,35.410362996020964,45.7460127161588,240.1109365719739,2026-06-25 05:49:56.766139,NaN,NaN,NaN,-34.786271,17.513322666666667
76.88066666666668,17.34010194071008,35.41027389024076,45.745072434365,240.3346553066466,2026-06-25 05:49:56.258236,NaN,NaN,NaN,-34.786271,17.513322666666667
77.09576923076924,17.335713909315707,35.40995245174585,45.740225032448585,240.08691980778207,2026-06-25 05:49:55.134353,NaN,NaN,NaN,-34.786271,17.513322666666667
77.27906666666667,17.3335180022547,35.40976995037345,45.73763254775168,240.046971698432,2026-06-25 05:49:54.586291,NaN,NaN,NaN,-34.786271,17.513322666666667
77.49554166666667,17.334320417940862,35.40937686255975,45.73774742596055,240.0355670494515,2026-06-25 05:49:53.679444,NaN,NaN,NaN,-34.786271,17.513322666666667
77.70705263157893,17.33532589565282,35.4087833398717,45.73860106750207,240.34304817478483,2026-06-25 05:49:52.486663,NaN,NaN,NaN,-34.786271,17.513322666666667
77.90414285714287,17.332901519855973,35.40834700186364,45.7354433690475,240.22995717778838,2026-06-25 05:49:51.684428,NaN,NaN,NaN,-34.786271,17.513322666666667
78.09647826086957,17.33142120138633,35.407848388349755,45.73414929807917,240.06658301779314,2026-06-25 05:49:50.767431,NaN,NaN,NaN,-34.786271,17.513322666666667
78.27911764705881,17.32925634119762,35.407398235140704,45.731580794435956,240.08454580049184,2026-06-25 05:49:49.771271,NaN,NaN,NaN,-34.786271,17.513322666666667
78.5017142857143,17.32680967773562,35.407186360567785,45.72793555456052,239.8366791876137,2026-06-25 05:49:48.831600,NaN,NaN,NaN,-34.786271,17.513322666666667
78.71057894736842,17.327682090419813,35.407186360567785,45.72887555988395,240.24082189926426,2026-06-25 05:49:48.353529,NaN,NaN,NaN,-34.786271,17.513322666666667
78.89583333333334,17.325898584869304,35.407186360567785,45.72677713126548,240.13333005417203,2026-06-25 05:49:47.127679,NaN,NaN,NaN,-34.786271,17.513322666666667
79.10604000000001,17.32416505172443,35.407569870411216,45.726440415626804,240.15069650212024,2026-06-25 05:49:45.919217,NaN,NaN,NaN,-34.786271,17.513322666666667
79.28569999999999,17.323195638591958,35.40773074053268,45.72555125155703,240.15442903765373,2026-06-25 05:49:45.310375,NaN,NaN,NaN,-34.786271,17.513322666666667
79.50619047619047,17.332209012612502,35.40773074053268,45.7372853687415,240.18840740603693,2026-06-25 05:49:43.975723,NaN,NaN,NaN,-34.786271,17.513322666666667
79.70566666666666,17.328377666002122,35.40773074053268,45.73157909286548,240.0888937670063,2026-06-25 05:49:43.164030,NaN,NaN,NaN,-34.786271,17.513322666666667
79.893,17.322587436032453,35.407587171092,45.724230754044804,239.92143401022335,2026-06-25 05:49:42.016234,NaN,NaN,NaN,-34.786271,17.513322666666667
80.07664285714289,17.321028567472077,35.4072632576535,45.72170105759152,240.0146539457345,2026-06-25 05:49:41.119325,NaN,NaN,NaN,-34.786271,17.513322666666667
80.2595,17.323793254508832,35.40713229085845,45.724892422218936,240.10484086049223,2026-06-25 05:49:40.701577,NaN,NaN,NaN,-34.786271,17.513322666666667
80.47615384615385,17.33354103323473,35.4070813485646,45.73658162481436,239.784219308172,2026-06-25 05:49:40.103655,NaN,NaN,NaN,-34.786271,17.513322666666667
80.69805263157896,17.327254504891553,35.4070813485646,45.73104956464014,239.91216265317237,2026-06-25 05:49:39.326935,NaN,NaN,NaN,-34.786271,17.513322666666667
80.93949999999998,17.308873722557276,35.4070813485646,45.71038037302372,239.56864056919912,2026-06-25 05:49:38.407175,NaN,NaN,NaN,-34.786271,17.513322666666667
81.09680000000002,17.30975942751991,35.40713194308266,45.71199122304077,239.43003110035883,2026-06-25 05:49:38.123915,NaN,NaN,NaN,-34.786271,17.513322666666667
81.2681,17.304587959633505,35.40720543053169,45.70559437369717,239.61655620174142,2026-06-25 05:49:37.322457,NaN,NaN,NaN,-34.786271,17.513322666666667
81.50925,17.31853754721748,35.40720543053169,45.72218770846828,240.14188657900996,2026-06-25 05:49:36.633887,NaN,NaN,NaN,-34.786271,17.513322666666667
81.69033333333334,17.31526814612914,35.40720543053169,45.71831051034253,239.17400793648093,2026-06-25 05:49:35.752866,NaN,NaN,NaN,-34.786271,17.513322666666667
81.88353333333333,17.310387405891035,35.40688461336264,45.71577180327486,238.4119742005075,2026-06-25 05:49:35.221338,NaN,NaN,NaN,-34.786271,17.513322666666667
82.10713333333334,17.236447562373275,35.405403877333676,45.63558536824168,238.2416728878803,2026-06-25 05:49:33.981662,NaN,NaN,NaN,-34.786271,17.513322666666667
82.30447368421052,17.19217620848202,35.4033012607738,45.58853966950674,236.11346107414377,2026-06-25 05:49:33.081194,NaN,NaN,NaN,-34.786271,17.513322666666667
82.4822580645161,17.178343693934725,35.400740907769354,45.57280934372943,236.06697707353126,2026-06-25 05:49:32.343271,NaN,NaN,NaN,-34.786271,17.513322666666667
82.68252000000001,17.090189229592127,35.394035083039434,45.47739009731149,229.72304481743765,2026-06-25 05:49:30.949119,NaN,NaN,NaN,-34.786271,17.513322666666667
82.88575,16.930439991619487,35.38561741647491,45.307317208721,227.3596230154292,2026-06-25 05:49:29.795044,NaN,NaN,NaN,-34.786271,17.513322666666667
83.0883157894737,16.79888692439845,35.37802296242482,45.16838081266341,225.2499760387252,2026-06-25 05:49:28.921752,NaN,NaN,NaN,-34.786271,17.513322666666667
83.2558,16.639863132682727,35.37158211217709,44.99989679950251,224.45110204758691,2026-06-25 05:49:28.199835,NaN,NaN,NaN,-34.786271,17.513322666666667
83.4679090909091,16.513191179830596,35.367364604316705,44.86610446191265,217.3496343017491,2026-06-25 05:49:27.711781,NaN,NaN,NaN,-34.786271,17.513322666666667
83.67290909090909,16.349266879946146,35.362514803576,44.6898581513773,214.99167923372258,2026-06-25 05:49:27.084671,NaN,NaN,NaN,-34.786271,17.513322666666667
83.877625,16.27103764181922,35.359246721183446,44.609804317031234,214.21141971641256,2026-06-25 05:49:26.567761,NaN,NaN,NaN,-34.786271,17.513322666666667
84.1123125,16.241789945476413,35.3560872967668,44.58154267538277,213.82390512644994,2026-06-25 05:49:25.917930,NaN,NaN,NaN,-34.786271,17.513322666666667
84.27642857142857,16.23207157651686,35.35409731582003,44.57171215627152,213.35039961397422,2026-06-25 05:49:25.362718,NaN,NaN,NaN,-34.786271,17.513322666666667
84.504875,16.208386689837017,35.3520883897401,44.54495903362857,213.07014986100253,2026-06-25 05:49:24.387079,NaN,NaN,NaN,-34.786271,17.513322666666667
84.6959090909091,16.179056440177323,35.35139163372928,44.51626831128507,213.48215780574085,2026-06-25 05:49:23.484095,NaN,NaN,NaN,-34.786271,17.513322666666667
84.89578571428572,16.129846432997518,35.35042139006295,44.46496393507044,212.35055198684225,2026-06-25 05:49:22.042155,NaN,NaN,NaN,-34.786271,17.513322666666667
85.09246153846154,16.097467850532414,35.349477996108625,44.43101461495875,211.6057860360781,2026-06-25 05:49:20.925962,NaN,NaN,NaN,-34.786271,17.513322666666667
85.28490476190477,16.07972260053212,35.34847099345228,44.411156726217804,211.83469041923888,2026-06-25 05:49:19.991499,NaN,NaN,NaN,-34.786271,17.513322666666667
85.4604375,16.070934608290955,35.34706940705886,44.40144178828956,211.35448196138793,2026-06-25 05:49:18.835401,NaN,NaN,NaN,-34.786271,17.513322666666667
85.67699999999999,16.064135824713432,35.34635840558191,44.394492283749145,211.30894592699818,2026-06-25 05:49:18.252428,NaN,NaN,NaN,-34.786271,17.513322666666667
85.884625,16.06417095808263,35.3458169023738,44.39457456336598,211.15178633343757,2026-06-25 05:49:17.751309,NaN,NaN,NaN,-34.786271,17.513322666666667
86.11178571428572,16.0585785928614,35.3453793533738,44.38878421131547,211.2843698771352,2026-06-25 05:49:17.282681,NaN,NaN,NaN,-34.786271,17.513322666666667
86.27881818181818,16.051599512442383,35.34494720488936,44.38209701601793,211.09849597553892,2026-06-25 05:49:16.755546,NaN,NaN,NaN,-34.786271,17.513322666666667
86.4868,16.037224106839155,35.344507526712015,44.36682426123466,211.16017295453253,2026-06-25 05:49:16.016344,NaN,NaN,NaN,-34.786271,17.513322666666667
86.70077777777777,16.02774073840364,35.34436769514525,44.35620692750519,210.97626790407034,2026-06-25 05:49:15.322081,NaN,NaN,NaN,-34.786271,17.513322666666667
86.86584615384615,16.026282961696932,35.34436769514525,44.35470807798153,210.73567918716486,2026-06-25 05:49:14.979435,NaN,NaN,NaN,-34.786271,17.513322666666667
87.09550000000002,16.024143766104235,35.34436769514525,44.35287471439188,210.68507314278276,2026-06-25 05:49:14.308456,NaN,NaN,NaN,-34.786271,17.513322666666667
87.26391666666666,16.02238957072855,35.34450234643484,44.35167100676517,210.78640479128947,2026-06-25 05:49:13.941885,NaN,NaN,NaN,-34.786271,17.513322666666667
87.4995,16.021892201629917,35.344951051102484,44.35188339670823,210.69675448281146,2026-06-25 05:49:13.173038,NaN,NaN,NaN,-34.786271,17.513322666666667
87.71595454545455,16.01661713604277,35.344951051102484,44.34587295991746,210.7518705446026,2026-06-25 05:49:12.143112,NaN,NaN,NaN,-34.786271,17.513322666666667
87.88741666666665,16.01884948717839,35.344951051102484,44.34879837658169,211.00155123914752,2026-06-25 05:49:11.380053,NaN,NaN,NaN,-34.786271,17.513322666666667
88.09866666666666,16.01578501055284,35.34468256091189,44.34719793042732,210.77995962885484,2026-06-25 05:49:09.984583,NaN,NaN,NaN,-34.786271,17.513322666666667
88.29555,15.973636155361836,35.34251511238434,44.303409247090286,209.96532208917927,2026-06-25 05:49:09.104813,NaN,NaN,NaN,-34.786271,17.513322666666667
88.476,15.869889956005933,35.339270737908336,44.191805125885445,207.96514098866103,2026-06-25 05:49:08.145777,NaN,NaN,NaN,-34.786271,17.513322666666667
88.67804761904762,15.827878504590322,35.33562869775909,44.145818301070776,208.34626682136388,2026-06-25 05:49:07.359077,NaN,NaN,NaN,-34.786271,17.513322666666667
88.89793333333333,15.768792616805465,35.330192220954714,44.0860523676433,208.24665595039048,2026-06-25 05:49:06.302210,NaN,NaN,NaN,-34.786271,17.513322666666667
89.09411764705884,15.695260365374468,35.3264035977927,44.006180379338986,205.78116226621933,2026-06-25 05:49:05.500458,NaN,NaN,NaN,-34.786271,17.513322666666667
89.29036363636364,15.659315628657986,35.3245912951065,43.96674266492586,206.16674184542313,2026-06-25 05:49:05.085860,NaN,NaN,NaN,-34.786271,17.513322666666667
89.50782352941177,15.639869203651505,35.32133518418075,43.94624150145823,206.0911583013646,2026-06-25 05:49:03.989087,NaN,NaN,NaN,-34.786271,17.513322666666667
89.695,15.64049937092792,35.32078590168774,43.94399766917492,206.1924205443482,2026-06-25 05:49:03.490821,NaN,NaN,NaN,-34.786271,17.513322666666667
89.90477777777778,15.646057652750095,35.32078590168774,43.946669083493106,207.3658253439893,2026-06-25 05:49:02.886433,NaN,NaN,NaN,-34.786271,17.513322666666667
90.1135,15.701933794158391,35.32078590168774,44.004185247642816,207.3472581571594,2026-06-25 05:49:02.440716,NaN,NaN,NaN,-34.786271,17.513322666666667
90.27526666666667,15.721762773746077,35.32114982028475,44.027131235983155,208.05157881878893,2026-06-25 05:49:01.790053,NaN,NaN,NaN,-34.786271,17.513322666666667
90.46185714285714,15.719746358982253,35.32172574728543,44.02475275442647,207.52144903084377,2026-06-25 05:49:01.343978,NaN,NaN,NaN,-34.786271,17.513322666666667
90.69377777777778,15.752104149214837,35.32263544763761,44.062121510322214,208.16652972259183,2026-06-25 05:49:00.681453,NaN,NaN,NaN,-34.786271,17.513322666666667
90.9075,15.763938797849853,35.32302070719686,44.07387301923434,208.20211880715934,2026-06-25 05:49:00.337098,NaN,NaN,NaN,-34.786271,17.513322666666667
91.10827777777777,15.73340099646865,35.32302070719686,44.04412591172079,206.26011804914367,2026-06-25 05:48:59.576185,NaN,NaN,NaN,-34.786271,17.513322666666667
91.3192142857143,15.66375580477976,35.32302070719686,43.97002228289349,206.083188208066,2026-06-25 05:48:58.751797,NaN,NaN,NaN,-34.786271,17.513322666666667
91.4874705882353,15.651308908034864,35.322412941753434,43.95838612788448,205.4765991140552,2026-06-25 05:48:57.987710,NaN,NaN,NaN,-34.786271,17.513322666666667
91.69026086956521,15.641330312708819,35.321358327368195,43.94772443609623,206.07976136148795,2026-06-25 05:48:57.298760,NaN,NaN,NaN,-34.786271,17.513322666666667
91.87454545454544,15.626547196697404,35.31901430822564,43.93153306793283,205.07553839685227,2026-06-25 05:48:56.124560,NaN,NaN,NaN,-34.786271,17.513322666666667
92.09655555555557,15.574086813786757,35.31676707411967,43.87362195429487,204.11615504131612,2026-06-25 05:48:54.988492,NaN,NaN,NaN,-34.786271,17.513322666666667
92.28450000000001,15.562517951782628,35.31567518802617,43.86256435766294,203.96362240693304,2026-06-25 05:48:54.254309,NaN,NaN,NaN,-34.786271,17.513322666666667
92.51206250000001,15.55923060076666,35.31471620880305,43.858958967972605,203.88591764593446,2026-06-25 05:48:53.210831,NaN,NaN,NaN,-34.786271,17.513322666666667
92.68606666666666,15.558548762795677,35.31450050497603,43.858539626534835,203.89371096099828,2026-06-25 05:48:52.679094,NaN,NaN,NaN,-34.786271,17.513322666666667
92.89742857142858,15.5545007586561,35.31435936165503,43.85465472664773,203.91639075291403,2026-06-25 05:48:51.775044,NaN,NaN,NaN,-34.786271,17.513322666666667
93.1076956521739,15.553805124536222,35.31435340007825,43.85367613739093,204.07190780128752,2026-06-25 05:48:50.980841,NaN,NaN,NaN,-34.786271,17.513322666666667
93.31739999999999,15.555354355194416,35.31434807562455,43.8552356583759,203.9779728082558,2026-06-25 05:48:50.284718,NaN,NaN,NaN,-34.786271,17.513322666666667
93.494625,15.557606041551779,35.3142634298102,43.85785459500046,203.92272773444205,2026-06-25 05:48:49.452435,NaN,NaN,NaN,-34.786271,17.513322666666667
93.6948181818182,15.554559342331135,35.31409074825416,43.85285066391702,203.92958932807844,2026-06-25 05:48:48.799196,NaN,NaN,NaN,-34.786271,17.513322666666667
93.87780000000001,15.555215669244173,35.31389010311928,43.85424390739716,203.91157238800923,2026-06-25 05:48:48.290238,NaN,NaN,NaN,-34.786271,17.513322666666667
94.07718181818181,15.555430580768034,35.31368548986247,43.85553945417108,203.93021805541358,2026-06-25 05:48:47.831267,NaN,NaN,NaN,-34.786271,17.513322666666667
94.28138461538461,15.549829490156933,35.31318432368635,43.84857032954044,203.890959148369,2026-06-25 05:48:46.875222,NaN,NaN,NaN,-34.786271,17.513322666666667
94.458375,15.544289578957269,35.31302717875658,43.8433147940013,203.4311257687368,2026-06-25 05:48:46.581309,NaN,NaN,NaN,-34.786271,17.513322666666667
94.6955,15.531532078092845,35.31279446455602,43.829914787703096,203.74197519194604,2026-06-25 05:48:46.140798,NaN,NaN,NaN,-34.786271,17.513322666666667
94.91499999999999,15.530986087246959,35.31241263894994,43.83019409106801,203.47407641212845,2026-06-25 05:48:45.341007,NaN,NaN,NaN,-34.786271,17.513322666666667
95.11400000000002,15.529080048943163,35.31224421302539,43.82697445336123,203.53823399350978,2026-06-25 05:48:44.911952,NaN,NaN,NaN,-34.786271,17.513322666666667
95.27671428571429,15.528428438986035,35.311998626286176,43.82500305949492,203.55185132034197,2026-06-25 05:48:44.227012,NaN,NaN,NaN,-34.786271,17.513322666666667
95.4916875,15.533989059964505,35.311736486511855,43.83192404092388,203.4884057472213,2026-06-25 05:48:43.360273,NaN,NaN,NaN,-34.786271,17.513322666666667
95.71066666666667,15.528671081876267,35.31152857064723,43.827317153366046,203.07157223384448,2026-06-25 05:48:42.741684,NaN,NaN,NaN,-34.786271,17.513322666666667
95.91841176470588,15.516674818632032,35.3111196639224,43.81481693209328,203.24820878668666,2026-06-25 05:48:41.894846,NaN,NaN,NaN,-34.786271,17.513322666666667
96.08919047619045,15.500396745828587,35.31042542139206,43.79669747934681,202.71678693732858,2026-06-25 05:48:41.089734,NaN,NaN,NaN,-34.786271,17.513322666666667
96.30368421052631,15.483268376839796,35.309522160186575,43.77792882932595,202.87184777554293,2026-06-25 05:48:40.202873,NaN,NaN,NaN,-34.786271,17.513322666666667
96.50983333333335,15.465483994438708,35.30756609688251,43.76024279398844,202.5506905062752,2026-06-25 05:48:39.164839,NaN,NaN,NaN,-34.786271,17.513322666666667
96.66861538461538,15.452524035601341,35.306118856810976,43.74694089400407,202.3133797966802,2026-06-25 05:48:38.573540,NaN,NaN,NaN,-34.786271,17.513322666666667
96.89654545454546,15.416258967978871,35.30363844362757,43.70752995294427,202.51700839448537,2026-06-25 05:48:37.715722,NaN,NaN,NaN,-34.786271,17.513322666666667
97.0870769230769,15.365005981248645,35.30160294814865,43.65420014354348,201.78347963409718,2026-06-25 05:48:37.100847,NaN,NaN,NaN,-34.786271,17.513322666666667
97.27877777777776,15.307846706354768,35.29960296010641,43.59477506069314,201.44997225189746,2026-06-25 05:48:36.512753,NaN,NaN,NaN,-34.786271,17.513322666666667
97.48041666666666,15.212539992353852,35.29676390866614,43.49548051659192,201.01431840935857,2026-06-25 05:48:35.606044,NaN,NaN,NaN,-34.786271,17.513322666666667
97.718,15.162754291520471,35.294796578627626,43.443650692862825,201.0238207836528,2026-06-25 05:48:34.879448,NaN,NaN,NaN,-34.786271,17.513322666666667
97.8851875,15.150940037919167,35.29374321094778,43.43230244783565,200.97594513043316,2026-06-25 05:48:34.425102,NaN,NaN,NaN,-34.786271,17.513322666666667
98.09233333333333,15.139425678260658,35.29244934612431,43.41951614015405,200.83970967973488,2026-06-25 05:48:33.649610,NaN,NaN,NaN,-34.786271,17.513322666666667
98.29776470588236,15.12756917674794,35.29170349888107,43.407728113882925,200.90554945871278,2026-06-25 05:48:32.961881,NaN,NaN,NaN,-34.786271,17.513322666666667
98.48933333333332,15.122585880013057,35.2913859868727,43.40282710763334,200.94379441180172,2026-06-25 05:48:32.538788,NaN,NaN,NaN,-34.786271,17.513322666666667
98.619,15.117777189835298,35.29115914926273,43.39811523891766,200.97599378715975,2026-06-25 05:48:32.114455,NaN,NaN,NaN,-34.786271,17.513322666666667
98.90724999999999,15.116191541699374,35.291045868895665,43.396658914854704,200.70652682020554,2026-06-25 05:48:31.782041,NaN,NaN,NaN,-34.786271,17.513322666666667
99.08984615384617,15.110926185644256,35.290928054661606,43.39216130324658,200.74886987383266,2026-06-25 05:48:31.279288,NaN,NaN,NaN,-34.786271,17.513322666666667
99.29207142857145,15.088919604204047,35.29078947940819,43.368630206405044,200.4390234115372,2026-06-25 05:48:30.555575,NaN,NaN,NaN,-34.786271,17.513322666666667
99.51869230769232,15.070214450635847,35.29064472160359,43.34987892479641,200.5041203453822,2026-06-25 05:48:29.925794,NaN,NaN,NaN,-34.786271,17.513322666666667
99.69464285714287,15.060150314703804,35.29050416446216,43.33919893791383,200.52293537647319,2026-06-25 05:48:29.445150,NaN,NaN,NaN,-34.786271,17.513322666666667
99.88725,15.047117598205357,35.29013356257974,43.32550282879237,200.34555652020327,2026-06-25 05:48:28.507895,NaN,NaN,NaN,-34.786271,17.513322666666667
100.08342857142858,15.037723438000642,35.289543981078445,43.31668980743262,200.41073336831968,2026-06-25 05:48:27.624196,NaN,NaN,NaN,-34.786271,17.513322666666667
100.30732,15.029082612271747,35.28890107468607,43.308324658617565,200.20818641354535,2026-06-25 05:48:26.887817,NaN,NaN,NaN,-34.786271,17.513322666666667
100.48385714285715,15.017950262586961,35.28790486404079,43.29602865018654,200.26244257988344,2026-06-25 05:48:26.003190,NaN,NaN,NaN,-34.786271,17.513322666666667
100.69557142857143,14.98779139971895,35.28642111991068,43.26448716042436,200.2263999777568,2026-06-25 05:48:25.017733,NaN,NaN,NaN,-34.786271,17.513322666666667
100.88716666666667,14.957956125518583,35.285304994205624,43.23275254092816,200.35790029934432,2026-06-25 05:48:24.407575,NaN,NaN,NaN,-34.786271,17.513322666666667
101.07405555555555,14.928748106628758,35.28378578759712,43.20319962856096,200.07971436015737,2026-06-25 05:48:23.593898,NaN,NaN,NaN,-34.786271,17.513322666666667
101.2796923076923,14.894837719799035,35.28209922930288,43.17003848114822,200.04115367373362,2026-06-25 05:48:22.743051,NaN,NaN,NaN,-34.786271,17.513322666666667
101.48576923076924,14.835724343350709,35.28057056642516,43.10669013456541,200.2457049354734,2026-06-25 05:48:21.970176,NaN,NaN,NaN,-34.786271,17.513322666666667
101.66430769230769,14.813889467030123,35.27965631449466,43.0847645700388,199.82136692443962,2026-06-25 05:48:21.481841,NaN,NaN,NaN,-34.786271,17.513322666666667
101.8851052631579,14.7731873230734,35.278099986930094,43.042102603368484,199.97575819352073,2026-06-25 05:48:20.602718,NaN,NaN,NaN,-34.786271,17.513322666666667
102.11877777777778,14.754371358225699,35.27672944938108,43.0232174985752,199.8683490127222,2026-06-25 05:48:19.747678,NaN,NaN,NaN,-34.786271,17.513322666666667
102.2818,14.752623141741518,35.27653099608044,43.02182577909536,199.59956585804903,2026-06-25 05:48:19.622711,NaN,NaN,NaN,-34.786271,17.513322666666667
102.51142857142857,14.748913431981151,35.27548642751103,43.017316438139446,199.62674081523681,2026-06-25 05:48:18.919323,NaN,NaN,NaN,-34.786271,17.513322666666667
102.6862142857143,14.739098653528503,35.27475966199931,43.00741937175237,199.7428133117472,2026-06-25 05:48:18.419453,NaN,NaN,NaN,-34.786271,17.513322666666667
102.87733333333334,14.72667545934019,35.27415221402104,42.993831486725895,199.82188583781019,2026-06-25 05:48:18.003688,NaN,NaN,NaN,-34.786271,17.513322666666667
103.07325,14.707016447901788,35.273335553729225,42.97257176417267,199.96491363260327,2026-06-25 05:48:17.448277,NaN,NaN,NaN,-34.786271,17.513322666666667
103.30409090909092,14.69955338490285,35.27291337743513,42.96604500570061,199.73704991473062,2026-06-25 05:48:17.166533,NaN,NaN,NaN,-34.786271,17.513322666666667
103.49433333333333,14.666815558046386,35.27179089040693,42.93251256087761,199.95718470650635,2026-06-25 05:48:16.417594,NaN,NaN,NaN,-34.786271,17.513322666666667
103.66866666666665,14.61558211351407,35.2706131356607,42.87811948187124,199.69256040957535,2026-06-25 05:48:15.627919,NaN,NaN,NaN,-34.786271,17.513322666666667
103.88785714285713,14.576764232302782,35.26946226837708,42.84129867810376,199.77450159600554,2026-06-25 05:48:14.813250,NaN,NaN,NaN,-34.786271,17.513322666666667
104.08963636363636,14.559296190615969,35.2688747985198,42.82284441170662,199.6955309403237,2026-06-25 05:48:14.367262,NaN,NaN,NaN,-34.786271,17.513322666666667
104.28770588235295,14.538117929759338,35.26791340090329,42.80157434347307,199.71787912331376,2026-06-25 05:48:13.563996,NaN,NaN,NaN,-34.786271,17.513322666666667
104.45899999999999,14.518698578964987,35.26715897444791,42.78189997479584,199.91377902519395,2026-06-25 05:48:12.824483,NaN,NaN,NaN,-34.786271,17.513322666666667
104.68825000000001,14.496895973266016,35.266551417210536,42.758763520699816,199.76791813137294,2026-06-25 05:48:12.159656,NaN,NaN,NaN,-34.786271,17.513322666666667
104.86270588235296,14.486058945760245,35.265915421304854,42.74763901025045,199.81699324858485,2026-06-25 05:48:11.320463,NaN,NaN,NaN,-34.786271,17.513322666666667
105.095375,14.482230287721219,35.26530537022988,42.74399970802905,199.80874359158554,2026-06-25 05:48:10.393866,NaN,NaN,NaN,-34.786271,17.513322666666667
105.28433333333334,14.479704690793831,35.26490046980177,42.741455823693514,199.86527215365584,2026-06-25 05:48:09.716959,NaN,NaN,NaN,-34.786271,17.513322666666667
105.46777777777777,14.47640592088856,35.26459128944624,42.737937337853964,199.88829644622015,2026-06-25 05:48:09.200427,NaN,NaN,NaN,-34.786271,17.513322666666667
105.65355555555556,14.468825925400543,35.264234736584676,42.72891463766877,199.87394467226676,2026-06-25 05:48:08.617246,NaN,NaN,NaN,-34.786271,17.513322666666667
105.895375,14.460459546313967,35.2639044000661,42.71911116477835,200.0079465624534,2026-06-25 05:48:08.113211,NaN,NaN,NaN,-34.786271,17.513322666666667
106.09869999999998,14.455206797026625,35.263597190672286,42.71506411489959,199.82565445555684,2026-06-25 05:48:07.675825,NaN,NaN,NaN,-34.786271,17.513322666666667
106.316,14.450242302435726,35.263275851173375,42.71028952459394,200.06078537175858,2026-06-25 05:48:07.258077,NaN,NaN,NaN,-34.786271,17.513322666666667
106.49885714285715,14.448565601163597,35.26316267816647,42.70872888482942,199.89414003068813,2026-06-25 05:48:07.108116,NaN,NaN,NaN,-34.786271,17.513322666666667
106.69883333333333,14.435959218946794,35.26254780127863,42.695972371121435,199.90497673050334,2026-06-25 05:48:06.401157,NaN,NaN,NaN,-34.786271,17.513322666666667
106.89027272727274,14.420062761563967,35.26194534093084,42.68050223096187,200.31786278456354,2026-06-25 05:48:05.792225,NaN,NaN,NaN,-34.786271,17.513322666666667
107.10157142857143,14.398502957306134,35.26139403308987,42.65818654410483,200.12793991480555,2026-06-25 05:48:05.283591,NaN,NaN,NaN,-34.786271,17.513322666666667
107.285,14.374508144840902,35.260835879071564,42.63326277257051,200.52023186295304,2026-06-25 05:48:04.791577,NaN,NaN,NaN,-34.786271,17.513322666666667
107.51599999999999,14.34156186129283,35.25992080670738,42.59950909321449,200.42691852322233,2026-06-25 05:48:04.042681,NaN,NaN,NaN,-34.786271,17.513322666666667
107.68699999999998,14.330550156190817,35.25940375507616,42.588642454640905,200.37989773486427,2026-06-25 05:48:03.633697,NaN,NaN,NaN,-34.786271,17.513322666666667
107.89933333333335,14.314536693618315,35.258582013611594,42.5723412526383,200.7791610543865,2026-06-25 05:48:03.002043,NaN,NaN,NaN,-34.786271,17.513322666666667
108.10583333333335,14.30224926367809,35.25772561631219,42.55989809971917,200.6008096890707,2026-06-25 05:48:02.352212,NaN,NaN,NaN,-34.786271,17.513322666666667
108.29691666666666,14.285206604706461,35.25668026025414,42.54217407258642,200.7399181721486,2026-06-25 05:48:01.581580,NaN,NaN,NaN,-34.786271,17.513322666666667
108.49629999999999,14.270125061442874,35.25613551688774,42.52610120214879,200.87966049380088,2026-06-25 05:48:01.192515,NaN,NaN,NaN,-34.786271,17.513322666666667
108.711,14.231569946730888,35.25495352639895,42.48644163525965,201.100349805369,2026-06-25 05:48:00.396472,NaN,NaN,NaN,-34.786271,17.513322666666667
108.88627272727271,14.199394310848811,35.25406293964305,42.45423782405628,201.30134524404548,2026-06-25 05:47:59.871041,NaN,NaN,NaN,-34.786271,17.513322666666667
109.086,14.169927874683172,35.25308920655765,42.424202271040414,201.6055739569408,2026-06-25 05:47:59.330778,NaN,NaN,NaN,-34.786271,17.513322666666667
109.26570000000001,14.145904990869303,35.25214439102972,42.398113788364654,201.73806009263356,2026-06-25 05:47:58.858123,NaN,NaN,NaN,-34.786271,17.513322666666667
109.501,14.116705355957848,35.250206004095304,42.369497356947356,201.90221925405945,2026-06-25 05:47:58.070975,NaN,NaN,NaN,-34.786271,17.513322666666667
109.730375,14.0943989868931,35.24869990964655,42.34670079887022,202.0088297220176,2026-06-25 05:47:57.522221,NaN,NaN,NaN,-34.786271,17.513322666666667
109.89142857142858,14.083311506238969,35.24734243724116,42.334918254921526,202.17894829894587,2026-06-25 05:47:57.092869,NaN,NaN,NaN,-34.786271,17.513322666666667
110.105375,14.056794068952485,35.24508054017637,42.30927132890131,202.40315691170713,2026-06-25 05:47:56.403763,NaN,NaN,NaN,-34.786271,17.513322666666667
110.29962499999999,14.037101316211707,35.24412891511442,42.291556455228616,202.61497526610484,2026-06-25 05:47:56.128835,NaN,NaN,NaN,-34.786271,17.513322666666667
110.50557142857143,13.938234742424143,35.24245292672747,42.18403100844428,204.387918830276,2026-06-25 05:47:55.646817,NaN,NaN,NaN,-34.786271,17.513322666666667
110.697,13.849642432048284,35.24089903523635,42.09437474301801,204.48852987196278,2026-06-25 05:47:55.182653,NaN,NaN,NaN,-34.786271,17.513322666666667
110.877625,13.83116858180127,35.240139296421006,42.076111346111716,204.97536649855863,2026-06-25 05:47:54.935396,NaN,NaN,NaN,-34.786271,17.513322666666667
111.07846666666666,13.788356578484278,35.23831719380629,42.032700436935514,205.28952838370603,2026-06-25 05:47:54.290980,NaN,NaN,NaN,-34.786271,17.513322666666667
111.28781818181818,13.767949194112896,35.23713235240667,42.012261941085846,205.37425702982168,2026-06-25 05:47:53.790808,NaN,NaN,NaN,-34.786271,17.513322666666667
111.48539999999998,13.74118991465916,35.235867887114445,41.985557008630664,205.96376157320395,2026-06-25 05:47:53.054636,NaN,NaN,NaN,-34.786271,17.513322666666667
111.68216666666666,13.73126892662883,35.23546631029725,41.976151085091914,205.93650500230717,2026-06-25 05:47:52.713058,NaN,NaN,NaN,-34.786271,17.513322666666667
111.89188888888889,13.715940139178421,35.23490444638574,41.96160311772905,206.08646470433362,2026-06-25 05:47:52.038234,NaN,NaN,NaN,-34.786271,17.513322666666667
112.09110000000001,13.710697439824042,35.23474407002883,41.95644096649617,206.15824773218756,2026-06-25 05:47:51.729981,NaN,NaN,NaN,-34.786271,17.513322666666667
112.29346153846154,13.703024620819159,35.23456849021588,41.94853319814917,206.23057281169696,2026-06-25 05:47:50.947493,NaN,NaN,NaN,-34.786271,17.513322666666667
112.486,13.695483148964101,35.234506251061276,41.940985429280644,206.29488937124887,2026-06-25 05:47:50.408897,NaN,NaN,NaN,-34.786271,17.513322666666667
112.7035,13.680565105504142,35.23441050509244,41.92650958758459,206.36399247010544,2026-06-25 05:47:49.552771,NaN,NaN,NaN,-34.786271,17.513322666666667
112.846625,13.673635193071071,35.23434410590578,41.91953625294169,206.41562439181536,2026-06-25 05:47:49.149404,NaN,NaN,NaN,-34.786271,17.513322666666667
113.06814285714283,13.657663902952278,35.23411829660404,41.90256024962014,206.57035814688646,2026-06-25 05:47:48.270169,NaN,NaN,NaN,-34.786271,17.513322666666667
113.30107692307693,13.651351658804954,35.23397102307791,41.89627632668073,206.59548601679285,2026-06-25 05:47:47.809849,NaN,NaN,NaN,-34.786271,17.513322666666667
113.47125,13.64805903114857,35.23374946688638,41.89316874792312,206.62307018316577,2026-06-25 05:47:47.143677,NaN,NaN,NaN,-34.786271,17.513322666666667
113.69916666666667,13.645634136635413,35.233602754177404,41.891001201211935,206.63946231603816,2026-06-25 05:47:46.664635,NaN,NaN,NaN,-34.786271,17.513322666666667
113.87435294117647,13.642205114090318,35.23350869209298,41.88770572367772,206.67483678455616,2026-06-25 05:47:46.291693,NaN,NaN,NaN,-34.786271,17.513322666666667
114.07566666666668,13.637903579599175,35.233374298277,41.88361817973624,206.6968271300694,2026-06-25 05:47:45.681558,NaN,NaN,NaN,-34.786271,17.513322666666667
114.29200000000002,13.636135054717554,35.233317834227414,41.8816343256907,206.72424502044495,2026-06-25 05:47:45.295547,NaN,NaN,NaN,-34.786271,17.513322666666667
114.4698181818182,13.634735290591628,35.233284205797275,41.8804048648288,206.73277541492035,2026-06-25 05:47:44.920393,NaN,NaN,NaN,-34.786271,17.513322666666667
114.68758333333334,13.631899671738827,35.23327950009663,41.878187848996085,206.8408285594244,2026-06-25 05:47:44.081975,NaN,NaN,NaN,-34.786271,17.513322666666667
114.88663636363636,13.631776662269948,35.23327950009663,41.8780911978843,206.76119868626995,2026-06-25 05:47:43.702528,NaN,NaN,NaN,-34.786271,17.513322666666667
115.08044444444444,13.630917700994129,35.23327950009663,41.87732983857946,206.7648443869033,2026-06-25 05:47:43.251636,NaN,NaN,NaN,-34.786271,17.513322666666667
115.2768888888889,13.629965395468808,35.23330699055977,41.876083276323676,206.77946140277635,2026-06-25 05:47:42.707333,NaN,NaN,NaN,-34.786271,17.513322666666667
115.47285714285714,13.63003667815667,35.2333290441341,41.87586346195672,206.78076130098293,2026-06-25 05:47:42.336001,NaN,NaN,NaN,-34.786271,17.513322666666667
115.67288888888889,13.627850863076771,35.23336206018901,41.8743180193905,206.79480124109043,2026-06-25 05:47:41.835338,NaN,NaN,NaN,-34.786271,17.513322666666667
115.90472727272727,13.624807834245248,35.23338714580591,41.87241815644911,206.82451712956788,2026-06-25 05:47:41.457659,NaN,NaN,NaN,-34.786271,17.513322666666667
116.07678571428572,13.622877010640833,35.23344116167881,41.86987557818164,206.83466103676653,2026-06-25 05:47:40.807828,NaN,NaN,NaN,-34.786271,17.513322666666667
116.2954,13.61988345112589,35.23353004706365,41.867087023415976,206.86009053307168,2026-06-25 05:47:40.033030,NaN,NaN,NaN,-34.786271,17.513322666666667
116.4908,13.620458868563144,35.23360463697678,41.86734568832943,207.01059961683296,2026-06-25 05:47:39.608141,NaN,NaN,NaN,-34.786271,17.513322666666667
116.69233333333334,13.620001753664805,35.23371217624117,41.86696647319126,206.86589320360218,2026-06-25 05:47:39.038845,NaN,NaN,NaN,-34.786271,17.513322666666667
116.89933333333335,13.618496779379988,35.23389430905279,41.86631241258378,206.87463300549592,2026-06-25 05:47:38.236276,NaN,NaN,NaN,-34.786271,17.513322666666667
117.0509,13.617987436590656,35.23398433758044,41.86621638978509,206.88578762035857,2026-06-25 05:47:37.883590,NaN,NaN,NaN,-34.786271,17.513322666666667
117.27016666666664,13.617780635775704,35.23410270164218,41.866501239817644,206.8873549539303,2026-06-25 05:47:37.417045,NaN,NaN,NaN,-34.786271,17.513322666666667
117.4996153846154,13.616917892390378,35.234307252187975,41.865426482345576,206.8870631450029,2026-06-25 05:47:36.489723,NaN,NaN,NaN,-34.786271,17.513322666666667
117.64445454545456,13.615196694398186,35.23436800945902,41.863921394049356,206.90333369235776,2026-06-25 05:47:36.140863,NaN,NaN,NaN,-34.786271,17.513322666666667
117.84985714285713,13.613158450747292,35.23441286685466,41.86191778457464,207.20927931410634,2026-06-25 05:47:35.794849,NaN,NaN,NaN,-34.786271,17.513322666666667
118.06809090909091,13.61051312242151,35.23446074491493,41.860147880714074,206.94523869320838,2026-06-25 05:47:35.141123,NaN,NaN,NaN,-34.786271,17.513322666666667
118.30639999999998,13.609170260314835,35.23446074491493,41.858802132363195,207.25559611224992,2026-06-25 05:47:34.539462,NaN,NaN,NaN,-34.786271,17.513322666666667
118.49908333333333,13.608982200745679,35.23446074491493,41.85838242105098,207.20273168736003,2026-06-25 05:47:34.380337,NaN,NaN,NaN,-34.786271,17.513322666666667
118.69390909090909,13.606831738689253,35.23441338405282,41.85635110751655,206.97475150940565,2026-06-25 05:47:33.691501,NaN,NaN,NaN,-34.786271,17.513322666666667
118.91312500000001,13.603638071229565,35.23437848747716,41.85342210718353,207.20267984321214,2026-06-25 05:47:33.316031,NaN,NaN,NaN,-34.786271,17.513322666666667
119.1128888888889,13.597562255926364,35.23433677240031,41.847304579665746,207.1461457840048,2026-06-25 05:47:32.909887,NaN,NaN,NaN,-34.786271,17.513322666666667
119.28318181818182,13.590739735096678,35.234283326885105,41.840536456578754,207.4016416587726,2026-06-25 05:47:32.396384,NaN,NaN,NaN,-34.786271,17.513322666666667
119.50699999999999,13.581804028581644,35.234226263307264,41.83150473144569,207.50037725025345,2026-06-25 05:47:31.790179,NaN,NaN,NaN,-34.786271,17.513322666666667
119.68226666666666,13.574155759182139,35.2341697230531,41.82409073943072,207.528199880129,2026-06-25 05:47:31.097026,NaN,NaN,NaN,-34.786271,17.513322666666667
119.89092307692307,13.569890153644486,35.23412384254834,41.820443624937184,207.55670040504592,2026-06-25 05:47:30.556654,NaN,NaN,NaN,-34.786271,17.513322666666667
120.083875,13.565369483865021,35.23408889507208,41.81596882541921,207.5969020551064,2026-06-25 05:47:30.191845,NaN,NaN,NaN,-34.786271,17.513322666666667
120.2958888888889,13.551876014120964,35.23400448179312,41.80224080668253,207.74664518443802,2026-06-25 05:47:29.532989,NaN,NaN,NaN,-34.786271,17.513322666666667
120.503,13.545246622992545,35.233918325700955,41.796008060846574,207.74614937699914,2026-06-25 05:47:29.110877,NaN,NaN,NaN,-34.786271,17.513322666666667
120.63593333333333,13.541551456726136,35.23382443625849,41.79290182282129,207.99051687269485,2026-06-25 05:47:28.720979,NaN,NaN,NaN,-34.786271,17.513322666666667
120.89119999999998,13.53532768273377,35.23360214330732,41.78727550103984,208.17491764144583,2026-06-25 05:47:28.026160,NaN,NaN,NaN,-34.786271,17.513322666666667
121.10288888888888,13.528093887338603,35.23346078175384,41.78001112933426,208.168454670577,2026-06-25 05:47:27.650147,NaN,NaN,NaN,-34.786271,17.513322666666667
121.28493333333334,13.512713830357654,35.233178526647094,41.76415883103329,208.36146024424096,2026-06-25 05:47:26.951440,NaN,NaN,NaN,-34.786271,17.513322666666667
121.468,13.505215423495345,35.233021427242676,41.75667177571019,208.37619738564032,2026-06-25 05:47:26.567096,NaN,NaN,NaN,-34.786271,17.513322666666667
121.6761818181818,13.499604905511188,35.23278153297786,41.750826827161006,208.4073706514894,2026-06-25 05:47:25.884445,NaN,NaN,NaN,-34.786271,17.513322666666667
121.8723,13.498097695499553,35.23266969744326,41.75004443141867,208.41275029625052,2026-06-25 05:47:25.441834,NaN,NaN,NaN,-34.786271,17.513322666666667
122.06689999999999,13.482349479154797,35.23259620669068,41.733790979899126,208.5113448627239,2026-06-25 05:47:24.896976,NaN,NaN,NaN,-34.786271,17.513322666666667
122.29214285714284,13.46761381749229,35.23259620669068,41.71704776271859,208.57285400521442,2026-06-25 05:47:24.362115,NaN,NaN,NaN,-34.786271,17.513322666666667
122.49646153846155,13.480891034009524,35.23259620669068,41.732455439359924,208.27958537191213,2026-06-25 05:47:23.866090,NaN,NaN,NaN,-34.786271,17.513322666666667
122.68999999999998,13.482277732037737,35.23259620669068,41.734608588515734,208.51924399786895,2026-06-25 05:47:23.408517,NaN,NaN,NaN,-34.786271,17.513322666666667
122.88791666666667,13.467395488276418,35.23259620669068,41.719210770858275,208.5866221768778,2026-06-25 05:47:22.662558,NaN,NaN,NaN,-34.786271,17.513322666666667
123.09236363636363,13.464948123987144,35.232496081470956,41.717030571864946,208.676227089667,2026-06-25 05:47:22.139967,NaN,NaN,NaN,-34.786271,17.513322666666667
123.28699999999996,13.472084752610998,35.232082659837815,41.72423072988677,208.58669337051276,2026-06-25 05:47:21.420574,NaN,NaN,NaN,-34.786271,17.513322666666667
123.47064285714286,13.471025021196558,35.23152899303157,41.72271384901233,208.64290909245796,2026-06-25 05:47:20.930866,NaN,NaN,NaN,-34.786271,17.513322666666667
123.71985714285714,13.462630160510267,35.23046125423333,41.71284907138719,208.71015895739646,2026-06-25 05:47:20.234619,NaN,NaN,NaN,-34.786271,17.513322666666667
123.88621428571427,13.461692992754877,35.22965315087081,41.71302599223283,208.77095554329077,2026-06-25 05:47:19.820442,NaN,NaN,NaN,-34.786271,17.513322666666667
124.1286,13.452002777446115,35.2285829740144,41.70077818548427,208.82308246938504,2026-06-25 05:47:19.383413,NaN,NaN,NaN,-34.786271,17.513322666666667
124.30566666666667,13.44453471145487,35.227354955715924,41.69181307234168,208.87304692424343,2026-06-25 05:47:18.919089,NaN,NaN,NaN,-34.786271,17.513322666666667
124.50455555555556,13.440618539861928,35.22617342546596,41.68962040125548,209.11260263842732,2026-06-25 05:47:18.519194,NaN,NaN,NaN,-34.786271,17.513322666666667
124.70133333333332,13.435141263977295,35.22501026344801,41.68573623636177,209.2305019907017,2026-06-25 05:47:18.130406,NaN,NaN,NaN,-34.786271,17.513322666666667
124.91166666666668,13.409412326302311,35.224074178036254,41.65671467777966,209.7262388307212,2026-06-25 05:47:17.822153,NaN,NaN,NaN,-34.786271,17.513322666666667
125.0705,13.401881095083228,35.22359278886258,41.649167145820606,209.97039958252026,2026-06-25 05:47:17.663861,NaN,NaN,NaN,-34.786271,17.513322666666667
125.2549090909091,13.349924251538893,35.22202130303173,41.59035456031005,210.2337979113184,2026-06-25 05:47:17.123093,NaN,NaN,NaN,-34.786271,17.513322666666667
125.4415,13.333039773834448,35.22083037580111,41.572624481223826,210.01467365689496,2026-06-25 05:47:16.680784,NaN,NaN,NaN,-34.786271,17.513322666666667
125.69109090909092,13.338011379277974,35.21974660803998,41.578148008901756,209.98999404387462,2026-06-25 05:47:16.218783,NaN,NaN,NaN,-34.786271,17.513322666666667
125.93366666666668,13.341255982742899,35.219364117411594,41.5818113018567,209.96717954760442,2026-06-25 05:47:16.047616,NaN,NaN,NaN,-34.786271,17.513322666666667
126.09500000000001,13.33910451914893,35.21835369129024,41.58067605998239,210.2975410027974,2026-06-25 05:47:15.501924,NaN,NaN,NaN,-34.786271,17.513322666666667
126.32000000000001,13.328085324850967,35.217403613213854,41.570189911390834,210.3835920311785,2026-06-25 05:47:14.868436,NaN,NaN,NaN,-34.786271,17.513322666666667
126.50999999999999,13.324023678188468,35.21672643173351,41.56566802633019,210.42092453958196,2026-06-25 05:47:14.309180,NaN,NaN,NaN,-34.786271,17.513322666666667
126.67642857142857,13.32268327022783,35.216440462663556,41.564077792854604,210.42484377800577,2026-06-25 05:47:14.050517,NaN,NaN,NaN,-34.786271,17.513322666666667
126.88188888888888,13.321456415983882,35.21600453707342,41.56258066713964,210.63177804978065,2026-06-25 05:47:13.626025,NaN,NaN,NaN,-34.786271,17.513322666666667
127.10799999999999,13.320031681911047,35.2154549182468,41.561486159475336,210.47160610553604,2026-06-25 05:47:13.080056,NaN,NaN,NaN,-34.786271,17.513322666666667
127.237,13.319071290540602,35.215226049157536,41.56059980676929,210.7666334783687,2026-06-25 05:47:12.855114,NaN,NaN,NaN,-34.786271,17.513322666666667
127.47728571428573,13.31108041120506,35.21468656087344,41.55128005766797,211.05867343134884,2026-06-25 05:47:12.343819,NaN,NaN,NaN,-34.786271,17.513322666666667
127.69728571428573,13.30069762700856,35.21430741764213,41.539051208133806,210.92551987541748,2026-06-25 05:47:12.008192,NaN,NaN,NaN,-34.786271,17.513322666666667
127.87383333333332,13.295775728145736,35.21417425223142,41.533122943459375,210.97094709176898,2026-06-25 05:47:11.890366,NaN,NaN,NaN,-34.786271,17.513322666666667
128.094,13.285141859450553,35.21342124069074,41.52168186514744,211.11603230005997,2026-06-25 05:47:11.285524,NaN,NaN,NaN,-34.786271,17.513322666666667
128.29666666666668,13.284519962342294,35.212933385685844,41.520959310051566,211.03485179923945,2026-06-25 05:47:10.915620,NaN,NaN,NaN,-34.786271,17.513322666666667
128.4972857142857,13.28307092390065,35.212052486269904,41.51972260774675,211.04566241644923,2026-06-25 05:47:10.308635,NaN,NaN,NaN,-34.786271,17.513322666666667
128.67350000000002,13.282812333461909,35.21187990108133,41.519622144278124,211.32959058484758,2026-06-25 05:47:10.190809,NaN,NaN,NaN,-34.786271,17.513322666666667
128.8758181818182,13.280789653539188,35.210999328537724,41.51754466065347,211.0663016611699,2026-06-25 05:47:09.643224,NaN,NaN,NaN,-34.786271,17.513322666666667
129.0823,13.277690640788965,35.21000699077708,41.51395687771154,211.4096589336345,2026-06-25 05:47:09.071101,NaN,NaN,NaN,-34.786271,17.513322666666667
129.2692857142857,13.274361261257733,35.20918596491554,41.509902446239,211.43469794896941,2026-06-25 05:47:08.637642,NaN,NaN,NaN,-34.786271,17.513322666666667
129.4970909090909,13.270275696448401,35.20828728262913,41.50553840179872,211.469446936183,2026-06-25 05:47:08.189058,NaN,NaN,NaN,-34.786271,17.513322666666667
129.6815,13.265569511127305,35.20754493140478,41.500569320023246,211.48651253536949,2026-06-25 05:47:07.835173,NaN,NaN,NaN,-34.786271,17.513322666666667
129.8834285714286,13.257804017473871,35.20649062587523,41.49123955819736,211.57253115640015,2026-06-25 05:47:07.352263,NaN,NaN,NaN,-34.786271,17.513322666666667
130.05800000000002,13.252857821214304,35.20583326924321,41.484267861705135,211.59814276585504,2026-06-25 05:47:07.059482,NaN,NaN,NaN,-34.786271,17.513322666666667
130.32125,13.24663964172495,35.20483309191762,41.47632020744926,212.28067145419226,2026-06-25 05:47:06.622989,NaN,NaN,NaN,-34.786271,17.513322666666667
130.538,13.242035463698874,35.203783800810456,41.47161144831205,212.31058295013136,2026-06-25 05:47:06.166858,NaN,NaN,NaN,-34.786271,17.513322666666667
130.68325000000002,13.239712465952529,35.20335929594472,41.469767534970686,212.3486614784439,2026-06-25 05:47:05.979407,NaN,NaN,NaN,-34.786271,17.513322666666667
130.87314285714288,13.237067869222631,35.2027485305274,41.467105286161704,212.35895589861605,2026-06-25 05:47:05.709834,NaN,NaN,NaN,-34.786271,17.513322666666667
131.09742857142857,13.232684659143635,35.201783280312135,41.46251545838644,212.53927827482642,2026-06-25 05:47:05.274233,NaN,NaN,NaN,-34.786271,17.513322666666667
131.27285714285713,13.228007380025131,35.20099504678266,41.456993388488684,212.57893101768087,2026-06-25 05:47:04.902902,NaN,NaN,NaN,-34.786271,17.513322666666667
131.46971428571428,13.221644356750192,35.20024551907497,41.44996440136301,212.79885798672893,2026-06-25 05:47:04.538711,NaN,NaN,NaN,-34.786271,17.513322666666667
131.6554,13.218252841383087,35.19987905033102,41.44570300637635,212.79463836935236,2026-06-25 05:47:04.347332,NaN,NaN,NaN,-34.786271,17.513322666666667
131.85399999999998,13.213176423058547,35.19933614743612,41.43953291677071,212.8618716821568,2026-06-25 05:47:04.067405,NaN,NaN,NaN,-34.786271,17.513322666666667
132.07944444444445,13.208939733004154,35.19853190100136,41.434607507863596,212.88787939722752,2026-06-25 05:47:03.617522,NaN,NaN,NaN,-34.786271,17.513322666666667
132.31514285714286,13.205555576206326,35.19796652269521,41.43140955756696,212.92299574416575,2026-06-25 05:47:03.281895,NaN,NaN,NaN,-34.786271,17.513322666666667
132.49422222222222,13.201546820314972,35.19726972932063,41.426919052107024,212.96290754043432,2026-06-25 05:47:02.845501,NaN,NaN,NaN,-34.786271,17.513322666666667
132.72525000000002,13.19491966736843,35.19655028791361,41.41925785644113,213.2944168942634,2026-06-25 05:47:02.292868,NaN,NaN,NaN,-34.786271,17.513322666666667
132.862,13.195849778684192,35.19642674206638,41.420410433518796,213.0548304188672,2026-06-25 05:47:02.374096,NaN,NaN,NaN,-34.786271,17.513322666666667
133.0836666666667,13.189700559378402,35.19593087609789,41.413955999624896,213.36887231187706,2026-06-25 05:47:01.959621,NaN,NaN,NaN,-34.786271,17.513322666666667
133.2603076923077,13.183808902089911,35.195086017642026,41.4073429689709,213.41020818407958,2026-06-25 05:47:01.398870,NaN,NaN,NaN,-34.786271,17.513322666666667
133.4832,13.180206894965849,35.19436251311563,41.403836367497846,213.43911793580898,2026-06-25 05:47:00.938221,NaN,NaN,NaN,-34.786271,17.513322666666667
133.67814285714286,13.177714332270034,35.19394737476606,41.401577349062016,213.46519741976164,2026-06-25 05:47:00.689714,NaN,NaN,NaN,-34.786271,17.513322666666667
133.8810833333333,13.172822270241461,35.19311313464039,41.396306388259525,213.51418116725924,2026-06-25 05:47:00.214243,NaN,NaN,NaN,-34.786271,17.513322666666667
134.08700000000002,13.169170795741428,35.19217022972714,41.391547426591664,213.5345230686328,2026-06-25 05:46:59.718539,NaN,NaN,NaN,-34.786271,17.513322666666667
134.27612499999998,13.164424846151636,35.19143652486628,41.38682209512538,213.5762184420837,2026-06-25 05:46:59.362381,NaN,NaN,NaN,-34.786271,17.513322666666667
134.50783333333334,13.156543546425162,35.19055400361246,41.37803744676352,213.6376516461679,2026-06-25 05:46:58.952072,NaN,NaN,NaN,-34.786271,17.513322666666667
134.699125,13.151607081773166,35.19005795629199,41.37203960557865,213.9345097003053,2026-06-25 05:46:58.725048,NaN,NaN,NaN,-34.786271,17.513322666666667
134.897,13.138072124018192,35.18873895375004,41.35680236372116,214.1064896801784,2026-06-25 05:46:58.136808,NaN,NaN,NaN,-34.786271,17.513322666666667
135.10266666666666,13.129619032664992,35.18752802305887,41.34719442139427,214.17710018219873,2026-06-25 05:46:57.594092,NaN,NaN,NaN,-34.786271,17.513322666666667
135.283,13.127389007192969,35.18688913436573,41.34481997680235,214.19417146267244,2026-06-25 05:46:57.294171,NaN,NaN,NaN,-34.786271,17.513322666666667
135.4776,13.122952021078259,35.18561892069376,41.339498166463585,213.91981836813522,2026-06-25 05:46:56.659336,NaN,NaN,NaN,-34.786271,17.513322666666667
135.67433333333332,13.120607039330174,35.185195441624614,41.337147146047194,214.23906166780137,2026-06-25 05:46:56.397182,NaN,NaN,NaN,-34.786271,17.513322666666667
135.865,13.116465468757266,35.18436060983151,41.332532935528874,214.26495950409586,2026-06-25 05:46:55.900784,NaN,NaN,NaN,-34.786271,17.513322666666667
136.11350000000002,13.11265584896415,35.18373576463251,41.3279249630346,214.15582752158514,2026-06-25 05:46:55.427990,NaN,NaN,NaN,-34.786271,17.513322666666667
136.29066666666665,13.11017048639026,35.18335206513557,41.32480054549864,214.09822232738526,2026-06-25 05:46:55.053088,NaN,NaN,NaN,-34.786271,17.513322666666667
136.4728,13.107843496923556,35.18297598426232,41.32138045200542,214.0589509942446,2026-06-25 05:46:54.629865,NaN,NaN,NaN,-34.786271,17.513322666666667
136.75650000000002,13.106289864437414,35.1828220205199,41.319526670607985,214.06871446985264,2026-06-25 05:46:54.419920,NaN,NaN,NaN,-34.786271,17.513322666666667
136.89533333333333,13.10427432009188,35.18267800347676,41.3177170664081,214.07185817886887,2026-06-25 05:46:54.181093,NaN,NaN,NaN,-34.786271,17.513322666666667
137.14100000000002,13.102833725807372,35.18248097201209,41.31661469013639,214.40728929163149,2026-06-25 05:46:53.832573,NaN,NaN,NaN,-34.786271,17.513322666666667
137.263625,13.102822457151289,35.18232674300104,41.31653323725857,214.09626730210795,2026-06-25 05:46:53.532651,NaN,NaN,NaN,-34.786271,17.513322666666667
137.4678333333333,13.102530191343648,35.182134130840836,41.31638280199892,214.09932995968992,2026-06-25 05:46:53.161914,NaN,NaN,NaN,-34.786271,17.513322666666667
137.6534,13.102264977507883,35.18203216471892,41.31616315145361,214.10625706150952,2026-06-25 05:46:52.980295,NaN,NaN,NaN,-34.786271,17.513322666666667
137.88316666666665,13.101625215203597,35.181826748975915,41.31573642844047,214.11494545894988,2026-06-25 05:46:52.645382,NaN,NaN,NaN,-34.786271,17.513322666666667
138.07933333333332,13.101544180233681,35.18154893384563,41.31590196205588,214.11696603973502,2026-06-25 05:46:52.278811,NaN,NaN,NaN,-34.786271,17.513322666666667
138.30061538461538,13.10043759156429,35.181120395144426,41.31551295368669,214.13034588753158,2026-06-25 05:46:51.874429,NaN,NaN,NaN,-34.786271,17.513322666666667
138.5165,13.099040711091845,35.18068807275111,41.31449635187265,214.14121721258624,2026-06-25 05:46:51.495682,NaN,NaN,NaN,-34.786271,17.513322666666667
138.72459999999998,13.096155759858481,35.1801521088393,41.31082133076254,214.172779825794,2026-06-25 05:46:51.150772,NaN,NaN,NaN,-34.786271,17.513322666666667
138.882125,13.093653105391166,35.179750037967025,41.3077791314736,214.1846162100006,2026-06-25 05:46:50.908335,NaN,NaN,NaN,-34.786271,17.513322666666667
139.0902857142857,13.089933701340557,35.179183041737666,41.30354988892136,214.24206521079097,2026-06-25 05:46:50.599487,NaN,NaN,NaN,-34.786271,17.513322666666667
139.28585714285714,13.078075563703452,35.17813051946918,41.290605393042085,214.36346858266202,2026-06-25 05:46:50.106758,NaN,NaN,NaN,-34.786271,17.513322666666667
139.4656,13.066039481910304,35.17731472574418,41.27748806656208,214.44256326613936,2026-06-25 05:46:49.761134,NaN,NaN,NaN,-34.786271,17.513322666666667
139.69850000000002,13.054565777092808,35.17657720496493,41.265151085786435,214.49783020868247,2026-06-25 05:46:49.458713,NaN,NaN,NaN,-34.786271,17.513322666666667
139.8892857142857,13.038938962742735,35.17551147708157,41.24760060528609,214.6334794550316,2026-06-25 05:46:49.042750,NaN,NaN,NaN,-34.786271,17.513322666666667
140.0773333333333,13.037263474145147,35.1753694951272,41.24599311469601,214.63685096789297,2026-06-25 05:46:48.988002,NaN,NaN,NaN,-34.786271,17.513322666666667
140.25824999999998,13.02599511867893,35.174293107376656,41.23354934486015,214.77849140790025,2026-06-25 05:46:48.571444,NaN,NaN,NaN,-34.786271,17.513322666666667
140.50650000000002,13.015881800978061,35.17318314383271,41.222572588294796,214.59829384652582,2026-06-25 05:46:48.136558,NaN,NaN,NaN,-34.786271,17.513322666666667
140.701125,13.009634790184649,35.17205493068538,41.216473193727055,214.87557620733958,2026-06-25 05:46:47.677927,NaN,NaN,NaN,-34.786271,17.513322666666667
140.884,13.006195071746296,35.17154830361554,41.21296970501297,214.67654739867447,2026-06-25 05:46:47.461733,NaN,NaN,NaN,-34.786271,17.513322666666667
141.10442857142857,12.998666431640276,35.170605450044484,41.20545748428896,214.8639515645416,2026-06-25 05:46:47.050412,NaN,NaN,NaN,-34.786271,17.513322666666667
141.314125,12.990209549554502,35.16977993773046,41.196533913491464,214.74932968438142,2026-06-25 05:46:46.659443,NaN,NaN,NaN,-34.786271,17.513322666666667
141.481875,12.983792311062231,35.169085826259874,41.18946136360108,214.77293299491296,2026-06-25 05:46:46.322031,NaN,NaN,NaN,-34.786271,17.513322666666667
141.7018888888889,12.980085504153674,35.16816846022023,41.185367320391826,214.81008394628472,2026-06-25 05:46:45.838823,NaN,NaN,NaN,-34.786271,17.513322666666667
141.86522222222223,12.978002723333647,35.16755034265708,41.183312757262826,214.83427689072684,2026-06-25 05:46:45.500023,NaN,NaN,NaN,-34.786271,17.513322666666667
142.12711111111108,12.970983140565354,35.166341569584354,41.1752424784858,214.899580409633,2026-06-25 05:46:44.789097,NaN,NaN,NaN,-34.786271,17.513322666666667
142.26072727272728,12.968603608275872,35.16602301867052,41.17232744465949,214.99770237641886,2026-06-25 05:46:44.595208,NaN,NaN,NaN,-34.786271,17.513322666666667
142.47785714285715,12.959914050805164,35.164890883311806,41.1626334973844,214.99178895662573,2026-06-25 05:46:43.836964,NaN,NaN,NaN,-34.786271,17.513322666666667
142.62916666666666,12.960262143328007,35.16484353650762,41.16322001085183,214.98595015365737,2026-06-25 05:46:43.864338,NaN,NaN,NaN,-34.786271,17.513322666666667
142.894875,12.953839073350265,35.16408148184031,41.15562665857797,215.0272969283078,2026-06-25 05:46:43.297819,NaN,NaN,NaN,-34.786271,17.513322666666667
143.0867142857143,12.950419215057652,35.163707258617116,41.151122384995865,215.2062851729609,2026-06-25 05:46:43.030031,NaN,NaN,NaN,-34.786271,17.513322666666667
143.27362499999998,12.944727410576856,35.16316218588608,41.144988205962775,215.4189645628131,2026-06-25 05:46:42.591753,NaN,NaN,NaN,-34.786271,17.513322666666667
143.47083333333333,12.941942861809034,35.16280526663872,41.14215257412193,215.1394313856,2026-06-25 05:46:42.281417,NaN,NaN,NaN,-34.786271,17.513322666666667
143.6825,12.940466393841078,35.16240613482479,41.141008713353955,215.20798399402122,2026-06-25 05:46:41.904432,NaN,NaN,NaN,-34.786271,17.513322666666667
143.89375,12.940170615514932,35.162156944820076,41.14061022884638,215.3654826840082,2026-06-25 05:46:41.635752,NaN,NaN,NaN,-34.786271,17.513322666666667
144.11245454545454,12.939393659390227,35.16183540948959,41.140052866868515,215.45862776029895,2026-06-25 05:46:41.241537,NaN,NaN,NaN,-34.786271,17.513322666666667
144.23,12.938522772631622,35.16160899836326,41.13926476421074,215.47725115569517,2026-06-25 05:46:40.923438,NaN,NaN,NaN,-34.786271,17.513322666666667
144.4930909090909,12.93744542135744,35.16144425715888,41.13867674765071,215.49025326507436,2026-06-25 05:46:40.609883,NaN,NaN,NaN,-34.786271,17.513322666666667
144.67980000000003,12.936442141636613,35.16126704444529,41.13695042985894,215.50663066626322,2026-06-25 05:46:40.223620,NaN,NaN,NaN,-34.786271,17.513322666666667
144.89166666666665,12.936076452515877,35.1612325897298,41.136281998094184,215.49884235462972,2026-06-25 05:46:40.123646,NaN,NaN,NaN,-34.786271,17.513322666666667
145.04733333333334,12.934987279879879,35.16116173865661,41.13437842498332,215.50929481236045,2026-06-25 05:46:39.907036,NaN,NaN,NaN,-34.786271,17.513322666666667
145.32433333333336,12.933172551786742,35.1610779621661,41.13312307833649,215.25910476425182,2026-06-25 05:46:39.507140,NaN,NaN,NaN,-34.786271,17.513322666666667
145.46339999999998,12.933056671669982,35.161072853285916,41.133058747410175,215.5297731397607,2026-06-25 05:46:39.483813,NaN,NaN,NaN,-34.786271,17.513322666666667
145.69666666666666,12.93255185893002,35.1610196612144,41.13217025044896,215.22515030121488,2026-06-25 05:46:39.057258,NaN,NaN,NaN,-34.786271,17.513322666666667
145.94433333333333,12.931450274257054,35.16098779069916,41.13126479652845,215.2403801949726,2026-06-25 05:46:38.590712,NaN,NaN,NaN,-34.786271,17.513322666666667
146.06516666666667,12.931355315262634,35.16098640757568,41.13122470777952,215.23795117675255,2026-06-25 05:46:38.565719,NaN,NaN,NaN,-34.786271,17.513322666666667
146.327,12.930561504797941,35.16096839778414,41.1303189498653,215.3160048519096,2026-06-25 05:46:38.224141,NaN,NaN,NaN,-34.786271,17.513322666666667
146.4566,12.930524343105514,35.160953599528725,41.13059905222315,215.25244726999242,2026-06-25 05:46:38.034191,NaN,NaN,NaN,-34.786271,17.513322666666667
146.71228571428568,12.930565658780193,35.160925825286064,41.13105531200272,215.25196208332844,2026-06-25 05:46:37.788541,NaN,NaN,NaN,-34.786271,17.513322666666667
146.87033333333332,12.930667851297995,35.16088901987451,41.131561308478005,215.25502467611165,2026-06-25 05:46:37.524324,NaN,NaN,NaN,-34.786271,17.513322666666667
147.11425,12.930515061682115,35.16081220973372,41.131241406469556,215.25958054373953,2026-06-25 05:46:37.230650,NaN,NaN,NaN,-34.786271,17.513322666666667
147.24633333333333,12.930106111566323,35.16072035384023,41.131206208072314,215.26326103548715,2026-06-25 05:46:36.941142,NaN,NaN,NaN,-34.786271,17.513322666666667
147.43400000000003,12.929151246597534,35.160501851052736,41.1317494170585,215.2697403317289,2026-06-25 05:46:36.499591,NaN,NaN,NaN,-34.786271,17.513322666666667
147.6732,12.929091943462655,35.160428677963374,41.131590587120826,215.27406671417143,2026-06-25 05:46:36.384621,NaN,NaN,NaN,-34.786271,17.513322666666667
147.88575,12.928573737106973,35.160166244508034,41.130355407841236,215.58952368649523,2026-06-25 05:46:36.045543,NaN,NaN,NaN,-34.786271,17.513322666666667
148.06688888888888,12.925777672860821,35.15961256604172,41.12671847447127,215.3001263066357,2026-06-25 05:46:35.463750,NaN,NaN,NaN,-34.786271,17.513322666666667
148.288,12.921041895807974,35.15916586128334,41.12184176652381,215.42351132616204,2026-06-25 05:46:35.094957,NaN,NaN,NaN,-34.786271,17.513322666666667
148.47633333333332,12.918403035578784,35.1589690650276,41.11965049719556,215.66404109424704,2026-06-25 05:46:34.941664,NaN,NaN,NaN,-34.786271,17.513322666666667
148.71457142857142,12.908578724274042,35.15822415882233,41.10736283743164,215.76266279655593,2026-06-25 05:46:34.446555,NaN,NaN,NaN,-34.786271,17.513322666666667
148.89757142857144,12.903801101680182,35.15771687577554,41.10145278772882,216.06734146850678,2026-06-25 05:46:34.139492,NaN,NaN,NaN,-34.786271,17.513322666666667
149.08966666666663,12.899853619979197,35.15720979462836,41.09811697427831,216.1354317739683,2026-06-25 05:46:33.853058,NaN,NaN,NaN,-34.786271,17.513322666666667
149.303,12.888744978676637,35.15615338461601,41.086126517016154,216.24193765432707,2026-06-25 05:46:33.295426,NaN,NaN,NaN,-34.786271,17.513322666666667
149.4578,12.887333112268688,35.15590669677037,41.08476008581418,216.25284790688428,2026-06-25 05:46:33.175457,NaN,NaN,NaN,-34.786271,17.513322666666667
149.69725,12.885269534929147,35.15545271542752,41.082711103962154,216.27822539830092,2026-06-25 05:46:32.956764,NaN,NaN,NaN,-34.786271,17.513322666666667
149.9164,12.879455660219634,35.1544611684681,41.076480024806514,216.64685579398272,2026-06-25 05:46:32.495635,NaN,NaN,NaN,-34.786271,17.513322666666667
150.07425,12.875565194035204,35.15407659226008,41.07131687069325,216.66834149487113,2026-06-25 05:46:32.325679,NaN,NaN,NaN,-34.786271,17.513322666666667
150.28771428571426,12.865511426291263,35.153229798980405,41.06041035482655,216.73676616215553,2026-06-25 05:46:31.968629,NaN,NaN,NaN,-34.786271,17.513322666666667
150.45675,12.860982240501999,35.152882986657865,41.05562890664149,216.78349176976153,2026-06-25 05:46:31.825809,NaN,NaN,NaN,-34.786271,17.513322666666667
150.6912857142857,12.848995881798539,35.15204776063809,41.04201155002763,216.7642013478735,2026-06-25 05:46:31.497323,NaN,NaN,NaN,-34.786271,17.513322666666667
150.91916666666665,12.843418931508955,35.151096495789126,41.03659183855454,216.616403302621,2026-06-25 05:46:31.142654,NaN,NaN,NaN,-34.786271,17.513322666666667
151.094,12.843629562836147,35.15022498951656,41.03790112260217,216.61913607414397,2026-06-25 05:46:30.836067,NaN,NaN,NaN,-34.786271,17.513322666666667
151.29283333333333,12.842419592993409,35.14936133368727,41.037089644151926,216.90279549440112,2026-06-25 05:46:30.551141,NaN,NaN,NaN,-34.786271,17.513322666666667
151.48366666666666,12.841807404292185,35.14875494500344,41.036585867387025,216.63434560221188,2026-06-25 05:46:30.351194,NaN,NaN,NaN,-34.786271,17.513322666666667
151.686,12.837959298718419,35.14799468355199,41.03327556416124,216.6840172115076,2026-06-25 05:46:30.113755,NaN,NaN,NaN,-34.786271,17.513322666666667
151.900125,12.827413137028783,35.1467882164969,41.022978438531474,216.77770270210604,2026-06-25 05:46:29.751350,NaN,NaN,NaN,-34.786271,17.513322666666667
152.1036,12.808050220372271,35.14552304021481,41.00031808405573,216.62237660467378,2026-06-25 05:46:29.386445,NaN,NaN,NaN,-34.786271,17.513322666666667
152.26266666666666,12.797910037628695,35.14489814187776,40.9885604031883,216.9963410901074,2026-06-25 05:46:29.209824,NaN,NaN,NaN,-34.786271,17.513322666666667
152.47150000000002,12.787985535921182,35.14406326160573,40.9777084539239,216.7931535612463,2026-06-25 05:46:28.976552,NaN,NaN,NaN,-34.786271,17.513322666666667
152.722,12.777740184080038,35.142987125642236,40.96659267240992,216.87121972637496,2026-06-25 05:46:28.676630,NaN,NaN,NaN,-34.786271,17.513322666666667
152.8886,12.772441176730975,35.14230891947359,40.96086991262193,216.90321406213332,2026-06-25 05:46:28.486680,NaN,NaN,NaN,-34.786271,17.513322666666667
153.0733333333333,12.76420519256092,35.14115142746713,40.95156222029759,216.98093051250328,2026-06-25 05:46:28.160098,NaN,NaN,NaN,-34.786271,17.513322666666667
153.2955,12.759457896740592,35.140518430166715,40.94661346713508,217.01023167023834,2026-06-25 05:46:27.976812,NaN,NaN,NaN,-34.786271,17.513322666666667
153.50459999999998,12.753604735104759,35.139781159005345,40.94047130780535,217.0914826288347,2026-06-25 05:46:27.756870,NaN,NaN,NaN,-34.786271,17.513322666666667
153.730875,12.745578991733119,35.13883548756581,40.93180173782628,217.12163331931163,2026-06-25 05:46:27.464446,NaN,NaN,NaN,-34.786271,17.513322666666667
153.836,12.737289331558765,35.13790657028179,40.921999734371184,217.09855764750296,2026-06-25 05:46:27.160359,NaN,NaN,NaN,-34.786271,17.513322666666667
154.10585714285713,12.731669017508382,35.13723344170622,40.916070971867846,217.09195882172742,2026-06-25 05:46:26.919945,NaN,NaN,NaN,-34.786271,17.513322666666667
154.2914,12.726377043780394,35.13652281316635,40.91058242212178,216.97742203881873,2026-06-25 05:46:26.647159,NaN,NaN,NaN,-34.786271,17.513322666666667
154.4946,12.722711232355774,35.13587846251845,40.90618874677807,217.00736883850956,2026-06-25 05:46:26.377229,NaN,NaN,NaN,-34.786271,17.513322666666667
154.683,12.720500306337494,35.135394802830476,40.902995079553726,217.02852094506187,2026-06-25 05:46:26.157287,NaN,NaN,NaN,-34.786271,17.513322666666667
154.886,12.717727714326484,35.134938291567956,40.89942697735813,217.04566353509006,2026-06-25 05:46:25.927347,NaN,NaN,NaN,-34.786271,17.513322666666667
155.07066666666665,12.713139166512235,35.13452428253407,40.8948146534948,217.08355861644023,2026-06-25 05:46:25.694074,NaN,NaN,NaN,-34.786271,17.513322666666667
155.31316666666666,12.70538487172855,35.13401023713892,40.88750419044094,217.1433802466397,2026-06-25 05:46:25.369159,NaN,NaN,NaN,-34.786271,17.513322666666667
155.489,12.701555558297812,35.133693527038524,40.883509411546015,217.1726296930653,2026-06-25 05:46:25.144217,NaN,NaN,NaN,-34.786271,17.513322666666667
155.67583333333332,12.698933005274554,35.13350450444175,40.88090077203133,217.20589543072626,2026-06-25 05:46:25.010919,NaN,NaN,NaN,-34.786271,17.513322666666667
155.8605,12.695744207017942,35.132981954991166,40.87691208537585,217.23133242492332,2026-06-25 05:46:24.602692,NaN,NaN,NaN,-34.786271,17.513322666666667
156.06625000000003,12.6957777721592,35.132981711792866,40.87678525149943,217.23371826415644,2026-06-25 05:46:24.602692,NaN,NaN,NaN,-34.786271,17.513322666666667
156.3048,12.69454244389528,35.13274836449305,40.87569488698123,217.44500278394128,2026-06-25 05:46:24.417740,NaN,NaN,NaN,-34.786271,17.513322666666667
156.45000000000002,12.692507644091558,35.13232914074494,40.874115125224385,217.57827114423756,2026-06-25 05:46:24.094491,NaN,NaN,NaN,-34.786271,17.513322666666667
156.68766666666667,12.691819172675736,35.13218579684661,40.87343387161763,217.33683238977667,2026-06-25 05:46:23.994517,NaN,NaN,NaN,-34.786271,17.513322666666667
156.897,12.688927025256472,35.13161255002109,40.870938246866785,217.36334684433768,2026-06-25 05:46:23.617949,NaN,NaN,NaN,-34.786271,17.513322666666667
157.0786666666667,12.687268292162729,35.13132787747984,40.8693936688207,217.5776018025287,2026-06-25 05:46:23.452992,NaN,NaN,NaN,-34.786271,17.513322666666667
157.2615,12.68453009817448,35.13090573372497,40.86656359490647,217.4947410973591,2026-06-25 05:46:23.228050,NaN,NaN,NaN,-34.786271,17.513322666666667
157.51100000000002,12.679895870958575,35.1302045868407,40.861287294718565,217.6863630378543,2026-06-25 05:46:22.915632,NaN,NaN,NaN,-34.786271,17.513322666666667
157.67149999999998,12.678143129575265,35.129776208689165,40.859698659085254,217.71198832078755,2026-06-25 05:46:22.759422,NaN,NaN,NaN,-34.786271,17.513322666666667
157.89475000000002,12.676219821178478,35.129350201179435,40.85786723322089,217.52232964373223,2026-06-25 05:46:22.590716,NaN,NaN,NaN,-34.786271,17.513322666666667
158.09,12.668240717767937,35.12795497750217,40.84969619079673,217.79923358804973,2026-06-25 05:46:22.153330,NaN,NaN,NaN,-34.786271,17.513322666666667
158.27766666666665,12.65844469418944,35.12715168148647,40.83936894650777,217.89234792540742,2026-06-25 05:46:21.949217,NaN,NaN,NaN,-34.786271,17.513322666666667
158.50133333333335,12.64458622984255,35.12599091283357,40.82441374763351,217.973850492681,2026-06-25 05:46:21.661792,NaN,NaN,NaN,-34.786271,17.513322666666667
158.69559999999998,12.62739524908433,35.124519887410194,40.80516548082433,218.13242170484716,2026-06-25 05:46:21.338543,NaN,NaN,NaN,-34.786271,17.513322666666667
158.87625,12.621782641160475,35.12399382515408,40.798708115422414,218.19404292081342,2026-06-25 05:46:21.228571,NaN,NaN,NaN,-34.786271,17.513322666666667
159.07725,12.606896076882826,35.121952630041356,40.78288010304767,218.10409066291558,2026-06-25 05:46:20.841172,NaN,NaN,NaN,-34.786271,17.513322666666667
159.29299999999998,12.604101612004277,35.1214417623072,40.780284809646396,218.3227740426312,2026-06-25 05:46:20.745364,NaN,NaN,NaN,-34.786271,17.513322666666667
159.45480000000003,12.590618776396544,35.11981017563623,40.76618597778859,218.182247446351,2026-06-25 05:46:20.458772,NaN,NaN,NaN,-34.786271,17.513322666666667
159.713,12.57321805305071,35.11823041994302,40.7470315939782,218.26016884461077,2026-06-25 05:46:20.191342,NaN,NaN,NaN,-34.786271,17.513322666666667
159.90442857142858,12.555314440269829,35.11672730175495,40.727645237796374,218.10727617312858,2026-06-25 05:46:19.943192,NaN,NaN,NaN,-34.786271,17.513322666666667
160.08333333333334,12.53249518515779,35.114801587726255,40.70316734461875,217.99137162759018,2026-06-25 05:46:19.628988,NaN,NaN,NaN,-34.786271,17.513322666666667
160.31560000000002,12.517923703108625,35.11363809260107,40.686447320518695,218.09471544605847,2026-06-25 05:46:19.439038,NaN,NaN,NaN,-34.786271,17.513322666666667
160.512,12.50685877325986,35.112726090126486,40.6738529639764,218.01826545614492,2026-06-25 05:46:19.289077,NaN,NaN,NaN,-34.786271,17.513322666666667
160.7455,12.481758032038277,35.11057674113522,40.64736404335801,217.69309969775014,2026-06-25 05:46:18.891681,NaN,NaN,NaN,-34.786271,17.513322666666667
160.9065,12.483937087436498,35.11035012987757,40.649398146842714,218.0073162800378,2026-06-25 05:46:18.929171,NaN,NaN,NaN,-34.786271,17.513322666666667
161.10299999999998,12.464518602581757,35.108569785092094,40.62843091110644,217.074513315368,2026-06-25 05:46:18.579262,NaN,NaN,NaN,-34.786271,17.513322666666667
161.21266666666668,12.459961508474938,35.10810767869699,40.623045497352955,217.30645096644744,2026-06-25 05:46:18.495950,NaN,NaN,NaN,-34.786271,17.513322666666667
161.45399999999998,12.452071719815066,35.10712791692013,40.61418667725772,216.77154614629384,2026-06-25 05:46:18.312665,NaN,NaN,NaN,-34.786271,17.513322666666667
161.723,12.44742660168238,35.10633303764964,40.609364684552204,216.8003815273318,2026-06-25 05:46:18.159371,NaN,NaN,NaN,-34.786271,17.513322666666667
161.9043333333333,12.444215877616449,35.1051170730185,40.60653604051028,216.72768449566334,2026-06-25 05:46:17.912769,NaN,NaN,NaN,-34.786271,17.513322666666667
162.084,12.443589009398705,35.10427858095833,40.60614877496164,216.5175985528505,2026-06-25 05:46:17.729483,NaN,NaN,NaN,-34.786271,17.513322666666667
162.3135,12.442113472093753,35.1033260928914,40.6048671046691,216.53335580983116,2026-06-25 05:46:17.504542,NaN,NaN,NaN,-34.786271,17.513322666666667
162.47883333333334,12.44060790801185,35.10262527134873,40.603289280513806,216.52422515808954,2026-06-25 05:46:17.329588,NaN,NaN,NaN,-34.786271,17.513322666666667
162.75366666666665,12.43849326411681,35.10192288112835,40.600823094991675,216.31090627965304,2026-06-25 05:46:17.146302,NaN,NaN,NaN,-34.786271,17.513322666666667
162.89842857142858,12.43541382520533,35.10085761834237,40.59642369620813,216.47216590043547,2026-06-25 05:46:16.822577,NaN,NaN,NaN,-34.786271,17.513322666666667
163.112,12.433626877552731,35.10015319760041,40.59415489481485,216.30618146699194,2026-06-25 05:46:16.579783,NaN,NaN,NaN,-34.786271,17.513322666666667
163.26233333333332,12.433292694678011,35.100114586603276,40.59390305340986,216.3030501565906,2026-06-25 05:46:16.563121,NaN,NaN,NaN,-34.786271,17.513322666666667
163.4805,12.430082439398578,35.099567292018094,40.59107261221838,216.34506508479714,2026-06-25 05:46:16.342345,NaN,NaN,NaN,-34.786271,17.513322666666667
163.67928571428573,12.424504802195546,35.09894529219725,40.586078729119336,216.40105259440176,2026-06-25 05:46:16.037067,NaN,NaN,NaN,-34.786271,17.513322666666667
163.888,12.420661990797559,35.0986579827134,40.58208164246879,216.42662663941024,2026-06-25 05:46:15.867469,NaN,NaN,NaN,-34.786271,17.513322666666667
164.04533333333333,12.414593493656964,35.09830067349017,40.5751941511264,216.5590614522281,2026-06-25 05:46:15.630031,NaN,NaN,NaN,-34.786271,17.513322666666667
164.29300000000003,12.407637752062195,35.098020821723324,40.567098289120295,216.52961296035863,2026-06-25 05:46:15.380096,NaN,NaN,NaN,-34.786271,17.513322666666667
164.4851666666667,12.402227691481727,35.097850366133265,40.5613532378483,216.89046483721168,2026-06-25 05:46:15.180148,NaN,NaN,NaN,-34.786271,17.513322666666667
164.63299999999998,12.397698200122473,35.097717330564166,40.556864956385056,216.7687863596153,2026-06-25 05:46:15.005194,NaN,NaN,NaN,-34.786271,17.513322666666667
164.88425,12.39231820433038,35.09763217117078,40.55164485733956,216.65203688796097,2026-06-25 05:46:14.830239,NaN,NaN,NaN,-34.786271,17.513322666666667
165.0746,12.380885690859984,35.09754336545728,40.5399866263608,216.24549344651908,2026-06-25 05:46:14.480330,NaN,NaN,NaN,-34.786271,17.513322666666667
165.27585714285715,12.37670557759221,35.09754336545728,40.535601793940884,215.47681757172668,2026-06-25 05:46:14.351792,NaN,NaN,NaN,-34.786271,17.513322666666667
165.4606666666667,12.366211564633547,35.09754336545728,40.524783982723505,214.3971322801852,2026-06-25 05:46:14.030448,NaN,NaN,NaN,-34.786271,17.513322666666667
165.6892,12.36024325853163,35.09758206936091,40.51918412411878,213.5523957692694,2026-06-25 05:46:13.820502,NaN,NaN,NaN,-34.786271,17.513322666666667
165.95633333333333,12.356310020976158,35.09762365007882,40.51604106821875,212.7240526290734,2026-06-25 05:46:13.647214,NaN,NaN,NaN,-34.786271,17.513322666666667
166.08919999999998,12.35242241962839,35.097694300706436,40.51386739248012,212.33217366820867,2026-06-25 05:46:13.400612,NaN,NaN,NaN,-34.786271,17.513322666666667
166.31199999999998,12.350076047698069,35.09775728003125,40.51233080789756,211.69094241559588,2026-06-25 05:46:13.190667,NaN,NaN,NaN,-34.786271,17.513322666666667
166.49225,12.348223231128632,35.097824035159206,40.51051163967668,211.47763025240366,2026-06-25 05:46:12.955728,NaN,NaN,NaN,-34.786271,17.513322666666667
166.676,12.347602144038213,35.09785147136249,40.50972786108116,211.4854236000674,2026-06-25 05:46:12.855754,NaN,NaN,NaN,-34.786271,17.513322666666667
166.82375,12.345805133954933,35.09790308790768,40.50817334108475,211.20214665565277,2026-06-25 05:46:12.605819,NaN,NaN,NaN,-34.786271,17.513322666666667
167.079,12.344173800135719,35.09791491710955,40.50671971955069,210.61823349290933,2026-06-25 05:46:12.330891,NaN,NaN,NaN,-34.786271,17.513322666666667
167.24599999999998,12.34508432341234,35.09791491710955,40.50752417361822,210.90465945674853,2026-06-25 05:46:12.480852,NaN,NaN,NaN,-34.786271,17.513322666666667
167.46214285714288,12.342707820971128,35.09791491710955,40.50514859267901,210.62502347027112,2026-06-25 05:46:12.138084,NaN,NaN,NaN,-34.786271,17.513322666666667
167.7104,12.33934922059117,35.097857893229346,40.50153803609874,210.3510324998811,2026-06-25 05:46:11.811026,NaN,NaN,NaN,-34.786271,17.513322666666667
167.85433333333333,12.337533627378628,35.09780422260178,40.4997132039749,209.9968477838521,2026-06-25 05:46:11.664398,NaN,NaN,NaN,-34.786271,17.513322666666667
168.082,12.334905238660172,35.097695568546825,40.49746979977909,209.79035924379394,2026-06-25 05:46:11.456119,NaN,NaN,NaN,-34.786271,17.513322666666667
168.28300000000002,12.332272695950385,35.097545263005095,40.49540590062182,209.52243319144432,2026-06-25 05:46:11.247840,NaN,NaN,NaN,-34.786271,17.513322666666667
168.4946,12.330361875937509,35.09741314285688,40.49367930037914,209.81191668768443,2026-06-25 05:46:11.101211,NaN,NaN,NaN,-34.786271,17.513322666666667
168.71475,12.325235867910383,35.096965792858995,40.48817961060367,209.24606068588437,2026-06-25 05:46:10.718811,NaN,NaN,NaN,-34.786271,17.513322666666667
168.905,12.324924913828417,35.096934265051274,40.48789422893317,209.3483072565188,2026-06-25 05:46:10.701315,NaN,NaN,NaN,-34.786271,17.513322666666667
169.102,12.321060203618416,35.09655952238026,40.483948904830655,209.00714070386456,2026-06-25 05:46:10.448048,NaN,NaN,NaN,-34.786271,17.513322666666667
169.30433333333335,12.318565584988102,35.096307706585534,40.48173960306689,208.79898896465784,2026-06-25 05:46:10.298087,NaN,NaN,NaN,-34.786271,17.513322666666667
169.525,12.313818552189128,35.0958434374804,40.477445387022335,208.48659290796593,2026-06-25 05:46:10.056484,NaN,NaN,NaN,-34.786271,17.513322666666667
169.70749999999998,12.311832523737907,35.09568444349787,40.47630068550944,208.6502641859101,2026-06-25 05:46:10.006497,NaN,NaN,NaN,-34.786271,17.513322666666667
169.878,12.306013872176912,35.09516595179261,40.471122800942815,208.53865935742186,2026-06-25 05:46:09.756562,NaN,NaN,NaN,-34.786271,17.513322666666667
170.10233333333335,12.29621833744198,35.09464064031332,40.46147656568158,208.50183700699267,2026-06-25 05:46:09.548283,NaN,NaN,NaN,-34.786271,17.513322666666667
170.25639999999999,12.287203913660283,35.0941820110478,40.452262489272904,208.083322319305,2026-06-25 05:46:09.371662,NaN,NaN,NaN,-34.786271,17.513322666666667
170.45466666666667,12.26523421468594,35.0934941212357,40.42714730117273,208.29399009319062,2026-06-25 05:46:09.131725,NaN,NaN,NaN,-34.786271,17.513322666666667
170.68266666666668,12.251235507528046,35.09303602396441,40.410589386249626,208.4068815453341,2026-06-25 05:46:08.981764,NaN,NaN,NaN,-34.786271,17.513322666666667
170.86075000000002,12.237618452751137,35.092309405361746,40.3953760391933,208.7897989185026,2026-06-25 05:46:08.756822,NaN,NaN,NaN,-34.786271,17.513322666666667
171.06633333333335,12.234490212859177,35.092000732815535,40.39209854471884,208.8062717100213,2026-06-25 05:46:08.665180,NaN,NaN,NaN,-34.786271,17.513322666666667
171.2715,12.229906051007186,35.09128271080421,40.387623717005745,209.1372706098415,2026-06-25 05:46:08.456900,NaN,NaN,NaN,-34.786271,17.513322666666667
171.505,12.227444992827314,35.09035833890247,40.38549739455193,209.9068749919431,2026-06-25 05:46:08.201967,NaN,NaN,NaN,-34.786271,17.513322666666667
171.689,12.226256114129663,35.089908710052384,40.38427957321522,210.01888420470172,2026-06-25 05:46:08.081998,NaN,NaN,NaN,-34.786271,17.513322666666667
171.933,12.223147256212444,35.08894963580772,40.38072189344012,210.60535365301806,2026-06-25 05:46:07.832063,NaN,NaN,NaN,-34.786271,17.513322666666667
172.0975,12.22116293261824,35.08864824224098,40.37876972516975,210.87373347983873,2026-06-25 05:46:07.757083,NaN,NaN,NaN,-34.786271,17.513322666666667
172.22725,12.217437668486522,35.08795336267972,40.374758738281784,211.50863694852262,2026-06-25 05:46:07.582129,NaN,NaN,NaN,-34.786271,17.513322666666667
172.51166666666666,12.20703841483405,35.086767521903575,40.36509900655343,212.368685122482,2026-06-25 05:46:07.248882,NaN,NaN,NaN,-34.786271,17.513322666666667
172.6645,12.208567222420676,35.086578383137606,40.36646948852078,212.26137464028432,2026-06-25 05:46:07.294703,NaN,NaN,NaN,-34.786271,17.513322666666667
172.91099999999997,12.19803162033287,35.085300213686956,40.355935758437035,212.8166773039805,2026-06-25 05:46:06.948960,NaN,NaN,NaN,-34.786271,17.513322666666667
173.092,12.191027910704381,35.084305029496235,40.34829135529614,213.40748458217328,2026-06-25 05:46:06.719853,NaN,NaN,NaN,-34.786271,17.513322666666667
173.32174999999998,12.184356845257772,35.08342466193564,40.34109285561671,213.7870575100699,2026-06-25 05:46:06.519905,NaN,NaN,NaN,-34.786271,17.513322666666667
173.49425,12.176391488693982,35.08225324419586,40.332227623818106,213.839000030403,2026-06-25 05:46:06.257474,NaN,NaN,NaN,-34.786271,17.513322666666667
173.68375,12.172286925357938,35.0815774171007,40.327813984366834,214.18108620015914,2026-06-25 05:46:06.107513,NaN,NaN,NaN,-34.786271,17.513322666666667
173.92775,12.167995127401326,35.08090011765075,40.32322815248232,214.19604510284248,2026-06-25 05:46:05.957552,NaN,NaN,NaN,-34.786271,17.513322666666667
174.09999999999997,12.152942975271932,35.07942318161578,40.306905475209966,214.58324499285584,2026-06-25 05:46:05.622639,NaN,NaN,NaN,-34.786271,17.513322666666667
174.194,12.153724015806818,35.07937731971848,40.3078194969522,214.6408099327222,2026-06-25 05:46:05.632637,NaN,NaN,NaN,-34.786271,17.513322666666667
174.46966666666665,12.140269621749452,35.07824591517855,40.29285231290305,214.45503786362514,2026-06-25 05:46:05.374371,NaN,NaN,NaN,-34.786271,17.513322666666667
174.6616,12.129152678900606,35.07700958236934,40.28118130439394,214.51727146832533,2026-06-25 05:46:05.102775,NaN,NaN,NaN,-34.786271,17.513322666666667
174.86800000000002,12.12037883047296,35.07590002490013,40.271964616216344,214.61186584267617,2026-06-25 05:46:04.857839,NaN,NaN,NaN,-34.786271,17.513322666666667
175.1196,12.109692271577103,35.074889262451734,40.260078303564526,214.6969621385457,2026-06-25 05:46:04.632897,NaN,NaN,NaN,-34.786271,17.513322666666667
175.21550000000002,12.099123679736596,35.073998813051844,40.248705200342116,214.63002495954686,2026-06-25 05:46:04.432949,NaN,NaN,NaN,-34.786271,17.513322666666667
175.4395,12.09333003671722,35.07344803499946,40.24235764562913,214.519136052993,2026-06-25 05:46:04.307982,NaN,NaN,NaN,-34.786271,17.513322666666667
175.6755,12.086198514030004,35.07262841735114,40.2341240241603,214.575964879506,2026-06-25 05:46:04.120531,NaN,NaN,NaN,-34.786271,17.513322666666667
175.92950000000002,12.080438065480733,35.07171292825983,40.22718223367809,214.61927967259598,2026-06-25 05:46:03.908086,NaN,NaN,NaN,-34.786271,17.513322666666667
176.04774999999998,12.077457561506563,35.07113197467225,40.22414288589754,214.65722742833074,2026-06-25 05:46:03.770622,NaN,NaN,NaN,-34.786271,17.513322666666667
176.27275,12.07519143720358,35.07070783512616,40.22185706965183,214.67813381298777,2026-06-25 05:46:03.670648,NaN,NaN,NaN,-34.786271,17.513322666666667
176.4625,12.07146510900739,35.06982531409311,40.21835689738408,214.6978722548233,2026-06-25 05:46:03.458203,NaN,NaN,NaN,-34.786271,17.513322666666667
176.697,12.069274978707169,35.06916407561407,40.21613652659718,214.71767083103651,2026-06-25 05:46:03.295746,NaN,NaN,NaN,-34.786271,17.513322666666667
176.91425,12.064879516192011,35.068315020728576,40.21201758344966,214.75656674332208,2026-06-25 05:46:03.083301,NaN,NaN,NaN,-34.786271,17.513322666666667
177.093,12.054405141483178,35.06737667502511,40.20088685825246,214.81548742795974,2026-06-25 05:46:02.841697,NaN,NaN,NaN,-34.786271,17.513322666666667
177.27949999999998,12.049273905706176,35.06695512822405,40.19550121517683,214.89958405882913,2026-06-25 05:46:02.733392,NaN,NaN,NaN,-34.786271,17.513322666666667
177.50233333333335,12.035648517074948,35.06589620218268,40.17876331840858,214.77026639729797,2026-06-25 05:46:02.450133,NaN,NaN,NaN,-34.786271,17.513322666666667
177.67849999999999,12.033944080027815,35.06574217579433,40.17663595181262,214.7215963621823,2026-06-25 05:46:02.408477,NaN,NaN,NaN,-34.786271,17.513322666666667
177.8125,12.029658075782281,35.0652841121792,40.17117224099905,214.74348579033605,2026-06-25 05:46:02.283510,NaN,NaN,NaN,-34.786271,17.513322666666667
178.08433333333332,12.02453925739573,35.06430031723769,40.16550093446151,214.78173278944408,2026-06-25 05:46:02.008581,NaN,NaN,NaN,-34.786271,17.513322666666667
178.34333333333333,12.02258781897922,35.06351481143858,40.164510791968716,214.79894036818354,2026-06-25 05:46:01.783640,NaN,NaN,NaN,-34.786271,17.513322666666667
178.55200000000002,12.021870338224478,35.06291638229271,40.16415469472109,214.80414808441932,2026-06-25 05:46:01.608686,NaN,NaN,NaN,-34.786271,17.513322666666667
178.69533333333334,12.021409664033575,35.062549758010015,40.163743584449655,214.81263786695675,2026-06-25 05:46:01.500380,NaN,NaN,NaN,-34.786271,17.513322666666667
178.81900000000002,12.021149727631348,35.06249611090803,40.163517817619024,214.82076408039964,2026-06-25 05:46:01.483718,NaN,NaN,NaN,-34.786271,17.513322666666667
179.12875,12.017644255031808,35.06137404101409,40.1603130361309,214.84787674040945,2026-06-25 05:46:01.146306,NaN,NaN,NaN,-34.786271,17.513322666666667
179.33766666666668,12.01208837933937,35.06057092551386,40.15471248615339,215.15259559894236,2026-06-25 05:46:00.900537,NaN,NaN,NaN,-34.786271,17.513322666666667
179.51200000000003,12.007956606812117,35.060138686180146,40.1503914581315,214.932441141533,2026-06-25 05:46:00.767238,NaN,NaN,NaN,-34.786271,17.513322666666667
179.773,11.995200725935488,35.0593480860223,40.13697242821278,215.35311739682066,2026-06-25 05:46:00.433992,NaN,NaN,NaN,-34.786271,17.513322666666667
179.85324999999997,11.998598032724562,35.059067526297035,40.14052931468167,215.34734821615774,2026-06-25 05:46:00.521469,NaN,NaN,NaN,-34.786271,17.513322666666667
180.04466666666667,11.993339824185076,35.05890776632854,40.13482478836851,215.31152326108705,2026-06-25 05:46:00.384005,NaN,NaN,NaN,-34.786271,17.513322666666667
180.32233333333332,11.985974021265493,35.058268218172884,40.1263729651719,215.12715903939,2026-06-25 05:46:00.184057,NaN,NaN,NaN,-34.786271,17.513322666666667
180.48066666666668,11.98105502097765,35.0577887656532,40.12058952784801,215.16238145139957,2026-06-25 05:46:00.034096,NaN,NaN,NaN,-34.786271,17.513322666666667
180.69299999999998,11.975779554817116,35.05718843360415,40.114996478782345,215.20551502319412,2026-06-25 05:45:59.846645,NaN,NaN,NaN,-34.786271,17.513322666666667
180.907,11.974130704815854,35.056988136540994,40.11332185418646,215.21862221987823,2026-06-25 05:45:59.784161,NaN,NaN,NaN,-34.786271,17.513322666666667
181.0648,11.966239849849561,35.056149468304724,40.1051483202135,215.2827308303118,2026-06-25 05:45:59.524229,NaN,NaN,NaN,-34.786271,17.513322666666667
181.22825,11.962065306529958,35.0557380694149,40.10090716259039,215.32958224284906,2026-06-25 05:45:59.396762,NaN,NaN,NaN,-34.786271,17.513322666666667
181.494,11.956423741466718,35.05520900649216,40.09471163595305,215.37487771876698,2026-06-25 05:45:59.234304,NaN,NaN,NaN,-34.786271,17.513322666666667
181.6506,11.950324024359631,35.054619289608596,40.087635560282536,215.42648774036476,2026-06-25 05:45:59.054351,NaN,NaN,NaN,-34.786271,17.513322666666667
181.923,11.94480121988533,35.05405898963073,40.08128393500407,215.47063942642615,2026-06-25 05:45:58.884396,NaN,NaN,NaN,-34.786271,17.513322666666667
182.11125,11.941227275095562,35.05364346762068,40.07769127845345,215.4654018853156,2026-06-25 05:45:58.759428,NaN,NaN,NaN,-34.786271,17.513322666666667
182.428,11.936620933167411,35.05288957846527,40.07343888816189,215.29453205039306,2026-06-25 05:45:58.534487,NaN,NaN,NaN,-34.786271,17.513322666666667
182.704,11.934775256268798,35.05228053587168,40.071531880093005,215.24299937791807,2026-06-25 05:45:58.354534,NaN,NaN,NaN,-34.786271,17.513322666666667
182.915,11.932771783207981,35.05144458028019,40.06907549095959,215.26367655786942,2026-06-25 05:45:58.109598,NaN,NaN,NaN,-34.786271,17.513322666666667
183.044,11.931247584714157,35.05105604872861,40.06740408677199,215.28257999075583,2026-06-25 05:45:57.984630,NaN,NaN,NaN,-34.786271,17.513322666666667
183.2735,11.931152554799308,35.051014142371585,40.067454309653186,215.28443437393122,2026-06-25 05:45:57.997127,NaN,NaN,NaN,-34.786271,17.513322666666667
183.49139999999997,11.925384888889662,35.04997059204516,40.06223976434851,215.33323917010165,2026-06-25 05:45:57.684708,NaN,NaN,NaN,-34.786271,17.513322666666667
183.65800000000002,11.921373410158493,35.049443443675,40.057990215692804,215.39117042959253,2026-06-25 05:45:57.534747,NaN,NaN,NaN,-34.786271,17.513322666666667
183.88400000000001,11.917315529226011,35.04891632919362,40.05379660171617,215.4057497614935,2026-06-25 05:45:57.384787,NaN,NaN,NaN,-34.786271,17.513322666666667
184.08866666666665,11.908113986019885,35.04800075498091,40.043019396627805,215.46163839962176,2026-06-25 05:45:57.126521,NaN,NaN,NaN,-34.786271,17.513322666666667
184.45033333333333,11.898874806721537,35.047139460129216,40.03225009475136,215.27854079267897,2026-06-25 05:45:56.884917,NaN,NaN,NaN,-34.786271,17.513322666666667
184.714,11.893692081451803,35.046557737787104,40.02650959851739,215.36868606229515,2026-06-25 05:45:56.722459,NaN,NaN,NaN,-34.786271,17.513322666666667
184.829,11.890036047625205,35.046064601741136,40.022727486618436,215.62954802383177,2026-06-25 05:45:56.584995,NaN,NaN,NaN,-34.786271,17.513322666666667
185.09833333333333,11.886371709721482,35.04552546216046,40.01949856690595,215.42944654212977,2026-06-25 05:45:56.435034,NaN,NaN,NaN,-34.786271,17.513322666666667
185.29933333333335,11.87848524329626,35.04480539975623,40.0118806355643,215.74177355197241,2026-06-25 05:45:56.235086,NaN,NaN,NaN,-34.786271,17.513322666666667
185.45120000000003,11.871676067262666,35.04437288509402,40.004734938914126,215.8890925549619,2026-06-25 05:45:56.115118,NaN,NaN,NaN,-34.786271,17.513322666666667
185.7448,11.852423232960282,35.04336284037568,39.984016259657295,216.28984243718375,2026-06-25 05:45:55.795201,NaN,NaN,NaN,-34.786271,17.513322666666667
185.846,11.854153873008844,35.0432183115219,39.986035428379736,216.25236982265787,2026-06-25 05:45:55.835190,NaN,NaN,NaN,-34.786271,17.513322666666667
186.0912,11.841283077234582,35.04227872073922,39.971092953905604,216.34804051983846,2026-06-25 05:45:55.535269,NaN,NaN,NaN,-34.786271,17.513322666666667
186.281,11.836427294839847,35.041645279365696,39.96514882526414,216.54248880370653,2026-06-25 05:45:55.360314,NaN,NaN,NaN,-34.786271,17.513322666666667
186.5065,11.834714062014967,35.041373473642196,39.96314875803088,216.71836277943245,2026-06-25 05:45:55.285334,NaN,NaN,NaN,-34.786271,17.513322666666667
186.71599999999998,11.830330262438324,35.0405862335456,39.95873266340027,216.75461036380867,2026-06-25 05:45:55.068724,NaN,NaN,NaN,-34.786271,17.513322666666667
186.82233333333338,11.830055024780748,35.040525288203334,39.958533810695535,216.75889853568384,2026-06-25 05:45:55.052061,NaN,NaN,NaN,-34.786271,17.513322666666667
187.11280000000002,11.825037596246442,35.03955097457645,39.954138580068246,216.79424349122718,2026-06-25 05:45:54.785464,NaN,NaN,NaN,-34.786271,17.513322666666667
187.30316666666667,11.817640908002469,35.03853646581921,39.94658288991283,217.1903080156393,2026-06-25 05:45:54.510536,NaN,NaN,NaN,-34.786271,17.513322666666667
187.516,11.808623970139946,35.03750907760694,39.936551449792546,217.2559426394142,2026-06-25 05:45:54.235607,NaN,NaN,NaN,-34.786271,17.513322666666667
187.65800000000002,11.808516270975861,35.03750857376635,39.936439247549856,217.25667161327635,2026-06-25 05:45:54.235607,NaN,NaN,NaN,-34.786271,17.513322666666667
187.92325,11.802106078608354,35.03646284945748,39.92921204378112,217.3119974396763,2026-06-25 05:45:53.960679,NaN,NaN,NaN,-34.786271,17.513322666666667
188.09199999999998,11.800374163409497,35.03607450365205,39.927343099315834,217.3259203408354,2026-06-25 05:45:53.860705,NaN,NaN,NaN,-34.786271,17.513322666666667
188.222,11.797262172364976,35.03539394227168,39.923960957709724,217.35268739050335,2026-06-25 05:45:53.685751,NaN,NaN,NaN,-34.786271,17.513322666666667
188.55866666666668,11.795380366147654,35.034931191830964,39.92198512776891,217.37211226368882,2026-06-25 05:45:53.569114,NaN,NaN,NaN,-34.786271,17.513322666666667
188.634,11.792956044933304,35.0342944237661,39.91941178941295,217.2599006077148,2026-06-25 05:45:53.410822,NaN,NaN,NaN,-34.786271,17.513322666666667
188.86700000000002,11.789860976621117,35.03399126835072,39.916007528558694,217.102196030391,2026-06-25 05:45:53.210875,NaN,NaN,NaN,-34.786271,17.513322666666667
188.99,11.79183235273803,35.03347720284095,39.91820669834292,217.40488688442264,2026-06-25 05:45:53.335842,NaN,NaN,NaN,-34.786271,17.513322666666667
189.26414285714284,11.785865565924952,35.03253075531319,39.9117860505097,217.14406361529865,2026-06-25 05:45:52.985933,NaN,NaN,NaN,-34.786271,17.513322666666667
189.4875,11.780497151235034,35.03134330602245,39.906452576564,216.8866137686987,2026-06-25 05:45:52.711005,NaN,NaN,NaN,-34.786271,17.513322666666667
189.687,11.777756112839688,35.030790177900826,39.90341662853137,216.9052500782839,2026-06-25 05:45:52.586037,NaN,NaN,NaN,-34.786271,17.513322666666667
189.96300000000002,11.772145270089453,35.02988315003775,39.897084812254874,217.1162087664865,2026-06-25 05:45:52.386090,NaN,NaN,NaN,-34.786271,17.513322666666667
190.12966666666668,11.771884571023662,35.029879930370754,39.896990079552715,217.261513464503,2026-06-25 05:45:52.386090,NaN,NaN,NaN,-34.786271,17.513322666666667
190.29299999999998,11.76527702934412,35.02899326415894,39.890359465844455,216.99351560837655,2026-06-25 05:45:52.194473,NaN,NaN,NaN,-34.786271,17.513322666666667
190.49599999999998,11.756972232817152,35.02801073071505,39.88271657924342,217.40243100356219,2026-06-25 05:45:51.986194,NaN,NaN,NaN,-34.786271,17.513322666666667
190.646,11.752745734801314,35.02752936178703,39.878638005223486,217.43768990224956,2026-06-25 05:45:51.886220,NaN,NaN,NaN,-34.786271,17.513322666666667
190.83425,11.74607209574901,35.02679525204327,39.87121774917283,217.81914043842053,2026-06-25 05:45:51.736259,NaN,NaN,NaN,-34.786271,17.513322666666667
190.99400000000003,11.74261065507872,35.02642501129724,39.86713518048751,217.83736005031332,2026-06-25 05:45:51.661278,NaN,NaN,NaN,-34.786271,17.513322666666667
191.2764,11.730319171175237,35.025196161876224,39.852290983810505,217.95687072162605,2026-06-25 05:45:51.416342,NaN,NaN,NaN,-34.786271,17.513322666666667
191.5395,11.721966762185376,35.02440738874392,39.84259309182993,218.0145391802212,2026-06-25 05:45:51.261383,NaN,NaN,NaN,-34.786271,17.513322666666667
191.69866666666667,11.715984158724345,35.023849297686134,39.83585000810231,218.06598793274944,2026-06-25 05:45:51.153078,NaN,NaN,NaN,-34.786271,17.513322666666667
191.825,11.712284677408633,35.02350611247299,39.831684576596906,218.1011087444313,2026-06-25 05:45:51.086428,NaN,NaN,NaN,-34.786271,17.513322666666667
192.104,11.699597638354083,35.02224363242005,39.81781863890541,218.21092051501782,2026-06-25 05:45:50.844825,NaN,NaN,NaN,-34.786271,17.513322666666667
192.3395,11.69302472756799,35.0215425838724,39.8108544314896,217.94519911344503,2026-06-25 05:45:50.711526,NaN,NaN,NaN,-34.786271,17.513322666666667
192.574,11.682716552531605,35.02048480824797,39.80006141666175,218.0308861060238,2026-06-25 05:45:50.486585,NaN,NaN,NaN,-34.786271,17.513322666666667
192.64600000000002,11.683751320926632,35.02035178054692,39.801154032251155,218.02529630748938,2026-06-25 05:45:50.511578,NaN,NaN,NaN,-34.786271,17.513322666666667
192.848,11.676202127957982,35.019555423768665,39.79320119666951,218.09074919141975,2026-06-25 05:45:50.336624,NaN,NaN,NaN,-34.786271,17.513322666666667
193.1236666666667,11.67336185453051,35.019201213258896,39.79020086616573,218.11062128090197,2026-06-25 05:45:50.269974,NaN,NaN,NaN,-34.786271,17.513322666666667
193.28699999999998,11.664480661787053,35.018094313506516,39.780686850900274,218.19250401400305,2026-06-25 05:45:50.061695,NaN,NaN,NaN,-34.786271,17.513322666666667
193.50466666666668,11.660940165885647,35.01769701478605,39.77684597113327,218.2041279403372,2026-06-25 05:45:49.986715,NaN,NaN,NaN,-34.786271,17.513322666666667
193.65425,11.653492592299148,35.01690337770606,39.7688001432754,218.2763427177249,2026-06-25 05:45:49.836754,NaN,NaN,NaN,-34.786271,17.513322666666667
193.911,11.645118507122046,35.01611261495299,39.75985313276337,218.36669868306552,2026-06-25 05:45:49.686793,NaN,NaN,NaN,-34.786271,17.513322666666667
194.08466666666664,11.636871828393145,35.015415328854736,39.75126484290592,218.3764777721871,2026-06-25 05:45:49.553495,NaN,NaN,NaN,-34.786271,17.513322666666667
194.32899999999998,11.631770427836088,35.01498084158579,39.745948526001406,218.44415112210172,2026-06-25 05:45:49.470183,NaN,NaN,NaN,-34.786271,17.513322666666667
194.44,11.622903548609141,35.01416130152774,39.736546858248936,218.2262263450952,2026-06-25 05:45:49.311891,NaN,NaN,NaN,-34.786271,17.513322666666667
194.70850000000002,11.615185161297045,35.013267051803176,39.728241886915576,218.30613949914698,2026-06-25 05:45:49.136936,NaN,NaN,NaN,-34.786271,17.513322666666667
194.88199999999998,11.608858596838276,35.01213660479463,39.7214833034243,218.34847472574285,2026-06-25 05:45:48.911995,NaN,NaN,NaN,-34.786271,17.513322666666667
195.0855,11.605152743456241,35.01102306208847,39.71767559960092,218.36593271601913,2026-06-25 05:45:48.687054,NaN,NaN,NaN,-34.786271,17.513322666666667
195.196,11.603752280709518,35.010294737196524,39.71665839348297,218.37913501103864,2026-06-25 05:45:48.537093,NaN,NaN,NaN,-34.786271,17.513322666666667
195.519,11.603205916542354,35.010055068592834,39.716341616727995,218.39210185994887,2026-06-25 05:45:48.487106,NaN,NaN,NaN,-34.786271,17.513322666666667
195.687,11.601273610543188,35.00946262418226,39.71504671093983,218.13110208083393,2026-06-25 05:45:48.362138,NaN,NaN,NaN,-34.786271,17.513322666666667
195.93466666666666,11.596863929900238,35.00856996783956,39.71114398612949,218.1367934463043,2026-06-25 05:45:48.170522,NaN,NaN,NaN,-34.786271,17.513322666666667
196.05775,11.591806253331544,35.00784952593916,39.70553480470419,218.2257091010528,2026-06-25 05:45:48.012230,NaN,NaN,NaN,-34.786271,17.513322666666667
196.3075,11.586225432286916,35.007178735039716,39.69877081081839,218.39324262328967,2026-06-25 05:45:47.862269,NaN,NaN,NaN,-34.786271,17.513322666666667
196.47425,11.577097592733438,35.00641315110169,39.6876673110886,218.3236947138039,2026-06-25 05:45:47.649824,NaN,NaN,NaN,-34.786271,17.513322666666667
196.65300000000002,11.578817165913652,35.006256049650666,39.68956238251391,218.30499338863459,2026-06-25 05:45:47.687314,NaN,NaN,NaN,-34.786271,17.513322666666667
196.9112,11.565758345514956,35.005148014511775,39.67507452935722,218.40017505413527,2026-06-25 05:45:47.387392,NaN,NaN,NaN,-34.786271,17.513322666666667
197.094,11.557401839601647,35.0043335066008,39.667109253154635,218.1654713370619,2026-06-25 05:45:47.187445,NaN,NaN,NaN,-34.786271,17.513322666666667
197.28475,11.553093687986504,35.00393417191517,39.66308311230327,218.2067056973509,2026-06-25 05:45:47.087471,NaN,NaN,NaN,-34.786271,17.513322666666667
197.441,11.544927473956202,35.003249931650984,39.6546976508543,217.97777067976205,2026-06-25 05:45:46.912516,NaN,NaN,NaN,-34.786271,17.513322666666667
197.723,11.540246604028992,35.00286788515078,39.649365302643616,218.01645527002805,2026-06-25 05:45:46.812542,NaN,NaN,NaN,-34.786271,17.513322666666667
197.8275,11.534769562174553,35.002305406929835,39.642729418107564,218.046909958605,2026-06-25 05:45:46.662581,NaN,NaN,NaN,-34.786271,17.513322666666667
198.062,11.532438079547063,35.001849880054024,39.63999316509734,218.0591333802752,2026-06-25 05:45:46.537614,NaN,NaN,NaN,-34.786271,17.513322666666667
198.289,11.531093894462371,35.001664509387,39.6383243372792,218.07790114450967,2026-06-25 05:45:46.487627,NaN,NaN,NaN,-34.786271,17.513322666666667
198.523,11.528190260275105,35.00083553537866,39.63557765990236,218.09030759631102,2026-06-25 05:45:46.254354,NaN,NaN,NaN,-34.786271,17.513322666666667
198.689,11.526345482244665,35.00048927717028,39.633955239868605,217.9041597993593,2026-06-25 05:45:46.154381,NaN,NaN,NaN,-34.786271,17.513322666666667
198.87675,11.521859803664778,34.99983430053598,39.62966780502573,217.84783852539312,2026-06-25 05:45:45.962764,NaN,NaN,NaN,-34.786271,17.513322666666667
199.1175,11.51551206214558,34.99908339718292,39.62271369310449,217.90798808234777,2026-06-25 05:45:45.737822,NaN,NaN,NaN,-34.786271,17.513322666666667
199.25866666666664,11.51429586831573,34.998922184133185,39.62129894890654,217.91563990196954,2026-06-25 05:45:45.687836,NaN,NaN,NaN,-34.786271,17.513322666666667
199.48533333333333,11.51152580552481,34.998594623526714,39.618219778370296,217.9511388869293,2026-06-25 05:45:45.587862,NaN,NaN,NaN,-34.786271,17.513322666666667
199.6935,11.503886577745343,34.99779040933015,39.60995558224273,218.0105033083269,2026-06-25 05:45:45.337927,NaN,NaN,NaN,-34.786271,17.513322666666667
199.853,11.50341689239589,34.997709141776824,39.6095188466538,218.00913613840575,2026-06-25 05:45:45.312933,NaN,NaN,NaN,-34.786271,17.513322666666667
200.09724999999997,11.49807776426054,34.99727331299241,39.60358345197697,217.9684992957726,2026-06-25 05:45:45.175469,NaN,NaN,NaN,-34.786271,17.513322666666667
200.2705,11.494687601350158,34.99699567399427,39.59991283800447,217.78222401608474,2026-06-25 05:45:45.087992,NaN,NaN,NaN,-34.786271,17.513322666666667
200.52,11.484396164024812,34.99612903331163,39.58753140349984,217.85725743775976,2026-06-25 05:45:44.813064,NaN,NaN,NaN,-34.786271,17.513322666666667
200.65366666666668,11.48262572101521,34.995945038012024,39.585444889864924,217.88889013329464,2026-06-25 05:45:44.754745,NaN,NaN,NaN,-34.786271,17.513322666666667
200.9624,11.475272767158367,34.99506824211012,39.577399543727545,217.94335175012088,2026-06-25 05:45:44.478151,NaN,NaN,NaN,-34.786271,17.513322666666667
201.26749999999998,11.471750096934663,34.994539191146366,39.57397447138359,217.97542416489068,2026-06-25 05:45:44.313194,NaN,NaN,NaN,-34.786271,17.513322666666667
201.49824999999998,11.46822253086051,34.993883121257994,39.57080996636606,217.68177120412696,2026-06-25 05:45:44.100749,NaN,NaN,NaN,-34.786271,17.513322666666667
201.645,11.46850906978839,34.99384650642999,39.57112275666558,217.84773855399308,2026-06-25 05:45:44.113246,NaN,NaN,NaN,-34.786271,17.513322666666667
201.92649999999998,11.464149268871287,34.99313846942684,39.56755602570354,217.73186158349174,2026-06-25 05:45:43.825821,NaN,NaN,NaN,-34.786271,17.513322666666667
202.004,11.465046306352495,34.992921138288395,39.568204359931485,218.03829141757538,2026-06-25 05:45:43.888305,NaN,NaN,NaN,-34.786271,17.513322666666667
202.292,11.46151001378864,34.9922753290855,39.56550073170176,217.75328473654866,2026-06-25 05:45:43.638370,NaN,NaN,NaN,-34.786271,17.513322666666667
202.49966666666668,11.458567141792367,34.99150072429098,39.56276615803609,217.78332110183612,2026-06-25 05:45:43.421760,NaN,NaN,NaN,-34.786271,17.513322666666667
202.7265,11.457247846283686,34.991195061961626,39.56136301132527,217.79422826595774,2026-06-25 05:45:43.338448,NaN,NaN,NaN,-34.786271,17.513322666666667
202.862,11.454515036685663,34.990632281624606,39.558253061693726,217.8204969015495,2026-06-25 05:45:43.188487,NaN,NaN,NaN,-34.786271,17.513322666666667
203.10966666666664,11.45046360664493,34.98985388800084,39.55336992386929,217.79766646639226,2026-06-25 05:45:42.988539,NaN,NaN,NaN,-34.786271,17.513322666666667
203.26333333333332,11.447837827700193,34.9893830273811,39.55043174270451,217.59450648366,2026-06-25 05:45:42.871903,NaN,NaN,NaN,-34.786271,17.513322666666667
203.459,11.447746939255392,34.98935321292613,39.55024538090946,217.7282548775511,2026-06-25 05:45:42.863572,NaN,NaN,NaN,-34.786271,17.513322666666667
203.68466666666666,11.441660011526041,34.98842092662227,39.54395197209243,217.68054074649064,2026-06-25 05:45:42.638630,NaN,NaN,NaN,-34.786271,17.513322666666667
203.9595,11.435810116780356,34.98777443108465,39.5380158156318,217.6794300509521,2026-06-25 05:45:42.488669,NaN,NaN,NaN,-34.786271,17.513322666666667
204.0675,11.433542045943833,34.98755479962033,39.53567859027484,217.7033469130569,2026-06-25 05:45:42.438682,NaN,NaN,NaN,-34.786271,17.513322666666667
204.3226666666667,11.426068480073084,34.98688345225534,39.52794779373418,217.73141170522118,2026-06-25 05:45:42.288722,NaN,NaN,NaN,-34.786271,17.513322666666667
204.408,11.420834127301626,34.98642569495783,39.522570203888016,217.50206739359112,2026-06-25 05:45:42.188748,NaN,NaN,NaN,-34.786271,17.513322666666667
204.68099999999998,11.416995410350687,34.986076017033724,39.51859290686619,217.5332519935261,2026-06-25 05:45:42.113767,NaN,NaN,NaN,-34.786271,17.513322666666667
204.85066666666663,11.41019829393602,34.985401824288594,39.51125765184212,217.27338558242798,2026-06-25 05:45:41.972137,NaN,NaN,NaN,-34.786271,17.513322666666667
205.09766666666667,11.404930424635111,34.984835353157024,39.50539791356991,217.3329309629622,2026-06-25 05:45:41.855501,NaN,NaN,NaN,-34.786271,17.513322666666667
205.279,11.395619245858724,34.98375393018742,39.49551947260795,217.40286669003623,2026-06-25 05:45:41.638891,NaN,NaN,NaN,-34.786271,17.513322666666667
205.4505,11.392440773912838,34.98337187048323,39.49240579467025,217.42763076338684,2026-06-25 05:45:41.563910,NaN,NaN,NaN,-34.786271,17.513322666666667
205.681,11.384925311268724,34.982465639045074,39.48529762512735,217.17839724965972,2026-06-25 05:45:41.388956,NaN,NaN,NaN,-34.786271,17.513322666666667
205.851,11.37934401137646,34.98180513112674,39.479673082950626,217.22978133343454,2026-06-25 05:45:41.263989,NaN,NaN,NaN,-34.786271,17.513322666666667
206.0895,11.373553786296029,34.98113419899803,39.47337989354784,217.1251648573887,2026-06-25 05:45:41.139021,NaN,NaN,NaN,-34.786271,17.513322666666667
206.28866666666667,11.36884207173643,34.980590525358274,39.46822068479663,217.0841591471907,2026-06-25 05:45:41.039047,NaN,NaN,NaN,-34.786271,17.513322666666667
206.48,11.357796747307518,34.979348940015996,39.456538525231196,217.08939704352375,2026-06-25 05:45:40.814106,NaN,NaN,NaN,-34.786271,17.513322666666667
206.6873333333333,11.35529193603107,34.97902770636151,39.453935672566374,217.124713308009,2026-06-25 05:45:40.755788,NaN,NaN,NaN,-34.786271,17.513322666666667
206.87425,11.340902746094557,34.977740484599074,39.438871580096254,217.07896154922037,2026-06-25 05:45:40.526681,NaN,NaN,NaN,-34.786271,17.513322666666667
207.14,11.323330263454825,34.97667765671048,39.419756120334355,217.1053840491001,2026-06-25 05:45:40.339230,NaN,NaN,NaN,-34.786271,17.513322666666667
207.363,11.31490208264665,34.97625050608639,39.410408933773425,217.1814624390968,2026-06-25 05:45:40.264249,NaN,NaN,NaN,-34.786271,17.513322666666667
207.4575,11.306424635004902,34.97582307734901,39.40098588694615,217.25654239717989,2026-06-25 05:45:40.189269,NaN,NaN,NaN,-34.786271,17.513322666666667
207.7295,11.288396902943838,34.974824148001076,39.380820086270965,217.07980885851936,2026-06-25 05:45:40.014314,NaN,NaN,NaN,-34.786271,17.513322666666667
207.95375,11.282921600226164,34.974396230759346,39.37468177846635,217.1088908174861,2026-06-25 05:45:39.939334,NaN,NaN,NaN,-34.786271,17.513322666666667
208.153,11.270005762804905,34.9732567564763,39.360501914830756,216.9020757854457,2026-06-25 05:45:39.739386,NaN,NaN,NaN,-34.786271,17.513322666666667
208.34300000000002,11.27012072478584,34.97325656000393,39.36066593213589,216.74687350375083,2026-06-25 05:45:39.739386,NaN,NaN,NaN,-34.786271,17.513322666666667
208.52733333333333,11.262950670834991,34.972312096633395,39.35353376366836,216.64594197532924,2026-06-25 05:45:39.572763,NaN,NaN,NaN,-34.786271,17.513322666666667
208.67075,11.256940616570855,34.97135119976742,39.34760995037434,216.53110296347452,2026-06-25 05:45:39.401974,NaN,NaN,NaN,-34.786271,17.513322666666667
209.08249999999998,11.251748907882204,34.97037588532535,39.34221569539879,215.9119959993621,2026-06-25 05:45:39.227020,NaN,NaN,NaN,-34.786271,17.513322666666667
209.257,11.249324958182873,34.969889835288214,39.339637182676555,215.84195195020035,2026-06-25 05:45:39.139542,NaN,NaN,NaN,-34.786271,17.513322666666667
209.50333333333333,11.245684152384841,34.96888775996265,39.33517705465214,215.86831072883146,2026-06-25 05:45:38.956257,NaN,NaN,NaN,-34.786271,17.513322666666667
209.70499999999998,11.244900002333967,34.968660196000116,39.33418298937116,215.57415231778825,2026-06-25 05:45:38.914601,NaN,NaN,NaN,-34.786271,17.513322666666667
209.89249999999998,11.241465044547553,34.967587406012925,39.32983563984081,215.10600971105248,2026-06-25 05:45:38.714653,NaN,NaN,NaN,-34.786271,17.513322666666667
210.09,11.239325326216472,34.966926027640646,39.3274700540649,215.02234402440502,2026-06-25 05:45:38.589686,NaN,NaN,NaN,-34.786271,17.513322666666667
210.3315,11.236428120000602,34.96640430891619,39.32515791125269,214.72709133368545,2026-06-25 05:45:38.414731,NaN,NaN,NaN,-34.786271,17.513322666666667
210.4425,11.237666649972624,34.9660170379849,39.3260843551307,214.87794721606912,2026-06-25 05:45:38.489712,NaN,NaN,NaN,-34.786271,17.513322666666667
210.69559999999996,11.232804473649391,34.9651251488072,39.32230109943608,214.15345146115894,2026-06-25 05:45:38.239777,NaN,NaN,NaN,-34.786271,17.513322666666667
210.79,11.230380449488706,34.96461983732321,39.32030827156665,214.17573039548915,2026-06-25 05:45:38.139803,NaN,NaN,NaN,-34.786271,17.513322666666667
211.0525,11.22586050280195,34.96400046614744,39.31628799458872,213.92529511566462,2026-06-25 05:45:38.014836,NaN,NaN,NaN,-34.786271,17.513322666666667
211.362,11.22091046214869,34.96339018125566,39.31176154122172,213.65382801485438,2026-06-25 05:45:37.889868,NaN,NaN,NaN,-34.786271,17.513322666666667
211.46060000000003,11.217603300778642,34.96295910183365,39.30871333447428,213.68074686598786,2026-06-25 05:45:37.799892,NaN,NaN,NaN,-34.786271,17.513322666666667
211.679,11.21123530041476,34.962081895808566,39.30283999945804,213.73309346178013,2026-06-25 05:45:37.614940,NaN,NaN,NaN,-34.786271,17.513322666666667
211.978,11.208964805903394,34.96173293872915,39.30064137071388,213.4527553899089,2026-06-25 05:45:37.539959,NaN,NaN,NaN,-34.786271,17.513322666666667
212.06779999999998,11.204721012003201,34.961047357037444,39.29601670645622,213.48675533914908,2026-06-25 05:45:37.389998,NaN,NaN,NaN,-34.786271,17.513322666666667
212.5053333333333,11.198685100320057,34.96015166811813,39.288990465068956,213.54439709501676,2026-06-25 05:45:37.190051,NaN,NaN,NaN,-34.786271,17.513322666666667
212.73349999999996,11.189249804405712,34.95917590088319,39.27910557746834,213.3054692560969,2026-06-25 05:45:36.965109,NaN,NaN,NaN,-34.786271,17.513322666666667
212.86450000000002,11.177784259266243,34.9583304394305,39.26776210955789,213.26517051751668,2026-06-25 05:45:36.765161,NaN,NaN,NaN,-34.786271,17.513322666666667
213.28233333333333,11.168620377112797,34.957815424092416,39.25831633596497,213.1884109173414,2026-06-25 05:45:36.640194,NaN,NaN,NaN,-34.786271,17.513322666666667
213.5523333333333,11.155690991690937,34.95714277566314,39.24454739379376,213.30543207982473,2026-06-25 05:45:36.473571,NaN,NaN,NaN,-34.786271,17.513322666666667
213.70049999999998,11.149439893491106,34.95681154732996,39.23785095354269,213.35523822882632,2026-06-25 05:45:36.390259,NaN,NaN,NaN,-34.786271,17.513322666666667
213.894,11.14246578316117,34.95641883266997,39.23038811467623,213.40280870844444,2026-06-25 05:45:36.290285,NaN,NaN,NaN,-34.786271,17.513322666666667
214.07099999999997,11.134920957792211,34.95593699174692,39.2222051894663,213.16495821704623,2026-06-25 05:45:36.165318,NaN,NaN,NaN,-34.786271,17.513322666666667
214.30975000000004,11.122515556653415,34.95504205486913,39.20806537833356,213.26169033839614,2026-06-25 05:45:35.927880,NaN,NaN,NaN,-34.786271,17.513322666666667
214.4595,11.120829273545109,34.954904131351796,39.206103547966755,213.12609187296638,2026-06-25 05:45:35.890389,NaN,NaN,NaN,-34.786271,17.513322666666667
214.66433333333336,11.111477598905052,34.954112085447385,39.19538687754304,213.04613101251084,2026-06-25 05:45:35.673779,NaN,NaN,NaN,-34.786271,17.513322666666667
214.8865,11.106535630025736,34.953636121453684,39.19010293516013,213.08567012207175,2026-06-25 05:45:35.540481,NaN,NaN,NaN,-34.786271,17.513322666666667
215.131,11.102036707269635,34.95319466342327,39.18544126399793,213.14027077168615,2026-06-25 05:45:35.415513,NaN,NaN,NaN,-34.786271,17.513322666666667
215.29666666666665,11.094944741381795,34.95249695204802,39.17829470438179,213.18377522005017,2026-06-25 05:45:35.207234,NaN,NaN,NaN,-34.786271,17.513322666666667
215.507,11.095019378686434,34.95247026646313,39.178383953473656,213.18944553198037,2026-06-25 05:45:35.215565,NaN,NaN,NaN,-34.786271,17.513322666666667
215.781,11.08832808345177,34.951725208398244,39.171580396152315,213.2386754153439,2026-06-25 05:45:34.990624,NaN,NaN,NaN,-34.786271,17.513322666666667
215.8848333333333,11.085351025741838,34.9513287448898,39.16825272208894,213.26264850369952,2026-06-25 05:45:34.873988,NaN,NaN,NaN,-34.786271,17.513322666666667
216.072,11.079893406512934,34.95062193190923,39.16194111525783,213.15505626562543,2026-06-25 05:45:34.665709,NaN,NaN,NaN,-34.786271,17.513322666666667
216.341,11.076465136484176,34.95019786759776,39.15806087412367,213.3391810538559,2026-06-25 05:45:34.540741,NaN,NaN,NaN,-34.786271,17.513322666666667
216.52433333333332,11.071923182371398,34.94968707278172,39.15330427721531,213.07129676811047,2026-06-25 05:45:34.357456,NaN,NaN,NaN,-34.786271,17.513322666666667
216.767,11.072593888432516,34.9495726510539,39.15397038815671,213.07002388995392,2026-06-25 05:45:34.390780,NaN,NaN,NaN,-34.786271,17.513322666666667
216.821,11.06917614291503,34.94908547287549,39.15054764809374,213.25022338370803,2026-06-25 05:45:34.215826,NaN,NaN,NaN,-34.786271,17.513322666666667
217.012,11.06806959597525,34.9488251711129,39.14941877396005,213.4141914424182,2026-06-25 05:45:34.140845,NaN,NaN,NaN,-34.786271,17.513322666666667
217.30133333333333,11.066981338825991,34.94847452294084,39.148188450088405,213.42238323354172,2026-06-25 05:45:34.040871,NaN,NaN,NaN,-34.786271,17.513322666666667
217.529,11.066179713819755,34.948120400225434,39.147142114745435,213.43208306370096,2026-06-25 05:45:33.940897,NaN,NaN,NaN,-34.786271,17.513322666666667
217.6905,11.065764496697042,34.94785123264147,39.146508536037004,213.432487103914,2026-06-25 05:45:33.865917,NaN,NaN,NaN,-34.786271,17.513322666666667
217.8385,11.065318821479512,34.94748779546657,39.14580122519406,213.4415176650449,2026-06-25 05:45:33.765943,NaN,NaN,NaN,-34.786271,17.513322666666667
218.08466666666666,11.064717229789691,34.946961225755466,39.14490057613011,213.44525032829665,2026-06-25 05:45:33.624313,NaN,NaN,NaN,-34.786271,17.513322666666667
218.26266666666666,11.063622282689195,34.94619234891158,39.143635166115835,213.46353929688263,2026-06-25 05:45:33.424365,NaN,NaN,NaN,-34.786271,17.513322666666667
218.919,11.061425240722242,34.94497709919748,39.14132887326925,213.49014469484138,2026-06-25 05:45:33.124444,NaN,NaN,NaN,-34.786271,17.513322666666667
219.06933333333333,11.061294457590726,34.94491054423798,39.141194634445206,213.49038471726527,2026-06-25 05:45:33.107781,NaN,NaN,NaN,-34.786271,17.513322666666667
219.30450000000002,11.059607398633727,34.9440858358261,39.139392932005336,213.6551172873413,2026-06-25 05:45:32.916165,NaN,NaN,NaN,-34.786271,17.513322666666667
219.51099999999997,11.058604572789205,34.94352385620545,39.138287613588766,213.51661203322942,2026-06-25 05:45:32.791197,NaN,NaN,NaN,-34.786271,17.513322666666667
219.707,11.057594660389237,34.94294430823338,39.13727082098126,213.52447085014796,2026-06-25 05:45:32.666230,NaN,NaN,NaN,-34.786271,17.513322666666667
220.00333333333333,11.05623275818427,34.942260821339545,39.136048435672485,213.542471026623,2026-06-25 05:45:32.524600,NaN,NaN,NaN,-34.786271,17.513322666666667
220.315,11.054322939355906,34.94159139557832,39.13453027384007,213.56569581153767,2026-06-25 05:45:32.366308,NaN,NaN,NaN,-34.786271,17.513322666666667
220.463,11.054586538908843,34.94147032764528,39.134799372263814,213.56778307086165,2026-06-25 05:45:32.391301,NaN,NaN,NaN,-34.786271,17.513322666666667
220.68033333333332,11.051822226592742,34.940554065505445,39.13307575945976,213.59217013576227,2026-06-25 05:45:32.191354,NaN,NaN,NaN,-34.786271,17.513322666666667
221.0615,11.04994399038239,34.9398749617033,39.13204139172824,213.606987429043,2026-06-25 05:45:32.066386,NaN,NaN,NaN,-34.786271,17.513322666666667
221.288,11.047958122221791,34.93931546787947,39.13057453953229,213.6291456617889,2026-06-25 05:45:31.966412,NaN,NaN,NaN,-34.786271,17.513322666666667
221.46699999999998,11.043834142174752,34.93859529336118,39.126681048075476,213.662488411828,2026-06-25 05:45:31.841445,NaN,NaN,NaN,-34.786271,17.513322666666667
221.70499999999998,11.037802450860909,34.937927910992755,39.12039333715968,213.72938249674726,2026-06-25 05:45:31.728974,NaN,NaN,NaN,-34.786271,17.513322666666667
221.81633333333332,11.02338270597629,34.93678362837221,39.10494933928478,213.8711554365755,2026-06-25 05:45:31.541523,NaN,NaN,NaN,-34.786271,17.513322666666667
222.316,11.007811005870872,34.935833180016,39.08813637095939,213.99080077723266,2026-06-25 05:45:31.391562,NaN,NaN,NaN,-34.786271,17.513322666666667
222.45499999999998,10.990389590243977,34.93485592634721,39.06899015179064,213.98438912559584,2026-06-25 05:45:31.241601,NaN,NaN,NaN,-34.786271,17.513322666666667
222.698,10.990403046375455,34.93485448120896,39.06902410223733,214.14400113620334,2026-06-25 05:45:31.241601,NaN,NaN,NaN,-34.786271,17.513322666666667
222.91933333333336,10.972807952013175,34.93385077196945,39.04946850319023,214.00319480032005,2026-06-25 05:45:31.091640,NaN,NaN,NaN,-34.786271,17.513322666666667
223.17000000000002,10.959354033575114,34.932996145592796,39.03478679237931,213.9280009395145,2026-06-25 05:45:30.966673,NaN,NaN,NaN,-34.786271,17.513322666666667
223.236,10.94991947501396,34.93230102326343,39.024610138460254,213.84597513851588,2026-06-25 05:45:30.866699,NaN,NaN,NaN,-34.786271,17.513322666666667
223.4693333333333,10.939803137640764,34.93141928613883,39.01371330151451,213.94037411002074,2026-06-25 05:45:30.741731,NaN,NaN,NaN,-34.786271,17.513322666666667
223.596,10.929815007363857,34.93034629617789,39.00320620885611,213.706098638944,2026-06-25 05:45:30.591770,NaN,NaN,NaN,-34.786271,17.513322666666667
223.92000000000002,10.929940789120536,34.93034548898157,39.003361828310744,213.70863937969472,2026-06-25 05:45:30.591770,NaN,NaN,NaN,-34.786271,17.513322666666667
224.116,10.920824120937521,34.92907486312571,38.99429383441711,213.7606045064756,2026-06-25 05:45:30.416816,NaN,NaN,NaN,-34.786271,17.513322666666667
224.45066666666665,10.911726195152147,34.92779023928252,38.98551410771129,213.590264735147,2026-06-25 05:45:30.241862,NaN,NaN,NaN,-34.786271,17.513322666666667
224.683,10.90241562586362,34.92668173556726,38.97611895499822,213.64806848438158,2026-06-25 05:45:30.091901,NaN,NaN,NaN,-34.786271,17.513322666666667
224.891,10.898029732211846,34.926187616200416,38.971240952389785,213.69186951401744,2026-06-25 05:45:30.025251,NaN,NaN,NaN,-34.786271,17.513322666666667
225.0595,10.889927991548241,34.92520010952432,38.9620793520526,213.4513526004043,2026-06-25 05:45:29.891953,NaN,NaN,NaN,-34.786271,17.513322666666667
225.481,10.87899563773859,34.92359988613468,38.94971832479332,213.7287550409338,2026-06-25 05:45:29.675343,NaN,NaN,NaN,-34.786271,17.513322666666667
225.70499999999998,10.875479859955323,34.92298785137923,38.94606865845628,213.5466904501956,2026-06-25 05:45:29.592031,NaN,NaN,NaN,-34.786271,17.513322666666667
225.9425,10.869847416757004,34.92207558845971,38.94044339562143,213.74479122516655,2026-06-25 05:45:29.467064,NaN,NaN,NaN,-34.786271,17.513322666666667
226.27700000000002,10.862082440852653,34.92117317683869,38.93243714513182,213.95861756375504,2026-06-25 05:45:29.342096,NaN,NaN,NaN,-34.786271,17.513322666666667
226.4875,10.846916666047232,34.91992929209631,38.91645970294552,214.09945879876784,2026-06-25 05:45:29.167142,NaN,NaN,NaN,-34.786271,17.513322666666667
226.63,10.831814232175038,34.918883044437194,38.900273758878924,213.94422414245943,2026-06-25 05:45:29.017181,NaN,NaN,NaN,-34.786271,17.513322666666667
226.831,10.824456869729516,34.91836877275317,38.892164475112224,213.99752285553103,2026-06-25 05:45:28.942200,NaN,NaN,NaN,-34.786271,17.513322666666667
227.08749999999998,10.817872752896786,34.91786149619871,38.884755773706054,214.05635104534034,2026-06-25 05:45:28.867220,NaN,NaN,NaN,-34.786271,17.513322666666667
227.31349999999998,10.809001390620413,34.91703169145684,38.874708014625554,214.11046498551076,2026-06-25 05:45:28.742253,NaN,NaN,NaN,-34.786271,17.513322666666667
227.422,10.808803576139065,34.917030072511004,38.87447524419919,214.11071119590216,2026-06-25 05:45:28.742253,NaN,NaN,NaN,-34.786271,17.513322666666667
227.67,10.803361292497488,34.91637971812381,38.868368233685615,213.84842161004582,2026-06-25 05:45:28.642279,NaN,NaN,NaN,-34.786271,17.513322666666667
227.8402,10.79673103714666,34.91531407630836,38.8612102673989,213.8869716895412,2026-06-25 05:45:28.472323,NaN,NaN,NaN,-34.786271,17.513322666666667
228.04950000000002,10.793079952856221,34.9146648052148,38.85733173616824,213.62323675603693,2026-06-25 05:45:28.367350,NaN,NaN,NaN,-34.786271,17.513322666666667
228.30475,10.787374456709259,34.91349277435454,38.85110456683976,213.52939412136718,2026-06-25 05:45:28.167402,NaN,NaN,NaN,-34.786271,17.513322666666667
228.727,10.784357437991948,34.91278997109122,38.847880850399136,213.40112934574051,2026-06-25 05:45:28.042435,NaN,NaN,NaN,-34.786271,17.513322666666667
228.8715,10.78292058599829,34.912383264373105,38.846414183561436,213.41642058097167,2026-06-25 05:45:27.967455,NaN,NaN,NaN,-34.786271,17.513322666666667
229.10675,10.780702044969381,34.911539123237894,38.84425263910521,213.25945062388345,2026-06-25 05:45:27.804997,NaN,NaN,NaN,-34.786271,17.513322666666667
229.297,10.779171478354868,34.910742022086104,38.84275543754815,212.99085313593562,2026-06-25 05:45:27.642539,NaN,NaN,NaN,-34.786271,17.513322666666667
229.526,10.779006677946429,34.9106144926891,38.84257272981524,212.84447229171786,2026-06-25 05:45:27.617546,NaN,NaN,NaN,-34.786271,17.513322666666667
229.81833333333336,10.776814293600047,34.909742574323666,38.84058272771839,212.77287327544516,2026-06-25 05:45:27.425929,NaN,NaN,NaN,-34.786271,17.513322666666667
230.043,10.775451297191527,34.90938172077239,38.83940682686565,212.4332304294304,2026-06-25 05:45:27.342617,NaN,NaN,NaN,-34.786271,17.513322666666667
230.33900000000003,10.771799020839742,34.908701249988795,38.836170192406726,212.10426984317772,2026-06-25 05:45:27.175994,NaN,NaN,NaN,-34.786271,17.513322666666667
230.43166666666664,10.768776744805487,34.908253398489265,38.833385050720885,211.74854945500942,2026-06-25 05:45:27.059358,NaN,NaN,NaN,-34.786271,17.513322666666667
230.732,10.765600167853908,34.90782589726607,38.83037417336231,211.76636908779227,2026-06-25 05:45:26.942722,NaN,NaN,NaN,-34.786271,17.513322666666667
230.9095,10.763564104674533,34.90756602162733,38.828361270534515,211.48931266977291,2026-06-25 05:45:26.867741,NaN,NaN,NaN,-34.786271,17.513322666666667
231.14499999999998,10.760867646428332,34.90723336737891,38.82560093298137,211.36110161881103,2026-06-25 05:45:26.767767,NaN,NaN,NaN,-34.786271,17.513322666666667
231.25666666666666,10.757475051092108,34.90684108011593,38.82194717303634,211.23659536253115,2026-06-25 05:45:26.642800,NaN,NaN,NaN,-34.786271,17.513322666666667
231.491,10.75471408552952,34.90654285419289,38.818861669212815,211.27187138525463,2026-06-25 05:45:26.542826,NaN,NaN,NaN,-34.786271,17.513322666666667
231.88233333333332,10.750492082267522,34.906400031448335,38.81384448986426,211.29486015142274,2026-06-25 05:45:26.392865,NaN,NaN,NaN,-34.786271,17.513322666666667
232.008,10.753312442220626,34.90612644078377,38.81724193327377,211.2836755486646,2026-06-25 05:45:26.492839,NaN,NaN,NaN,-34.786271,17.513322666666667
232.311,10.745708436692487,34.90570049538395,38.808013856184196,211.14435380745715,2026-06-25 05:45:26.226242,NaN,NaN,NaN,-34.786271,17.513322666666667
232.587,10.744734992619929,34.905616939075685,38.80682642260466,211.35890669764103,2026-06-25 05:45:26.192917,NaN,NaN,NaN,-34.786271,17.513322666666667
232.6375,10.741181082328627,34.90532534620991,38.802828682372855,211.0814928511635,2026-06-25 05:45:26.067950,NaN,NaN,NaN,-34.786271,17.513322666666667
232.833,10.739125375378848,34.90515854123276,38.800719671529826,211.10797554447137,2026-06-25 05:45:25.992969,NaN,NaN,NaN,-34.786271,17.513322666666667
233.11149999999998,10.737171716330952,34.90499853320044,38.798888432109266,210.82572511923962,2026-06-25 05:45:25.917989,NaN,NaN,NaN,-34.786271,17.513322666666667
233.31766666666667,10.734330659818518,34.904744372029334,38.79631565056985,210.56032899237667,2026-06-25 05:45:25.793021,NaN,NaN,NaN,-34.786271,17.513322666666667
233.4685,10.732099158385374,34.90450352247059,38.794270411091446,210.26614795713678,2026-06-25 05:45:25.668054,NaN,NaN,NaN,-34.786271,17.513322666666667
233.72525000000002,10.73038079548903,34.904232212148436,38.79272714577039,210.27074851130942,2026-06-25 05:45:25.518093,NaN,NaN,NaN,-34.786271,17.513322666666667
233.975,10.729416253430546,34.90393223674167,38.791893974145275,209.69411018727052,2026-06-25 05:45:25.343139,NaN,NaN,NaN,-34.786271,17.513322666666667
234.0915,10.729332868049532,34.90385202036178,38.79193272294822,209.69593338507266,2026-06-25 05:45:25.293152,NaN,NaN,NaN,-34.786271,17.513322666666667
234.264,10.729258438208877,34.90380914795491,38.791833350146106,209.69270180727844,2026-06-25 05:45:25.268158,NaN,NaN,NaN,-34.786271,17.513322666666667
234.446,10.72893318787317,34.903608675473734,38.791879364084934,209.41119382161378,2026-06-25 05:45:25.143191,NaN,NaN,NaN,-34.786271,17.513322666666667
234.71699999999998,10.728337348805088,34.903452082091306,38.7918042273362,208.97430244836767,2026-06-25 05:45:25.043217,NaN,NaN,NaN,-34.786271,17.513322666666667
234.8155,10.72792072086877,34.90337441034865,38.79166100268546,208.6817678323666,2026-06-25 05:45:24.993230,NaN,NaN,NaN,-34.786271,17.513322666666667
235.121,10.725908529940739,34.90314318807932,38.79037396462189,207.96160562276197,2026-06-25 05:45:24.843269,NaN,NaN,NaN,-34.786271,17.513322666666667
235.482,10.72199434536458,34.90291221931796,38.78690771872818,207.4668518560225,2026-06-25 05:45:24.693308,NaN,NaN,NaN,-34.786271,17.513322666666667
235.69066666666666,10.71417053605878,34.90262469790654,38.77919016963036,206.8805670660569,2026-06-25 05:45:24.510022,NaN,NaN,NaN,-34.786271,17.513322666666667
235.88150000000002,10.712210184879389,34.902559402593766,38.77724106784992,206.63070611724999,2026-06-25 05:45:24.468367,NaN,NaN,NaN,-34.786271,17.513322666666667
236.067,10.706038401969899,34.902356804341196,38.77081619806279,206.38314770333713,2026-06-25 05:45:24.343399,NaN,NaN,NaN,-34.786271,17.513322666666667
236.27966666666669,10.701450668667304,34.90218929414048,38.76593223520766,206.12635195717962,2026-06-25 05:45:24.243425,NaN,NaN,NaN,-34.786271,17.513322666666667
236.507,10.69261084082466,34.901793137506615,38.75643396691707,205.90455640178803,2026-06-25 05:45:24.018484,NaN,NaN,NaN,-34.786271,17.513322666666667
236.70575,10.692811364775185,34.90178962925502,38.756641469193916,205.76197468150178,2026-06-25 05:45:24.018484,NaN,NaN,NaN,-34.786271,17.513322666666667
237.169,10.687169248302146,34.90146096756367,38.75057207752852,205.6643196467471,2026-06-25 05:45:23.843529,NaN,NaN,NaN,-34.786271,17.513322666666667
237.1985,10.685190809181357,34.90131071631963,38.74857395922721,205.67513801702992,2026-06-25 05:45:23.768549,NaN,NaN,NaN,-34.786271,17.513322666666667
237.44400000000002,10.68276613581188,34.901103023206005,38.74626632009696,205.4048895532677,2026-06-25 05:45:23.668575,NaN,NaN,NaN,-34.786271,17.513322666666667
237.7065,10.679768814112672,34.90082921430859,38.74337259410787,205.4306536056726,2026-06-25 05:45:23.543608,NaN,NaN,NaN,-34.786271,17.513322666666667
237.913,10.67753022444738,34.90063785083561,38.7410366286179,205.44315636884684,2026-06-25 05:45:23.460296,NaN,NaN,NaN,-34.786271,17.513322666666667
238.07799999999997,10.67100688215712,34.900236499237245,38.73403278501732,205.07340521288995,2026-06-25 05:45:23.268679,NaN,NaN,NaN,-34.786271,17.513322666666667
238.365,10.672143074451586,34.90017011895033,38.735185005826324,205.20598132143874,2026-06-25 05:45:23.293673,NaN,NaN,NaN,-34.786271,17.513322666666667
238.495,10.668004749961455,34.89997805102604,38.730880399038696,205.10871282648912,2026-06-25 05:45:23.193699,NaN,NaN,NaN,-34.786271,17.513322666666667
238.68033333333332,10.661540969315825,34.89957093954387,38.72446481584722,205.00387605423916,2026-06-25 05:45:23.043738,NaN,NaN,NaN,-34.786271,17.513322666666667
238.907,10.657487777255641,34.89928503218323,38.72048390875464,204.753758586983,2026-06-25 05:45:22.943764,NaN,NaN,NaN,-34.786271,17.513322666666667
239.104,10.65392217303206,34.89898453064776,38.716964705792805,204.77920197700993,2026-06-25 05:45:22.843790,NaN,NaN,NaN,-34.786271,17.513322666666667
239.316,10.64813453692053,34.89851248574978,38.71155367753073,204.67970777881143,2026-06-25 05:45:22.643842,NaN,NaN,NaN,-34.786271,17.513322666666667
239.399,10.649282546032167,34.898341790552685,38.71254136545195,204.82156408714724,2026-06-25 05:45:22.693829,NaN,NaN,NaN,-34.786271,17.513322666666667
239.66633333333334,10.646378841135613,34.89812179045672,38.709958858583924,204.54726259042684,2026-06-25 05:45:22.577193,NaN,NaN,NaN,-34.786271,17.513322666666667
240.07966666666667,10.64256471674936,34.89747726302066,38.7063675556065,204.58062457480827,2026-06-25 05:45:22.393907,NaN,NaN,NaN,-34.786271,17.513322666666667
240.25549999999998,10.640301277968966,34.89701221867716,38.703760615476654,204.5998841819089,2026-06-25 05:45:22.268940,NaN,NaN,NaN,-34.786271,17.513322666666667
240.531,10.63839944380445,34.89662496080349,38.70137850289123,204.62264559291123,2026-06-25 05:45:22.168966,NaN,NaN,NaN,-34.786271,17.513322666666667
240.6845,10.63633165234042,34.89622479112537,38.69881062476272,204.64178032747756,2026-06-25 05:45:22.068992,NaN,NaN,NaN,-34.786271,17.513322666666667
241.07,10.634171049399566,34.89581188773434,38.696159100743216,204.51609055676445,2026-06-25 05:45:21.969018,NaN,NaN,NaN,-34.786271,17.513322666666667
241.23925,10.629960740490521,34.89527858576561,38.691305082863714,204.4012647765656,2026-06-25 05:45:21.781567,NaN,NaN,NaN,-34.786271,17.513322666666667
241.391,10.631413559006452,34.89500130773406,38.69287157238503,204.4010400713065,2026-06-25 05:45:21.844051,NaN,NaN,NaN,-34.786271,17.513322666666667
241.678,10.624638029375275,34.89438548013102,38.68603494273372,204.30646666285233,2026-06-25 05:45:21.569122,NaN,NaN,NaN,-34.786271,17.513322666666667
241.796,10.62666126868412,34.89403827527733,38.687884157764216,204.43658866155528,2026-06-25 05:45:21.644103,NaN,NaN,NaN,-34.786271,17.513322666666667
242.09466666666665,10.619892305990719,34.89328408890561,38.681927572341465,204.50675123553768,2026-06-25 05:45:21.410830,NaN,NaN,NaN,-34.786271,17.513322666666667
242.28,10.617200768948553,34.892830784057765,38.679437742454745,204.5230887922055,2026-06-25 05:45:21.319187,NaN,NaN,NaN,-34.786271,17.513322666666667
242.418,10.614428136936981,34.89238076378739,38.67695574148187,204.25379275522408,2026-06-25 05:45:21.227545,NaN,NaN,NaN,-34.786271,17.513322666666667
242.73066666666668,10.609515173712502,34.891447048001424,38.6721509627981,204.49606654029438,2026-06-25 05:45:21.044259,NaN,NaN,NaN,-34.786271,17.513322666666667
243.0845,10.604248730083473,34.89052773257133,38.66747295473711,204.6277077663933,2026-06-25 05:45:20.869305,NaN,NaN,NaN,-34.786271,17.513322666666667
243.28733333333332,10.602822797028422,34.890306533741416,38.666230160558676,204.63419160634524,2026-06-25 05:45:20.827649,NaN,NaN,NaN,-34.786271,17.513322666666667
243.50900000000001,10.596023395130965,34.88945437037641,38.660042716365496,204.98550286791982,2026-06-25 05:45:20.669357,NaN,NaN,NaN,-34.786271,17.513322666666667
243.639,10.59193270877958,34.88904533265099,38.65590070132792,205.02803969420273,2026-06-25 05:45:20.594376,NaN,NaN,NaN,-34.786271,17.513322666666667
243.8515,10.587278856376379,34.888633189171195,38.6508984481561,205.36152094894697,2026-06-25 05:45:20.519396,NaN,NaN,NaN,-34.786271,17.513322666666667
244.175,10.582301970192665,34.88821884888004,38.64540707559991,205.69806453151682,2026-06-25 05:45:20.444415,NaN,NaN,NaN,-34.786271,17.513322666666667
244.3,10.575429805366051,34.88766293475746,38.63773134972131,205.7499141590191,2026-06-25 05:45:20.344442,NaN,NaN,NaN,-34.786271,17.513322666666667
244.5505,10.575446968603469,34.887662556512225,38.637741440174295,205.89409022770985,2026-06-25 05:45:20.344442,NaN,NaN,NaN,-34.786271,17.513322666666667
244.6705,10.56704047555642,34.886963816008944,38.628219545332456,206.10306925900596,2026-06-25 05:45:20.219474,NaN,NaN,NaN,-34.786271,17.513322666666667
244.9115,10.55681044848754,34.88605039080484,38.616100631288326,206.78845489186355,2026-06-25 05:45:20.057016,NaN,NaN,NaN,-34.786271,17.513322666666667
245.117,10.552969830035483,34.88569858685427,38.61145908034405,206.7981224021276,2026-06-25 05:45:19.994533,NaN,NaN,NaN,-34.786271,17.513322666666667
245.333,10.541017238616707,34.884853735828386,38.597324443581655,207.47870740820468,2026-06-25 05:45:19.794585,NaN,NaN,NaN,-34.786271,17.513322666666667
245.496,10.54401230360207,34.884572429065905,38.60075150841677,207.45735443918,2026-06-25 05:45:19.844572,NaN,NaN,NaN,-34.786271,17.513322666666667
245.6686666666667,10.538945275655822,34.884385813225485,38.59522671491447,207.79798081357814,2026-06-25 05:45:19.761260,NaN,NaN,NaN,-34.786271,17.513322666666667
245.923,10.534943335055335,34.884010842369534,38.59068697248494,207.81882304978012,2026-06-25 05:45:19.694611,NaN,NaN,NaN,-34.786271,17.513322666666667
246.073,10.519177293420116,34.883172636999895,38.574864538976136,208.23854592999706,2026-06-25 05:45:19.444676,NaN,NaN,NaN,-34.786271,17.513322666666667
246.28733333333335,10.52551097883938,34.882617043646164,38.581110582026476,207.9321111414811,2026-06-25 05:45:19.544650,NaN,NaN,NaN,-34.786271,17.513322666666667
246.536,10.513138861246288,34.882065375061046,38.56875059637329,208.3011994385323,2026-06-25 05:45:19.344702,NaN,NaN,NaN,-34.786271,17.513322666666667
246.664,10.511870687422546,34.881929354260436,38.56731955333855,208.45549286616802,2026-06-25 05:45:19.319709,NaN,NaN,NaN,-34.786271,17.513322666666667
246.958,10.510306751593347,34.88179111295142,38.565762527626646,208.61599057671395,2026-06-25 05:45:19.294715,NaN,NaN,NaN,-34.786271,17.513322666666667
247.0525,10.5039963631103,34.881110795035255,38.558719749785304,208.6643358400266,2026-06-25 05:45:19.169748,NaN,NaN,NaN,-34.786271,17.513322666666667
247.223,10.500740454171847,34.880706229315116,38.55492785968719,208.69269855248314,2026-06-25 05:45:19.094767,NaN,NaN,NaN,-34.786271,17.513322666666667
247.697,10.49724083440151,34.88017277249187,38.55082431522767,208.72517685806852,2026-06-25 05:45:18.994793,NaN,NaN,NaN,-34.786271,17.513322666666667
247.88400000000001,10.494905305951475,34.879732723102485,38.54814110263276,208.7363314537839,2026-06-25 05:45:18.911482,NaN,NaN,NaN,-34.786271,17.513322666666667
248.14600000000002,10.491765743084514,34.8789931860366,38.544727255036,208.76050470509256,2026-06-25 05:45:18.769852,NaN,NaN,NaN,-34.786271,17.513322666666667
248.337,10.4904113680875,34.87860758552307,38.54345360166321,208.77221004398726,2026-06-25 05:45:18.694872,NaN,NaN,NaN,-34.786271,17.513322666666667
248.53799999999998,10.488570234805307,34.87810065276096,38.54194588664729,208.55290133821762,2026-06-25 05:45:18.594898,NaN,NaN,NaN,-34.786271,17.513322666666667
248.8265,10.486067985309106,34.8774762765719,38.53995603140754,208.52462608470194,2026-06-25 05:45:18.469930,NaN,NaN,NaN,-34.786271,17.513322666666667
249.07533333333333,10.483265933291731,34.87686459667351,38.53748566856899,208.54966820636625,2026-06-25 05:45:18.344963,NaN,NaN,NaN,-34.786271,17.513322666666667
249.461,10.480799659443703,34.87638298899215,38.53514788556672,208.57390125143226,2026-06-25 05:45:18.244989,NaN,NaN,NaN,-34.786271,17.513322666666667
249.6495,10.47871691449092,34.8760276146497,38.533127097593564,208.5904596803697,2026-06-25 05:45:18.170008,NaN,NaN,NaN,-34.786271,17.513322666666667
249.89175,10.473874838138528,34.875330400161886,38.528304146598714,208.62448907048775,2026-06-25 05:45:18.020047,NaN,NaN,NaN,-34.786271,17.513322666666667
250.275,10.468372839992668,34.87464841850516,38.522358502137045,208.82859524394604,2026-06-25 05:45:17.870087,NaN,NaN,NaN,-34.786271,17.513322666666667
250.503,10.464583902910384,34.87420363869452,38.51777340740455,209.01582170675877,2026-06-25 05:45:17.770113,NaN,NaN,NaN,-34.786271,17.513322666666667
250.744,10.4600673738795,34.87365825990734,38.51204330148283,209.04743354352834,2026-06-25 05:45:17.645145,NaN,NaN,NaN,-34.786271,17.513322666666667
250.832,10.460107779194981,34.87365741865687,38.512103160734966,209.04807948862964,2026-06-25 05:45:17.645145,NaN,NaN,NaN,-34.786271,17.513322666666667
251.182,10.456803643155807,34.873228218642154,38.50795651771965,209.37574629126757,2026-06-25 05:45:17.545171,NaN,NaN,NaN,-34.786271,17.513322666666667
251.2976666666667,10.453956366864817,34.87280587460511,38.504714720094725,209.100207134863,2026-06-25 05:45:17.445197,NaN,NaN,NaN,-34.786271,17.513322666666667
251.469,10.451456626556768,34.87238848427171,38.502271674020875,209.42031993216543,2026-06-25 05:45:17.345223,NaN,NaN,NaN,-34.786271,17.513322666666667
251.722,10.44897475403647,34.871876383011106,38.50060774605308,209.43623146260208,2026-06-25 05:45:17.220256,NaN,NaN,NaN,-34.786271,17.513322666666667
251.943,10.448918789912906,34.87187517086555,38.500533905285806,209.43856417301313,2026-06-25 05:45:17.220256,NaN,NaN,NaN,-34.786271,17.513322666666667
252.091,10.446263038234308,34.87126888631053,38.4989518020311,209.4610700135392,2026-06-25 05:45:17.070295,NaN,NaN,NaN,-34.786271,17.513322666666667
252.345,10.443920160418836,34.870969133422825,38.49720302812898,209.78070127500735,2026-06-25 05:45:16.945328,NaN,NaN,NaN,-34.786271,17.513322666666667
252.406,10.444898102106267,34.870770508938485,38.49797930929821,209.47752171572742,2026-06-25 05:45:16.995315,NaN,NaN,NaN,-34.786271,17.513322666666667
252.6925,10.439943627358513,34.87024542308001,38.493649439257325,209.8212687909316,2026-06-25 05:45:16.770373,NaN,NaN,NaN,-34.786271,17.513322666666667
252.88833333333332,10.440873809467222,34.870081258762504,38.494482377798334,210.06454595029285,2026-06-25 05:45:16.812029,NaN,NaN,NaN,-34.786271,17.513322666666667
253.13,10.435131031703307,34.86939844213238,38.48903818396896,210.1618466811625,2026-06-25 05:45:16.595419,NaN,NaN,NaN,-34.786271,17.513322666666667
253.543,10.433643585893742,34.86920396926739,38.487598331741374,210.32310160579388,2026-06-25 05:45:16.545432,NaN,NaN,NaN,-34.786271,17.513322666666667
253.65449999999998,10.429689093603505,34.868718235184446,38.48379835327146,210.50481988284696,2026-06-25 05:45:16.420464,NaN,NaN,NaN,-34.786271,17.513322666666667
253.887,10.427067850068804,34.86842669474394,38.481315091697944,210.53605085913304,2026-06-25 05:45:16.345484,NaN,NaN,NaN,-34.786271,17.513322666666667
254.081,10.423153181576666,34.86803701391491,38.47751887622171,210.79129352508681,2026-06-25 05:45:16.245510,NaN,NaN,NaN,-34.786271,17.513322666666667
254.37,10.418879881108621,34.86764600665083,38.4731207242174,210.90031273862755,2026-06-25 05:45:16.145536,NaN,NaN,NaN,-34.786271,17.513322666666667
254.541,10.4128684253695,34.867449614406006,38.46620665541502,210.9462864719221,2026-06-25 05:45:16.020569,NaN,NaN,NaN,-34.786271,17.513322666666667
254.659,10.416560831678009,34.86715364552201,38.47054702205454,210.91759970039467,2026-06-25 05:45:16.095549,NaN,NaN,NaN,-34.786271,17.513322666666667
254.88850000000002,10.407685915668647,34.8667562747295,38.4597870792226,211.29795149811696,2026-06-25 05:45:15.920595,NaN,NaN,NaN,-34.786271,17.513322666666667
255.163,10.403770201921445,34.86645585731285,38.45477827190663,211.3406599584557,2026-06-25 05:45:15.845614,NaN,NaN,NaN,-34.786271,17.513322666666667
255.26266666666666,10.398567539829473,34.86598226714201,38.448015339837525,211.3738101554011,2026-06-25 05:45:15.728978,NaN,NaN,NaN,-34.786271,17.513322666666667
255.464,10.397033008626956,34.86584701523787,38.44600959259064,211.38846591264436,2026-06-25 05:45:15.695653,NaN,NaN,NaN,-34.786271,17.513322666666667
255.69433333333336,10.39337192740399,34.865225407981804,38.44137605892525,211.4111425997795,2026-06-25 05:45:15.545692,NaN,NaN,NaN,-34.786271,17.513322666666667
255.9,10.39248760388475,34.86480402549007,38.44049436160004,211.41133330491317,2026-06-25 05:45:15.445718,NaN,NaN,NaN,-34.786271,17.513322666666667
256.31733333333335,10.392838908779101,34.86430139516263,38.44163307468364,211.6135155912779,2026-06-25 05:45:15.329082,NaN,NaN,NaN,-34.786271,17.513322666666667
256.509,10.393342714065344,34.86393758745855,38.442863547470175,211.55564161991907,2026-06-25 05:45:15.245771,NaN,NaN,NaN,-34.786271,17.513322666666667
256.6,10.394025047392116,34.86349397808646,38.444425516740345,211.70872887037302,2026-06-25 05:45:15.145797,NaN,NaN,NaN,-34.786271,17.513322666666667
256.9533333333333,10.39437461713083,34.863039965211385,38.44538305935051,211.71154204100137,2026-06-25 05:45:15.045823,NaN,NaN,NaN,-34.786271,17.513322666666667
257.15,10.394341629364911,34.862578372401416,38.445776906258,211.71375452914907,2026-06-25 05:45:14.945849,NaN,NaN,NaN,-34.786271,17.513322666666667
257.248,10.393864236893524,34.86222507534522,38.445472856189156,211.7240885361967,2026-06-25 05:45:14.870868,NaN,NaN,NaN,-34.786271,17.513322666666667
257.53700000000003,10.392504261079957,34.86174579749105,38.444207951203644,211.8836237245893,2026-06-25 05:45:14.770894,NaN,NaN,NaN,-34.786271,17.513322666666667
257.661,10.390792277224904,34.86138001486174,38.44250277840879,212.0531879481209,2026-06-25 05:45:14.695914,NaN,NaN,NaN,-34.786271,17.513322666666667
257.8925,10.388224543884817,34.861007738368784,38.43993825038514,212.22459643332274,2026-06-25 05:45:14.620933,NaN,NaN,NaN,-34.786271,17.513322666666667
258.068,10.384913636592549,34.86063016478281,38.4366572083251,212.1221097777587,2026-06-25 05:45:14.545953,NaN,NaN,NaN,-34.786271,17.513322666666667
258.26800000000003,10.379096853344905,34.86011548268047,38.43086429665114,212.46875449020627,2026-06-25 05:45:14.445979,NaN,NaN,NaN,-34.786271,17.513322666666667
258.473,10.375879352203132,34.85985471730651,38.42760914849527,212.50103109398472,2026-06-25 05:45:14.395992,NaN,NaN,NaN,-34.786271,17.513322666666667
258.69599999999997,10.365457580778275,34.859056275709875,38.41675519566775,212.60020985500807,2026-06-25 05:45:14.246031,NaN,NaN,NaN,-34.786271,17.513322666666667
259.047,10.356926520134895,34.8583718945212,38.40754931456197,212.65800329095202,2026-06-25 05:45:14.121064,NaN,NaN,NaN,-34.786271,17.513322666666667
259.342,10.350745382021877,34.8578112826244,38.400884365151725,212.70685999068795,2026-06-25 05:45:14.021090,NaN,NaN,NaN,-34.786271,17.513322666666667
259.509,10.346435136351156,34.85738380724714,38.39643055758451,212.74914266697985,2026-06-25 05:45:13.946109,NaN,NaN,NaN,-34.786271,17.513322666666667
259.68449999999996,10.342328119721435,34.85694934586169,38.39250995139267,212.78041706921482,2026-06-25 05:45:13.871129,NaN,NaN,NaN,-34.786271,17.513322666666667
259.88149999999996,10.335456238869934,34.856210942775235,38.38638215013289,212.83348156558426,2026-06-25 05:45:13.746161,NaN,NaN,NaN,-34.786271,17.513322666666667
260.0315,10.327936937271458,34.85545751080082,38.37942763163369,212.89249994841597,2026-06-25 05:45:13.621194,NaN,NaN,NaN,-34.786271,17.513322666666667
260.2765,10.327126615813675,34.85544949041713,38.37808853035307,212.9036661772117,2026-06-25 05:45:13.621194,NaN,NaN,NaN,-34.786271,17.513322666666667
260.5063333333333,10.315662778294318,34.85447625130576,38.36611572143567,212.98023574765182,2026-06-25 05:45:13.462902,NaN,NaN,NaN,-34.786271,17.513322666666667
260.88800000000003,10.302497156450585,34.85357955226772,38.35072876735947,213.13897422493483,2026-06-25 05:45:13.321272,NaN,NaN,NaN,-34.786271,17.513322666666667
261.151,10.294966854936215,34.85309614912255,38.34178934143583,213.20056697194295,2026-06-25 05:45:13.246292,NaN,NaN,NaN,-34.786271,17.513322666666667
261.2443333333334,10.28547410827213,34.85244201635078,38.33076083980936,213.26699793843306,2026-06-25 05:45:13.146318,NaN,NaN,NaN,-34.786271,17.513322666666667
261.509,10.277013528088505,34.8517801465656,38.32128136296858,213.3326018706474,2026-06-25 05:45:13.046344,NaN,NaN,NaN,-34.786271,17.513322666666667
261.633,10.273419291458215,34.851445460209796,38.31744869257785,213.04895348936915,2026-06-25 05:45:12.996357,NaN,NaN,NaN,-34.786271,17.513322666666667
261.86899999999997,10.266598399108277,34.85065454852424,38.31052487556228,213.10064084466478,2026-06-25 05:45:12.879721,NaN,NaN,NaN,-34.786271,17.513322666666667
262.064,10.264695894572768,34.85042853663949,38.30862005500768,213.11836182130614,2026-06-25 05:45:12.846396,NaN,NaN,NaN,-34.786271,17.513322666666667
262.284,10.256718762451232,34.849740383171394,38.3006777924411,213.1886984206237,2026-06-25 05:45:12.671442,NaN,NaN,NaN,-34.786271,17.513322666666667
262.39,10.25999084463747,34.84921898393663,38.30399369430935,213.16177045791838,2026-06-25 05:45:12.746422,NaN,NaN,NaN,-34.786271,17.513322666666667
262.6985,10.252474462374739,34.848517714945125,38.29621170684251,213.08006047982352,2026-06-25 05:45:12.571468,NaN,NaN,NaN,-34.786271,17.513322666666667
263.064,10.249351879043848,34.84798741800922,38.29284457018561,212.96481695568852,2026-06-25 05:45:12.496487,NaN,NaN,NaN,-34.786271,17.513322666666667
263.2365,10.245341550544836,34.84727359367048,38.28852495472553,212.9926708952921,2026-06-25 05:45:12.396513,NaN,NaN,NaN,-34.786271,17.513322666666667
263.54175,10.24097649920022,34.84646332792303,38.284046208156354,213.03715324072087,2026-06-25 05:45:12.284043,NaN,NaN,NaN,-34.786271,17.513322666666667
263.81,10.235589051486855,34.84546591832463,38.278917353839454,212.77134063588213,2026-06-25 05:45:12.146578,NaN,NaN,NaN,-34.786271,17.513322666666667
264.089,10.233457322368125,34.845100249608066,38.277044642457156,212.7978729280242,2026-06-25 05:45:12.096591,NaN,NaN,NaN,-34.786271,17.513322666666667
264.28366666666665,10.227474474301333,34.84424161171608,38.27145832712868,212.8510693143973,2026-06-25 05:45:11.979955,NaN,NaN,NaN,-34.786271,17.513322666666667
264.42600000000004,10.222532524585091,34.84362559507292,38.26647156345615,212.88726311097153,2026-06-25 05:45:11.896644,NaN,NaN,NaN,-34.786271,17.513322666666667
264.635,10.215618051348052,34.842882843890365,38.2588658405196,212.95603142408356,2026-06-25 05:45:11.796670,NaN,NaN,NaN,-34.786271,17.513322666666667
264.803,10.209801173554684,34.84232292991382,38.252057047502625,212.71625804345007,2026-06-25 05:45:11.721689,NaN,NaN,NaN,-34.786271,17.513322666666667
265.0635,10.20211551776282,34.84157366194671,38.24298636678407,212.7856315520807,2026-06-25 05:45:11.621715,NaN,NaN,NaN,-34.786271,17.513322666666667
265.363,10.19399323509209,34.84063305173051,38.233452944613504,212.84239746119007,2026-06-25 05:45:11.496748,NaN,NaN,NaN,-34.786271,17.513322666666667
265.525,10.193241260581082,34.84044372914279,38.23258365363926,212.69891878848136,2026-06-25 05:45:11.471754,NaN,NaN,NaN,-34.786271,17.513322666666667
265.69399999999996,10.189168109871485,34.83968779690157,38.22785918452623,212.5700751225691,2026-06-25 05:45:11.371780,NaN,NaN,NaN,-34.786271,17.513322666666667
265.933,10.186911611544026,34.839119722945995,38.22528454800852,212.58155580663512,2026-06-25 05:45:11.296800,NaN,NaN,NaN,-34.786271,17.513322666666667
266.226,10.184943474873787,34.83836038237426,38.22318133953695,212.29397683490777,2026-06-25 05:45:11.196826,NaN,NaN,NaN,-34.786271,17.513322666666667
266.4716666666667,10.182417618184909,34.837471848628255,38.220808004362716,212.5493801081639,2026-06-25 05:45:11.080190,NaN,NaN,NaN,-34.786271,17.513322666666667
266.662,10.181760425594467,34.83721796172483,38.22021299713461,212.3312227141576,2026-06-25 05:45:11.046865,NaN,NaN,NaN,-34.786271,17.513322666666667
266.90200000000004,10.175586990347742,34.83607257198173,38.21415522347348,212.38711481639774,2026-06-25 05:45:10.896904,NaN,NaN,NaN,-34.786271,17.513322666666667
267.059,10.175802083657798,34.836072444275544,38.214405097892154,212.39439855836315,2026-06-25 05:45:10.896904,NaN,NaN,NaN,-34.786271,17.513322666666667
267.294,10.166236599684533,34.83492487449234,38.204416445876454,212.19609466816436,2026-06-25 05:45:10.746943,NaN,NaN,NaN,-34.786271,17.513322666666667
267.50874999999996,10.161547138331443,34.83444592366545,38.19941306379638,212.23948994262463,2026-06-25 05:45:10.684460,NaN,NaN,NaN,-34.786271,17.513322666666667
267.8595,10.148634205350392,34.8330082681271,38.18576212087525,212.03231885438993,2026-06-25 05:45:10.497008,NaN,NaN,NaN,-34.786271,17.513322666666667
268.17049999999995,10.145718037832067,34.83262454210836,38.18275307355432,212.05255537906268,2026-06-25 05:45:10.447021,NaN,NaN,NaN,-34.786271,17.513322666666667
268.4943333333333,10.13663157541626,34.831472759100414,38.17378132322502,212.03717081848626,2026-06-25 05:45:10.263736,NaN,NaN,NaN,-34.786271,17.513322666666667
268.606,10.138130905753439,34.83121661101012,38.17521824795476,211.81750555978596,2026-06-25 05:45:10.297060,NaN,NaN,NaN,-34.786271,17.513322666666667
268.882,10.131257778440544,34.83032010614293,38.16853059400162,211.8697369819751,2026-06-25 05:45:10.147100,NaN,NaN,NaN,-34.786271,17.513322666666667
269.141,10.126372414633346,34.82955128661819,38.16337486710986,211.91591746216022,2026-06-25 05:45:10.047126,NaN,NaN,NaN,-34.786271,17.513322666666667
269.252,10.126312584665,34.829551251488766,38.16326254235554,211.9189381446645,2026-06-25 05:45:10.047126,NaN,NaN,NaN,-34.786271,17.513322666666667
269.4676666666667,10.11817852844022,34.828397508996055,38.1541155193849,211.95336674636764,2026-06-25 05:45:09.897165,NaN,NaN,NaN,-34.786271,17.513322666666667
269.6556666666667,10.109571478293281,34.827243133999325,38.1445494929097,211.7666717307577,2026-06-25 05:45:09.747204,NaN,NaN,NaN,-34.786271,17.513322666666667
270.26300000000003,10.10272867328867,34.8262806771686,38.13736692566091,211.67499322436677,2026-06-25 05:45:09.622236,NaN,NaN,NaN,-34.786271,17.513322666666667
270.4805,10.097681892876857,34.8255103533532,38.13238119370482,211.57193034087265,2026-06-25 05:45:09.522262,NaN,NaN,NaN,-34.786271,17.513322666666667
270.74350000000004,10.092951080783266,34.82473969844684,38.12806123747772,211.61401706797517,2026-06-25 05:45:09.422289,NaN,NaN,NaN,-34.786271,17.513322666666667
270.94550000000004,10.088420220200227,34.823968689436086,38.12418103425442,211.34743566015106,2026-06-25 05:45:09.322315,NaN,NaN,NaN,-34.786271,17.513322666666667
271.082,10.08502852118492,34.82339019900157,38.12121141444922,211.37346286552133,2026-06-25 05:45:09.247334,NaN,NaN,NaN,-34.786271,17.513322666666667
271.26,10.081430064746513,34.82281146363547,38.11775505889515,211.54855559136192,2026-06-25 05:45:09.172354,NaN,NaN,NaN,-34.786271,17.513322666666667
271.711,10.076095152440674,34.82203947748641,38.112133682466336,211.4558792859538,2026-06-25 05:45:09.072380,NaN,NaN,NaN,-34.786271,17.513322666666667
271.922,10.070032817468498,34.821267073991905,38.10539011249217,211.52211769789992,2026-06-25 05:45:08.972406,NaN,NaN,NaN,-34.786271,17.513322666666667
272.107,10.065183047401637,34.820687506930526,38.10000845573852,211.56881518600113,2026-06-25 05:45:08.897425,NaN,NaN,NaN,-34.786271,17.513322666666667
272.3375,10.060338818276962,34.82010767578788,38.094842735764544,211.60411757059788,2026-06-25 05:45:08.822445,NaN,NaN,NaN,-34.786271,17.513322666666667
272.55,10.055685692028488,34.81952763636052,38.090095605935,211.3397038361105,2026-06-25 05:45:08.747464,NaN,NaN,NaN,-34.786271,17.513322666666667
272.6613333333333,10.049977607408529,34.8187538488065,38.084638850711364,211.38312104294596,2026-06-25 05:45:08.647490,NaN,NaN,NaN,-34.786271,17.513322666666667
273.275,10.040461515873895,34.81739886854733,38.07594195002351,211.66761324141754,2026-06-25 05:45:08.472536,NaN,NaN,NaN,-34.786271,17.513322666666667
273.649,10.03155534560829,34.81623675686251,38.06739895285571,211.8315571911094,2026-06-25 05:45:08.322575,NaN,NaN,NaN,-34.786271,17.513322666666667
273.8515,10.024370081025747,34.81546170677924,38.059757458863224,211.90471508549135,2026-06-25 05:45:08.222601,NaN,NaN,NaN,-34.786271,17.513322666666667
274.0605,10.01349223621154,34.81449270864655,38.0475831892091,212.0087333439325,2026-06-25 05:45:08.097634,NaN,NaN,NaN,-34.786271,17.513322666666667
274.266,10.013619668385209,34.814492705012114,38.04772234648184,211.99995181909318,2026-06-25 05:45:08.097634,NaN,NaN,NaN,-34.786271,17.513322666666667
274.557,10.003827398390309,34.81371746597544,38.03673741237554,212.39938348609655,2026-06-25 05:45:07.997660,NaN,NaN,NaN,-34.786271,17.513322666666667
274.6105,9.99624892395015,34.81313608124622,38.02837098504202,212.45932736561343,2026-06-25 05:45:07.922679,NaN,NaN,NaN,-34.786271,17.513322666666667
274.89,9.986430342188417,34.812361044637456,38.01758004643318,212.38371675282065,2026-06-25 05:45:07.822705,NaN,NaN,NaN,-34.786271,17.513322666666667
274.992,9.979505272818926,34.81177993063195,38.009944017223596,212.28937744695048,2026-06-25 05:45:07.747725,NaN,NaN,NaN,-34.786271,17.513322666666667
275.264,9.973125341326263,34.81119904949315,38.00285653908639,212.33908898521827,2026-06-25 05:45:07.672745,NaN,NaN,NaN,-34.786271,17.513322666666667
275.5545,9.965346154048785,34.810424949534735,37.994204366839455,212.4024836258451,2026-06-25 05:45:07.572771,NaN,NaN,NaN,-34.786271,17.513322666666667
275.785,9.960012703258439,34.80984474614614,37.98835395276359,212.4402270141802,2026-06-25 05:45:07.497790,NaN,NaN,NaN,-34.786271,17.513322666666667
275.84,9.956684402727467,34.80945817798316,37.98478289252195,212.47697080311983,2026-06-25 05:45:07.447803,NaN,NaN,NaN,-34.786271,17.513322666666667
276.087,9.95349159562778,34.809071808392105,37.981419286648574,212.8017708343117,2026-06-25 05:45:07.397816,NaN,NaN,NaN,-34.786271,17.513322666666667
276.2235,9.948903228851876,34.80849269802737,37.97666982174322,212.68332229560488,2026-06-25 05:45:07.322836,NaN,NaN,NaN,-34.786271,17.513322666666667
276.5423333333333,9.941517436158291,34.80752879073532,37.96912324204687,212.89899749418046,2026-06-25 05:45:07.197868,NaN,NaN,NaN,-34.786271,17.513322666666667
276.7405,9.934174824116841,34.80656659729709,37.96165403789484,212.96017083553153,2026-06-25 05:45:07.072901,NaN,NaN,NaN,-34.786271,17.513322666666667
276.944,9.929783343507012,34.80599027850195,37.95713191230419,213.00871284766836,2026-06-25 05:45:06.997920,NaN,NaN,NaN,-34.786271,17.513322666666667
277.169,9.9269424947352,34.80560655414333,37.95413404502244,213.0381326932232,2026-06-25 05:45:06.947933,NaN,NaN,NaN,-34.786271,17.513322666666667
277.352,9.921784569649125,34.804840508266494,37.9484223310492,213.3797002239285,2026-06-25 05:45:06.847960,NaN,NaN,NaN,-34.786271,17.513322666666667
277.456,9.921920307512691,34.80484029441804,37.948529876558084,213.0787662451715,2026-06-25 05:45:06.847960,NaN,NaN,NaN,-34.786271,17.513322666666667
277.761,9.914585835230985,34.803884951758,37.939758426254365,213.4251027958413,2026-06-25 05:45:06.648012,NaN,NaN,NaN,-34.786271,17.513322666666667
277.894,9.916854566483071,34.80331305371554,37.94253797716544,213.1118888497049,2026-06-25 05:45:06.722992,NaN,NaN,NaN,-34.786271,17.513322666666667
278.117,9.910510182288396,34.80242620645141,37.93534265072823,213.45622160943287,2026-06-25 05:45:06.498051,NaN,NaN,NaN,-34.786271,17.513322666666667
278.2813333333333,9.911358525723957,34.80217280958931,37.936275491896815,213.50812463709175,2026-06-25 05:45:06.531375,NaN,NaN,NaN,-34.786271,17.513322666666667
278.699,9.904783235051672,34.80141537307618,37.930509836721086,213.8224168580155,2026-06-25 05:45:06.348090,NaN,NaN,NaN,-34.786271,17.513322666666667
278.827,9.906993748213731,34.80103752104149,37.93230554775804,213.81048293285465,2026-06-25 05:45:06.398077,NaN,NaN,NaN,-34.786271,17.513322666666667
279.092,9.902236311980081,34.80066026694695,37.928427844143435,213.84588534346352,2026-06-25 05:45:06.298103,NaN,NaN,NaN,-34.786271,17.513322666666667
279.2426666666667,9.895967923918295,34.79990782469219,37.922952756362626,214.21233899275404,2026-06-25 05:45:06.198129,NaN,NaN,NaN,-34.786271,17.513322666666667
279.485,9.886398549567694,34.79897049119318,37.91363825460658,214.4448593146687,2026-06-25 05:45:06.073162,NaN,NaN,NaN,-34.786271,17.513322666666667
279.771,9.879713836011508,34.798410090608925,37.906450602829615,214.66202198353992,2026-06-25 05:45:05.998181,NaN,NaN,NaN,-34.786271,17.513322666666667
279.919,9.874929188192146,34.79803740711151,37.90107828791937,214.7000029954965,2026-06-25 05:45:05.948194,NaN,NaN,NaN,-34.786271,17.513322666666667
280.10433333333333,9.865034618607213,34.79729439663009,37.889913038685336,214.78171804747325,2026-06-25 05:45:05.848220,NaN,NaN,NaN,-34.786271,17.513322666666667
280.289,9.855371656628513,34.79655379344021,37.87930876343473,214.57222082159,2026-06-25 05:45:05.748246,NaN,NaN,NaN,-34.786271,17.513322666666667
280.539,9.846948307399877,34.79581677243499,37.870392049099465,214.64923732890736,2026-06-25 05:45:05.648272,NaN,NaN,NaN,-34.786271,17.513322666666667
280.879,9.84718142623628,34.79581639383278,37.87061587457224,214.63427868096502,2026-06-25 05:45:05.648272,NaN,NaN,NaN,-34.786271,17.513322666666667
281.15049999999997,9.83801304014768,34.79471637972661,37.86050227637601,214.5466880758282,2026-06-25 05:45:05.498311,NaN,NaN,NaN,-34.786271,17.513322666666667
281.375,9.837790969582677,34.794715990736556,37.86030320011816,214.39823743937694,2026-06-25 05:45:05.498311,NaN,NaN,NaN,-34.786271,17.513322666666667
281.54,9.833940805049712,34.79398626705602,37.85559322412721,214.42220957902254,2026-06-25 05:45:05.398337,NaN,NaN,NaN,-34.786271,17.513322666666667
281.669,9.83201062895345,34.79344114377356,37.8530672724476,214.4451944432942,2026-06-25 05:45:05.323357,NaN,NaN,NaN,-34.786271,17.513322666666667
281.943,9.830616886541618,34.792897614358935,37.851152955899074,214.150462550836,2026-06-25 05:45:05.248376,NaN,NaN,NaN,-34.786271,17.513322666666667
282.078,9.82994757145764,34.792536331453235,37.85019886523809,214.16563839417452,2026-06-25 05:45:05.198390,NaN,NaN,NaN,-34.786271,17.513322666666667
282.30199999999996,9.82888254533262,34.79181646358781,37.848787040764556,214.16951683027426,2026-06-25 05:45:05.098416,NaN,NaN,NaN,-34.786271,17.513322666666667
282.4,9.827737549082682,34.791099310820734,37.84761442833437,213.87171819795873,2026-06-25 05:45:04.998442,NaN,NaN,NaN,-34.786271,17.513322666666667
282.749,9.826946511459644,34.790742099663845,37.84702142175276,213.87923880418165,2026-06-25 05:45:04.948455,NaN,NaN,NaN,-34.786271,17.513322666666667
282.818,9.825939257417827,34.7903857118048,37.84635366726416,213.8884936561604,2026-06-25 05:45:04.898468,NaN,NaN,NaN,-34.786271,17.513322666666667
283.06899999999996,9.823942178640984,34.78985278291412,37.845107541925685,213.93680813883955,2026-06-25 05:45:04.823487,NaN,NaN,NaN,-34.786271,17.513322666666667
283.313,9.819661341293052,34.788968442713035,37.842239084559495,213.9619998755345,2026-06-25 05:45:04.698520,NaN,NaN,NaN,-34.786271,17.513322666666667
283.458,9.818332588241185,34.788734177004294,37.84108834783217,213.96742796936434,2026-06-25 05:45:04.665195,NaN,NaN,NaN,-34.786271,17.513322666666667
283.924,9.812798253962733,34.78773939549593,37.83600816926577,213.8897325235973,2026-06-25 05:45:04.523565,NaN,NaN,NaN,-34.786271,17.513322666666667
284.189,9.808050783223699,34.78686807215081,37.83027038596817,213.76274204055568,2026-06-25 05:45:04.398598,NaN,NaN,NaN,-34.786271,17.513322666666667
284.376,9.808050938601557,34.78686764661077,37.8302148305763,213.76112089377398,2026-06-25 05:45:04.398598,NaN,NaN,NaN,-34.786271,17.513322666666667
284.6515,9.803239834216264,34.78600143060833,37.823782993467205,213.50090788708894,2026-06-25 05:45:04.273631,NaN,NaN,NaN,-34.786271,17.513322666666667
285.03933333333333,9.797594062653292,34.78514066497579,37.81680896235525,213.19848991136521,2026-06-25 05:45:04.148663,NaN,NaN,NaN,-34.786271,17.513322666666667
285.288,9.792593995305438,34.78445553110686,37.811204465582634,212.70516351160347,2026-06-25 05:45:04.048689,NaN,NaN,NaN,-34.786271,17.513322666666667
285.467,9.78630448173779,34.78360544675253,37.80522386012788,212.3161567753953,2026-06-25 05:45:03.923722,NaN,NaN,NaN,-34.786271,17.513322666666667
285.6905,9.786386642868754,34.78360455037072,37.80557081488611,212.17511730732028,2026-06-25 05:45:03.923722,NaN,NaN,NaN,-34.786271,17.513322666666667
286.072,9.779369371282415,34.78259064780475,37.80061936582007,211.61953032022444,2026-06-25 05:45:03.773761,NaN,NaN,NaN,-34.786271,17.513322666666667
286.3645,9.774929022311376,34.78191929308323,37.79828231758229,211.36905696962978,2026-06-25 05:45:03.673787,NaN,NaN,NaN,-34.786271,17.513322666666667
286.555,9.77135749238468,34.7814181106691,37.79606888548783,211.36773296462522,2026-06-25 05:45:03.598806,NaN,NaN,NaN,-34.786271,17.513322666666667
286.604,9.768679920930138,34.78108525208253,37.79403035066981,211.11012166129464,2026-06-25 05:45:03.548820,NaN,NaN,NaN,-34.786271,17.513322666666667
286.923,9.763982566164486,34.780587888551096,37.789783664949,211.16912834778125,2026-06-25 05:45:03.473839,NaN,NaN,NaN,-34.786271,17.513322666666667
287.005,9.758498026769889,34.78009247573007,37.78418412510625,211.2362728649463,2026-06-25 05:45:03.398859,NaN,NaN,NaN,-34.786271,17.513322666666667
287.5126666666667,9.748085898941278,34.779327268396585,37.77192523591916,211.27994116274922,2026-06-25 05:45:03.282222,NaN,NaN,NaN,-34.786271,17.513322666666667
287.629,9.745083844026253,34.779108629097735,37.76833119118847,211.3187531061428,2026-06-25 05:45:03.248898,NaN,NaN,NaN,-34.786271,17.513322666666667
287.888,9.73486725380932,34.77845784954747,37.75555085455982,211.13206642811357,2026-06-25 05:45:03.148924,NaN,NaN,NaN,-34.786271,17.513322666666667
288.2266666666667,9.724331309491554,34.77781164094054,37.74275048039815,211.23760615987823,2026-06-25 05:45:03.048950,NaN,NaN,NaN,-34.786271,17.513322666666667
288.6888,9.705062984923853,34.77646934100356,37.72154206628653,211.35215844011907,2026-06-25 05:45:02.839005,NaN,NaN,NaN,-34.786271,17.513322666666667
288.905,9.697919207192836,34.77589788631922,37.71439274683053,211.4233045249778,2026-06-25 05:45:02.749028,NaN,NaN,NaN,-34.786271,17.513322666666667
289.372,9.692059900247378,34.775269205264664,37.709370298262904,211.47249045208642,2026-06-25 05:45:02.649054,NaN,NaN,NaN,-34.786271,17.513322666666667
289.53,9.68959172219496,34.7749566311646,37.707373126346916,211.48917491285053,2026-06-25 05:45:02.599067,NaN,NaN,NaN,-34.786271,17.513322666666667
289.788,9.687332081096745,34.77464525063372,37.70553702165147,211.50246856347067,2026-06-25 05:45:02.549080,NaN,NaN,NaN,-34.786271,17.513322666666667
289.93966666666665,9.683004705989989,34.77402652444359,37.7017020309334,211.4791593614667,2026-06-25 05:45:02.449106,NaN,NaN,NaN,-34.786271,17.513322666666667
290.019,9.678348387176666,34.77341188581528,37.69711211224711,211.58157496190583,2026-06-25 05:45:02.349132,NaN,NaN,NaN,-34.786271,17.513322666666667
290.42925,9.67092002202849,34.7726519019757,37.68905014543766,211.66765207010587,2026-06-25 05:45:02.224165,NaN,NaN,NaN,-34.786271,17.513322666666667
290.6465,9.660288502012374,34.771748785575866,37.677521748330534,211.75264637428677,2026-06-25 05:45:02.074204,NaN,NaN,NaN,-34.786271,17.513322666666667
291.097,9.654381031625128,34.771301699978174,37.67136809605839,211.8068247667438,2026-06-25 05:45:01.999223,NaN,NaN,NaN,-34.786271,17.513322666666667
291.331,9.646164954717266,34.77071094874461,37.663070821837664,211.86814071615913,2026-06-25 05:45:01.899249,NaN,NaN,NaN,-34.786271,17.513322666666667
291.4975,9.646124929635732,34.7707103039491,37.663042799054125,211.8682171290015,2026-06-25 05:45:01.899249,NaN,NaN,NaN,-34.786271,17.513322666666667
291.732,9.637623652956618,34.77012406511719,37.654550191453,211.94949807591647,2026-06-25 05:45:01.799276,NaN,NaN,NaN,-34.786271,17.513322666666667
291.838,9.63322562838277,34.76983287808217,37.650152951765776,211.67945635917738,2026-06-25 05:45:01.749289,NaN,NaN,NaN,-34.786271,17.513322666666667
292.09566666666666,9.622755761860175,34.76915942123204,37.63950569438447,211.56578941556054,2026-06-25 05:45:01.632652,NaN,NaN,NaN,-34.786271,17.513322666666667
292.376,9.610954798240918,34.768967009376226,37.6272677021504,211.57494649756885,2026-06-25 05:45:01.499354,NaN,NaN,NaN,-34.786271,17.513322666666667
292.443,9.619726323654378,34.76839611705094,37.63642412365069,211.51894162571548,2026-06-25 05:45:01.599328,NaN,NaN,NaN,-34.786271,17.513322666666667
292.717,9.606851936962393,34.76811255283968,37.622875719358525,211.59492518199085,2026-06-25 05:45:01.449367,NaN,NaN,NaN,-34.786271,17.513322666666667
292.9095,9.601229837070784,34.76768968190584,37.61669167394926,211.49967314614224,2026-06-25 05:45:01.374386,NaN,NaN,NaN,-34.786271,17.513322666666667
293.2125,9.594632816424664,34.7671299146418,37.60927614874271,211.40335006161965,2026-06-25 05:45:01.274412,NaN,NaN,NaN,-34.786271,17.513322666666667
293.439,9.590337805754029,34.76671307862341,37.60442434439886,211.44279199687895,2026-06-25 05:45:01.199432,NaN,NaN,NaN,-34.786271,17.513322666666667
293.672,9.58668151368953,34.76629915694545,37.60036294797386,211.02462078407132,2026-06-25 05:45:01.124451,NaN,NaN,NaN,-34.786271,17.513322666666667
293.824,9.583517102068976,34.76588750869738,37.59692806870881,210.8875413324498,2026-06-25 05:45:01.049471,NaN,NaN,NaN,-34.786271,17.513322666666667
294.094,9.58089367776888,34.76547862169928,37.59415932151681,210.47296465294093,2026-06-25 05:45:00.974491,NaN,NaN,NaN,-34.786271,17.513322666666667
294.356,9.577269007760018,34.76480209305235,37.59043563799313,210.3599772805244,2026-06-25 05:45:00.849523,NaN,NaN,NaN,-34.786271,17.513322666666667
294.473,9.576532772162567,34.76462357027077,37.58969652880851,209.85112704714484,2026-06-25 05:45:00.816198,NaN,NaN,NaN,-34.786271,17.513322666666667
294.709,9.57395033347271,34.76399867000022,37.58709155376709,209.49669515246214,2026-06-25 05:45:00.699562,NaN,NaN,NaN,-34.786271,17.513322666666667
294.85,9.573066671458303,34.76373273932691,37.586207054503724,209.50911623088868,2026-06-25 05:45:00.649575,NaN,NaN,NaN,-34.786271,17.513322666666667
295.056,9.572269995563714,34.76346769662405,37.585427416419904,209.22722110137175,2026-06-25 05:45:00.599588,NaN,NaN,NaN,-34.786271,17.513322666666667
295.2823333333333,9.570826384060146,34.76294041119109,37.584140635430316,208.9159584376248,2026-06-25 05:45:00.499614,NaN,NaN,NaN,-34.786271,17.513322666666667
295.676,9.568953789770129,34.76228521417259,37.582715971173876,208.37892388938252,2026-06-25 05:45:00.374647,NaN,NaN,NaN,-34.786271,17.513322666666667
295.91150000000005,9.567115051060544,34.76176438601821,37.581427871308804,208.39352542661172,2026-06-25 05:45:00.274673,NaN,NaN,NaN,-34.786271,17.513322666666667
296.16,9.56551491071247,34.76137537314371,37.58022858899846,208.1142516114144,2026-06-25 05:45:00.199692,NaN,NaN,NaN,-34.786271,17.513322666666667
296.3085,9.563691234549298,34.76098781243414,37.57872094061368,207.8388072120289,2026-06-25 05:45:00.124712,NaN,NaN,NaN,-34.786271,17.513322666666667
296.441,9.56166655720411,34.76060130582106,37.57695272525053,207.85971272149388,2026-06-25 05:45:00.049732,NaN,NaN,NaN,-34.786271,17.513322666666667
296.7105,9.55939402133794,34.76021598247275,37.574905240232454,207.58947776163052,2026-06-25 05:44:59.974751,NaN,NaN,NaN,-34.786271,17.513322666666667
297.14549999999997,9.556127995036043,34.75970358849035,37.57200563546131,207.62892122598666,2026-06-25 05:44:59.874777,NaN,NaN,NaN,-34.786271,17.513322666666667
297.452,9.552788769046613,34.75919259488873,37.56920747713421,207.36273281363384,2026-06-25 05:44:59.774803,NaN,NaN,NaN,-34.786271,17.513322666666667
297.66999999999996,9.548018400621585,34.75881007588754,37.565501988725885,207.10903935537274,2026-06-25 05:44:59.624842,NaN,NaN,NaN,-34.786271,17.513322666666667
297.868,9.550360897907794,34.75842813930919,37.56728849744308,207.38028532522506,2026-06-25 05:44:59.699823,NaN,NaN,NaN,-34.786271,17.513322666666667
298.0955,9.544879167989274,34.75791948415197,37.56304559453691,207.13831541252188,2026-06-25 05:44:59.524868,NaN,NaN,NaN,-34.786271,17.513322666666667
298.223,9.542409036309524,34.75753832624736,37.56095036818109,206.8654501547879,2026-06-25 05:44:59.449888,NaN,NaN,NaN,-34.786271,17.513322666666667
298.571,9.538729425736483,34.75728434230491,37.55747538602301,206.9021752374184,2026-06-25 05:44:59.349914,NaN,NaN,NaN,-34.786271,17.513322666666667
298.617,9.540638570709973,34.75703041613594,37.55932248318272,206.88109367352317,2026-06-25 05:44:59.399901,NaN,NaN,NaN,-34.786271,17.513322666666667
299.091,9.534317370714033,34.756522634041495,37.55293205895243,206.71273310735992,2026-06-25 05:44:59.249940,NaN,NaN,NaN,-34.786271,17.513322666666667
299.49600000000004,9.52643482966785,34.75576080200356,37.54429356787565,207.0204189146552,2026-06-25 05:44:59.099979,NaN,NaN,NaN,-34.786271,17.513322666666667
299.732,9.520541905517181,34.75525262938807,37.53767126958477,207.06407754144894,2026-06-25 05:44:59.000005,NaN,NaN,NaN,-34.786271,17.513322666666667
299.942,9.517499360151037,34.75499838724914,37.53433210151942,206.81270667178794,2026-06-25 05:44:58.950018,NaN,NaN,NaN,-34.786271,17.513322666666667
300.161,9.511472771916484,34.75474403172645,37.5281168979623,206.85225195757295,2026-06-25 05:44:58.850044,NaN,NaN,NaN,-34.786271,17.513322666666667
300.21,9.514463781725926,34.7544895519686,37.531126887445424,206.83620868672827,2026-06-25 05:44:58.900031,NaN,NaN,NaN,-34.786271,17.513322666666667
300.5655,9.507135157731929,34.754107561983574,37.52401661046599,206.89630193375592,2026-06-25 05:44:58.775064,NaN,NaN,NaN,-34.786271,17.513322666666667
300.665,9.501584410591306,34.753597760039774,37.51905952516739,206.92964176370177,2026-06-25 05:44:58.675090,NaN,NaN,NaN,-34.786271,17.513322666666667
301.08000000000004,9.49608905875907,34.75308735568723,37.514176300139155,206.8254476046643,2026-06-25 05:44:58.575116,NaN,NaN,NaN,-34.786271,17.513322666666667
301.33349999999996,9.490183491134303,34.752576346927995,37.50859519862199,207.03015694585633,2026-06-25 05:44:58.475142,NaN,NaN,NaN,-34.786271,17.513322666666667
301.765,9.485264203472651,34.752192725301185,37.50364135268537,206.774749785702,2026-06-25 05:44:58.400162,NaN,NaN,NaN,-34.786271,17.513322666666667
301.892,9.477846649019867,34.751680696266966,37.495716986424874,207.08204398470284,2026-06-25 05:44:58.300188,NaN,NaN,NaN,-34.786271,17.513322666666667
302.299,9.467822653651844,34.75104008920154,37.48479112013722,207.0864949428673,2026-06-25 05:44:58.175220,NaN,NaN,NaN,-34.786271,17.513322666666667
302.527,9.459635189915515,34.75052718980646,37.47596697055532,207.00418008901758,2026-06-25 05:44:58.075246,NaN,NaN,NaN,-34.786271,17.513322666666667
302.85699999999997,9.447829656626132,34.75014237065776,37.46362946524687,207.0976593921916,2026-06-25 05:44:57.925285,NaN,NaN,NaN,-34.786271,17.513322666666667
303.041,9.453636305383148,34.749757486373696,37.46963416697901,207.05205360177908,2026-06-25 05:44:58.000266,NaN,NaN,NaN,-34.786271,17.513322666666667
303.292,9.44213684779688,34.74937261054833,37.457804123028446,207.14343859651112,2026-06-25 05:44:57.850305,NaN,NaN,NaN,-34.786271,17.513322666666667
303.547,9.436489149425501,34.74898782793643,37.45198507143935,207.03822221762272,2026-06-25 05:44:57.775324,NaN,NaN,NaN,-34.786271,17.513322666666667
303.778,9.426889500254648,34.748603190418386,37.44181549700678,206.97380167579894,2026-06-25 05:44:57.650357,NaN,NaN,NaN,-34.786271,17.513322666666667
303.804,9.430781383365778,34.74834690353942,37.44598682063538,206.94682182258748,2026-06-25 05:44:57.700344,NaN,NaN,NaN,-34.786271,17.513322666666667
304.114,9.418891133672552,34.74809075259387,37.43316292357082,207.0535589686316,2026-06-25 05:44:57.550383,NaN,NaN,NaN,-34.786271,17.513322666666667
304.265,9.422921106821459,34.747834764366786,37.43752626236803,207.01056931435818,2026-06-25 05:44:57.600370,NaN,NaN,NaN,-34.786271,17.513322666666667
304.48,9.410821107534346,34.747323468780706,37.424468239889116,206.8262328923937,2026-06-25 05:44:57.450409,NaN,NaN,NaN,-34.786271,17.513322666666667
304.914,9.401194683748306,34.746685620402786,37.41409410645018,206.9105105718911,2026-06-25 05:44:57.325442,NaN,NaN,NaN,-34.786271,17.513322666666667
305.109,9.395980591593664,34.746303827436776,37.40841017480083,206.6578718906688,2026-06-25 05:44:57.250461,NaN,NaN,NaN,-34.786271,17.513322666666667
305.331,9.390108278254205,34.745796330399244,37.4018474725882,206.70371968447154,2026-06-25 05:44:57.150487,NaN,NaN,NaN,-34.786271,17.513322666666667
305.402,9.385613026408292,34.74579611791214,37.39676389404947,206.7214521866132,2026-06-25 05:44:57.050513,NaN,NaN,NaN,-34.786271,17.513322666666667
305.6865,9.39028327925776,34.74529010828656,37.40203452630324,206.70029468159987,2026-06-25 05:44:57.150487,NaN,NaN,NaN,-34.786271,17.513322666666667
305.866,9.383115111014972,34.74491192763691,37.39406904131441,206.7498125884901,2026-06-25 05:44:56.975533,NaN,NaN,NaN,-34.786271,17.513322666666667
306.136,9.38112945957744,34.74453480684368,37.392103220088046,206.7634729316379,2026-06-25 05:44:56.900552,NaN,NaN,NaN,-34.786271,17.513322666666667
306.214,9.379635379662577,34.74415912154018,37.39084490914732,206.48653904890514,2026-06-25 05:44:56.825572,NaN,NaN,NaN,-34.786271,17.513322666666667
306.593,9.377773744425223,34.74378467183937,37.38957048035321,206.50062662309145,2026-06-25 05:44:56.700605,NaN,NaN,NaN,-34.786271,17.513322666666667
306.896,9.378431601799415,34.74353590998044,37.389976406514904,206.5073800140859,2026-06-25 05:44:56.750592,NaN,NaN,NaN,-34.786271,17.513322666666667
307.05100000000004,9.376931362663697,34.74316415770461,37.38910593460581,206.65776638976757,2026-06-25 05:44:56.625624,NaN,NaN,NaN,-34.786271,17.513322666666667
307.288,9.375939534114519,34.74267094051635,37.38862724178901,206.82329735162403,2026-06-25 05:44:56.525650,NaN,NaN,NaN,-34.786271,17.513322666666667
307.476,9.375240427191121,34.74230296504601,37.388334700697925,206.53544389514016,2026-06-25 05:44:56.450670,NaN,NaN,NaN,-34.786271,17.513322666666667
307.643,9.37479082949462,34.74205873177424,37.388159325773934,206.53605418694912,2026-06-25 05:44:56.400683,NaN,NaN,NaN,-34.786271,17.513322666666667
307.8185,9.374127266142075,34.741694079569015,37.38790259294061,206.5527161488156,2026-06-25 05:44:56.325702,NaN,NaN,NaN,-34.786271,17.513322666666667
308.269,9.373441955346898,34.7413311824489,37.387621554408874,206.55882758172257,2026-06-25 05:44:56.250722,NaN,NaN,NaN,-34.786271,17.513322666666667
308.398,9.372942017247361,34.741090457694625,37.387380804664105,206.5560106770827,2026-06-25 05:44:56.200735,NaN,NaN,NaN,-34.786271,17.513322666666667
308.593,9.372378971091887,34.740850664091056,37.38705735087982,206.56068717619556,2026-06-25 05:44:56.150748,NaN,NaN,NaN,-34.786271,17.513322666666667
308.842,9.371318337336985,34.74049288513649,37.38630145103536,206.7314359089898,2026-06-25 05:44:56.075767,NaN,NaN,NaN,-34.786271,17.513322666666667
309.027,9.369965652028586,34.74013706395626,37.385172505495554,206.59308823980066,2026-06-25 05:44:56.000787,NaN,NaN,NaN,-34.786271,17.513322666666667
309.2555,9.36745722441292,34.73966684258398,37.38267480553816,206.61709869466063,2026-06-25 05:44:55.900813,NaN,NaN,NaN,-34.786271,17.513322666666667
309.5195,9.365093495111854,34.739317170162906,37.380111632114335,206.63897460918375,2026-06-25 05:44:55.825833,NaN,NaN,NaN,-34.786271,17.513322666666667
309.714,9.364424876540403,34.739199727244056,37.37942695722775,206.65221455655362,2026-06-25 05:44:55.800839,NaN,NaN,NaN,-34.786271,17.513322666666667
310.014,9.360766579188649,34.73873737791062,37.375278194338726,206.69200206980028,2026-06-25 05:44:55.700865,NaN,NaN,NaN,-34.786271,17.513322666666667
310.2816666666667,9.357035371242594,34.738279732751316,37.37096893812609,206.72405775918247,2026-06-25 05:44:55.600891,NaN,NaN,NaN,-34.786271,17.513322666666667
310.676,9.35291270386779,34.73771319316583,37.366224152737246,206.61167941697403,2026-06-25 05:44:55.475924,NaN,NaN,NaN,-34.786271,17.513322666666667
311.145,9.350384762725424,34.737265166536105,37.36344730957059,206.48316574946833,2026-06-25 05:44:55.375950,NaN,NaN,NaN,-34.786271,17.513322666666667
311.353,9.34883408261102,34.73693195371737,37.36193195909896,206.50080626108772,2026-06-25 05:44:55.300969,NaN,NaN,NaN,-34.786271,17.513322666666667
311.531,9.347413628067997,34.73660155316969,37.360834879337176,206.22156412828505,2026-06-25 05:44:55.225989,NaN,NaN,NaN,-34.786271,17.513322666666667
311.603,9.345913660640438,34.73627339956952,37.35989768839315,206.23439481592013,2026-06-25 05:44:55.151008,NaN,NaN,NaN,-34.786271,17.513322666666667
311.851,9.34475170467632,34.73605612369769,37.3592473798781,206.2521174744432,2026-06-25 05:44:55.101022,NaN,NaN,NaN,-34.786271,17.513322666666667
312.116,9.342564767833013,34.73573243524468,37.3579340535546,206.2731334083642,2026-06-25 05:44:55.026041,NaN,NaN,NaN,-34.786271,17.513322666666667
312.273,9.338580121593651,34.73530452410064,37.35505310735728,206.01564903258492,2026-06-25 05:44:54.926067,NaN,NaN,NaN,-34.786271,17.513322666666667
312.7283333333333,9.330961646517304,34.734775950231786,37.34823423126637,205.86541699232063,2026-06-25 05:44:54.801100,NaN,NaN,NaN,-34.786271,17.513322666666667
313.094,9.322637992776619,34.73435732205886,37.33995116893553,205.88018666091236,2026-06-25 05:44:54.701126,NaN,NaN,NaN,-34.786271,17.513322666666667
313.333,9.31748393478805,34.73414972656845,37.334565571747554,205.63396588480336,2026-06-25 05:44:54.651139,NaN,NaN,NaN,-34.786271,17.513322666666667
313.5253333333333,9.305389833147311,34.73373785059511,37.32161101136382,205.56886975575318,2026-06-25 05:44:54.551165,NaN,NaN,NaN,-34.786271,17.513322666666667
313.927,9.29191690549695,34.73332918354978,37.30699134374218,205.57618215739836,2026-06-25 05:44:54.451191,NaN,NaN,NaN,-34.786271,17.513322666666667
314.022,9.27764335179625,34.73292492693947,37.29143427691285,205.39019244969842,2026-06-25 05:44:54.351217,NaN,NaN,NaN,-34.786271,17.513322666666667
314.30899999999997,9.277712369848079,34.7329244966505,37.291520297377296,205.25855916468635,2026-06-25 05:44:54.351217,NaN,NaN,NaN,-34.786271,17.513322666666667
314.403,9.263908502190175,34.73252325038829,37.27655386377193,204.93375072720283,2026-06-25 05:44:54.251243,NaN,NaN,NaN,-34.786271,17.513322666666667
314.763,9.25758160872245,34.7323238419128,37.269773090112245,204.98219030580378,2026-06-25 05:44:54.201256,NaN,NaN,NaN,-34.786271,17.513322666666667
314.86699999999996,9.24914727820348,34.73202624397446,37.26079761906843,205.03628301926793,2026-06-25 05:44:54.126276,NaN,NaN,NaN,-34.786271,17.513322666666667
315.062,9.24190685725507,34.73173007200887,37.253144311877946,205.0891232587841,2026-06-25 05:44:54.051295,NaN,NaN,NaN,-34.786271,17.513322666666667
315.327,9.234470229807375,34.7313375689706,37.245431587038816,204.8483407769476,2026-06-25 05:44:53.951321,NaN,NaN,NaN,-34.786271,17.513322666666667
315.6945,9.233556567838388,34.731240438679976,37.244602675513285,204.71916131685919,2026-06-25 05:44:53.926328,NaN,NaN,NaN,-34.786271,17.513322666666667
315.8465,9.229438034122968,34.7309476089559,37.240514086397056,204.74602825936668,2026-06-25 05:44:53.851347,NaN,NaN,NaN,-34.786271,17.513322666666667
316.088,9.225721246291233,34.73055910981493,37.237157745828625,204.6286635037267,2026-06-25 05:44:53.751373,NaN,NaN,NaN,-34.786271,17.513322666666667
316.2765,9.223985778970924,34.73026901164408,37.23588128327691,204.50196204583278,2026-06-25 05:44:53.676393,NaN,NaN,NaN,-34.786271,17.513322666666667
316.536,9.222711933073938,34.72997955145812,37.23512978294283,204.36728557734136,2026-06-25 05:44:53.601412,NaN,NaN,NaN,-34.786271,17.513322666666667
316.623,9.222080255330079,34.72978691754647,37.2348552065519,204.36791224601026,2026-06-25 05:44:53.551425,NaN,NaN,NaN,-34.786271,17.513322666666667
317.075,9.221296390027453,34.729498316002626,37.234566803434106,204.23626825297328,2026-06-25 05:44:53.476445,NaN,NaN,NaN,-34.786271,17.513322666666667
317.254,9.22001290366056,34.72901771305217,37.233952406109275,204.39705880911555,2026-06-25 05:44:53.351478,NaN,NaN,NaN,-34.786271,17.513322666666667
317.49600000000004,9.219588505967122,34.72888950201898,37.23362624731718,204.12985608111248,2026-06-25 05:44:53.318153,NaN,NaN,NaN,-34.786271,17.513322666666667
317.77,9.218106180567014,34.7284406150747,37.23250450536252,204.12843393107514,2026-06-25 05:44:53.201517,NaN,NaN,NaN,-34.786271,17.513322666666667
317.885,9.21738165512954,34.72824789662434,37.23189166181393,204.13625350267907,2026-06-25 05:44:53.151530,NaN,NaN,NaN,-34.786271,17.513322666666667
318.1405,9.216225864187045,34.72795823200815,37.23093820445098,204.15720481553504,2026-06-25 05:44:53.076549,NaN,NaN,NaN,-34.786271,17.513322666666667
318.481,9.215030231199245,34.72766782480343,37.22998887421697,204.16933396254973,2026-06-25 05:44:53.001569,NaN,NaN,NaN,-34.786271,17.513322666666667
318.76800000000003,9.21385468141724,34.727376253405524,37.22906162525941,204.17762479304614,2026-06-25 05:44:52.926588,NaN,NaN,NaN,-34.786271,17.513322666666667
319.012,9.212726960419506,34.72708356045809,37.228132977872164,204.18530907898835,2026-06-25 05:44:52.851608,NaN,NaN,NaN,-34.786271,17.513322666666667
319.279,9.211996083669053,34.726887577989515,37.22747643614814,204.19455529363833,2026-06-25 05:44:52.801621,NaN,NaN,NaN,-34.786271,17.513322666666667
319.45,9.210487933161808,34.72649310673763,37.22589370699769,204.20776387226167,2026-06-25 05:44:52.701647,NaN,NaN,NaN,-34.786271,17.513322666666667
319.788,9.208847608360522,34.72609581164991,37.223973004164364,204.22418695701643,2026-06-25 05:44:52.601673,NaN,NaN,NaN,-34.786271,17.513322666666667
320.11133333333333,9.206938330513472,34.725693976206905,37.2217108658601,204.33168255198467,2026-06-25 05:44:52.501699,NaN,NaN,NaN,-34.786271,17.513322666666667
320.388,9.204847103103223,34.72528848470936,37.21936854758072,204.55117719366478,2026-06-25 05:44:52.401725,NaN,NaN,NaN,-34.786271,17.513322666666667
320.509,9.203177685284842,34.724980758156974,37.21764748238378,204.56674116638445,2026-06-25 05:44:52.326745,NaN,NaN,NaN,-34.786271,17.513322666666667
320.695,9.200444731442927,34.72467041993696,37.21502080209051,204.5942292684066,2026-06-25 05:44:52.201777,NaN,NaN,NaN,-34.786271,17.513322666666667
320.925,9.201509826096952,34.72446169136036,37.216014563264466,204.5918197418895,2026-06-25 05:44:52.251764,NaN,NaN,NaN,-34.786271,17.513322666666667
321.043,9.199450652670661,34.72425151588635,37.21412195088221,204.6057174857172,2026-06-25 05:44:52.151790,NaN,NaN,NaN,-34.786271,17.513322666666667
321.344,9.197752701865552,34.72382660986945,37.2126369135046,204.61341568756745,2026-06-25 05:44:52.051816,NaN,NaN,NaN,-34.786271,17.513322666666667
321.5106666666666,9.197339567073394,34.72368230154931,37.21229633044061,204.623240261365,2026-06-25 05:44:52.018492,NaN,NaN,NaN,-34.786271,17.513322666666667
321.978,9.195820127393585,34.723177101571245,37.211044472601635,204.91876951014453,2026-06-25 05:44:51.901855,NaN,NaN,NaN,-34.786271,17.513322666666667
322.08,9.195216601643995,34.72295716833717,37.210578450892754,204.93253952231862,2026-06-25 05:44:51.851868,NaN,NaN,NaN,-34.786271,17.513322666666667
322.36199999999997,9.193345476261797,34.7223991828128,37.2091006298316,205.09446087231473,2026-06-25 05:44:51.726901,NaN,NaN,NaN,-34.786271,17.513322666666667
322.43399999999997,9.193452775538764,34.722397295356956,37.209208429400746,205.23660309807343,2026-06-25 05:44:51.726901,NaN,NaN,NaN,-34.786271,17.513322666666667
322.969,9.18827848239961,34.72182987722513,37.20484810796924,205.57797894890066,2026-06-25 05:44:51.501960,NaN,NaN,NaN,-34.786271,17.513322666666667
323.0525,9.188151038514997,34.72136539748476,37.20473364784332,205.72239965661538,2026-06-25 05:44:51.501960,NaN,NaN,NaN,-34.786271,17.513322666666667
323.239,9.191037759602006,34.72136438355578,37.20720106677481,205.26448343218544,2026-06-25 05:44:51.601934,NaN,NaN,NaN,-34.786271,17.513322666666667
323.451,9.184503789232245,34.72089280897037,37.20156330154253,205.89883328360875,2026-06-25 05:44:51.401986,NaN,NaN,NaN,-34.786271,17.513322666666667
323.703,9.179314222589683,34.72041193034369,37.19664106892142,206.08780178279082,2026-06-25 05:44:51.302012,NaN,NaN,NaN,-34.786271,17.513322666666667
323.854,9.179492631815982,34.72041087659072,37.19687802814912,206.22122201853222,2026-06-25 05:44:51.302012,NaN,NaN,NaN,-34.786271,17.513322666666667
324.14900000000006,9.169241578756708,34.7196740686744,37.18619507657231,206.3823902521159,2026-06-25 05:44:51.152051,NaN,NaN,NaN,-34.786271,17.513322666666667
324.287,9.161117370900397,34.71917267809174,37.17721507004681,206.99193762534097,2026-06-25 05:44:51.052077,NaN,NaN,NaN,-34.786271,17.513322666666667
324.6865,9.15471890443557,34.718790210638815,37.16990532016905,207.18047359661378,2026-06-25 05:44:50.977096,NaN,NaN,NaN,-34.786271,17.513322666666667
324.899,9.148522915554114,34.7184034669176,37.16272102193648,207.3730515522516,2026-06-25 05:44:50.902116,NaN,NaN,NaN,-34.786271,17.513322666666667
325.046,9.144698630049103,34.718142798179045,37.15825250231939,207.41875910083232,2026-06-25 05:44:50.852129,NaN,NaN,NaN,-34.786271,17.513322666666667
325.303,9.14119948035625,34.717880012725665,37.15418078722482,207.73519232166095,2026-06-25 05:44:50.802142,NaN,NaN,NaN,-34.786271,17.513322666666667
325.496,9.138078474263262,34.7176151245683,37.15059367750154,207.74498381733608,2026-06-25 05:44:50.752155,NaN,NaN,NaN,-34.786271,17.513322666666667
325.63,9.135362102595929,34.71734815073277,37.147536407101924,207.7590211875106,2026-06-25 05:44:50.702168,NaN,NaN,NaN,-34.786271,17.513322666666667
325.796,9.133036347470057,34.717079111247045,37.145011663108654,207.77821650468238,2026-06-25 05:44:50.652181,NaN,NaN,NaN,-34.786271,17.513322666666667
326.1565,9.130189045545013,34.71667147972997,37.14218596557397,207.8001380624103,2026-06-25 05:44:50.577201,NaN,NaN,NaN,-34.786271,17.513322666666667
326.23400000000004,9.127112388894549,34.71612132255164,37.1396541423239,207.97315095658828,2026-06-25 05:44:50.477227,NaN,NaN,NaN,-34.786271,17.513322666666667
326.626,9.12386429235982,34.71542237553852,37.13770001271731,208.1561335894894,2026-06-25 05:44:50.352259,NaN,NaN,NaN,-34.786271,17.513322666666667
327.007,9.121366690416062,34.71485580752752,37.13633072594891,208.17088172928962,2026-06-25 05:44:50.252285,NaN,NaN,NaN,-34.786271,17.513322666666667
327.278,9.120045505984304,34.7145695612165,37.13550841303274,208.1798554952488,2026-06-25 05:44:50.202298,NaN,NaN,NaN,-34.786271,17.513322666666667
327.5466666666667,9.115419417745903,34.71379680947413,37.13207862125472,208.2429570162602,2026-06-25 05:44:50.069000,NaN,NaN,NaN,-34.786271,17.513322666666667
327.6095,9.113515852859816,34.713552892313174,37.130523269784746,208.24923602910593,2026-06-25 05:44:50.027344,NaN,NaN,NaN,-34.786271,17.513322666666667
328.137,9.10721241897263,34.71281810995541,37.12516848750321,208.30906099152853,2026-06-25 05:44:49.902377,NaN,NaN,NaN,-34.786271,17.513322666666667
328.297,9.104005455062303,34.71252106902586,37.122104513990145,208.3390053163754,2026-06-25 05:44:49.852390,NaN,NaN,NaN,-34.786271,17.513322666666667
328.559,9.092696930054082,34.7122227264442,37.10985350777702,208.42379105089447,2026-06-25 05:44:49.702429,NaN,NaN,NaN,-34.786271,17.513322666666667
328.69100000000003,9.092590513272778,34.71162240367957,37.10964589708347,208.4396569457172,2026-06-25 05:44:49.702429,NaN,NaN,NaN,-34.786271,17.513322666666667
328.796,9.100506016817441,34.71162185513299,37.118537102895836,208.37094288965326,2026-06-25 05:44:49.802403,NaN,NaN,NaN,-34.786271,17.513322666666667
329.176,9.084061352050398,34.711017694167865,37.09957225655724,208.5275520880624,2026-06-25 05:44:49.602455,NaN,NaN,NaN,-34.786271,17.513322666666667
329.267,9.07743473581847,34.7105615253191,37.091611594414275,208.43667388424907,2026-06-25 05:44:49.527474,NaN,NaN,NaN,-34.786271,17.513322666666667
329.544,9.071066389255874,34.71010367637259,37.084087549838216,208.3462966013006,2026-06-25 05:44:49.452494,NaN,NaN,NaN,-34.786271,17.513322666666667
329.712,9.067163377651621,34.709797451081386,37.079614370758854,208.3662137515964,2026-06-25 05:44:49.402507,NaN,NaN,NaN,-34.786271,17.513322666666667
329.893,9.063593525213948,34.70949057843845,37.07563090798264,208.0927270854561,2026-06-25 05:44:49.352520,NaN,NaN,NaN,-34.786271,17.513322666666667
330.1635,9.05890965293432,34.709029172162815,37.07056052311582,208.1306863194721,2026-06-25 05:44:49.277539,NaN,NaN,NaN,-34.786271,17.513322666666667
330.53999999999996,9.052426654588668,34.70825820099764,37.06381120707218,208.18498154461236,2026-06-25 05:44:49.152572,NaN,NaN,NaN,-34.786271,17.513322666666667
330.708,9.05234998664243,34.70825807744377,37.0637151128637,208.1902306516744,2026-06-25 05:44:49.152572,NaN,NaN,NaN,-34.786271,17.513322666666667
330.91049999999996,9.046779397367107,34.70748562438155,37.05811675396732,208.36984335188083,2026-06-25 05:44:49.027605,NaN,NaN,NaN,-34.786271,17.513322666666667
331.24800000000005,9.042393859858198,34.70686732901025,37.053768007438755,208.56344678753754,2026-06-25 05:44:48.927631,NaN,NaN,NaN,-34.786271,17.513322666666667
331.4945,9.037703665835343,34.70624950564275,37.04916163777168,208.60652329213707,2026-06-25 05:44:48.827657,NaN,NaN,NaN,-34.786271,17.513322666666667
331.825,9.033962781782607,34.70578678440265,37.04551382924433,208.64414660145093,2026-06-25 05:44:48.752676,NaN,NaN,NaN,-34.786271,17.513322666666667
332.033,9.031379580761186,34.7054788068893,37.04300347290299,208.6650781879094,2026-06-25 05:44:48.702689,NaN,NaN,NaN,-34.786271,17.513322666666667
332.2505,9.027442544695063,34.70501782950347,37.039166374031,208.99380222850573,2026-06-25 05:44:48.627709,NaN,NaN,NaN,-34.786271,17.513322666666667
332.438,9.023500682260241,34.7045580322868,37.035308217494936,209.029412703167,2026-06-25 05:44:48.552728,NaN,NaN,NaN,-34.786271,17.513322666666667
332.765,9.020902098335851,34.70425241267564,37.032751879468236,209.34502721392485,2026-06-25 05:44:48.502741,NaN,NaN,NaN,-34.786271,17.513322666666667
332.85299999999995,9.017087417445008,34.703795570368214,37.02895614119207,209.3708013568192,2026-06-25 05:44:48.427761,NaN,NaN,NaN,-34.786271,17.513322666666667
333.36850000000004,9.012129411551133,34.70318944531342,37.02393204790608,209.4245074516444,2026-06-25 05:44:48.327787,NaN,NaN,NaN,-34.786271,17.513322666666667
333.509,9.008466745441625,34.702737355362586,37.02017604806268,209.4484020469066,2026-06-25 05:44:48.252807,NaN,NaN,NaN,-34.786271,17.513322666666667
333.728,9.004807399768213,34.70228805344204,37.016463985240435,209.77719515201275,2026-06-25 05:44:48.177826,NaN,NaN,NaN,-34.786271,17.513322666666667
333.975,9.001089426790159,34.701841166579776,37.01280345892473,209.80909761668715,2026-06-25 05:44:48.102846,NaN,NaN,NaN,-34.786271,17.513322666666667
334.135,8.998520291040963,34.70154494923918,37.010360887875,209.82626563770322,2026-06-25 05:44:48.052859,NaN,NaN,NaN,-34.786271,17.513322666666667
334.49033333333335,8.992956290809742,34.700957099599954,37.00515012935611,209.88503872728575,2026-06-25 05:44:47.952885,NaN,NaN,NaN,-34.786271,17.513322666666667
334.864,8.986813025278588,34.70037408550711,36.999322653341935,210.22745302468127,2026-06-25 05:44:47.852911,NaN,NaN,NaN,-34.786271,17.513322666666667
335.18,8.983401276131694,34.7000851116945,36.996019244306936,210.26685731952261,2026-06-25 05:44:47.802924,NaN,NaN,NaN,-34.786271,17.513322666666667
335.24,8.979778993788768,34.699797720955154,36.99248548913802,210.59011271422952,2026-06-25 05:44:47.752937,NaN,NaN,NaN,-34.786271,17.513322666666667
335.4895,8.973980829447372,34.699369893967635,36.986784705478776,210.7899088634848,2026-06-25 05:44:47.677956,NaN,NaN,NaN,-34.786271,17.513322666666667
335.741,8.967917546262964,34.698945409506926,36.98076773901684,211.290882939519,2026-06-25 05:44:47.602976,NaN,NaN,NaN,-34.786271,17.513322666666667
335.86400000000003,8.96171973058622,34.69852521101042,36.974563991191815,211.34862988947623,2026-06-25 05:44:47.527996,NaN,NaN,NaN,-34.786271,17.513322666666667
336.181,8.955596292631709,34.69810851327339,36.968435704270505,211.69482487641397,2026-06-25 05:44:47.453015,NaN,NaN,NaN,-34.786271,17.513322666666667
336.331,8.949772635113117,34.697696260493515,36.96265206016381,211.89662150194079,2026-06-25 05:44:47.378035,NaN,NaN,NaN,-34.786271,17.513322666666667
336.426,8.944281605418217,34.697287603814274,36.957224051257306,212.07943800212234,2026-06-25 05:44:47.303054,NaN,NaN,NaN,-34.786271,17.513322666666667
336.731,8.940831879315525,34.69701757718236,36.953810560176024,212.10567418276042,2026-06-25 05:44:47.253067,NaN,NaN,NaN,-34.786271,17.513322666666667
336.803,8.937486740154936,34.696749363642375,36.95049767034569,212.13600151657317,2026-06-25 05:44:47.203080,NaN,NaN,NaN,-34.786271,17.513322666666667
337.131,8.934173826717773,34.69648296244531,36.947224083256515,212.15842121831935,2026-06-25 05:44:47.153093,NaN,NaN,NaN,-34.786271,17.513322666666667
337.498,8.927221037233313,34.69595646850994,36.94033648454612,212.3716405306365,2026-06-25 05:44:47.053119,NaN,NaN,NaN,-34.786271,17.513322666666667
337.6195,8.921416590567263,34.695566710832544,36.93442323150303,212.4159101013174,2026-06-25 05:44:46.978139,NaN,NaN,NaN,-34.786271,17.513322666666667
337.83050000000003,8.915398857118639,34.69517871012135,36.92821685355344,212.62489063319455,2026-06-25 05:44:46.903158,NaN,NaN,NaN,-34.786271,17.513322666666667
338.262,8.906512282706714,34.69466802889394,36.918685549141664,213.02857271131515,2026-06-25 05:44:46.803184,NaN,NaN,NaN,-34.786271,17.513322666666667
338.564,8.901843864602434,34.694415636640464,36.91356848413192,213.0640445003277,2026-06-25 05:44:46.753197,NaN,NaN,NaN,-34.786271,17.513322666666667
338.69550000000004,8.894958800019214,34.694040291450946,36.906044263046084,212.96399852127124,2026-06-25 05:44:46.678217,NaN,NaN,NaN,-34.786271,17.513322666666667
338.985,8.888448079066977,34.69366808672221,36.89902150112074,212.86705446456892,2026-06-25 05:44:46.603237,NaN,NaN,NaN,-34.786271,17.513322666666667
339.275,8.882636380269156,34.69329963340674,36.8929401453552,212.91305531395525,2026-06-25 05:44:46.528256,NaN,NaN,NaN,-34.786271,17.513322666666667
339.526,8.877457201050902,34.692934026054076,36.88768983951246,212.94888886056728,2026-06-25 05:44:46.453276,NaN,NaN,NaN,-34.786271,17.513322666666667
339.905,8.873049632035228,34.69257176000847,36.88342082987481,212.9908402125931,2026-06-25 05:44:46.378295,NaN,NaN,NaN,-34.786271,17.513322666666667
340.064,8.869185918669233,34.69221197893134,36.87981995829784,213.01789600532118,2026-06-25 05:44:46.303315,NaN,NaN,NaN,-34.786271,17.513322666666667
340.447,8.864843411461093,34.691736757930556,36.875861484703016,213.0455836208662,2026-06-25 05:44:46.203341,NaN,NaN,NaN,-34.786271,17.513322666666667
340.849,8.86089855639751,34.691264842513206,36.87214372326837,213.08626266864746,2026-06-25 05:44:46.103367,NaN,NaN,NaN,-34.786271,17.513322666666667
341.0403333333333,8.857215686116538,34.69079680168439,36.86841899163269,213.1299311441827,2026-06-25 05:44:46.003393,NaN,NaN,NaN,-34.786271,17.513322666666667
341.326,8.853761109794606,34.69033095458481,36.86485336168987,213.1599318621912,2026-06-25 05:44:45.903419,NaN,NaN,NaN,-34.786271,17.513322666666667
341.6485,8.851548692433163,34.689983062669356,36.86261114072745,213.1756425289438,2026-06-25 05:44:45.828439,NaN,NaN,NaN,-34.786271,17.513322666666667
341.932,8.848649441140584,34.689635831560494,36.85990616785068,213.20105576119312,2026-06-25 05:44:45.703471,NaN,NaN,NaN,-34.786271,17.513322666666667
342.001,8.849671974432828,34.68940461907387,36.860800221528514,213.19379068230913,2026-06-25 05:44:45.753458,NaN,NaN,NaN,-34.786271,17.513322666666667
342.45,8.846795577838531,34.688826588674424,36.85866204081335,213.21805528983532,2026-06-25 05:44:45.578504,NaN,NaN,NaN,-34.786271,17.513322666666667
342.985,8.844851212214762,34.68801529526878,36.857770654093656,213.23811878039672,2026-06-25 05:44:45.403549,NaN,NaN,NaN,-34.786271,17.513322666666667
343.1095,8.844823664054225,34.68801501073896,36.85772678735107,213.23773017703832,2026-06-25 05:44:45.403549,NaN,NaN,NaN,-34.786271,17.513322666666667
343.4935,8.843219207235173,34.68743161711173,36.85670072165921,213.25832338508474,2026-06-25 05:44:45.278582,NaN,NaN,NaN,-34.786271,17.513322666666667
343.706,8.841029484346594,34.687079141603704,36.8547893202071,213.28143481814837,2026-06-25 05:44:45.153614,NaN,NaN,NaN,-34.786271,17.513322666666667
343.893,8.84198357691577,34.686842834658314,36.85566299681898,213.27220643457125,2026-06-25 05:44:45.203601,NaN,NaN,NaN,-34.786271,17.513322666666667
344.081,8.839980144026905,34.68660539305173,36.85380673494484,212.99456653979945,2026-06-25 05:44:45.103627,NaN,NaN,NaN,-34.786271,17.513322666666667
344.197,8.838844784227623,34.68636670301739,36.85274196191007,213.30426612139948,2026-06-25 05:44:45.053640,NaN,NaN,NaN,-34.786271,17.513322666666667
344.478,8.837639546143057,34.68612665100245,36.851618424223616,213.02370903665135,2026-06-25 05:44:45.003654,NaN,NaN,NaN,-34.786271,17.513322666666667
344.775,8.836385622556588,34.68588512385194,36.850454896166916,213.0430329147292,2026-06-25 05:44:44.953667,NaN,NaN,NaN,-34.786271,17.513322666666667
344.89,8.832560596231712,34.685519601803215,36.84681219820316,213.06610010837008,2026-06-25 05:44:44.803706,NaN,NaN,NaN,-34.786271,17.513322666666667
345.0365,8.83446782513048,34.6851505698531,36.848658676703394,213.05729952393634,2026-06-25 05:44:44.878686,NaN,NaN,NaN,-34.786271,17.513322666666667
345.27,8.830022864894135,34.684902024969794,36.84418626277772,213.09280014304733,2026-06-25 05:44:44.703732,NaN,NaN,NaN,-34.786271,17.513322666666667
345.544,8.83129951007796,34.684651451526726,36.84552951244046,213.0863205765577,2026-06-25 05:44:44.753719,NaN,NaN,NaN,-34.786271,17.513322666666667
345.598,8.828697481734416,34.68439874256324,36.842761677187085,213.10288242427694,2026-06-25 05:44:44.653745,NaN,NaN,NaN,-34.786271,17.513322666666667
345.884,8.826511605689596,34.684015145706,36.84040674041422,213.11987655489204,2026-06-25 05:44:44.578764,NaN,NaN,NaN,-34.786271,17.513322666666667
346.13149999999996,8.823065038590848,34.683495616098384,36.83680874323703,213.01009840411444,2026-06-25 05:44:44.478790,NaN,NaN,NaN,-34.786271,17.513322666666667
346.5505,8.81883410880998,34.68296571390319,36.83262899245614,212.91245465662396,2026-06-25 05:44:44.378816,NaN,NaN,NaN,-34.786271,17.513322666666667
346.92100000000005,8.813947916419806,34.682424682793325,36.82799835142012,212.95514177349145,2026-06-25 05:44:44.278842,NaN,NaN,NaN,-34.786271,17.513322666666667
347.3175,8.808688038516232,34.68187180914647,36.82306735121695,212.9998687955011,2026-06-25 05:44:44.178868,NaN,NaN,NaN,-34.786271,17.513322666666667
347.559,8.804583779090478,34.68144938506694,36.81918946365849,213.03578502404997,2026-06-25 05:44:44.103888,NaN,NaN,NaN,-34.786271,17.513322666666667
347.8815,8.800293755398414,34.68101884971654,36.81505921456922,212.9187186866818,2026-06-25 05:44:44.028908,NaN,NaN,NaN,-34.786271,17.513322666666667
348.048,8.792695113186072,34.68058160660576,36.80763457500499,212.84643885563162,2026-06-25 05:44:43.903940,NaN,NaN,NaN,-34.786271,17.513322666666667
348.204,8.79582001735655,34.68028552601132,36.81068758715058,212.8199495184053,2026-06-25 05:44:43.953927,NaN,NaN,NaN,-34.786271,17.513322666666667
348.4565,8.787797117140036,34.6798343386271,36.80293507610445,212.88812224100835,2026-06-25 05:44:43.828960,NaN,NaN,NaN,-34.786271,17.513322666666667
348.725,8.779261148897637,34.67906544655894,36.79496808487542,212.96616301579715,2026-06-25 05:44:43.703992,NaN,NaN,NaN,-34.786271,17.513322666666667
348.949,8.779234416561636,34.67906358058704,36.79495223571736,212.8189842712249,2026-06-25 05:44:43.703992,NaN,NaN,NaN,-34.786271,17.513322666666667
349.17,8.772173152956968,34.678433219055314,36.788448279955965,212.7296978601694,2026-06-25 05:44:43.604018,NaN,NaN,NaN,-34.786271,17.513322666666667
349.412,8.768560572842206,34.6781114026713,36.78510282537974,212.75971925033443,2026-06-25 05:44:43.554031,NaN,NaN,NaN,-34.786271,17.513322666666667
349.669,8.763023270906016,34.677620961899045,36.779930936161485,212.80943678166352,2026-06-25 05:44:43.479051,NaN,NaN,NaN,-34.786271,17.513322666666667
350.0636666666666,8.753260713143362,34.6767840254981,36.77073167878915,212.65920626012942,2026-06-25 05:44:43.354083,NaN,NaN,NaN,-34.786271,17.513322666666667
350.51133333333337,8.740040716584105,34.67574809136079,36.75821775534529,212.707454031263,2026-06-25 05:44:43.204123,NaN,NaN,NaN,-34.786271,17.513322666666667
350.961,8.729960005247387,34.67503890916513,36.74848625363062,212.7951650636199,2026-06-25 05:44:43.104149,NaN,NaN,NaN,-34.786271,17.513322666666667
351.2366666666667,8.718187970088865,34.67431114836133,36.736541556134426,212.8791704136042,2026-06-25 05:44:43.004175,NaN,NaN,NaN,-34.786271,17.513322666666667
351.48900000000003,8.701613236600409,34.6733816307961,36.718830954747716,212.90478668899345,2026-06-25 05:44:42.879207,NaN,NaN,NaN,-34.786271,17.513322666666667
352.08050000000003,8.687403015250435,34.672619674259785,36.70288635446751,213.04011291715605,2026-06-25 05:44:42.779233,NaN,NaN,NaN,-34.786271,17.513322666666667
352.4385,8.673911144770813,34.671842209533864,36.68753997033744,213.0101025346138,2026-06-25 05:44:42.679259,NaN,NaN,NaN,-34.786271,17.513322666666667
352.7115,8.658117339951785,34.67124955327173,36.670195830354196,212.9593249531113,2026-06-25 05:44:42.529298,NaN,NaN,NaN,-34.786271,17.513322666666667
352.901,8.66508618663437,34.67064750047085,36.677671594450814,213.07330749437813,2026-06-25 05:44:42.604279,NaN,NaN,NaN,-34.786271,17.513322666666667
353.299,8.651319802872095,34.66983248255695,36.663379843435195,212.85298370755794,2026-06-25 05:44:42.429325,NaN,NaN,NaN,-34.786271,17.513322666666667
353.392,8.647737363744298,34.6692121855208,36.66014704472537,212.88020784619857,2026-06-25 05:44:42.354344,NaN,NaN,NaN,-34.786271,17.513322666666667
353.766,8.645867311163407,34.66879393840662,36.658633298455875,212.90343933106138,2026-06-25 05:44:42.304357,NaN,NaN,NaN,-34.786271,17.513322666666667
353.952,8.64252598933557,34.6683722228746,36.656180746681464,212.91819511050468,2026-06-25 05:44:42.204383,NaN,NaN,NaN,-34.786271,17.513322666666667
354.03,8.644182487848624,34.66794709655547,36.65736705603976,212.91509999935454,2026-06-25 05:44:42.254370,NaN,NaN,NaN,-34.786271,17.513322666666667
354.344,8.638512825016505,34.667086853297974,36.65331407091741,212.97172669255437,2026-06-25 05:44:42.104409,NaN,NaN,NaN,-34.786271,17.513322666666667
354.565,8.63870738721835,34.667085240891666,36.65347662925944,212.97120721638552,2026-06-25 05:44:42.104409,NaN,NaN,NaN,-34.786271,17.513322666666667
354.886,8.629571982179598,34.665772471564644,36.64628823776379,213.05691644340723,2026-06-25 05:44:41.954448,NaN,NaN,NaN,-34.786271,17.513322666666667
355.116,8.62988014772876,34.665770960510194,36.646650147282216,213.0610683506095,2026-06-25 05:44:41.954448,NaN,NaN,NaN,-34.786271,17.513322666666667
355.4385,8.611874997194384,34.66420167968184,36.62928630849467,213.2285656915841,2026-06-25 05:44:41.779494,NaN,NaN,NaN,-34.786271,17.513322666666667
355.66799999999995,8.606831493297541,34.66382432445445,36.62410400393376,213.56052380950237,2026-06-25 05:44:41.737838,NaN,NaN,NaN,-34.786271,17.513322666666667
356.018,8.58775642999998,34.66260320283397,36.60325783720807,213.75840561841042,2026-06-25 05:44:41.604540,NaN,NaN,NaN,-34.786271,17.513322666666667
356.295,8.579908435239155,34.662139825051916,36.59436156596865,213.82647048706613,2026-06-25 05:44:41.554553,NaN,NaN,NaN,-34.786271,17.513322666666667
356.494,8.568292206164507,34.661439939364996,36.58114099168344,213.78261578528884,2026-06-25 05:44:41.479572,NaN,NaN,NaN,-34.786271,17.513322666666667
356.663,8.557277032112308,34.660735427442845,36.56868774712978,213.7115523201381,2026-06-25 05:44:41.404592,NaN,NaN,NaN,-34.786271,17.513322666666667
356.8895,8.547471456252767,34.66002542241512,36.55777213607992,213.78365959529728,2026-06-25 05:44:41.329611,NaN,NaN,NaN,-34.786271,17.513322666666667
357.257,8.538771344913604,34.65931125436865,36.54824498618499,213.8484601262328,2026-06-25 05:44:41.254631,NaN,NaN,NaN,-34.786271,17.513322666666667
357.5036666666667,8.529086507897771,34.65835124101513,36.5379370318006,213.90890115681927,2026-06-25 05:44:41.154657,NaN,NaN,NaN,-34.786271,17.513322666666667
357.672,8.520486773013529,34.657385179680695,36.52896373130635,213.9902832283265,2026-06-25 05:44:41.054683,NaN,NaN,NaN,-34.786271,17.513322666666667
358.26250000000005,8.5145567069204,34.65665558345147,36.52287294726349,214.04411671021842,2026-06-25 05:44:40.979702,NaN,NaN,NaN,-34.786271,17.513322666666667
358.462,8.508834062242414,34.655922878068836,36.517023063597655,214.1069742562275,2026-06-25 05:44:40.904722,NaN,NaN,NaN,-34.786271,17.513322666666667
358.66233333333327,8.501724129499662,34.654940221811486,36.509788578156865,213.87408148208826,2026-06-25 05:44:40.804748,NaN,NaN,NaN,-34.786271,17.513322666666667
359.02,8.495213301043618,34.65395321158609,36.503157718795194,213.91397988908219,2026-06-25 05:44:40.704774,NaN,NaN,NaN,-34.786271,17.513322666666667
359.213,8.492282341003675,34.653457700387804,36.500162347280394,213.6373440968329,2026-06-25 05:44:40.654787,NaN,NaN,NaN,-34.786271,17.513322666666667
359.439,8.486826771036704,34.65246343224409,36.49461494425711,213.67715328220527,2026-06-25 05:44:40.554813,NaN,NaN,NaN,-34.786271,17.513322666666667
359.6903333333333,8.485059362554571,34.65213038440718,36.49284487260006,213.708973820937,2026-06-25 05:44:40.521488,NaN,NaN,NaN,-34.786271,17.513322666666667
360.06399999999996,8.477271114855265,34.650714280607346,36.48497007731663,213.61552052875308,2026-06-25 05:44:40.379859,NaN,NaN,NaN,-34.786271,17.513322666666667
360.22,8.47277279507402,34.64996177416219,36.480325795067394,213.51016215709384,2026-06-25 05:44:40.304878,NaN,NaN,NaN,-34.786271,17.513322666666667
360.62,8.466226034499762,34.64895569386527,36.47351704721987,213.28140987462407,2026-06-25 05:44:40.204904,NaN,NaN,NaN,-34.786271,17.513322666666667
360.8795,8.462873666985125,34.64845194880115,36.4700773094309,213.46735742617957,2026-06-25 05:44:40.154917,NaN,NaN,NaN,-34.786271,17.513322666666667
361.285,8.453060404063944,34.64744318384556,36.4604100471412,213.0979001607344,2026-06-25 05:44:40.004956,NaN,NaN,NaN,-34.786271,17.513322666666667
361.401,8.456182624109484,34.64693804094708,36.4633771149785,213.0917038573488,2026-06-25 05:44:40.054943,NaN,NaN,NaN,-34.786271,17.513322666666667
361.67150000000004,8.448921208281016,34.64617964382736,36.45660289649476,213.12985467193937,2026-06-25 05:44:39.929976,NaN,NaN,NaN,-34.786271,17.513322666666667
362.154,8.445366270464794,34.64542068796119,36.45338912195905,212.86053857953704,2026-06-25 05:44:39.854996,NaN,NaN,NaN,-34.786271,17.513322666666667
362.191,8.443323906424073,34.6449144259334,36.45153654836146,212.87129119854765,2026-06-25 05:44:39.805009,NaN,NaN,NaN,-34.786271,17.513322666666667
362.54200000000003,8.440545219020883,34.64415473858051,36.448952148882114,212.89571647509422,2026-06-25 05:44:39.730028,NaN,NaN,NaN,-34.786271,17.513322666666667
362.893,8.437844949683992,34.643394873821556,36.446386045342145,212.92660477417343,2026-06-25 05:44:39.655048,NaN,NaN,NaN,-34.786271,17.513322666666667
363.05233333333337,8.433904606134995,34.64238168802289,36.44259644396321,212.66049552469977,2026-06-25 05:44:39.555074,NaN,NaN,NaN,-34.786271,17.513322666666667
363.344,8.42940935967027,34.64136874005933,36.43823874207076,212.70951430111367,2026-06-25 05:44:39.455100,NaN,NaN,NaN,-34.786271,17.513322666666667
363.438,8.423992499150142,34.640862497803965,36.43300567452355,212.75389183403854,2026-06-25 05:44:39.355126,NaN,NaN,NaN,-34.786271,17.513322666666667
363.649,8.426815188385785,34.64035646212204,36.43572224440002,212.73295990043206,2026-06-25 05:44:39.405113,NaN,NaN,NaN,-34.786271,17.513322666666667
363.854,8.420944182572212,34.639850678111706,36.430109039931075,212.80104158815956,2026-06-25 05:44:39.305139,NaN,NaN,NaN,-34.786271,17.513322666666667
364.141,8.417687528782213,34.639345191045265,36.427057592687184,212.82677378492835,2026-06-25 05:44:39.255152,NaN,NaN,NaN,-34.786271,17.513322666666667
364.275,8.414255254236542,34.638840046459514,36.42387563883113,212.85530146653346,2026-06-25 05:44:39.205165,NaN,NaN,NaN,-34.786271,17.513322666666667
364.4945,8.40885686806778,34.638083129487114,36.41889820969425,212.60974177275241,2026-06-25 05:44:39.130184,NaN,NaN,NaN,-34.786271,17.513322666666667
364.76,8.401414413453963,34.637075473296804,36.41203399293005,212.67970259513987,2026-06-25 05:44:39.030211,NaN,NaN,NaN,-34.786271,17.513322666666667
365.08000000000004,8.393848068948175,34.636070030169705,36.40499586743714,212.73714316322156,2026-06-25 05:44:38.930237,NaN,NaN,NaN,-34.786271,17.513322666666667
365.398,8.388099975836408,34.6353175443603,36.3995738505609,212.78218006720792,2026-06-25 05:44:38.855256,NaN,NaN,NaN,-34.786271,17.513322666666667
365.659,8.384159064982763,34.63481683882507,36.39580189441411,212.8143329521293,2026-06-25 05:44:38.805269,NaN,NaN,NaN,-34.786271,17.513322666666667
365.89599999999996,8.37792138357048,34.634067362785245,36.389732404097444,212.57984768587113,2026-06-25 05:44:38.730289,NaN,NaN,NaN,-34.786271,17.513322666666667
366.176,8.371243894977358,34.63331960153267,36.383143932081424,212.6459659189315,2026-06-25 05:44:38.655308,NaN,NaN,NaN,-34.786271,17.513322666666667
366.293,8.366466102948115,34.6328223277355,36.378365867261266,212.9824437885684,2026-06-25 05:44:38.605321,NaN,NaN,NaN,-34.786271,17.513322666666667
366.577,8.35621458440708,34.632326048795726,36.367888830847704,213.06540395414163,2026-06-25 05:44:38.505347,NaN,NaN,NaN,-34.786271,17.513322666666667
366.644,8.361451253458682,34.63183082177935,36.373281309586936,213.02470463868084,2026-06-25 05:44:38.555334,NaN,NaN,NaN,-34.786271,17.513322666666667
366.973,8.345146433839886,34.63084437299696,36.35627674374213,213.16841805236973,2026-06-25 05:44:38.405373,NaN,NaN,NaN,-34.786271,17.513322666666667
367.1255,8.345075405415635,34.63084375780063,36.3561821170064,213.17534533361925,2026-06-25 05:44:38.405373,NaN,NaN,NaN,-34.786271,17.513322666666667
367.3035,8.330584539766773,34.62961708219628,36.34080688316651,213.1565997034869,2026-06-25 05:44:38.280406,NaN,NaN,NaN,-34.786271,17.513322666666667
367.526,8.321810089373534,34.62888489885811,36.331544209158494,213.0880590959588,2026-06-25 05:44:38.205426,NaN,NaN,NaN,-34.786271,17.513322666666667
367.847,8.316095707960914,34.628398735559045,36.325595720581575,213.12928934177322,2026-06-25 05:44:38.155439,NaN,NaN,NaN,-34.786271,17.513322666666667
368.08849999999995,8.307910609717812,34.62767262949038,36.31721656960724,213.200707441456,2026-06-25 05:44:38.080458,NaN,NaN,NaN,-34.786271,17.513322666666667
368.334,8.30015948291251,34.62694983344186,36.30943740456534,213.25642502253098,2026-06-25 05:44:38.005478,NaN,NaN,NaN,-34.786271,17.513322666666667
368.48900000000003,8.292846932204807,34.62623143743727,36.30227794386978,213.3006396562729,2026-06-25 05:44:37.930497,NaN,NaN,NaN,-34.786271,17.513322666666667
368.813,8.285688147021123,34.625516775872775,36.29535176035346,213.3697186432803,2026-06-25 05:44:37.855517,NaN,NaN,NaN,-34.786271,17.513322666666667
369.1,8.280876612860029,34.6250429458418,36.290706029381205,213.42007425121258,2026-06-25 05:44:37.805530,NaN,NaN,NaN,-34.786271,17.513322666666667
369.27750000000003,8.273428942383116,34.624336339502065,36.28342977758216,213.18503531236686,2026-06-25 05:44:37.730549,NaN,NaN,NaN,-34.786271,17.513322666666667
369.465,8.265732661269107,34.62363405977548,36.27576906838086,213.27074421975703,2026-06-25 05:44:37.655569,NaN,NaN,NaN,-34.786271,17.513322666666667
369.786,8.260473691820541,34.62316888433423,36.27045072670355,213.31326142484065,2026-06-25 05:44:37.605582,NaN,NaN,NaN,-34.786271,17.513322666666667
369.818,8.255165218388628,34.62270606302552,36.26504400176834,213.35326327874967,2026-06-25 05:44:37.555595,NaN,NaN,NaN,-34.786271,17.513322666666667
370.26300000000003,8.241874138104258,34.621562771081145,36.251305828304126,213.3108317540186,2026-06-25 05:44:37.430627,NaN,NaN,NaN,-34.786271,17.513322666666667
370.461,8.23922709285993,34.621332498155255,36.24860117059459,213.1796553335336,2026-06-25 05:44:37.405634,NaN,NaN,NaN,-34.786271,17.513322666666667
370.6355,8.2365324027399,34.621108887589386,36.24572861425053,213.35424048242024,2026-06-25 05:44:37.380641,NaN,NaN,NaN,-34.786271,17.513322666666667
371.171,8.223084575571317,34.619982917995834,36.23156630228028,213.6330572581663,2026-06-25 05:44:37.255673,NaN,NaN,NaN,-34.786271,17.513322666666667
371.27250000000004,8.214760297956058,34.619318157139936,36.22277202038575,213.70053409951734,2026-06-25 05:44:37.180693,NaN,NaN,NaN,-34.786271,17.513322666666667
371.5295,8.203569762843841,34.61844192361778,36.2109919142491,213.79900222614134,2026-06-25 05:44:37.080719,NaN,NaN,NaN,-34.786271,17.513322666666667
371.9285,8.192630419729161,34.61757836241917,36.1994012100651,213.73930755714852,2026-06-25 05:44:36.980745,NaN,NaN,NaN,-34.786271,17.513322666666667
372.117,8.179843843404914,34.616518958365276,36.18565113329455,213.6986710429491,2026-06-25 05:44:36.855777,NaN,NaN,NaN,-34.786271,17.513322666666667
372.281,8.179963481061034,34.61651720785047,36.185779725761634,213.69623761227683,2026-06-25 05:44:36.855777,NaN,NaN,NaN,-34.786271,17.513322666666667
372.75,8.170680972396976,34.615684315099884,36.17576733228139,213.77382877131274,2026-06-25 05:44:36.755803,NaN,NaN,NaN,-34.786271,17.513322666666667
372.802,8.16650852614932,34.615273295858394,36.171298196934906,213.4989829867873,2026-06-25 05:44:36.705816,NaN,NaN,NaN,-34.786271,17.513322666666667
373.07349999999997,8.160810449666384,34.614664218250915,36.165239568794654,213.5571464593282,2026-06-25 05:44:36.630836,NaN,NaN,NaN,-34.786271,17.513322666666667
373.4375,8.154110897239566,34.61386485915787,36.15819978325407,213.31365703930453,2026-06-25 05:44:36.530862,NaN,NaN,NaN,-34.786271,17.513322666666667
373.756,8.149730956977162,34.613275132506296,36.153687228564955,213.353895362132,2026-06-25 05:44:36.455882,NaN,NaN,NaN,-34.786271,17.513322666666667
373.9495,8.145931097468793,34.61269545763208,36.14992212805908,213.3798770135687,2026-06-25 05:44:36.380901,NaN,NaN,NaN,-34.786271,17.513322666666667
374.037,8.142502363400924,34.61212399121787,36.14666172501161,213.10436388965033,2026-06-25 05:44:36.305921,NaN,NaN,NaN,-34.786271,17.513322666666667
374.417,8.1403861026088,34.61174857316573,36.14472222239533,213.12547351293193,2026-06-25 05:44:36.255934,NaN,NaN,NaN,-34.786271,17.513322666666667
374.721,8.13730476630515,34.61119393183961,36.14194950867464,213.15757199047272,2026-06-25 05:44:36.180953,NaN,NaN,NaN,-34.786271,17.513322666666667
374.8425,8.132040678121395,34.61029186183541,36.13716300453078,213.2074211001476,2026-06-25 05:44:36.055986,NaN,NaN,NaN,-34.786271,17.513322666666667
375.029,8.13207349961124,34.61028966222523,36.13721144468039,213.2107584041626,2026-06-25 05:44:36.055986,NaN,NaN,NaN,-34.786271,17.513322666666667
375.33000000000004,8.126446149657813,34.6094139770381,36.13188486334819,212.9570302185769,2026-06-25 05:44:35.931018,NaN,NaN,NaN,-34.786271,17.513322666666667
375.718,8.122876857666743,34.60890107880169,36.12839008353631,212.99560342615808,2026-06-25 05:44:35.856038,NaN,NaN,NaN,-34.786271,17.513322666666667
375.903,8.120400167686814,34.60856516377893,36.12593878494996,213.01309432380262,2026-06-25 05:44:35.806051,NaN,NaN,NaN,-34.786271,17.513322666666667
376.045,8.117848181802001,34.60823378983327,36.12342158932189,213.04079613628025,2026-06-25 05:44:35.756064,NaN,NaN,NaN,-34.786271,17.513322666666667
376.351,8.115230462636783,34.60790697553086,36.12087095609271,213.07037416217588,2026-06-25 05:44:35.706077,NaN,NaN,NaN,-34.786271,17.513322666666667
376.5025,8.111230694729871,34.60742590950893,36.117092123627046,212.9630598953579,2026-06-25 05:44:35.631097,NaN,NaN,NaN,-34.786271,17.513322666666667
376.74,8.107236332303012,34.606954024608044,36.11346005190864,212.84621492121494,2026-06-25 05:44:35.556116,NaN,NaN,NaN,-34.786271,17.513322666666667
376.917,8.104620363262782,34.60664556546452,36.111160151802565,212.86082937109705,2026-06-25 05:44:35.506129,NaN,NaN,NaN,-34.786271,17.513322666666667
377.06,8.102044573002704,34.60634170655758,36.10893092465049,212.8886004473808,2026-06-25 05:44:35.456142,NaN,NaN,NaN,-34.786271,17.513322666666667
377.3225,8.098193877373115,34.60589511020709,36.10561002960818,212.92380762256442,2026-06-25 05:44:35.381162,NaN,NaN,NaN,-34.786271,17.513322666666667
377.712,8.09137185175797,34.605174439945884,36.09944168527235,212.6751584692085,2026-06-25 05:44:35.256194,NaN,NaN,NaN,-34.786271,17.513322666666667
377.8455,8.088368180543556,34.60489345788007,36.09656767476867,212.70312167832188,2026-06-25 05:44:35.206207,NaN,NaN,NaN,-34.786271,17.513322666666667
378.389,8.081744951644515,34.60434281162538,36.08996266925148,212.75778685691748,2026-06-25 05:44:35.106233,NaN,NaN,NaN,-34.786271,17.513322666666667
378.476,8.077906257992867,34.60407534720817,36.08598301581148,212.8149307039438,2026-06-25 05:44:35.056246,NaN,NaN,NaN,-34.786271,17.513322666666667
378.848,8.071594084832084,34.60368301656284,36.07938922231678,212.8748406102901,2026-06-25 05:44:34.981266,NaN,NaN,NaN,-34.786271,17.513322666666667
379.151,8.064933922218222,34.60329945701767,36.07244775306438,212.93576654850017,2026-06-25 05:44:34.906285,NaN,NaN,NaN,-34.786271,17.513322666666667
379.3143333333333,8.056147492925797,34.60280527851406,36.063424665569755,212.81167349535818,2026-06-25 05:44:34.806312,NaN,NaN,NaN,-34.786271,17.513322666666667
379.766,8.044493387540214,34.602325170160704,36.05163436671337,212.79749367977078,2026-06-25 05:44:34.656351,NaN,NaN,NaN,-34.786271,17.513322666666667
379.896,8.048035610431292,34.602092011147754,36.05521615644232,212.77186052735703,2026-06-25 05:44:34.706338,NaN,NaN,NaN,-34.786271,17.513322666666667
380.1145,8.039902274502854,34.60175033036214,36.046903682519186,212.68841019177194,2026-06-25 05:44:34.581370,NaN,NaN,NaN,-34.786271,17.513322666666667
380.68,8.034013626728074,34.601200402439446,36.040587281388554,212.8880499502989,2026-06-25 05:44:34.456403,NaN,NaN,NaN,-34.786271,17.513322666666667
380.97450000000003,8.029943239712882,34.60067239175734,36.03601848628651,212.9168226671483,2026-06-25 05:44:34.331435,NaN,NaN,NaN,-34.786271,17.513322666666667
381.49199999999996,8.02783982592582,34.600266653878066,36.033599806539314,212.78519090024406,2026-06-25 05:44:34.231461,NaN,NaN,NaN,-34.786271,17.513322666666667
381.669,8.026698293857383,34.59997083728573,36.03229259035431,212.6438367366893,2026-06-25 05:44:34.156481,NaN,NaN,NaN,-34.786271,17.513322666666667
381.826,8.026081020231624,34.59977796362053,36.031598209683786,212.64854923209177,2026-06-25 05:44:34.106494,NaN,NaN,NaN,-34.786271,17.513322666666667
382.03200000000004,8.02524572961341,34.59949486146599,36.03068803949442,212.6634368255003,2026-06-25 05:44:34.031514,NaN,NaN,NaN,-34.786271,17.513322666666667
382.366,8.02443106253266,34.59921770951943,36.0298407409216,212.6760197886937,2026-06-25 05:44:33.956533,NaN,NaN,NaN,-34.786271,17.513322666666667
382.72,8.023339758434533,34.59885975312098,36.028775550745515,212.3911021816647,2026-06-25 05:44:33.856559,NaN,NaN,NaN,-34.786271,17.513322666666667
382.8215,8.023343561858104,34.59885845699201,36.02878375245412,212.54417207498375,2026-06-25 05:44:33.856559,NaN,NaN,NaN,-34.786271,17.513322666666667
383.2985,8.02201181366554,34.59842414907776,36.02753482536801,212.40525115258876,2026-06-25 05:44:33.731592,NaN,NaN,NaN,-34.786271,17.513322666666667
383.43,8.020652138446565,34.598003639950754,36.026336736459015,212.41869617064833,2026-06-25 05:44:33.606624,NaN,NaN,NaN,-34.786271,17.513322666666667
383.739,8.02003807040502,34.597923330470834,36.025836698344364,212.43150237880957,2026-06-25 05:44:33.556637,NaN,NaN,NaN,-34.786271,17.513322666666667
383.92650000000003,8.02028828883243,34.597839152737734,36.02606267537245,212.27857890318668,2026-06-25 05:44:33.581631,NaN,NaN,NaN,-34.786271,17.513322666666667
384.148,8.018620504118598,34.59751566718991,36.02473617800827,212.1491084460665,2026-06-25 05:44:33.456663,NaN,NaN,NaN,-34.786271,17.513322666666667
384.336,8.017822173224955,34.597356414763446,36.02411859452023,212.16173803614632,2026-06-25 05:44:33.406676,NaN,NaN,NaN,-34.786271,17.513322666666667
384.691,8.01697011505753,34.597198650954546,36.02344925654735,212.16939111882388,2026-06-25 05:44:33.356689,NaN,NaN,NaN,-34.786271,17.513322666666667
384.896,8.016063568732804,34.597042245606794,36.0227232712705,212.17247035549917,2026-06-25 05:44:33.306702,NaN,NaN,NaN,-34.786271,17.513322666666667
385.082,8.015096694482244,34.59688706758523,36.021935284253445,211.8824558435181,2026-06-25 05:44:33.256715,NaN,NaN,NaN,-34.786271,17.513322666666667
385.212,8.014060176258262,34.59673298492694,36.021083033685606,211.90585903920316,2026-06-25 05:44:33.206729,NaN,NaN,NaN,-34.786271,17.513322666666667
385.409,8.012948473000318,34.59657986499314,36.02017214030414,211.91664027674645,2026-06-25 05:44:33.156742,NaN,NaN,NaN,-34.786271,17.513322666666667
385.686,8.011769635181528,34.596427574622446,36.019220247316895,211.92849945414267,2026-06-25 05:44:33.106755,NaN,NaN,NaN,-34.786271,17.513322666666667
385.813,8.010545758839436,34.59627598028496,36.01825917680915,211.642925615237,2026-06-25 05:44:33.056768,NaN,NaN,NaN,-34.786271,17.513322666666667
386.1555,8.008684732181765,34.59604964645625,36.01690180451566,211.6655392425694,2026-06-25 05:44:32.981787,NaN,NaN,NaN,-34.786271,17.513322666666667
386.507,8.00685326897376,34.59582403589383,36.015710105377224,211.39227223929214,2026-06-25 05:44:32.906807,NaN,NaN,NaN,-34.786271,17.513322666666667
386.763,8.005677748680727,34.595673888434526,36.015044463686216,211.40388503427238,2026-06-25 05:44:32.856820,NaN,NaN,NaN,-34.786271,17.513322666666667
386.887,8.00454176237133,34.59552376924388,36.01446139475148,211.4072705607034,2026-06-25 05:44:32.806833,NaN,NaN,NaN,-34.786271,17.513322666666667
387.055,8.003432359344075,34.59537354582375,36.01393144679102,211.41773783489202,2026-06-25 05:44:32.756846,NaN,NaN,NaN,-34.786271,17.513322666666667
387.255,8.002317820324514,34.59522308638241,36.01341021434747,211.42513706594022,2026-06-25 05:44:32.706859,NaN,NaN,NaN,-34.786271,17.513322666666667
387.44100000000003,8.000509949125371,34.59499659833855,36.01248892551785,211.29657461142935,2026-06-25 05:44:32.631878,NaN,NaN,NaN,-34.786271,17.513322666666667
387.644,7.998424009286101,34.594768987724834,36.01123696216744,211.1728686787228,2026-06-25 05:44:32.556898,NaN,NaN,NaN,-34.786271,17.513322666666667
388.0365,7.993447527085301,34.59438541161075,36.00705325198098,211.21940737289992,2026-06-25 05:44:32.431930,NaN,NaN,NaN,-34.786271,17.513322666666667
388.2155,7.9937440335857,34.59438434644844,36.00749881733108,211.21290514697284,2026-06-25 05:44:32.431930,NaN,NaN,NaN,-34.786271,17.513322666666667
388.568,7.987318268087201,34.59399544804196,36.00114768411262,211.27954619011055,2026-06-25 05:44:32.306963,NaN,NaN,NaN,-34.786271,17.513322666666667
388.986,7.984226020958555,34.59383712216869,35.997813110884614,211.30859817368383,2026-06-25 05:44:32.256976,NaN,NaN,NaN,-34.786271,17.513322666666667
389.052,7.98090023560219,34.593677312727415,35.99415003732456,211.34902020044225,2026-06-25 05:44:32.206989,NaN,NaN,NaN,-34.786271,17.513322666666667
389.228,7.977392598106469,34.59351590493433,35.990278072517405,211.38117165000946,2026-06-25 05:44:32.157002,NaN,NaN,NaN,-34.786271,17.513322666666667
389.472,7.970069231086059,34.59318784676384,35.98231895879335,211.1437609601163,2026-06-25 05:44:32.057028,NaN,NaN,NaN,-34.786271,17.513322666666667
389.73400000000004,7.968230180906291,34.59310243180577,35.9803749565517,211.30787721445498,2026-06-25 05:44:32.032035,NaN,NaN,NaN,-34.786271,17.513322666666667
389.848,7.966368692269323,34.59302097874744,35.978355727135465,211.18209049540005,2026-06-25 05:44:32.007041,NaN,NaN,NaN,-34.786271,17.513322666666667
390.082,7.95908300228215,34.59268104020111,35.97058938380475,210.9345335305325,2026-06-25 05:44:31.907067,NaN,NaN,NaN,-34.786271,17.513322666666667
390.228,7.955533471934022,34.59250776799421,35.9668127496963,211.2616577167437,2026-06-25 05:44:31.857080,NaN,NaN,NaN,-34.786271,17.513322666666667
390.529,7.952053610020139,34.59233216413895,35.963138353548445,211.30166245821007,2026-06-25 05:44:31.807093,NaN,NaN,NaN,-34.786271,17.513322666666667
390.704,7.948648817653475,34.59215413506339,35.959605414153444,211.03136105678226,2026-06-25 05:44:31.757106,NaN,NaN,NaN,-34.786271,17.513322666666667
390.958,7.945334257887451,34.591973590250795,35.95625356152268,211.06331974909037,2026-06-25 05:44:31.707119,NaN,NaN,NaN,-34.786271,17.513322666666667
391.1275,7.9405971971566975,34.59169752469727,35.95163886014862,211.10307602077557,2026-06-25 05:44:31.632139,NaN,NaN,NaN,-34.786271,17.513322666666667
391.267,7.936140017270495,34.59141600363021,35.94741666105762,211.1310590984848,2026-06-25 05:44:31.557158,NaN,NaN,NaN,-34.786271,17.513322666666667
391.89733333333334,7.930793919459494,34.59102918833656,35.94235391136678,211.187405091597,2026-06-25 05:44:31.457185,NaN,NaN,NaN,-34.786271,17.513322666666667
392.049,7.925911136235401,34.590632407680964,35.93762698149673,211.22549768050317,2026-06-25 05:44:31.357211,NaN,NaN,NaN,-34.786271,17.513322666666667
392.235,7.9236836811090345,34.590428868477,35.935416252401694,211.24492177146757,2026-06-25 05:44:31.307224,NaN,NaN,NaN,-34.786271,17.513322666666667
392.683,7.921573502821131,34.59022214774297,35.93328768111777,211.26287569711351,2026-06-25 05:44:31.257237,NaN,NaN,NaN,-34.786271,17.513322666666667
392.805,7.919566204200921,34.59001218910297,35.931228281756844,211.27387124309698,2026-06-25 05:44:31.207250,NaN,NaN,NaN,-34.786271,17.513322666666667
393.068,7.916710036733614,34.58969064548912,35.928259534281324,211.16490188989386,2026-06-25 05:44:31.132269,NaN,NaN,NaN,-34.786271,17.513322666666667
393.397,7.913958801365967,34.589362377602356,35.92541109968651,211.33421622585954,2026-06-25 05:44:31.057289,NaN,NaN,NaN,-34.786271,17.513322666666667
393.6885,7.911285308087481,34.589025546304995,35.92271556211834,211.20596452295115,2026-06-25 05:44:30.982308,NaN,NaN,NaN,-34.786271,17.513322666666667
393.882,7.9086199761935365,34.588681753861785,35.92013626743957,211.09030906994624,2026-06-25 05:44:30.907328,NaN,NaN,NaN,-34.786271,17.513322666666667
394.28933333333333,7.9049174097448995,34.58820923257266,35.916848170099954,211.11820860513868,2026-06-25 05:44:30.807354,NaN,NaN,NaN,-34.786271,17.513322666666667
394.55,7.9009865369815495,34.58772479714594,35.913515536046795,211.1647821175146,2026-06-25 05:44:30.707380,NaN,NaN,NaN,-34.786271,17.513322666666667
394.818,7.898866927016421,34.58747657881138,35.91171578560646,211.18113555548751,2026-06-25 05:44:30.657393,NaN,NaN,NaN,-34.786271,17.513322666666667
395.078,7.895442864091375,34.58709701146634,35.908714190890336,211.21059268298734,2026-06-25 05:44:30.582413,NaN,NaN,NaN,-34.786271,17.513322666666667
395.5095,7.89034058676704,34.58657883455756,35.90407165365432,210.96333291129437,2026-06-25 05:44:30.482439,NaN,NaN,NaN,-34.786271,17.513322666666667
395.682,7.8827590418150155,34.58618114145014,35.89693639484513,211.0371664770515,2026-06-25 05:44:30.357471,NaN,NaN,NaN,-34.786271,17.513322666666667
395.795,7.8859916964688805,34.58591119396072,35.90000799082642,211.00288381880821,2026-06-25 05:44:30.407458,NaN,NaN,NaN,-34.786271,17.513322666666667
396.116,7.87548801454042,34.585637647576,35.8898844318058,210.79883113375863,2026-06-25 05:44:30.257497,NaN,NaN,NaN,-34.786271,17.513322666666667
396.195,7.879258005985716,34.585360519020746,35.893567452470315,211.06657989805186,2026-06-25 05:44:30.307484,NaN,NaN,NaN,-34.786271,17.513322666666667
396.43399999999997,7.8693233223578005,34.58493771502488,35.88372433038178,210.8642822081878,2026-06-25 05:44:30.182517,NaN,NaN,NaN,-34.786271,17.513322666666667
397.05400000000003,7.858041981167459,34.584215502255596,35.872126930255824,210.96488758684313,2026-06-25 05:44:30.057549,NaN,NaN,NaN,-34.786271,17.513322666666667
397.565,7.848585566992481,34.58362393247881,35.862212045914724,211.0584838688109,2026-06-25 05:44:29.957575,NaN,NaN,NaN,-34.786271,17.513322666666667
397.68600000000004,7.841574006470001,34.58317014326987,35.854913316208226,210.9683193521304,2026-06-25 05:44:29.882595,NaN,NaN,NaN,-34.786271,17.513322666666667
397.902,7.834881043136372,34.582709773708906,35.84811952996735,210.8707179405598,2026-06-25 05:44:29.807615,NaN,NaN,NaN,-34.786271,17.513322666666667
398.10699999999997,7.828804442315026,34.58224137416387,35.84220143313324,210.91576965490097,2026-06-25 05:44:29.732634,NaN,NaN,NaN,-34.786271,17.513322666666667
398.377,7.823281929528648,34.581766720903886,35.837007084863785,210.66773835643596,2026-06-25 05:44:29.657654,NaN,NaN,NaN,-34.786271,17.513322666666667
398.761,7.816830735048468,34.58144621836089,35.83120628980366,210.7194034687667,2026-06-25 05:44:29.557680,NaN,NaN,NaN,-34.786271,17.513322666666667
398.898,7.819945969074759,34.581122746801675,35.83397526261371,210.68939464056515,2026-06-25 05:44:29.607667,NaN,NaN,NaN,-34.786271,17.513322666666667
399.321,7.811158248465168,34.58046717413977,35.826240368777604,210.6228634108485,2026-06-25 05:44:29.457706,NaN,NaN,NaN,-34.786271,17.513322666666667
399.428,7.811104897694346,34.58046579695083,35.82620473654771,210.47366911851498,2026-06-25 05:44:29.457706,NaN,NaN,NaN,-34.786271,17.513322666666667
399.691,7.805809929160077,34.57980058671977,35.82151157812085,210.53266775727218,2026-06-25 05:44:29.357732,NaN,NaN,NaN,-34.786271,17.513322666666667
399.926,7.801978749476316,34.57929348470058,35.81806059953177,210.56563227802928,2026-06-25 05:44:29.282751,NaN,NaN,NaN,-34.786271,17.513322666666667
400.031,7.7981670479749505,34.578781437564444,35.81465357754398,210.5972932945251,2026-06-25 05:44:29.207771,NaN,NaN,NaN,-34.786271,17.513322666666667
400.239,7.795579135684235,34.57843691982405,35.81238209648239,210.61880227171795,2026-06-25 05:44:29.157784,NaN,NaN,NaN,-34.786271,17.513322666666667
400.69399999999996,7.791435389073926,34.57791568198691,35.80881230603458,210.35802589527782,2026-06-25 05:44:29.082803,NaN,NaN,NaN,-34.786271,17.513322666666667
400.8645,7.784998660235695,34.577213726569084,35.80332611539379,210.4199181503098,2026-06-25 05:44:28.982830,NaN,NaN,NaN,-34.786271,17.513322666666667
401.322,7.779092739945695,34.57668238906411,35.798272021107415,210.48008380992982,2026-06-25 05:44:28.907849,NaN,NaN,NaN,-34.786271,17.513322666666667
401.65700000000004,7.771710214159574,34.576146609992435,35.79179507059785,210.23379878288935,2026-06-25 05:44:28.832869,NaN,NaN,NaN,-34.786271,17.513322666666667
401.881,7.762944487297289,34.57560757933352,35.7838453315726,210.32729350341634,2026-06-25 05:44:28.757888,NaN,NaN,NaN,-34.786271,17.513322666666667
402.234,7.748214264794351,34.57488287768787,35.769704610561256,210.455749471794,2026-06-25 05:44:28.657914,NaN,NaN,NaN,-34.786271,17.513322666666667
402.483,7.740074319612269,34.57451894800783,35.76164502903616,210.39948983703627,2026-06-25 05:44:28.607927,NaN,NaN,NaN,-34.786271,17.513322666666667
402.676,7.722621940858861,34.57378819469371,35.74390872770072,210.4246865204069,2026-06-25 05:44:28.507953,NaN,NaN,NaN,-34.786271,17.513322666666667
402.889,7.709244523011043,34.57323707008409,35.72990809538598,210.38657442795426,2026-06-25 05:44:28.432973,NaN,NaN,NaN,-34.786271,17.513322666666667
403.02,7.6966445151677085,34.57268437603774,35.7166167154864,210.32702238313428,2026-06-25 05:44:28.357992,NaN,NaN,NaN,-34.786271,17.513322666666667
403.536,7.682361291675213,34.57194519682364,35.70161736403316,210.13445170565907,2026-06-25 05:44:28.258018,NaN,NaN,NaN,-34.786271,17.513322666666667
403.67449999999997,7.682769201846048,34.57194499112312,35.70207961160869,210.28054662725611,2026-06-25 05:44:28.258018,NaN,NaN,NaN,-34.786271,17.513322666666667
404.119,7.671282742022764,34.57120437142745,35.69024233194102,209.9241484385135,2026-06-25 05:44:28.158045,NaN,NaN,NaN,-34.786271,17.513322666666667
404.28549999999996,7.664924802651585,34.57064817353347,35.683955782247935,209.97356292969158,2026-06-25 05:44:28.083064,NaN,NaN,NaN,-34.786271,17.513322666666667
404.732,7.659663573383542,34.57009188500291,35.67897580171744,210.01365525770944,2026-06-25 05:44:28.008084,NaN,NaN,NaN,-34.786271,17.513322666666667
404.874,7.6566816539174205,34.5697211358022,35.67629745846065,210.03642840930948,2026-06-25 05:44:27.958097,NaN,NaN,NaN,-34.786271,17.513322666666667
405.056,7.653922747486111,34.56935059456724,35.67390391062439,210.06527489519368,2026-06-25 05:44:27.908110,NaN,NaN,NaN,-34.786271,17.513322666666667
405.242,7.6484897273734935,34.56861077757483,35.66931074749159,210.10063470869108,2026-06-25 05:44:27.808136,NaN,NaN,NaN,-34.786271,17.513322666666667
405.4765,7.648382761320264,34.56861052849998,35.66920084196842,210.10334667376458,2026-06-25 05:44:27.808136,NaN,NaN,NaN,-34.786271,17.513322666666667
405.675,7.642207181969791,34.56787245290499,35.66384009042944,210.1592592786461,2026-06-25 05:44:27.708162,NaN,NaN,NaN,-34.786271,17.513322666666667
405.9535,7.636246367133471,34.56732074583348,35.658290896191474,210.21804449704402,2026-06-25 05:44:27.633181,NaN,NaN,NaN,-34.786271,17.513322666666667
406.327,7.62914493434114,34.566770662513385,35.65133473131654,210.27641001762808,2026-06-25 05:44:27.558201,NaN,NaN,NaN,-34.786271,17.513322666666667
406.433,7.620647698467867,34.56622292049559,35.64255998438503,210.37614099464272,2026-06-25 05:44:27.483220,NaN,NaN,NaN,-34.786271,17.513322666666667
406.759,7.607969859409477,34.56549617672984,35.62898025161432,210.19622787970772,2026-06-25 05:44:27.383246,NaN,NaN,NaN,-34.786271,17.513322666666667
407.045,7.598043949861766,34.564954077965794,35.61810860616881,210.29597879423542,2026-06-25 05:44:27.308266,NaN,NaN,NaN,-34.786271,17.513322666666667
407.265,7.5915731121591445,34.56459439406957,35.61099002461585,210.34629894338158,2026-06-25 05:44:27.258279,NaN,NaN,NaN,-34.786271,17.513322666666667
407.392,7.585432616797663,34.56423607608921,35.60426161874375,210.68456672830797,2026-06-25 05:44:27.208292,NaN,NaN,NaN,-34.786271,17.513322666666667
407.776,7.579767468473172,34.56387918310575,35.59809334409688,210.43207602516196,2026-06-25 05:44:27.158305,NaN,NaN,NaN,-34.786271,17.513322666666667
407.794,7.574676364439753,34.56352377032344,35.592593182180615,210.47056442951518,2026-06-25 05:44:27.108318,NaN,NaN,NaN,-34.786271,17.513322666666667
408.029,7.570205320913789,34.56316988895677,35.587811429560645,210.4979851423699,2026-06-25 05:44:27.058331,NaN,NaN,NaN,-34.786271,17.513322666666667
408.297,7.563085522377779,34.56246773479532,35.58037527043283,210.25547005457338,2026-06-25 05:44:26.958357,NaN,NaN,NaN,-34.786271,17.513322666666667
408.45050000000003,7.563345499304072,34.56246690474876,35.58069538754571,210.4041271185051,2026-06-25 05:44:26.958357,NaN,NaN,NaN,-34.786271,17.513322666666667
408.85,7.556092997130005,34.561425828526616,35.57383599055148,210.31574372202377,2026-06-25 05:44:26.808396,NaN,NaN,NaN,-34.786271,17.513322666666667
409.0415,7.556232631370632,34.56142495379027,35.57403921941511,210.3185709757002,2026-06-25 05:44:26.808396,NaN,NaN,NaN,-34.786271,17.513322666666667
409.5466666666666,7.551511490657294,34.56039931986489,35.570800216772824,210.12368852822019,2026-06-25 05:44:26.658435,NaN,NaN,NaN,-34.786271,17.513322666666667
410.072,7.548364005156526,34.559723526859,35.568879716519575,210.08672872508635,2026-06-25 05:44:26.558461,NaN,NaN,NaN,-34.786271,17.513322666666667
410.283,7.54635188844112,34.55938863856751,35.56741050687402,210.11565767783085,2026-06-25 05:44:26.508474,NaN,NaN,NaN,-34.786271,17.513322666666667
410.462,7.54390697243733,34.559055553880356,35.56540307350943,210.1395908814606,2026-06-25 05:44:26.458488,NaN,NaN,NaN,-34.786271,17.513322666666667
410.613,7.539206184130027,34.55855951280461,35.561078452455604,210.0328423733614,2026-06-25 05:44:26.383507,NaN,NaN,NaN,-34.786271,17.513322666666667
410.894,7.5333991182196,34.55806702213482,35.55535215466786,209.94604681033326,2026-06-25 05:44:26.308527,NaN,NaN,NaN,-34.786271,17.513322666666667
411.131,7.528800220052215,34.55774102875321,35.55064419185226,209.99427187257126,2026-06-25 05:44:26.258540,NaN,NaN,NaN,-34.786271,17.513322666666667
411.28,7.520974937536076,34.55725545966221,35.542516682533844,210.06235175731507,2026-06-25 05:44:26.183559,NaN,NaN,NaN,-34.786271,17.513322666666667
411.68449999999996,7.500929033699325,34.556773228816375,35.52200772552105,210.10551469272934,2026-06-25 05:44:26.008605,NaN,NaN,NaN,-34.786271,17.513322666666667
411.792,7.5124905102620065,34.55613690026786,35.533697909652965,210.15817056665227,2026-06-25 05:44:26.108579,NaN,NaN,NaN,-34.786271,17.513322666666667
412.001,7.500819858538973,34.556136142192294,35.52182947688307,210.25640504673768,2026-06-25 05:44:26.008605,NaN,NaN,NaN,-34.786271,17.513322666666667
412.551,7.485245322039125,34.555192408413916,35.50694867868429,210.08129195644702,2026-06-25 05:44:25.858644,NaN,NaN,NaN,-34.786271,17.513322666666667
412.673,7.485508020251841,34.555191737658944,35.5072495622681,210.08287548045374,2026-06-25 05:44:25.858644,NaN,NaN,NaN,-34.786271,17.513322666666667
412.953,7.477308079678565,34.554568939356166,35.49990142167164,209.83776305968445,2026-06-25 05:44:25.758670,NaN,NaN,NaN,-34.786271,17.513322666666667
413.307,7.4686427582142505,34.55410516798955,35.49230296070147,209.90328745314622,2026-06-25 05:44:25.608709,NaN,NaN,NaN,-34.786271,17.513322666666667
413.5145,7.472646647329082,34.55364357758062,35.495838443724665,209.88509261185197,2026-06-25 05:44:25.683689,NaN,NaN,NaN,-34.786271,17.513322666666667
413.633,7.466223613675592,34.55333717031619,35.49010697249485,209.9256935967908,2026-06-25 05:44:25.558722,NaN,NaN,NaN,-34.786271,17.513322666666667
414.0815,7.4626103149617595,34.55287928224436,35.486727262122514,209.96127697155308,2026-06-25 05:44:25.483742,NaN,NaN,NaN,-34.786271,17.513322666666667
414.283,7.458729990380174,34.55242289129143,35.48301235213089,209.99244244423895,2026-06-25 05:44:25.408761,NaN,NaN,NaN,-34.786271,17.513322666666667
414.575,7.455811721063476,34.552119471923,35.480173858707545,210.02642074368924,2026-06-25 05:44:25.358774,NaN,NaN,NaN,-34.786271,17.513322666666667
414.682,7.452566434263187,34.551816561416835,35.47700096199909,210.0568488695836,2026-06-25 05:44:25.308787,NaN,NaN,NaN,-34.786271,17.513322666666667
414.88,7.448970242888394,34.551514058751984,35.473488444384536,210.09995367192423,2026-06-25 05:44:25.258800,NaN,NaN,NaN,-34.786271,17.513322666666667
415.081,7.445036786039771,34.551211860316805,35.46966607515197,210.13794464115787,2026-06-25 05:44:25.208813,NaN,NaN,NaN,-34.786271,17.513322666666667
415.2,7.440812474158797,34.55090986008831,35.46558414010079,210.1765629707249,2026-06-25 05:44:25.158826,NaN,NaN,NaN,-34.786271,17.513322666666667
415.5145,7.431737592918716,34.550306019217125,35.45677090813997,210.10598949204334,2026-06-25 05:44:25.058852,NaN,NaN,NaN,-34.786271,17.513322666666667
415.605,7.431772861640671,34.55030595298936,35.45684207700424,210.25483710535585,2026-06-25 05:44:25.058852,NaN,NaN,NaN,-34.786271,17.513322666666667
415.89,7.422444314787738,34.54970164688279,35.447520403055286,210.03697638514097,2026-06-25 05:44:24.958878,NaN,NaN,NaN,-34.786271,17.513322666666667
416.2935,7.415595441661802,34.549247401893055,35.440260957332455,210.1011472150974,2026-06-25 05:44:24.883898,NaN,NaN,NaN,-34.786271,17.513322666666667
416.545,7.409050607627334,34.54879208373875,35.43305128025203,210.15569791238147,2026-06-25 05:44:24.808917,NaN,NaN,NaN,-34.786271,17.513322666666667
416.724,7.403141714432163,34.548334981426066,35.42640908831343,209.90865075468747,2026-06-25 05:44:24.733937,NaN,NaN,NaN,-34.786271,17.513322666666667
416.865,7.397934213552236,34.547876095206476,35.42061334934559,209.95743029413126,2026-06-25 05:44:24.658957,NaN,NaN,NaN,-34.786271,17.513322666666667
417.406,7.3925290497776475,34.5472602808495,35.414888091940156,209.99930993193274,2026-06-25 05:44:24.558983,NaN,NaN,NaN,-34.786271,17.513322666666667
417.6546666666666,7.391479044145079,34.54705282810738,35.41393144539486,209.71514705024845,2026-06-25 05:44:24.525658,NaN,NaN,NaN,-34.786271,17.513322666666667
418.0675,7.38728641740917,34.5461692265939,35.41020457391822,209.73277135486808,2026-06-25 05:44:24.384028,NaN,NaN,NaN,-34.786271,17.513322666666667
418.33,7.386171277991041,34.54569578432918,35.40970224990983,209.74120446892772,2026-06-25 05:44:24.309048,NaN,NaN,NaN,-34.786271,17.513322666666667
418.573,7.385033809546543,34.545057562247685,35.40974904978249,209.46778874658136,2026-06-25 05:44:24.209074,NaN,NaN,NaN,-34.786271,17.513322666666667
418.725,7.384997910943612,34.54505650641491,35.409735882443655,209.61376313069727,2026-06-25 05:44:24.209074,NaN,NaN,NaN,-34.786271,17.513322666666667
418.959,7.383631785357736,34.54441089573296,35.40970824000012,209.4857152954514,2026-06-25 05:44:24.109100,NaN,NaN,NaN,-34.786271,17.513322666666667
419.093,7.382706992268194,34.54408412828761,35.4094296640206,209.50531254345876,2026-06-25 05:44:24.059113,NaN,NaN,NaN,-34.786271,17.513322666666667
419.273,7.3816027071323225,34.54375493381396,35.4089004877376,209.51271435254978,2026-06-25 05:44:24.009126,NaN,NaN,NaN,-34.786271,17.513322666666667
419.539,7.380319547948053,34.5434232127315,35.40808724808555,209.5251498563516,2026-06-25 05:44:23.959139,NaN,NaN,NaN,-34.786271,17.513322666666667
419.754,7.378869305393428,34.54308886860794,35.40697963721511,209.24949841196536,2026-06-25 05:44:23.909152,NaN,NaN,NaN,-34.786271,17.513322666666667
419.8695,7.376392844883675,34.54258187547569,35.40478829447799,209.27990478463605,2026-06-25 05:44:23.834172,NaN,NaN,NaN,-34.786271,17.513322666666667
420.174,7.373651200559992,34.54206918550023,35.40220020337078,209.60522865484927,2026-06-25 05:44:23.759191,NaN,NaN,NaN,-34.786271,17.513322666666667
420.647,7.3716715642261175,34.54172345548988,35.40031979119644,209.62969896459802,2026-06-25 05:44:23.709204,NaN,NaN,NaN,-34.786271,17.513322666666667
420.941,7.369584962539813,34.54137467506441,35.39838726859798,209.64626160480802,2026-06-25 05:44:23.659217,NaN,NaN,NaN,-34.786271,17.513322666666667
421.1115,7.366178900781179,34.540845223184235,35.395355636213495,209.37119706147416,2026-06-25 05:44:23.584237,NaN,NaN,NaN,-34.786271,17.513322666666667
421.3425,7.360829054843557,34.54012849046722,35.390591945736446,209.5576470600359,2026-06-25 05:44:23.484263,NaN,NaN,NaN,-34.786271,17.513322666666667
421.65200000000004,7.353812095997354,34.5393983972709,35.38390714005949,209.47763934980387,2026-06-25 05:44:23.384289,NaN,NaN,NaN,-34.786271,17.513322666666667
422.2503333333334,7.341834455367756,34.53846567565803,35.37161038264042,209.87757897535627,2026-06-25 05:44:23.259321,NaN,NaN,NaN,-34.786271,17.513322666666667
422.52750000000003,7.327243592865965,34.53751238643803,35.356425688973445,210.04945439303955,2026-06-25 05:44:23.134354,NaN,NaN,NaN,-34.786271,17.513322666666667
422.942,7.317987161757558,34.53692969269173,35.347059922328505,210.1305744949299,2026-06-25 05:44:23.059374,NaN,NaN,NaN,-34.786271,17.513322666666667
423.0485,7.309085349949079,34.536338006010226,35.33846661138676,209.90091415138025,2026-06-25 05:44:22.984393,NaN,NaN,NaN,-34.786271,17.513322666666667
423.394,7.30069235006051,34.53573912221914,35.330711221210976,209.9569538706809,2026-06-25 05:44:22.909413,NaN,NaN,NaN,-34.786271,17.513322666666667
423.611,7.290273804020495,34.53492747043734,35.32152681588522,210.0403958623304,2026-06-25 05:44:22.809439,NaN,NaN,NaN,-34.786271,17.513322666666667
423.889,7.290280882932695,34.53492569696655,35.32153837297351,210.04297401933846,2026-06-25 05:44:22.809439,NaN,NaN,NaN,-34.786271,17.513322666666667
424.2205,7.277137988160992,34.533892558305354,35.309885063011365,210.14935074986772,2026-06-25 05:44:22.684471,NaN,NaN,NaN,-34.786271,17.513322666666667
424.602,7.268467792003248,34.53326188108781,35.30173415698931,210.2139620203238,2026-06-25 05:44:22.609491,NaN,NaN,NaN,-34.786271,17.513322666666667
424.902,7.258579046175067,34.532622726074834,35.291820028389296,210.29892805171883,2026-06-25 05:44:22.534510,NaN,NaN,NaN,-34.786271,17.513322666666667
425.17,7.247578117545642,34.531976955783385,35.28040819575495,210.43642184082276,2026-06-25 05:44:22.459530,NaN,NaN,NaN,-34.786271,17.513322666666667
425.4575,7.235430114549166,34.53132316243216,35.26764521197396,210.5492101229538,2026-06-25 05:44:22.384549,NaN,NaN,NaN,-34.786271,17.513322666666667
425.73,7.222904363395469,34.53066317325287,35.25452192111398,210.66036424942024,2026-06-25 05:44:22.309569,NaN,NaN,NaN,-34.786271,17.513322666666667
425.906,7.214713059788357,34.530219187699714,35.245978378647905,210.43235451117584,2026-06-25 05:44:22.259582,NaN,NaN,NaN,-34.786271,17.513322666666667
426.03049999999996,7.203345738270372,34.52954749308772,35.23417493572258,210.5229654860316,2026-06-25 05:44:22.184602,NaN,NaN,NaN,-34.786271,17.513322666666667
426.552,7.187655108294674,34.52841541825693,35.218002642486226,210.63879377655755,2026-06-25 05:44:22.059634,NaN,NaN,NaN,-34.786271,17.513322666666667
426.666,7.188054738793856,34.52841418748415,35.21844396606457,210.63625036418188,2026-06-25 05:44:22.059634,NaN,NaN,NaN,-34.786271,17.513322666666667
426.79,7.178693760500415,34.52749832927705,35.20902868157858,210.69220072304532,2026-06-25 05:44:21.959660,NaN,NaN,NaN,-34.786271,17.513322666666667
427.28700000000003,7.173739564194564,34.52680438242466,35.20441857874245,210.72847083038894,2026-06-25 05:44:21.884680,NaN,NaN,NaN,-34.786271,17.513322666666667
427.508,7.169594567805786,34.526106389795586,35.200860183992575,210.7582603402086,2026-06-25 05:44:21.809699,NaN,NaN,NaN,-34.786271,17.513322666666667
427.613,7.16706442891487,34.52563859190062,35.1988170769546,210.77547348886011,2026-06-25 05:44:21.759712,NaN,NaN,NaN,-34.786271,17.513322666666667
427.925,7.1644836733235175,34.52516911951219,35.19671880480764,210.80167596455692,2026-06-25 05:44:21.709725,NaN,NaN,NaN,-34.786271,17.513322666666667
428.26000000000005,7.158449886398119,34.524225337734386,35.19135743181971,210.87656082045703,2026-06-25 05:44:21.609751,NaN,NaN,NaN,-34.786271,17.513322666666667
428.773,7.1511336937404035,34.523277491441384,35.18426537440004,211.23869262910156,2026-06-25 05:44:21.509777,NaN,NaN,NaN,-34.786271,17.513322666666667
428.9335,7.144442294632729,34.52256379054636,35.17739836188657,211.31265225055697,2026-06-25 05:44:21.434797,NaN,NaN,NaN,-34.786271,17.513322666666667
429.24199999999996,7.134506758727746,34.521610168912915,35.167303576908225,211.4074541219875,2026-06-25 05:44:21.334823,NaN,NaN,NaN,-34.786271,17.513322666666667
429.667,7.126583911266008,34.52089408065053,35.159568082493166,211.75929938142642,2026-06-25 05:44:21.259843,NaN,NaN,NaN,-34.786271,17.513322666666667
429.803,7.1211760957763275,34.520416573527214,35.15449181335817,211.51974333251178,2026-06-25 05:44:21.209856,NaN,NaN,NaN,-34.786271,17.513322666666667
430.071,7.110129771587543,34.51993920285643,35.1444925063346,211.60364800280894,2026-06-25 05:44:21.109882,NaN,NaN,NaN,-34.786271,17.513322666666667
430.201,7.115696778038229,34.51946214898692,35.14948530300431,211.56837914071858,2026-06-25 05:44:21.159869,NaN,NaN,NaN,-34.786271,17.513322666666667
430.4515,7.101517455442096,34.51874765715769,35.13677236061642,211.8220818786849,2026-06-25 05:44:21.034901,NaN,NaN,NaN,-34.786271,17.513322666666667
430.8695,7.089375673413658,34.51779773509955,35.125510271224194,212.08168444875355,2026-06-25 05:44:20.934927,NaN,NaN,NaN,-34.786271,17.513322666666667
431.067,7.0796670877784456,34.51708803701551,35.11604322093059,212.16585108257794,2026-06-25 05:44:20.859947,NaN,NaN,NaN,-34.786271,17.513322666666667
431.49,7.0728900388482305,34.51661673899216,35.10917584717812,212.24447211894847,2026-06-25 05:44:20.809960,NaN,NaN,NaN,-34.786271,17.513322666666667
431.66499999999996,7.062423506225834,34.51591309926745,35.098242397510155,212.32876077994572,2026-06-25 05:44:20.734979,NaN,NaN,NaN,-34.786271,17.513322666666667
431.911,7.048392484167659,34.51498134845582,35.08316476071738,212.4519701120273,2026-06-25 05:44:20.635005,NaN,NaN,NaN,-34.786271,17.513322666666667
432.481,7.031771563091435,34.513830055504464,35.0651309468327,212.59057678186176,2026-06-25 05:44:20.510038,NaN,NaN,NaN,-34.786271,17.513322666666667
432.674,7.019735771489565,34.51291964844204,35.052289410464795,212.6941265218946,2026-06-25 05:44:20.410064,NaN,NaN,NaN,-34.786271,17.513322666666667
433.165,7.009524560674528,34.51202405088899,35.04177498095213,212.47746929079466,2026-06-25 05:44:20.310090,NaN,NaN,NaN,-34.786271,17.513322666666667
433.2795,7.009759782258355,34.51202235374084,35.04204385101739,212.7720472847962,2026-06-25 05:44:20.310090,NaN,NaN,NaN,-34.786271,17.513322666666667
433.54,7.001171155908797,34.51113863303311,35.03338594672861,212.54349843543687,2026-06-25 05:44:20.210116,NaN,NaN,NaN,-34.786271,17.513322666666667
433.9,6.99462724883054,34.51027181534077,35.02680458554106,212.59028666761344,2026-06-25 05:44:20.110142,NaN,NaN,NaN,-34.786271,17.513322666666667
434.155,6.994482283346425,34.51026979766717,35.02666656345894,212.59341755690966,2026-06-25 05:44:20.110142,NaN,NaN,NaN,-34.786271,17.513322666666667
434.205,6.988943690354764,34.509417099454325,35.0210652548811,212.64264370860673,2026-06-25 05:44:20.010168,NaN,NaN,NaN,-34.786271,17.513322666666667
434.584,6.986402463991646,34.50899717466931,35.01855151240797,212.66950502485633,2026-06-25 05:44:19.960181,NaN,NaN,NaN,-34.786271,17.513322666666667
434.657,6.983907365270106,34.5085817224808,35.016164031106634,212.68980196434296,2026-06-25 05:44:19.910194,NaN,NaN,NaN,-34.786271,17.513322666666667
434.89,6.9801060195042695,34.507967827162076,35.01264848011388,212.7216990858928,2026-06-25 05:44:19.835214,NaN,NaN,NaN,-34.786271,17.513322666666667
435.2885,6.974681120596038,34.50716541013926,35.0075705785551,212.7685046342565,2026-06-25 05:44:19.735240,NaN,NaN,NaN,-34.786271,17.513322666666667
435.598,6.970172002519906,34.506576129455475,35.003096635065404,212.81314240240457,2026-06-25 05:44:19.660260,NaN,NaN,NaN,-34.786271,17.513322666666667
435.804,6.966870694099772,34.506190182795436,34.999626844399344,212.84547951043172,2026-06-25 05:44:19.610273,NaN,NaN,NaN,-34.786271,17.513322666666667
436.144,6.9614923465504175,34.50562192902649,34.99371116237337,212.74983738509968,2026-06-25 05:44:19.535292,NaN,NaN,NaN,-34.786271,17.513322666666667
436.525,6.953855641683795,34.50488249203303,34.98511257036313,212.97952035079533,2026-06-25 05:44:19.435318,NaN,NaN,NaN,-34.786271,17.513322666666667
436.768,6.948088336399833,34.504341898437886,34.978711634857774,212.7347007495359,2026-06-25 05:44:19.360338,NaN,NaN,NaN,-34.786271,17.513322666666667
437.131,6.94443160030696,34.503989105962766,34.97479641166305,212.76678250237308,2026-06-25 05:44:19.310351,NaN,NaN,NaN,-34.786271,17.513322666666667
437.27750000000003,6.939524383549507,34.50347150564444,34.96977575728279,212.79971533524093,2026-06-25 05:44:19.235370,NaN,NaN,NaN,-34.786271,17.513322666666667
437.422,6.935352776459635,34.502965621183016,34.96573303939832,212.842759747726,2026-06-25 05:44:19.160390,NaN,NaN,NaN,-34.786271,17.513322666666667
437.785,6.93311031170043,34.50263624558841,34.96370733043727,212.8610562938428,2026-06-25 05:44:19.110403,NaN,NaN,NaN,-34.786271,17.513322666666667
437.944,6.930548819024727,34.50215409786465,34.961578494160534,212.87575388910813,2026-06-25 05:44:19.035422,NaN,NaN,NaN,-34.786271,17.513322666666667
438.25,6.928698217924231,34.50168391790416,34.960188099552475,212.5850671993823,2026-06-25 05:44:18.960442,NaN,NaN,NaN,-34.786271,17.513322666666667
438.447,6.927050680079526,34.50137846239171,34.959144114682445,212.5988307468738,2026-06-25 05:44:18.860468,NaN,NaN,NaN,-34.786271,17.513322666666667
438.65,6.927812684014549,34.501079008021996,34.95960195183756,212.5974612127944,2026-06-25 05:44:18.910455,NaN,NaN,NaN,-34.786271,17.513322666666667
438.9,6.92525644302299,34.500501044355914,34.95811038324014,212.62340239173307,2026-06-25 05:44:18.760494,NaN,NaN,NaN,-34.786271,17.513322666666667
439.0665,6.924048526297359,34.50021950378628,34.95736786847239,212.48838662202053,2026-06-25 05:44:18.710507,NaN,NaN,NaN,-34.786271,17.513322666666667
439.557,6.920743674176727,34.49967122841706,34.95517274180359,212.37730609428857,2026-06-25 05:44:18.610533,NaN,NaN,NaN,-34.786271,17.513322666666667
440.0555,6.916701165599662,34.49927831304849,34.95209068135617,212.71729010208284,2026-06-25 05:44:18.535553,NaN,NaN,NaN,-34.786271,17.513322666666667
440.28499999999997,6.909297235131473,34.49877355505699,34.94576915843862,212.48238789555566,2026-06-25 05:44:18.435579,NaN,NaN,NaN,-34.786271,17.513322666666667
440.78,6.896765162944568,34.49840907243147,34.9337136719392,212.62073944711622,2026-06-25 05:44:18.310611,NaN,NaN,NaN,-34.786271,17.513322666666667
440.854,6.902215902374709,34.49817343593454,34.93913394457173,212.56430830570437,2026-06-25 05:44:18.360598,NaN,NaN,NaN,-34.786271,17.513322666666667
441.1513333333333,6.884792229433651,34.497719995838025,34.9211941788128,212.4499974231093,2026-06-25 05:44:18.210637,NaN,NaN,NaN,-34.786271,17.513322666666667
441.418,6.872714340540735,34.4972838611882,34.908248508325805,212.54907964023013,2026-06-25 05:44:18.110663,NaN,NaN,NaN,-34.786271,17.513322666666667
441.762,6.8671347031974,34.497074157761794,34.902252633084586,212.59359906788686,2026-06-25 05:44:18.060676,NaN,NaN,NaN,-34.786271,17.513322666666667
441.924,6.8620916651695785,34.496869284662914,34.8968707386312,212.62691373746725,2026-06-25 05:44:18.010690,NaN,NaN,NaN,-34.786271,17.513322666666667
442.228,6.855838848664208,34.49657129510106,34.890310230605465,212.37674578443924,2026-06-25 05:44:17.935709,NaN,NaN,NaN,-34.786271,17.513322666666667
442.414,6.850963049260535,34.496282265316594,34.88535183330262,212.4078474795675,2026-06-25 05:44:17.860729,NaN,NaN,NaN,-34.786271,17.513322666666667
442.633,6.848573007548609,34.49609529899074,34.88305372314152,212.1296368570072,2026-06-25 05:44:17.810742,NaN,NaN,NaN,-34.786271,17.513322666666667
442.9035,6.8460127735415295,34.49582294855065,34.88082848653558,212.1399271491338,2026-06-25 05:44:17.735761,NaN,NaN,NaN,-34.786271,17.513322666666667
443.218,6.844170210554415,34.4955582754251,34.87951287096406,212.15739330833404,2026-06-25 05:44:17.660781,NaN,NaN,NaN,-34.786271,17.513322666666667
443.535,6.8431953169584245,34.49538665242429,34.87902911078661,212.1722356243745,2026-06-25 05:44:17.610794,NaN,NaN,NaN,-34.786271,17.513322666666667
443.828,6.842247746337448,34.49521842127301,34.87868776896834,212.19013680460242,2026-06-25 05:44:17.560807,NaN,NaN,NaN,-34.786271,17.513322666666667
444.075,6.839903410605005,34.49489231459456,34.877899607985086,211.9130235802847,2026-06-25 05:44:17.460833,NaN,NaN,NaN,-34.786271,17.513322666666667
444.501,6.8366429918769205,34.49457557978082,34.876401942636086,211.9465193725082,2026-06-25 05:44:17.360859,NaN,NaN,NaN,-34.786271,17.513322666666667
444.89300000000003,6.832981357676893,34.49434539353416,34.87399410761847,211.98035812020007,2026-06-25 05:44:17.285878,NaN,NaN,NaN,-34.786271,17.513322666666667
445.071,6.828371469993156,34.49411938147864,34.870395217693,212.02363351634128,2026-06-25 05:44:17.210898,NaN,NaN,NaN,-34.786271,17.513322666666667
445.6065,6.8226231509286395,34.49389777463253,34.86523943009509,211.79785445269516,2026-06-25 05:44:17.135918,NaN,NaN,NaN,-34.786271,17.513322666666667
445.87,6.813837720540628,34.493606879479884,34.856679646635,211.88968202559988,2026-06-25 05:44:17.035944,NaN,NaN,NaN,-34.786271,17.513322666666667
446.3205,6.804560411851428,34.49331989603591,34.84716967165711,211.82971512442884,2026-06-25 05:44:16.935970,NaN,NaN,NaN,-34.786271,17.513322666666667
446.672,6.797869814627645,34.49310609723095,34.8402874688457,211.7287070477431,2026-06-25 05:44:16.860989,NaN,NaN,NaN,-34.786271,17.513322666666667
446.975,6.791815243343972,34.49289271757256,34.83426261062205,211.7767329735372,2026-06-25 05:44:16.786009,NaN,NaN,NaN,-34.786271,17.513322666666667
447.289,6.782895862990315,34.49253582816076,34.82603652725441,211.5443607019344,2026-06-25 05:44:16.661041,NaN,NaN,NaN,-34.786271,17.513322666666667
447.45533333333333,6.780741622738174,34.492439287885986,34.82431221983952,211.46721426604438,2026-06-25 05:44:16.627717,NaN,NaN,NaN,-34.786271,17.513322666666667
447.891,6.772949031145621,34.4921008051703,34.817943340278546,211.3354544532297,2026-06-25 05:44:16.511080,NaN,NaN,NaN,-34.786271,17.513322666666667
448.0825,6.767497791251181,34.491878449477625,34.81351365040652,211.37942977762816,2026-06-25 05:44:16.436100,NaN,NaN,NaN,-34.786271,17.513322666666667
448.441,6.761533427693178,34.49165241871032,34.80839122608717,211.4513773344526,2026-06-25 05:44:16.361119,NaN,NaN,NaN,-34.786271,17.513322666666667
448.8595,6.75253995456046,34.491341625818826,34.799946296013744,211.53196236876366,2026-06-25 05:44:16.261146,NaN,NaN,NaN,-34.786271,17.513322666666667
449.128,6.747856470694475,34.49118292208765,34.795386251096325,211.43258121275693,2026-06-25 05:44:16.211159,NaN,NaN,NaN,-34.786271,17.513322666666667
449.526,6.738340814443771,34.49085833406923,34.785904454385474,211.37007765842446,2026-06-25 05:44:16.111185,NaN,NaN,NaN,-34.786271,17.513322666666667
449.689,6.729347984042259,34.49051903974031,34.77694080465585,211.44998284912486,2026-06-25 05:44:16.011211,NaN,NaN,NaN,-34.786271,17.513322666666667
449.82,6.729504385407402,34.4905171644798,34.77713286632108,211.443636537006,2026-06-25 05:44:16.011211,NaN,NaN,NaN,-34.786271,17.513322666666667
450.014,6.721579939724113,34.49016474704218,34.76947022936437,211.49820368923767,2026-06-25 05:44:15.911237,NaN,NaN,NaN,-34.786271,17.513322666666667
450.344,6.718261440025288,34.489981452096316,34.766402215288466,211.23384431812167,2026-06-25 05:44:15.861250,NaN,NaN,NaN,-34.786271,17.513322666666667
450.6843333333333,6.712788692388076,34.48959996567996,34.76155262205365,211.2730425726467,2026-06-25 05:44:15.761276,NaN,NaN,NaN,-34.786271,17.513322666666667
451.01800000000003,6.7072881084936045,34.4890990734165,34.75681440048872,211.32211556638958,2026-06-25 05:44:15.636308,NaN,NaN,NaN,-34.786271,17.513322666666667
451.259,6.704520428816293,34.48878314679781,34.7544132584184,211.34171599626177,2026-06-25 05:44:15.561328,NaN,NaN,NaN,-34.786271,17.513322666666667
451.547,6.701126951149729,34.48856527753485,34.75142610042906,211.37831814963155,2026-06-25 05:44:15.461354,NaN,NaN,NaN,-34.786271,17.513322666666667
451.708,6.702801793758482,34.48834176116015,34.752903052937945,211.07470115940384,2026-06-25 05:44:15.511341,NaN,NaN,NaN,-34.786271,17.513322666666667
452.10699999999997,6.696598205213237,34.48771211394142,34.74737146181584,211.42618813882535,2026-06-25 05:44:15.328055,NaN,NaN,NaN,-34.786271,17.513322666666667
452.323,6.695097943879926,34.48750564053185,34.74598379805154,211.43696220471958,2026-06-25 05:44:15.286400,NaN,NaN,NaN,-34.786271,17.513322666666667
452.973,6.690464652175216,34.486873612160416,34.74164391571794,211.4870365324858,2026-06-25 05:44:15.161432,NaN,NaN,NaN,-34.786271,17.513322666666667
453.08,6.688408379250578,34.48660647917365,34.73965512834729,211.50868300171115,2026-06-25 05:44:15.111445,NaN,NaN,NaN,-34.786271,17.513322666666667
453.2555,6.685108716585359,34.48619226804069,34.73646033383679,211.53724643586193,2026-06-25 05:44:15.036465,NaN,NaN,NaN,-34.786271,17.513322666666667
453.7383333333333,6.679106157219067,34.485467297545824,34.73083165098718,211.60469361433724,2026-06-25 05:44:14.911497,NaN,NaN,NaN,-34.786271,17.513322666666667
454.191,6.673894401500831,34.48485904521674,34.72621210550816,211.65045522820648,2026-06-25 05:44:14.811523,NaN,NaN,NaN,-34.786271,17.513322666666667
454.477,6.671090886981085,34.48454293395633,34.72382132928155,211.67069553834244,2026-06-25 05:44:14.761536,NaN,NaN,NaN,-34.786271,17.513322666666667
454.657,6.6665346524852955,34.48405419419939,34.71997640610283,211.70898409279079,2026-06-25 05:44:14.686556,NaN,NaN,NaN,-34.786271,17.513322666666667
454.825,6.661462882335138,34.483550779899566,34.71567827339957,211.74970577393535,2026-06-25 05:44:14.611576,NaN,NaN,NaN,-34.786271,17.513322666666667
455.027,6.653303721396617,34.482852494926114,34.70851744480211,212.1318751863582,2026-06-25 05:44:14.511602,NaN,NaN,NaN,-34.786271,17.513322666666667
455.25649999999996,6.650402476654973,34.48266496163411,34.705716370068906,211.99760119817,2026-06-25 05:44:14.486608,NaN,NaN,NaN,-34.786271,17.513322666666667
455.396,6.6485052003975325,34.482492244571965,34.70412072296467,211.87800519784028,2026-06-25 05:44:14.461615,NaN,NaN,NaN,-34.786271,17.513322666666667
455.6755,6.634288668305844,34.4815583098622,34.69025216014842,212.01133919193455,2026-06-25 05:44:14.336647,NaN,NaN,NaN,-34.786271,17.513322666666667
456.03,6.624587848470983,34.48097729927583,34.68025105484227,212.407993642776,2026-06-25 05:44:14.261667,NaN,NaN,NaN,-34.786271,17.513322666666667
456.267,6.614308007959556,34.48037799991044,34.66929890553976,212.49406830452102,2026-06-25 05:44:14.186686,NaN,NaN,NaN,-34.786271,17.513322666666667
456.696,6.60063319984431,34.47955483390911,34.65458266480711,212.6213020206773,2026-06-25 05:44:14.086712,NaN,NaN,NaN,-34.786271,17.513322666666667
457.038,6.590839726900587,34.478919621203616,34.64420675403298,212.6855389167226,2026-06-25 05:44:14.011732,NaN,NaN,NaN,-34.786271,17.513322666666667
457.234,6.584710786804235,34.478486783649785,34.637891953598285,212.43601468181404,2026-06-25 05:44:13.961745,NaN,NaN,NaN,-34.786271,17.513322666666667
457.5005,6.573578539243252,34.47760047158949,34.62693798028231,212.5373062075281,2026-06-25 05:44:13.861771,NaN,NaN,NaN,-34.786271,17.513322666666667
457.6,6.573432550887185,34.477597118478286,34.62673052442747,212.54068761483137,2026-06-25 05:44:13.861771,NaN,NaN,NaN,-34.786271,17.513322666666667
457.821,6.5633170357195825,34.47668734317521,34.61719858782258,212.90353751978725,2026-06-25 05:44:13.761797,NaN,NaN,NaN,-34.786271,17.513322666666667
458.2185,6.556343493812874,34.475984687123415,34.61068729304993,212.97356215154505,2026-06-25 05:44:13.686817,NaN,NaN,NaN,-34.786271,17.513322666666667
458.492,6.549679159937819,34.47526950342814,34.604351025669736,213.0306085157119,2026-06-25 05:44:13.611836,NaN,NaN,NaN,-34.786271,17.513322666666667
458.745,6.54540293220663,34.47478460489092,34.60015603096033,213.0650721192777,2026-06-25 05:44:13.561849,NaN,NaN,NaN,-34.786271,17.513322666666667
459.0415,6.5373510122782,34.47379453100865,34.59196154362984,213.15541433874898,2026-06-25 05:44:13.461875,NaN,NaN,NaN,-34.786271,17.513322666666667
459.297,6.533565919166715,34.473292557610506,34.58805703848398,213.18753166470523,2026-06-25 05:44:13.411888,NaN,NaN,NaN,-34.786271,17.513322666666667
459.667,6.526567291832083,34.47227518605277,34.58081717753213,213.24247740431693,2026-06-25 05:44:13.311914,NaN,NaN,NaN,-34.786271,17.513322666666667
459.877,6.5235168260204315,34.47175757138045,34.57773700610576,213.26368884210558,2026-06-25 05:44:13.261927,NaN,NaN,NaN,-34.786271,17.513322666666667
460.089,6.516763798562748,34.47044249150118,34.57150425196422,213.32498222215975,2026-06-25 05:44:13.136960,NaN,NaN,NaN,-34.786271,17.513322666666667
460.3025,6.516722748066067,34.47043823012464,34.57134816913262,213.32549982683724,2026-06-25 05:44:13.136960,NaN,NaN,NaN,-34.786271,17.513322666666667
460.565,6.510171967728388,34.46910185558559,34.56586276604962,213.68526349692422,2026-06-25 05:44:13.011992,NaN,NaN,NaN,-34.786271,17.513322666666667
460.772,6.504276155718328,34.46855872152981,34.561048078000354,213.72059301553415,2026-06-25 05:44:12.912019,NaN,NaN,NaN,-34.786271,17.513322666666667
460.887,6.507344923629749,34.468012130559984,34.56357884323903,213.70729737490817,2026-06-25 05:44:12.962006,NaN,NaN,NaN,-34.786271,17.513322666666667
461.274,6.498973070308877,34.46718593871503,34.556467404564835,213.7915295086051,2026-06-25 05:44:12.837038,NaN,NaN,NaN,-34.786271,17.513322666666667
461.793,6.492785396688702,34.46635406466074,34.55090035828276,214.15380556706126,2026-06-25 05:44:12.762058,NaN,NaN,NaN,-34.786271,17.513322666666667
462.07466666666664,6.482565132063492,34.46523533021125,34.54141567128528,214.28632507963405,2026-06-25 05:44:12.662084,NaN,NaN,NaN,-34.786271,17.513322666666667
462.282,6.470751534269186,34.46411015581275,34.53046166919015,214.36436532012584,2026-06-25 05:44:12.562110,NaN,NaN,NaN,-34.786271,17.513322666666667
462.426,6.464094003164947,34.463545020759774,34.52433476779419,214.42036345600857,2026-06-25 05:44:12.512123,NaN,NaN,NaN,-34.786271,17.513322666666667
462.779,6.456982588281049,34.462978766977166,34.517773675498454,214.4771702025525,2026-06-25 05:44:12.462136,NaN,NaN,NaN,-34.786271,17.513322666666667
462.895,6.449383532210401,34.462411671684,34.51068038434222,214.83999375095263,2026-06-25 05:44:12.412149,NaN,NaN,NaN,-34.786271,17.513322666666667
463.22,6.441259421747827,34.46184401446267,34.502940479276766,214.9190641881171,2026-06-25 05:44:12.362162,NaN,NaN,NaN,-34.786271,17.513322666666667
463.4,6.4325929834676865,34.461276076937416,34.49447552783943,214.99948040378666,2026-06-25 05:44:12.312175,NaN,NaN,NaN,-34.786271,17.513322666666667
463.672,6.4136813098109995,34.46014068690608,34.475318153313395,215.1854849067657,2026-06-25 05:44:12.212201,NaN,NaN,NaN,-34.786271,17.513322666666667
464.041,6.388706312967461,34.458724676315974,34.449216052101065,215.55733759151957,2026-06-25 05:44:12.087234,NaN,NaN,NaN,-34.786271,17.513322666666667
464.212,6.373657452335018,34.457878510883155,34.43315865791437,215.52879297199382,2026-06-25 05:44:12.012253,NaN,NaN,NaN,-34.786271,17.513322666666667
464.771,6.354422447150103,34.45731659905041,34.41239863806097,215.69040151726742,2026-06-25 05:44:11.912279,NaN,NaN,NaN,-34.786271,17.513322666666667
464.822,6.363880177821682,34.456756693725794,34.42264316956044,215.61650097256538,2026-06-25 05:44:11.962266,NaN,NaN,NaN,-34.786271,17.513322666666667
465.119,6.336831455622624,34.45619907994838,34.39306713245981,215.8461917317654,2026-06-25 05:44:11.812305,NaN,NaN,NaN,-34.786271,17.513322666666667
465.38,6.345376356214574,34.455644041454185,34.402509542625346,215.78229347066772,2026-06-25 05:44:11.862292,NaN,NaN,NaN,-34.786271,17.513322666666667
465.699,6.312739134300433,34.45509186034346,34.3656268416393,215.56582058317056,2026-06-25 05:44:11.637351,NaN,NaN,NaN,-34.786271,17.513322666666667
465.827,6.328881045051461,34.45372813307715,34.38416785367824,215.9208064954454,2026-06-25 05:44:11.762318,NaN,NaN,NaN,-34.786271,17.513322666666667
466.179,6.300878980280598,34.45238353338152,34.35186570226145,215.5423462684859,2026-06-25 05:44:11.512383,NaN,NaN,NaN,-34.786271,17.513322666666667
466.389,6.29583025705764,34.45185428810722,34.34645487041891,215.55992575281695,2026-06-25 05:44:11.412409,NaN,NaN,NaN,-34.786271,17.513322666666667
466.451,6.297931912491019,34.45132980201812,34.348587649525065,215.55424155070003,2026-06-25 05:44:11.462396,NaN,NaN,NaN,-34.786271,17.513322666666667
467.02666666666664,6.293911421284645,34.45029797271599,34.34548815402574,215.57826215094508,2026-06-25 05:44:11.312435,NaN,NaN,NaN,-34.786271,17.513322666666667
467.458,6.2935687048906175,34.44928453311009,34.34688817471595,215.28531227117364,2026-06-25 05:44:11.212462,NaN,NaN,NaN,-34.786271,17.513322666666667
467.687,6.29400620515206,34.44830015879812,34.349446715263966,215.27976722378853,2026-06-25 05:44:11.112488,NaN,NaN,NaN,-34.786271,17.513322666666667
467.8325,6.293914696335938,34.44829692860723,34.34932391864662,215.58499752600775,2026-06-25 05:44:11.112488,NaN,NaN,NaN,-34.786271,17.513322666666667
468.177,6.293715004624431,34.44733515972141,34.351048520769695,215.59417311035344,2026-06-25 05:44:11.012514,NaN,NaN,NaN,-34.786271,17.513322666666667
468.513,6.291408034883481,34.44640462593912,34.350200459230194,215.6137707804074,2026-06-25 05:44:10.912540,NaN,NaN,NaN,-34.786271,17.513322666666667
468.615,6.291026437730252,34.44640097194241,34.34976003836619,215.62713082965843,2026-06-25 05:44:10.912540,NaN,NaN,NaN,-34.786271,17.513322666666667
468.822,6.284097170072242,34.445275490764445,34.344024432863144,215.6985672085565,2026-06-25 05:44:10.787572,NaN,NaN,NaN,-34.786271,17.513322666666667
469.46299999999997,6.2744649135591235,34.444409250897934,34.33471898379746,215.96217623840417,2026-06-25 05:44:10.687598,NaN,NaN,NaN,-34.786271,17.513322666666667
469.653,6.265351789738526,34.44377979274312,34.32556520764606,216.2204302747016,2026-06-25 05:44:10.612618,NaN,NaN,NaN,-34.786271,17.513322666666667
469.818,6.258562679498405,34.4433712666458,34.318679745179075,215.9942741224429,2026-06-25 05:44:10.562631,NaN,NaN,NaN,-34.786271,17.513322666666667
470.08,6.244362860743643,34.44258433923314,34.304431435758445,216.11115351501823,2026-06-25 05:44:10.462657,NaN,NaN,NaN,-34.786271,17.513322666666667
470.2645,6.244411815784236,34.44257993633831,34.30454888616487,216.261480198468,2026-06-25 05:44:10.462657,NaN,NaN,NaN,-34.786271,17.513322666666667
470.71500000000003,6.220789331328287,34.44129081422002,34.2817764880235,216.1326088985031,2026-06-25 05:44:10.287703,NaN,NaN,NaN,-34.786271,17.513322666666667
471.0575,6.220640862845677,34.44128159764426,34.28168936305042,215.98275634659404,2026-06-25 05:44:10.287703,NaN,NaN,NaN,-34.786271,17.513322666666667
471.27700000000004,6.201709291677631,34.44025742036089,34.263081683092935,216.13563216094823,2026-06-25 05:44:10.137742,NaN,NaN,NaN,-34.786271,17.513322666666667
471.64250000000004,6.18937461715013,34.43962192679495,34.24969168199698,216.27556688448675,2026-06-25 05:44:10.037768,NaN,NaN,NaN,-34.786271,17.513322666666667
472.087,6.170149299587045,34.43902493430015,34.22682720419532,216.1377017777125,2026-06-25 05:44:09.862813,NaN,NaN,NaN,-34.786271,17.513322666666667
472.2475,6.1777702430889825,34.438601489765006,34.23613969172436,216.07181108989658,2026-06-25 05:44:09.937794,NaN,NaN,NaN,-34.786271,17.513322666666667
472.423,6.165968428468428,34.43833223416292,34.22159694783,215.8728099148636,2026-06-25 05:44:09.812826,NaN,NaN,NaN,-34.786271,17.513322666666667
472.975,6.162635234227463,34.43807279471942,34.21739841847148,215.90572726706978,2026-06-25 05:44:09.762839,NaN,NaN,NaN,-34.786271,17.513322666666667
473.112,6.160256663472359,34.43782318970676,34.21441165937713,215.91935689536913,2026-06-25 05:44:09.712852,NaN,NaN,NaN,-34.786271,17.513322666666667
473.2115,6.158736570505088,34.437468471384044,34.21262408660273,215.46782728651627,2026-06-25 05:44:09.637872,NaN,NaN,NaN,-34.786271,17.513322666666667
473.749,6.160762174789803,34.43692808459491,34.21592482438432,215.2788740998697,2026-06-25 05:44:09.512905,NaN,NaN,NaN,-34.786271,17.513322666666667
473.878,6.161114963318755,34.43692318454407,34.21643913218879,215.12698380318577,2026-06-25 05:44:09.512905,NaN,NaN,NaN,-34.786271,17.513322666666667
474.25,6.165729238436452,34.43653204756551,34.223383729260014,214.61615959532213,2026-06-25 05:44:09.412931,NaN,NaN,NaN,-34.786271,17.513322666666667
474.446,6.170227435166684,34.436265455759504,34.23006335507137,214.5820664555249,2026-06-25 05:44:09.337950,NaN,NaN,NaN,-34.786271,17.513322666666667
474.658,6.1745515152624835,34.43601817216706,34.23643489742199,214.5559175021044,2026-06-25 05:44:09.262970,NaN,NaN,NaN,-34.786271,17.513322666666667
474.911,6.1770085716834755,34.43586608898205,34.2400417278607,214.55670383041385,2026-06-25 05:44:09.212983,NaN,NaN,NaN,-34.786271,17.513322666666667
475.1795,6.180205652649953,34.43559499037585,34.244819154249555,214.68781285309365,2026-06-25 05:44:09.113009,NaN,NaN,NaN,-34.786271,17.513322666666667
475.35,6.180469981820256,34.435590325013486,34.24517833041223,214.83223402197586,2026-06-25 05:44:09.113009,NaN,NaN,NaN,-34.786271,17.513322666666667
475.41,6.181840444475244,34.43535187686589,34.24748291227662,214.8332509396593,2026-06-25 05:44:09.013035,NaN,NaN,NaN,-34.786271,17.513322666666667
476.01,6.181530343478628,34.435198196484315,34.24756522548249,214.7001329817236,2026-06-25 05:44:08.938054,NaN,NaN,NaN,-34.786271,17.513322666666667
476.263,6.179770939638514,34.43502311894008,34.246170265367944,214.577886597618,2026-06-25 05:44:08.838080,NaN,NaN,NaN,-34.786271,17.513322666666667
476.7806666666667,6.175852661383813,34.43485506034293,34.24261242502752,214.60293439220922,2026-06-25 05:44:08.713113,NaN,NaN,NaN,-34.786271,17.513322666666667
476.981,6.171889035942645,34.434754382441376,34.23893731894201,214.65227993806832,2026-06-25 05:44:08.613139,NaN,NaN,NaN,-34.786271,17.513322666666667
477.159,6.169653762387957,34.43471769785241,34.23685262108362,214.37724922559127,2026-06-25 05:44:08.563152,NaN,NaN,NaN,-34.786271,17.513322666666667
477.657,6.1649827171812435,34.43467188731146,34.23238225780431,214.7176890063039,2026-06-25 05:44:08.463178,NaN,NaN,NaN,-34.786271,17.513322666666667
477.87,6.165002536243275,34.43466806598019,34.23237007417345,214.5704140830708,2026-06-25 05:44:08.463178,NaN,NaN,NaN,-34.786271,17.513322666666667
478.2145,6.15943727475104,34.43466806598019,34.22677892251751,214.47309048811928,2026-06-25 05:44:08.338211,NaN,NaN,NaN,-34.786271,17.513322666666667
478.431,6.156554671511454,34.43467188731146,34.22381354035047,214.5034282908828,2026-06-25 05:44:08.263230,NaN,NaN,NaN,-34.786271,17.513322666666667
478.821,6.154942654979581,34.43467469943104,34.22215657463536,214.50826387590487,2026-06-25 05:44:08.213243,NaN,NaN,NaN,-34.786271,17.513322666666667
479.17,6.153601843523681,34.43469702145224,34.22076899924252,214.52173785028648,2026-06-25 05:44:08.163256,NaN,NaN,NaN,-34.786271,17.513322666666667
479.318,6.152538612504132,34.434725907473364,34.21964692575278,214.53189343439627,2026-06-25 05:44:08.113269,NaN,NaN,NaN,-34.786271,17.513322666666667
479.43899999999996,6.151449241531757,34.43478187763621,34.21845196965326,214.3858702261736,2026-06-25 05:44:08.038289,NaN,NaN,NaN,-34.786271,17.513322666666667
479.591,6.150775451620945,34.4348499914233,34.21768981541283,214.53619237684018,2026-06-25 05:44:07.963308,NaN,NaN,NaN,-34.786271,17.513322666666667
480.0745,6.150322463812547,34.43490315800272,34.21731957829884,214.25005422460958,2026-06-25 05:44:07.838341,NaN,NaN,NaN,-34.786271,17.513322666666667
480.237,6.150528496198443,34.434993921808655,34.21742899567683,214.24525140963374,2026-06-25 05:44:07.913322,NaN,NaN,NaN,-34.786271,17.513322666666667
480.574,6.150191978500127,34.43509517097184,34.21740746044977,214.26387279201018,2026-06-25 05:44:07.763361,NaN,NaN,NaN,-34.786271,17.513322666666667
480.88800000000003,6.1500926571258105,34.435208720085264,34.21762730444639,214.40762852301944,2026-06-25 05:44:07.688380,NaN,NaN,NaN,-34.786271,17.513322666666667
481.067,6.149996353401604,34.43533145357943,34.21788976494275,214.26229191722447,2026-06-25 05:44:07.613400,NaN,NaN,NaN,-34.786271,17.513322666666667
481.334,6.149910804791342,34.43541902946562,34.21807432999736,214.26861292904894,2026-06-25 05:44:07.563413,NaN,NaN,NaN,-34.786271,17.513322666666667
481.413,6.149599427698605,34.43551064050347,34.21843271242245,214.2638576224073,2026-06-25 05:44:07.463439,NaN,NaN,NaN,-34.786271,17.513322666666667
481.621,6.149784342080591,34.43560606050631,34.2182569909066,214.26478788255,2026-06-25 05:44:07.513426,NaN,NaN,NaN,-34.786271,17.513322666666667
482.0745,6.149171227728181,34.4357562381596,34.218671988793204,214.28410121687483,2026-06-25 05:44:07.388458,NaN,NaN,NaN,-34.786271,17.513322666666667
482.4866666666667,6.148056063855814,34.436022138119704,34.21891988245634,214.29278252598658,2026-06-25 05:44:07.263491,NaN,NaN,NaN,-34.786271,17.513322666666667
482.772,6.146893650524218,34.43624571608424,34.21885398720916,214.3135702895467,2026-06-25 05:44:07.163517,NaN,NaN,NaN,-34.786271,17.513322666666667
483.24199999999996,6.145871532150604,34.43642014031559,34.21845992081348,214.32985066916427,2026-06-25 05:44:07.088537,NaN,NaN,NaN,-34.786271,17.513322666666667
483.534,6.144773967210521,34.43659823591901,34.2177901920742,214.33439777858254,2026-06-25 05:44:07.013556,NaN,NaN,NaN,-34.786271,17.513322666666667
483.888,6.143979311191362,34.43671902110161,34.21715854962242,214.34504384835955,2026-06-25 05:44:06.963569,NaN,NaN,NaN,-34.786271,17.513322666666667
484.0765,6.142592487111443,34.43690257316323,34.21592073056459,214.3535056559473,2026-06-25 05:44:06.888589,NaN,NaN,NaN,-34.786271,17.513322666666667
484.295,6.140880091967496,34.43708790954641,34.21435080379501,214.3742823661295,2026-06-25 05:44:06.813608,NaN,NaN,NaN,-34.786271,17.513322666666667
484.596,6.139432814601116,34.43721226369557,34.21304187706675,214.39114505053323,2026-06-25 05:44:06.763621,NaN,NaN,NaN,-34.786271,17.513322666666667
484.8475,6.135514091929364,34.43746156366687,34.209588922650724,214.13907350170211,2026-06-25 05:44:06.663647,NaN,NaN,NaN,-34.786271,17.513322666666667
485.29499999999996,6.13316469849147,34.437586006651685,34.20752136796992,214.3125470640655,2026-06-25 05:44:06.613660,NaN,NaN,NaN,-34.786271,17.513322666666667
485.616,6.127669441744217,34.437833895107524,34.20262090331657,214.20926610552374,2026-06-25 05:44:06.513686,NaN,NaN,NaN,-34.786271,17.513322666666667
485.8585,6.122512519260622,34.43801734560638,34.19774570729474,214.25091638339853,2026-06-25 05:44:06.438706,NaN,NaN,NaN,-34.786271,17.513322666666667
486.261,6.116660794807362,34.43819837929362,34.191944273638036,214.3149170254679,2026-06-25 05:44:06.363725,NaN,NaN,NaN,-34.786271,17.513322666666667
486.692,6.1076251369059635,34.43843299701894,34.1824443974951,214.2530188291264,2026-06-25 05:44:06.263751,NaN,NaN,NaN,-34.786271,17.513322666666667
486.8375,6.102910333732899,34.43854780537228,34.177373766906655,214.30378647595694,2026-06-25 05:44:06.213765,NaN,NaN,NaN,-34.786271,17.513322666666667
487.033,6.0933937490642895,34.438771864778865,34.16698151833244,214.24026331654895,2026-06-25 05:44:06.113791,NaN,NaN,NaN,-34.786271,17.513322666666667
487.42949999999996,6.086901541041973,34.438931808604764,34.15982230775603,213.99067939082266,2026-06-25 05:44:06.038810,NaN,NaN,NaN,-34.786271,17.513322666666667
487.927,6.081310753521213,34.43908578078604,34.15367748499691,214.03521685343185,2026-06-25 05:44:05.963830,NaN,NaN,NaN,-34.786271,17.513322666666667
488.32466666666664,6.076181902324579,34.43927765587902,34.14829509082772,214.00000047773923,2026-06-25 05:44:05.863856,NaN,NaN,NaN,-34.786271,17.513322666666667
488.5485,6.07293240967657,34.43949866287674,34.14544425077683,213.4967017964195,2026-06-25 05:44:05.738888,NaN,NaN,NaN,-34.786271,17.513322666666667
488.834,6.0727753664894415,34.43961891249554,34.14587035748247,213.1880125939989,2026-06-25 05:44:05.663908,NaN,NaN,NaN,-34.786271,17.513322666666667
489.108,6.073298560294905,34.43969313285197,34.14689781501981,213.18446325288832,2026-06-25 05:44:05.613921,NaN,NaN,NaN,-34.786271,17.513322666666667
489.3095,6.074657426761563,34.439794978996304,34.14917478061801,212.88002439447496,2026-06-25 05:44:05.538940,NaN,NaN,NaN,-34.786271,17.513322666666667
489.721,6.076804442549816,34.43991405648121,34.15279176215375,212.86277687749177,2026-06-25 05:44:05.438966,NaN,NaN,NaN,-34.786271,17.513322666666667
489.929,6.078272351574485,34.43999016658876,34.1555103584159,212.85736086673106,2026-06-25 05:44:05.363986,NaN,NaN,NaN,-34.786271,17.513322666666667
490.2375,6.079244358059444,34.440052340836786,34.1578458758984,212.85365725584742,2026-06-25 05:44:05.289006,NaN,NaN,NaN,-34.786271,17.513322666666667
490.451,6.079660751135389,34.4401028838763,34.1596898601934,212.85871269265226,2026-06-25 05:44:05.214025,NaN,NaN,NaN,-34.786271,17.513322666666667
490.861,6.079308474757951,34.44013831603159,34.16074929834208,212.87463523408903,2026-06-25 05:44:05.139045,NaN,NaN,NaN,-34.786271,17.513322666666667
491.219,6.078358246403165,34.44015468638079,34.16107779633119,212.88272574233585,2026-06-25 05:44:05.064064,NaN,NaN,NaN,-34.786271,17.513322666666667
491.424,6.076737047456841,34.44015468638079,34.16042119948179,212.75352859698975,2026-06-25 05:44:04.989084,NaN,NaN,NaN,-34.786271,17.513322666666667
491.6425,6.073799259885766,34.44015468638079,34.15819844965132,212.6258077112869,2026-06-25 05:44:04.889110,NaN,NaN,NaN,-34.786271,17.513322666666667
491.803,6.071107823000094,34.4401275775906,34.15555916824011,212.65275058600892,2026-06-25 05:44:04.814129,NaN,NaN,NaN,-34.786271,17.513322666666667
492.29100000000005,6.068115816967607,34.4400828669456,34.15216217450721,212.69292263390162,2026-06-25 05:44:04.739149,NaN,NaN,NaN,-34.786271,17.513322666666667
492.618,6.065114008552809,34.44002379479412,34.148502095993976,212.72820292976968,2026-06-25 05:44:04.664168,NaN,NaN,NaN,-34.786271,17.513322666666667
492.874,6.0632939560618615,34.4399747004643,34.146176580659116,212.7500552637299,2026-06-25 05:44:04.614181,NaN,NaN,NaN,-34.786271,17.513322666666667
493.163,6.060655962008749,34.43991822882019,34.142721562470776,212.46715303701484,2026-06-25 05:44:04.514208,NaN,NaN,NaN,-34.786271,17.513322666666667
493.237,6.061768350666572,34.43985431499594,34.144187350691226,212.46587157542032,2026-06-25 05:44:04.564194,NaN,NaN,NaN,-34.786271,17.513322666666667
493.459,6.060050058735479,34.43978290201338,34.14192605682479,212.47315022552735,2026-06-25 05:44:04.464221,NaN,NaN,NaN,-34.786271,17.513322666666667
493.69849999999997,6.0602761572057595,34.43966066594993,34.14228862270191,212.32185862299866,2026-06-25 05:44:04.389240,NaN,NaN,NaN,-34.786271,17.513322666666667
493.915,6.06164526981319,34.43952321967342,34.144261631296686,212.15097959613374,2026-06-25 05:44:04.314260,NaN,NaN,NaN,-34.786271,17.513322666666667
494.032,6.06324940492967,34.43942140299231,34.14657638807777,212.1339988299498,2026-06-25 05:44:04.264273,NaN,NaN,NaN,-34.786271,17.513322666666667
494.378,6.065261043721581,34.439311925420284,34.149505163053355,212.12404506543223,2026-06-25 05:44:04.214286,NaN,NaN,NaN,-34.786271,17.513322666666667
494.447,6.067555222858639,34.439194780086126,34.15288315061203,211.7985620812017,2026-06-25 05:44:04.164299,NaN,NaN,NaN,-34.786271,17.513322666666667
494.783,6.06999037356105,34.43906996884463,34.15651183032996,212.07737946918803,2026-06-25 05:44:04.114312,NaN,NaN,NaN,-34.786271,17.513322666666667
494.8985,6.0735419724339295,34.438867451249145,34.161923450730214,211.75660001363119,2026-06-25 05:44:04.039331,NaN,NaN,NaN,-34.786271,17.513322666666667
495.31600000000003,6.077341621515304,34.43857205099088,34.16807981118055,212.03134488322002,2026-06-25 05:44:03.939357,NaN,NaN,NaN,-34.786271,17.513322666666667
495.587,6.07896782879379,34.43833160850977,34.17124864485557,212.03135391221574,2026-06-25 05:44:03.864377,NaN,NaN,NaN,-34.786271,17.513322666666667
495.70050000000003,6.07886476878801,34.4380725003223,34.172371201954704,212.32459225673458,2026-06-25 05:44:03.789396,NaN,NaN,NaN,-34.786271,17.513322666666667
495.997,6.077101455678856,34.43779865806095,34.171554107546555,212.35025418490682,2026-06-25 05:44:03.714416,NaN,NaN,NaN,-34.786271,17.513322666666667
496.33,6.0747011751056,34.43760640499253,34.16958698602687,212.372431588609,2026-06-25 05:44:03.664429,NaN,NaN,NaN,-34.786271,17.513322666666667
496.472,6.06700360163296,34.43740699495124,34.162259654354095,212.74876222543259,2026-06-25 05:44:03.564455,NaN,NaN,NaN,-34.786271,17.513322666666667
496.687,6.071332101143719,34.437200527864796,34.16648774177787,212.41024695788138,2026-06-25 05:44:03.614442,NaN,NaN,NaN,-34.786271,17.513322666666667
496.9285,6.058784355997043,34.436876989024896,34.15392315031625,212.86521687124238,2026-06-25 05:44:03.489475,NaN,NaN,NaN,-34.786271,17.513322666666667
497.072,6.049218692066843,34.436539913518686,34.14411527156282,212.9507243851572,2026-06-25 05:44:03.414494,NaN,NaN,NaN,-34.786271,17.513322666666667
497.68100000000004,6.038753804410522,34.43618641345368,34.133460720218956,213.34140300287544,2026-06-25 05:44:03.339514,NaN,NaN,NaN,-34.786271,17.513322666666667
497.928,6.024737564003644,34.43569402849063,34.119487901736186,213.45912978796005,2026-06-25 05:44:03.239540,NaN,NaN,NaN,-34.786271,17.513322666666667
498.116,6.008413679852595,34.4350454519174,34.103769934801626,213.59674913589308,2026-06-25 05:44:03.114572,NaN,NaN,NaN,-34.786271,17.513322666666667
498.2235,6.0085796288996445,34.4350426505664,34.10397449169977,213.59176390775335,2026-06-25 05:44:03.114572,NaN,NaN,NaN,-34.786271,17.513322666666667
498.9285,5.994084183224956,34.4343604816942,34.090528659305434,213.99656337952308,2026-06-25 05:44:02.989605,NaN,NaN,NaN,-34.786271,17.513322666666667
499.181,5.986002408259187,34.433934960157295,34.08319869727858,214.07634570493067,2026-06-25 05:44:02.914624,NaN,NaN,NaN,-34.786271,17.513322666666667
499.386,5.98059348129183,34.43364478756444,34.07828871400064,214.11615339663888,2026-06-25 05:44:02.864638,NaN,NaN,NaN,-34.786271,17.513322666666667
499.409,5.975002113879497,34.43335000891038,34.07314919780873,214.45298648844565,2026-06-25 05:44:02.814651,NaN,NaN,NaN,-34.786271,17.513322666666667
499.847,5.965970788294657,34.4328991725517,34.06459985999766,214.24850964515176,2026-06-25 05:44:02.739670,NaN,NaN,NaN,-34.786271,17.513322666666667
500.2905,5.952481724000405,34.43228473092261,34.05129873886575,214.5205434369979,2026-06-25 05:44:02.639696,NaN,NaN,NaN,-34.786271,17.513322666666667
500.517,5.937203802362035,34.4316559137239,34.035545160698334,214.96830815691672,2026-06-25 05:44:02.539722,NaN,NaN,NaN,-34.786271,17.513322666666667
500.949,5.924901384175931,34.431176351590075,34.02256853903042,215.24711683713807,2026-06-25 05:44:02.464742,NaN,NaN,NaN,-34.786271,17.513322666666667
501.161,5.9165121665226055,34.43085288695492,34.01368863018943,215.31972990889193,2026-06-25 05:44:02.414755,NaN,NaN,NaN,-34.786271,17.513322666666667
501.319,5.904189591941858,34.430362790969056,34.00069962722818,215.42935465923622,2026-06-25 05:44:02.339774,NaN,NaN,NaN,-34.786271,17.513322666666667
501.88599999999997,5.885612728995383,34.42953588735472,33.981325690563146,215.34863749673474,2026-06-25 05:44:02.214807,NaN,NaN,NaN,-34.786271,17.513322666666667
502.341,5.86740665638957,34.42886804879594,33.962606787604976,215.41446632367445,2026-06-25 05:44:02.064846,NaN,NaN,NaN,-34.786271,17.513322666666667
502.46,5.872874808809199,34.42853222632636,33.96818391831502,215.37806298852502,2026-06-25 05:44:02.114833,NaN,NaN,NaN,-34.786271,17.513322666666667
502.85450000000003,5.860133798142385,34.42802707938911,33.95527012329602,215.47297739617315,2026-06-25 05:44:01.989866,NaN,NaN,NaN,-34.786271,17.513322666666667
503.07349999999997,5.851709150804299,34.42735242638825,33.946836077350184,215.70512480058022,2026-06-25 05:44:01.889892,NaN,NaN,NaN,-34.786271,17.513322666666667
503.279,5.846145715676997,34.42684650672659,33.94126356708967,215.89285300843068,2026-06-25 05:44:01.814911,NaN,NaN,NaN,-34.786271,17.513322666666667
503.666,5.84275153206549,34.42650974384857,33.937846586562905,215.92471192924012,2026-06-25 05:44:01.764924,NaN,NaN,NaN,-34.786271,17.513322666666667
503.921,5.839540756776596,34.42617366275726,33.93461594076495,215.96137566271202,2026-06-25 05:44:01.714937,NaN,NaN,NaN,-34.786271,17.513322666666667
504.0665,5.834982185856879,34.425671479601775,33.93009644115689,215.9987981413132,2026-06-25 05:44:01.639957,NaN,NaN,NaN,-34.786271,17.513322666666667
504.638,5.830591570756473,34.4251717968201,33.92583871396007,216.03597829213066,2026-06-25 05:44:01.564976,NaN,NaN,NaN,-34.786271,17.513322666666667
504.88166666666666,5.824884344739105,34.42451207209182,33.92040430703133,216.09708226669866,2026-06-25 05:44:01.465002,NaN,NaN,NaN,-34.786271,17.513322666666667
505.12,5.81634880566656,34.4238589939629,33.912117578589275,216.17412116386222,2026-06-25 05:44:01.315041,NaN,NaN,NaN,-34.786271,17.513322666666667
505.222,5.8191940959435815,34.42353627451397,33.91492729026917,216.1436500833832,2026-06-25 05:44:01.365028,NaN,NaN,NaN,-34.786271,17.513322666666667
505.438,5.8135143915144765,34.42321613095097,33.90928849644952,216.2064769713966,2026-06-25 05:44:01.265054,NaN,NaN,NaN,-34.786271,17.513322666666667
505.918,5.810706494643965,34.42289874297487,33.906480947485626,216.23629332631907,2026-06-25 05:44:01.215067,NaN,NaN,NaN,-34.786271,17.513322666666667
506.0795,5.806594673967914,34.42242859928567,33.90241113627117,216.2681178276471,2026-06-25 05:44:01.140087,NaN,NaN,NaN,-34.786271,17.513322666666667
506.377,5.802605399196573,34.42196479784993,33.89853421581535,216.30062992618355,2026-06-25 05:44:01.065107,NaN,NaN,NaN,-34.786271,17.513322666666667
506.93625000000003,5.796107804681457,34.4212120082246,33.89231236887017,216.35310209436633,2026-06-25 05:44:00.940139,NaN,NaN,NaN,-34.786271,17.513322666666667
507.489,5.789438859271275,34.42047786029818,33.88576650033251,216.4293366235993,2026-06-25 05:44:00.815172,NaN,NaN,NaN,-34.786271,17.513322666666667
507.717,5.785197049189575,34.420051218092894,33.88139226663147,216.4659453757586,2026-06-25 05:44:00.740191,NaN,NaN,NaN,-34.786271,17.513322666666667
507.937,5.780863333636338,34.419632877775044,33.8768215613119,216.51697529469715,2026-06-25 05:44:00.665211,NaN,NaN,NaN,-34.786271,17.513322666666667
508.2365,5.77653993576335,34.41922520939856,33.87224094196495,216.55467992501121,2026-06-25 05:44:00.590230,NaN,NaN,NaN,-34.786271,17.513322666666667
508.781,5.772343412110266,34.418826273906745,33.86784029363937,216.58357043790184,2026-06-25 05:44:00.515250,NaN,NaN,NaN,-34.786271,17.513322666666667
508.828,5.7696866426530065,34.41856622473473,33.865096070927386,216.6224642606378,2026-06-25 05:44:00.465263,NaN,NaN,NaN,-34.786271,17.513322666666667
509.04200000000003,5.76596244513366,34.418185126366815,33.86130918209882,216.34655549407842,2026-06-25 05:44:00.390282,NaN,NaN,NaN,-34.786271,17.513322666666667
509.4915,5.761458634122617,34.417692065491124,33.85673086531706,216.38146138242828,2026-06-25 05:44:00.290309,NaN,NaN,NaN,-34.786271,17.513322666666667
509.853,5.756526614664821,34.41710291858695,33.85150242068377,216.4318685011062,2026-06-25 05:44:00.165341,NaN,NaN,NaN,-34.786271,17.513322666666667
510.0095,5.756583100640784,34.41710066671105,33.85154913339517,216.4313409288342,2026-06-25 05:44:00.165341,NaN,NaN,NaN,-34.786271,17.513322666666667
510.327,5.753113154714579,34.416648271932054,33.84776369982024,216.4684556169481,2026-06-25 05:44:00.065367,NaN,NaN,NaN,-34.786271,17.513322666666667
510.717,5.750929024309222,34.4163211776324,33.84550018953913,216.1918498919536,2026-06-25 05:43:59.990387,NaN,NaN,NaN,-34.786271,17.513322666666667
511.0865,5.748551061679845,34.41589952810244,33.84333171944317,216.2098267395366,2026-06-25 05:43:59.890413,NaN,NaN,NaN,-34.786271,17.513322666666667
511.524,5.747167458809877,34.4155939010742,33.84233468970768,216.22149895614308,2026-06-25 05:43:59.815432,NaN,NaN,NaN,-34.786271,17.513322666666667
511.67499999999995,5.746068850970799,34.41529853617868,33.84187747532693,215.9409020117245,2026-06-25 05:43:59.740452,NaN,NaN,NaN,-34.786271,17.513322666666667
512.3625,5.744701628349828,34.41491784949176,33.84177417431371,215.94974110216666,2026-06-25 05:43:59.640478,NaN,NaN,NaN,-34.786271,17.513322666666667
512.556,5.743525700354288,34.41464178456369,33.841860150776185,215.96145690090898,2026-06-25 05:43:59.565497,NaN,NaN,NaN,-34.786271,17.513322666666667
512.64,5.742511940320717,34.41446254759556,33.84184510741423,215.67125435710386,2026-06-25 05:43:59.515510,NaN,NaN,NaN,-34.786271,17.513322666666667
512.883,5.740405308447263,34.41420051802466,33.84141737889975,215.55235191592092,2026-06-25 05:43:59.440530,NaN,NaN,NaN,-34.786271,17.513322666666667
513.2283333333334,5.734924216380872,34.413779648936774,33.838770417620914,215.4070939699435,2026-06-25 05:43:59.315563,NaN,NaN,NaN,-34.786271,17.513322666666667
513.777,5.724900419722037,34.413454592821374,33.831211266132044,215.25773406084448,2026-06-25 05:43:59.165602,NaN,NaN,NaN,-34.786271,17.513322666666667
513.809,5.7287395211753065,34.41329645756962,33.83444203782113,215.22143837641232,2026-06-25 05:43:59.215589,NaN,NaN,NaN,-34.786271,17.513322666666667
514.3054999999999,5.718471277211034,34.4130639490552,33.825304977407,215.32899374903388,2026-06-25 05:43:59.090621,NaN,NaN,NaN,-34.786271,17.513322666666667
514.6904999999999,5.70496186756834,34.41261373919704,33.81228134740106,215.16188066481908,2026-06-25 05:43:58.940660,NaN,NaN,NaN,-34.786271,17.513322666666667
514.8985,5.705210585321289,34.41261213899853,33.81255746658117,215.15564673526606,2026-06-25 05:43:58.940660,NaN,NaN,NaN,-34.786271,17.513322666666667
515.5166666666667,5.692002358649557,34.41210306520832,33.800106556087506,215.25565472675873,2026-06-25 05:43:58.765706,NaN,NaN,NaN,-34.786271,17.513322666666667
515.901,5.686566382929995,34.41181754081079,33.795279674206625,214.99839647355913,2026-06-25 05:43:58.665732,NaN,NaN,NaN,-34.786271,17.513322666666667
516.259,5.682538014998675,34.41153476083835,33.791787508436016,215.03302543126713,2026-06-25 05:43:58.565758,NaN,NaN,NaN,-34.786271,17.513322666666667
516.443,5.680733860961517,34.41139362994021,33.79021769867994,215.04932960494506,2026-06-25 05:43:58.515771,NaN,NaN,NaN,-34.786271,17.513322666666667
517.0195,5.6765795597622155,34.41104065930374,33.78664331039941,215.08680004784938,2026-06-25 05:43:58.390804,NaN,NaN,NaN,-34.786271,17.513322666666667
517.3095000000001,5.673258794262677,34.41075646441834,33.78405075216391,215.125940588293,2026-06-25 05:43:58.290830,NaN,NaN,NaN,-34.786271,17.513322666666667
517.721,5.668854359197833,34.41054144723796,33.781027633764545,215.176863883931,2026-06-25 05:43:58.165862,NaN,NaN,NaN,-34.786271,17.513322666666667
517.798,5.670645991173357,34.41039675636322,33.78221750533389,215.16177941149627,2026-06-25 05:43:58.215849,NaN,NaN,NaN,-34.786271,17.513322666666667
518.038,5.667058103089787,34.410250844192646,33.77982587589909,215.18939883840184,2026-06-25 05:43:58.115875,NaN,NaN,NaN,-34.786271,17.513322666666667
518.3340000000001,5.66440500706859,34.410029123548334,33.77789516976095,215.06359718855478,2026-06-25 05:43:58.040895,NaN,NaN,NaN,-34.786271,17.513322666666667
518.566,5.661797972263392,34.40980415379296,33.77572836478639,214.93344579294808,2026-06-25 05:43:57.965914,NaN,NaN,NaN,-34.786271,17.513322666666667
518.925,5.659198801847552,34.40957455272857,33.77316376511625,214.95556351239338,2026-06-25 05:43:57.890934,NaN,NaN,NaN,-34.786271,17.513322666666667
519.3025,5.653899045737456,34.40910138985788,33.767231153983815,215.167414147471,2026-06-25 05:43:57.740973,NaN,NaN,NaN,-34.786271,17.513322666666667
519.439,5.653877722014714,34.40909892612804,33.76721145137827,215.02289562478566,2026-06-25 05:43:57.740973,NaN,NaN,NaN,-34.786271,17.513322666666667
520.0813333333334,5.648046492430421,34.408520576382266,33.760657034115106,215.36869810195083,2026-06-25 05:43:57.566019,NaN,NaN,NaN,-34.786271,17.513322666666667
520.37,5.645227430692463,34.40817461791482,33.75784052428731,215.0925401384684,2026-06-25 05:43:57.466045,NaN,NaN,NaN,-34.786271,17.513322666666667
520.775,5.643997710803255,34.40799665879474,33.75680388991553,215.10986680655944,2026-06-25 05:43:57.416058,NaN,NaN,NaN,-34.786271,17.513322666666667
520.956,5.6428559056507055,34.40781558806744,33.7559668146392,215.1246079889236,2026-06-25 05:43:57.366071,NaN,NaN,NaN,-34.786271,17.513322666666667
521.11,5.641280084424024,34.40753758354294,33.755022222913986,215.29267470359676,2026-06-25 05:43:57.291090,NaN,NaN,NaN,-34.786271,17.513322666666667
521.235,5.6398100093345365,34.40725302917752,33.75428214119158,215.44948258679085,2026-06-25 05:43:57.216110,NaN,NaN,NaN,-34.786271,17.513322666666667
521.6265000000001,5.638401632025486,34.40696010286861,33.75362390593675,215.46079266108535,2026-06-25 05:43:57.141129,NaN,NaN,NaN,-34.786271,17.513322666666667
521.965,5.636938311118526,34.406660365780155,33.75287591554465,215.4788696306917,2026-06-25 05:43:57.066149,NaN,NaN,NaN,-34.786271,17.513322666666667
522.4929999999999,5.633869655559563,34.4061406931075,33.75072603727955,215.6824058443774,2026-06-25 05:43:56.941182,NaN,NaN,NaN,-34.786271,17.513322666666667
522.929,5.630058739943448,34.40560372246588,33.74747209249853,215.55943468084834,2026-06-25 05:43:56.816214,NaN,NaN,NaN,-34.786271,17.513322666666667
523.2516666666667,5.626363600626045,34.40515584356357,33.74390199884261,215.89410915804794,2026-06-25 05:43:56.716240,NaN,NaN,NaN,-34.786271,17.513322666666667
523.698,5.62064991384388,34.404696742920066,33.73832542921613,216.26124606531837,2026-06-25 05:43:56.566279,NaN,NaN,NaN,-34.786271,17.513322666666667
523.947,5.622529222265301,34.40446169486873,33.740142674854084,216.25092327775047,2026-06-25 05:43:56.616266,NaN,NaN,NaN,-34.786271,17.513322666666667
524.022,5.618838784713551,34.404223432751024,33.73661302775604,216.27075151610327,2026-06-25 05:43:56.516292,NaN,NaN,NaN,-34.786271,17.513322666666667
524.4784999999999,5.616241200920851,34.403859783320435,33.734278337458576,216.2941439973572,2026-06-25 05:43:56.441312,NaN,NaN,NaN,-34.786271,17.513322666666667
524.8199999999999,5.612717328082598,34.40336488619674,33.731418346543904,216.3336096766666,2026-06-25 05:43:56.341338,NaN,NaN,NaN,-34.786271,17.513322666666667
525.187,5.60973102484163,34.40298652453335,33.729228246691555,216.66246813822755,2026-06-25 05:43:56.266357,NaN,NaN,NaN,-34.786271,17.513322666666667
525.444,5.604604954914377,34.40247217747537,33.72559425854983,216.7199259178419,2026-06-25 05:43:56.166383,NaN,NaN,NaN,-34.786271,17.513322666666667
525.7345,5.604343489903185,34.40247093911378,33.72537708729386,216.86947233839834,2026-06-25 05:43:56.166383,NaN,NaN,NaN,-34.786271,17.513322666666667
525.801,5.597385597227865,34.401947929389415,33.72020780466039,217.0728960718743,2026-06-25 05:43:56.066410,NaN,NaN,NaN,-34.786271,17.513322666666667
526.3534999999999,5.586693518473412,34.40141379295341,33.71133967380382,217.34629670052803,2026-06-25 05:43:55.966436,NaN,NaN,NaN,-34.786271,17.513322666666667
526.5654999999999,5.580201856915627,34.40114427789054,33.70563540430939,217.40486121250208,2026-06-25 05:43:55.916449,NaN,NaN,NaN,-34.786271,17.513322666666667
526.9335,5.560200456001919,34.40046340887682,33.68691165701297,217.75647298544237,2026-06-25 05:43:55.791481,NaN,NaN,NaN,-34.786271,17.513322666666667
527.335,5.534746094568837,34.400050143143076,33.661026539437756,218.29193285007597,2026-06-25 05:43:55.666514,NaN,NaN,NaN,-34.786271,17.513322666666667
527.405,5.545467473461429,34.39977296321643,33.67217301160604,218.19543169007878,2026-06-25 05:43:55.716501,NaN,NaN,NaN,-34.786271,17.513322666666667
527.669,5.512230921349081,34.39949472902848,33.636754641783675,218.52167888609017,2026-06-25 05:43:55.566540,NaN,NaN,NaN,-34.786271,17.513322666666667
527.919,5.523587751417014,34.399215601606286,33.6491238794804,218.43062157335282,2026-06-25 05:43:55.616527,NaN,NaN,NaN,-34.786271,17.513322666666667
528.268,5.495486483321528,34.398795531845806,33.61819815113702,218.6733085433239,2026-06-25 05:43:55.491559,NaN,NaN,NaN,-34.786271,17.513322666666667
528.743,5.479713959522826,34.39837449509784,33.60068044826259,218.83265325851636,2026-06-25 05:43:55.416579,NaN,NaN,NaN,-34.786271,17.513322666666667
528.9110000000001,5.465960134366872,34.39795287074258,33.58584514888878,218.92186043295405,2026-06-25 05:43:55.341598,NaN,NaN,NaN,-34.786271,17.513322666666667
529.126,5.454185962283339,34.39753127374236,33.573745217563015,218.69006103090393,2026-06-25 05:43:55.266618,NaN,NaN,NaN,-34.786271,17.513322666666667
529.248,5.447647474237643,34.3972505026379,33.56744273277637,218.7360351380604,2026-06-25 05:43:55.216631,NaN,NaN,NaN,-34.786271,17.513322666666667
529.731,5.441944971761938,34.39697015668675,33.56220730431571,218.78122687492566,2026-06-25 05:43:55.166644,NaN,NaN,NaN,-34.786271,17.513322666666667
529.859,5.434581768397512,34.39655089253994,33.55572028052842,218.8317464384494,2026-06-25 05:43:55.091664,NaN,NaN,NaN,-34.786271,17.513322666666667
530.075,5.427902355125887,34.39613328128819,33.54982689208826,218.88671399466875,2026-06-25 05:43:55.016683,NaN,NaN,NaN,-34.786271,17.513322666666667
530.454,5.4192689461474695,34.395581083056385,33.54171174748541,219.29729750419276,2026-06-25 05:43:54.916709,NaN,NaN,NaN,-34.786271,17.513322666666667
530.6095,5.419221606065463,34.39558040281308,33.541581995180096,219.29906434739257,2026-06-25 05:43:54.916709,NaN,NaN,NaN,-34.786271,17.513322666666667
530.908,5.410316144531885,34.395032962351465,33.532638158926304,219.3916141226108,2026-06-25 05:43:54.816735,NaN,NaN,NaN,-34.786271,17.513322666666667
531.167,5.405749327459083,34.39476163941533,33.527847780515714,219.13475664882472,2026-06-25 05:43:54.766748,NaN,NaN,NaN,-34.786271,17.513322666666667
531.225,5.401188676472759,34.39449209677599,33.52302594455185,219.47484503790758,2026-06-25 05:43:54.716761,NaN,NaN,NaN,-34.786271,17.513322666666667
531.393,5.396675726260457,34.3942244648846,33.518259778745104,219.50382637145313,2026-06-25 05:43:54.666774,NaN,NaN,NaN,-34.786271,17.513322666666667
531.667,5.392229147909899,34.39395886891186,33.51359504295573,219.5335031082502,2026-06-25 05:43:54.616787,NaN,NaN,NaN,-34.786271,17.513322666666667
532.079,5.387842272781906,34.393695428448886,33.509037946058505,219.2877200220375,2026-06-25 05:43:54.566800,NaN,NaN,NaN,-34.786271,17.513322666666667
532.272,5.38349515141115,34.39343425722507,33.504566192009854,219.3267424354864,2026-06-25 05:43:54.516813,NaN,NaN,NaN,-34.786271,17.513322666666667
532.418,5.377032332458507,34.39304730468973,33.49793459778853,219.38180281317867,2026-06-25 05:43:54.441833,NaN,NaN,NaN,-34.786271,17.513322666666667
532.939,5.368572925523553,34.392539861398994,33.489063275901415,219.3004485408587,2026-06-25 05:43:54.341859,NaN,NaN,NaN,-34.786271,17.513322666666667
533.084,5.362433351124198,34.39216597816138,33.482384463335094,219.2049378804146,2026-06-25 05:43:54.266879,NaN,NaN,NaN,-34.786271,17.513322666666667
533.353,5.358524998061615,34.39192045150213,33.47802256074299,219.24240398360791,2026-06-25 05:43:54.216892,NaN,NaN,NaN,-34.786271,17.513322666666667
533.412,5.354838971399151,34.391677806261605,33.473872289190744,219.29803809597442,2026-06-25 05:43:54.166905,NaN,NaN,NaN,-34.786271,17.513322666666667
533.777,5.351472962663374,34.391438101391145,33.470080713909645,219.32295709561484,2026-06-25 05:43:54.116918,NaN,NaN,NaN,-34.786271,17.513322666666667
533.947,5.348541632691394,34.391201388318244,33.46678872816425,219.03910495743955,2026-06-25 05:43:54.066931,NaN,NaN,NaN,-34.786271,17.513322666666667
534.361,5.345277013131225,34.39085240804066,33.46313495147588,218.9084607612579,2026-06-25 05:43:53.991950,NaN,NaN,NaN,-34.786271,17.513322666666667
534.498,5.3431108969214085,34.39039740766459,33.46080466117452,218.61769589515512,2026-06-25 05:43:53.891976,NaN,NaN,NaN,-34.786271,17.513322666666667
535.0405000000001,5.343617735010628,34.38995491002553,33.46177066383021,218.45671745285182,2026-06-25 05:43:53.792002,NaN,NaN,NaN,-34.786271,17.513322666666667
535.378,5.345520092626307,34.38963088158146,33.46447905450116,218.13499444874577,2026-06-25 05:43:53.717022,NaN,NaN,NaN,-34.786271,17.513322666666667
535.485,5.347455215614631,34.389419036201026,33.46720292642832,217.81298254103248,2026-06-25 05:43:53.667035,NaN,NaN,NaN,-34.786271,17.513322666666667
535.775,5.352297585381999,34.3890046530993,33.47416454610979,217.76319417147226,2026-06-25 05:43:53.567061,NaN,NaN,NaN,-34.786271,17.513322666666667
535.9085,5.353626639240307,34.38890639175091,33.47626046321348,217.60492851488547,2026-06-25 05:43:53.542068,NaN,NaN,NaN,-34.786271,17.513322666666667
536.2915,5.35738289918214,34.388603967416884,33.48195158187591,217.4210041174147,2026-06-25 05:43:53.467087,NaN,NaN,NaN,-34.786271,17.513322666666667
536.7475,5.362532925881858,34.38811677392529,33.490580429999696,217.08564709920574,2026-06-25 05:43:53.342120,NaN,NaN,NaN,-34.786271,17.513322666666667
536.993,5.364124078902491,34.387833328674034,33.493973744865855,217.08732058918676,2026-06-25 05:43:53.267139,NaN,NaN,NaN,-34.786271,17.513322666666667
537.301,5.364320239468727,34.38764802233215,33.49511233460834,217.09660962017847,2026-06-25 05:43:53.217152,NaN,NaN,NaN,-34.786271,17.513322666666667
537.6355,5.3632379937107935,34.38737531987442,33.49502441288583,217.11283838106138,2026-06-25 05:43:53.142172,NaN,NaN,NaN,-34.786271,17.513322666666667
538.0873333333334,5.358213373799459,34.38693320803972,33.49082442949653,217.18837095829636,2026-06-25 05:43:53.017204,NaN,NaN,NaN,-34.786271,17.513322666666667
538.277,5.352038971884614,34.38658877811934,33.48484427111851,217.24815909368806,2026-06-25 05:43:52.917230,NaN,NaN,NaN,-34.786271,17.513322666666667
538.443,5.348336528209161,34.386420128313695,33.48111210686328,217.2831258987749,2026-06-25 05:43:52.867243,NaN,NaN,NaN,-34.786271,17.513322666666667
538.657,5.34445838215874,34.3862534575602,33.47716736552371,217.3124073022553,2026-06-25 05:43:52.817256,NaN,NaN,NaN,-34.786271,17.513322666666667
539.045,5.338609993555844,34.3860071293451,33.471244194970254,217.22221350491833,2026-06-25 05:43:52.742276,NaN,NaN,NaN,-34.786271,17.513322666666667
539.5055,5.331270081100287,34.385684241512564,33.46400277234052,217.13865133776233,2026-06-25 05:43:52.642302,NaN,NaN,NaN,-34.786271,17.513322666666667
539.9435000000001,5.324956142375339,34.385367175465305,33.45804238961078,216.8885188242745,2026-06-25 05:43:52.542328,NaN,NaN,NaN,-34.786271,17.513322666666667
540.252,5.320972220493936,34.385132478218374,33.454387189235675,216.90346195371777,2026-06-25 05:43:52.467348,NaN,NaN,NaN,-34.786271,17.513322666666667
540.498,5.318667532068137,34.384977418635145,33.45225986665275,216.9143595654401,2026-06-25 05:43:52.417361,NaN,NaN,NaN,-34.786271,17.513322666666667
540.697,5.31654966620197,34.38482325580672,33.45024504796634,216.94145501835183,2026-06-25 05:43:52.367374,NaN,NaN,NaN,-34.786271,17.513322666666667
540.966,5.314550233630191,34.384669863592535,33.44825745476884,216.66058441493783,2026-06-25 05:43:52.317387,NaN,NaN,NaN,-34.786271,17.513322666666667
541.046,5.312626759713737,34.38451711591257,33.44625192087544,216.67143106209082,2026-06-25 05:43:52.267400,NaN,NaN,NaN,-34.786271,17.513322666666667
541.3230000000001,5.309925867191659,34.38428896959661,33.443274816286234,216.71290012411828,2026-06-25 05:43:52.192419,NaN,NaN,NaN,-34.786271,17.513322666666667
541.512,5.3075881132153215,34.38406148709039,33.44058349604513,216.7446279628057,2026-06-25 05:43:52.117439,NaN,NaN,NaN,-34.786271,17.513322666666667
541.996,5.30648228625967,34.38391006941806,33.4392531190708,216.77278410181987,2026-06-25 05:43:52.067452,NaN,NaN,NaN,-34.786271,17.513322666666667
542.3489999999999,5.305992958826171,34.383682936278646,33.43859426262287,216.78254894748287,2026-06-25 05:43:51.992471,NaN,NaN,NaN,-34.786271,17.513322666666667
542.554,5.308894986033268,34.38345550133493,33.442339625617066,216.45522817693737,2026-06-25 05:43:51.867504,NaN,NaN,NaN,-34.786271,17.513322666666667
542.628,5.307040393132038,34.38330348483097,33.43986147389467,216.4656541150378,2026-06-25 05:43:51.917491,NaN,NaN,NaN,-34.786271,17.513322666666667
542.798,5.31158121986993,34.383151033480964,33.44618853161494,216.4302164072204,2026-06-25 05:43:51.817517,NaN,NaN,NaN,-34.786271,17.513322666666667
543.15,5.3187015115181095,34.382844396215575,33.45757137051325,216.32736819025249,2026-06-25 05:43:51.717543,NaN,NaN,NaN,-34.786271,17.513322666666667
543.3525,5.318699650875285,34.38284402136851,33.45785424024737,216.33635797898762,2026-06-25 05:43:51.717543,NaN,NaN,NaN,-34.786271,17.513322666666667
543.543,5.325684313785264,34.382534763933876,33.47099251129811,216.2186628812447,2026-06-25 05:43:51.617569,NaN,NaN,NaN,-34.786271,17.513322666666667
543.961,5.32793850300759,34.382299976988435,33.47837963707938,216.34236188148216,2026-06-25 05:43:51.542589,NaN,NaN,NaN,-34.786271,17.513322666666667
544.028,5.326143109787553,34.38206304319071,33.48088366157162,216.55013405700126,2026-06-25 05:43:51.467608,NaN,NaN,NaN,-34.786271,17.513322666666667
544.203,5.321534158716493,34.38190351845132,33.47814870766777,216.93638275032447,2026-06-25 05:43:51.417621,NaN,NaN,NaN,-34.786271,17.513322666666667
544.615,5.314169720739657,34.381742720696785,33.47181166949372,217.34687857483826,2026-06-25 05:43:51.367634,NaN,NaN,NaN,-34.786271,17.513322666666667
544.8665000000001,5.298124087128903,34.38149880192732,33.45595524969715,218.19805814910762,2026-06-25 05:43:51.292654,NaN,NaN,NaN,-34.786271,17.513322666666667
545.3305,5.263160798024426,34.3810854445476,33.41951204087921,218.81165142386374,2026-06-25 05:43:51.167686,NaN,NaN,NaN,-34.786271,17.513322666666667
545.402,5.263389404646936,34.38108465415584,33.419814202716076,218.788049838062,2026-06-25 05:43:51.167686,NaN,NaN,NaN,-34.786271,17.513322666666667
545.602,5.232807271470223,34.38074754571034,33.38733840917297,219.07348475165287,2026-06-25 05:43:51.067713,NaN,NaN,NaN,-34.786271,17.513322666666667
545.937,5.217903983675129,34.38057611405453,33.37140122516096,219.1935149709305,2026-06-25 05:43:51.017726,NaN,NaN,NaN,-34.786271,17.513322666666667
546.339,5.203675501851218,34.38040297753187,33.35613077597372,218.99925559687918,2026-06-25 05:43:50.967739,NaN,NaN,NaN,-34.786271,17.513322666666667
546.535,5.184144282267836,34.380139787631705,33.33508476628732,219.4538371578514,2026-06-25 05:43:50.892758,NaN,NaN,NaN,-34.786271,17.513322666666667
546.737,5.166636610805716,34.37987305236698,33.31613701301138,219.59368696892057,2026-06-25 05:43:50.817778,NaN,NaN,NaN,-34.786271,17.513322666666667
546.844,5.156341658908235,34.379692835087916,33.304934628339446,219.36511267962217,2026-06-25 05:43:50.767791,NaN,NaN,NaN,-34.786271,17.513322666666667
547.221,5.147060109126195,34.379510807204305,33.29481764946642,219.4672846851306,2026-06-25 05:43:50.717804,NaN,NaN,NaN,-34.786271,17.513322666666667
547.4905,5.135122621533725,34.37923413043717,33.281893333281275,219.56280887352085,2026-06-25 05:43:50.642823,NaN,NaN,NaN,-34.786271,17.513322666666667
547.717,5.125151812766405,34.37895381904924,33.27125381115514,219.32504622240253,2026-06-25 05:43:50.567843,NaN,NaN,NaN,-34.786271,17.513322666666667
547.95,5.1153429701975215,34.3787645310536,33.261099996197466,219.41431508368152,2026-06-25 05:43:50.467869,NaN,NaN,NaN,-34.786271,17.513322666666667
548.004,5.119791273607619,34.37857344641556,33.265649346859746,219.38483173375676,2026-06-25 05:43:50.517856,NaN,NaN,NaN,-34.786271,17.513322666666667
548.366,5.108896916375493,34.37818595570329,33.25479546179748,219.4492315561423,2026-06-25 05:43:50.367895,NaN,NaN,NaN,-34.786271,17.513322666666667
548.446,5.109225477564742,34.37818508767256,33.255144137877195,219.4500867349057,2026-06-25 05:43:50.367895,NaN,NaN,NaN,-34.786271,17.513322666666667
548.817,5.105061383223105,34.37779152463528,33.25126318463972,219.18030626441978,2026-06-25 05:43:50.267921,NaN,NaN,NaN,-34.786271,17.513322666666667
549.028,5.103821805334197,34.37759177913788,33.2501217342169,219.1891075137437,2026-06-25 05:43:50.217934,NaN,NaN,NaN,-34.786271,17.513322666666667
549.225,5.102880907911459,34.37739039315563,33.24920325947303,219.19622102142833,2026-06-25 05:43:50.167947,NaN,NaN,NaN,-34.786271,17.513322666666667
549.473,5.101838647317448,34.37708513239025,33.24804806901355,219.20629402241244,2026-06-25 05:43:50.092967,NaN,NaN,NaN,-34.786271,17.513322666666667
549.844,5.100990733404409,34.37677679889774,33.24701594694958,219.22725103763062,2026-06-25 05:43:50.017986,NaN,NaN,NaN,-34.786271,17.513322666666667
550.024,5.100481623273603,34.37656927373112,33.24640797633311,219.23552556178674,2026-06-25 05:43:49.967999,NaN,NaN,NaN,-34.786271,17.513322666666667
550.307,5.0999965476832125,34.376360335133974,33.24588410282627,219.2446827608036,2026-06-25 05:43:49.918012,NaN,NaN,NaN,-34.786271,17.513322666666667
550.539,5.09934212179741,34.3760442375602,33.245308005337755,219.24903564582573,2026-06-25 05:43:49.843032,NaN,NaN,NaN,-34.786271,17.513322666666667
550.791,5.0987951051456495,34.375725595353195,33.24494593283195,219.2601563710083,2026-06-25 05:43:49.768051,NaN,NaN,NaN,-34.786271,17.513322666666667
551.1345,5.098410524487308,34.37540400278495,33.24480414412201,219.26241947165315,2026-06-25 05:43:49.693071,NaN,NaN,NaN,-34.786271,17.513322666666667
551.6986666666667,5.098076439881485,34.37486276934567,33.244861040002796,219.189668950129,2026-06-25 05:43:49.568103,NaN,NaN,NaN,-34.786271,17.513322666666667
551.998,5.097976702836653,34.374426070189116,33.245083634731664,219.27454310185186,2026-06-25 05:43:49.468129,NaN,NaN,NaN,-34.786271,17.513322666666667
552.296,5.0979557706934155,34.374206384247515,33.245248997218305,218.97717104255986,2026-06-25 05:43:49.418142,NaN,NaN,NaN,-34.786271,17.513322666666667
552.545,5.097939515241371,34.37398600882557,33.2454302172088,219.28072267032738,2026-06-25 05:43:49.368156,NaN,NaN,NaN,-34.786271,17.513322666666667
552.733,5.097925008918083,34.373654260125846,33.24569873399929,219.2849029424553,2026-06-25 05:43:49.293175,NaN,NaN,NaN,-34.786271,17.513322666666667
552.984,5.097920254820404,34.37332152345889,33.245940524098714,219.28252015292207,2026-06-25 05:43:49.218195,NaN,NaN,NaN,-34.786271,17.513322666666667
553.345,5.09790074372843,34.372876535266826,33.2462348478976,219.28679936642965,2026-06-25 05:43:49.118221,NaN,NaN,NaN,-34.786271,17.513322666666667
553.4365,5.09789128233942,34.37287643161537,33.24624229388242,219.29308869935628,2026-06-25 05:43:49.118221,NaN,NaN,NaN,-34.786271,17.513322666666667
553.647,5.097812915251375,34.372430718886,33.24658316399901,219.30155324286414,2026-06-25 05:43:49.018247,NaN,NaN,NaN,-34.786271,17.513322666666667
554.035,5.097749066645753,34.37220771169085,33.246790598709104,219.60363038268736,2026-06-25 05:43:48.968260,NaN,NaN,NaN,-34.786271,17.513322666666667
554.2425000000001,5.097657421040287,34.3718733417819,33.247139365024005,219.30008348346,2026-06-25 05:43:48.893279,NaN,NaN,NaN,-34.786271,17.513322666666667
554.483,5.097574033092555,34.371539331129576,33.24751531396909,219.31583262176207,2026-06-25 05:43:48.818299,NaN,NaN,NaN,-34.786271,17.513322666666667
554.767,5.097485665675286,34.37109540319654,33.24802870526459,219.309022910995,2026-06-25 05:43:48.718325,NaN,NaN,NaN,-34.786271,17.513322666666667
554.8805,5.09749460889136,34.3710951577842,33.24802201993721,219.31364948653788,2026-06-25 05:43:48.718325,NaN,NaN,NaN,-34.786271,17.513322666666667
555.4670000000001,5.097450884940731,34.37054287696134,33.248590143188956,219.3132843730548,2026-06-25 05:43:48.593357,NaN,NaN,NaN,-34.786271,17.513322666666667
555.984,5.097348767033267,34.37021342582833,33.249030475987134,219.64198507381548,2026-06-25 05:43:48.468390,NaN,NaN,NaN,-34.786271,17.513322666666667
555.993,5.097413233302181,34.3699949001063,33.24886744568777,219.31229063695883,2026-06-25 05:43:48.518377,NaN,NaN,NaN,-34.786271,17.513322666666667
556.316,5.097248386772067,34.369777320182486,33.24918525753189,219.64639599679256,2026-06-25 05:43:48.418403,NaN,NaN,NaN,-34.786271,17.513322666666667
556.519,5.097127731617731,34.369560777957275,33.24933831084771,219.64932840420764,2026-06-25 05:43:48.368416,NaN,NaN,NaN,-34.786271,17.513322666666667
556.6816666666666,5.096928841145748,34.36913161302767,33.2496548489921,219.63889364580484,2026-06-25 05:43:48.268442,NaN,NaN,NaN,-34.786271,17.513322666666667
557.187,5.096756545231226,34.36870682859823,33.24997155784331,219.65191021630085,2026-06-25 05:43:48.168468,NaN,NaN,NaN,-34.786271,17.513322666666667
557.5245,5.096468099330418,34.36839266649724,33.2501712076847,219.66431754443263,2026-06-25 05:43:48.093488,NaN,NaN,NaN,-34.786271,17.513322666666667
557.78,5.0959144168823824,34.36808177699181,33.2502945447093,219.97904717789623,2026-06-25 05:43:48.018507,NaN,NaN,NaN,-34.786271,17.513322666666667
557.8679999999999,5.094840642715429,34.367775321316806,33.250180422984926,219.99490887680176,2026-06-25 05:43:47.943527,NaN,NaN,NaN,-34.786271,17.513322666666667
558.367,5.093153884281876,34.36747268560174,33.249686478370705,220.01441591682703,2026-06-25 05:43:47.868546,NaN,NaN,NaN,-34.786271,17.513322666666667
558.531,5.091476264598255,34.36727362558268,33.24895489508165,220.03223249998308,2026-06-25 05:43:47.818559,NaN,NaN,NaN,-34.786271,17.513322666666667
558.9465,5.084513291596558,34.36707670037773,33.24466209505444,220.0980184575527,2026-06-25 05:43:47.693592,NaN,NaN,NaN,-34.786271,17.513322666666667
559.034,5.089251142652291,34.36678580363849,33.24776978447793,220.05665719401892,2026-06-25 05:43:47.768572,NaN,NaN,NaN,-34.786271,17.513322666666667
559.258,5.078073438827138,34.36649961688526,33.239724296330486,220.153477577243,2026-06-25 05:43:47.618612,NaN,NaN,NaN,-34.786271,17.513322666666667
559.488,5.072477095123954,34.366312109739795,33.23487422727659,220.20317010011405,2026-06-25 05:43:47.568625,NaN,NaN,NaN,-34.786271,17.513322666666667
559.603,5.065829602902231,34.36612717202188,33.22864863219964,220.26440798277818,2026-06-25 05:43:47.518638,NaN,NaN,NaN,-34.786271,17.513322666666667
560.177,5.058142722628067,34.36594488741876,33.220968219643176,220.6777626944095,2026-06-25 05:43:47.468651,NaN,NaN,NaN,-34.786271,17.513322666666667
560.4715,5.044840474728534,34.3656769719186,33.20673767606057,220.81902918064586,2026-06-25 05:43:47.393670,NaN,NaN,NaN,-34.786271,17.513322666666667
560.688,5.030394740486188,34.365414768557635,33.19055911246864,220.9836052123574,2026-06-25 05:43:47.318690,NaN,NaN,NaN,-34.786271,17.513322666666667
560.939,5.02059880235902,34.365243905002714,33.179367051842036,221.10611189198713,2026-06-25 05:43:47.268703,NaN,NaN,NaN,-34.786271,17.513322666666667
561.113,5.0111947435240225,34.36507609077888,33.168671713562375,221.17190520503533,2026-06-25 05:43:47.218716,NaN,NaN,NaN,-34.786271,17.513322666666667
561.2365,4.998818263482018,34.364830652055346,33.154850161158315,221.09222388966415,2026-06-25 05:43:47.143735,NaN,NaN,NaN,-34.786271,17.513322666666667
561.548,4.988804529118209,34.36459167369255,33.14387389732524,220.69514350476712,2026-06-25 05:43:47.068755,NaN,NaN,NaN,-34.786271,17.513322666666667
561.903,4.983850165564371,34.36443677578218,33.138528719128416,220.72128190156346,2026-06-25 05:43:47.018768,NaN,NaN,NaN,-34.786271,17.513322666666667
562.1044999999999,4.978793159330959,34.36421125587532,33.13316178016773,220.59158714477292,2026-06-25 05:43:46.943787,NaN,NaN,NaN,-34.786271,17.513322666666667
562.2865,4.975187835265748,34.36392224649492,33.129547814392964,220.7713050562452,2026-06-25 05:43:46.843814,NaN,NaN,NaN,-34.786271,17.513322666666667
562.687,4.97409777698047,34.36364765521401,33.12890438028059,220.63355148749582,2026-06-25 05:43:46.743840,NaN,NaN,NaN,-34.786271,17.513322666666667
563.128,4.974223481190388,34.36345095151658,33.12957358908133,220.47891967839806,2026-06-25 05:43:46.668859,NaN,NaN,NaN,-34.786271,17.513322666666667
563.425,4.974614779411107,34.36332483843367,33.13038310810546,220.4763814174565,2026-06-25 05:43:46.618872,NaN,NaN,NaN,-34.786271,17.513322666666667
563.658,4.975147540892561,34.36320254618646,33.131347544422994,220.17368203048795,2026-06-25 05:43:46.568885,NaN,NaN,NaN,-34.786271,17.513322666666667
563.8489999999999,4.976103377340869,34.36302684571396,33.13293154498109,220.16901514285306,2026-06-25 05:43:46.493905,NaN,NaN,NaN,-34.786271,17.513322666666667
564.3199999999999,4.977499200234547,34.36280564388305,33.13501926175178,220.16127343135315,2026-06-25 05:43:46.393931,NaN,NaN,NaN,-34.786271,17.513322666666667
564.6925,4.9789554562934,34.362600318557895,33.13686009199963,220.14864661607234,2026-06-25 05:43:46.293957,NaN,NaN,NaN,-34.786271,17.513322666666667
564.86,4.980039230216086,34.36245634641134,33.138060158409594,220.15377446371903,2026-06-25 05:43:46.218976,NaN,NaN,NaN,-34.786271,17.513322666666667
565.136,4.980740652932372,34.36236574374061,33.138801228430424,220.14219698436762,2026-06-25 05:43:46.168989,NaN,NaN,NaN,-34.786271,17.513322666666667
565.337,4.981432166226858,34.36227918987004,33.139530766133575,220.13351162963795,2026-06-25 05:43:46.119002,NaN,NaN,NaN,-34.786271,17.513322666666667
565.422,4.982120213396321,34.36219669216688,33.14027024491193,220.12728262558306,2026-06-25 05:43:46.069015,NaN,NaN,NaN,-34.786271,17.513322666666667
565.74,4.982802515169516,34.362118254296405,33.14103324164994,220.13051995844174,2026-06-25 05:43:46.019029,NaN,NaN,NaN,-34.786271,17.513322666666667
566.086,4.983804338475736,34.362008715176444,33.14223254893231,220.13061418477238,2026-06-25 05:43:45.944048,NaN,NaN,NaN,-34.786271,17.513322666666667
566.275,4.984794491751375,34.36190728060755,33.14347942998405,220.11848012865647,2026-06-25 05:43:45.869068,NaN,NaN,NaN,-34.786271,17.513322666666667
566.546,4.986126535123906,34.36184504441018,33.145212316847974,219.80526235776958,2026-06-25 05:43:45.769094,NaN,NaN,NaN,-34.786271,17.513322666666667
566.643,4.985459329168984,34.361786830655944,33.14433768596703,219.80978569619768,2026-06-25 05:43:45.819081,NaN,NaN,NaN,-34.786271,17.513322666666667
566.852,4.986782903122086,34.36173262077015,33.146092747027026,219.79783975440287,2026-06-25 05:43:45.719107,NaN,NaN,NaN,-34.786271,17.513322666666667
567.095,4.987410240793828,34.36168239252168,33.146958072543306,219.79343574116564,2026-06-25 05:43:45.669120,NaN,NaN,NaN,-34.786271,17.513322666666667
567.4695,4.988246873284115,34.3616149469821,33.14815606735997,219.79282316617304,2026-06-25 05:43:45.594139,NaN,NaN,NaN,-34.786271,17.513322666666667
567.714,4.9889455849923,34.36155532109718,33.14919377687127,219.79522313925864,2026-06-25 05:43:45.519159,NaN,NaN,NaN,-34.786271,17.513322666666667
567.843,4.989317936615531,34.36152072509835,33.14975755615698,219.78744032328967,2026-06-25 05:43:45.469172,NaN,NaN,NaN,-34.786271,17.513322666666667
568.0640000000001,4.989778380624774,34.361476443111876,33.150410571324,219.7944078797523,2026-06-25 05:43:45.394191,NaN,NaN,NaN,-34.786271,17.513322666666667
568.452,4.990188745300371,34.361439661368955,33.15089177103716,219.79253645872888,2026-06-25 05:43:45.319211,NaN,NaN,NaN,-34.786271,17.513322666666667
568.783,4.990459363233344,34.361420059234796,33.15112086138987,219.7908129548109,2026-06-25 05:43:45.269224,NaN,NaN,NaN,-34.786271,17.513322666666667
568.928,4.990893045208566,34.36139787500123,33.151375665275445,219.78820907661785,2026-06-25 05:43:45.194243,NaN,NaN,NaN,-34.786271,17.513322666666667
569.052,4.991351536037804,34.36138276581872,33.1515779456199,219.78525974975156,2026-06-25 05:43:45.119263,NaN,NaN,NaN,-34.786271,17.513322666666667
569.549,4.991663118839623,34.36138093937692,33.15169533019648,219.48356646575456,2026-06-25 05:43:45.069276,NaN,NaN,NaN,-34.786271,17.513322666666667
569.6675,4.992118246315428,34.36138093937692,33.15186567664237,219.78191134675646,2026-06-25 05:43:44.994296,NaN,NaN,NaN,-34.786271,17.513322666666667
570.186,4.992540648399954,34.36138093937692,33.15204680856537,219.4852050237185,2026-06-25 05:43:44.919315,NaN,NaN,NaN,-34.786271,17.513322666666667
570.425,4.992897917791358,34.36139395016346,33.152258243376394,219.4838698650336,2026-06-25 05:43:44.844335,NaN,NaN,NaN,-34.786271,17.513322666666667
570.646,4.993348231950126,34.36141306632332,33.15262066636139,219.474726166369,2026-06-25 05:43:44.719367,NaN,NaN,NaN,-34.786271,17.513322666666667
570.908,4.993196997291393,34.36142974773572,33.15248240364181,219.478049217856,2026-06-25 05:43:44.769354,NaN,NaN,NaN,-34.786271,17.513322666666667
571.2560000000001,4.993457469840622,34.36146042716047,33.15278040471935,219.4853956297927,2026-06-25 05:43:44.644387,NaN,NaN,NaN,-34.786271,17.513322666666667
571.447,4.9933636378927115,34.36151033099002,33.15291782605968,219.48946142962606,2026-06-25 05:43:44.544413,NaN,NaN,NaN,-34.786271,17.513322666666667
571.936,4.993140451237969,34.361554174198986,33.15300716547561,219.4989060245923,2026-06-25 05:43:44.469432,NaN,NaN,NaN,-34.786271,17.513322666666667
572.174,4.992719024451675,34.36162142222749,33.1532048583919,219.4997618856416,2026-06-25 05:43:44.369458,NaN,NaN,NaN,-34.786271,17.513322666666667
572.285,4.992713300036973,34.36162253085928,33.153224645107585,219.50265865443248,2026-06-25 05:43:44.369458,NaN,NaN,NaN,-34.786271,17.513322666666667
572.864,4.992138007360833,34.36171810883934,33.15367967144314,219.51831445538102,2026-06-25 05:43:44.244491,NaN,NaN,NaN,-34.786271,17.513322666666667
573.068,4.991823044163697,34.36178174591302,33.154085755019146,219.2155522229275,2026-06-25 05:43:44.169511,NaN,NaN,NaN,-34.786271,17.513322666666667
573.3015,4.991597557010367,34.36184994560688,33.154577809803854,219.21534008906713,2026-06-25 05:43:44.094530,NaN,NaN,NaN,-34.786271,17.513322666666667
573.752,4.991455364517979,34.36192149432477,33.15511645964786,219.22749867263983,2026-06-25 05:43:44.019550,NaN,NaN,NaN,-34.786271,17.513322666666667
573.8525,4.991385789159489,34.36199684951869,33.155672472589565,219.22516593661842,2026-06-25 05:43:43.944569,NaN,NaN,NaN,-34.786271,17.513322666666667
574.5223333333333,4.991299639289319,34.36212903538638,33.15651286021036,219.23156304032761,2026-06-25 05:43:43.819602,NaN,NaN,NaN,-34.786271,17.513322666666667
574.787,4.991148559117575,34.362239344039544,33.157033844056,218.9310678957658,2026-06-25 05:43:43.719628,NaN,NaN,NaN,-34.786271,17.513322666666667
575.0635,4.990856928559857,34.36232488338206,33.1572279742338,219.0907593278338,2026-06-25 05:43:43.644647,NaN,NaN,NaN,-34.786271,17.513322666666667
575.451,4.990158438114037,34.36244137949207,33.157161225814264,218.94951389441707,2026-06-25 05:43:43.544673,NaN,NaN,NaN,-34.786271,17.513322666666667
575.8744999999999,4.989015473852197,34.36256010532453,33.15656858537248,218.96653767341024,2026-06-25 05:43:43.444700,NaN,NaN,NaN,-34.786271,17.513322666666667
576.13,4.9868277141303095,34.362650109178134,33.15487910395411,218.98741152812931,2026-06-25 05:43:43.319732,NaN,NaN,NaN,-34.786271,17.513322666666667
576.371,4.987829259690761,34.36271042784217,33.15570685289383,218.97733136433567,2026-06-25 05:43:43.369719,NaN,NaN,NaN,-34.786271,17.513322666666667
576.623,4.985642442187792,34.36277086311394,33.153852911160875,219.00533307208326,2026-06-25 05:43:43.269745,NaN,NaN,NaN,-34.786271,17.513322666666667
576.8623333333333,4.982583327865185,34.36289165000462,33.15111176974719,219.04123434446188,2026-06-25 05:43:43.169771,NaN,NaN,NaN,-34.786271,17.513322666666667
577.356,4.97881079604201,34.36301189015911,33.147633797814464,219.07265290530356,2026-06-25 05:43:43.069797,NaN,NaN,NaN,-34.786271,17.513322666666667
577.6803333333334,4.974096197727579,34.363130525043346,33.14314444140616,219.1393042270431,2026-06-25 05:43:42.969823,NaN,NaN,NaN,-34.786271,17.513322666666667
578.081,4.968839147672131,34.36324743255746,33.13817912354778,219.17768804946365,2026-06-25 05:43:42.869849,NaN,NaN,NaN,-34.786271,17.513322666666667
578.3305,4.964663180158376,34.36333311937638,33.134431747941896,219.22851464194744,2026-06-25 05:43:42.794869,NaN,NaN,NaN,-34.786271,17.513322666666667
578.464,4.960556880009039,34.36341719457487,33.1309470829527,219.26359875080226,2026-06-25 05:43:42.719888,NaN,NaN,NaN,-34.786271,17.513322666666667
579.0726666666666,4.9555374477653125,34.36352553431393,33.12696273866987,219.2955725601929,2026-06-25 05:43:42.619915,NaN,NaN,NaN,-34.786271,17.513322666666667
579.318,4.950910854762374,34.36363031187131,33.123274168275955,219.02846568227886,2026-06-25 05:43:42.519941,NaN,NaN,NaN,-34.786271,17.513322666666667
579.7375,4.947582627591137,34.363705323888205,33.12036775492112,219.05692123777033,2026-06-25 05:43:42.444960,NaN,NaN,NaN,-34.786271,17.513322666666667
580.045,4.94300867745888,34.36380093515507,33.11595398888798,219.10857427563408,2026-06-25 05:43:42.344986,NaN,NaN,NaN,-34.786271,17.513322666666667
580.542,4.93704840883434,34.36391203626132,33.1097239888849,219.18302508124646,2026-06-25 05:43:42.220019,NaN,NaN,NaN,-34.786271,17.513322666666667
580.901,4.932516753436274,34.36399469969612,33.10493101893644,219.2141558318064,2026-06-25 05:43:42.120045,NaN,NaN,NaN,-34.786271,17.513322666666667
581.2565,4.929692458556858,34.36405172740533,33.10204526630427,219.0891736537759,2026-06-25 05:43:42.045064,NaN,NaN,NaN,-34.786271,17.513322666666667
581.6795,4.926760606242601,34.36412193518912,33.09925280864628,218.96001783944578,2026-06-25 05:43:41.945090,NaN,NaN,NaN,-34.786271,17.513322666666667
581.971,4.925174934907332,34.364170063882916,33.0979335718227,218.96927380345159,2026-06-25 05:43:41.870110,NaN,NaN,NaN,-34.786271,17.513322666666667
582.186,4.923811156265281,34.36419965976218,33.09714713795809,218.9855593231498,2026-06-25 05:43:41.770136,NaN,NaN,NaN,-34.786271,17.513322666666667
582.271,4.924404959498597,34.364227345722135,33.09742312345061,218.98324939826645,2026-06-25 05:43:41.820123,NaN,NaN,NaN,-34.786271,17.513322666666667
582.449,4.9233623163033045,34.364253091017694,33.09706292562195,218.99038285064273,2026-06-25 05:43:41.720149,NaN,NaN,NaN,-34.786271,17.513322666666667
582.679,4.9230315406934855,34.36427686763164,33.09712221379999,218.99431290334957,2026-06-25 05:43:41.670162,NaN,NaN,NaN,-34.786271,17.513322666666667
582.839,4.9226252443608995,34.36431739844873,33.097480505868376,218.99793062627424,2026-06-25 05:43:41.570188,NaN,NaN,NaN,-34.786271,17.513322666666667
583.032,4.9226480172700535,34.36431841652043,33.097488418058816,218.849633254385,2026-06-25 05:43:41.570188,NaN,NaN,NaN,-34.786271,17.513322666666667
583.535,4.92240215620915,34.364351823649166,33.09791100544504,219.00938351696584,2026-06-25 05:43:41.470214,NaN,NaN,NaN,-34.786271,17.513322666666667
583.739,4.922247451020197,34.36437119945068,33.09815609875362,218.706678178711,2026-06-25 05:43:41.395234,NaN,NaN,NaN,-34.786271,17.513322666666667
584.0855,4.921950928528557,34.36439008682927,33.09828412225407,218.71867905062103,2026-06-25 05:43:41.295260,NaN,NaN,NaN,-34.786271,17.513322666666667
584.508,4.921266786053854,34.364401140276954,33.09799722882105,218.72455721173068,2026-06-25 05:43:41.170292,NaN,NaN,NaN,-34.786271,17.513322666666667
584.671,4.921304815845215,34.364401140276954,33.09803090307101,218.72238702698,2026-06-25 05:43:41.170292,NaN,NaN,NaN,-34.786271,17.513322666666667
584.943,4.920441942419272,34.364401140276954,33.09751243922564,218.7330849782868,2026-06-25 05:43:41.070318,NaN,NaN,NaN,-34.786271,17.513322666666667
585.072,4.919121688454762,34.36439916004788,33.096763598881616,218.45214778201785,2026-06-25 05:43:40.970344,NaN,NaN,NaN,-34.786271,17.513322666666667
585.313,4.919846109141353,34.36439400939353,33.09716764158675,218.75047120285078,2026-06-25 05:43:41.020331,NaN,NaN,NaN,-34.786271,17.513322666666667
585.494,4.918272783107083,34.364386810376686,33.09629181608727,218.4642350656009,2026-06-25 05:43:40.920358,NaN,NaN,NaN,-34.786271,17.513322666666667
585.92,4.917316088805952,34.3643775810492,33.09574337378875,218.47691825902922,2026-06-25 05:43:40.870371,NaN,NaN,NaN,-34.786271,17.513322666666667
586.013,4.916272382603277,34.364366342430266,33.09511245810133,218.48682314389217,2026-06-25 05:43:40.820384,NaN,NaN,NaN,-34.786271,17.513322666666667
586.289,4.915160958370523,34.364353118506884,33.09439624860751,218.50596917756025,2026-06-25 05:43:40.770397,NaN,NaN,NaN,-34.786271,17.513322666666667
586.469,4.91399871286114,34.36433793623201,33.09359436386742,218.5066821190598,2026-06-25 05:43:40.720410,NaN,NaN,NaN,-34.786271,17.513322666666667
586.753,4.912799924371989,34.36432082552054,33.0927097799741,218.51926025692043,2026-06-25 05:43:40.670423,NaN,NaN,NaN,-34.786271,17.513322666666667
586.865,4.911574670966326,34.36430181924284,33.09174996514443,218.53741715496682,2026-06-25 05:43:40.620436,NaN,NaN,NaN,-34.786271,17.513322666666667
587.1030000000001,4.909705921592456,34.36426960970388,33.0901962658224,218.5619474707044,2026-06-25 05:43:40.545455,NaN,NaN,NaN,-34.786271,17.513322666666667
587.373,4.907845738945497,34.36423379984377,33.088583087248374,218.5725322951569,2026-06-25 05:43:40.470475,NaN,NaN,NaN,-34.786271,17.513322666666667
587.527,4.906644114927482,34.36420759874877,33.087510089623805,218.277294117901,2026-06-25 05:43:40.420488,NaN,NaN,NaN,-34.786271,17.513322666666667
587.63,4.905485585576624,34.36417971036825,33.0864682270901,218.29145985599658,2026-06-25 05:43:40.370501,NaN,NaN,NaN,-34.786271,17.513322666666667
587.983,4.904370968835585,34.36415018502513,33.08547509994409,218.61445624997032,2026-06-25 05:43:40.320514,NaN,NaN,NaN,-34.786271,17.513322666666667
588.26,4.902795538469064,34.364102757385574,33.0841012929269,218.47920655525866,2026-06-25 05:43:40.245533,NaN,NaN,NaN,-34.786271,17.513322666666667
588.736,4.900906740135771,34.36403457596073,33.08243324560097,218.49376273642548,2026-06-25 05:43:40.145559,NaN,NaN,NaN,-34.786271,17.513322666666667
588.9355,4.898926384415093,34.363941828249345,33.080528589700435,218.35635443772196,2026-06-25 05:43:40.020592,NaN,NaN,NaN,-34.786271,17.513322666666667
589.209,4.898911337307402,34.36394122468087,33.08051505209645,218.36264013555632,2026-06-25 05:43:40.020592,NaN,NaN,NaN,-34.786271,17.513322666666667
589.512,4.897476384106555,34.36386201140592,33.079110649436885,218.38381973927818,2026-06-25 05:43:39.920618,NaN,NaN,NaN,-34.786271,17.513322666666667
589.8885,4.896420344568446,34.363799214777664,33.078205654914925,218.39483874079804,2026-06-25 05:43:39.845638,NaN,NaN,NaN,-34.786271,17.513322666666667
590.015,4.895384335390667,34.36373453037589,33.07745066931028,218.4068818576313,2026-06-25 05:43:39.770657,NaN,NaN,NaN,-34.786271,17.513322666666667
590.239,4.894721400046489,34.36369028358592,33.077051734119905,218.41612446527367,2026-06-25 05:43:39.720670,NaN,NaN,NaN,-34.786271,17.513322666666667
590.7280000000001,4.893474886791342,34.36359966083448,33.07649230542941,218.4257172491117,2026-06-25 05:43:39.620696,NaN,NaN,NaN,-34.786271,17.513322666666667
590.797,4.893470892988187,34.36359937887056,33.07646394972261,218.42463210084404,2026-06-25 05:43:39.620696,NaN,NaN,NaN,-34.786271,17.513322666666667
591.19,4.892244423263274,34.36350678442083,33.07609806340109,218.44562686400067,2026-06-25 05:43:39.520722,NaN,NaN,NaN,-34.786271,17.513322666666667
591.41,4.891586216774191,34.36345972823361,33.075957402307374,218.4512587691279,2026-06-25 05:43:39.470735,NaN,NaN,NaN,-34.786271,17.513322666666667
591.7495,4.890471109904478,34.363388618009104,33.075700235220935,218.465795334791,2026-06-25 05:43:39.395755,NaN,NaN,NaN,-34.786271,17.513322666666667
592.011,4.889176813620407,34.363317223595594,33.075282467542706,218.4805088688537,2026-06-25 05:43:39.320774,NaN,NaN,NaN,-34.786271,17.513322666666667
592.205,4.888155428258537,34.36326960233491,33.07480733779924,218.19200607641744,2026-06-25 05:43:39.270788,NaN,NaN,NaN,-34.786271,17.513322666666667
592.4259999999999,4.88630680927496,34.36319843540183,33.07362496892382,218.36242043894947,2026-06-25 05:43:39.195807,NaN,NaN,NaN,-34.786271,17.513322666666667
592.947,4.884069602774892,34.36312779028602,33.07182495806209,218.53424601311667,2026-06-25 05:43:39.120827,NaN,NaN,NaN,-34.786271,17.513322666666667
593.14,4.880070888277316,34.36303537302906,33.06782693683141,218.2634669439987,2026-06-25 05:43:39.020853,NaN,NaN,NaN,-34.786271,17.513322666666667
593.52,4.875045118727823,34.36294505598894,33.06235290380276,218.3231441164089,2026-06-25 05:43:38.920879,NaN,NaN,NaN,-34.786271,17.513322666666667
593.628,4.872007187749462,34.36290121665603,33.058935328138844,218.35427519257132,2026-06-25 05:43:38.870892,NaN,NaN,NaN,-34.786271,17.513322666666667
594.1095,4.8669796015014,34.362837420903546,33.05327288747542,218.40120311752807,2026-06-25 05:43:38.795911,NaN,NaN,NaN,-34.786271,17.513322666666667
594.5450000000001,4.85839724381685,34.3627371921087,33.04388291338779,218.35569416769857,2026-06-25 05:43:38.670944,NaN,NaN,NaN,-34.786271,17.513322666666667
594.709,4.8582806776645375,34.36273649592998,33.0436966800702,218.20824133131617,2026-06-25 05:43:38.670944,NaN,NaN,NaN,-34.786271,17.513322666666667
594.961,4.852249896857775,34.36266205100298,33.03753648148135,218.25638103665747,2026-06-25 05:43:38.570970,NaN,NaN,NaN,-34.786271,17.513322666666667
595.172,4.849949830041461,34.36262719067877,33.0354116808313,218.27045188914582,2026-06-25 05:43:38.520983,NaN,NaN,NaN,-34.786271,17.513322666666667
595.479,4.847690225485982,34.36257839444398,33.03372744747545,217.9791846009835,2026-06-25 05:43:38.446002,NaN,NaN,NaN,-34.786271,17.513322666666667
595.626,4.846573866815374,34.36253336250292,33.03346634924392,217.9758411132569,2026-06-25 05:43:38.371022,NaN,NaN,NaN,-34.786271,17.513322666666667
595.794,4.846443944313863,34.36250602919289,33.03404858907764,217.96400158928125,2026-06-25 05:43:38.321035,NaN,NaN,NaN,-34.786271,17.513322666666667
596.331,4.846596717791345,34.36248084426838,33.03497474195807,217.96844657818238,2026-06-25 05:43:38.271048,NaN,NaN,NaN,-34.786271,17.513322666666667
596.411,4.846858163567555,34.3624579122799,33.036035206742774,217.65875225351317,2026-06-25 05:43:38.221061,NaN,NaN,NaN,-34.786271,17.513322666666667
596.918,4.847052739898018,34.362437336460054,33.037018076882696,217.65913651218048,2026-06-25 05:43:38.171074,NaN,NaN,NaN,-34.786271,17.513322666666667
597.0973333333333,4.8458376619618955,34.36240365874415,33.03741733747797,217.6848341274641,2026-06-25 05:43:38.037776,NaN,NaN,NaN,-34.786271,17.513322666666667
597.198,4.84665164880491,34.362396859557585,33.03798704397555,217.67814902777792,2026-06-25 05:43:38.071100,NaN,NaN,NaN,-34.786271,17.513322666666667
597.504,4.842979696600428,34.36237330135625,33.03541830073051,217.73916676341472,2026-06-25 05:43:37.921139,NaN,NaN,NaN,-34.786271,17.513322666666667
597.756,4.840983419288367,34.362369382687234,33.03357520160348,217.76969143972067,2026-06-25 05:43:37.871152,NaN,NaN,NaN,-34.786271,17.513322666666667
597.97,4.838743401972707,34.362369382687234,33.03144467143525,217.7940279068815,2026-06-25 05:43:37.821165,NaN,NaN,NaN,-34.786271,17.513322666666667
598.048,4.83638396002794,34.362369382687234,33.029182849572706,217.81058505693534,2026-06-25 05:43:37.771178,NaN,NaN,NaN,-34.786271,17.513322666666667
598.227,4.834025678441045,34.36237436386841,33.02693138829676,217.83519575270955,2026-06-25 05:43:37.721191,NaN,NaN,NaN,-34.786271,17.513322666666667
598.579,4.831764549896804,34.36238262699176,33.0247999007769,217.85034295318047,2026-06-25 05:43:37.671204,NaN,NaN,NaN,-34.786271,17.513322666666667
598.8735,4.828707133168111,34.36240178021239,33.021998995097334,217.72342077394453,2026-06-25 05:43:37.596224,NaN,NaN,NaN,-34.786271,17.513322666666667
599.3489999999999,4.825254633994445,34.36243894856598,33.01899525623297,217.60378583914954,2026-06-25 05:43:37.496250,NaN,NaN,NaN,-34.786271,17.513322666666667
599.7090000000001,4.821777844380857,34.3625065442267,33.016232429360706,217.63332408482307,2026-06-25 05:43:37.371283,NaN,NaN,NaN,-34.786271,17.513322666666667
600.228,4.818634654066167,34.3625960549163,33.01390733626259,217.66236828651785,2026-06-25 05:43:37.246315,NaN,NaN,NaN,-34.786271,17.513322666666667
600.6855,4.815997467864325,34.36268572523153,33.01184831217543,217.53840498514037,2026-06-25 05:43:37.146341,NaN,NaN,NaN,-34.786271,17.513322666666667
601.079,4.8130221381749205,34.362791244448985,33.00918165335898,217.57343313881748,2026-06-25 05:43:37.046367,NaN,NaN,NaN,-34.786271,17.513322666666667
601.202,4.810550398663554,34.36288042737286,33.00672482724091,217.75056671151953,2026-06-25 05:43:36.971387,NaN,NaN,NaN,-34.786271,17.513322666666667
601.551,4.8088138634096005,34.36294528664513,33.004895092288855,217.76995997438098,2026-06-25 05:43:36.921400,NaN,NaN,NaN,-34.786271,17.513322666666667
601.724,4.8070626320328005,34.363014219714096,33.00300797683142,217.78772239623456,2026-06-25 05:43:36.871413,NaN,NaN,NaN,-34.786271,17.513322666666667
602.03,4.805346607727734,34.36308723697192,33.00115330820439,217.50480062355084,2026-06-25 05:43:36.821426,NaN,NaN,NaN,-34.786271,17.513322666666667
602.2793333333334,4.802271198634065,34.36324689984159,32.99793785818755,217.53671153899688,2026-06-25 05:43:36.721452,NaN,NaN,NaN,-34.786271,17.513322666666667
602.789,4.799740506226114,34.36342016698243,32.995473976065455,217.25704543199635,2026-06-25 05:43:36.621478,NaN,NaN,NaN,-34.786271,17.513322666666667
602.919,4.798787965842925,34.363513570994826,32.994668005013914,217.25956992662938,2026-06-25 05:43:36.571491,NaN,NaN,NaN,-34.786271,17.513322666666667
603.032,4.7980037112675635,34.36361100623958,32.994095797277964,217.2645862278912,2026-06-25 05:43:36.521504,NaN,NaN,NaN,-34.786271,17.513322666666667
603.367,4.797349234493045,34.363712443883514,32.99371503221151,217.27106699661738,2026-06-25 05:43:36.471517,NaN,NaN,NaN,-34.786271,17.513322666666667
603.4815,4.796497920047944,34.36387251533755,32.99338709443293,217.27812193262196,2026-06-25 05:43:36.396537,NaN,NaN,NaN,-34.786271,17.513322666666667
603.773,4.795637793935214,34.36404039406731,32.9931418263839,217.2869203841243,2026-06-25 05:43:36.321556,NaN,NaN,NaN,-34.786271,17.513322666666667
604.0405,4.7945851256814915,34.36421783871768,32.99274559707658,216.99898451619595,2026-06-25 05:43:36.246576,NaN,NaN,NaN,-34.786271,17.513322666666667
604.31,4.792746154358587,34.36446682908071,32.99168939283436,217.02133899019552,2026-06-25 05:43:36.146602,NaN,NaN,NaN,-34.786271,17.513322666666667
605.0756666666666,4.789676822829336,34.36479890656196,32.98928183611929,217.06835297227298,2026-06-25 05:43:36.021634,NaN,NaN,NaN,-34.786271,17.513322666666667
605.198,4.786903175133488,34.36507818394951,32.98685208853183,217.0963716545495,2026-06-25 05:43:35.921660,NaN,NaN,NaN,-34.786271,17.513322666666667
605.54,4.785518645145813,34.36522321805286,32.985600880667874,216.80238201622163,2026-06-25 05:43:35.871674,NaN,NaN,NaN,-34.786271,17.513322666666667
605.786,4.784209467250181,34.36537133222507,32.984412802399504,216.81484082614182,2026-06-25 05:43:35.821687,NaN,NaN,NaN,-34.786271,17.513322666666667
605.899,4.7830059599317725,34.36552241340236,32.98331814433451,216.82194033744145,2026-06-25 05:43:35.771700,NaN,NaN,NaN,-34.786271,17.513322666666667
606.3019999999999,4.781426282572378,34.36575466907432,32.981883863649074,216.53862768672047,2026-06-25 05:43:35.696719,NaN,NaN,NaN,-34.786271,17.513322666666667
606.638,4.780047139422644,34.36599224138508,32.98064806130553,216.55040783582038,2026-06-25 05:43:35.621739,NaN,NaN,NaN,-34.786271,17.513322666666667
606.961,4.778477235598916,34.366317963816414,32.97927831811927,216.56468353391782,2026-06-25 05:43:35.521765,NaN,NaN,NaN,-34.786271,17.513322666666667
607.066,4.7784968441618325,34.366319048473855,32.97929598778132,216.4156283345659,2026-06-25 05:43:35.521765,NaN,NaN,NaN,-34.786271,17.513322666666667
607.454,4.776735499736454,34.36673739154278,32.97776362854698,216.2814066621998,2026-06-25 05:43:35.396797,NaN,NaN,NaN,-34.786271,17.513322666666667
607.694,4.775762710514874,34.3669941899376,32.976908414740016,216.2918830182194,2026-06-25 05:43:35.321817,NaN,NaN,NaN,-34.786271,17.513322666666667
607.93,4.775167232361316,34.36716748715963,32.97639129526077,216.30401256795903,2026-06-25 05:43:35.271830,NaN,NaN,NaN,-34.786271,17.513322666666667
608.179,4.774229753193039,34.36751798867845,32.97565170915197,216.01471413221142,2026-06-25 05:43:35.171856,NaN,NaN,NaN,-34.786271,17.513322666666667
608.2695,4.774310782926405,34.367518491434,32.97574462334252,215.86561280279832,2026-06-25 05:43:35.171856,NaN,NaN,NaN,-34.786271,17.513322666666667
608.575,4.773941157261428,34.36787250823505,32.97565737494237,215.71687235265156,2026-06-25 05:43:35.071882,NaN,NaN,NaN,-34.786271,17.513322666666667
609.0166666666667,4.774778473487857,34.36822964350815,32.97694585265791,215.7057467361645,2026-06-25 05:43:34.971908,NaN,NaN,NaN,-34.786271,17.513322666666667
609.539,4.776668052019928,34.36858760380847,32.97939430004163,215.39485443955698,2026-06-25 05:43:34.871934,NaN,NaN,NaN,-34.786271,17.513322666666667
609.939,4.780182433971655,34.368944859660076,32.98346683441801,215.37049988102083,2026-06-25 05:43:34.771960,NaN,NaN,NaN,-34.786271,17.513322666666667
610.09,4.784895953184663,34.36930025295237,32.988610642389546,215.01317559422137,2026-06-25 05:43:34.671986,NaN,NaN,NaN,-34.786271,17.513322666666667
610.3454999999999,4.789415977474573,34.36956402894617,32.99331462098908,214.97804420785812,2026-06-25 05:43:34.597006,NaN,NaN,NaN,-34.786271,17.513322666666667
610.635,4.794417308545953,34.369825221541774,32.99850457224957,214.64674217213104,2026-06-25 05:43:34.522025,NaN,NaN,NaN,-34.786271,17.513322666666667
611.149,4.799737409032945,34.370082387243514,33.00419254922281,214.5891109901438,2026-06-25 05:43:34.447045,NaN,NaN,NaN,-34.786271,17.513322666666667
611.551,4.806776036449037,34.37041865950404,33.01206976159574,214.39397893590186,2026-06-25 05:43:34.347071,NaN,NaN,NaN,-34.786271,17.513322666666667
611.784,4.811684909084532,34.37066510038083,33.01780151042735,214.48778670468462,2026-06-25 05:43:34.272090,NaN,NaN,NaN,-34.786271,17.513322666666667
612.0600000000001,4.817049096391808,34.37098276279834,33.02423422433077,214.3713904697064,2026-06-25 05:43:34.172117,NaN,NaN,NaN,-34.786271,17.513322666666667
612.378,4.821140535050453,34.37129008825075,33.029283615896325,214.14733919349402,2026-06-25 05:43:34.072143,NaN,NaN,NaN,-34.786271,17.513322666666667
612.9165,4.823011641682545,34.37151018438373,33.031829592240655,214.1286556929474,2026-06-25 05:43:33.997162,NaN,NaN,NaN,-34.786271,17.513322666666667
613.093,4.824141777068602,34.37172263025396,33.03365419760666,214.12773641727995,2026-06-25 05:43:33.922182,NaN,NaN,NaN,-34.786271,17.513322666666667
613.6463333333334,4.8241500740843,34.372030073155706,33.034956902385865,214.19750244691915,2026-06-25 05:43:33.805545,NaN,NaN,NaN,-34.786271,17.513322666666667
613.814,4.824121091516293,34.372118050744874,33.03530807307775,214.14805928990168,2026-06-25 05:43:33.772221,NaN,NaN,NaN,-34.786271,17.513322666666667
614.456,4.821052521757676,34.37257132244918,33.03477016657154,214.1796430755289,2026-06-25 05:43:33.572273,NaN,NaN,NaN,-34.786271,17.513322666666667
614.7130000000001,4.820962376168478,34.3725758417253,33.03466775381058,214.17811803128396,2026-06-25 05:43:33.572273,NaN,NaN,NaN,-34.786271,17.513322666666667
615.031,4.817604397327133,34.372867615011536,33.033078895029455,214.20579434282442,2026-06-25 05:43:33.422312,NaN,NaN,NaN,-34.786271,17.513322666666667
615.326,4.816185735138791,34.372952355977645,33.03209292009623,214.21921465548746,2026-06-25 05:43:33.372325,NaN,NaN,NaN,-34.786271,17.513322666666667
615.688,4.813711361678772,34.373067269404,33.03003039834488,214.39930364694555,2026-06-25 05:43:33.297345,NaN,NaN,NaN,-34.786271,17.513322666666667
615.868,4.81086133780784,34.37316962836665,33.027363283130654,214.59011060206495,2026-06-25 05:43:33.222364,NaN,NaN,NaN,-34.786271,17.513322666666667
616.4335000000001,4.8076142872792555,34.373255792748346,33.024089870557106,214.6207333664943,2026-06-25 05:43:33.147384,NaN,NaN,NaN,-34.786271,17.513322666666667
616.662,4.803006326334135,34.37334836734877,33.01933812945543,214.66209469183596,2026-06-25 05:43:33.047410,NaN,NaN,NaN,-34.786271,17.513322666666667
617.063,4.798297105181199,34.3734133932104,33.01460600924077,214.70392398309752,2026-06-25 05:43:32.947436,NaN,NaN,NaN,-34.786271,17.513322666666667
617.467,4.793547397160097,34.373450087806816,33.01011117529273,214.75127994143554,2026-06-25 05:43:32.847462,NaN,NaN,NaN,-34.786271,17.513322666666667
617.766,4.789900556531963,34.373450087806816,33.00678260784859,214.77457741640984,2026-06-25 05:43:32.772481,NaN,NaN,NaN,-34.786271,17.513322666666667
617.8824999999999,4.786044679209966,34.373450087806816,33.00325747876937,215.1019499948228,2026-06-25 05:43:32.697501,NaN,NaN,NaN,-34.786271,17.513322666666667
618.379,4.7819105510687985,34.37342676524719,32.99941463526731,215.15770716282663,2026-06-25 05:43:32.622520,NaN,NaN,NaN,-34.786271,17.513322666666667
618.433,4.7789239459124255,34.37340088075735,32.9965924977007,215.18410659033856,2026-06-25 05:43:32.572533,NaN,NaN,NaN,-34.786271,17.513322666666667
618.758,4.77577008923954,34.37336744858164,32.993579615813466,215.21397091741295,2026-06-25 05:43:32.522547,NaN,NaN,NaN,-34.786271,17.513322666666667
619.107,4.772487614410936,34.37332644084657,32.990417376383164,215.54313492188612,2026-06-25 05:43:32.472560,NaN,NaN,NaN,-34.786271,17.513322666666667
619.2805000000001,4.767446065077857,34.37324973279011,32.98556436367329,215.60593436111427,2026-06-25 05:43:32.397579,NaN,NaN,NaN,-34.786271,17.513322666666667
619.5,4.762447807601869,34.373157807372515,32.9808221232412,215.64092892374944,2026-06-25 05:43:32.322599,NaN,NaN,NaN,-34.786271,17.513322666666667
619.891,4.759253411135333,34.37308638122437,32.97785947842927,215.66474189466632,2026-06-25 05:43:32.272612,NaN,NaN,NaN,-34.786271,17.513322666666667
620.2925,4.753455544531187,34.372920771209586,32.97271832272587,215.72502262429714,2026-06-25 05:43:32.172638,NaN,NaN,NaN,-34.786271,17.513322666666667
620.56,4.75336729588979,34.37291699978295,32.97259810528643,215.7262907564497,2026-06-25 05:43:32.172638,NaN,NaN,NaN,-34.786271,17.513322666666667
620.663,4.748173798048596,34.37272499784963,32.968273037358095,215.7613475671185,2026-06-25 05:43:32.072664,NaN,NaN,NaN,-34.786271,17.513322666666667
620.9315,4.744638104538092,34.37255764400919,32.96549821173505,215.79819098432944,2026-06-25 05:43:31.997683,NaN,NaN,NaN,-34.786271,17.513322666666667
621.131,4.741232573576571,34.37237553633662,32.96285310224438,215.8267080796656,2026-06-25 05:43:31.922703,NaN,NaN,NaN,-34.786271,17.513322666666667
621.5455,4.737842465805285,34.37217523860154,32.96010031746435,215.8660179807047,2026-06-25 05:43:31.847722,NaN,NaN,NaN,-34.786271,17.513322666666667
621.851,4.73437443258017,34.37196062305587,32.95710498000903,215.89768866611098,2026-06-25 05:43:31.772742,NaN,NaN,NaN,-34.786271,17.513322666666667
622.04,4.731978736156759,34.37180814867942,32.95490345886336,215.91559772914516,2026-06-25 05:43:31.722755,NaN,NaN,NaN,-34.786271,17.513322666666667
622.4989999999999,4.726911232860639,34.37148029324536,32.94999950514201,216.25880678870243,2026-06-25 05:43:31.622781,NaN,NaN,NaN,-34.786271,17.513322666666667
622.76,4.721550596964039,34.371130091779875,32.94471598749045,216.31899035711413,2026-06-25 05:43:31.522807,NaN,NaN,NaN,-34.786271,17.513322666666667
623.077,4.718758034468808,34.37094412290905,32.941970816449135,216.3473092302014,2026-06-25 05:43:31.472820,NaN,NaN,NaN,-34.786271,17.513322666666667
623.544,4.713124171483336,34.370553354969715,32.93649648075756,216.40967855292038,2026-06-25 05:43:31.372846,NaN,NaN,NaN,-34.786271,17.513322666666667
623.653,4.713142070253732,34.370550337070284,32.93651495560789,216.41063773721285,2026-06-25 05:43:31.372846,NaN,NaN,NaN,-34.786271,17.513322666666667
624.008,4.7063027069650385,34.37003039158534,32.929832222751656,216.46076848682435,2026-06-25 05:43:31.247879,NaN,NaN,NaN,-34.786271,17.513322666666667
624.327,4.699872942009476,34.369700658205794,32.92332787672714,216.5293121823402,2026-06-25 05:43:31.122911,NaN,NaN,NaN,-34.786271,17.513322666666667
624.416,4.702394410112991,34.36947359598087,32.92589556004884,216.5103946955162,2026-06-25 05:43:31.172898,NaN,NaN,NaN,-34.786271,17.513322666666667
624.616,4.697423786408455,34.36924132262843,32.92086019334713,216.55954003822998,2026-06-25 05:43:31.072924,NaN,NaN,NaN,-34.786271,17.513322666666667
624.869,4.695065216979596,34.36900401951298,32.91854851010579,216.5851093060269,2026-06-25 05:43:31.022937,NaN,NaN,NaN,-34.786271,17.513322666666667
625.087,4.691737758684847,34.368638473565646,32.91547381868861,216.75338678550477,2026-06-25 05:43:30.947957,NaN,NaN,NaN,-34.786271,17.513322666666667
625.543,4.686558981618195,34.36826381865361,32.91106212693836,216.65084724035864,2026-06-25 05:43:30.822990,NaN,NaN,NaN,-34.786271,17.513322666666667
625.762,4.688594895211911,34.3680083064451,32.912752703497546,216.6357235592585,2026-06-25 05:43:30.872976,NaN,NaN,NaN,-34.786271,17.513322666666667
626.023,4.683422335974111,34.36761703664648,32.90842290057802,216.82817892786116,2026-06-25 05:43:30.748009,NaN,NaN,NaN,-34.786271,17.513322666666667
626.4383333333334,4.677518542802795,34.36694675964162,32.9031619306958,217.0423070980236,2026-06-25 05:43:30.623042,NaN,NaN,NaN,-34.786271,17.513322666666667
626.738,4.67202879997466,34.36639752075005,32.89815591968598,217.1115916855447,2026-06-25 05:43:30.523068,NaN,NaN,NaN,-34.786271,17.513322666666667
627.088,4.668983270100912,34.36611812068899,32.895410492890406,217.14533432540549,2026-06-25 05:43:30.473081,NaN,NaN,NaN,-34.786271,17.513322666666667
627.229,4.664224878791741,34.365694071367884,32.891167571196625,217.18618242598,2026-06-25 05:43:30.398100,NaN,NaN,NaN,-34.786271,17.513322666666667
627.724,4.659393706048359,34.36526564348165,32.88688020658745,217.23083934942434,2026-06-25 05:43:30.323120,NaN,NaN,NaN,-34.786271,17.513322666666667
627.798,4.656151978649603,34.36497748957217,32.88399124385988,217.24883027063254,2026-06-25 05:43:30.273133,NaN,NaN,NaN,-34.786271,17.513322666666667
628.0944999999999,4.649431551540301,34.364396579687494,32.877824113829845,217.45940533656415,2026-06-25 05:43:30.173159,NaN,NaN,NaN,-34.786271,17.513322666666667
628.353,4.649504179780366,34.36439600722905,32.87792813071514,217.622815708921,2026-06-25 05:43:30.173159,NaN,NaN,NaN,-34.786271,17.513322666666667
628.499,4.642284208359954,34.36381109056134,32.87104595615379,217.6768765523253,2026-06-25 05:43:30.073185,NaN,NaN,NaN,-34.786271,17.513322666666667
628.8910000000001,4.63626312860303,34.36337005490541,32.86509704352942,217.74459669421566,2026-06-25 05:43:29.998205,NaN,NaN,NaN,-34.786271,17.513322666666667
629.056,4.629764209102381,34.36292836862594,32.85857786519636,217.81264013294302,2026-06-25 05:43:29.923224,NaN,NaN,NaN,-34.786271,17.513322666666667
629.446,4.622762732422997,34.36248674377607,32.85146287864782,217.8713207222583,2026-06-25 05:43:29.848244,NaN,NaN,NaN,-34.786271,17.513322666666667
629.605,4.615519710499336,34.36204586394791,32.844030071911696,217.94678910661673,2026-06-25 05:43:29.773263,NaN,NaN,NaN,-34.786271,17.513322666666667
629.899,4.610638038566795,34.36175282435255,32.83900182941978,217.9968483400483,2026-06-25 05:43:29.723276,NaN,NaN,NaN,-34.786271,17.513322666666667
630.3015,4.603461708454489,34.36131526884971,32.831652155459494,218.06017271354165,2026-06-25 05:43:29.648296,NaN,NaN,NaN,-34.786271,17.513322666666667
630.6945000000001,4.59455252774829,34.36073632390425,32.82268925284526,218.14867888689764,2026-06-25 05:43:29.548322,NaN,NaN,NaN,-34.786271,17.513322666666667
631.164,4.586880566937738,34.36016427758091,32.815322225077836,218.05907000345175,2026-06-25 05:43:29.448348,NaN,NaN,NaN,-34.786271,17.513322666666667
631.333,4.580618754094369,34.35960085244859,32.80973565844231,218.10492036070963,2026-06-25 05:43:29.348374,NaN,NaN,NaN,-34.786271,17.513322666666667
631.591,4.576648391568343,34.35918458792449,32.806434084241936,217.9847430588122,2026-06-25 05:43:29.273393,NaN,NaN,NaN,-34.786271,17.513322666666667
632.147,4.574222670012099,34.35891084755434,32.80450054663689,218.30908265797146,2026-06-25 05:43:29.223406,NaN,NaN,NaN,-34.786271,17.513322666666667
632.3005,4.570597643313358,34.3585064820505,32.80162892658163,218.04375517224216,2026-06-25 05:43:29.148426,NaN,NaN,NaN,-34.786271,17.513322666666667
632.466,4.566733302078127,34.35810883889451,32.79849059110475,218.07857278588585,2026-06-25 05:43:29.073446,NaN,NaN,NaN,-34.786271,17.513322666666667
632.829,4.5622765634983,34.3577202901309,32.79465821083561,218.27853019059447,2026-06-25 05:43:28.998465,NaN,NaN,NaN,-34.786271,17.513322666666667
633.166,4.557205217790734,34.35733954939108,32.790090268163645,218.18960310689602,2026-06-25 05:43:28.923485,NaN,NaN,NaN,-34.786271,17.513322666666667
633.234,4.553400879448245,34.35709121138043,32.78653161783592,218.22830343490713,2026-06-25 05:43:28.873498,NaN,NaN,NaN,-34.786271,17.513322666666667
633.399,4.549310758913971,34.356847195000135,32.782617865035206,218.25522317818303,2026-06-25 05:43:28.823511,NaN,NaN,NaN,-34.786271,17.513322666666667
633.771,4.544983235202305,34.35660765737425,32.778400491289226,218.31383306697677,2026-06-25 05:43:28.773524,NaN,NaN,NaN,-34.786271,17.513322666666667
633.9014999999999,4.538154850755284,34.35625768392583,32.7716179556533,218.36737880251843,2026-06-25 05:43:28.698543,NaN,NaN,NaN,-34.786271,17.513322666666667
634.001,4.531133921957743,34.355917401132636,32.76452688664211,218.12272558317633,2026-06-25 05:43:28.623563,NaN,NaN,NaN,-34.786271,17.513322666666667
634.435,4.526422933300377,34.35569723263717,32.759705444128365,218.48288483554146,2026-06-25 05:43:28.573576,NaN,NaN,NaN,-34.786271,17.513322666666667
634.648,4.5217642297253136,34.35548223952052,32.754924259089925,218.22132281628143,2026-06-25 05:43:28.523589,NaN,NaN,NaN,-34.786271,17.513322666666667
634.966,4.517227533448149,34.355272542438804,32.75029269614898,218.26269087098717,2026-06-25 05:43:28.473602,NaN,NaN,NaN,-34.786271,17.513322666666667
635.099,4.510862082626904,34.3549688710732,32.74392688872423,218.3191089657776,2026-06-25 05:43:28.398621,NaN,NaN,NaN,-34.786271,17.513322666666667
635.469,4.505122400834609,34.35467633640456,32.738392022323715,218.38166121399016,2026-06-25 05:43:28.323641,NaN,NaN,NaN,-34.786271,17.513322666666667
635.6986666666667,4.499126172827247,34.354309223509574,32.733063387689896,218.1165406173646,2026-06-25 05:43:28.223667,NaN,NaN,NaN,-34.786271,17.513322666666667
636.313,4.494671144757184,34.35396170847906,32.72940695968955,218.1503293072413,2026-06-25 05:43:28.123693,NaN,NaN,NaN,-34.786271,17.513322666666667
636.712,4.492012360966774,34.35364330420429,32.727454739983905,217.870075898912,2026-06-25 05:43:28.023719,NaN,NaN,NaN,-34.786271,17.513322666666667
636.8585,4.492156645508105,34.353640236345235,32.72757618923022,217.86896794446,2026-06-25 05:43:28.023719,NaN,NaN,NaN,-34.786271,17.513322666666667
637.309,4.489933885454692,34.353123915060685,32.726215725404444,217.89103424224825,2026-06-25 05:43:27.840434,NaN,NaN,NaN,-34.786271,17.513322666666667
637.392,4.489708793981316,34.35307124350386,32.726077170377714,217.88954270915139,2026-06-25 05:43:27.823771,NaN,NaN,NaN,-34.786271,17.513322666666667
637.727,4.489452307328187,34.35294462231789,32.725988066433025,217.89785959756583,2026-06-25 05:43:27.773784,NaN,NaN,NaN,-34.786271,17.513322666666667
637.863,4.489052240399363,34.35271028962279,32.725875688934394,217.90871104735933,2026-06-25 05:43:27.673810,NaN,NaN,NaN,-34.786271,17.513322666666667
638.2435,4.488765145633881,34.35255190752702,32.72572977943872,217.91057631164628,2026-06-25 05:43:27.598830,NaN,NaN,NaN,-34.786271,17.513322666666667
638.65,4.488446428926269,34.35240615052151,32.725484552708586,217.91993922698646,2026-06-25 05:43:27.523849,NaN,NaN,NaN,-34.786271,17.513322666666667
638.9675,4.488036201628643,34.35227612793357,32.725112305584915,217.6236516964488,2026-06-25 05:43:27.448869,NaN,NaN,NaN,-34.786271,17.513322666666667
639.087,4.487517975107762,34.35215862879964,32.72465948915711,217.62768627408965,2026-06-25 05:43:27.373889,NaN,NaN,NaN,-34.786271,17.513322666666667
639.386,4.487091354018246,34.352088595009626,32.72431887986975,217.6435414982234,2026-06-25 05:43:27.323902,NaN,NaN,NaN,-34.786271,17.513322666666667
639.529,4.48660511521568,34.35202473891594,32.72396109789997,217.64755762475173,2026-06-25 05:43:27.273915,NaN,NaN,NaN,-34.786271,17.513322666666667
639.92,4.486068950077153,34.351967016252814,32.72359574946857,217.65067608951435,2026-06-25 05:43:27.223928,NaN,NaN,NaN,-34.786271,17.513322666666667
640.078,4.485497397487605,34.35191537704228,32.72323286977601,217.65881060141604,2026-06-25 05:43:27.173941,NaN,NaN,NaN,-34.786271,17.513322666666667
640.385,4.484904481215103,34.351869765736666,32.72288340369347,217.67557893223133,2026-06-25 05:43:27.123954,NaN,NaN,NaN,-34.786271,17.513322666666667
640.489,4.484007644167365,34.351813249534246,32.72241292404726,217.68312742497804,2026-06-25 05:43:27.048973,NaN,NaN,NaN,-34.786271,17.513322666666667
640.966,4.48287764787355,34.3517573827892,32.721912202694064,217.39414697158384,2026-06-25 05:43:26.948999,NaN,NaN,NaN,-34.786271,17.513322666666667
641.232,4.481609464409594,34.35172165841089,32.72147959828374,217.39984529245407,2026-06-25 05:43:26.824032,NaN,NaN,NaN,-34.786271,17.513322666666667
641.482,4.481598101842215,34.351718910232606,32.72147977963381,217.40409121330492,2026-06-25 05:43:26.824032,NaN,NaN,NaN,-34.786271,17.513322666666667
641.666,4.480515540057861,34.351718910232606,32.72114827873752,217.42037208607394,2026-06-25 05:43:26.724058,NaN,NaN,NaN,-34.786271,17.513322666666667
642.009,4.479859905329786,34.35172165841089,32.72091669281757,217.43418435759617,2026-06-25 05:43:26.674071,NaN,NaN,NaN,-34.786271,17.513322666666667
642.3045,4.477775022213702,34.351729299950165,32.719894727005666,217.14693099531306,2026-06-25 05:43:26.549104,NaN,NaN,NaN,-34.786271,17.513322666666667
642.471,4.479109001714595,34.351755188423645,32.7206019597216,217.14154067492126,2026-06-25 05:43:26.624084,NaN,NaN,NaN,-34.786271,17.513322666666667
642.662,4.476213142306703,34.35179093735315,32.718900981885525,217.16904316920187,2026-06-25 05:43:26.474123,NaN,NaN,NaN,-34.786271,17.513322666666667
642.958,4.475005823893623,34.35182115297163,32.718032482464295,217.17814891225137,2026-06-25 05:43:26.424136,NaN,NaN,NaN,-34.786271,17.513322666666667
643.15,4.4736738628082495,34.35185600846345,32.71701552286782,217.1904339316066,2026-06-25 05:43:26.374149,NaN,NaN,NaN,-34.786271,17.513322666666667
643.305,4.472227751470715,34.35189538269099,32.715870283805955,216.9129357378527,2026-06-25 05:43:26.324162,NaN,NaN,NaN,-34.786271,17.513322666666667
643.734,4.470686858421848,34.351939152053404,32.71463062496171,216.93563010754156,2026-06-25 05:43:26.274175,NaN,NaN,NaN,-34.786271,17.513322666666667
643.88,4.467463502788608,34.351987190687375,32.71205475839932,216.96789880092803,2026-06-25 05:43:26.174201,NaN,NaN,NaN,-34.786271,17.513322666666667
644.012,4.469083814334602,34.35203937066742,32.71334160579443,216.95711480961734,2026-06-25 05:43:26.224188,NaN,NaN,NaN,-34.786271,17.513322666666667
644.281,4.465871936152674,34.3520955622054,32.71082131145073,216.98343088280615,2026-06-25 05:43:26.124214,NaN,NaN,NaN,-34.786271,17.513322666666667
644.6265000000001,4.463613869082771,34.352187543263355,32.70916851279681,216.6998514612839,2026-06-25 05:43:26.049234,NaN,NaN,NaN,-34.786271,17.513322666666667
644.935,4.461491585121251,34.352286884500074,32.70773984307832,216.7190165454905,2026-06-25 05:43:25.974253,NaN,NaN,NaN,-34.786271,17.513322666666667
645.122,4.460133439324325,34.35235779404353,32.706914338261306,216.73837357917216,2026-06-25 05:43:25.924266,NaN,NaN,NaN,-34.786271,17.513322666666667
645.2915,4.458078808680323,34.35247077304736,32.705762609004864,216.448836835457,2026-06-25 05:43:25.849286,NaN,NaN,NaN,-34.786271,17.513322666666667
645.6,4.455907982356733,34.35259002406536,32.70456708173571,216.46820413619352,2026-06-25 05:43:25.774306,NaN,NaN,NaN,-34.786271,17.513322666666667
645.917,4.454311420140159,34.35267347678369,32.70363950092837,216.4900099261293,2026-06-25 05:43:25.724319,NaN,NaN,NaN,-34.786271,17.513322666666667
646.267,4.450516989714869,34.35284861953641,32.701076486689914,216.52872692171374,2026-06-25 05:43:25.624345,NaN,NaN,NaN,-34.786271,17.513322666666667
646.46,4.4506098467718616,34.35284987763069,32.70120846497102,216.22872697541357,2026-06-25 05:43:25.624345,NaN,NaN,NaN,-34.786271,17.513322666666667
646.703,4.446185973948251,34.353033827392274,32.69775035542029,216.27491385403985,2026-06-25 05:43:25.524371,NaN,NaN,NaN,-34.786271,17.513322666666667
646.934,4.441265455918338,34.353228004084144,32.69336840562967,216.33413676089702,2026-06-25 05:43:25.424397,NaN,NaN,NaN,-34.786271,17.513322666666667
647.2565,4.441258991636062,34.35322898935999,32.6933293324112,216.33197869964556,2026-06-25 05:43:25.424397,NaN,NaN,NaN,-34.786271,17.513322666666667
647.649,4.436291248925555,34.35343006394399,32.68867746960947,216.373619447684,2026-06-25 05:43:25.324423,NaN,NaN,NaN,-34.786271,17.513322666666667
647.808,4.433919200343025,34.35353371486189,32.68644305183495,216.09498523314963,2026-06-25 05:43:25.274436,NaN,NaN,NaN,-34.786271,17.513322666666667
648.041,4.431662674142878,34.35363893664239,32.68436801332108,216.1158279591166,2026-06-25 05:43:25.224449,NaN,NaN,NaN,-34.786271,17.513322666666667
648.284,4.4285161662123365,34.353799585107126,32.68161953047438,216.13955190871144,2026-06-25 05:43:25.149468,NaN,NaN,NaN,-34.786271,17.513322666666667
648.507,4.425587236869642,34.353962728028606,32.679205218690804,216.17251752198206,2026-06-25 05:43:25.074488,NaN,NaN,NaN,-34.786271,17.513322666666667
648.8810000000001,4.422882667435798,34.3541285158678,32.677101187454404,216.04389421400305,2026-06-25 05:43:24.999507,NaN,NaN,NaN,-34.786271,17.513322666666667
649.17,4.419515278492852,34.35435237411724,32.67449207622951,216.0743862696453,2026-06-25 05:43:24.899534,NaN,NaN,NaN,-34.786271,17.513322666666667
649.573,4.41561827162444,34.35452192359249,32.671242349246995,215.9662574832009,2026-06-25 05:43:24.774566,NaN,NaN,NaN,-34.786271,17.513322666666667
649.594,4.41713646424999,34.35463560562235,32.672556655174965,215.9513738143474,2026-06-25 05:43:24.824553,NaN,NaN,NaN,-34.786271,17.513322666666667
650.1475,4.41345536627846,34.35480676205687,32.66924990379154,215.98961658056356,2026-06-25 05:43:24.699586,NaN,NaN,NaN,-34.786271,17.513322666666667
650.303,4.410170964386952,34.35497827673845,32.666068505904136,216.00791564995455,2026-06-25 05:43:24.574618,NaN,NaN,NaN,-34.786271,17.513322666666667
650.446,4.411426712497482,34.35509268021543,32.66729448867834,216.00611571376433,2026-06-25 05:43:24.624605,NaN,NaN,NaN,-34.786271,17.513322666666667
650.711,4.4089841779055385,34.355206998929,32.664939774720324,216.02117625602466,2026-06-25 05:43:24.524631,NaN,NaN,NaN,-34.786271,17.513322666666667
650.815,4.407857624548647,34.35532113199736,32.66393152855182,215.75010564126725,2026-06-25 05:43:24.474644,NaN,NaN,NaN,-34.786271,17.513322666666667
651.1220000000001,4.406281103881321,34.355491716169695,32.662689639945526,215.7592182838802,2026-06-25 05:43:24.399664,NaN,NaN,NaN,-34.786271,17.513322666666667
651.786,4.403977982517665,34.35566144899866,32.661226310025555,215.78255087280945,2026-06-25 05:43:24.274696,NaN,NaN,NaN,-34.786271,17.513322666666667
651.853,4.404838752631641,34.35577388496079,32.66171697540931,215.77153149923902,2026-06-25 05:43:24.324683,NaN,NaN,NaN,-34.786271,17.513322666666667
652.0675,4.4028165128281405,34.35594119888631,32.66065363741252,215.79438151000136,2026-06-25 05:43:24.199716,NaN,NaN,NaN,-34.786271,17.513322666666667
652.276,4.401752783801008,34.35610696525844,32.66016672025362,215.79814142473148,2026-06-25 05:43:24.124735,NaN,NaN,NaN,-34.786271,17.513322666666667
652.651,4.401086295104192,34.35621631193774,32.65984781549039,215.81206285588425,2026-06-25 05:43:24.074749,NaN,NaN,NaN,-34.786271,17.513322666666667
652.838,4.399773060555718,34.35643147327093,32.65911813411805,215.52884921897467,2026-06-25 05:43:23.974775,NaN,NaN,NaN,-34.786271,17.513322666666667
653.0745,4.39976653020633,34.356432028325266,32.659095196024666,215.52938788940656,2026-06-25 05:43:23.974775,NaN,NaN,NaN,-34.786271,17.513322666666667
653.517,4.3976987725786305,34.356746467926165,32.657705358355436,215.54563661493228,2026-06-25 05:43:23.824814,NaN,NaN,NaN,-34.786271,17.513322666666667
653.7,4.397684550424504,34.356747118269,32.65769347570094,215.54921488642742,2026-06-25 05:43:23.824814,NaN,NaN,NaN,-34.786271,17.513322666666667
654.1015,4.39578969736441,34.35700065030237,32.65634680188835,215.58006885766426,2026-06-25 05:43:23.699846,NaN,NaN,NaN,-34.786271,17.513322666666667
654.212,4.394600960046978,34.35714879472422,32.655506298764244,215.58883042728604,2026-06-25 05:43:23.624866,NaN,NaN,NaN,-34.786271,17.513322666666667
654.425,4.3938359588893565,34.3572455564174,32.654946325316146,215.601718562313,2026-06-25 05:43:23.574879,NaN,NaN,NaN,-34.786271,17.513322666666667
654.929,4.3931196374072385,34.35734075929761,32.654392118745285,215.60660270742625,2026-06-25 05:43:23.524892,NaN,NaN,NaN,-34.786271,17.513322666666667
655.115,4.392151524161113,34.35748034051313,32.653584775678,215.60617457849514,2026-06-25 05:43:23.449911,NaN,NaN,NaN,-34.786271,17.513322666666667
655.318,4.391252040218038,34.357616601875556,32.65281545225847,215.61960821866597,2026-06-25 05:43:23.374931,NaN,NaN,NaN,-34.786271,17.513322666666667
655.549,4.390657024637268,34.35770517082414,32.65232848073005,215.33355576747584,2026-06-25 05:43:23.324944,NaN,NaN,NaN,-34.786271,17.513322666666667
655.676,4.390044168947622,34.35779199605265,32.6518488957034,215.639581206889,2026-06-25 05:43:23.274957,NaN,NaN,NaN,-34.786271,17.513322666666667
655.861,4.389412137550266,34.357877049162155,32.65136068186251,215.6445056384902,2026-06-25 05:43:23.224970,NaN,NaN,NaN,-34.786271,17.513322666666667
656.18,4.388766784674263,34.357960304558674,32.65085001393408,215.35602069007754,2026-06-25 05:43:23.174983,NaN,NaN,NaN,-34.786271,17.513322666666667
656.5135,4.3874503588642115,34.358120404729334,32.64971501260041,215.36754828226563,2026-06-25 05:43:23.075009,NaN,NaN,NaN,-34.786271,17.513322666666667
656.622,4.387454407954939,34.358121333699124,32.64973194490979,215.37031669932557,2026-06-25 05:43:23.075009,NaN,NaN,NaN,-34.786271,17.513322666666667
656.862,4.386107624940207,34.35827493377231,32.64848379393503,215.3828731127168,2026-06-25 05:43:22.975035,NaN,NaN,NaN,-34.786271,17.513322666666667
657.302,4.385411804812224,34.35834891292538,32.64782974262538,215.39057454891102,2026-06-25 05:43:22.925048,NaN,NaN,NaN,-34.786271,17.513322666666667
657.4455,4.384330085019551,34.35845609036822,32.646846419627266,215.40792275121484,2026-06-25 05:43:22.850068,NaN,NaN,NaN,-34.786271,17.513322666666667
657.9525,4.382839855465701,34.358592648652525,32.645552697590546,215.42380106596286,2026-06-25 05:43:22.750094,NaN,NaN,NaN,-34.786271,17.513322666666667
658.085,4.381707254215754,34.358690302334615,32.64458699785321,215.43079536325934,2026-06-25 05:43:22.675113,NaN,NaN,NaN,-34.786271,17.513322666666667
658.322,4.380185162216858,34.35875286705897,32.64330972944653,215.44787833708412,2026-06-25 05:43:22.575139,NaN,NaN,NaN,-34.786271,17.513322666666667
658.457,4.380948814871095,34.358813535032745,32.64394405291812,215.44161174016074,2026-06-25 05:43:22.625126,NaN,NaN,NaN,-34.786271,17.513322666666667
658.647,4.379412893425455,34.35887231437835,32.642696533356066,215.45481358723478,2026-06-25 05:43:22.525152,NaN,NaN,NaN,-34.786271,17.513322666666667
658.942,4.378631184912717,34.358929215582776,32.64211940469861,215.46862287624143,2026-06-25 05:43:22.475165,NaN,NaN,NaN,-34.786271,17.513322666666667
659.0695000000001,4.377454104732251,34.35901084430021,32.64136304384115,215.48284639102417,2026-06-25 05:43:22.400185,NaN,NaN,NaN,-34.786271,17.513322666666667
659.459,4.376304658782224,34.35908878997896,32.64074337763229,215.19789193961563,2026-06-25 05:43:22.325205,NaN,NaN,NaN,-34.786271,17.513322666666667
659.627,4.3755846553699635,34.359138329598416,32.64042600132579,215.20315170170076,2026-06-25 05:43:22.275218,NaN,NaN,NaN,-34.786271,17.513322666666667
659.882,4.374915700858178,34.3591860777972,32.64017268918572,215.51054090277339,2026-06-25 05:43:22.225231,NaN,NaN,NaN,-34.786271,17.513322666666667
660.016,4.374300556842918,34.35923205853811,32.63997183621767,215.21688418672287,2026-06-25 05:43:22.175244,NaN,NaN,NaN,-34.786271,17.513322666666667
660.354,4.37373314001639,34.359276297909716,32.63981235078417,215.2229846013046,2026-06-25 05:43:22.125257,NaN,NaN,NaN,-34.786271,17.513322666666667
660.459,4.373200966138023,34.35931882409115,32.63968698510126,215.22668117355875,2026-06-25 05:43:22.075270,NaN,NaN,NaN,-34.786271,17.513322666666667
660.713,4.37243022760396,34.35937926357725,32.63955829353536,215.24177615844744,2026-06-25 05:43:22.000289,NaN,NaN,NaN,-34.786271,17.513322666666667
660.947,4.371642968149697,34.35943643589029,32.639478089718324,215.24975788147339,2026-06-25 05:43:21.925309,NaN,NaN,NaN,-34.786271,17.513322666666667
661.258,4.371081122186794,34.3594724316506,32.63944200307358,214.95090267812338,2026-06-25 05:43:21.875322,NaN,NaN,NaN,-34.786271,17.513322666666667
661.464,4.370469605247653,34.35950688520125,32.639400515110225,214.96998787113964,2026-06-25 05:43:21.825335,NaN,NaN,NaN,-34.786271,17.513322666666667
661.77,4.369785289315775,34.35953983648888,32.63933286089712,214.97989974301927,2026-06-25 05:43:21.775348,NaN,NaN,NaN,-34.786271,17.513322666666667
661.9225,4.368557139144105,34.3595863642087,32.63910487170507,214.98764006912614,2026-06-25 05:43:21.700367,NaN,NaN,NaN,-34.786271,17.513322666666667
662.166,4.367076415755156,34.35963010332758,32.638649542756426,215.0045648096739,2026-06-25 05:43:21.625387,NaN,NaN,NaN,-34.786271,17.513322666666667
662.688,4.364390429825437,34.35968296935748,32.637225705433146,215.03387418262733,2026-06-25 05:43:21.525413,NaN,NaN,NaN,-34.786271,17.513322666666667
662.847,4.362788104287414,34.359707870822845,32.63619291593544,215.0541580413681,2026-06-25 05:43:21.475426,NaN,NaN,NaN,-34.786271,17.513322666666667
663.1415,4.3578968713370925,34.359765497176966,32.632482194881646,214.80403336638193,2026-06-25 05:43:21.350459,NaN,NaN,NaN,-34.786271,17.513322666666667
663.573,4.354274445305729,34.35979675861821,32.62934231433913,214.83207929766817,2026-06-25 05:43:21.275478,NaN,NaN,NaN,-34.786271,17.513322666666667
663.683,4.351582020929991,34.35981631003432,32.62686147107046,214.8610253747373,2026-06-25 05:43:21.225491,NaN,NaN,NaN,-34.786271,17.513322666666667
664.1015,4.347169990096147,34.359843878596514,32.62261208076161,214.90530241227006,2026-06-25 05:43:21.150511,NaN,NaN,NaN,-34.786271,17.513322666666667
664.313,4.339262777352345,34.35986983916048,32.6147300669357,214.70695483484153,2026-06-25 05:43:21.025543,NaN,NaN,NaN,-34.786271,17.513322666666667
664.437,4.3361063394272765,34.359886176743174,32.61156668480227,214.72443102507862,2026-06-25 05:43:20.975556,NaN,NaN,NaN,-34.786271,17.513322666666667
664.658,4.34247407777415,34.359901865634384,32.617955382833756,214.96283829210768,2026-06-25 05:43:21.075530,NaN,NaN,NaN,-34.786271,17.513322666666667
664.965,4.33035958906809,34.359916969654954,32.60586958792738,214.76962990030813,2026-06-25 05:43:20.875582,NaN,NaN,NaN,-34.786271,17.513322666666667
665.134,4.333109070248115,34.359931553453976,32.6085831916732,214.74650057324507,2026-06-25 05:43:20.925569,NaN,NaN,NaN,-34.786271,17.513322666666667
665.2339999999999,4.326852052366606,34.35995255254922,32.60246912011694,214.79903303965435,2026-06-25 05:43:20.800602,NaN,NaN,NaN,-34.786271,17.513322666666667
665.7,4.3239965366274,34.359972840824945,32.599775369428684,214.81996556472734,2026-06-25 05:43:20.725622,NaN,NaN,NaN,-34.786271,17.513322666666667
665.806,4.322512479798628,34.359986004095504,32.5984176235423,214.5281172383072,2026-06-25 05:43:20.675635,NaN,NaN,NaN,-34.786271,17.513322666666667
666.032,4.321306675891821,34.35999898009773,32.59733412224292,214.54347039998004,2026-06-25 05:43:20.625648,NaN,NaN,NaN,-34.786271,17.513322666666667
666.264,4.320335061341498,34.36001183680405,32.59647319859995,214.55767180557538,2026-06-25 05:43:20.575661,NaN,NaN,NaN,-34.786271,17.513322666666667
666.4694999999999,4.31923404731396,34.36003105397057,32.595515510494295,214.56354114480854,2026-06-25 05:43:20.500680,NaN,NaN,NaN,-34.786271,17.513322666666667
666.767,4.318390819670824,34.36005037441991,32.594811665471994,214.5689534856808,2026-06-25 05:43:20.425700,NaN,NaN,NaN,-34.786271,17.513322666666667
667.041,4.317936315633459,34.36006343781502,32.59447317165242,214.58088325243966,2026-06-25 05:43:20.375713,NaN,NaN,NaN,-34.786271,17.513322666666667
667.4995,4.317301886022533,34.36008351297395,32.5940914675619,214.58849577748398,2026-06-25 05:43:20.300732,NaN,NaN,NaN,-34.786271,17.513322666666667
667.709,4.316393097831759,34.360111420932974,32.59365274183743,214.60388829741154,2026-06-25 05:43:20.200758,NaN,NaN,NaN,-34.786271,17.513322666666667
668.006,4.315589376632336,34.36013346186537,32.59326935975194,214.31239256004122,2026-06-25 05:43:20.125778,NaN,NaN,NaN,-34.786271,17.513322666666667
668.237,4.314955549695508,34.36014888220069,32.59293178377533,214.32132960220002,2026-06-25 05:43:20.075791,NaN,NaN,NaN,-34.786271,17.513322666666667
668.586,4.314225108727901,34.360164930412836,32.592501023300386,214.63560446226998,2026-06-25 05:43:20.025804,NaN,NaN,NaN,-34.786271,17.513322666666667
668.72,4.31337801381875,34.36018167222256,32.5919510222284,214.63773784382312,2026-06-25 05:43:19.975817,NaN,NaN,NaN,-34.786271,17.513322666666667
669.0115000000001,4.3118314009799015,34.360208334234116,32.590828248185204,214.34997316981222,2026-06-25 05:43:19.900836,NaN,NaN,NaN,-34.786271,17.513322666666667
669.336,4.309969230423114,34.360236705169775,32.58936980900145,214.3818443914116,2026-06-25 05:43:19.825856,NaN,NaN,NaN,-34.786271,17.513322666666667
669.39,4.308501019412183,34.36025686299773,32.58817245988648,214.39689872567595,2026-06-25 05:43:19.775869,NaN,NaN,NaN,-34.786271,17.513322666666667
669.623,4.306876445380085,34.36027803066475,32.5868282327854,214.41096836381348,2026-06-25 05:43:19.725882,NaN,NaN,NaN,-34.786271,17.513322666666667
670.0343333333334,4.303309631099731,34.36032403095808,32.58384822785203,214.46119482041908,2026-06-25 05:43:19.625908,NaN,NaN,NaN,-34.786271,17.513322666666667
670.436,4.299674190564442,34.36037398648511,32.58080363210604,214.48372883347383,2026-06-25 05:43:19.525934,NaN,NaN,NaN,-34.786271,17.513322666666667
670.638,4.2979376842582075,34.36040108240055,32.57933927452354,214.2015587606961,2026-06-25 05:43:19.475947,NaN,NaN,NaN,-34.786271,17.513322666666667
670.847,4.295513162138408,34.360444456877694,32.57728785085296,214.22297747141099,2026-06-25 05:43:19.400967,NaN,NaN,NaN,-34.786271,17.513322666666667
671.168,4.291879523420003,34.3604906907818,32.57430276287386,214.25519294806512,2026-06-25 05:43:19.275999,NaN,NaN,NaN,-34.786271,17.513322666666667
671.306,4.293267336537528,34.36052350234112,32.575415553536786,214.2423079653146,2026-06-25 05:43:19.325986,NaN,NaN,NaN,-34.786271,17.513322666666667
671.7555,4.289955137595314,34.360575844855866,32.572849078904305,214.13469909790402,2026-06-25 05:43:19.201019,NaN,NaN,NaN,-34.786271,17.513322666666667
672.137,4.28821070254026,34.36063142451372,32.571608527436204,214.3040921016687,2026-06-25 05:43:19.126038,NaN,NaN,NaN,-34.786271,17.513322666666667
672.2745,4.286769732297862,34.36069120891405,32.57060851403415,214.31450102994714,2026-06-25 05:43:19.051058,NaN,NaN,NaN,-34.786271,17.513322666666667
672.692,4.285323665048996,34.360776756224126,32.56950457690566,214.022575603267,2026-06-25 05:43:18.951084,NaN,NaN,NaN,-34.786271,17.513322666666667
673.113,4.2842918815365385,34.360869554427495,32.56853405208083,214.02827069471056,2026-06-25 05:43:18.851110,NaN,NaN,NaN,-34.786271,17.513322666666667
673.275,4.283583091417099,34.360943826264815,32.567829178222084,214.04556458035339,2026-06-25 05:43:18.776130,NaN,NaN,NaN,-34.786271,17.513322666666667
673.669,4.282787729931366,34.361022896053036,32.56714135905993,214.06201296078478,2026-06-25 05:43:18.701149,NaN,NaN,NaN,-34.786271,17.513322666666667
673.855,4.281922199359164,34.3611058793831,32.5664827068887,214.07335670474825,2026-06-25 05:43:18.626169,NaN,NaN,NaN,-34.786271,17.513322666666667
674.293,4.281335749651891,34.36116384726382,32.5660796718056,214.07696682265248,2026-06-25 05:43:18.576182,NaN,NaN,NaN,-34.786271,17.513322666666667
674.459,4.280232582438431,34.36128582475489,32.565419833963524,213.79163560387175,2026-06-25 05:43:18.476208,NaN,NaN,NaN,-34.786271,17.513322666666667
674.6845000000001,4.280246664570999,34.361286844412284,32.56544868842159,213.7919566747629,2026-06-25 05:43:18.476208,NaN,NaN,NaN,-34.786271,17.513322666666667
675.159,4.27923896523867,34.3614159572275,32.564980669529064,213.80320221432225,2026-06-25 05:43:18.376234,NaN,NaN,NaN,-34.786271,17.513322666666667
675.205,4.278775649849433,34.3614841102973,32.56482049186368,213.8059276328343,2026-06-25 05:43:18.326247,NaN,NaN,NaN,-34.786271,17.513322666666667
675.41,4.277906745764052,34.36155433199899,32.5645478043908,213.8261848731737,2026-06-25 05:43:18.226273,NaN,NaN,NaN,-34.786271,17.513322666666667
675.617,4.278332247387093,34.36162662752844,32.56468070060672,213.8188803085177,2026-06-25 05:43:18.276260,NaN,NaN,NaN,-34.786271,17.513322666666667
675.853,4.2774999850523505,34.36170099979524,32.56440897364767,213.8252994351917,2026-06-25 05:43:18.176286,NaN,NaN,NaN,-34.786271,17.513322666666667
676.076,4.2771155326809005,34.36177744942897,32.564252184431176,213.83276883356194,2026-06-25 05:43:18.126299,NaN,NaN,NaN,-34.786271,17.513322666666667
676.216,4.276753075450738,34.36185597478877,32.56406830217322,213.83585075410764,2026-06-25 05:43:18.076312,NaN,NaN,NaN,-34.786271,17.513322666666667
676.513,4.276229268871121,34.361977903414385,32.56372615773172,213.54738022721918,2026-06-25 05:43:18.001332,NaN,NaN,NaN,-34.786271,17.513322666666667
676.893,4.27568818187068,34.36210395505623,32.56330868747161,213.55532067329779,2026-06-25 05:43:17.926351,NaN,NaN,NaN,-34.786271,17.513322666666667
677.078,4.275070531951647,34.362235122534486,32.562776935648984,213.55832242494475,2026-06-25 05:43:17.851371,NaN,NaN,NaN,-34.786271,17.513322666666667
677.351,4.274069389941028,34.36241675439756,32.56190346855376,213.2793396697906,2026-06-25 05:43:17.751397,NaN,NaN,NaN,-34.786271,17.513322666666667
677.719,4.273153107098695,34.362557971070444,32.56115376124015,213.2908019770651,2026-06-25 05:43:17.676416,NaN,NaN,NaN,-34.786271,17.513322666666667
677.854,4.272458298615198,34.36265473860721,32.560630116332575,213.29898737347554,2026-06-25 05:43:17.626429,NaN,NaN,NaN,-34.786271,17.513322666666667
678.101,4.27171481784373,34.362753445112574,32.56010784644887,213.31195550031697,2026-06-25 05:43:17.576442,NaN,NaN,NaN,-34.786271,17.513322666666667
678.65,4.270146095920591,34.362956573056756,32.559130357854954,213.0335983420051,2026-06-25 05:43:17.476468,NaN,NaN,NaN,-34.786271,17.513322666666667
678.8876666666666,4.269619437096567,34.36302737890861,32.55886959639962,213.05113062422168,2026-06-25 05:43:17.443144,NaN,NaN,NaN,-34.786271,17.513322666666667
679.129,4.267785545255863,34.36327512130591,32.557948103727924,213.05673107980695,2026-06-25 05:43:17.326508,NaN,NaN,NaN,-34.786271,17.513322666666667
679.556,4.267004768971704,34.36338487180759,32.55760167342102,213.07156011843847,2026-06-25 05:43:17.276521,NaN,NaN,NaN,-34.786271,17.513322666666667
679.7270000000001,4.265829073720982,34.363552930994445,32.55704630085236,212.9352262002953,2026-06-25 05:43:17.201540,NaN,NaN,NaN,-34.786271,17.513322666666667
679.988,4.264641025945976,34.36372432945019,32.5564022188704,212.79284979947076,2026-06-25 05:43:17.126560,NaN,NaN,NaN,-34.786271,17.513322666666667
680.051,4.263820198834871,34.363840755624125,32.55589295958644,212.7940206915927,2026-06-25 05:43:17.076573,NaN,NaN,NaN,-34.786271,17.513322666666667
680.441,4.2629457083745255,34.36395875094646,32.55531859934756,212.8089515434377,2026-06-25 05:43:17.026586,NaN,NaN,NaN,-34.786271,17.513322666666667
680.736,4.261986057093466,34.36407827290089,32.554680159518824,212.83035861581027,2026-06-25 05:43:16.976599,NaN,NaN,NaN,-34.786271,17.513322666666667
680.865,4.260919514654709,34.36419927780035,32.55397955027546,212.83687504729068,2026-06-25 05:43:16.926612,NaN,NaN,NaN,-34.786271,17.513322666666667
681.1034999999999,4.259104530775183,34.36438363858788,32.55279805287681,212.56100753657856,2026-06-25 05:43:16.851631,NaN,NaN,NaN,-34.786271,17.513322666666667
681.513,4.257108322383712,34.364570737412635,32.55146828917184,212.29842836808837,2026-06-25 05:43:16.776651,NaN,NaN,NaN,-34.786271,17.513322666666667
681.679,4.255689446569783,34.36469721661392,32.55047595140291,212.30707314215107,2026-06-25 05:43:16.726664,NaN,NaN,NaN,-34.786271,17.513322666666667
681.803,4.254234635925015,34.364824945592105,32.54941339491247,212.3189652781907,2026-06-25 05:43:16.676677,NaN,NaN,NaN,-34.786271,17.513322666666667
682.1085,4.252032114262055,34.36501891583312,32.54773437984338,212.32938001217687,2026-06-25 05:43:16.601696,NaN,NaN,NaN,-34.786271,17.513322666666667
682.446,4.249112794767752,34.365281254751324,32.54549039990465,212.2298461272805,2026-06-25 05:43:16.501723,NaN,NaN,NaN,-34.786271,17.513322666666667
682.679,4.246987831652699,34.36548060363429,32.543903801075516,212.09073060396133,2026-06-25 05:43:16.426742,NaN,NaN,NaN,-34.786271,17.513322666666667
683.0895,4.245039372143698,34.365682324366915,32.54251576953911,212.1163655282052,2026-06-25 05:43:16.351762,NaN,NaN,NaN,-34.786271,17.513322666666667
683.42,4.243280349433813,34.36588578900515,32.54132962244249,211.8334130008266,2026-06-25 05:43:16.276781,NaN,NaN,NaN,-34.786271,17.513322666666667
683.649,4.242240026199901,34.3660225093197,32.540677937253,211.84758706492445,2026-06-25 05:43:16.226794,NaN,NaN,NaN,-34.786271,17.513322666666667
683.791,4.241295961129988,34.36615997365128,32.5401234333868,211.8604524850475,2026-06-25 05:43:16.176807,NaN,NaN,NaN,-34.786271,17.513322666666667
684.097,4.240437412345969,34.366298131111556,32.53965372135434,211.86751526589327,2026-06-25 05:43:16.126820,NaN,NaN,NaN,-34.786271,17.513322666666667
684.222,4.238915133317308,34.36657632342025,32.538888772076746,211.87607106824782,2026-06-25 05:43:16.026846,NaN,NaN,NaN,-34.786271,17.513322666666667
684.408,4.2389067411961605,34.36657659470451,32.538884820902744,211.8744071195549,2026-06-25 05:43:16.026846,NaN,NaN,NaN,-34.786271,17.513322666666667
684.7049999999999,4.236608282844463,34.366997559586785,32.53768388261041,211.60771859645172,2026-06-25 05:43:15.876885,NaN,NaN,NaN,-34.786271,17.513322666666667
684.923,4.2366446590324855,34.36699775804824,32.53771892968569,211.61130070816662,2026-06-25 05:43:15.876885,NaN,NaN,NaN,-34.786271,17.513322666666667
685.264,4.23482535308214,34.36728044934922,32.536635976308865,211.62683055801867,2026-06-25 05:43:15.776911,NaN,NaN,NaN,-34.786271,17.513322666666667
685.538,4.233779748703801,34.367422372778734,32.53596139684767,211.6379842676863,2026-06-25 05:43:15.726924,NaN,NaN,NaN,-34.786271,17.513322666666667
685.676,4.23264021453128,34.36756455455553,32.53520017835378,211.65179154552945,2026-06-25 05:43:15.676938,NaN,NaN,NaN,-34.786271,17.513322666666667
685.922,4.230761532311638,34.367778233778544,32.53392531322406,211.3865251137291,2026-06-25 05:43:15.601957,NaN,NaN,NaN,-34.786271,17.513322666666667
686.163,4.228763932048932,34.367992212724786,32.5325798095394,211.40383268040517,2026-06-25 05:43:15.526977,NaN,NaN,NaN,-34.786271,17.513322666666667
686.462,4.227402630383724,34.3681349963027,32.53168168251828,211.4168185751204,2026-06-25 05:43:15.476990,NaN,NaN,NaN,-34.786271,17.513322666666667
686.726,4.225388890974839,34.36834924941965,32.53038273089936,211.43442678089426,2026-06-25 05:43:15.402009,NaN,NaN,NaN,-34.786271,17.513322666666667
687.068,4.223420437946659,34.36856348607718,32.52912355995449,211.16048358091155,2026-06-25 05:43:15.327029,NaN,NaN,NaN,-34.786271,17.513322666666667
687.4895,4.221483684433585,34.368777568294426,32.52784515286087,211.175711308722,2026-06-25 05:43:15.252048,NaN,NaN,NaN,-34.786271,17.513322666666667
687.649,4.219534217194547,34.368991426100905,32.52648731508781,211.19887892738362,2026-06-25 05:43:15.177068,NaN,NaN,NaN,-34.786271,17.513322666666667
687.865,4.218208076471017,34.36913379593525,32.525506553629725,210.9226340211486,2026-06-25 05:43:15.127081,NaN,NaN,NaN,-34.786271,17.513322666666667
688.038,4.214833311203128,34.36927597731699,32.52284573298146,210.9532590924932,2026-06-25 05:43:15.002113,NaN,NaN,NaN,-34.786271,17.513322666666667
688.222,4.216861410002262,34.369488804391395,32.524468911832344,210.93231924821055,2026-06-25 05:43:15.077094,NaN,NaN,NaN,-34.786271,17.513322666666667
688.737,4.211572818123584,34.36984229217504,32.52023348656651,210.98418172743558,2026-06-25 05:43:14.877146,NaN,NaN,NaN,-34.786271,17.513322666666667
689.043,4.210816695447815,34.36993598595717,32.519691001668036,210.70990865917938,2026-06-25 05:43:14.843821,NaN,NaN,NaN,-34.786271,17.513322666666667
689.496,4.207667698256543,34.37033378104809,32.51749988905436,210.73107617102986,2026-06-25 05:43:14.702192,NaN,NaN,NaN,-34.786271,17.513322666666667
689.621,4.206196379675779,34.37054314400882,32.51663457926503,210.74114628783175,2026-06-25 05:43:14.627211,NaN,NaN,NaN,-34.786271,17.513322666666667
689.867,4.205271590979616,34.37068220824052,32.5161168429848,210.46035251367084,2026-06-25 05:43:14.577224,NaN,NaN,NaN,-34.786271,17.513322666666667
690.143,4.204385041424341,34.3708208761721,32.515614650572736,210.47409240039576,2026-06-25 05:43:14.527237,NaN,NaN,NaN,-34.786271,17.513322666666667
690.254,4.203534833033341,34.370959139542954,32.515111182516726,210.4792504127623,2026-06-25 05:43:14.477250,NaN,NaN,NaN,-34.786271,17.513322666666667
690.441,4.2027212967583845,34.371096991858906,32.51459663897253,210.48836170925384,2026-06-25 05:43:14.427263,NaN,NaN,NaN,-34.786271,17.513322666666667
690.988,4.201946113552062,34.37123442837759,32.51407020820078,210.50063623649953,2026-06-25 05:43:14.377276,NaN,NaN,NaN,-34.786271,17.513322666666667
691.016,4.201209803881699,34.37137144609019,32.51354084491928,210.50787455041672,2026-06-25 05:43:14.327289,NaN,NaN,NaN,-34.786271,17.513322666666667
691.3105,4.200177510179209,34.37157613264705,32.512779259900036,210.5121450946579,2026-06-25 05:43:14.252309,NaN,NaN,NaN,-34.786271,17.513322666666667
691.512,4.1992019231316755,34.37177998182175,32.51208713562623,210.22799945427138,2026-06-25 05:43:14.177328,NaN,NaN,NaN,-34.786271,17.513322666666667
691.75,4.197953530179949,34.371915328052395,32.51133310797589,210.25349073190193,2026-06-25 05:43:14.077354,NaN,NaN,NaN,-34.786271,17.513322666666667
691.888,4.198573289596105,34.37205026554738,32.511687591213615,210.2480122539052,2026-06-25 05:43:14.127341,NaN,NaN,NaN,-34.786271,17.513322666666667
692.029,4.196773075468237,34.372184801118365,32.510699971482616,210.2582720159784,2026-06-25 05:43:13.977381,NaN,NaN,NaN,-34.786271,17.513322666666667
692.233,4.197348930302329,34.37231894308605,32.511010352416456,210.26048492796002,2026-06-25 05:43:14.027367,NaN,NaN,NaN,-34.786271,17.513322666666667
692.488,4.196235271942915,34.37245270123542,32.510381817786964,210.2648965859481,2026-06-25 05:43:13.927394,NaN,NaN,NaN,-34.786271,17.513322666666667
692.657,4.195733096840846,34.372586086768194,32.51003942634417,210.26540380705435,2026-06-25 05:43:13.877407,NaN,NaN,NaN,-34.786271,17.513322666666667
692.9105,4.195022995992053,34.37278545191166,32.509464795494736,210.28479374015816,2026-06-25 05:43:13.802426,NaN,NaN,NaN,-34.786271,17.513322666666667
693.45,4.194116412585274,34.373050156667055,32.50865769597074,210.003680033536,2026-06-25 05:43:13.702452,NaN,NaN,NaN,-34.786271,17.513322666666667
693.778,4.19347741583565,34.37324790987844,32.50810474797242,210.0096904843571,2026-06-25 05:43:13.627472,NaN,NaN,NaN,-34.786271,17.513322666666667
694.003,4.193075192277201,34.3733793676482,32.50779928347527,210.01705893952462,2026-06-25 05:43:13.577485,NaN,NaN,NaN,-34.786271,17.513322666666667
694.307,4.1924806035727045,34.37357604645415,32.50743583568292,209.8725046824164,2026-06-25 05:43:13.502504,NaN,NaN,NaN,-34.786271,17.513322666666667
694.401,4.191865967392297,34.373772269627366,32.507149482224655,209.73635638285808,2026-06-25 05:43:13.427524,NaN,NaN,NaN,-34.786271,17.513322666666667
694.778,4.1914285362739685,34.373902817835365,32.50700664604435,209.74872500618235,2026-06-25 05:43:13.377537,NaN,NaN,NaN,-34.786271,17.513322666666667
694.929,4.190972582255096,34.37403319415674,32.5069011609455,209.75567040564715,2026-06-25 05:43:13.327550,NaN,NaN,NaN,-34.786271,17.513322666666667
695.032,4.190516697321371,34.37416342225605,32.50682895444599,209.76216995064036,2026-06-25 05:43:13.277563,NaN,NaN,NaN,-34.786271,17.513322666666667
695.362,4.190088542243026,34.37429352640684,32.506780499021495,209.76722010410936,2026-06-25 05:43:13.227576,NaN,NaN,NaN,-34.786271,17.513322666666667
695.451,4.1897142144184185,34.374423531420334,32.50674472620967,209.76975866575586,2026-06-25 05:43:13.177589,NaN,NaN,NaN,-34.786271,17.513322666666667
695.662,4.189409857347318,34.37455346257372,32.50671208165004,209.77307651275476,2026-06-25 05:43:13.127602,NaN,NaN,NaN,-34.786271,17.513322666666667
695.97,4.189177804075321,34.374683345538,32.50667618883088,209.76667401640222,2026-06-25 05:43:13.077615,NaN,NaN,NaN,-34.786271,17.513322666666667
696.132,4.189006483635582,34.374813206305625,32.506636093542745,209.77569979597888,2026-06-25 05:43:13.027628,NaN,NaN,NaN,-34.786271,17.513322666666667
696.394,4.188874067511301,34.37494307111807,32.506597257502946,209.77862073666313,2026-06-25 05:43:12.977641,NaN,NaN,NaN,-34.786271,17.513322666666667
696.6655000000001,4.188696111871286,34.3751379425241,32.50656159180821,209.78347791940988,2026-06-25 05:43:12.902661,NaN,NaN,NaN,-34.786271,17.513322666666667
696.886,4.188346050300371,34.37533295445708,32.50658007982588,209.78189528208696,2026-06-25 05:43:12.777693,NaN,NaN,NaN,-34.786271,17.513322666666667
697.069,4.188500348000609,34.37546310031785,32.50655948527717,209.7894669949995,2026-06-25 05:43:12.827680,NaN,NaN,NaN,-34.786271,17.513322666666667
697.37,4.187974533122966,34.37559338264521,32.506653215222684,209.51192800553235,2026-06-25 05:43:12.677719,NaN,NaN,NaN,-34.786271,17.513322666666667
697.423,4.188171329755344,34.37572382766875,32.506613381120836,209.49758317406113,2026-06-25 05:43:12.727706,NaN,NaN,NaN,-34.786271,17.513322666666667
697.8985,4.18764510588163,34.37591988539471,32.50670219246038,209.51803637978242,2026-06-25 05:43:12.602739,NaN,NaN,NaN,-34.786271,17.513322666666667
698.123,4.18732156680106,34.37611639709857,32.50671542708728,209.52147813418003,2026-06-25 05:43:12.527758,NaN,NaN,NaN,-34.786271,17.513322666666667
698.288,4.187139881462705,34.376247749250574,32.50669245384625,209.5203280191295,2026-06-25 05:43:12.477771,NaN,NaN,NaN,-34.786271,17.513322666666667
698.7345,4.1869314555355075,34.37644536696335,32.50662567260278,209.52524586713352,2026-06-25 05:43:12.402791,NaN,NaN,NaN,-34.786271,17.513322666666667
699.125,4.1867675970211105,34.37664363292786,32.506547250220045,209.52941771817078,2026-06-25 05:43:12.327810,NaN,NaN,NaN,-34.786271,17.513322666666667
699.245,4.186616298936821,34.37684279384185,32.50647281569593,209.24345707426147,2026-06-25 05:43:12.252830,NaN,NaN,NaN,-34.786271,17.513322666666667
699.7525,4.18637935923907,34.377109659614646,32.506397202053435,209.25068463997403,2026-06-25 05:43:12.152856,NaN,NaN,NaN,-34.786271,17.513322666666667
700.043,4.186077243673385,34.377378245802475,32.50636481411545,209.25622836513733,2026-06-25 05:43:12.052882,NaN,NaN,NaN,-34.786271,17.513322666666667
700.512,4.185804358177738,34.37758084109152,32.50636461382773,208.9744949216026,2026-06-25 05:43:11.977902,NaN,NaN,NaN,-34.786271,17.513322666666667
700.672,4.185591216179718,34.377716554546524,32.506372288848546,208.98026493484065,2026-06-25 05:43:11.927915,NaN,NaN,NaN,-34.786271,17.513322666666667
701.098,4.185044142108978,34.37798969306758,32.50637964432019,208.98317678334217,2026-06-25 05:43:11.827941,NaN,NaN,NaN,-34.786271,17.513322666666667
701.643,4.184073858632631,34.378333796060474,32.506283667054205,208.85349144209778,2026-06-25 05:43:11.702973,NaN,NaN,NaN,-34.786271,17.513322666666667
701.886,4.183247856416424,34.3785419233216,32.50608122823039,208.7170608755934,2026-06-25 05:43:11.627993,NaN,NaN,NaN,-34.786271,17.513322666666667
702.052,4.182573388717133,34.37868143607672,32.50584641584075,208.7286003620063,2026-06-25 05:43:11.578006,NaN,NaN,NaN,-34.786271,17.513322666666667
702.44,4.180965368790921,34.37896240267258,32.50511990318538,208.45559384543435,2026-06-25 05:43:11.478032,NaN,NaN,NaN,-34.786271,17.513322666666667
702.925,4.1782735664539326,34.37938778587681,32.503704941898874,208.4861874988767,2026-06-25 05:43:11.328071,NaN,NaN,NaN,-34.786271,17.513322666666667
703.126,4.178267304551726,34.37938808295995,32.50370145501043,208.4846767330588,2026-06-25 05:43:11.328071,NaN,NaN,NaN,-34.786271,17.513322666666667
703.413,4.176085347626707,34.37974658949955,32.502531816940476,208.36580308866382,2026-06-25 05:43:11.203104,NaN,NaN,NaN,-34.786271,17.513322666666667
703.968,4.174372213105941,34.37996352361785,32.50167643495768,208.23703290790644,2026-06-25 05:43:11.078136,NaN,NaN,NaN,-34.786271,17.513322666666667
704.011,4.174970395967619,34.38010892423856,32.5019678355124,208.23421633337568,2026-06-25 05:43:11.128123,NaN,NaN,NaN,-34.786271,17.513322666666667
704.245,4.173901150843911,34.38025490077212,32.50144301064256,208.24154605614257,2026-06-25 05:43:11.028149,NaN,NaN,NaN,-34.786271,17.513322666666667
704.504,4.173559360044513,34.380401445682516,32.50125748402238,208.2420535221242,2026-06-25 05:43:10.978162,NaN,NaN,NaN,-34.786271,17.513322666666667
704.726,4.17333991370746,34.38054855016523,32.50111199294388,207.95758662849366,2026-06-25 05:43:10.928175,NaN,NaN,NaN,-34.786271,17.513322666666667
704.904,4.17323027671114,34.380696204163655,32.50100468000045,207.96634641507103,2026-06-25 05:43:10.878188,NaN,NaN,NaN,-34.786271,17.513322666666667
705.0029999999999,4.173253460955744,34.380918755361776,32.5009308445475,207.82163063865028,2026-06-25 05:43:10.803208,NaN,NaN,NaN,-34.786271,17.513322666666667
705.5315,4.173663485451929,34.3812920714758,32.50109859099355,207.67363547483325,2026-06-25 05:43:10.678240,NaN,NaN,NaN,-34.786271,17.513322666666667
705.685,4.1736467886418875,34.38129231207072,32.501064576155635,207.67343828214237,2026-06-25 05:43:10.678240,NaN,NaN,NaN,-34.786271,17.513322666666667
705.818,4.174131276709255,34.38159295227017,32.501471589647174,207.67180915937314,2026-06-25 05:43:10.578267,NaN,NaN,NaN,-34.786271,17.513322666666667
706.157,4.174498903511715,34.381744070643855,32.50208939712356,207.67287015870141,2026-06-25 05:43:10.478293,NaN,NaN,NaN,-34.786271,17.513322666666667
706.374,4.174343629775187,34.38189561574028,32.50176162951094,207.67204749579895,2026-06-25 05:43:10.528280,NaN,NaN,NaN,-34.786271,17.513322666666667
706.6755,4.174572367480806,34.3821237358261,32.502611539602285,207.3952081557387,2026-06-25 05:43:10.403312,NaN,NaN,NaN,-34.786271,17.513322666666667
706.852,4.17446416973643,34.38235260449335,32.50311658147114,207.39198082963009,2026-06-25 05:43:10.328332,NaN,NaN,NaN,-34.786271,17.513322666666667
707.279,4.174114193891032,34.38258232338321,32.503535379043214,207.1145099889402,2026-06-25 05:43:10.253351,NaN,NaN,NaN,-34.786271,17.513322666666667
707.531,4.173552626687834,34.38281265051249,32.5038487918072,207.12605722481305,2026-06-25 05:43:10.178371,NaN,NaN,NaN,-34.786271,17.513322666666667
707.656,4.1730338361955,34.382966565631236,32.50397158990394,207.13295844500138,2026-06-25 05:43:10.128384,NaN,NaN,NaN,-34.786271,17.513322666666667
707.835,4.172416943213039,34.38312072109433,32.50401718208375,207.13747034654443,2026-06-25 05:43:10.078397,NaN,NaN,NaN,-34.786271,17.513322666666667
708.17,4.171713283805385,34.38327509015447,32.50397540397806,206.8613832774412,2026-06-25 05:43:10.028410,NaN,NaN,NaN,-34.786271,17.513322666666667
708.3175,4.1700309945056135,34.38358435905004,32.50353448831564,206.87407816981573,2026-06-25 05:43:09.928436,NaN,NaN,NaN,-34.786271,17.513322666666667
708.656,4.170069225818978,34.38358442397778,32.50359088078902,206.87698723065384,2026-06-25 05:43:09.928436,NaN,NaN,NaN,-34.786271,17.513322666666667
708.852,4.168119005836595,34.38389414689452,32.502762408573204,206.90157979760653,2026-06-25 05:43:09.828462,NaN,NaN,NaN,-34.786271,17.513322666666667
709.027,4.1670328739639455,34.38404916286675,32.50219187252978,206.9117657646695,2026-06-25 05:43:09.778475,NaN,NaN,NaN,-34.786271,17.513322666666667
709.452,4.16528744827545,34.3842817555046,32.50118695920919,206.64022334581728,2026-06-25 05:43:09.703495,NaN,NaN,NaN,-34.786271,17.513322666666667
709.7435,4.1628544708337705,34.38459184233405,32.499706528468295,206.66638823150814,2026-06-25 05:43:09.603521,NaN,NaN,NaN,-34.786271,17.513322666666667
710.1085,4.16041768948797,34.38490167078257,32.498192893458366,206.69156494457746,2026-06-25 05:43:09.503547,NaN,NaN,NaN,-34.786271,17.513322666666667
710.364,4.158674641379481,34.385133745393645,32.497106865633924,206.70901903161956,2026-06-25 05:43:09.428566,NaN,NaN,NaN,-34.786271,17.513322666666667
710.565,4.1575942057665864,34.38528824134258,32.49642997439975,206.71940666956732,2026-06-25 05:43:09.378579,NaN,NaN,NaN,-34.786271,17.513322666666667
711.0944999999999,4.1561119284607395,34.385519561005765,32.49548040829687,206.44104687555736,2026-06-25 05:43:09.303599,NaN,NaN,NaN,-34.786271,17.513322666666667
711.2475,4.1542891681522365,34.385827124203914,32.494225222831815,206.46456454845622,2026-06-25 05:43:09.203625,NaN,NaN,NaN,-34.786271,17.513322666666667
711.506,4.15293098015301,34.3860570326823,32.49318637495863,206.47169931714788,2026-06-25 05:43:09.128644,NaN,NaN,NaN,-34.786271,17.513322666666667
711.705,4.151971721246041,34.386209835626076,32.492387877289374,206.19321345041507,2026-06-25 05:43:09.078657,NaN,NaN,NaN,-34.786271,17.513322666666667
712.089,4.150936417439914,34.38636224805076,32.49148418252769,206.21174450025464,2026-06-25 05:43:09.028670,NaN,NaN,NaN,-34.786271,17.513322666666667
712.3175,4.148468652725974,34.38666553833578,32.489249195362575,206.2341054406413,2026-06-25 05:43:08.928697,NaN,NaN,NaN,-34.786271,17.513322666666667
712.46,4.147075192290107,34.38681658149138,32.487975220823216,206.2488618674283,2026-06-25 05:43:08.878710,NaN,NaN,NaN,-34.786271,17.513322666666667
712.956,4.143966918188458,34.38711738898832,32.4851277706404,206.27686635013603,2026-06-25 05:43:08.778736,NaN,NaN,NaN,-34.786271,17.513322666666667
713.192,4.142203903107285,34.387266823436626,32.483527839304905,206.01307054979293,2026-06-25 05:43:08.728749,NaN,NaN,NaN,-34.786271,17.513322666666667
713.5133333333333,4.138441152516391,34.38756364482748,32.48019199090061,206.04661231662848,2026-06-25 05:43:08.628775,NaN,NaN,NaN,-34.786271,17.513322666666667
714.089,4.134659019638758,34.387858275815084,32.476943713796494,206.08486165839022,2026-06-25 05:43:08.528801,NaN,NaN,NaN,-34.786271,17.513322666666667
714.292,4.132879770404512,34.388004425791586,32.47548367060481,206.0987311970083,2026-06-25 05:43:08.478814,NaN,NaN,NaN,-34.786271,17.513322666666667
714.4110000000001,4.1304820132679385,34.38822215559028,32.473639824110094,205.84220585837002,2026-06-25 05:43:08.403833,NaN,NaN,NaN,-34.786271,17.513322666666667
714.768,4.12842311029082,34.38843832266803,32.472201868985515,205.8537248851927,2026-06-25 05:43:08.328853,NaN,NaN,NaN,-34.786271,17.513322666666667
714.944,4.12730892214904,34.38858134792759,32.471514840427716,205.86067373070134,2026-06-25 05:43:08.278866,NaN,NaN,NaN,-34.786271,17.513322666666667
715.17,4.126394422968674,34.38872352591378,32.47100941012097,205.86708593565834,2026-06-25 05:43:08.228879,NaN,NaN,NaN,-34.786271,17.513322666666667
715.2915,4.1253842343024,34.388935034307146,32.470548045175136,205.73595312682858,2026-06-25 05:43:08.153898,NaN,NaN,NaN,-34.786271,17.513322666666667
715.484,4.124684237234594,34.38914472122487,32.47031807803811,205.88458217984035,2026-06-25 05:43:08.078918,NaN,NaN,NaN,-34.786271,17.513322666666667
715.872,4.124310351872133,34.38935203900308,32.47030129318918,205.6073360034882,2026-06-25 05:43:08.003938,NaN,NaN,NaN,-34.786271,17.513322666666667
716.5474999999999,4.124164743036994,34.38962516395969,32.4704896869936,205.61215175120026,2026-06-25 05:43:07.903964,NaN,NaN,NaN,-34.786271,17.513322666666667
716.743,4.1242484937844255,34.38982744607419,32.470752215223946,205.60988255080053,2026-06-25 05:43:07.828983,NaN,NaN,NaN,-34.786271,17.513322666666667
716.838,4.1243546481721856,34.38996088906698,32.470972570740344,205.6033326048152,2026-06-25 05:43:07.778996,NaN,NaN,NaN,-34.786271,17.513322666666667
717.298,4.124459460243803,34.390093245481566,32.47121712264433,205.32653222316898,2026-06-25 05:43:07.729009,NaN,NaN,NaN,-34.786271,17.513322666666667
717.5233333333334,4.12452834764569,34.39035422860531,32.47174494612264,205.5981221165366,2026-06-25 05:43:07.629035,NaN,NaN,NaN,-34.786271,17.513322666666667
717.949,4.124403492459402,34.3906113771478,32.47224704582975,205.3420450575053,2026-06-25 05:43:07.529061,NaN,NaN,NaN,-34.786271,17.513322666666667
718.2355,4.124195062860604,34.39080068083214,32.472513791624394,205.34374729091317,2026-06-25 05:43:07.454081,NaN,NaN,NaN,-34.786271,17.513322666666667
718.569,4.123980045372525,34.39098754400968,32.472662581140376,205.34925911497857,2026-06-25 05:43:07.379100,NaN,NaN,NaN,-34.786271,17.513322666666667
718.913,4.123851435678038,34.391110460891944,32.47267805041698,205.35285306621807,2026-06-25 05:43:07.329113,NaN,NaN,NaN,-34.786271,17.513322666666667
719.158,4.123736113659496,34.3912321108272,32.47264008858313,205.35213663525144,2026-06-25 05:43:07.279126,NaN,NaN,NaN,-34.786271,17.513322666666667
719.203,4.123629533011176,34.39135247592909,32.472564701487265,205.3495610898882,2026-06-25 05:43:07.229140,NaN,NaN,NaN,-34.786271,17.513322666666667
719.534,4.123405276584623,34.39158928233051,32.47236150911619,205.07677116018692,2026-06-25 05:43:07.129166,NaN,NaN,NaN,-34.786271,17.513322666666667
719.73,4.1233024369918985,34.3916659916469,32.47228827907521,205.08229541988038,2026-06-25 05:43:07.095841,NaN,NaN,NaN,-34.786271,17.513322666666667
720.379,4.122942121302853,34.391934434580115,32.47203807310627,205.08625743835157,2026-06-25 05:43:06.979205,NaN,NaN,NaN,-34.786271,17.513322666666667
720.485,4.1227498810000665,34.392046740565625,32.471933001336076,205.08467470652337,2026-06-25 05:43:06.929218,NaN,NaN,NaN,-34.786271,17.513322666666667
720.674,4.122402808346759,34.392212398202545,32.471778717083836,205.09289425272115,2026-06-25 05:43:06.854237,NaN,NaN,NaN,-34.786271,17.513322666666667
721.1205,4.121806589884697,34.392428537131636,32.47160604004971,205.1062877844697,2026-06-25 05:43:06.754263,NaN,NaN,NaN,-34.786271,17.513322666666667
721.381,4.120896718533843,34.39258703885451,32.47152388689172,204.83502751469757,2026-06-25 05:43:06.629296,NaN,NaN,NaN,-34.786271,17.513322666666667
721.399,4.121273042578685,34.39269076069762,32.47153308954985,205.11276870756348,2026-06-25 05:43:06.679283,NaN,NaN,NaN,-34.786271,17.513322666666667
721.921,4.12015247797531,34.39289302420788,32.47157644326515,204.84318390676393,2026-06-25 05:43:06.529322,NaN,NaN,NaN,-34.786271,17.513322666666667
722.099,4.120148811238338,34.392893771747495,32.4715749608861,204.8448144140399,2026-06-25 05:43:06.529322,NaN,NaN,NaN,-34.786271,17.513322666666667
722.346,4.119424936782365,34.39309080307973,32.47163524133178,204.85370359749925,2026-06-25 05:43:06.429348,NaN,NaN,NaN,-34.786271,17.513322666666667
722.562,4.118677359338242,34.393281779683626,32.47158006398129,204.8557611054221,2026-06-25 05:43:06.329374,NaN,NaN,NaN,-34.786271,17.513322666666667
722.8740000000001,4.118365875997583,34.39334288863236,32.47147771706209,204.80593927786674,2026-06-25 05:43:06.296049,NaN,NaN,NaN,-34.786271,17.513322666666667
723.6796666666665,4.116561955032107,34.39364480129967,32.47081279750661,204.60661852480627,2026-06-25 05:43:06.129426,NaN,NaN,NaN,-34.786271,17.513322666666667
723.801,4.115086494042299,34.39381778493407,32.47009162424964,204.61811130767651,2026-06-25 05:43:06.029452,NaN,NaN,NaN,-34.786271,17.513322666666667
724.287,4.113787068710119,34.39394283846131,32.46937165539303,204.6337694017273,2026-06-25 05:43:05.954472,NaN,NaN,NaN,-34.786271,17.513322666666667
724.649,4.111906123428252,34.394104353835914,32.468266118428986,204.51333107768255,2026-06-25 05:43:05.854498,NaN,NaN,NaN,-34.786271,17.513322666666667
725.142,4.1095135740911735,34.39422156846747,32.46669817294477,204.4083044381883,2026-06-25 05:43:05.729530,NaN,NaN,NaN,-34.786271,17.513322666666667
725.201,4.110452554010878,34.39429761949038,32.467350185760225,204.6797345102514,2026-06-25 05:43:05.779517,NaN,NaN,NaN,-34.786271,17.513322666666667
725.5305000000001,4.107879901986939,34.39444423831532,32.4653434273647,204.5540855468232,2026-06-25 05:43:05.629556,NaN,NaN,NaN,-34.786271,17.513322666666667
725.769,4.107838822568331,34.394445019883385,32.46533970235531,204.69093936789696,2026-06-25 05:43:05.629556,NaN,NaN,NaN,-34.786271,17.513322666666667
725.928,4.106469416932328,34.39458616858599,32.46400883668629,204.4232937904648,2026-06-25 05:43:05.529583,NaN,NaN,NaN,-34.786271,17.513322666666667
726.139,4.10583852184439,34.39465440819804,32.46338617491777,204.43155816403228,2026-06-25 05:43:05.479596,NaN,NaN,NaN,-34.786271,17.513322666666667
726.2,4.105198631513047,34.39472109819638,32.462802579670004,204.44184455334323,2026-06-25 05:43:05.429609,NaN,NaN,NaN,-34.786271,17.513322666666667
726.6575,4.103748481073285,34.394849091198616,32.46176527815322,204.45297551865357,2026-06-25 05:43:05.329635,NaN,NaN,NaN,-34.786271,17.513322666666667
726.948,4.103788059754776,34.39484985527878,32.461754388538566,204.4520744286053,2026-06-25 05:43:05.329635,NaN,NaN,NaN,-34.786271,17.513322666666667
727.2719999999999,4.101538138466829,34.39500202747701,32.46053209548299,204.4759165317485,2026-06-25 05:43:05.204667,NaN,NaN,NaN,-34.786271,17.513322666666667
727.5,4.0998444284520215,34.39508910945265,32.45971956607648,204.50289815132365,2026-06-25 05:43:05.129687,NaN,NaN,NaN,-34.786271,17.513322666666667
727.868,4.097170758365247,34.39514517767116,32.458355660530906,204.5327079389857,2026-06-25 05:43:05.029713,NaN,NaN,NaN,-34.786271,17.513322666666667
727.995,4.0985510687826245,34.395199771592274,32.459086088773745,204.23488340039694,2026-06-25 05:43:05.079700,NaN,NaN,NaN,-34.786271,17.513322666666667
728.297,4.095745764384866,34.395252904743465,32.4575129655961,204.54682398495945,2026-06-25 05:43:04.979726,NaN,NaN,NaN,-34.786271,17.513322666666667
728.4870000000001,4.092919369788997,34.39535437592027,32.45543915116316,204.53260588348064,2026-06-25 05:43:04.879752,NaN,NaN,NaN,-34.786271,17.513322666666667
728.93,4.088888294974867,34.39545113255494,32.4516655987223,204.5962132593939,2026-06-25 05:43:04.729791,NaN,NaN,NaN,-34.786271,17.513322666666667
729.134,4.090195486775583,34.39549719713005,32.45301609762369,204.30935299031205,2026-06-25 05:43:04.779778,NaN,NaN,NaN,-34.786271,17.513322666666667
729.3175,4.086996447333492,34.39556358361377,32.44954608785888,204.47949499379706,2026-06-25 05:43:04.654811,NaN,NaN,NaN,-34.786271,17.513322666666667
729.933,4.083807795132864,34.395680373767796,32.445647880615105,204.43115661038246,2026-06-25 05:43:04.513181,NaN,NaN,NaN,-34.786271,17.513322666666667
730.226,4.083056791750739,34.395707530859895,32.44471479859549,204.38752852379352,2026-06-25 05:43:04.479856,NaN,NaN,NaN,-34.786271,17.513322666666667
730.468,4.081374225821957,34.39578274783682,32.44245144813699,204.38460745215912,2026-06-25 05:43:04.379882,NaN,NaN,NaN,-34.786271,17.513322666666667
730.718,4.080190363445774,34.39585258809352,32.44078785654869,204.39928799653563,2026-06-25 05:43:04.279908,NaN,NaN,NaN,-34.786271,17.513322666666667
730.8595,4.080228576881897,34.39585316174921,32.44086977178128,204.4003776661585,2026-06-25 05:43:04.279908,NaN,NaN,NaN,-34.786271,17.513322666666667
731.4893333333333,4.078958816133949,34.3959498972321,32.439530134955746,204.14006430214565,2026-06-25 05:43:04.129947,NaN,NaN,NaN,-34.786271,17.513322666666667
731.633,4.078306354024445,34.39600962802706,32.439295469186,204.14804794244438,2026-06-25 05:43:04.029973,NaN,NaN,NaN,-34.786271,17.513322666666667
732.175,4.078044821447719,34.396037805044806,32.43936488914671,204.1508678329899,2026-06-25 05:43:03.979986,NaN,NaN,NaN,-34.786271,17.513322666666667
732.252,4.077835656879341,34.39606501763774,32.439527043749194,204.15255873175573,2026-06-25 05:43:03.929999,NaN,NaN,NaN,-34.786271,17.513322666666667
732.4839999999999,4.077630831348246,34.39610399238212,32.439910993207,204.15228427712933,2026-06-25 05:43:03.855019,NaN,NaN,NaN,-34.786271,17.513322666666667
732.83,4.077507105110136,34.39614121048826,32.44038918446266,204.15929590189887,2026-06-25 05:43:03.780039,NaN,NaN,NaN,-34.786271,17.513322666666667
733.171,4.077370704751075,34.396187452271235,32.44109256977767,204.15965761511984,2026-06-25 05:43:03.680065,NaN,NaN,NaN,-34.786271,17.513322666666667
733.2645,4.077355760850239,34.39618782633431,32.44108343000084,204.01979071389883,2026-06-25 05:43:03.680065,NaN,NaN,NaN,-34.786271,17.513322666666667
733.702,4.0771243682370955,34.39623145064893,32.441724510875744,203.89068846013993,2026-06-25 05:43:03.580091,NaN,NaN,NaN,-34.786271,17.513322666666667
733.934,4.076948959632199,34.396252240109746,32.44197251607048,203.89694053320164,2026-06-25 05:43:03.530104,NaN,NaN,NaN,-34.786271,17.513322666666667
734.104,4.076645981223684,34.39628219158172,32.44221414768167,203.90158872463127,2026-06-25 05:43:03.455123,NaN,NaN,NaN,-34.786271,17.513322666666667
734.409,4.076315087772137,34.39631101730581,32.44229529780356,203.8943006552359,2026-06-25 05:43:03.380143,NaN,NaN,NaN,-34.786271,17.513322666666667
734.73,4.076059071211971,34.39632955730768,32.44221947024854,203.90507949303785,2026-06-25 05:43:03.330156,NaN,NaN,NaN,-34.786271,17.513322666666667
734.852,4.075535778553496,34.39635648795324,32.44187190642827,203.76480441960513,2026-06-25 05:43:03.255175,NaN,NaN,NaN,-34.786271,17.513322666666667
735.309,4.074454541939112,34.39639116552094,32.441006981283586,203.78582050261696,2026-06-25 05:43:03.155201,NaN,NaN,NaN,-34.786271,17.513322666666667
735.659,4.072848551178126,34.39642470888829,32.43976847695955,203.66785294564477,2026-06-25 05:43:03.055227,NaN,NaN,NaN,-34.786271,17.513322666666667
736.082,4.071420387659802,34.396449378619984,32.438738761908866,203.67866782190217,2026-06-25 05:43:02.980247,NaN,NaN,NaN,-34.786271,17.513322666666667
736.2,4.070440406440571,34.396465669466274,32.4380696436819,203.69117814959836,2026-06-25 05:43:02.930260,NaN,NaN,NaN,-34.786271,17.513322666666667
736.473,4.069041822705053,34.396490034250505,32.437177548183826,203.70713815044158,2026-06-25 05:43:02.855280,NaN,NaN,NaN,-34.786271,17.513322666666667
736.599,4.067790038913297,34.39651446633394,32.4364419189329,203.71441050976944,2026-06-25 05:43:02.780299,NaN,NaN,NaN,-34.786271,17.513322666666667
737.066,4.067094541943003,34.396530893950796,32.43607132850355,203.44771982495877,2026-06-25 05:43:02.730312,NaN,NaN,NaN,-34.786271,17.513322666666667
737.292,4.066519967610193,34.396547498884416,32.43579133525894,203.7301906668125,2026-06-25 05:43:02.680325,NaN,NaN,NaN,-34.786271,17.513322666666667
737.456,4.06606583033341,34.39656434054455,32.43559295548841,203.44629962711363,2026-06-25 05:43:02.630338,NaN,NaN,NaN,-34.786271,17.513322666666667
737.656,4.065590260952618,34.39659022821631,32.435413988068746,203.59253739271014,2026-06-25 05:43:02.555358,NaN,NaN,NaN,-34.786271,17.513322666666667
737.9765,4.0651815442199775,34.39662609792119,32.43525848737059,203.46354214590957,2026-06-25 05:43:02.455384,NaN,NaN,NaN,-34.786271,17.513322666666667
738.486,4.064980895004654,34.396654253384376,32.435128976032956,203.48068338483787,2026-06-25 05:43:02.380403,NaN,NaN,NaN,-34.786271,17.513322666666667
738.6735,4.064883075225172,34.39668394746842,32.43494465528178,203.47120370508725,2026-06-25 05:43:02.305423,NaN,NaN,NaN,-34.786271,17.513322666666667
739.1469999999999,4.064868599408159,34.3967259819568,32.43464915555686,203.46387040643813,2026-06-25 05:43:02.205449,NaN,NaN,NaN,-34.786271,17.513322666666667
739.483,4.064769969192399,34.39677142816728,32.43437346490813,203.47560754748847,2026-06-25 05:43:02.105475,NaN,NaN,NaN,-34.786271,17.513322666666667
739.714,4.064489111617056,34.39680795193253,32.434217989926886,203.49062698044392,2026-06-25 05:43:02.030495,NaN,NaN,NaN,-34.786271,17.513322666666667
739.936,4.064180324215846,34.396833744908136,32.4341382465587,203.4941098312159,2026-06-25 05:43:01.980508,NaN,NaN,NaN,-34.786271,17.513322666666667
740.2875,4.063606937934209,34.396874818244314,32.43400956276571,203.50335708907517,2026-06-25 05:43:01.905527,NaN,NaN,NaN,-34.786271,17.513322666666667
740.455,4.062989235446595,34.39691845980053,32.433824062651354,203.50121266366594,2026-06-25 05:43:01.830547,NaN,NaN,NaN,-34.786271,17.513322666666667
740.643,4.062349559764817,34.39696559161156,32.433512208739046,203.37064654525318,2026-06-25 05:43:01.755566,NaN,NaN,NaN,-34.786271,17.513322666666667
741.2964999999999,4.061397180092281,34.397033528704796,32.43288464584758,203.242449758915,2026-06-25 05:43:01.655592,NaN,NaN,NaN,-34.786271,17.513322666666667
741.468,4.060536010631018,34.397088589098715,32.43225980731777,203.2514642921092,2026-06-25 05:43:01.580612,NaN,NaN,NaN,-34.786271,17.513322666666667
741.749,4.059850268313254,34.39712764076639,32.43178008188594,203.26062242916552,2026-06-25 05:43:01.530625,NaN,NaN,NaN,-34.786271,17.513322666666667
741.86,4.059067143685507,34.397168547869505,32.431270352519874,203.27204281281269,2026-06-25 05:43:01.480638,NaN,NaN,NaN,-34.786271,17.513322666666667
742.174,4.058185004265277,34.397211388233444,32.430739615390955,203.2857731480492,2026-06-25 05:43:01.430651,NaN,NaN,NaN,-34.786271,17.513322666666667
742.299,4.057210833917029,34.39725623987416,32.43018608976477,203.2949419974037,2026-06-25 05:43:01.380664,NaN,NaN,NaN,-34.786271,17.513322666666667
742.763,4.055594328990997,34.39732773526053,32.42927720749614,203.3069692189656,2026-06-25 05:43:01.305684,NaN,NaN,NaN,-34.786271,17.513322666666667
742.842,4.053840452908279,34.397403644025864,32.4282475829424,203.32283435397989,2026-06-25 05:43:01.230703,NaN,NaN,NaN,-34.786271,17.513322666666667
743.173,4.051235556579109,34.39745732230598,32.426574920748465,203.35181552035544,2026-06-25 05:43:01.130729,NaN,NaN,NaN,-34.786271,17.513322666666667
743.298,4.052576516050073,34.397513402327846,32.42745640128494,203.33963242819456,2026-06-25 05:43:01.180716,NaN,NaN,NaN,-34.786271,17.513322666666667
743.498,4.049821196142907,34.39757196173246,32.42560064472337,203.08443102500587,2026-06-25 05:43:01.080742,NaN,NaN,NaN,-34.786271,17.513322666666667
743.658,4.048345735850729,34.397633077822725,32.42453832731063,203.0930376833289,2026-06-25 05:43:01.030755,NaN,NaN,NaN,-34.786271,17.513322666666667
743.988,4.045275311447972,34.39776328706974,32.42220901219813,203.13078471649231,2026-06-25 05:43:00.930781,NaN,NaN,NaN,-34.786271,17.513322666666667
744.2945,4.045271926396673,34.39776467992286,32.422194507947566,203.13024136353368,2026-06-25 05:43:00.930781,NaN,NaN,NaN,-34.786271,17.513322666666667
744.679,4.042187007980463,34.39790463845162,32.41976296453905,203.16192014998532,2026-06-25 05:43:00.830807,NaN,NaN,NaN,-34.786271,17.513322666666667
744.9275,4.040025590351457,34.398018704458266,32.41795925826402,203.18125154901205,2026-06-25 05:43:00.755827,NaN,NaN,NaN,-34.786271,17.513322666666667
745.118,4.038064832548333,34.398138859922824,32.41621941539821,203.19244396306303,2026-06-25 05:43:00.680846,NaN,NaN,NaN,-34.786271,17.513322666666667
745.237,4.036904984746972,34.39822314287904,32.41512065164491,203.20241599089667,2026-06-25 05:43:00.630859,NaN,NaN,NaN,-34.786271,17.513322666666667
745.593,4.035843465953434,34.398310648371535,32.41407569646289,203.2140296488543,2026-06-25 05:43:00.580872,NaN,NaN,NaN,-34.786271,17.513322666666667
745.8796666666667,4.033936414759105,34.39849674306567,32.41214821836345,203.15434753892944,2026-06-25 05:43:00.480899,NaN,NaN,NaN,-34.786271,17.513322666666667
746.494,4.032130524413524,34.39869425333741,32.41034693849519,202.96954885792283,2026-06-25 05:43:00.380925,NaN,NaN,NaN,-34.786271,17.513322666666667
746.6645000000001,4.030758654958395,34.39885299518662,32.40906772986922,202.98422150951012,2026-06-25 05:43:00.305944,NaN,NaN,NaN,-34.786271,17.513322666666667
746.946,4.028237070506199,34.39901902347709,32.406973083781516,203.00553368953805,2026-06-25 05:43:00.180977,NaN,NaN,NaN,-34.786271,17.513322666666667
747.11,4.029300656003533,34.39913466334267,32.40781268831122,203.00161784553265,2026-06-25 05:43:00.230964,NaN,NaN,NaN,-34.786271,17.513322666666667
747.263,4.027084301314937,34.39925408843623,32.4061040515072,202.73379728582557,2026-06-25 05:43:00.130990,NaN,NaN,NaN,-34.786271,17.513322666666667
747.516,4.025828513296753,34.39937735175199,32.405176053689836,202.75197676716468,2026-06-25 05:43:00.081003,NaN,NaN,NaN,-34.786271,17.513322666666667
747.8776666666666,4.022948101694539,34.399636921338605,32.40302179903921,202.78876242917966,2026-06-25 05:42:59.981029,NaN,NaN,NaN,-34.786271,17.513322666666667
748.15,4.019759880503929,34.399909765795734,32.400588547616294,202.81318071934663,2026-06-25 05:42:59.881055,NaN,NaN,NaN,-34.786271,17.513322666666667
748.312,4.018075505822455,34.400052932508814,32.39929537683915,202.55296229995432,2026-06-25 05:42:59.831068,NaN,NaN,NaN,-34.786271,17.513322666666667
748.8936666666667,4.014715990602551,34.40035300807612,32.39671943866866,202.58367015127962,2026-06-25 05:42:59.731094,NaN,NaN,NaN,-34.786271,17.513322666666667
749.233,4.011468652449751,34.400666990196505,32.39419841017397,202.32665073741043,2026-06-25 05:42:59.631120,NaN,NaN,NaN,-34.786271,17.513322666666667
749.69,4.00683440712222,34.4008310063782,32.3905517409024,202.09070999076525,2026-06-25 05:42:59.481159,NaN,NaN,NaN,-34.786271,17.513322666666667
749.959,4.009909867705281,34.40117181406675,32.39296957455445,202.3433919301524,2026-06-25 05:42:59.581133,NaN,NaN,NaN,-34.786271,17.513322666666667
750.078,4.0058029062989995,34.40129256323909,32.38973198031719,202.16285693800842,2026-06-25 05:42:59.447834,NaN,NaN,NaN,-34.786271,17.513322666666667
750.3685,4.0014080066632705,34.4018100967979,32.38617504420977,202.00078528155527,2026-06-25 05:42:59.306205,NaN,NaN,NaN,-34.786271,17.513322666666667
751.109,3.9982890425783983,34.40219826562546,32.38356228857243,201.90251829861833,2026-06-25 05:42:59.206231,NaN,NaN,NaN,-34.786271,17.513322666666667
751.3295,3.995245996346531,34.402603713069595,32.38106403152822,201.7763420867281,2026-06-25 05:42:59.106257,NaN,NaN,NaN,-34.786271,17.513322666666667
751.76,3.9930392037760383,34.40291856949301,32.379310478779935,201.6628506594162,2026-06-25 05:42:59.031276,NaN,NaN,NaN,-34.786271,17.513322666666667
751.918,3.9915756236056756,34.40313419390473,32.378183728595175,201.39636911665835,2026-06-25 05:42:58.981289,NaN,NaN,NaN,-34.786271,17.513322666666667
752.1276666666666,3.988519331586941,34.4035796344887,32.37590316119784,201.22861151064154,2026-06-25 05:42:58.881315,NaN,NaN,NaN,-34.786271,17.513322666666667
752.746,3.985262617762996,34.40403914504535,32.37350714764742,201.1785831688287,2026-06-25 05:42:58.781342,NaN,NaN,NaN,-34.786271,17.513322666666667
752.96,3.9817082699088426,34.404516704071014,32.37092018634445,201.20372832710572,2026-06-25 05:42:58.681368,NaN,NaN,NaN,-34.786271,17.513322666666667
753.118,3.981733690555463,34.40451874709803,32.370932812275214,200.93418195978575,2026-06-25 05:42:58.681368,NaN,NaN,NaN,-34.786271,17.513322666666667
753.5035,3.977037349935733,34.4051370880364,32.367567295094204,200.69569515080613,2026-06-25 05:42:58.556400,NaN,NaN,NaN,-34.786271,17.513322666666667
753.723,3.974110522449966,34.40552048795927,32.365462415947995,200.714633468765,2026-06-25 05:42:58.481420,NaN,NaN,NaN,-34.786271,17.513322666666667
754.058,3.972112802044419,34.405781297853736,32.36396692493965,200.46007022369528,2026-06-25 05:42:58.431433,NaN,NaN,NaN,-34.786271,17.513322666666667
754.2265,3.9690642111425882,34.40618015852035,32.36150942438938,200.35398868624682,2026-06-25 05:42:58.356452,NaN,NaN,NaN,-34.786271,17.513322666666667
754.561,3.9660317072544213,34.40658651277178,32.35886746805177,200.23946411936322,2026-06-25 05:42:58.281472,NaN,NaN,NaN,-34.786271,17.513322666666667
754.7,3.9641049886815276,34.40686230354863,32.35709173879947,199.98015785918705,2026-06-25 05:42:58.231485,NaN,NaN,NaN,-34.786271,17.513322666666667
754.986,3.962329513349427,34.407141674866836,32.355447280247276,199.7250093658564,2026-06-25 05:42:58.181498,NaN,NaN,NaN,-34.786271,17.513322666666667
755.342,3.9607722398570275,34.407424554847296,32.354068673758015,199.7450813627563,2026-06-25 05:42:58.131511,NaN,NaN,NaN,-34.786271,17.513322666666667
755.505,3.959500115605037,34.407710868760596,32.353077132367055,199.75555157499565,2026-06-25 05:42:58.081524,NaN,NaN,NaN,-34.786271,17.513322666666667
755.714,3.958575919185269,34.408000539123286,32.35255982831188,199.4763680952764,2026-06-25 05:42:58.031537,NaN,NaN,NaN,-34.786271,17.513322666666667
755.924,3.9579297700131324,34.4082934857993,32.353077906580864,199.19624079119035,2026-06-25 05:42:57.931563,NaN,NaN,NaN,-34.786271,17.513322666666667
756.088,3.958046233112955,34.408589626106256,32.35255994829033,199.19997037625424,2026-06-25 05:42:57.981550,NaN,NaN,NaN,-34.786271,17.513322666666667
756.369,3.9582182050444334,34.40888887492641,32.35408139157047,199.201209795472,2026-06-25 05:42:57.881576,NaN,NaN,NaN,-34.786271,17.513322666666667
756.705,3.9588899504324577,34.4091911448219,32.35552167858991,198.9226979062964,2026-06-25 05:42:57.831589,NaN,NaN,NaN,-34.786271,17.513322666666667
756.864,3.9599236961774618,34.40949634615402,32.35735017067712,198.64127785546935,2026-06-25 05:42:57.781602,NaN,NaN,NaN,-34.786271,17.513322666666667
757.0823333333334,3.963091302680296,34.41011605783063,32.36209450418713,198.5379936313122,2026-06-25 05:42:57.681628,NaN,NaN,NaN,-34.786271,17.513322666666667
757.559,3.9671855126815934,34.410744603020426,32.36769265441198,198.29817328822756,2026-06-25 05:42:57.581654,NaN,NaN,NaN,-34.786271,17.513322666666667
757.86,3.9707830228949343,34.411223448790665,32.37234390058873,197.9998909942807,2026-06-25 05:42:57.506674,NaN,NaN,NaN,-34.786271,17.513322666666667
758.002,3.9744801893324326,34.411706902078755,32.37706275268586,197.96337472715783,2026-06-25 05:42:57.431693,NaN,NaN,NaN,-34.786271,17.513322666666667
758.4100000000001,3.978058346409846,34.41219573097178,32.381623277101276,197.94589168122766,2026-06-25 05:42:57.356713,NaN,NaN,NaN,-34.786271,17.513322666666667
758.8675,3.9823701985139817,34.41285406408098,32.387163615310726,197.64262901934467,2026-06-25 05:42:57.256739,NaN,NaN,NaN,-34.786271,17.513322666666667
759.322,3.985133240699255,34.41335234045299,32.39073506717686,197.62303089587724,2026-06-25 05:42:57.181758,NaN,NaN,NaN,-34.786271,17.513322666666667
759.497,3.9880063405721975,34.413686726895875,32.39444937195224,197.6103513042848,2026-06-25 05:42:57.081785,NaN,NaN,NaN,-34.786271,17.513322666666667
759.621,3.986684271154746,34.41402263181517,32.392738934662205,197.61731635927777,2026-06-25 05:42:57.131772,NaN,NaN,NaN,-34.786271,17.513322666666667
759.971,3.9891069661821423,34.4143599484102,32.395877765092095,197.60509724646766,2026-06-25 05:42:57.031798,NaN,NaN,NaN,-34.786271,17.513322666666667
760.263,3.99000916083776,34.41469856981061,32.39704621976365,197.3369520898481,2026-06-25 05:42:56.981811,NaN,NaN,NaN,-34.786271,17.513322666666667
760.4355,3.9910493646646437,34.415208844578814,32.39834757335641,197.3279748099971,2026-06-25 05:42:56.906830,NaN,NaN,NaN,-34.786271,17.513322666666667
760.8475000000001,3.9920691905747927,34.41589258318205,32.399477514847675,197.3096938675304,2026-06-25 05:42:56.806856,NaN,NaN,NaN,-34.786271,17.513322666666667
761.08,3.9926109295968457,34.41640751926209,32.39999469047954,197.31970055972263,2026-06-25 05:42:56.731876,NaN,NaN,NaN,-34.786271,17.513322666666667
761.33,3.992853617414399,34.416751736896096,32.400235475199516,197.32347662333402,2026-06-25 05:42:56.681889,NaN,NaN,NaN,-34.786271,17.513322666666667
761.459,3.9930210245042383,34.41709651954769,32.40043725532744,197.3169069294722,2026-06-25 05:42:56.631902,NaN,NaN,NaN,-34.786271,17.513322666666667
761.847,3.9931866308327413,34.41761456621283,32.40070395337456,197.04684461220145,2026-06-25 05:42:56.556921,NaN,NaN,NaN,-34.786271,17.513322666666667
762.136,3.9933180164070334,34.41813323117618,32.400949405575886,197.04804144131148,2026-06-25 05:42:56.481941,NaN,NaN,NaN,-34.786271,17.513322666666667
762.331,3.993398956124232,34.41847925261595,32.4011009327024,197.04889106179547,2026-06-25 05:42:56.431954,NaN,NaN,NaN,-34.786271,17.513322666666667
762.5274999999999,3.9935168508478665,34.41899835575268,32.40131148447385,196.9103424494975,2026-06-25 05:42:56.356973,NaN,NaN,NaN,-34.786271,17.513322666666667
762.889,3.993671675906848,34.41986280890315,32.40163071521671,196.7725963477773,2026-06-25 05:42:56.232006,NaN,NaN,NaN,-34.786271,17.513322666666667
763.086,3.9936592411302,34.41986296951956,32.40163326498986,196.77757589121552,2026-06-25 05:42:56.232006,NaN,NaN,NaN,-34.786271,17.513322666666667
763.299,3.993694727677415,34.4205532781215,32.40190721999857,196.78154660214688,2026-06-25 05:42:56.132032,NaN,NaN,NaN,-34.786271,17.513322666666667
763.513,3.993674864945316,34.4208977237259,32.402090345451874,196.7798351294171,2026-06-25 05:42:56.082045,NaN,NaN,NaN,-34.786271,17.513322666666667
763.795,3.9936506017461215,34.42124157896877,32.402334641668546,196.51072733665623,2026-06-25 05:42:56.032058,NaN,NaN,NaN,-34.786271,17.513322666666667
764.075,3.9936396064088946,34.42175596657685,32.402895611403544,196.51572979396735,2026-06-25 05:42:55.957078,NaN,NaN,NaN,-34.786271,17.513322666666667
764.3050000000001,3.9937236817178885,34.422439075411816,32.40405565844429,196.24396841390012,2026-06-25 05:42:55.857104,NaN,NaN,NaN,-34.786271,17.513322666666667
764.931,3.9940655394245606,34.42328761934321,32.40609841708462,196.24504319240688,2026-06-25 05:42:55.732136,NaN,NaN,NaN,-34.786271,17.513322666666667
765.1186666666667,3.9942404142276424,34.42351177133203,32.406714812307044,196.24667185132594,2026-06-25 05:42:55.698812,NaN,NaN,NaN,-34.786271,17.513322666666667
765.652,3.994840898891097,34.4242961249361,32.40876876832728,196.2366700986232,2026-06-25 05:42:55.582175,NaN,NaN,NaN,-34.786271,17.513322666666667
766.0922499999999,3.995679464567432,34.42520817028018,32.410427397312695,195.78749380185624,2026-06-25 05:42:55.444711,NaN,NaN,NaN,-34.786271,17.513322666666667
766.238,3.996062981559127,34.425621435658286,32.411062607086095,195.96691383881625,2026-06-25 05:42:55.382228,NaN,NaN,NaN,-34.786271,17.513322666666667
766.445,3.99643525134616,34.42627466124156,32.41146037177087,195.6896030990169,2026-06-25 05:42:55.282254,NaN,NaN,NaN,-34.786271,17.513322666666667
766.875,3.996522370632454,34.42659871645518,32.41154703787266,195.6988580535864,2026-06-25 05:42:55.232267,NaN,NaN,NaN,-34.786271,17.513322666666667
767.085,3.9965041594981865,34.42708122409475,32.41177688555107,195.4303996208919,2026-06-25 05:42:55.082306,NaN,NaN,NaN,-34.786271,17.513322666666667
767.3295,3.996543225763375,34.42756003464245,32.41164402721161,195.70300975565297,2026-06-25 05:42:55.157286,NaN,NaN,NaN,-34.786271,17.513322666666667
767.704,3.9964790499452505,34.42803405315751,32.41201068370198,195.4330089214401,2026-06-25 05:42:55.007325,NaN,NaN,NaN,-34.786271,17.513322666666667
768.1185,3.996555002795665,34.42865944468851,32.412495883836975,195.2975397312878,2026-06-25 05:42:54.907351,NaN,NaN,NaN,-34.786271,17.513322666666667
768.316,3.996725805315379,34.429123370695685,32.41300322777474,195.16473584199943,2026-06-25 05:42:54.832371,NaN,NaN,NaN,-34.786271,17.513322666666667
768.733,3.9971661847370052,34.429429855635554,32.41390910189409,195.1658433105464,2026-06-25 05:42:54.732397,NaN,NaN,NaN,-34.786271,17.513322666666667
768.96,3.9974915659556696,34.429734201783965,32.41446050956486,194.89687579046648,2026-06-25 05:42:54.682410,NaN,NaN,NaN,-34.786271,17.513322666666667
769.063,3.9969139872275705,34.430036380306326,32.41342370170429,195.1722609282393,2026-06-25 05:42:54.782384,NaN,NaN,NaN,-34.786271,17.513322666666667
769.281,3.99789726112825,34.43033636465692,32.41507707531116,194.62831600233795,2026-06-25 05:42:54.632423,NaN,NaN,NaN,-34.786271,17.513322666666667
769.6565,3.998657083430863,34.43078189330383,32.41612221012127,194.61785637443856,2026-06-25 05:42:54.557443,NaN,NaN,NaN,-34.786271,17.513322666666667
769.8893333333332,4.000096043192496,34.43151314458793,32.41807265311857,194.60259246762575,2026-06-25 05:42:54.432475,NaN,NaN,NaN,-34.786271,17.513322666666667
770.57,4.001309737299833,34.432231027918235,32.420081033636734,194.20123191321184,2026-06-25 05:42:54.307508,NaN,NaN,NaN,-34.786271,17.513322666666667
770.646,4.001960211496772,34.43265480976237,32.42196687189792,194.07225829180007,2026-06-25 05:42:54.182540,NaN,NaN,NaN,-34.786271,17.513322666666667
770.79,4.00176916214329,34.432934223619135,32.42123473795071,194.067696843067,2026-06-25 05:42:54.232527,NaN,NaN,NaN,-34.786271,17.513322666666667
771.14,4.0021927990492765,34.43348486983691,32.423352095570046,194.06798159470293,2026-06-25 05:42:54.082566,NaN,NaN,NaN,-34.786271,17.513322666666667
771.2895,4.002186892632379,34.43348603935195,32.42334398627071,194.0692894135632,2026-06-25 05:42:54.082566,NaN,NaN,NaN,-34.786271,17.513322666666667
771.584,4.0023636947609855,34.43402850104204,32.424669615962394,193.79647673874388,2026-06-25 05:42:53.982592,NaN,NaN,NaN,-34.786271,17.513322666666667
771.94,4.002473788630942,34.4345604724172,32.42592861490419,193.80146809196702,2026-06-25 05:42:53.882618,NaN,NaN,NaN,-34.786271,17.513322666666667
772.1455000000001,4.00245830489486,34.434561632025314,32.42591664014607,193.80487783675892,2026-06-25 05:42:53.882618,NaN,NaN,NaN,-34.786271,17.513322666666667
772.6690000000001,4.002451169259758,34.43521472617019,32.42735538267545,193.5414204755265,2026-06-25 05:42:53.757651,NaN,NaN,NaN,-34.786271,17.513322666666667
772.91,4.002356225823071,34.43560015682221,32.4285079840483,193.54815308831306,2026-06-25 05:42:53.632684,NaN,NaN,NaN,-34.786271,17.513322666666667
773.067,4.002391618665545,34.4358540816743,32.4280954339272,193.54899644582153,2026-06-25 05:42:53.682671,NaN,NaN,NaN,-34.786271,17.513322666666667
773.3489999999999,4.002353010534048,34.43623047835262,32.42899660170646,193.54636235374792,2026-06-25 05:42:53.557703,NaN,NaN,NaN,-34.786271,17.513322666666667
773.737,4.002520252201686,34.43660243478846,32.42959738948953,193.54682981874473,2026-06-25 05:42:53.432736,NaN,NaN,NaN,-34.786271,17.513322666666667
773.821,4.002423832177577,34.43684748270754,32.429381756065936,193.54767886790643,2026-06-25 05:42:53.482723,NaN,NaN,NaN,-34.786271,17.513322666666667
774.036,4.002644583734448,34.4370903687901,32.42980095399538,193.54816322858554,2026-06-25 05:42:53.382749,NaN,NaN,NaN,-34.786271,17.513322666666667
774.43,4.002870399398166,34.43745044100963,32.43010245739889,193.2848158717894,2026-06-25 05:42:53.307768,NaN,NaN,NaN,-34.786271,17.513322666666667
774.664,4.003126739273727,34.437806327974855,32.43040746176582,193.28042124092246,2026-06-25 05:42:53.232788,NaN,NaN,NaN,-34.786271,17.513322666666667
774.8715,4.003410485715458,34.438157099090404,32.43071512526986,193.27882944326663,2026-06-25 05:42:53.157807,NaN,NaN,NaN,-34.786271,17.513322666666667
775.105,4.003697089809275,34.438503876446205,32.43102075609825,193.28060197137935,2026-06-25 05:42:53.082827,NaN,NaN,NaN,-34.786271,17.513322666666667
775.481,4.003877046877134,34.438732457180635,32.431226519968746,193.27636843647255,2026-06-25 05:42:53.032840,NaN,NaN,NaN,-34.786271,17.513322666666667
775.6495,4.00412562709116,34.439071532819014,32.43156689859132,193.00981517194694,2026-06-25 05:42:52.957859,NaN,NaN,NaN,-34.786271,17.513322666666667
775.845,4.004368950409374,34.43940690990783,32.431976669323724,193.01934422025914,2026-06-25 05:42:52.882879,NaN,NaN,NaN,-34.786271,17.513322666666667
776.148,4.00455913524085,34.43962809602818,32.43232392088216,193.0207485339193,2026-06-25 05:42:52.832892,NaN,NaN,NaN,-34.786271,17.513322666666667
776.486,4.004815084191852,34.439847535286674,32.43275116938516,193.01899954796838,2026-06-25 05:42:52.782905,NaN,NaN,NaN,-34.786271,17.513322666666667
776.8416666666667,4.005733730364692,34.44028080809909,32.43401016421248,192.744856921394,2026-06-25 05:42:52.682931,NaN,NaN,NaN,-34.786271,17.513322666666667
777.214,4.007151534269807,34.440708699490756,32.43581659672916,192.73770568928248,2026-06-25 05:42:52.582957,NaN,NaN,NaN,-34.786271,17.513322666666667
777.4955,4.00864337715852,34.44102501807234,32.43773763952291,192.58577819383908,2026-06-25 05:42:52.507977,NaN,NaN,NaN,-34.786271,17.513322666666667
777.657,4.011513541840036,34.4413384369438,32.44168676368029,192.69515997027355,2026-06-25 05:42:52.383009,NaN,NaN,NaN,-34.786271,17.513322666666667
777.848,4.01033355995761,34.44154553121697,32.44000423133689,192.44270032137766,2026-06-25 05:42:52.432996,NaN,NaN,NaN,-34.786271,17.513322666666667
778.114,4.012665154759581,34.44175129887457,32.44342252940644,192.42127773980297,2026-06-25 05:42:52.333022,NaN,NaN,NaN,-34.786271,17.513322666666667
778.214,4.013736990907237,34.44195579031356,32.44513149953379,192.41686535327318,2026-06-25 05:42:52.283035,NaN,NaN,NaN,-34.786271,17.513322666666667
778.5615,4.015081851885654,34.44226010253116,32.447455424480395,192.41001723113618,2026-06-25 05:42:52.208055,NaN,NaN,NaN,-34.786271,17.513322666666667
778.864,4.0161029847043705,34.4425621185774,32.44941104739565,192.41057116445612,2026-06-25 05:42:52.133074,NaN,NaN,NaN,-34.786271,17.513322666666667
779.101,4.0165625203977315,34.44276201836535,32.45042698747026,192.41331895406321,2026-06-25 05:42:52.083088,NaN,NaN,NaN,-34.786271,17.513322666666667
779.2185,4.016977601964768,34.44305985851789,32.451515961332746,192.41513115197097,2026-06-25 05:42:52.008107,NaN,NaN,NaN,-34.786271,17.513322666666667
779.699,4.01719681746099,34.44335582039623,32.45219780009555,192.41153364197663,2026-06-25 05:42:51.933127,NaN,NaN,NaN,-34.786271,17.513322666666667
779.937,4.017256005598547,34.44355196376286,32.45240873233166,192.40675185600426,2026-06-25 05:42:51.883140,NaN,NaN,NaN,-34.786271,17.513322666666667
779.991,4.01726104364391,34.44374729940434,32.452469459427014,192.14487292594393,2026-06-25 05:42:51.833153,NaN,NaN,NaN,-34.786271,17.513322666666667
780.322,4.017137002205005,34.444038818363836,32.452350600070055,192.15570922330852,2026-06-25 05:42:51.758172,NaN,NaN,NaN,-34.786271,17.513322666666667
780.618,4.0168580626369765,34.44432898309225,32.452109593511565,192.15444312193347,2026-06-25 05:42:51.683192,NaN,NaN,NaN,-34.786271,17.513322666666667
781.0936666666666,4.0161412196323525,34.444713521857885,32.451644321001545,192.16444703640545,2026-06-25 05:42:51.583218,NaN,NaN,NaN,-34.786271,17.513322666666667
781.276,4.015086096373967,34.445096400801916,32.45098901119947,192.18293695684653,2026-06-25 05:42:51.483244,NaN,NaN,NaN,-34.786271,17.513322666666667
781.782,4.0143691758458475,34.445287135090275,32.45049753872335,192.18718685506602,2026-06-25 05:42:51.433257,NaN,NaN,NaN,-34.786271,17.513322666666667
781.868,4.0135308970471035,34.445477519628675,32.44986716405467,192.18843852916336,2026-06-25 05:42:51.383270,NaN,NaN,NaN,-34.786271,17.513322666666667
782.097,4.012000305834805,34.44576251590681,32.44860004410535,192.20966810188054,2026-06-25 05:42:51.308289,NaN,NaN,NaN,-34.786271,17.513322666666667
782.563,4.010157517049201,34.4460470477908,32.44698260427767,192.21869930439658,2026-06-25 05:42:51.233309,NaN,NaN,NaN,-34.786271,17.513322666666667
782.749,4.008708339876367,34.446236501464256,32.44565887668929,192.2361794740853,2026-06-25 05:42:51.183322,NaN,NaN,NaN,-34.786271,17.513322666666667
782.792,4.007101205497549,34.446425834265,32.44415598520848,191.988201604851,2026-06-25 05:42:51.133335,NaN,NaN,NaN,-34.786271,17.513322666666667
783.0895,4.003539081023316,34.44680430547876,32.44074969786341,192.02871056838555,2026-06-25 05:42:51.033361,NaN,NaN,NaN,-34.786271,17.513322666666667
783.318,4.003542189677916,34.446804306616414,32.44075611250398,192.03063308982564,2026-06-25 05:42:51.033361,NaN,NaN,NaN,-34.786271,17.513322666666667
783.4915,3.999169547795584,34.44727745277617,32.436564158970455,191.93355562133718,2026-06-25 05:42:50.908394,NaN,NaN,NaN,-34.786271,17.513322666666667
784.0225,3.9964183686813888,34.44765636786269,32.43407212370921,191.81798588324958,2026-06-25 05:42:50.808420,NaN,NaN,NaN,-34.786271,17.513322666666667
784.2665,3.9946450534378393,34.44803592752801,32.43276993623549,191.69091303775906,2026-06-25 05:42:50.708446,NaN,NaN,NaN,-34.786271,17.513322666666667
784.789,3.993876435325327,34.44832113248145,32.43252154168488,191.5694552051878,2026-06-25 05:42:50.633465,NaN,NaN,NaN,-34.786271,17.513322666666667
784.8815,3.9935032219478774,34.44860699034018,32.432825688529576,191.44113259962418,2026-06-25 05:42:50.558485,NaN,NaN,NaN,-34.786271,17.513322666666667
785.062,3.9933513028720835,34.44889344187326,32.433403739025934,191.3125242380417,2026-06-25 05:42:50.483504,NaN,NaN,NaN,-34.786271,17.513322666666667
785.431,3.9934806667589866,34.44927658473897,32.43438876788052,191.31142583548584,2026-06-25 05:42:50.383531,NaN,NaN,NaN,-34.786271,17.513322666666667
785.913,3.9934514951352154,34.44927676573077,32.4343885595865,191.315631433455,2026-06-25 05:42:50.383531,NaN,NaN,NaN,-34.786271,17.513322666666667
786.118,3.9937839984571037,34.44966117336766,32.43538809851719,191.3153233623658,2026-06-25 05:42:50.283557,NaN,NaN,NaN,-34.786271,17.513322666666667
786.313,3.994245774433934,34.45004730867751,32.436360596981096,191.04751491571145,2026-06-25 05:42:50.183583,NaN,NaN,NaN,-34.786271,17.513322666666667
786.4290000000001,3.9942502331761527,34.450047510453196,32.43636417538109,191.04691513085345,2026-06-25 05:42:50.183583,NaN,NaN,NaN,-34.786271,17.513322666666667
786.869,3.994954782128971,34.45062954446335,32.43788180320651,190.783276784447,2026-06-25 05:42:50.033622,NaN,NaN,NaN,-34.786271,17.513322666666667
787.082,3.9949682034837175,34.45062974992861,32.43787693235429,190.78345308707057,2026-06-25 05:42:50.033622,NaN,NaN,NaN,-34.786271,17.513322666666667
787.327,3.9953462129847,34.45101975219011,32.43893747927928,190.78948547117108,2026-06-25 05:42:49.933648,NaN,NaN,NaN,-34.786271,17.513322666666667
787.675,3.995614984794864,34.45131351974477,32.439730521584984,190.78768395796718,2026-06-25 05:42:49.858667,NaN,NaN,NaN,-34.786271,17.513322666666667
787.95,3.9961812846687397,34.4516080731458,32.44100859580991,190.51780910103835,2026-06-25 05:42:49.733700,NaN,NaN,NaN,-34.786271,17.513322666666667
788.021,3.9959305256465316,34.451804948447744,32.440506304314816,190.78228396244697,2026-06-25 05:42:49.783687,NaN,NaN,NaN,-34.786271,17.513322666666667
788.319,3.996451397780224,34.452002186910825,32.44149817138229,190.52847460751414,2026-06-25 05:42:49.683713,NaN,NaN,NaN,-34.786271,17.513322666666667
788.531,3.9967235155263316,34.452199772484875,32.44197251663776,190.77929292566137,2026-06-25 05:42:49.633726,NaN,NaN,NaN,-34.786271,17.513322666666667
788.778,3.9969776262553474,34.45239768683895,32.442429212090346,190.50765460318405,2026-06-25 05:42:49.583739,NaN,NaN,NaN,-34.786271,17.513322666666667
788.838,3.997188421942097,34.45259590938052,32.44286745937232,190.51003603229634,2026-06-25 05:42:49.533752,NaN,NaN,NaN,-34.786271,17.513322666666667
789.193,3.997324755932914,34.45279441727806,32.44328663610829,190.25883422833078,2026-06-25 05:42:49.483765,NaN,NaN,NaN,-34.786271,17.513322666666667
789.6203333333334,3.997267125439438,34.45319225468011,32.444034522690025,190.2646745297752,2026-06-25 05:42:49.383791,NaN,NaN,NaN,-34.786271,17.513322666666667
789.983,3.996923161460168,34.453590768977705,32.44464037385221,190.26319209573415,2026-06-25 05:42:49.283817,NaN,NaN,NaN,-34.786271,17.513322666666667
790.5416666666666,3.996376003673331,34.453989925493666,32.44497978733575,190.28144085511263,2026-06-25 05:42:49.183843,NaN,NaN,NaN,-34.786271,17.513322666666667
790.886,3.995832521409096,34.45438929816635,32.44514036474682,190.28718224725452,2026-06-25 05:42:49.083869,NaN,NaN,NaN,-34.786271,17.513322666666667
791.1,3.995614321778662,34.4545889928072,32.44514930241801,190.02122890655443,2026-06-25 05:42:49.033882,NaN,NaN,NaN,-34.786271,17.513322666666667
791.28,3.9953712732861764,34.4548883946041,32.44511356282082,190.02966816210505,2026-06-25 05:42:48.958902,NaN,NaN,NaN,-34.786271,17.513322666666667
791.76,3.995176600149852,34.4551875418695,32.445054185339075,190.0280092802235,2026-06-25 05:42:48.883921,NaN,NaN,NaN,-34.786271,17.513322666666667
791.864,3.9948520936191585,34.45558550673182,32.444920951930335,190.03296157183468,2026-06-25 05:42:48.783947,NaN,NaN,NaN,-34.786271,17.513322666666667
792.043,3.9948823305854373,34.4555856570972,32.444937430620975,190.0374213392974,2026-06-25 05:42:48.783947,NaN,NaN,NaN,-34.786271,17.513322666666667
792.276,3.9941329871994222,34.45608150309018,32.44457637134205,190.0437370752286,2026-06-25 05:42:48.658980,NaN,NaN,NaN,-34.786271,17.513322666666667
793.1313333333333,3.9925869506275853,34.45657453683165,32.44369795419735,189.84841317854784,2026-06-25 05:42:48.534013,NaN,NaN,NaN,-34.786271,17.513322666666667
793.239,3.990701697227836,34.45696670372878,32.44248620272258,189.8184013228607,2026-06-25 05:42:48.434039,NaN,NaN,NaN,-34.786271,17.513322666666667
793.5605,3.9887809901668527,34.457258777204245,32.441098827845366,189.70335068552117,2026-06-25 05:42:48.359058,NaN,NaN,NaN,-34.786271,17.513322666666667
794.111,3.9857701018231495,34.45764551990539,32.43879062814626,189.61363659138823,2026-06-25 05:42:48.259084,NaN,NaN,NaN,-34.786271,17.513322666666667
794.4953333333333,3.9816638906693274,34.45812350795865,32.43555518830809,189.4663175271797,2026-06-25 05:42:48.134117,NaN,NaN,NaN,-34.786271,17.513322666666667
794.9295,3.977733074618226,34.45859521352298,32.43249892351367,189.40865580591372,2026-06-25 05:42:48.009149,NaN,NaN,NaN,-34.786271,17.513322666666667
795.059,3.975554526181632,34.458874616067625,32.43088713769409,189.41474929966094,2026-06-25 05:42:47.934169,NaN,NaN,NaN,-34.786271,17.513322666666667
795.623,3.9734617691813465,34.45915067434474,32.429431211633435,189.4472500281363,2026-06-25 05:42:47.859189,NaN,NaN,NaN,-34.786271,17.513322666666667
795.906,3.9700031749853872,34.45942386086767,32.427233884188304,189.21630258497393,2026-06-25 05:42:47.734221,NaN,NaN,NaN,-34.786271,17.513322666666667
796.048,3.97137935853344,34.459603961942065,32.428069140965825,189.20169039185615,2026-06-25 05:42:47.784208,NaN,NaN,NaN,-34.786271,17.513322666666667
796.4455,3.968033630866757,34.45987088403069,32.426164586507696,189.2385251646258,2026-06-25 05:42:47.659241,NaN,NaN,NaN,-34.786271,17.513322666666667
796.9605,3.965316614076693,34.460306810910204,32.425037459981695,189.1273649452166,2026-06-25 05:42:47.534273,NaN,NaN,NaN,-34.786271,17.513322666666667
797.056,3.965235368748059,34.46030773752424,32.424976549643155,189.0011612790071,2026-06-25 05:42:47.534273,NaN,NaN,NaN,-34.786271,17.513322666666667
797.24,3.9637041496214227,34.46064875924531,32.42458619840299,189.00619376056065,2026-06-25 05:42:47.434299,NaN,NaN,NaN,-34.786271,17.513322666666667
797.504,3.9631800975642357,34.46081633637436,32.42451854276903,189.0105823505575,2026-06-25 05:42:47.384312,NaN,NaN,NaN,-34.786271,17.513322666666667
797.684,3.962793597161617,34.46098187730708,32.42450884111436,189.01364275329698,2026-06-25 05:42:47.334325,NaN,NaN,NaN,-34.786271,17.513322666666667
797.885,3.96251926714821,34.46114532309053,32.42454213159098,188.7588658265464,2026-06-25 05:42:47.284338,NaN,NaN,NaN,-34.786271,17.513322666666667
798.1393333333334,3.9622293626308647,34.461464944504264,32.4247094728734,188.7619022043183,2026-06-25 05:42:47.184364,NaN,NaN,NaN,-34.786271,17.513322666666667
798.644,3.962104976615348,34.46177701873255,32.42496283515306,188.76627572505637,2026-06-25 05:42:47.084390,NaN,NaN,NaN,-34.786271,17.513322666666667
799.095,3.9620690345331777,34.46200400330703,32.42523661822348,188.7652894016242,2026-06-25 05:42:47.009410,NaN,NaN,NaN,-34.786271,17.513322666666667
799.278,3.9620062644885192,34.46222609694213,32.42557403698036,188.76835581639455,2026-06-25 05:42:46.934430,NaN,NaN,NaN,-34.786271,17.513322666666667
799.578,3.961785214131927,34.46237081906341,32.42613354932668,188.77783719615516,2026-06-25 05:42:46.834456,NaN,NaN,NaN,-34.786271,17.513322666666667
799.637,3.961918136182557,34.462512978932764,32.42584060824295,188.777538478299,2026-06-25 05:42:46.884443,NaN,NaN,NaN,-34.786271,17.513322666666667
799.845,3.9616143248427518,34.46265253321592,32.42644675297919,188.5263712922511,2026-06-25 05:42:46.784469,NaN,NaN,NaN,-34.786271,17.513322666666667
800.075,3.961420925295915,34.46278944056298,32.42677203987106,188.52899357481715,2026-06-25 05:42:46.734482,NaN,NaN,NaN,-34.786271,17.513322666666667
800.288,3.961220064754169,34.462923661672335,32.42709668017075,188.5253638034323,2026-06-25 05:42:46.684495,NaN,NaN,NaN,-34.786271,17.513322666666667
800.4735000000001,3.9606819031574556,34.46305515935084,32.427746915019505,188.53073576546504,2026-06-25 05:42:46.559527,NaN,NaN,NaN,-34.786271,17.513322666666667
800.592,3.961017574841915,34.46324687254409,32.42740081655112,188.528405216235,2026-06-25 05:42:46.634508,NaN,NaN,NaN,-34.786271,17.513322666666667
801.1475,3.9600615333739713,34.463493110684894,32.42788595153677,188.53708140541713,2026-06-25 05:42:46.459553,NaN,NaN,NaN,-34.786271,17.513322666666667
801.349,3.9593744013530046,34.46367064884644,32.42767660906607,188.54782056222336,2026-06-25 05:42:46.384573,NaN,NaN,NaN,-34.786271,17.513322666666667
801.503,3.9587639368590053,34.46378514951337,32.427350130215395,188.56096993408698,2026-06-25 05:42:46.334586,NaN,NaN,NaN,-34.786271,17.513322666666667
801.842,3.9580393384147197,34.463896729624494,32.42687772834787,188.5669603772971,2026-06-25 05:42:46.284599,NaN,NaN,NaN,-34.786271,17.513322666666667
802.008,3.956326765237316,34.464109571419456,32.42551563106955,188.5789748122401,2026-06-25 05:42:46.184625,NaN,NaN,NaN,-34.786271,17.513322666666667
802.2950000000001,3.956302786112219,34.464111055994024,32.42546604699891,188.57993273347725,2026-06-25 05:42:46.184625,NaN,NaN,NaN,-34.786271,17.513322666666667
802.674,3.9544180598877063,34.464313508251664,32.42376788037632,188.6052847050482,2026-06-25 05:42:46.084651,NaN,NaN,NaN,-34.786271,17.513322666666667
802.961,3.952475075568249,34.4645025068226,32.4219455459982,188.61631757315104,2026-06-25 05:42:45.984677,NaN,NaN,NaN,-34.786271,17.513322666666667
803.0645,3.9524988028370256,34.46450400641184,32.42196401313092,188.62014408805632,2026-06-25 05:42:45.984677,NaN,NaN,NaN,-34.786271,17.513322666666667
803.5135,3.9503574700714665,34.46472488656649,32.419890342950026,188.6456970625568,2026-06-25 05:42:45.859710,NaN,NaN,NaN,-34.786271,17.513322666666667
803.7349999999999,3.9491639380677976,34.46488840322241,32.41854339063198,188.6466390889331,2026-06-25 05:42:45.759736,NaN,NaN,NaN,-34.786271,17.513322666666667
804.136,3.9484704536699757,34.46503998098338,32.417507489723235,188.64834069514046,2026-06-25 05:42:45.659762,NaN,NaN,NaN,-34.786271,17.513322666666667
804.694,3.9480039490109844,34.46517970667557,32.41673665682699,188.65494001336046,2026-06-25 05:42:45.559788,NaN,NaN,NaN,-34.786271,17.513322666666667
805.1305,3.94715362975822,34.46533680887225,32.41601208071056,188.67149199852705,2026-06-25 05:42:45.434820,NaN,NaN,NaN,-34.786271,17.513322666666667
805.404,3.9471971753039092,34.46533824955626,32.416001186912624,188.6781820154866,2026-06-25 05:42:45.434820,NaN,NaN,NaN,-34.786271,17.513322666666667
805.6610000000001,3.9455858884756045,34.465502930675505,32.41531420817021,188.69209904779356,2026-06-25 05:42:45.284860,NaN,NaN,NaN,-34.786271,17.513322666666667
805.987,3.9455949135411004,34.465504331703826,32.4153084816043,188.69630788593307,2026-06-25 05:42:45.284860,NaN,NaN,NaN,-34.786271,17.513322666666667
806.094,3.9440770785964583,34.46562310293905,32.41480651183319,188.70553158207105,2026-06-25 05:42:45.159892,NaN,NaN,NaN,-34.786271,17.513322666666667
806.31,3.9431496307845992,34.46568671064479,32.41448487850107,188.70995424922873,2026-06-25 05:42:45.084912,NaN,NaN,NaN,-34.786271,17.513322666666667
806.845,3.9424963442459373,34.465725545111624,32.41423309625614,188.72042544964825,2026-06-25 05:42:45.034925,NaN,NaN,NaN,-34.786271,17.513322666666667
807.13,3.9413945437576583,34.465778553928075,32.41374209222694,188.73392874421893,2026-06-25 05:42:44.959944,NaN,NaN,NaN,-34.786271,17.513322666666667
807.357,3.9401236756997813,34.46582641984187,32.41308121714209,189.00830398869076,2026-06-25 05:42:44.884964,NaN,NaN,NaN,-34.786271,17.513322666666667
807.514,3.9391496698119144,34.46585497157248,32.41248882097516,189.01404157284674,2026-06-25 05:42:44.834977,NaN,NaN,NaN,-34.786271,17.513322666666667
807.708,3.93808082649132,34.465881058605355,32.41175810813868,188.76609231112084,2026-06-25 05:42:44.784990,NaN,NaN,NaN,-34.786271,17.513322666666667
807.938,3.9369213031768147,34.4659047261349,32.41087869399874,189.03389465523867,2026-06-25 05:42:44.735003,NaN,NaN,NaN,-34.786271,17.513322666666667
808.189,3.9350208158815096,34.465935505149716,32.409277791956995,188.80251221246743,2026-06-25 05:42:44.660022,NaN,NaN,NaN,-34.786271,17.513322666666667
808.5165,3.9323098618167007,34.46596891477907,32.40681293945307,189.08444971725217,2026-06-25 05:42:44.560048,NaN,NaN,NaN,-34.786271,17.513322666666667
808.898,3.92896561684063,34.465997564704175,32.40358742839928,188.85455136061697,2026-06-25 05:42:44.435081,NaN,NaN,NaN,-34.786271,17.513322666666667
809.0889999999999,3.9290042353160635,34.46599860098202,32.40361578749646,188.97861661109906,2026-06-25 05:42:44.435081,NaN,NaN,NaN,-34.786271,17.513322666666667
809.279,3.925594552270664,34.466015914702695,32.40022780796901,188.87314778351293,2026-06-25 05:42:44.285120,NaN,NaN,NaN,-34.786271,17.513322666666667
809.479,3.9255578081949465,34.466015914702695,32.4001787853157,188.87498191388866,2026-06-25 05:42:44.285120,NaN,NaN,NaN,-34.786271,17.513322666666667
809.874,3.9232308408856693,34.466015914702695,32.39799423693107,189.15587341700598,2026-06-25 05:42:44.160153,NaN,NaN,NaN,-34.786271,17.513322666666667
810.5039999999999,3.9208309542803574,34.466014716488566,32.3960578352641,189.18294392054355,2026-06-25 05:42:44.010192,NaN,NaN,NaN,-34.786271,17.513322666666667
810.595,3.9219824154594622,34.46600653255659,32.39693522022082,189.1738004685736,2026-06-25 05:42:44.085172,NaN,NaN,NaN,-34.786271,17.513322666666667
810.9365,3.919360480448524,34.46599029551024,32.39503362099849,189.19333394297908,2026-06-25 05:42:43.910218,NaN,NaN,NaN,-34.786271,17.513322666666667
811.304,3.91786135241075,34.46596805066868,32.3940147196164,189.2048538970549,2026-06-25 05:42:43.810244,NaN,NaN,NaN,-34.786271,17.513322666666667
811.766,3.915696399655765,34.465932612025554,32.392485767405724,189.23103867727917,2026-06-25 05:42:43.685276,NaN,NaN,NaN,-34.786271,17.513322666666667
811.8853333333333,3.9149798339437587,34.46592078978406,32.39194246283776,189.2418558429123,2026-06-25 05:42:43.651952,NaN,NaN,NaN,-34.786271,17.513322666666667
812.476,3.91195165022809,34.46586955418905,32.38956712550575,189.26658877551952,2026-06-25 05:42:43.510322,NaN,NaN,NaN,-34.786271,17.513322666666667
812.653,3.9102563165612008,34.46583853560416,32.388115483468646,189.29132872461844,2026-06-25 05:42:43.435342,NaN,NaN,NaN,-34.786271,17.513322666666667
812.9100000000001,3.9085873968206037,34.46580499112929,32.38664857180221,189.29809662822606,2026-06-25 05:42:43.360361,NaN,NaN,NaN,-34.786271,17.513322666666667
813.193,3.906969494718569,34.46576956707008,32.385205079946935,189.31102524450642,2026-06-25 05:42:43.285381,NaN,NaN,NaN,-34.786271,17.513322666666667
813.469,3.904857838873138,34.4657191520753,32.38326322795825,189.32618469719742,2026-06-25 05:42:43.185407,NaN,NaN,NaN,-34.786271,17.513322666666667
813.781,3.9048691387595102,34.46571875914171,32.38327512896941,189.3287380263886,2026-06-25 05:42:43.185407,NaN,NaN,NaN,-34.786271,17.513322666666667
814.1329999999999,3.901520735662326,34.46563751166813,32.38020471726859,189.36291645979105,2026-06-25 05:42:43.035446,NaN,NaN,NaN,-34.786271,17.513322666666667
814.498,3.8991379579447876,34.465580051604654,32.37807341505798,189.38286284733195,2026-06-25 05:42:42.935472,NaN,NaN,NaN,-34.786271,17.513322666666667
814.984,3.897915888788388,34.46555029800076,32.37699019197919,189.39566689298798,2026-06-25 05:42:42.885485,NaN,NaN,NaN,-34.786271,17.513322666666667
815.253,3.8953691399185217,34.465488963762006,32.37477995449617,189.41761472085128,2026-06-25 05:42:42.785511,NaN,NaN,NaN,-34.786271,17.513322666666667
815.501,3.892619291048845,34.46542595207184,32.372499953672715,189.44303695199307,2026-06-25 05:42:42.685537,NaN,NaN,NaN,-34.786271,17.513322666666667
815.868,3.8910918628515034,34.46539367604802,32.371296605485675,189.45934958714292,2026-06-25 05:42:42.635550,NaN,NaN,NaN,-34.786271,17.513322666666667
816.002,3.8894438193612766,34.46536097521395,32.37002303344467,189.48354462845137,2026-06-25 05:42:42.585563,NaN,NaN,NaN,-34.786271,17.513322666666667
816.386,3.8876594313675787,34.46532787183252,32.36864242525642,189.49191363664337,2026-06-25 05:42:42.535576,NaN,NaN,NaN,-34.786271,17.513322666666667
816.465,3.8846769893527062,34.46527746165887,32.36623224831982,189.50790600188427,2026-06-25 05:42:42.460596,NaN,NaN,NaN,-34.786271,17.513322666666667
816.727,3.8813429432107465,34.46522634066431,32.36335443007766,189.54250692080015,2026-06-25 05:42:42.385615,NaN,NaN,NaN,-34.786271,17.513322666666667
816.919,3.877513504025573,34.46517438750819,32.359782611768125,189.31591009681281,2026-06-25 05:42:42.310635,NaN,NaN,NaN,-34.786271,17.513322666666667
817.316,3.870368960879425,34.46508634805244,32.352778294575,189.3861682366419,2026-06-25 05:42:42.185667,NaN,NaN,NaN,-34.786271,17.513322666666667
817.495,3.8703496231919585,34.46508620152582,32.352770855015436,189.38311852559647,2026-06-25 05:42:42.185667,NaN,NaN,NaN,-34.786271,17.513322666666667
817.818,3.86441944526261,34.4650145588014,32.3469936132272,189.43327237614187,2026-06-25 05:42:42.085693,NaN,NaN,NaN,-34.786271,17.513322666666667
818.1285,3.860243684439218,34.464959932209155,32.34313782502032,189.46287842884237,2026-06-25 05:42:42.010713,NaN,NaN,NaN,-34.786271,17.513322666666667
818.278,3.8564545933248366,34.464904738616106,32.33980431393641,189.23121295480973,2026-06-25 05:42:41.935733,NaN,NaN,NaN,-34.786271,17.513322666666667
818.54,3.8542349725364895,34.464867562426754,32.337952864755316,189.50800413910343,2026-06-25 05:42:41.885746,NaN,NaN,NaN,-34.786271,17.513322666666667
818.906,3.852261083401615,34.46483009641725,32.3363660363259,189.2589156427208,2026-06-25 05:42:41.835759,NaN,NaN,NaN,-34.786271,17.513322666666667
819.02,3.8491525374300903,34.46475427078563,32.33396847323718,189.2881545851017,2026-06-25 05:42:41.735785,NaN,NaN,NaN,-34.786271,17.513322666666667
819.283,3.8490408549646786,34.46475411498744,32.33387976107203,189.28931916599802,2026-06-25 05:42:41.735785,NaN,NaN,NaN,-34.786271,17.513322666666667
819.7180000000001,3.8456419807202717,34.46461847605364,32.3312021167627,189.31493372973125,2026-06-25 05:42:41.560830,NaN,NaN,NaN,-34.786271,17.513322666666667
819.969,3.8454942877453187,34.46461812148307,32.33111082249001,189.31770857197066,2026-06-25 05:42:41.560830,NaN,NaN,NaN,-34.786271,17.513322666666667
820.081,3.8440947431531303,34.464518927041915,32.32986721932782,189.32520885771683,2026-06-25 05:42:41.435863,NaN,NaN,NaN,-34.786271,17.513322666666667
820.362,3.8436876466456718,34.464478413336124,32.3295139902699,189.3325681402603,2026-06-25 05:42:41.385876,NaN,NaN,NaN,-34.786271,17.513322666666667
820.906,3.842653776134187,34.46438188031517,32.32887321426588,189.3450787340587,2026-06-25 05:42:41.235915,NaN,NaN,NaN,-34.786271,17.513322666666667
821.085,3.842872457217897,34.46435431430284,32.32900169202522,189.34461932073867,2026-06-25 05:42:41.269240,NaN,NaN,NaN,-34.786271,17.513322666666667
821.197,3.841917341053908,34.46426924545152,32.328586763837116,189.35721959079805,2026-06-25 05:42:41.135941,NaN,NaN,NaN,-34.786271,17.513322666666667
821.593,3.841489691267838,34.46422594455373,32.328414715471844,189.35945938481538,2026-06-25 05:42:41.085954,NaN,NaN,NaN,-34.786271,17.513322666666667
821.89,3.8410103202728263,34.464182101967985,32.32820905656107,189.36111141051654,2026-06-25 05:42:41.035967,NaN,NaN,NaN,-34.786271,17.513322666666667
822.1120000000001,3.840167974415638,34.46411519536922,32.32782830159886,189.37774051917776,2026-06-25 05:42:40.960987,NaN,NaN,NaN,-34.786271,17.513322666666667
822.3185000000001,3.8380473876414305,34.46404708565456,32.326807380286695,189.39858153652713,2026-06-25 05:42:40.811026,NaN,NaN,NaN,-34.786271,17.513322666666667
822.529,3.8391879095915225,34.46397738033054,32.327371301747384,189.38745424879454,2026-06-25 05:42:40.886006,NaN,NaN,NaN,-34.786271,17.513322666666667
823.122,3.8359135331480725,34.463857768285884,32.32561491335996,189.41591758228688,2026-06-25 05:42:40.686058,NaN,NaN,NaN,-34.786271,17.513322666666667
823.6775,3.833579190550071,34.46373386439426,32.32407491402796,189.44480836143396,2026-06-25 05:42:40.561091,NaN,NaN,NaN,-34.786271,17.513322666666667
823.9739999999999,3.831603621704166,34.46363106110846,32.32260627533934,189.4642409497593,2026-06-25 05:42:40.461117,NaN,NaN,NaN,-34.786271,17.513322666666667
824.259,3.8301499414228584,34.46355187519852,32.32146339701957,189.4749629195083,2026-06-25 05:42:40.386136,NaN,NaN,NaN,-34.786271,17.513322666666667
824.685,3.8292361118972034,34.46349793132582,32.32072031615093,189.4858905367293,2026-06-25 05:42:40.336149,NaN,NaN,NaN,-34.786271,17.513322666666667
824.876,3.8279625181643873,34.46341522691942,32.31967660837587,189.50273371468157,2026-06-25 05:42:40.261169,NaN,NaN,NaN,-34.786271,17.513322666666667
825.132,3.8267692916573806,34.46333068874727,32.31871158285183,189.50738496519335,2026-06-25 05:42:40.186189,NaN,NaN,NaN,-34.786271,17.513322666666667
825.326,3.8255996955279175,34.463243796964406,32.31779384222939,189.51759712456757,2026-06-25 05:42:40.111208,NaN,NaN,NaN,-34.786271,17.513322666666667
825.545,3.8233050517019875,34.46315497874521,32.31606083496838,189.53629694720786,2026-06-25 05:42:39.986241,NaN,NaN,NaN,-34.786271,17.513322666666667
825.616,3.824323348659033,34.4630944614752,32.31681982216986,189.53227646849828,2026-06-25 05:42:40.036228,NaN,NaN,NaN,-34.786271,17.513322666666667
826.087,3.822085994234117,34.46303295205784,32.31516140779783,189.555877467053,2026-06-25 05:42:39.936254,NaN,NaN,NaN,-34.786271,17.513322666666667
826.267,3.8206070847881057,34.462970441811244,32.31407414163977,189.5642766419565,2026-06-25 05:42:39.886267,NaN,NaN,NaN,-34.786271,17.513322666666667
826.6899999999999,3.816517898667574,34.46284205398513,32.311045380637644,189.60254838104976,2026-06-25 05:42:39.786293,NaN,NaN,NaN,-34.786271,17.513322666666667
827.129,3.8111112780175596,34.462710280356646,32.30698432208211,189.66509405679986,2026-06-25 05:42:39.686319,NaN,NaN,NaN,-34.786271,17.513322666666667
827.263,3.8077353596601795,34.46264269805843,32.304388996719716,189.94993487107567,2026-06-25 05:42:39.636332,NaN,NaN,NaN,-34.786271,17.513322666666667
827.4966666666668,3.7998834370139307,34.462504159415694,32.29807383365604,189.7439607907403,2026-06-25 05:42:39.536358,NaN,NaN,NaN,-34.786271,17.513322666666667
827.756,3.79118596837119,34.462362277909335,32.29070807766081,189.82465437986687,2026-06-25 05:42:39.436384,NaN,NaN,NaN,-34.786271,17.513322666666667
828.21,3.784247397777288,34.46225290871827,32.284391200808074,189.8854255011264,2026-06-25 05:42:39.361404,NaN,NaN,NaN,-34.786271,17.513322666666667
828.468,3.7773380857112966,34.4621416132184,32.27778963406985,189.95064611195892,2026-06-25 05:42:39.286423,NaN,NaN,NaN,-34.786271,17.513322666666667
828.774,3.768801068124608,34.46206615959754,32.2692045600107,190.01137163805248,2026-06-25 05:42:39.186449,NaN,NaN,NaN,-34.786271,17.513322666666667
828.827,3.7729265942602104,34.46198978748736,32.27340272603504,189.98663938348017,2026-06-25 05:42:39.236436,NaN,NaN,NaN,-34.786271,17.513322666666667
829.4345000000001,3.760829882572984,34.46179405095057,32.26098234830115,190.06652490579708,2026-06-25 05:42:39.061482,NaN,NaN,NaN,-34.786271,17.513322666666667
829.6416666666668,3.757969702605852,34.46170113573306,32.258086230720686,190.0976017611304,2026-06-25 05:42:39.003164,NaN,NaN,NaN,-34.786271,17.513322666666667
830.051,3.754702390335697,34.46159498945199,32.254760919051506,190.1158084647019,2026-06-25 05:42:38.936514,NaN,NaN,NaN,-34.786271,17.513322666666667
830.2625,3.7516059463620586,34.46139019518298,32.25194241900503,189.86539527719938,2026-06-25 05:42:38.811547,NaN,NaN,NaN,-34.786271,17.513322666666667
830.549,3.7505127027184173,34.46126542133542,32.25107530165769,190.1335886788289,2026-06-25 05:42:38.736566,NaN,NaN,NaN,-34.786271,17.513322666666667
830.907,3.749531822770223,34.461096684711926,32.25044810947785,190.15491031509322,2026-06-25 05:42:38.636592,NaN,NaN,NaN,-34.786271,17.513322666666667
831.264,3.748559513213822,34.4609262274442,32.24986164878268,190.1552655424531,2026-06-25 05:42:38.536619,NaN,NaN,NaN,-34.786271,17.513322666666667
831.575,3.7479719459568823,34.46084025539586,32.24943975911298,190.1669104722565,2026-06-25 05:42:38.486632,NaN,NaN,NaN,-34.786271,17.513322666666667
831.637,3.747279600746966,34.460753911133565,32.24886089490803,190.17695474813084,2026-06-25 05:42:38.436645,NaN,NaN,NaN,-34.786271,17.513322666666667
831.916,3.746459174734046,34.460667246227324,32.24808728612056,190.18320323061323,2026-06-25 05:42:38.386658,NaN,NaN,NaN,-34.786271,17.513322666666667
832.132,3.745499017222514,34.46058031383739,32.24710238266111,190.1926756002372,2026-06-25 05:42:38.336671,NaN,NaN,NaN,-34.786271,17.513322666666667
832.243,3.744401780323648,34.460493168645996,32.245916199732285,190.2050080162373,2026-06-25 05:42:38.286684,NaN,NaN,NaN,-34.786271,17.513322666666667
832.576,3.7431827489924308,34.4604058667865,32.24456700012622,190.21976662686077,2026-06-25 05:42:38.236697,NaN,NaN,NaN,-34.786271,17.513322666666667
832.595,3.74187074143494,34.46031846577009,32.24311794815398,190.232324825221,2026-06-25 05:42:38.186710,NaN,NaN,NaN,-34.786271,17.513322666666667
832.823,3.7405089092970383,34.46023102441014,32.241647739373114,190.25307820166526,2026-06-25 05:42:38.136723,NaN,NaN,NaN,-34.786271,17.513322666666667
833.067,3.7391513753150885,34.46014360274458,32.240235874635395,190.26463080942997,2026-06-25 05:42:38.086736,NaN,NaN,NaN,-34.786271,17.513322666666667
833.2935,3.737264378233526,34.46001266312378,32.23838863276676,190.40522683321444,2026-06-25 05:42:38.011755,NaN,NaN,NaN,-34.786271,17.513322666666667
833.578,3.735633831916973,34.45988207297696,32.23690045551152,190.28244296029763,2026-06-25 05:42:37.936775,NaN,NaN,NaN,-34.786271,17.513322666666667
833.727,3.7347493069054876,34.45979535213634,32.236161930005316,190.29411494959317,2026-06-25 05:42:37.886788,NaN,NaN,NaN,-34.786271,17.513322666666667
834.038,3.7340162358555733,34.45970896670352,32.23559767765833,190.30023125698582,2026-06-25 05:42:37.836801,NaN,NaN,NaN,-34.786271,17.513322666666667
834.371,3.7334289545447072,34.4596229823367,32.23518555807009,190.3089627058214,2026-06-25 05:42:37.786814,NaN,NaN,NaN,-34.786271,17.513322666666667
834.472,3.732984043570331,34.459537465330655,32.234903569084985,190.31508849812383,2026-06-25 05:42:37.736827,NaN,NaN,NaN,-34.786271,17.513322666666667
834.761,3.7326787102392545,34.45945248252852,32.23473284284993,190.57866919561977,2026-06-25 05:42:37.686840,NaN,NaN,NaN,-34.786271,17.513322666666667
834.8555,3.732481817753936,34.45932624517431,32.234665852758525,190.3177983224801,2026-06-25 05:42:37.611860,NaN,NaN,NaN,-34.786271,17.513322666666667
835.373,3.7325054103994546,34.45920141413009,32.23475940480043,190.31908362559759,2026-06-25 05:42:37.536879,NaN,NaN,NaN,-34.786271,17.513322666666667
835.495,3.732624602032601,34.45911924441796,32.234900597635715,190.31655390711836,2026-06-25 05:42:37.486892,NaN,NaN,NaN,-34.786271,17.513322666666667
835.721,3.732932867138578,34.45903794822156,32.23524256395337,190.31401909863726,2026-06-25 05:42:37.386918,NaN,NaN,NaN,-34.786271,17.513322666666667
835.83,3.7327795131967654,34.45895759379242,32.2350701723759,190.31574764631605,2026-06-25 05:42:37.436905,NaN,NaN,NaN,-34.786271,17.513322666666667
836.077,3.7331074806836244,34.45880055558692,32.2355278764838,190.58857476857742,2026-06-25 05:42:37.286944,NaN,NaN,NaN,-34.786271,17.513322666666667
836.2855,3.733073405912229,34.45879998274821,32.235514461244705,190.4560029023636,2026-06-25 05:42:37.286944,NaN,NaN,NaN,-34.786271,17.513322666666667
836.51,3.7329706756022913,34.458609640168206,32.235736223845876,190.5977598549264,2026-06-25 05:42:37.161977,NaN,NaN,NaN,-34.786271,17.513322666666667
837.075,3.7327763056933483,34.458499044922775,32.23577959647329,190.59577200230058,2026-06-25 05:42:37.086996,NaN,NaN,NaN,-34.786271,17.513322666666667
837.342,3.7323858680846578,34.458357554918706,32.235632774120944,190.60312067011054,2026-06-25 05:42:36.987022,NaN,NaN,NaN,-34.786271,17.513322666666667
837.45,3.732342592585691,34.45835678408041,32.23558979334226,190.604229689359,2026-06-25 05:42:36.987022,NaN,NaN,NaN,-34.786271,17.513322666666667
837.766,3.7316508083996762,34.45822068907149,32.23513931879226,190.61338177341406,2026-06-25 05:42:36.887049,NaN,NaN,NaN,-34.786271,17.513322666666667
838.056,3.731080587505544,34.45815511174095,32.23471372251629,190.62166059054692,2026-06-25 05:42:36.837062,NaN,NaN,NaN,-34.786271,17.513322666666667
838.266,3.7303469922020627,34.458091263472106,32.234133865923575,190.62691221863273,2026-06-25 05:42:36.787075,NaN,NaN,NaN,-34.786271,17.513322666666667
838.541,3.7294299055375784,34.4580292045923,32.23337506565785,190.63978326728483,2026-06-25 05:42:36.737088,NaN,NaN,NaN,-34.786271,17.513322666666667
838.7149999999999,3.7276471479198916,34.45793984222195,32.23183549415887,190.6605297863077,2026-06-25 05:42:36.662107,NaN,NaN,NaN,-34.786271,17.513322666666667
839.112,3.723702932256386,34.457800025770744,32.228301204380806,190.69325536877827,2026-06-25 05:42:36.537140,NaN,NaN,NaN,-34.786271,17.513322666666667
839.2563333333334,3.722294826947324,34.45776658947374,32.22704158921195,190.6993649746679,2026-06-25 05:42:36.503815,NaN,NaN,NaN,-34.786271,17.513322666666667
839.705,3.7174149419077525,34.45764969067072,32.2227320519259,191.01588430858033,2026-06-25 05:42:36.387179,NaN,NaN,NaN,-34.786271,17.513322666666667
839.957,3.7150411557203866,34.45760395815624,32.2207131620962,191.04158377894072,2026-06-25 05:42:36.337192,NaN,NaN,NaN,-34.786271,17.513322666666667
840.2429999999999,3.711317389096319,34.45753991997186,32.21760207744097,191.06920170687903,2026-06-25 05:42:36.262211,NaN,NaN,NaN,-34.786271,17.513322666666667
840.694,3.7062420152934568,34.45746235562503,32.21336948017547,191.11388388757354,2026-06-25 05:42:36.162237,NaN,NaN,NaN,-34.786271,17.513322666666667
840.819,3.7024719147527563,34.45741020116682,32.21017866060317,190.8784116541988,2026-06-25 05:42:36.087257,NaN,NaN,NaN,-34.786271,17.513322666666667
841.345,3.700039411283011,34.45737871791086,32.20807839353837,190.90353901595688,2026-06-25 05:42:36.037270,NaN,NaN,NaN,-34.786271,17.513322666666667
841.5,3.696599418659366,34.4573365269574,32.2050318609016,190.93804385530206,2026-06-25 05:42:35.962290,NaN,NaN,NaN,-34.786271,17.513322666666667
841.73,3.691546852670236,34.45727950072934,32.200340482451715,190.96512086338728,2026-06-25 05:42:35.837322,NaN,NaN,NaN,-34.786271,17.513322666666667
841.7950000000001,3.6916291464106807,34.45727818788857,32.20039064227548,190.96996334042524,2026-06-25 05:42:35.837322,NaN,NaN,NaN,-34.786271,17.513322666666667
842.37,3.6882335515847777,34.45724356570709,32.19703123475697,190.99844528450274,2026-06-25 05:42:35.737348,NaN,NaN,NaN,-34.786271,17.513322666666667
842.531,3.686016538163421,34.45722493557471,32.194742060548485,191.01638157782355,2026-06-25 05:42:35.662368,NaN,NaN,NaN,-34.786271,17.513322666666667
842.942,3.6838501901116385,34.45721169927966,32.1925086057725,191.0330619570833,2026-06-25 05:42:35.587387,NaN,NaN,NaN,-34.786271,17.513322666666667
842.996,3.6823646651811757,34.45720729723469,32.19100224789357,190.77706456045328,2026-06-25 05:42:35.537400,NaN,NaN,NaN,-34.786271,17.513322666666667
843.3195000000001,3.6799409502713214,34.45720729723469,32.1886261181844,190.8113037419446,2026-06-25 05:42:35.462420,NaN,NaN,NaN,-34.786271,17.513322666666667
843.429,3.677229077098744,34.45720729723469,32.18606921429133,190.82639516371427,2026-06-25 05:42:35.387439,NaN,NaN,NaN,-34.786271,17.513322666666667
843.908,3.6729620807933823,34.45722156583982,32.182194087616324,190.6026956051064,2026-06-25 05:42:35.287465,NaN,NaN,NaN,-34.786271,17.513322666666667
844.0989999999999,3.671552991414437,34.45722994222029,32.18096189609868,190.8771040691108,2026-06-25 05:42:35.262472,NaN,NaN,NaN,-34.786271,17.513322666666667
844.365,3.6705349960687963,34.457232824264864,32.180030654360685,190.62713394718864,2026-06-25 05:42:35.237478,NaN,NaN,NaN,-34.786271,17.513322666666667
844.566,3.6622418187811663,34.45726357091511,32.172797264737184,190.7078080672588,2026-06-25 05:42:35.087518,NaN,NaN,NaN,-34.786271,17.513322666666667
844.713,3.6651331428325045,34.4572830443504,32.17528899067029,190.93389737536341,2026-06-25 05:42:35.137505,NaN,NaN,NaN,-34.786271,17.513322666666667
844.925,3.656446224628957,34.45730523725889,32.16801005380451,190.75641172493167,2026-06-25 05:42:34.987544,NaN,NaN,NaN,-34.786271,17.513322666666667
845.016,3.659315526368022,34.457330136172395,32.17033526469218,190.73756870756435,2026-06-25 05:42:35.037531,NaN,NaN,NaN,-34.786271,17.513322666666667
845.4755,3.6514126202900146,34.45738798628319,32.164289283427756,190.66061307452492,2026-06-25 05:42:34.887570,NaN,NaN,NaN,-34.786271,17.513322666666667
845.624,3.651262505035473,34.45738931201911,32.16412735854528,190.53570219152527,2026-06-25 05:42:34.887570,NaN,NaN,NaN,-34.786271,17.513322666666667
845.929,3.647246667501519,34.45745644001936,32.161505121314455,190.55061316546715,2026-06-25 05:42:34.787596,NaN,NaN,NaN,-34.786271,17.513322666666667
846.342,3.645719888887397,34.45749458498589,32.16063268108191,190.3046097487346,2026-06-25 05:42:34.737609,NaN,NaN,NaN,-34.786271,17.513322666666667
846.48,3.643990027947916,34.457556941019206,32.15979010653771,190.31837738259958,2026-06-25 05:42:34.662628,NaN,NaN,NaN,-34.786271,17.513322666666667
846.899,3.6424396255776537,34.45764849433279,32.15925182313475,190.3336312913649,2026-06-25 05:42:34.562654,NaN,NaN,NaN,-34.786271,17.513322666666667
847.1053333333333,3.6414847310053777,34.4577772597359,32.1592226956485,190.3330594691986,2026-06-25 05:42:34.437687,NaN,NaN,NaN,-34.786271,17.513322666666667
847.55,3.641157350877831,34.45788979478943,32.15944202499751,190.34162186468538,2026-06-25 05:42:34.337713,NaN,NaN,NaN,-34.786271,17.513322666666667
847.764,3.641079591639989,34.45794991178503,32.1596075765525,190.34680789178168,2026-06-25 05:42:34.287726,NaN,NaN,NaN,-34.786271,17.513322666666667
847.952,3.6409779927065973,34.458012273677575,32.15997239057611,190.35499256723367,2026-06-25 05:42:34.187752,NaN,NaN,NaN,-34.786271,17.513322666666667
848.19,3.6410196778294175,34.45807683514657,32.15978908544761,190.35360230635607,2026-06-25 05:42:34.237739,NaN,NaN,NaN,-34.786271,17.513322666666667
848.53,3.6409823411709468,34.45817795898809,32.16021596043767,190.22526727171626,2026-06-25 05:42:34.112772,NaN,NaN,NaN,-34.786271,17.513322666666667
848.9026666666667,3.6411983225734024,34.45835677354463,32.160490492200445,190.08917529225752,2026-06-25 05:42:33.987804,NaN,NaN,NaN,-34.786271,17.513322666666667
849.341,3.6414462566724004,34.45850768862534,32.16065211283975,190.09204343057795,2026-06-25 05:42:33.887830,NaN,NaN,NaN,-34.786271,17.513322666666667
849.452,3.6415315244671658,34.45858626925129,32.16075175616751,190.09247595038337,2026-06-25 05:42:33.837843,NaN,NaN,NaN,-34.786271,17.513322666666667
849.617,3.6415650098008374,34.45866664267813,32.16087668549497,190.09359836085068,2026-06-25 05:42:33.787856,NaN,NaN,NaN,-34.786271,17.513322666666667
850.128,3.6415381083708818,34.45874875377251,32.16102238298834,190.10099996806832,2026-06-25 05:42:33.737869,NaN,NaN,NaN,-34.786271,17.513322666666667
850.299,3.6412942743382803,34.45891796514468,32.161326480272805,190.10023918442457,2026-06-25 05:42:33.637895,NaN,NaN,NaN,-34.786271,17.513322666666667
850.4835,3.6412645122687977,34.45891874942339,32.16131965339427,190.10502557040422,2026-06-25 05:42:33.637895,NaN,NaN,NaN,-34.786271,17.513322666666667
850.786,3.6404837831224506,34.45909345032109,32.161673806281165,189.85192813566562,2026-06-25 05:42:33.487935,NaN,NaN,NaN,-34.786271,17.513322666666667
850.915,3.640810941677281,34.459183402074515,32.16157965931948,190.11350459967085,2026-06-25 05:42:33.537922,NaN,NaN,NaN,-34.786271,17.513322666666667
851.167,3.639693735168635,34.45927474944117,32.16178353516689,189.8678410737106,2026-06-25 05:42:33.387961,NaN,NaN,NaN,-34.786271,17.513322666666667
851.345,3.6401065552006076,34.45936743429768,32.16174252620534,190.1263437421298,2026-06-25 05:42:33.437948,NaN,NaN,NaN,-34.786271,17.513322666666667
851.7045,3.639048601387561,34.459508990970605,32.16178122165944,189.86881959700133,2026-06-25 05:42:33.312980,NaN,NaN,NaN,-34.786271,17.513322666666667
851.9055000000001,3.638198697634161,34.459701657708436,32.16165952872099,189.88039014778653,2026-06-25 05:42:33.213006,NaN,NaN,NaN,-34.786271,17.513322666666667
852.425,3.637355617475701,34.45989862755241,32.161405339175296,189.8883853717482,2026-06-25 05:42:33.113032,NaN,NaN,NaN,-34.786271,17.513322666666667
852.6600000000001,3.6365105493858763,34.46009943949055,32.161071010381235,189.8971073064214,2026-06-25 05:42:33.013058,NaN,NaN,NaN,-34.786271,17.513322666666667
853.2913333333332,3.635493519252049,34.46035531158669,32.160618816362906,189.91602400765206,2026-06-25 05:42:32.888091,NaN,NaN,NaN,-34.786271,17.513322666666667
853.6575,3.6346197457260208,34.4606153092364,32.160112235581224,189.91819569653632,2026-06-25 05:42:32.763123,NaN,NaN,NaN,-34.786271,17.513322666666667
854.0954999999999,3.634069844778719,34.460826036669786,32.15964632176626,189.79784459289007,2026-06-25 05:42:32.663150,NaN,NaN,NaN,-34.786271,17.513322666666667
854.344,3.633694861673635,34.46098527953863,32.15927478613239,189.67051152393842,2026-06-25 05:42:32.588169,NaN,NaN,NaN,-34.786271,17.513322666666667
854.545,3.633443761729648,34.461091976933496,32.159010869693134,189.67011694305998,2026-06-25 05:42:32.538182,NaN,NaN,NaN,-34.786271,17.513322666666667
854.6469999999999,3.6330297973803978,34.461252675800985,32.15857200147262,189.93766870323313,2026-06-25 05:42:32.463202,NaN,NaN,NaN,-34.786271,17.513322666666667
854.931,3.632134371974179,34.461413905289774,32.15773544617488,189.68518075909273,2026-06-25 05:42:32.338234,NaN,NaN,NaN,-34.786271,17.513322666666667
855.102,3.6325378588009145,34.46152166585038,32.15808496671107,189.68150513852638,2026-06-25 05:42:32.388221,NaN,NaN,NaN,-34.786271,17.513322666666667
855.492,3.6316663218316267,34.46162957394371,32.15737498063496,189.6979510798238,2026-06-25 05:42:32.288247,NaN,NaN,NaN,-34.786271,17.513322666666667
855.6614999999999,3.630850227990491,34.46179161845777,32.15681721068438,189.83390283657866,2026-06-25 05:42:32.213267,NaN,NaN,NaN,-34.786271,17.513322666666667
855.9675,3.6293642068506196,34.46206175766429,32.15584900249133,189.72131622702392,2026-06-25 05:42:32.088299,NaN,NaN,NaN,-34.786271,17.513322666666667
856.176,3.6293540356890266,34.46206179177377,32.15584734360061,189.72310509071295,2026-06-25 05:42:32.088299,NaN,NaN,NaN,-34.786271,17.513322666666667
856.449,3.6282225859718573,34.46227765915422,32.15508494020873,189.73034474878062,2026-06-25 05:42:31.988325,NaN,NaN,NaN,-34.786271,17.513322666666667
856.779,3.6277267217277247,34.46238539198005,32.15474694675548,189.73215930386613,2026-06-25 05:42:31.938338,NaN,NaN,NaN,-34.786271,17.513322666666667
857.1700000000001,3.6270744271869297,34.462546604133834,32.15433825958574,189.7413366759129,2026-06-25 05:42:31.863358,NaN,NaN,NaN,-34.786271,17.513322666666667
857.21,3.626492607747048,34.46270733919301,32.15404391847904,189.75345438196769,2026-06-25 05:42:31.788378,NaN,NaN,NaN,-34.786271,17.513322666666667
857.448,3.626147149657149,34.462814120126595,32.15392473122688,189.75690459974405,2026-06-25 05:42:31.738391,NaN,NaN,NaN,-34.786271,17.513322666666667
857.6915,3.6257135341026165,34.46297362882648,32.15384468480612,189.7514432504019,2026-06-25 05:42:31.663410,NaN,NaN,NaN,-34.786271,17.513322666666667
857.922,3.6253673381912646,34.463132396320404,32.15384324471503,189.757866363265,2026-06-25 05:42:31.588430,NaN,NaN,NaN,-34.786271,17.513322666666667
858.355,3.6251769134324943,34.46323769713878,32.15388022822995,189.7715283675726,2026-06-25 05:42:31.538443,NaN,NaN,NaN,-34.786271,17.513322666666667
858.423,3.625004323026956,34.46334255400915,32.15393136801303,189.77276047257766,2026-06-25 05:42:31.488456,NaN,NaN,NaN,-34.786271,17.513322666666667
858.601,3.6247326129451203,34.46344693964386,32.154009349951814,189.77847091104627,2026-06-25 05:42:31.388482,NaN,NaN,NaN,-34.786271,17.513322666666667
858.891,3.6248531834452633,34.463550827883466,32.15398073997101,189.77710216734326,2026-06-25 05:42:31.438469,NaN,NaN,NaN,-34.786271,17.513322666666667
859.0995,3.624607283959933,34.46370560340702,32.15396876173258,189.7720344092547,2026-06-25 05:42:31.313501,NaN,NaN,NaN,-34.786271,17.513322666666667
859.336,3.624480756087941,34.46385926336516,32.153824511833,189.7697488501307,2026-06-25 05:42:31.238521,NaN,NaN,NaN,-34.786271,17.513322666666667
859.537,3.6243248599110527,34.46396092265678,32.15366202194411,189.78131779086354,2026-06-25 05:42:31.188534,NaN,NaN,NaN,-34.786271,17.513322666666667
859.8275,3.6238446437668097,34.4641121785361,32.15333609816398,189.65492582233955,2026-06-25 05:42:31.113553,NaN,NaN,NaN,-34.786271,17.513322666666667
860.251,3.6226805237082838,34.46431170295805,32.152770347335945,189.546673515394,2026-06-25 05:42:31.013580,NaN,NaN,NaN,-34.786271,17.513322666666667
860.469,3.6214150106205567,34.464459667860176,32.15222559374606,189.55879943584577,2026-06-25 05:42:30.938599,NaN,NaN,NaN,-34.786271,17.513322666666667
860.721,3.6192361535066193,34.46465402150549,32.15122395246474,189.5738270190898,2026-06-25 05:42:30.838625,NaN,NaN,NaN,-34.786271,17.513322666666667
860.8565000000001,3.6191723245163194,34.464654385373485,32.15116764346942,189.5768009683915,2026-06-25 05:42:30.838625,NaN,NaN,NaN,-34.786271,17.513322666666667
861.266,3.6165355109388435,34.46484619286768,32.1497701544349,189.6061062933264,2026-06-25 05:42:30.738651,NaN,NaN,NaN,-34.786271,17.513322666666667
861.6463333333332,3.6131217068512202,34.465034734341806,32.147611486434776,189.4044363563797,2026-06-25 05:42:30.638677,NaN,NaN,NaN,-34.786271,17.513322666666667
862.111,3.6065456862840164,34.46531210379026,32.14279463655986,189.6615592058154,2026-06-25 05:42:30.488716,NaN,NaN,NaN,-34.786271,17.513322666666667
862.32,3.6010879279728103,34.46549330915242,32.13830724465316,189.73825260876842,2026-06-25 05:42:30.388742,NaN,NaN,NaN,-34.786271,17.513322666666667
862.606,3.598025721594916,34.46558256403959,32.13563814763233,189.51162825015697,2026-06-25 05:42:30.338755,NaN,NaN,NaN,-34.786271,17.513322666666667
862.9135,3.5917433354572843,34.465758203591356,32.12999040003465,189.56316336477497,2026-06-25 05:42:30.238781,NaN,NaN,NaN,-34.786271,17.513322666666667
863.085,3.5916909136046895,34.46575861682486,32.12995560073924,189.56019101385547,2026-06-25 05:42:30.238781,NaN,NaN,NaN,-34.786271,17.513322666666667
863.391,3.5857604726896435,34.46593136434199,32.12453584185087,189.60855577556416,2026-06-25 05:42:30.138808,NaN,NaN,NaN,-34.786271,17.513322666666667
863.8755,3.5820102751451977,34.466058634827505,32.121081065503915,189.49905430713966,2026-06-25 05:42:30.063827,NaN,NaN,NaN,-34.786271,17.513322666666667
864.15,3.5788831927177363,34.46618423193022,32.11817417463776,189.39417818810577,2026-06-25 05:42:29.988847,NaN,NaN,NaN,-34.786271,17.513322666666667
864.46825,3.5753645732255626,34.46638866262756,32.114829957118694,189.41889174355455,2026-06-25 05:42:29.863879,NaN,NaN,NaN,-34.786271,17.513322666666667
864.618,3.573041891967515,34.46658888816198,32.112544339093596,189.43386298884852,2026-06-25 05:42:29.738912,NaN,NaN,NaN,-34.786271,17.513322666666667
864.892,3.5724903251352087,34.46666729619419,32.11196558868837,189.4324089221062,2026-06-25 05:42:29.688925,NaN,NaN,NaN,-34.786271,17.513322666666667
865.3109999999999,3.5718885225540964,34.46678322822436,32.11133773252402,189.44163286532083,2026-06-25 05:42:29.613944,NaN,NaN,NaN,-34.786271,17.513322666666667
865.8005,3.571213839191828,34.46693500961676,32.110799574566,189.32574787377135,2026-06-25 05:42:29.513970,NaN,NaN,NaN,-34.786271,17.513322666666667
866.074,3.570463539716637,34.46708344738241,32.11049125487759,189.20840086742518,2026-06-25 05:42:29.413996,NaN,NaN,NaN,-34.786271,17.513322666666667
866.4689999999999,3.5692860752686415,34.46726414164833,32.11018660905631,189.21655615112456,2026-06-25 05:42:29.289029,NaN,NaN,NaN,-34.786271,17.513322666666667
866.758,3.5681000569177357,34.46740538558815,32.109820352044764,189.22151476264307,2026-06-25 05:42:29.189055,NaN,NaN,NaN,-34.786271,17.513322666666667
867.224,3.56733587136493,34.46747463421917,32.10953227275698,189.23502226035168,2026-06-25 05:42:29.139068,NaN,NaN,NaN,-34.786271,17.513322666666667
867.49,3.565913457016621,34.46757686731349,32.10893995712337,189.25295708659206,2026-06-25 05:42:29.064088,NaN,NaN,NaN,-34.786271,17.513322666666667
867.6986666666667,3.561661740097907,34.46780753982308,32.10669293296235,189.29317937720435,2026-06-25 05:42:28.889133,NaN,NaN,NaN,-34.786271,17.513322666666667
867.832,3.5616709176899173,34.46780821347879,32.10676671131745,189.29367780449903,2026-06-25 05:42:28.889133,NaN,NaN,NaN,-34.786271,17.513322666666667
868.504,3.5578376968628636,34.46799928754624,32.10412905254962,189.32603746273966,2026-06-25 05:42:28.739172,NaN,NaN,NaN,-34.786271,17.513322666666667
868.694,3.556058646435071,34.468091814991084,32.10261009272829,189.33882388094585,2026-06-25 05:42:28.664192,NaN,NaN,NaN,-34.786271,17.513322666666667
869.247,3.5543692971952754,34.468182747375124,32.10107043255335,189.35422378202134,2026-06-25 05:42:28.589211,NaN,NaN,NaN,-34.786271,17.513322666666667
869.504,3.552805984584511,34.46827169471642,32.0996025224392,189.2406428131028,2026-06-25 05:42:28.514231,NaN,NaN,NaN,-34.786271,17.513322666666667
869.6665,3.550924248526252,34.4683876578512,32.09789537471302,189.1246014993854,2026-06-25 05:42:28.414257,NaN,NaN,NaN,-34.786271,17.513322666666667
870.1185,3.5493491359613074,34.46850047675021,32.09659033641508,189.1416783765808,2026-06-25 05:42:28.314283,NaN,NaN,NaN,-34.786271,17.513322666666667
870.396,3.548384764253726,34.46858313546118,32.09588288781286,189.14524828375826,2026-06-25 05:42:28.239303,NaN,NaN,NaN,-34.786271,17.513322666666667
870.597,3.5478533742534,34.468637202728594,32.09554957767735,189.15239853192736,2026-06-25 05:42:28.189316,NaN,NaN,NaN,-34.786271,17.513322666666667
870.843,3.5473911698549463,34.468690493810364,32.09530572975053,189.1565140994596,2026-06-25 05:42:28.139329,NaN,NaN,NaN,-34.786271,17.513322666666667
871.12,3.5466065046791644,34.46879449959922,32.09501990528716,188.9056974206221,2026-06-25 05:42:28.039355,NaN,NaN,NaN,-34.786271,17.513322666666667
871.735,3.545880671654575,34.46889594004989,32.09482368958051,188.90977481785606,2026-06-25 05:42:27.939381,NaN,NaN,NaN,-34.786271,17.513322666666667
871.924,3.544815315983047,34.46896972345972,32.094362032130306,188.9316044722484,2026-06-25 05:42:27.789420,NaN,NaN,NaN,-34.786271,17.513322666666667
872.0335,3.545343724684085,34.46904198379775,32.09463847426012,188.92535200589285,2026-06-25 05:42:27.864400,NaN,NaN,NaN,-34.786271,17.513322666666667
872.491,3.5441952460141057,34.46913530230524,32.093784516044025,188.92970709269733,2026-06-25 05:42:27.689446,NaN,NaN,NaN,-34.786271,17.513322666666667
872.65,3.5436544306755327,34.469226112595855,32.09308495212464,188.93958375019585,2026-06-25 05:42:27.589472,NaN,NaN,NaN,-34.786271,17.513322666666667
873.138,3.5433956810526066,34.46927027087101,32.09271516141435,188.94477926511024,2026-06-25 05:42:27.539485,NaN,NaN,NaN,-34.786271,17.513322666666667
873.3064999999999,3.542865469387001,34.469355992308266,32.09207461145541,188.95160575313096,2026-06-25 05:42:27.439511,NaN,NaN,NaN,-34.786271,17.513322666666667
873.408,3.5428657197511644,34.46935636051767,32.09205177030567,188.9524481035837,2026-06-25 05:42:27.439511,NaN,NaN,NaN,-34.786271,17.513322666666667
873.951,3.5420668066860443,34.46943950473554,32.091377082427165,188.69994357417062,2026-06-25 05:42:27.289550,NaN,NaN,NaN,-34.786271,17.513322666666667
874.039,3.5423325950904023,34.469479982149835,32.091561564975116,188.95999775730158,2026-06-25 05:42:27.339537,NaN,NaN,NaN,-34.786271,17.513322666666667
874.235,3.541658499810623,34.46953925268093,32.09116401407164,188.70714025749527,2026-06-25 05:42:27.214570,NaN,NaN,NaN,-34.786271,17.513322666666667
874.752,3.5409294252858006,34.46959708986611,32.09093454097701,188.7178051614688,2026-06-25 05:42:27.089602,NaN,NaN,NaN,-34.786271,17.513322666666667
874.812,3.541230802259092,34.4696347013205,32.09100690803472,188.71686530475574,2026-06-25 05:42:27.139589,NaN,NaN,NaN,-34.786271,17.513322666666667
875.028,3.5406145030191256,34.4696716100442,32.09088229150551,188.71837004495617,2026-06-25 05:42:27.039615,NaN,NaN,NaN,-34.786271,17.513322666666667
875.3499999999999,3.539917863082138,34.46974300399113,32.09082533039546,188.72724917738572,2026-06-25 05:42:26.939641,NaN,NaN,NaN,-34.786271,17.513322666666667
875.522,3.539540926373882,34.46977784839473,32.090802336783696,188.73653943374143,2026-06-25 05:42:26.889654,NaN,NaN,NaN,-34.786271,17.513322666666667
876.045,3.5387371202629425,34.46984585171162,32.090749701252484,188.7475874604994,2026-06-25 05:42:26.789681,NaN,NaN,NaN,-34.786271,17.513322666666667
876.4024999999999,3.5381260749932752,34.46989479261463,32.090672484918294,188.7563968312305,2026-06-25 05:42:26.714700,NaN,NaN,NaN,-34.786271,17.513322666666667
876.6865,3.537386341894538,34.46995791544231,32.09051045983823,188.7559179221915,2026-06-25 05:42:26.614726,NaN,NaN,NaN,-34.786271,17.513322666666667
876.8595,3.5367329175953444,34.47001855836666,32.090268958382225,188.76954507544633,2026-06-25 05:42:26.514752,NaN,NaN,NaN,-34.786271,17.513322666666667
877.4884999999999,3.5360780489902885,34.47007682151987,32.089952014966585,188.64137090073496,2026-06-25 05:42:26.414778,NaN,NaN,NaN,-34.786271,17.513322666666667
877.765,3.5355431967646904,34.470119092618205,32.089668122807836,188.77934109901463,2026-06-25 05:42:26.339798,NaN,NaN,NaN,-34.786271,17.513322666666667
877.847,3.535143572075192,34.470146543336874,32.08945477695144,188.78800067440727,2026-06-25 05:42:26.289811,NaN,NaN,NaN,-34.786271,17.513322666666667
878.169,3.5347064718389514,34.47017346728126,32.089228010966835,188.79265758123097,2026-06-25 05:42:26.239824,NaN,NaN,NaN,-34.786271,17.513322666666667
878.351,3.5342425229452825,34.470199882162476,32.088997143083496,188.79936140414094,2026-06-25 05:42:26.189837,NaN,NaN,NaN,-34.786271,17.513322666666667
878.7105,3.5331157080317928,34.47022580665747,32.08849270114678,188.6834807369115,2026-06-25 05:42:26.064869,NaN,NaN,NaN,-34.786271,17.513322666666667
878.875,3.533772346347378,34.47026376230295,32.08877550180904,188.80888713336068,2026-06-25 05:42:26.139850,NaN,NaN,NaN,-34.786271,17.513322666666667
879.186,3.5325640837852372,34.47030083958966,32.088277169409416,188.81699882705962,2026-06-25 05:42:25.989889,NaN,NaN,NaN,-34.786271,17.513322666666667
879.322,3.5321912193148424,34.47033690353986,32.08814795279297,188.82288867740888,2026-06-25 05:42:25.914909,NaN,NaN,NaN,-34.786271,17.513322666666667
879.687,3.531862439769408,34.470372229017535,32.088057806619055,188.56080306520306,2026-06-25 05:42:25.789941,NaN,NaN,NaN,-34.786271,17.513322666666667
879.994,3.5319545873322387,34.47039532968425,32.08807679312795,188.56289560346,2026-06-25 05:42:25.839928,NaN,NaN,NaN,-34.786271,17.513322666666667
880.2603333333333,3.531704994138623,34.47044056662789,32.08804835387752,188.79663861439727,2026-06-25 05:42:25.689967,NaN,NaN,NaN,-34.786271,17.513322666666667
880.9335,3.5313879182602044,34.47049592365921,32.08803385274742,188.58087653490122,2026-06-25 05:42:25.565000,NaN,NaN,NaN,-34.786271,17.513322666666667
881.001,3.531109887245231,34.47052858844172,32.088015317406395,188.5811352692434,2026-06-25 05:42:25.490019,NaN,NaN,NaN,-34.786271,17.513322666666667
881.284,3.530908301247182,34.470550197957294,32.087998105825086,188.58746643280952,2026-06-25 05:42:25.440032,NaN,NaN,NaN,-34.786271,17.513322666666667
881.475,3.5307115789712595,34.47057172585615,32.0879768236353,188.8534750417253,2026-06-25 05:42:25.390045,NaN,NaN,NaN,-34.786271,17.513322666666667
881.677,3.530530392499584,34.47059320841271,32.08795113958405,188.59549577479186,2026-06-25 05:42:25.340058,NaN,NaN,NaN,-34.786271,17.513322666666667
882.005,3.5303719532917874,34.470614683028664,32.087920977455475,188.592755935477,2026-06-25 05:42:25.290071,NaN,NaN,NaN,-34.786271,17.513322666666667
882.196,3.530237400044468,34.47063618822203,32.0878867745738,188.59185129826596,2026-06-25 05:42:25.240084,NaN,NaN,NaN,-34.786271,17.513322666666667
882.4900000000001,3.529960962711346,34.47068684563121,32.087803730312025,188.60384142766222,2026-06-25 05:42:25.123448,NaN,NaN,NaN,-34.786271,17.513322666666667
882.6659999999999,3.5297598156385614,34.47072344304322,32.087752316573514,188.60554547505825,2026-06-25 05:42:25.040137,NaN,NaN,NaN,-34.786271,17.513322666666667
883.123,3.529511862099188,34.47076815521514,32.087711460067744,188.60579959963837,2026-06-25 05:42:24.940163,NaN,NaN,NaN,-34.786271,17.513322666666667
883.234,3.529384823543219,34.47079104323002,32.08770327443389,188.61035904093126,2026-06-25 05:42:24.890176,NaN,NaN,NaN,-34.786271,17.513322666666667
883.759,3.5292488412959035,34.47081430798712,32.087700613130096,188.62147678451518,2026-06-25 05:42:24.840189,NaN,NaN,NaN,-34.786271,17.513322666666667
884.0523333333332,3.52896469848368,34.47086233326004,32.08769353202294,188.626169466004,2026-06-25 05:42:24.740215,NaN,NaN,NaN,-34.786271,17.513322666666667
884.255,3.5287245610274423,34.47091210011802,32.08766308164105,188.62480147869417,2026-06-25 05:42:24.640241,NaN,NaN,NaN,-34.786271,17.513322666666667
884.678,3.5285709559635565,34.47096453467279,32.08758121077308,188.63203476694875,2026-06-25 05:42:24.540267,NaN,NaN,NaN,-34.786271,17.513322666666667
884.9165,3.528541174985735,34.47097892891645,32.08753510279622,188.63259124915896,2026-06-25 05:42:24.515273,NaN,NaN,NaN,-34.786271,17.513322666666667
885.143,3.5283727667819296,34.4709918163484,32.0873551541324,188.63368923364385,2026-06-25 05:42:24.390306,NaN,NaN,NaN,-34.786271,17.513322666666667
885.269,3.5285063305203006,34.471048772481254,32.087517695410604,188.63712848176263,2026-06-25 05:42:24.490280,NaN,NaN,NaN,-34.786271,17.513322666666667
885.463,3.528295211360286,34.47107855413515,32.087266937505134,188.63659071998072,2026-06-25 05:42:24.340319,NaN,NaN,NaN,-34.786271,17.513322666666667
885.827,3.5282014319753534,34.47110927707389,32.08718591248566,188.6430867444475,2026-06-25 05:42:24.290332,NaN,NaN,NaN,-34.786271,17.513322666666667
886.0405000000001,3.5280126587230347,34.471157380848396,32.08710937183559,188.64720844508378,2026-06-25 05:42:24.215352,NaN,NaN,NaN,-34.786271,17.513322666666667
886.562,3.5277744386806718,34.47120764167503,32.08709744597748,188.65102822496547,2026-06-25 05:42:24.140371,NaN,NaN,NaN,-34.786271,17.513322666666667
886.724,3.5273945607831316,34.471279358002185,32.08719125984493,188.65459272046652,2026-06-25 05:42:24.040397,NaN,NaN,NaN,-34.786271,17.513322666666667
887.1220000000001,3.5269154689896727,34.47137543645293,32.08735363862938,188.66558702838358,2026-06-25 05:42:23.915430,NaN,NaN,NaN,-34.786271,17.513322666666667
887.43,3.526676466303587,34.47143723491227,32.08742446020002,188.67224905690094,2026-06-25 05:42:23.840449,NaN,NaN,NaN,-34.786271,17.513322666666667
887.724,3.5265611693455936,34.47148040803545,32.08744710822602,188.66899850535177,2026-06-25 05:42:23.790462,NaN,NaN,NaN,-34.786271,17.513322666666667
887.963,3.5264859308833385,34.47152513044837,32.0874553350643,188.41412943774552,2026-06-25 05:42:23.740475,NaN,NaN,NaN,-34.786271,17.513322666666667
888.159,3.526447254485685,34.47157145667638,32.08745852009636,188.6761000658345,2026-06-25 05:42:23.690488,NaN,NaN,NaN,-34.786271,17.513322666666667
888.257,3.5264334359175633,34.471619440812454,32.08746840125308,188.67383210586385,2026-06-25 05:42:23.640501,NaN,NaN,NaN,-34.786271,17.513322666666667
888.437,3.5264287793240774,34.4716691364432,32.087494587229465,188.67220017372108,2026-06-25 05:42:23.590514,NaN,NaN,NaN,-34.786271,17.513322666666667
888.714,3.5264156993151548,34.47172059657425,32.087540013103805,188.6744930246849,2026-06-25 05:42:23.540527,NaN,NaN,NaN,-34.786271,17.513322666666667
888.862,3.526338594992266,34.47180144628004,32.087631015464964,188.68059808667346,2026-06-25 05:42:23.465547,NaN,NaN,NaN,-34.786271,17.513322666666667
889.205,3.526186849327988,34.4718860837341,32.08771976491499,188.68866097274872,2026-06-25 05:42:23.390567,NaN,NaN,NaN,-34.786271,17.513322666666667
889.6813333333333,3.5259013077803334,34.47200685849637,32.08779221630048,188.6483013143547,2026-06-25 05:42:23.290593,NaN,NaN,NaN,-34.786271,17.513322666666667
889.961,3.525547244627726,34.47213451920795,32.08785311236616,188.6944823215361,2026-06-25 05:42:23.140632,NaN,NaN,NaN,-34.786271,17.513322666666667
890.081,3.52564112488269,34.472201908981305,32.08783559250169,188.43778449214577,2026-06-25 05:42:23.190619,NaN,NaN,NaN,-34.786271,17.513322666666667
890.277,3.5254701572363856,34.47227150173392,32.08786713336548,188.69728443980296,2026-06-25 05:42:23.090645,NaN,NaN,NaN,-34.786271,17.513322666666667
890.767,3.5253972811678387,34.472343340522215,32.087873548999376,188.7046785193104,2026-06-25 05:42:23.040658,NaN,NaN,NaN,-34.786271,17.513322666666667
891.0333333333333,3.5251996058450668,34.47249471017056,32.087846893970955,188.44676309275695,2026-06-25 05:42:22.940684,NaN,NaN,NaN,-34.786271,17.513322666666667
891.26,3.52490164307722,34.47265396651553,32.08777628384715,188.45038220409478,2026-06-25 05:42:22.840710,NaN,NaN,NaN,-34.786271,17.513322666666667
891.404,3.5246840414874403,34.47273762969229,32.087721733564585,188.45555057644296,2026-06-25 05:42:22.790723,NaN,NaN,NaN,-34.786271,17.513322666666667
891.698,3.5244188198092163,34.47282376528053,32.08765789900545,188.45909854904718,2026-06-25 05:42:22.740736,NaN,NaN,NaN,-34.786271,17.513322666666667
892.0530000000001,3.5239373258239732,34.47295799194349,32.08753687018195,188.4640868371433,2026-06-25 05:42:22.665755,NaN,NaN,NaN,-34.786271,17.513322666666667
892.341,3.5233974616652275,34.47309731464048,32.0873794201523,188.47494257852588,2026-06-25 05:42:22.590775,NaN,NaN,NaN,-34.786271,17.513322666666667
892.4549999999999,3.5226682160864367,34.47329345170407,32.087103939291694,188.48207621459898,2026-06-25 05:42:22.490801,NaN,NaN,NaN,-34.786271,17.513322666666667
893.02,3.5220488788755406,34.47349836509446,32.08681939746027,188.48935021949836,2026-06-25 05:42:22.390827,NaN,NaN,NaN,-34.786271,17.513322666666667
893.309,3.5217582277341815,34.473660046938676,32.086632285335234,188.23289312214368,2026-06-25 05:42:22.315847,NaN,NaN,NaN,-34.786271,17.513322666666667
893.6355,3.521529033535111,34.473942098301436,32.08637898171415,188.3616695061129,2026-06-25 05:42:22.190879,NaN,NaN,NaN,-34.786271,17.513322666666667
893.852,3.521521637892343,34.4739434567319,32.08637018922104,188.23196090246918,2026-06-25 05:42:22.190879,NaN,NaN,NaN,-34.786271,17.513322666666667
894.184,3.52132200858963,34.47418022552584,32.08621836790369,188.24147708273006,2026-06-25 05:42:22.040918,NaN,NaN,NaN,-34.786271,17.513322666666667
894.242,3.5214162195344025,34.4743033759744,32.08623914741158,188.2382895707533,2026-06-25 05:42:22.090905,NaN,NaN,NaN,-34.786271,17.513322666666667
894.481,3.5211796191767775,34.474429252670674,32.086234581143735,188.24734837156797,2026-06-25 05:42:21.990931,NaN,NaN,NaN,-34.786271,17.513322666666667
894.799,3.5209924425465418,34.47455785373702,32.08628432893196,188.25067734037953,2026-06-25 05:42:21.940944,NaN,NaN,NaN,-34.786271,17.513322666666667
895.2669999999999,3.520538694524273,34.474824109860826,32.086424583485275,188.17439093663984,2026-06-25 05:42:21.840970,NaN,NaN,NaN,-34.786271,17.513322666666667
895.654,3.5199490030233687,34.47517042727231,32.08649716091709,188.00056051170282,2026-06-25 05:42:21.716003,NaN,NaN,NaN,-34.786271,17.513322666666667
895.809,3.5196013467466103,34.47538624406242,32.086387962144094,188.0077726095502,2026-06-25 05:42:21.641023,NaN,NaN,NaN,-34.786271,17.513322666666667
896.113,3.5193618842629313,34.47553364747385,32.08622787647256,188.0111977780507,2026-06-25 05:42:21.591036,NaN,NaN,NaN,-34.786271,17.513322666666667
896.251,3.519106671795151,34.47568366750321,32.08601413605039,187.75397656969852,2026-06-25 05:42:21.541049,NaN,NaN,NaN,-34.786271,17.513322666666667
896.4905,3.518689838357062,34.47591386663109,32.08564603327315,187.8933884490469,2026-06-25 05:42:21.466068,NaN,NaN,NaN,-34.786271,17.513322666666667
896.696,3.518247560931002,34.476149162976775,32.08530580157434,187.7609991852376,2026-06-25 05:42:21.391088,NaN,NaN,NaN,-34.786271,17.513322666666667
896.949,3.5179415413408566,34.476309372342115,32.0851447280446,187.76428793929054,2026-06-25 05:42:21.341101,NaN,NaN,NaN,-34.786271,17.513322666666667
897.103,3.517625697495213,34.47647204701685,32.08505631801778,187.76987021053176,2026-06-25 05:42:21.291114,NaN,NaN,NaN,-34.786271,17.513322666666667
897.356,3.517296002816606,34.476637149179524,32.08504608535154,187.77939947885486,2026-06-25 05:42:21.241127,NaN,NaN,NaN,-34.786271,17.513322666666667
897.588,3.516955402565071,34.47680463855689,32.08510853526852,187.78880291355222,2026-06-25 05:42:21.191140,NaN,NaN,NaN,-34.786271,17.513322666666667
897.722,3.516305456221596,34.47697447246133,32.085386495309,187.52443225370956,2026-06-25 05:42:21.091166,NaN,NaN,NaN,-34.786271,17.513322666666667
897.832,3.516618368636035,34.47714660583235,32.08522855103037,187.53287997792214,2026-06-25 05:42:21.141153,NaN,NaN,NaN,-34.786271,17.513322666666667
898.2795,3.5158131761593143,34.47749757914495,32.085765699895504,187.5336836258015,2026-06-25 05:42:20.991192,NaN,NaN,NaN,-34.786271,17.513322666666667
898.467,3.515797442839152,34.477498654406226,32.08576073368578,187.53836528698727,2026-06-25 05:42:20.991192,NaN,NaN,NaN,-34.786271,17.513322666666667
898.598,3.5154190579034803,34.477857152380004,32.086171403391965,187.54072302731322,2026-06-25 05:42:20.891218,NaN,NaN,NaN,-34.786271,17.513322666666667
898.891,3.5152207793035024,34.47813245614825,32.08645330200913,187.54676211814478,2026-06-25 05:42:20.816238,NaN,NaN,NaN,-34.786271,17.513322666666667
899.2719999999999,3.5150610447724246,34.47860030287606,32.086778672047174,187.28519184911187,2026-06-25 05:42:20.691270,NaN,NaN,NaN,-34.786271,17.513322666666667
899.441,3.51505587816433,34.47860120082454,32.08678765145602,187.28660585147134,2026-06-25 05:42:20.691270,NaN,NaN,NaN,-34.786271,17.513322666666667
899.914,3.5149171457253154,34.47917673077232,32.08707918473644,187.0381385694389,2026-06-25 05:42:20.541309,NaN,NaN,NaN,-34.786271,17.513322666666667
900.1205,3.514901684838657,34.47917752773753,32.08709798532476,187.03684913800018,2026-06-25 05:42:20.541309,NaN,NaN,NaN,-34.786271,17.513322666666667
900.323,3.5146931682804934,34.4795690980225,32.08742571344005,187.03591251126673,2026-06-25 05:42:20.441335,NaN,NaN,NaN,-34.786271,17.513322666666667
900.534,3.5144542798948137,34.47986738268658,32.087842023969095,187.0475318519133,2026-06-25 05:42:20.366355,NaN,NaN,NaN,-34.786271,17.513322666666667
900.628,3.5141817929039934,34.48016834971867,32.088369171099515,187.04611076971335,2026-06-25 05:42:20.291374,NaN,NaN,NaN,-34.786271,17.513322666666667
901.069,3.513994583481962,34.48037065743127,32.08878535623144,186.79227790768718,2026-06-25 05:42:20.241387,NaN,NaN,NaN,-34.786271,17.513322666666667
901.2394999999999,3.5137310757107842,34.48067638364978,32.089477722513415,186.7975461453526,2026-06-25 05:42:20.166407,NaN,NaN,NaN,-34.786271,17.513322666666667
901.644,3.513492811721712,34.480984179650434,32.0901972657853,186.804618173987,2026-06-25 05:42:20.091426,NaN,NaN,NaN,-34.786271,17.513322666666667
901.9256666666666,3.5132320856209884,34.4813981595284,32.091045276511224,186.79961452692822,2026-06-25 05:42:19.991453,NaN,NaN,NaN,-34.786271,17.513322666666667
902.064,3.5129937720137043,34.48181465922962,32.09164257389885,186.5485053698901,2026-06-25 05:42:19.891479,NaN,NaN,NaN,-34.786271,17.513322666666667
902.387,3.5128629341570354,34.482023966554685,32.09176531651467,186.55758390155503,2026-06-25 05:42:19.841492,NaN,NaN,NaN,-34.786271,17.513322666666667
902.6655000000001,3.5126587458730825,34.4823389113274,32.09174474166557,186.55735013114517,2026-06-25 05:42:19.766511,NaN,NaN,NaN,-34.786271,17.513322666666667
903.0840000000001,3.5124601398955493,34.482760068567416,32.0915116134129,186.4294035011163,2026-06-25 05:42:19.666537,NaN,NaN,NaN,-34.786271,17.513322666666667
903.5243333333334,3.5124835148140128,34.48328771632875,32.09120351055512,186.3035333208567,2026-06-25 05:42:19.541570,NaN,NaN,NaN,-34.786271,17.513322666666667
903.7,3.5127486461501296,34.48371000785638,32.091149204630426,186.3062743282202,2026-06-25 05:42:19.441596,NaN,NaN,NaN,-34.786271,17.513322666666667
903.966,3.5130096251934395,34.483920990652884,32.091288007303575,186.3009059998853,2026-06-25 05:42:19.391609,NaN,NaN,NaN,-34.786271,17.513322666666667
904.151,3.5133610211269497,34.48413175597676,32.09158309110046,186.04349499412336,2026-06-25 05:42:19.341622,NaN,NaN,NaN,-34.786271,17.513322666666667
904.366,3.5143524058427156,34.48434222496148,32.09276796500987,186.03743648350346,2026-06-25 05:42:19.241648,NaN,NaN,NaN,-34.786271,17.513322666666667
904.416,3.513808354091156,34.484552319523914,32.092069825900914,186.04309508712313,2026-06-25 05:42:19.291635,NaN,NaN,NaN,-34.786271,17.513322666666667
904.681,3.5153510236469856,34.48486651997362,32.09421890307427,186.03176598883172,2026-06-25 05:42:19.166668,NaN,NaN,NaN,-34.786271,17.513322666666667
905.2395,3.5169236158549007,34.48528350682095,32.096663136354636,185.889670963954,2026-06-25 05:42:19.066694,NaN,NaN,NaN,-34.786271,17.513322666666667
905.4749999999999,3.518605134021252,34.48569764042933,32.09937310366023,185.750538607144,2026-06-25 05:42:18.966720,NaN,NaN,NaN,-34.786271,17.513322666666667
905.942,3.519787763946781,34.48600614311244,32.10132714924925,185.74251899643343,2026-06-25 05:42:18.891739,NaN,NaN,NaN,-34.786271,17.513322666666667
906.1255,3.52121333072572,34.48651395467563,32.103983480481475,185.73842055688746,2026-06-25 05:42:18.766772,NaN,NaN,NaN,-34.786271,17.513322666666667
906.3045,3.521664969194785,34.486616224821475,32.10493445196187,185.74073795900983,2026-06-25 05:42:18.716785,NaN,NaN,NaN,-34.786271,17.513322666666667
906.526,3.521555971723119,34.48671560128325,32.1045624155976,185.74139751822332,2026-06-25 05:42:18.741778,NaN,NaN,NaN,-34.786271,17.513322666666667
906.9175,3.522743921832812,34.48721589638041,32.10805452797258,185.73704964216046,2026-06-25 05:42:18.516837,NaN,NaN,NaN,-34.786271,17.513322666666667
907.04,3.5225040943485433,34.487511133282084,32.10704738594445,185.74028356838448,2026-06-25 05:42:18.591817,NaN,NaN,NaN,-34.786271,17.513322666666667
907.361,3.522874976403498,34.4878035216961,32.10890354851114,185.74085063479453,2026-06-25 05:42:18.441856,NaN,NaN,NaN,-34.786271,17.513322666666667
907.535,3.522834599977817,34.48799645843441,32.109650922047386,185.73310277677606,2026-06-25 05:42:18.341883,NaN,NaN,NaN,-34.786271,17.513322666666667
907.702,3.522887997227647,34.48818783905779,32.10933863779817,185.48071203997995,2026-06-25 05:42:18.391869,NaN,NaN,NaN,-34.786271,17.513322666666667
907.929,3.5225891605694954,34.48847167587411,32.10983013700983,185.74745907136605,2026-06-25 05:42:18.266902,NaN,NaN,NaN,-34.786271,17.513322666666667
908.379,3.5221578525848347,34.48875216282407,32.10969822063786,185.7542547660729,2026-06-25 05:42:18.191922,NaN,NaN,NaN,-34.786271,17.513322666666667
908.52,3.5217532159178284,34.48893684786109,32.109408922644306,185.76004621523575,2026-06-25 05:42:18.141935,NaN,NaN,NaN,-34.786271,17.513322666666667
908.642,3.5212760559506884,34.48911975157711,32.108988825166016,185.7599415163404,2026-06-25 05:42:18.091948,NaN,NaN,NaN,-34.786271,17.513322666666667
908.856,3.520736703801836,34.489300835202776,32.10846208274184,185.76390899466293,2026-06-25 05:42:18.041961,NaN,NaN,NaN,-34.786271,17.513322666666667
909.0693333333334,3.5194809232518587,34.48965675646401,32.10717798070498,185.78184431536687,2026-06-25 05:42:17.941987,NaN,NaN,NaN,-34.786271,17.513322666666667
909.49,3.518096317530344,34.49000626754292,32.105779041643636,185.79536899884505,2026-06-25 05:42:17.842013,NaN,NaN,NaN,-34.786271,17.513322666666667
909.8356666666665,3.5166769992077747,34.490346533311005,32.10440883630937,185.80478921656865,2026-06-25 05:42:17.742039,NaN,NaN,NaN,-34.786271,17.513322666666667
910.163,3.515286490031669,34.49068002675854,32.103170988546374,185.82188834231638,2026-06-25 05:42:17.642065,NaN,NaN,NaN,-34.786271,17.513322666666667
910.5475,3.514257300647134,34.49092394065577,32.102385841956064,185.83091443270914,2026-06-25 05:42:17.567084,NaN,NaN,NaN,-34.786271,17.513322666666667
910.835,3.512887287015549,34.49124214648871,32.101418585615676,185.84060351812295,2026-06-25 05:42:17.467111,NaN,NaN,NaN,-34.786271,17.513322666666667
911.152,3.511839515274935,34.49147548883045,32.10068237215906,185.59726823014284,2026-06-25 05:42:17.392130,NaN,NaN,NaN,-34.786271,17.513322666666667
911.459,3.510325606259389,34.49177802802651,32.09959489391931,185.60701873906092,2026-06-25 05:42:17.292156,NaN,NaN,NaN,-34.786271,17.513322666666667
911.964,3.5077807316454863,34.49221635006838,32.09774500149785,185.89610648842282,2026-06-25 05:42:17.142195,NaN,NaN,NaN,-34.786271,17.513322666666667
912.117,3.507771211119122,34.49221743429102,32.09772824069202,185.76610308111194,2026-06-25 05:42:17.142195,NaN,NaN,NaN,-34.786271,17.513322666666667
912.203,3.5059661223950136,34.492499054786286,32.09634450450376,185.90291096052624,2026-06-25 05:42:17.042221,NaN,NaN,NaN,-34.786271,17.513322666666667
912.487,3.5051013372675217,34.49263661462223,32.09563353089242,185.65548116739063,2026-06-25 05:42:16.992234,NaN,NaN,NaN,-34.786271,17.513322666666667
912.599,3.5042906616513734,34.49277201154146,32.09494964189138,185.66597438083735,2026-06-25 05:42:16.942247,NaN,NaN,NaN,-34.786271,17.513322666666667
913.045,3.5035399173149253,34.49290525045054,32.09432040977348,185.67588856379172,2026-06-25 05:42:16.892260,NaN,NaN,NaN,-34.786271,17.513322666666667
913.209,3.502851703781465,34.49303633771152,32.09376672900739,185.68018584659032,2026-06-25 05:42:16.842273,NaN,NaN,NaN,-34.786271,17.513322666666667
913.481,3.501946598230502,34.49322868541768,32.09310135903061,185.6877896536934,2026-06-25 05:42:16.767293,NaN,NaN,NaN,-34.786271,17.513322666666667
913.7585,3.500911568752648,34.493478059992356,32.092426036557285,185.69747448815764,2026-06-25 05:42:16.667319,NaN,NaN,NaN,-34.786271,17.513322666666667
913.976,3.5001971729799686,34.49365981807845,32.09198949579872,185.7068175193577,2026-06-25 05:42:16.592339,NaN,NaN,NaN,-34.786271,17.513322666666667
914.251,3.4991590416350706,34.49377820480133,32.091327531794,185.70148327199965,2026-06-25 05:42:16.492365,NaN,NaN,NaN,-34.786271,17.513322666666667
914.412,3.4997041144012293,34.493894521340195,32.091681593932954,185.70624611420624,2026-06-25 05:42:16.542352,NaN,NaN,NaN,-34.786271,17.513322666666667
914.7085,3.4981422144823786,34.49406489726452,32.090646519485674,185.72465219974427,2026-06-25 05:42:16.417384,NaN,NaN,NaN,-34.786271,17.513322666666667
914.898,3.4968454235128386,34.49423121892651,32.08976986220123,185.74098774873784,2026-06-25 05:42:16.342404,NaN,NaN,NaN,-34.786271,17.513322666666667
915.001,3.4957785425946173,34.494339428941075,32.08903322614923,185.74653810716958,2026-06-25 05:42:16.292417,NaN,NaN,NaN,-34.786271,17.513322666666667
915.3534999999999,3.493920642045632,34.49449779846046,32.08769464369005,185.76372897133638,2026-06-25 05:42:16.217436,NaN,NaN,NaN,-34.786271,17.513322666666667
915.685,3.491124049185398,34.49470249105431,32.085613258299276,185.79710674915665,2026-06-25 05:42:16.117462,NaN,NaN,NaN,-34.786271,17.513322666666667
916.032,3.4888849398511166,34.494851246675886,32.08394285184339,185.8190408562689,2026-06-25 05:42:16.042482,NaN,NaN,NaN,-34.786271,17.513322666666667
916.307,3.4873782088852683,34.49494792463888,32.082826944853,185.82801236934912,2026-06-25 05:42:15.992495,NaN,NaN,NaN,-34.786271,17.513322666666667
916.505,3.4858872064868662,34.495042764763184,32.0817275713081,185.83324847097575,2026-06-25 05:42:15.942508,NaN,NaN,NaN,-34.786271,17.513322666666667
916.681,3.4844089135151886,34.495135793124305,32.08064226278359,185.5939307790078,2026-06-25 05:42:15.892521,NaN,NaN,NaN,-34.786271,17.513322666666667
916.95,3.4821512641237797,34.4952717794166,32.0789973071554,185.60923743065203,2026-06-25 05:42:15.817541,NaN,NaN,NaN,-34.786271,17.513322666666667
917.235,3.479762499462889,34.49540427874322,32.077265001185616,185.6343809262681,2026-06-25 05:42:15.742560,NaN,NaN,NaN,-34.786271,17.513322666666667
917.466,3.478022106895183,34.495490334460285,32.07599543521518,185.64709562091647,2026-06-25 05:42:15.692573,NaN,NaN,NaN,-34.786271,17.513322666666667
917.75,3.4761320621248464,34.495574718839556,32.074596709471166,185.66092562259027,2026-06-25 05:42:15.642586,NaN,NaN,NaN,-34.786271,17.513322666666667
917.971,3.4740705404608234,34.49565746182956,32.073042736365,185.67502412272725,2026-06-25 05:42:15.592599,NaN,NaN,NaN,-34.786271,17.513322666666667
918.188,3.4718240452560662,34.495738593957455,32.07132293933589,185.71118753131879,2026-06-25 05:42:15.542612,NaN,NaN,NaN,-34.786271,17.513322666666667
918.254,3.4693912345755935,34.49581814631325,32.069444104643765,185.72571737418167,2026-06-25 05:42:15.492625,NaN,NaN,NaN,-34.786271,17.513322666666667
918.412,3.466789173851627,34.495896150535025,32.067426275053855,185.74177079737913,2026-06-25 05:42:15.442638,NaN,NaN,NaN,-34.786271,17.513322666666667
918.8415,3.4611807276070268,34.496046918755425,32.06308881273905,185.79336306972425,2026-06-25 05:42:15.342664,NaN,NaN,NaN,-34.786271,17.513322666666667
919.152,3.46121079145699,34.496047643787655,32.06310284278136,185.80639246023438,2026-06-25 05:42:15.342664,NaN,NaN,NaN,-34.786271,17.513322666666667
919.5046666666667,3.452549079934359,34.49626364450076,32.056491693575616,185.6114278450668,2026-06-25 05:42:15.192703,NaN,NaN,NaN,-34.786271,17.513322666666667
919.976,3.4457486031403723,34.49643500891264,32.05127761467418,185.66134607232055,2026-06-25 05:42:15.067736,NaN,NaN,NaN,-34.786271,17.513322666666667
920.163,3.442086588575641,34.496533997735966,32.04840837539503,185.6930554428422,2026-06-25 05:42:14.992756,NaN,NaN,NaN,-34.786271,17.513322666666667
920.378,3.439917559554571,34.49659837242649,32.04666739352792,185.70458897110075,2026-06-25 05:42:14.942769,NaN,NaN,NaN,-34.786271,17.513322666666667
920.7484999999999,3.43716556466246,34.49669261838298,32.04440157827018,185.6024671823476,2026-06-25 05:42:14.867788,NaN,NaN,NaN,-34.786271,17.513322666666667
920.989,3.4349582399969094,34.49678464197863,32.042535683543754,185.4907230069786,2026-06-25 05:42:14.792808,NaN,NaN,NaN,-34.786271,17.513322666666667
921.226,3.433092465037982,34.49690316228762,32.04085288480287,185.49794511694668,2026-06-25 05:42:14.692834,NaN,NaN,NaN,-34.786271,17.513322666666667
921.532,3.431971927703195,34.4970184270968,32.039722618273494,185.49931549395544,2026-06-25 05:42:14.592860,NaN,NaN,NaN,-34.786271,17.513322666666667
921.89,3.4316558981597973,34.49707453009017,32.03936038347824,185.50966467235537,2026-06-25 05:42:14.542873,NaN,NaN,NaN,-34.786271,17.513322666666667
922.043,3.431392338392636,34.49712977517716,32.03908455132726,185.51203890052435,2026-06-25 05:42:14.492886,NaN,NaN,NaN,-34.786271,17.513322666666667
922.228,3.4311223828052464,34.49718420265251,32.03887708659456,185.5116702109929,2026-06-25 05:42:14.442899,NaN,NaN,NaN,-34.786271,17.513322666666667
922.526,3.4308002140745515,34.49723785312724,32.03871624833513,185.5215620899722,2026-06-25 05:42:14.392912,NaN,NaN,NaN,-34.786271,17.513322666666667
922.618,3.429890525748205,34.49734266030417,32.03842848863798,185.52631208534913,2026-06-25 05:42:14.292938,NaN,NaN,NaN,-34.786271,17.513322666666667
922.8405,3.4298414131606703,34.497342987013,32.03841365653574,185.53745055605435,2026-06-25 05:42:14.292938,NaN,NaN,NaN,-34.786271,17.513322666666667
923.266,3.4278485696662546,34.49749562836078,32.037742887347065,185.55888372056444,2026-06-25 05:42:14.142977,NaN,NaN,NaN,-34.786271,17.513322666666667
923.4985,3.4278303049938526,34.49749589213776,32.037709367979616,185.55934406276262,2026-06-25 05:42:14.142977,NaN,NaN,NaN,-34.786271,17.513322666666667
924.187,3.426259626283321,34.49759512116333,32.03697263970809,185.5765203235001,2026-06-25 05:42:14.043003,NaN,NaN,NaN,-34.786271,17.513322666666667
924.321,3.425060240904827,34.49766831515437,32.03622297854848,185.58448847041643,2026-06-25 05:42:13.968023,NaN,NaN,NaN,-34.786271,17.513322666666667
924.476,3.423865958412922,34.49774075215344,32.035366359780085,185.59564128317143,2026-06-25 05:42:13.893042,NaN,NaN,NaN,-34.786271,17.513322666666667
924.6469999999999,3.422662632537008,34.49781240387388,32.034399399803746,185.603931988764,2026-06-25 05:42:13.818062,NaN,NaN,NaN,-34.786271,17.513322666666667
924.99,3.4205836328436465,34.4978835564839,32.032687154035436,185.36748334911871,2026-06-25 05:42:13.693094,NaN,NaN,NaN,-34.786271,17.513322666666667
925.3,3.421431557827949,34.49793073065288,32.03337652956682,185.6162198266384,2026-06-25 05:42:13.743081,NaN,NaN,NaN,-34.786271,17.513322666666667
925.451,3.4192712076518657,34.498001229864954,32.03169783228322,185.51273482073367,2026-06-25 05:42:13.618114,NaN,NaN,NaN,-34.786271,17.513322666666667
925.64,3.4174990195013106,34.49809500725374,32.030480509833026,185.39409390351804,2026-06-25 05:42:13.518140,NaN,NaN,NaN,-34.786271,17.513322666666667
926.07,3.4161961080155363,34.49816533501888,32.029613987360236,185.40797153960816,2026-06-25 05:42:13.443159,NaN,NaN,NaN,-34.786271,17.513322666666667
926.298,3.4153528405322695,34.498212302803054,32.0290388362991,185.4196635816685,2026-06-25 05:42:13.393172,NaN,NaN,NaN,-34.786271,17.513322666666667
926.501,3.414531914735263,34.49825938560419,32.028463408738354,185.42195306848308,2026-06-25 05:42:13.343185,NaN,NaN,NaN,-34.786271,17.513322666666667
926.59,3.4137418519634863,34.49830662558701,32.02789627672749,185.42923928781093,2026-06-25 05:42:13.293199,NaN,NaN,NaN,-34.786271,17.513322666666667
926.949,3.4129957226425285,34.4983540646336,32.02734885082088,185.444590972023,2026-06-25 05:42:13.243212,NaN,NaN,NaN,-34.786271,17.513322666666667
927.316,3.411747765976395,34.4984498670935,32.026369302585856,185.45312804731861,2026-06-25 05:42:13.143238,NaN,NaN,NaN,-34.786271,17.513322666666667
927.5145,3.411086521067091,34.498522696269745,32.02577436635822,185.4591734097619,2026-06-25 05:42:13.068257,NaN,NaN,NaN,-34.786271,17.513322666666667
927.7375,3.410516880577807,34.498595907796684,32.02523586232543,185.46196855096719,2026-06-25 05:42:12.993277,NaN,NaN,NaN,-34.786271,17.513322666666667
927.935,3.4101045894310684,34.498695151411496,32.02476304484115,185.46835836838017,2026-06-25 05:42:12.893303,NaN,NaN,NaN,-34.786271,17.513322666666667
928.636,3.4100014106366947,34.4987456430611,32.02463126913017,185.4684062226031,2026-06-25 05:42:12.843316,NaN,NaN,NaN,-34.786271,17.513322666666667
928.8255,3.409883043260635,34.49882251153299,32.02450047523904,185.46887370287087,2026-06-25 05:42:12.768335,NaN,NaN,NaN,-34.786271,17.513322666666667
929.056,3.40973084968962,34.49890060196441,32.024399653554255,185.4758942515181,2026-06-25 05:42:12.693355,NaN,NaN,NaN,-34.786271,17.513322666666667
929.319,3.4093171972459224,34.499007534023704,32.02426768031651,185.48433139683664,2026-06-25 05:42:12.593381,NaN,NaN,NaN,-34.786271,17.513322666666667
929.4165,3.409049048315791,34.499061914095975,32.024196323908086,185.4847585631069,2026-06-25 05:42:12.543394,NaN,NaN,NaN,-34.786271,17.513322666666667
929.836,3.408415182042652,34.49917258320693,32.024041245324725,185.49394979332067,2026-06-25 05:42:12.443420,NaN,NaN,NaN,-34.786271,17.513322666666667
930.111,3.4076780683176287,34.49928693589038,32.02386308045148,185.2494186987369,2026-06-25 05:42:12.343446,NaN,NaN,NaN,-34.786271,17.513322666666667
930.3115,3.4076789375557714,34.49928737737012,32.023860194318445,185.50709191655264,2026-06-25 05:42:12.343446,NaN,NaN,NaN,-34.786271,17.513322666666667
930.658,3.406952391342939,34.499404819224,32.02366323153528,185.51306807387962,2026-06-25 05:42:12.243472,NaN,NaN,NaN,-34.786271,17.513322666666667
931.081,3.406391637985082,34.499526443280764,32.023469383192946,185.39087912059804,2026-06-25 05:42:12.143498,NaN,NaN,NaN,-34.786271,17.513322666666667
931.357,3.4063693805684676,34.49952693475063,32.023462765234484,185.26822188170485,2026-06-25 05:42:12.143498,NaN,NaN,NaN,-34.786271,17.513322666666667
931.4780000000001,3.4057952786611523,34.499716302231064,32.02328176628407,185.5230964957959,2026-06-25 05:42:11.993537,NaN,NaN,NaN,-34.786271,17.513322666666667
931.66,3.4057924401648725,34.499716824135255,32.02327091972646,185.52307412857897,2026-06-25 05:42:11.993537,NaN,NaN,NaN,-34.786271,17.513322666666667
931.924,3.4054711424473925,34.4998480600308,32.02324722716249,185.27953702225565,2026-06-25 05:42:11.893563,NaN,NaN,NaN,-34.786271,17.513322666666667
932.294,3.4053127563378056,34.49991554659769,32.02325711827799,185.28015051013867,2026-06-25 05:42:11.843576,NaN,NaN,NaN,-34.786271,17.513322666666667
932.545,3.4051754985802862,34.49998412455897,32.02327173742724,185.54185416499942,2026-06-25 05:42:11.793589,NaN,NaN,NaN,-34.786271,17.513322666666667
932.776,3.4050779689145143,34.5000538066575,32.02328381489525,185.29102448479338,2026-06-25 05:42:11.743602,NaN,NaN,NaN,-34.786271,17.513322666666667
932.884,3.4050336631545632,34.50012460402188,32.02329027207585,185.28898428249875,2026-06-25 05:42:11.693615,NaN,NaN,NaN,-34.786271,17.513322666666667
933.1065,3.405083718208562,34.50023305347386,32.02329794750383,185.41241533833093,2026-06-25 05:42:11.618635,NaN,NaN,NaN,-34.786271,17.513322666666667
933.4975,3.4052864525077693,34.50038144236417,32.023338495732155,185.54102102601703,2026-06-25 05:42:11.518661,NaN,NaN,NaN,-34.786271,17.513322666666667
933.625,3.405455642983321,34.50049559268015,32.02340804697141,185.54569856271866,2026-06-25 05:42:11.443681,NaN,NaN,NaN,-34.786271,17.513322666666667
933.883,3.4055352458210186,34.500573221370054,32.02347487417405,185.54734054189797,2026-06-25 05:42:11.393694,NaN,NaN,NaN,-34.786271,17.513322666666667
934.018,3.405574848115206,34.50065199573032,32.02355053707885,185.28902688485573,2026-06-25 05:42:11.343707,NaN,NaN,NaN,-34.786271,17.513322666666667
934.357,3.4055144393487407,34.50073191305395,32.02369936877911,185.2949889128861,2026-06-25 05:42:11.243733,NaN,NaN,NaN,-34.786271,17.513322666666667
934.392,3.4055693642921163,34.50081296882217,32.02362744283013,185.2888607215267,2026-06-25 05:42:11.293720,NaN,NaN,NaN,-34.786271,17.513322666666667
934.717,3.405405269620808,34.50089515669433,32.023763233317325,185.29820736131683,2026-06-25 05:42:11.193746,NaN,NaN,NaN,-34.786271,17.513322666666667
934.8735,3.4051338836894693,34.50102068136817,32.0238412428742,185.30358505407978,2026-06-25 05:42:11.118765,NaN,NaN,NaN,-34.786271,17.513322666666667
935.2384999999999,3.404625544777985,34.50119173017985,32.02390664132005,185.30713110006226,2026-06-25 05:42:11.018791,NaN,NaN,NaN,-34.786271,17.513322666666667
935.46,3.4039780499391443,34.50136709980087,32.02390307592586,185.31316698778076,2026-06-25 05:42:10.918817,NaN,NaN,NaN,-34.786271,17.513322666666667
936.0889999999999,3.4032128071155685,34.501546651605,32.02381260100484,185.32759488382672,2026-06-25 05:42:10.818843,NaN,NaN,NaN,-34.786271,17.513322666666667
936.248,3.4025974359221873,34.50168383925213,32.023689349571676,185.33150956345594,2026-06-25 05:42:10.743863,NaN,NaN,NaN,-34.786271,17.513322666666667
936.418,3.4021943449455896,34.50177659681212,32.02358269769517,185.33763748749124,2026-06-25 05:42:10.693876,NaN,NaN,NaN,-34.786271,17.513322666666667
936.726,3.4018181195347026,34.50187029632977,32.02346509074604,185.34779702582108,2026-06-25 05:42:10.643889,NaN,NaN,NaN,-34.786271,17.513322666666667
936.915,3.4014845439699375,34.50196490981872,32.02334407976857,185.35073035038806,2026-06-25 05:42:10.593902,NaN,NaN,NaN,-34.786271,17.513322666666667
937.048,3.401206619291046,34.50206040759394,32.02322507128967,185.34992244802393,2026-06-25 05:42:10.543915,NaN,NaN,NaN,-34.786271,17.513322666666667
937.321,3.4009890567525085,34.50215675830146,32.0231081194954,185.34694691384306,2026-06-25 05:42:10.493928,NaN,NaN,NaN,-34.786271,17.513322666666667
937.494,3.4008216255397365,34.50225392895099,32.02298723763149,185.34899230619692,2026-06-25 05:42:10.443941,NaN,NaN,NaN,-34.786271,17.513322666666667
937.622,3.4005326358763144,34.50245059014928,32.0226949874942,185.3571615244187,2026-06-25 05:42:10.343967,NaN,NaN,NaN,-34.786271,17.513322666666667
937.818,3.4005174792053534,34.50245094591069,32.022678725698825,185.35730899162328,2026-06-25 05:42:10.343967,NaN,NaN,NaN,-34.786271,17.513322666666667
938.297,3.3997830825854702,34.50275081684335,32.02196708026173,185.24077664763124,2026-06-25 05:42:10.194006,NaN,NaN,NaN,-34.786271,17.513322666666667
938.468,3.3998277457609194,34.50275111175728,32.0219937641945,185.37293186032576,2026-06-25 05:42:10.194006,NaN,NaN,NaN,-34.786271,17.513322666666667
938.726,3.3989480545557207,34.50295398480058,32.02127482093126,185.1198600639418,2026-06-25 05:42:10.094032,NaN,NaN,NaN,-34.786271,17.513322666666667
938.836,3.397615526348013,34.50305634402532,32.02037622343102,185.13272546038223,2026-06-25 05:42:09.994058,NaN,NaN,NaN,-34.786271,17.513322666666667
939.203,3.39834417538751,34.50315915945118,32.020842989659364,185.12924507155734,2026-06-25 05:42:10.044045,NaN,NaN,NaN,-34.786271,17.513322666666667
939.461,3.3962588994749385,34.50331417712417,32.01962568892674,185.15120532348163,2026-06-25 05:42:09.919078,NaN,NaN,NaN,-34.786271,17.513322666666667
939.718,3.394656785213163,34.5034698682589,32.018826933136744,185.16793851024428,2026-06-25 05:42:09.844098,NaN,NaN,NaN,-34.786271,17.513322666666667
939.958,3.3934589438156886,34.50357402862804,32.0182520186416,185.18125122679353,2026-06-25 05:42:09.794111,NaN,NaN,NaN,-34.786271,17.513322666666667
940.006,3.3909149155125915,34.503678400322016,32.01695929358796,185.19608370758436,2026-06-25 05:42:09.694137,NaN,NaN,NaN,-34.786271,17.513322666666667
940.213,3.392200552445857,34.50378293164367,32.0176323847334,185.1948296879892,2026-06-25 05:42:09.744124,NaN,NaN,NaN,-34.786271,17.513322666666667
940.5364999999999,3.3890052990826423,34.503939916464944,32.01583649220215,185.21630768683556,2026-06-25 05:42:09.619156,NaN,NaN,NaN,-34.786271,17.513322666666667
940.613,3.3871660715120786,34.5040969558063,32.0146087161626,185.23265493883417,2026-06-25 05:42:09.544176,NaN,NaN,NaN,-34.786271,17.513322666666667
941.088,3.386011330388587,34.50420159508595,32.013736398892014,185.24162728968378,2026-06-25 05:42:09.494189,NaN,NaN,NaN,-34.786271,17.513322666666667
941.2845,3.3844241752329323,34.50435830983921,32.01240990967714,185.25932439490057,2026-06-25 05:42:09.419208,NaN,NaN,NaN,-34.786271,17.513322666666667
941.576,3.3830042637792963,34.50451464285249,32.01113138257423,185.2679447108445,2026-06-25 05:42:09.344228,NaN,NaN,NaN,-34.786271,17.513322666666667
941.637,3.382174015796702,34.50461851824058,32.0103446251489,185.269048920154,2026-06-25 05:42:09.294241,NaN,NaN,NaN,-34.786271,17.513322666666667
942.015,3.3814218152382187,34.50472206441157,32.0096203760777,185.27843879151408,2026-06-25 05:42:09.244254,NaN,NaN,NaN,-34.786271,17.513322666666667
942.2925,3.3803969256164805,34.50487658678108,32.00867180494549,185.29424808734336,2026-06-25 05:42:09.169273,NaN,NaN,NaN,-34.786271,17.513322666666667
942.534,3.3794194166534863,34.50503017421368,32.00786820837614,185.04467062768938,2026-06-25 05:42:09.094293,NaN,NaN,NaN,-34.786271,17.513322666666667
942.924,3.3784363557631227,34.5051823872427,32.007215232402686,185.05059166325194,2026-06-25 05:42:09.019313,NaN,NaN,NaN,-34.786271,17.513322666666667
943.0485000000001,3.3769967687951574,34.505383189054996,32.00640141996274,185.06090697465154,2026-06-25 05:42:08.919339,NaN,NaN,NaN,-34.786271,17.513322666666667
943.448,3.374779698371898,34.5055319785672,32.005254049414525,185.09673099484513,2026-06-25 05:42:08.794371,NaN,NaN,NaN,-34.786271,17.513322666666667
943.659,3.3757360205923312,34.50563010037578,32.0057401012054,185.07278767620147,2026-06-25 05:42:08.844358,NaN,NaN,NaN,-34.786271,17.513322666666667
943.837,3.373226854620997,34.50577552285789,32.00449286551884,185.10965841803028,2026-06-25 05:42:08.719391,NaN,NaN,NaN,-34.786271,17.513322666666667
944.012,3.371669767104701,34.50591906057076,32.003761398024466,185.11493653487426,2026-06-25 05:42:08.644410,NaN,NaN,NaN,-34.786271,17.513322666666667
944.361,3.369846325945515,34.50601341498261,32.002978448298066,184.882466533756,2026-06-25 05:42:08.544436,NaN,NaN,NaN,-34.786271,17.513322666666667
944.394,3.3707098406857847,34.50610670744862,32.0033372855683,184.86962948382606,2026-06-25 05:42:08.594423,NaN,NaN,NaN,-34.786271,17.513322666666667
944.885,3.368503452174755,34.50628932837036,32.0024137675327,184.8894329989233,2026-06-25 05:42:08.444462,NaN,NaN,NaN,-34.786271,17.513322666666667
945.0450000000001,3.36795954007227,34.506379146537896,32.002140176935995,184.89005867414627,2026-06-25 05:42:08.394475,NaN,NaN,NaN,-34.786271,17.513322666666667
945.44,3.3670734251408034,34.5065556954297,32.00155538328437,184.90008318100678,2026-06-25 05:42:08.294501,NaN,NaN,NaN,-34.786271,17.513322666666667
945.6665,3.3664750429735824,34.506684043359144,32.00102232384833,184.91052239485256,2026-06-25 05:42:08.219521,NaN,NaN,NaN,-34.786271,17.513322666666667
945.818,3.365548018412291,34.506850592789206,32.00024889496082,184.91271939700758,2026-06-25 05:42:08.119547,NaN,NaN,NaN,-34.786271,17.513322666666667
946.5665,3.3635898648963654,34.50708810917653,31.999003931551563,184.81332159653496,2026-06-25 05:42:07.969586,NaN,NaN,NaN,-34.786271,17.513322666666667
946.6573333333334,3.3627057097623534,34.507176902666465,31.998497488873387,184.69460608826463,2026-06-25 05:42:07.911268,NaN,NaN,NaN,-34.786271,17.513322666666667
946.914,3.3616356329873507,34.50727865034014,31.997919978704754,184.70162816896442,2026-06-25 05:42:07.844619,NaN,NaN,NaN,-34.786271,17.513322666666667
947.08,3.3599847901547473,34.50742270219199,31.997019811959262,184.71329085503544,2026-06-25 05:42:07.744645,NaN,NaN,NaN,-34.786271,17.513322666666667
947.508,3.359219010286285,34.50749234267325,31.996601488539756,184.72618567460842,2026-06-25 05:42:07.694658,NaN,NaN,NaN,-34.786271,17.513322666666667
947.833,3.358188526349357,34.507593584874535,31.996082334146255,184.73789438897956,2026-06-25 05:42:07.619677,NaN,NaN,NaN,-34.786271,17.513322666666667
948.0915,3.3570718082054913,34.50772317127547,31.995624351443297,184.73884040828455,2026-06-25 05:42:07.519703,NaN,NaN,NaN,-34.786271,17.513322666666667
948.314,3.3564423815135367,34.50781629298267,31.995450950657602,184.74791235902393,2026-06-25 05:42:07.444723,NaN,NaN,NaN,-34.786271,17.513322666666667
948.401,3.3561177976841394,34.507876203442436,31.995403032304523,184.75605839171763,2026-06-25 05:42:07.394736,NaN,NaN,NaN,-34.786271,17.513322666666667
948.72,3.355854542186393,34.507934489895575,31.99538279015246,184.7597641028798,2026-06-25 05:42:07.344749,NaN,NaN,NaN,-34.786271,17.513322666666667
948.925,3.355579173938816,34.5080186889522,31.995361253921665,184.7565219842266,2026-06-25 05:42:07.269769,NaN,NaN,NaN,-34.786271,17.513322666666667
949.222,3.3553712666071607,34.50812562366256,31.995301484845577,184.75973727526878,2026-06-25 05:42:07.169795,NaN,NaN,NaN,-34.786271,17.513322666666667
949.8633333333333,3.355089750137371,34.508250652837845,31.995106381513484,184.72922076983406,2026-06-25 05:42:07.011503,NaN,NaN,NaN,-34.786271,17.513322666666667
950.061,3.3551758602768342,34.50828114594766,31.99516912076934,184.7672292726253,2026-06-25 05:42:07.044827,NaN,NaN,NaN,-34.786271,17.513322666666667
950.267,3.3548008055261915,34.5083879377656,31.994862301002467,184.77651068653665,2026-06-25 05:42:06.894866,NaN,NaN,NaN,-34.786271,17.513322666666667
950.525,3.354662851260872,34.50843078256298,31.99468009407745,184.77615050403372,2026-06-25 05:42:06.844879,NaN,NaN,NaN,-34.786271,17.513322666666667
950.685,3.35452819408245,34.50847222213512,31.994438647022132,184.78102903650827,2026-06-25 05:42:06.794892,NaN,NaN,NaN,-34.786271,17.513322666666667
950.875,3.3543090791781633,34.50853166185686,31.99396340949644,184.78046432038371,2026-06-25 05:42:06.719912,NaN,NaN,NaN,-34.786271,17.513322666666667
951.4866666666667,3.353784357182763,34.50862428219255,31.993063272474767,184.79070831909561,2026-06-25 05:42:06.594944,NaN,NaN,NaN,-34.786271,17.513322666666667
951.8873333333335,3.352797699623135,34.50872592801509,31.99226434775353,184.55209762508804,2026-06-25 05:42:06.444984,NaN,NaN,NaN,-34.786271,17.513322666666667
952.185,3.351983527257143,34.50878867593648,31.991986835196244,184.55522005610675,2026-06-25 05:42:06.345010,NaN,NaN,NaN,-34.786271,17.513322666666667
952.35,3.351565009872487,34.50881844018676,31.991907925329503,184.5644525625538,2026-06-25 05:42:06.295023,NaN,NaN,NaN,-34.786271,17.513322666666667
952.6663333333332,3.350798296053057,34.50887514391854,31.991777488283915,184.7581326669111,2026-06-25 05:42:06.195049,NaN,NaN,NaN,-34.786271,17.513322666666667
952.98,3.3501672962730678,34.50892933684574,31.991627530788726,184.5727214873597,2026-06-25 05:42:06.095075,NaN,NaN,NaN,-34.786271,17.513322666666667
953.335,3.3499330456510252,34.508955341461025,31.991537936554284,184.57964414677707,2026-06-25 05:42:06.045088,NaN,NaN,NaN,-34.786271,17.513322666666667
953.473,3.349735718935343,34.50898079283026,31.991446640311914,184.58162297238206,2026-06-25 05:42:05.995101,NaN,NaN,NaN,-34.786271,17.513322666666667
953.764,3.349564823654559,34.50900576120135,31.991361492395065,184.58774211500568,2026-06-25 05:42:05.945114,NaN,NaN,NaN,-34.786271,17.513322666666667
953.883,3.3494174154052545,34.50903031838355,31.991288964157054,184.5953830081974,2026-06-25 05:42:05.895127,NaN,NaN,NaN,-34.786271,17.513322666666667
954.26,3.349253810251694,34.509066515687465,31.991212426688552,184.5930906721908,2026-06-25 05:42:05.820146,NaN,NaN,NaN,-34.786271,17.513322666666667
954.425,3.3491571048175213,34.5091022625087,31.991166771756784,184.59179946952824,2026-06-25 05:42:05.745166,NaN,NaN,NaN,-34.786271,17.513322666666667
954.719,3.3491109174001847,34.509149548189974,31.991150149858036,184.5958404159898,2026-06-25 05:42:05.645192,NaN,NaN,NaN,-34.786271,17.513322666666667
954.897,3.3491122207657877,34.50914957196569,31.99114611750849,184.5987862237852,2026-06-25 05:42:05.645192,NaN,NaN,NaN,-34.786271,17.513322666666667
955.163,3.349031086031418,34.50919702500302,31.991177729300137,184.8564636853846,2026-06-25 05:42:05.495231,NaN,NaN,NaN,-34.786271,17.513322666666667
955.254,3.3490645886782575,34.50922103618497,31.99115872553203,184.60180331975752,2026-06-25 05:42:05.545218,NaN,NaN,NaN,-34.786271,17.513322666666667
955.772,3.3489973906534054,34.50924533804948,31.99120316085954,184.60627226158584,2026-06-25 05:42:05.445244,NaN,NaN,NaN,-34.786271,17.513322666666667
955.877,3.3489376183027932,34.509295323933195,31.991261041882908,184.60733040270162,2026-06-25 05:42:05.345270,NaN,NaN,NaN,-34.786271,17.513322666666667
956.223,3.3488852275205927,34.509347108419526,31.991317391608472,184.6133254083835,2026-06-25 05:42:05.245296,NaN,NaN,NaN,-34.786271,17.513322666666667
956.488,3.3488641352238466,34.509374109328846,31.99134359963383,184.6155332317834,2026-06-25 05:42:05.195309,NaN,NaN,NaN,-34.786271,17.513322666666667
956.6614999999999,3.3488430993399723,34.50941623516303,31.991392845932328,184.60942900290686,2026-06-25 05:42:05.120329,NaN,NaN,NaN,-34.786271,17.513322666666667
956.859,3.348828966704405,34.509460195581575,31.991478113818125,184.62160981584634,2026-06-25 05:42:05.045348,NaN,NaN,NaN,-34.786271,17.513322666666667
957.123,3.348820065185845,34.509490865378986,31.991885919131782,184.61770812651022,2026-06-25 05:42:04.895388,NaN,NaN,NaN,-34.786271,17.513322666666667
957.211,3.348819146840279,34.50952266176876,31.991577709656642,184.6214058174298,2026-06-25 05:42:04.995361,NaN,NaN,NaN,-34.786271,17.513322666666667
957.424,3.3488131514771498,34.50955566785326,31.991715676084876,184.62311658716996,2026-06-25 05:42:04.945374,NaN,NaN,NaN,-34.786271,17.513322666666667
957.769,3.34887961829026,34.509625638885254,31.992256055540896,184.62552187166114,2026-06-25 05:42:04.795414,NaN,NaN,NaN,-34.786271,17.513322666666667
957.874,3.348880086525771,34.50962636666242,31.992243303938793,184.6233483723424,2026-06-25 05:42:04.795414,NaN,NaN,NaN,-34.786271,17.513322666666667
958.286,3.3489403537062845,34.509701431318454,31.992531155675422,184.62329704698098,2026-06-25 05:42:04.695440,NaN,NaN,NaN,-34.786271,17.513322666666667
958.576,3.348935994810764,34.509741711094605,31.992606474204596,184.62561482760947,2026-06-25 05:42:04.645453,NaN,NaN,NaN,-34.786271,17.513322666666667
958.682,3.3488278966229936,34.50980555760147,31.992656933199164,184.63141389175277,2026-06-25 05:42:04.570472,NaN,NaN,NaN,-34.786271,17.513322666666667
958.942,3.3485836479123106,34.50987302322018,31.992672652075008,184.63605131253811,2026-06-25 05:42:04.495492,NaN,NaN,NaN,-34.786271,17.513322666666667
959.055,3.3483224373713365,34.509920538674514,31.99267048572561,184.63506848890123,2026-06-25 05:42:04.445505,NaN,NaN,NaN,-34.786271,17.513322666666667
959.201,3.3479904530012434,34.50997005005289,31.992659827205063,184.63164992737424,2026-06-25 05:42:04.395518,NaN,NaN,NaN,-34.786271,17.513322666666667
959.491,3.347592525883509,34.51002162926577,31.992638330317046,184.6508415760459,2026-06-25 05:42:04.345531,NaN,NaN,NaN,-34.786271,17.513322666666667
959.804,3.3471389393090707,34.51007534660746,31.992602725206613,184.66140634328713,2026-06-25 05:42:04.295544,NaN,NaN,NaN,-34.786271,17.513322666666667
960.1376666666666,3.346195229492796,34.51019024765617,31.99248116676945,184.41438619975298,2026-06-25 05:42:04.195570,NaN,NaN,NaN,-34.786271,17.513322666666667
960.583,3.3449179375218976,34.51031294126314,31.992190691887224,184.67445506436508,2026-06-25 05:42:03.995622,NaN,NaN,NaN,-34.786271,17.513322666666667
960.602,3.3454008583477886,34.51037834047507,31.992330072928027,184.6723394004758,2026-06-25 05:42:04.095596,NaN,NaN,NaN,-34.786271,17.513322666666667
960.875,3.3451266451082367,34.510446260377236,31.99225630658938,184.67570736708387,2026-06-25 05:42:04.045609,NaN,NaN,NaN,-34.786271,17.513322666666667
961.068,3.344758620357514,34.51051675734702,31.992134367052362,184.67884900552798,2026-06-25 05:42:03.945635,NaN,NaN,NaN,-34.786271,17.513322666666667
961.196,3.344634411141186,34.510589885419094,31.99208650721662,184.68337834824078,2026-06-25 05:42:03.895648,NaN,NaN,NaN,-34.786271,17.513322666666667
961.537,3.344371556267651,34.5107049674987,31.991967470026097,184.4321903136179,2026-06-25 05:42:03.745687,NaN,NaN,NaN,-34.786271,17.513322666666667
961.7295,3.34449126426914,34.51082555971306,31.99202565265438,184.55904222652242,2026-06-25 05:42:03.820668,NaN,NaN,NaN,-34.786271,17.513322666666667
962.168,3.3442949107126996,34.51090970280204,31.991924425023164,184.44040229516344,2026-06-25 05:42:03.695700,NaN,NaN,NaN,-34.786271,17.513322666666667
962.258,3.3442102991784055,34.51099670917003,31.99187397565568,184.43536787509814,2026-06-25 05:42:03.645713,NaN,NaN,NaN,-34.786271,17.513322666666667
962.539,3.343983089990004,34.51117946203881,31.991747188638815,184.4444752209045,2026-06-25 05:42:03.545739,NaN,NaN,NaN,-34.786271,17.513322666666667
962.682,3.3439652744402064,34.511180946762224,31.991747021354414,184.441183813489,2026-06-25 05:42:03.545739,NaN,NaN,NaN,-34.786271,17.513322666666667
962.952,3.3436193584098097,34.51137408968006,31.99162097762196,184.44921723339633,2026-06-25 05:42:03.445765,NaN,NaN,NaN,-34.786271,17.513322666666667
963.01,3.3433825325427144,34.511475928211034,31.991576536189463,184.4506298609062,2026-06-25 05:42:03.395778,NaN,NaN,NaN,-34.786271,17.513322666666667
963.402,3.343117628456221,34.51158081524129,31.991546589480716,184.45486776972487,2026-06-25 05:42:03.345791,NaN,NaN,NaN,-34.786271,17.513322666666667
963.735,3.3428299350631,34.511688770816825,31.99152538837375,184.46476440998924,2026-06-25 05:42:03.295804,NaN,NaN,NaN,-34.786271,17.513322666666667
963.953,3.3421990108674766,34.51191550605854,31.99144133931207,184.46607930462022,2026-06-25 05:42:03.195831,NaN,NaN,NaN,-34.786271,17.513322666666667
964.131,3.341872302942681,34.51203275830348,31.991355616492648,184.47035952315323,2026-06-25 05:42:03.145844,NaN,NaN,NaN,-34.786271,17.513322666666667
964.5450000000001,3.341061424542834,34.512338350613845,31.990946384618347,184.48152185385428,2026-06-25 05:42:03.020876,NaN,NaN,NaN,-34.786271,17.513322666666667
964.763,3.340644770018932,34.51253137107471,31.99055421889356,184.22718207396485,2026-06-25 05:42:02.945896,NaN,NaN,NaN,-34.786271,17.513322666666667
965.08,3.340433183191784,34.51266419865101,31.99027119702665,184.49130260925332,2026-06-25 05:42:02.895909,NaN,NaN,NaN,-34.786271,17.513322666666667
965.501,3.3402376709899935,34.5128696293705,31.989889893852066,184.3694703718606,2026-06-25 05:42:02.820928,NaN,NaN,NaN,-34.786271,17.513322666666667
965.6565,3.3401891722223995,34.513153771798066,31.989529321716702,184.36305059316004,2026-06-25 05:42:02.720954,NaN,NaN,NaN,-34.786271,17.513322666666667
965.927,3.340277067372127,34.513374475570856,31.989384999205395,184.2371901312706,2026-06-25 05:42:02.645974,NaN,NaN,NaN,-34.786271,17.513322666666667
966.015,3.340350358589521,34.51352561102454,31.98935037848502,184.23738022767782,2026-06-25 05:42:02.595987,NaN,NaN,NaN,-34.786271,17.513322666666667
966.317,3.340393260763153,34.51367970745751,31.989355883066633,184.24244783414076,2026-06-25 05:42:02.546000,NaN,NaN,NaN,-34.786271,17.513322666666667
966.586,3.3402890207729037,34.51383672969142,31.98945962043223,184.24188039090234,2026-06-25 05:42:02.446026,NaN,NaN,NaN,-34.786271,17.513322666666667
966.695,3.3403791445023234,34.513996639076275,31.989395380838904,184.23913823981837,2026-06-25 05:42:02.496013,NaN,NaN,NaN,-34.786271,17.513322666666667
966.8865000000001,3.339970930309067,34.51424217052339,31.989570066348897,184.24975934141173,2026-06-25 05:42:02.371045,NaN,NaN,NaN,-34.786271,17.513322666666667
967.195,3.339461162495067,34.514493252232654,31.98964889675971,184.0043288743134,2026-06-25 05:42:02.296065,NaN,NaN,NaN,-34.786271,17.513322666666667
967.507,3.338480970655008,34.51466425546151,31.98958863339068,184.01406736347184,2026-06-25 05:42:02.196091,NaN,NaN,NaN,-34.786271,17.513322666666667
967.659,3.339005562466273,34.51483790177257,31.98964865589859,184.01571964710251,2026-06-25 05:42:02.246078,NaN,NaN,NaN,-34.786271,17.513322666666667
967.906,3.337594052290802,34.51510350922642,31.98935205115069,184.02375112125472,2026-06-25 05:42:02.121111,NaN,NaN,NaN,-34.786271,17.513322666666667
968.3340000000001,3.3362763858608115,34.51546589774618,31.98877183708056,184.0296872662993,2026-06-25 05:42:02.021137,NaN,NaN,NaN,-34.786271,17.513322666666667
968.54,3.335173297752636,34.51574361876944,31.988147947939748,184.04802807555214,2026-06-25 05:42:01.946156,NaN,NaN,NaN,-34.786271,17.513322666666667
968.943,3.3339478381657717,34.51602695261104,31.987377515737546,183.80830385158154,2026-06-25 05:42:01.871176,NaN,NaN,NaN,-34.786271,17.513322666666667
969.2905000000001,3.3322470777833137,34.51641176382467,31.986257755279688,183.81829184047285,2026-06-25 05:42:01.771202,NaN,NaN,NaN,-34.786271,17.513322666666667
969.561,3.3310021740397824,34.516705341550036,31.98543168392737,183.8347436333682,2026-06-25 05:42:01.696221,NaN,NaN,NaN,-34.786271,17.513322666666667
969.634,3.330213104252719,34.516903540837575,31.984935190641316,183.8386424901628,2026-06-25 05:42:01.646234,NaN,NaN,NaN,-34.786271,17.513322666666667
969.962,3.328754045057617,34.51710349087707,31.98415273388918,183.84761678292415,2026-06-25 05:42:01.546260,NaN,NaN,NaN,-34.786271,17.513322666666667
970.03,3.3294623818984928,34.51730510129736,31.984504602687778,183.84471756478118,2026-06-25 05:42:01.596247,NaN,NaN,NaN,-34.786271,17.513322666666667
970.294,3.328086643861165,34.517508279800154,31.983884418893794,183.60189685735327,2026-06-25 05:42:01.496274,NaN,NaN,NaN,-34.786271,17.513322666666667
970.452,3.326843583804813,34.51791896301804,31.983574301101065,183.61125937744094,2026-06-25 05:42:01.396300,NaN,NaN,NaN,-34.786271,17.513322666666667
970.6675,3.326852477600183,34.51791960349793,31.983600221658023,183.61295352173937,2026-06-25 05:42:01.396300,NaN,NaN,NaN,-34.786271,17.513322666666667
971.122,3.3256756691381315,34.51833476869591,31.983474937349047,183.6274050300556,2026-06-25 05:42:01.296326,NaN,NaN,NaN,-34.786271,17.513322666666667
971.351,3.3251157259653668,34.51854434510473,31.983480353482165,183.37789502567418,2026-06-25 05:42:01.246339,NaN,NaN,NaN,-34.786271,17.513322666666667
971.648,3.3245763581240486,34.51875490295565,31.98352373255512,183.38244667629144,2026-06-25 05:42:01.196352,NaN,NaN,NaN,-34.786271,17.513322666666667
971.8893333333334,3.323579711986481,34.51917877905341,31.983759256415592,183.39314057753373,2026-06-25 05:42:01.096378,NaN,NaN,NaN,-34.786271,17.513322666666667
972.026,3.32267413824118,34.51960489969123,31.984152332912426,183.39898597946856,2026-06-25 05:42:00.996404,NaN,NaN,NaN,-34.786271,17.513322666666667
972.3154999999999,3.3221017703241875,34.51992596481935,31.98458609382797,183.15317074992888,2026-06-25 05:42:00.921423,NaN,NaN,NaN,-34.786271,17.513322666666667
972.744,3.321369420115664,34.52024764820468,31.985448296889,183.15950129345003,2026-06-25 05:42:00.796456,NaN,NaN,NaN,-34.786271,17.513322666666667
972.894,3.321620442435416,34.52046234227542,31.98509126073278,183.15930976828423,2026-06-25 05:42:00.846443,NaN,NaN,NaN,-34.786271,17.513322666666667
973.047,3.321177387845334,34.52067708531308,31.985795859970008,183.16525937052097,2026-06-25 05:42:00.746469,NaN,NaN,NaN,-34.786271,17.513322666666667
973.519,3.3209606626724133,34.521106175679144,31.986415562732173,183.1664903506492,2026-06-25 05:42:00.646495,NaN,NaN,NaN,-34.786271,17.513322666666667
973.6935000000001,3.3209802699930897,34.521106305304166,31.98640415377151,183.16930235910513,2026-06-25 05:42:00.646495,NaN,NaN,NaN,-34.786271,17.513322666666667
973.887,3.320890446117971,34.52164121487266,31.987066724988928,182.9100979540582,2026-06-25 05:42:00.521528,NaN,NaN,NaN,-34.786271,17.513322666666667
974.187,3.3208577032392324,34.52196083258496,31.987411495859646,182.9182399001155,2026-06-25 05:42:00.446547,NaN,NaN,NaN,-34.786271,17.513322666666667
974.4665,3.3207626091683755,34.522278809022694,31.98769620403268,182.92649977152655,2026-06-25 05:42:00.371567,NaN,NaN,NaN,-34.786271,17.513322666666667
974.8734999999999,3.3205619787987537,34.52270003297781,31.98798599998039,182.92564816048178,2026-06-25 05:42:00.271593,NaN,NaN,NaN,-34.786271,17.513322666666667
975.2655,3.3203446909367127,34.523117317616666,31.98821025188041,182.92924688053176,2026-06-25 05:42:00.171619,NaN,NaN,NaN,-34.786271,17.513322666666667
975.4735000000001,3.320085699686731,34.523529953131494,31.988454259765625,182.80371916132523,2026-06-25 05:42:00.071645,NaN,NaN,NaN,-34.786271,17.513322666666667
976.0865,3.3197263342368997,34.5239372645442,31.988780041497506,182.81571867596492,2026-06-25 05:41:59.971671,NaN,NaN,NaN,-34.786271,17.513322666666667
976.2985000000001,3.3193105443248996,34.52433861524471,31.989177099108254,182.82476935035902,2026-06-25 05:41:59.871697,NaN,NaN,NaN,-34.786271,17.513322666666667
976.733,3.319047115995084,34.52463557503094,31.9894743512521,182.69970869968222,2026-06-25 05:41:59.796717,NaN,NaN,NaN,-34.786271,17.513322666666667
976.892,3.318863157099529,34.52492817546873,31.98992519072525,182.695461752314,2026-06-25 05:41:59.646756,NaN,NaN,NaN,-34.786271,17.513322666666667
977.0435,3.318909238945503,34.5252170924084,31.989724915431285,182.69610882594327,2026-06-25 05:41:59.721736,NaN,NaN,NaN,-34.786271,17.513322666666667
977.372,3.318860476551287,34.52540714614793,31.990025236657516,182.70171207608678,2026-06-25 05:41:59.596769,NaN,NaN,NaN,-34.786271,17.513322666666667
977.481,3.3188324867469072,34.525595209947845,31.990157605499352,182.95819965428367,2026-06-25 05:41:59.496795,NaN,NaN,NaN,-34.786271,17.513322666666667
977.702,3.3188532466323712,34.5257812301861,31.990102165883048,182.95665240489524,2026-06-25 05:41:59.546782,NaN,NaN,NaN,-34.786271,17.513322666666667
977.9304999999999,3.3187801191539057,34.52605604907093,31.990199130852346,182.7042421464266,2026-06-25 05:41:59.421814,NaN,NaN,NaN,-34.786271,17.513322666666667
978.183,3.3186900180684913,34.52632654200087,31.99017529132919,182.713808001249,2026-06-25 05:41:59.296847,NaN,NaN,NaN,-34.786271,17.513322666666667
978.261,3.3187222863324553,34.52650391699997,31.99019934992395,182.71107655198773,2026-06-25 05:41:59.346834,NaN,NaN,NaN,-34.786271,17.513322666666667
978.64,3.318671675967863,34.52667902960706,31.990140530475102,182.7141208631293,2026-06-25 05:41:59.246860,NaN,NaN,NaN,-34.786271,17.513322666666667
978.9304999999999,3.3186956805218424,34.526937091316796,31.990099190491335,182.71452322826946,2026-06-25 05:41:59.171879,NaN,NaN,NaN,-34.786271,17.513322666666667
979.27,3.3188176706325243,34.527273354169225,31.99015063563473,182.71179069594876,2026-06-25 05:41:59.071905,NaN,NaN,NaN,-34.786271,17.513322666666667
979.421,3.318935377527606,34.52751959930898,31.990336105025886,182.45676937255288,2026-06-25 05:41:58.996925,NaN,NaN,NaN,-34.786271,17.513322666666667
979.617,3.3190143664302387,34.527759814687485,31.990721736644844,182.4666443637657,2026-06-25 05:41:58.921945,NaN,NaN,NaN,-34.786271,17.513322666666667
980.149,3.3190472073756307,34.527995169541754,31.991262084886294,182.46448619264712,2026-06-25 05:41:58.846964,NaN,NaN,NaN,-34.786271,17.513322666666667
980.287,3.319059307860616,34.52822442351267,31.9919314918291,182.4697306548748,2026-06-25 05:41:58.771984,NaN,NaN,NaN,-34.786271,17.513322666666667
980.458,3.3190910551567985,34.52844879095719,31.992635478703864,182.47217051348042,2026-06-25 05:41:58.697003,NaN,NaN,NaN,-34.786271,17.513322666666667
980.877,3.319174259685912,34.52866706327777,31.993290561739016,182.47039754050695,2026-06-25 05:41:58.622023,NaN,NaN,NaN,-34.786271,17.513322666666667
981.205,3.31930397794609,34.52888048395787,31.99383939333637,182.46769455679004,2026-06-25 05:41:58.547042,NaN,NaN,NaN,-34.786271,17.513322666666667
981.5176666666666,3.319504555755419,34.52915543998706,31.994300531497448,182.46928702863403,2026-06-25 05:41:58.447068,NaN,NaN,NaN,-34.786271,17.513322666666667
981.928,3.319717151771207,34.52948732713594,31.994588976563428,182.4798326450022,2026-06-25 05:41:58.322101,NaN,NaN,NaN,-34.786271,17.513322666666667
982.2950000000001,3.3199181707961207,34.52974205922574,31.994689196275353,182.4710971648233,2026-06-25 05:41:58.222127,NaN,NaN,NaN,-34.786271,17.513322666666667
982.402,3.320121988708164,34.52992749186083,31.994790695023042,182.4723030941364,2026-06-25 05:41:58.147147,NaN,NaN,NaN,-34.786271,17.513322666666667
982.667,3.320268298896127,34.53004819157488,31.994901324463545,182.473617225663,2026-06-25 05:41:58.097160,NaN,NaN,NaN,-34.786271,17.513322666666667
983.096,3.3205278622587957,34.53028252908997,31.99524574125053,182.4759565596127,2026-06-25 05:41:57.997186,NaN,NaN,NaN,-34.786271,17.513322666666667
983.3,3.320901639734655,34.53061954672672,31.995970801324468,182.2289995143019,2026-06-25 05:41:57.847225,NaN,NaN,NaN,-34.786271,17.513322666666667
983.7525,3.3209155143823548,34.53062049473096,31.995979422567757,182.480182222838,2026-06-25 05:41:57.847225,NaN,NaN,NaN,-34.786271,17.513322666666667
983.821,3.3212601672002964,34.53083578355521,31.996556105965976,182.47443896953155,2026-06-25 05:41:57.747251,NaN,NaN,NaN,-34.786271,17.513322666666667
984.153,3.3219234117467855,34.5309923378333,31.997391391195237,182.21288419396737,2026-06-25 05:41:57.597290,NaN,NaN,NaN,-34.786271,17.513322666666667
984.221,3.321597812618663,34.53114551311337,31.996989563050413,182.47424752007632,2026-06-25 05:41:57.672270,NaN,NaN,NaN,-34.786271,17.513322666666667
984.492,3.322087045842014,34.53124548365678,31.997627842971593,182.46663330713562,2026-06-25 05:41:57.547303,NaN,NaN,NaN,-34.786271,17.513322666666667
984.956,3.322180936958127,34.531343927107,31.997837025876464,182.47876108247831,2026-06-25 05:41:57.497316,NaN,NaN,NaN,-34.786271,17.513322666666667
985.187,3.3221949708182814,34.53144091175101,31.99801985425046,182.4834117963931,2026-06-25 05:41:57.447329,NaN,NaN,NaN,-34.786271,17.513322666666667
985.267,3.322138971895538,34.531536507585564,31.998179640836575,182.23207148827186,2026-06-25 05:41:57.397342,NaN,NaN,NaN,-34.786271,17.513322666666667
985.4,3.322040000554256,34.531630786227986,31.998322127082933,182.4915469162971,2026-06-25 05:41:57.347355,NaN,NaN,NaN,-34.786271,17.513322666666667
985.613,3.3218483714995655,34.531815139212206,31.998598937623164,182.35736607581683,2026-06-25 05:41:57.247381,NaN,NaN,NaN,-34.786271,17.513322666666667
985.883,3.321835154968713,34.53181568597002,31.99859133815446,182.48414880259384,2026-06-25 05:41:57.247381,NaN,NaN,NaN,-34.786271,17.513322666666667
986.13,3.321705743009561,34.53204062159082,31.99903016891133,182.4923977399979,2026-06-25 05:41:57.122414,NaN,NaN,NaN,-34.786271,17.513322666666667
986.341,3.321671672023616,34.53217298913325,31.999394318927557,182.24493052720044,2026-06-25 05:41:57.047433,NaN,NaN,NaN,-34.786271,17.513322666666667
986.573,3.3217115329994633,34.532260169925856,31.999988509341105,182.2405306870215,2026-06-25 05:41:56.947459,NaN,NaN,NaN,-34.786271,17.513322666666667
986.749,3.3216748078130798,34.532346653980696,31.999681306679374,182.24497606848905,2026-06-25 05:41:56.997446,NaN,NaN,NaN,-34.786271,17.513322666666667
987.0485,3.321890844464648,34.53251763700632,32.00060867709423,182.240223431463,2026-06-25 05:41:56.847485,NaN,NaN,NaN,-34.786271,17.513322666666667
987.3409999999999,3.3219942871693333,34.53260256845155,32.00090060460214,182.243482829861,2026-06-25 05:41:56.797498,NaN,NaN,NaN,-34.786271,17.513322666666667
987.457,3.3221974492567976,34.53277152115736,32.00142459616385,182.24478236752435,2026-06-25 05:41:56.697524,NaN,NaN,NaN,-34.786271,17.513322666666667
987.636,3.3222842625640343,34.53285557158533,32.001630577620205,182.24870236780743,2026-06-25 05:41:56.647537,NaN,NaN,NaN,-34.786271,17.513322666666667
987.893,3.3223726169008807,34.53293951213987,32.00180671954045,182.24130619130068,2026-06-25 05:41:56.597550,NaN,NaN,NaN,-34.786271,17.513322666666667
988.119,3.3224681713389836,34.53302342809826,32.00196004604134,182.24556247331228,2026-06-25 05:41:56.547563,NaN,NaN,NaN,-34.786271,17.513322666666667
988.303,3.3226210078598415,34.533149466285195,32.00215918405068,182.24917499439616,2026-06-25 05:41:56.472583,NaN,NaN,NaN,-34.786271,17.513322666666667
988.524,3.322822150505532,34.53331821761587,32.00238257151817,181.99206734582182,2026-06-25 05:41:56.372609,NaN,NaN,NaN,-34.786271,17.513322666666667
989.083,3.322999506801586,34.533488405015525,32.00255796552155,182.0014802494535,2026-06-25 05:41:56.272635,NaN,NaN,NaN,-34.786271,17.513322666666667
989.3165,3.323121569518168,34.53366070489377,32.00268422136567,181.99811484124308,2026-06-25 05:41:56.172661,NaN,NaN,NaN,-34.786271,17.513322666666667
989.584,3.323181782115758,34.53387995653461,32.00282081868098,182.2500234726236,2026-06-25 05:41:56.047694,NaN,NaN,NaN,-34.786271,17.513322666666667
989.8235,3.3231282766382835,34.53392551920436,32.00289345848945,182.12621229059536,2026-06-25 05:41:56.022700,NaN,NaN,NaN,-34.786271,17.513322666666667
990.087,3.323152089622333,34.533969197912654,32.00290729252509,182.00522984135023,2026-06-25 05:41:55.997707,NaN,NaN,NaN,-34.786271,17.513322666666667
990.5260000000001,3.322911714641961,34.53419692244248,32.00327159652822,182.01250094543354,2026-06-25 05:41:55.872739,NaN,NaN,NaN,-34.786271,17.513322666666667
990.633,3.3226632054918177,34.53438425784489,32.00365754364754,182.01572136165996,2026-06-25 05:41:55.772765,NaN,NaN,NaN,-34.786271,17.513322666666667
991.2396666666667,3.322477281970333,34.534626323664575,32.004134976509214,182.01662032905665,2026-06-25 05:41:55.647798,NaN,NaN,NaN,-34.786271,17.513322666666667
991.583,3.322437633350103,34.534825987402414,32.004487864421854,181.76778333817344,2026-06-25 05:41:55.547824,NaN,NaN,NaN,-34.786271,17.513322666666667
991.823,3.322488393408932,34.5350694003406,32.00486879677259,181.7707301029156,2026-06-25 05:41:55.431188,NaN,NaN,NaN,-34.786271,17.513322666666667
992.169,3.3224996533936952,34.53513889904296,32.004973122832105,181.771785838861,2026-06-25 05:41:55.397863,NaN,NaN,NaN,-34.786271,17.513322666666667
992.2823333333332,3.3228091381866047,34.53550798820782,32.00562715228218,181.76011298709312,2026-06-25 05:41:55.231240,NaN,NaN,NaN,-34.786271,17.513322666666667
992.414,3.322877287167957,34.535582555796125,32.005760906253265,181.52032353983248,2026-06-25 05:41:55.197915,NaN,NaN,NaN,-34.786271,17.513322666666667
992.731,3.3235423011704093,34.53581684360989,32.006704829714344,181.51662156366302,2026-06-25 05:41:55.047954,NaN,NaN,NaN,-34.786271,17.513322666666667
992.949,3.3232769522896763,34.53593730636419,32.006339871828494,181.5193879105892,2026-06-25 05:41:55.097941,NaN,NaN,NaN,-34.786271,17.513322666666667
993.246,3.3238469561951445,34.536060054473225,32.007128720617516,181.519059347408,2026-06-25 05:41:54.997967,NaN,NaN,NaN,-34.786271,17.513322666666667
993.508,3.3243744277147194,34.53624887682835,32.00788684187266,181.51707447309448,2026-06-25 05:41:54.922987,NaN,NaN,NaN,-34.786271,17.513322666666667
993.7225000000001,3.3255965469498276,34.53644252289657,32.00979518399288,181.50715566264472,2026-06-25 05:41:54.773026,NaN,NaN,NaN,-34.786271,17.513322666666667
993.966,3.324963672293183,34.53664237318351,32.00876827158434,181.5131486187609,2026-06-25 05:41:54.848006,NaN,NaN,NaN,-34.786271,17.513322666666667
994.047,3.3262151988833377,34.53684731773305,32.01090635581673,181.49905265959197,2026-06-25 05:41:54.698046,NaN,NaN,NaN,-34.786271,17.513322666666667
994.274,3.3268729494819325,34.537131043990094,32.012408783091395,181.50010863389775,2026-06-25 05:41:54.598072,NaN,NaN,NaN,-34.786271,17.513322666666667
994.513,3.327311175638444,34.53742370399028,32.013777872239544,181.50013577433464,2026-06-25 05:41:54.498098,NaN,NaN,NaN,-34.786271,17.513322666666667
994.6804999999999,3.327467855953985,34.53772963369552,32.01473894997042,181.25253542726293,2026-06-25 05:41:54.398124,NaN,NaN,NaN,-34.786271,17.513322666666667
994.8795,3.327509305354088,34.53788609648805,32.01510437337261,181.2537379522621,2026-06-25 05:41:54.348137,NaN,NaN,NaN,-34.786271,17.513322666666667
995.064,3.3275465134011375,34.53837249885609,32.01579453218238,181.2529530265288,2026-06-25 05:41:54.198176,NaN,NaN,NaN,-34.786271,17.513322666666667
995.262,3.3274818714434717,34.538540367268325,32.016198250216505,181.25312170984083,2026-06-25 05:41:54.048215,NaN,NaN,NaN,-34.786271,17.513322666666667
995.482,3.32753450887737,34.53888333587043,32.01594450024888,181.25569436957915,2026-06-25 05:41:54.148189,NaN,NaN,NaN,-34.786271,17.513322666666667
995.701,3.327452295306556,34.53905991025864,32.01631143777732,181.25313008660535,2026-06-25 05:41:53.998228,NaN,NaN,NaN,-34.786271,17.513322666666667
995.9035,3.327509182115242,34.53956375558312,32.01662872138683,181.01633047738488,2026-06-25 05:41:53.860764,NaN,NaN,NaN,-34.786271,17.513322666666667
996.079,3.3275514106913793,34.539795436699485,32.01677223804436,181.00724323368416,2026-06-25 05:41:53.798280,NaN,NaN,NaN,-34.786271,17.513322666666667
996.30125,3.3286327746814734,34.540577626286954,32.01744113455162,180.99625870953412,2026-06-25 05:41:53.598332,NaN,NaN,NaN,-34.786271,17.513322666666667
996.489,3.3285938433669444,34.54058122124008,32.01739690809562,181.00193277279922,2026-06-25 05:41:53.598332,NaN,NaN,NaN,-34.786271,17.513322666666667
996.8612499999999,3.3306162408031934,34.541624667520836,32.01907506461533,180.733160951723,2026-06-25 05:41:53.348397,NaN,NaN,NaN,-34.786271,17.513322666666667
997.1126666666668,3.3318157540313567,34.54244061248904,32.020792655518,180.91731988624736,2026-06-25 05:41:53.165112,NaN,NaN,NaN,-34.786271,17.513322666666667
997.367,3.332468195420284,34.54273098334152,32.02160299255758,180.7211351904923,2026-06-25 05:41:53.098463,NaN,NaN,NaN,-34.786271,17.513322666666667
997.4169999999999,3.3324368823274435,34.54273227170091,32.0215850246103,180.72462666828204,2026-06-25 05:41:53.098463,NaN,NaN,NaN,-34.786271,17.513322666666667
997.7075,3.332878736456253,34.54343009485387,32.02290212473766,180.7270666047129,2026-06-25 05:41:52.948502,NaN,NaN,NaN,-34.786271,17.513322666666667
997.9,3.332851635670818,34.54423165821586,32.023934590913534,180.4779128259894,2026-06-25 05:41:52.748554,NaN,NaN,NaN,-34.786271,17.513322666666667
998.0776666666667,3.3328745619392173,34.544393191205884,32.023794718961476,180.47768060456167,2026-06-25 05:41:52.781878,NaN,NaN,NaN,-34.786271,17.513322666666667
998.289,3.332886124399484,34.54522540034856,32.0248630029714,180.2301267431127,2026-06-25 05:41:52.548606,NaN,NaN,NaN,-34.786271,17.513322666666667
998.4493333333334,3.3328790516192655,34.545392727517864,32.02470589609997,180.42894752217052,2026-06-25 05:41:52.581930,NaN,NaN,NaN,-34.786271,17.513322666666667
998.732,3.33382781538465,34.54590438212114,32.02684770139425,180.2205129909081,2026-06-25 05:41:52.331996,NaN,NaN,NaN,-34.786271,17.513322666666667
998.835,3.333156341428081,34.5465115279703,32.02564502954416,180.48115127666054,2026-06-25 05:41:52.448632,NaN,NaN,NaN,-34.786271,17.513322666666667
999.0844999999999,3.3344434596032295,34.54694921043596,32.02775967581607,180.09545447509282,2026-06-25 05:41:52.248684,NaN,NaN,NaN,-34.786271,17.513322666666667
999.295,3.3353484847677364,34.5474796220659,32.028873855862706,180.21851293499353,2026-06-25 05:41:52.148710,NaN,NaN,NaN,-34.786271,17.513322666666667
999.502,3.3365281421686555,34.54801645358131,32.03008243603854,179.95629583016128,2026-06-25 05:41:52.048736,NaN,NaN,NaN,-34.786271,17.513322666666667
999.6904999999999,3.338124891575675,34.54862544366429,32.031721561495985,179.9470408014933,2026-06-25 05:41:51.936265,NaN,NaN,NaN,-34.786271,17.513322666666667
999.984,3.3411174388957297,34.54937422413561,32.0351003741269,179.6746895805555,2026-06-25 05:41:51.748814,NaN,NaN,NaN,-34.786271,17.513322666666667
1000.076,3.3402737358301664,34.54964813638728,32.034090421492266,179.68173788609852,2026-06-25 05:41:51.798801,NaN,NaN,NaN,-34.786271,17.513322666666667
1000.2536666666666,3.342892756883383,34.55019751185562,32.037231927373,179.41383915620608,2026-06-25 05:41:51.648840,NaN,NaN,NaN,-34.786271,17.513322666666667
1000.4195,3.345247737013299,34.550885654925835,32.03998301078237,179.39056699421548,2026-06-25 05:41:51.523873,NaN,NaN,NaN,-34.786271,17.513322666666667
1000.7165,3.347679996358001,34.55157408783101,32.04281651632577,179.2602676012765,2026-06-25 05:41:51.398906,NaN,NaN,NaN,-34.786271,17.513322666666667
1000.935,3.3476765482980615,34.551574195975164,32.04279984413839,179.39043242281775,2026-06-25 05:41:51.398906,NaN,NaN,NaN,-34.786271,17.513322666666667
1001.1455,3.3507915132903494,34.552398251349075,32.04658375632629,179.11320716165443,2026-06-25 05:41:51.248945,NaN,NaN,NaN,-34.786271,17.513322666666667
1001.258,3.3519575376704736,34.55267204041289,32.048037140156964,179.10423578404567,2026-06-25 05:41:51.198958,NaN,NaN,NaN,-34.786271,17.513322666666667
1001.4580000000001,3.35513989472888,34.55335380141386,32.05221856974092,178.95691118389942,2026-06-25 05:41:51.073990,NaN,NaN,NaN,-34.786271,17.513322666666667
1001.729,3.3583631300181596,34.554029186318346,32.05699958132964,178.80854169925883,2026-06-25 05:41:50.949023,NaN,NaN,NaN,-34.786271,17.513322666666667
1001.902,3.3599811108104607,34.55443037271898,32.05947311825547,178.7979237752818,2026-06-25 05:41:50.874042,NaN,NaN,NaN,-34.786271,17.513322666666667
1002.147,3.360663492029682,34.5545652533763,32.06053469242851,178.79083237234357,2026-06-25 05:41:50.849049,NaN,NaN,NaN,-34.786271,17.513322666666667
1002.4765,3.362600151295432,34.5554866042086,32.06374519229178,178.78965504187414,2026-06-25 05:41:50.674094,NaN,NaN,NaN,-34.786271,17.513322666666667
1002.7149999999999,3.362864696250758,34.5558770629558,32.064462191712146,178.78988728622454,2026-06-25 05:41:50.599114,NaN,NaN,NaN,-34.786271,17.513322666666667
1002.8865,3.3621094121614976,34.55632184764133,32.06437617427291,178.79985317307936,2026-06-25 05:41:50.511637,NaN,NaN,NaN,-34.786271,17.513322666666667
1003.0715,3.3601247437614408,34.55726712113368,32.06394476639903,178.81909663851923,2026-06-25 05:41:50.324186,NaN,NaN,NaN,-34.786271,17.513322666666667
1003.355,3.3587652874211797,34.557634486702064,32.06329519227102,178.58389491655802,2026-06-25 05:41:50.249205,NaN,NaN,NaN,-34.786271,17.513322666666667
1003.409,3.3577923706998525,34.55787608913295,32.06279158957951,178.83268756693798,2026-06-25 05:41:50.199218,NaN,NaN,NaN,-34.786271,17.513322666666667
1003.7376666666665,3.355527799424254,34.55842749940485,32.06158630120158,178.61188875891241,2026-06-25 05:41:50.082582,NaN,NaN,NaN,-34.786271,17.513322666666667
1003.885,3.3539943370280683,34.55881447888318,32.060775346975774,178.62065557102895,2026-06-25 05:41:49.999270,NaN,NaN,NaN,-34.786271,17.513322666666667
1004.231,3.3520792953107508,34.55937985399363,32.05977505644019,178.63252412390474,2026-06-25 05:41:49.874303,NaN,NaN,NaN,-34.786271,17.513322666666667
1004.5319999999998,3.3505783729755723,34.56013817230558,32.05895906638355,178.63838553233836,2026-06-25 05:41:49.682686,NaN,NaN,NaN,-34.786271,17.513322666666667
1004.676,3.3505423747937217,34.56020364967956,32.05896242698155,178.6505095328034,2026-06-25 05:41:49.699349,NaN,NaN,NaN,-34.786271,17.513322666666667
1004.819,3.3502704110507646,34.56067768926972,32.05868053762274,178.64639272334955,2026-06-25 05:41:49.566050,NaN,NaN,NaN,-34.786271,17.513322666666667
1005.0845,3.34995516412413,34.561144831469434,32.058412603101516,178.64489475451472,2026-06-25 05:41:49.449414,NaN,NaN,NaN,-34.786271,17.513322666666667
1005.197,3.349902594959431,34.56134424764832,32.05831275290981,178.65014974437187,2026-06-25 05:41:49.399427,NaN,NaN,NaN,-34.786271,17.513322666666667
1005.534,3.3497324582257804,34.561809764254505,32.058117230331206,178.65442728714086,2026-06-25 05:41:49.274459,NaN,NaN,NaN,-34.786271,17.513322666666667
1005.595,3.3495804484030662,34.56207913978921,32.05807012694194,178.65378001394436,2026-06-25 05:41:49.199479,NaN,NaN,NaN,-34.786271,17.513322666666667
1005.811,3.3491792947751144,34.56247856959893,32.058283072503066,178.65966611190444,2026-06-25 05:41:49.049518,NaN,NaN,NaN,-34.786271,17.513322666666667
1006.0133333333333,3.349274247529691,34.5625927021149,32.05823088552135,178.6594531300347,2026-06-25 05:41:49.082843,NaN,NaN,NaN,-34.786271,17.513322666666667
1006.281,3.3489283845960838,34.5631500299666,32.05912748398357,178.41358984528927,2026-06-25 05:41:48.799583,NaN,NaN,NaN,-34.786271,17.513322666666667
1006.4935,3.3489852791935144,34.56321920250372,32.058948342842264,178.66641651453415,2026-06-25 05:41:48.849570,NaN,NaN,NaN,-34.786271,17.513322666666667
1006.668,3.348882695409367,34.56337583095327,32.05885309894519,178.54302052978056,2026-06-25 05:41:48.874564,NaN,NaN,NaN,-34.786271,17.513322666666667
1006.878,3.3491427205569355,34.56366349974988,32.059484305977605,178.6608807947025,2026-06-25 05:41:48.699609,NaN,NaN,NaN,-34.786271,17.513322666666667
1007.16,3.349274122666057,34.56380186654134,32.05964478065584,178.423994321508,2026-06-25 05:41:48.649622,NaN,NaN,NaN,-34.786271,17.513322666666667
1007.315,3.34962269815202,34.564131473492104,32.0599337167409,178.53953195710895,2026-06-25 05:41:48.524655,NaN,NaN,NaN,-34.786271,17.513322666666667
1007.4486666666667,3.3497567085471047,34.56423175971796,32.05997930672771,178.4177728113325,2026-06-25 05:41:48.482999,NaN,NaN,NaN,-34.786271,17.513322666666667
1007.736,3.3503566720160305,34.564669647756155,32.060342120079206,178.4110179215361,2026-06-25 05:41:48.249726,NaN,NaN,NaN,-34.786271,17.513322666666667
1007.853,3.350268286951739,34.56477946479735,32.06025458939157,178.41802744741304,2026-06-25 05:41:48.299713,NaN,NaN,NaN,-34.786271,17.513322666666667
1008.1296666666667,3.3503178198764836,34.56481030649159,32.06039950490299,178.41600627344621,2026-06-25 05:41:48.233064,NaN,NaN,NaN,-34.786271,17.513322666666667
1008.5003333333334,3.3501794317367977,34.56518336666551,32.06086475081117,178.4338353629671,2026-06-25 05:41:48.049778,NaN,NaN,NaN,-34.786271,17.513322666666667
1008.70975,3.349332241946494,34.5656121767926,32.061141557906346,178.46987796028117,2026-06-25 05:41:47.787347,NaN,NaN,NaN,-34.786271,17.513322666666667
1008.83475,3.348916642223519,34.56579804883718,32.061145500243825,178.68335650526566,2026-06-25 05:41:47.674876,NaN,NaN,NaN,-34.786271,17.513322666666667
1009.06,3.348628092098093,34.56586306322681,32.06103413377343,178.68630388352614,2026-06-25 05:41:47.449935,NaN,NaN,NaN,-34.786271,17.513322666666667
1009.2660000000001,3.34851718204339,34.56586306322681,32.06098971542689,178.68619667354713,2026-06-25 05:41:47.333299,NaN,NaN,NaN,-34.786271,17.513322666666667
1009.4965,3.348861186700363,34.56607976067652,32.061120943516045,178.5590122622407,2026-06-25 05:41:47.624889,NaN,NaN,NaN,-34.786271,17.513322666666667
