PRES (dbar),TEMP (°C),SAL (psu),COND (mS/cm),OXY (µmol/L),TIME,FLUO (ug/L),TURB (NTU),PH,NO3 (µmol/L),LAT (°N),LON (°E)
1008.52925,3.297626541657129,34.563064290752756,32.015974377038646,179.54995179477567,2026-06-25 04:45:16.518667,0.6094062500000118,0.20886458333332947,5.889562684788143,32.99261560315186,-34.68733,17.499939666666666
1008.36,3.2972504869842414,34.563064290752756,32.01656199020341,179.3138965015208,2026-06-25 04:45:16.966467,0.6120000000000001,0.21000000000000002,5.889366623301256,32.97397342016079,-34.68733,17.499939666666666
1008.09925,3.297468410401974,34.563011301692725,32.01673084292517,179.30625735169065,2026-06-25 04:45:17.037282,0.6120000000000001,0.21000000000000002,5.8872859211795,32.94525289304161,-34.68733,17.499939666666666
1007.6306666666666,3.3001308750391534,34.562632424123024,32.01876305899426,179.54312618433156,2026-06-25 04:45:17.366363,0.6120000000000001,0.21000000000000002,5.889548002899809,32.89364038936914,-34.68733,17.499939666666666
1007.661,3.300642567657332,34.562676701513745,32.01915920451246,179.53245321901858,2026-06-25 04:45:17.399687,0.6120000000000001,0.21000000000000002,5.889559755925923,32.896981479772265,-34.68733,17.499939666666666
1007.3085,3.30310208259757,34.56238740225881,32.020954562253536,179.50597099189588,2026-06-25 04:45:17.549648,0.6090000000000001,0.21000000000000002,5.889577831291833,32.858155072065614,-34.68733,17.499939666666666
1007.0355,3.3038441415791637,34.56229694719423,32.0214440513732,179.5006669528408,2026-06-25 04:45:17.599635,0.6120000000000001,0.2110000000000067,5.889577831204657,32.82808525843748,-34.68733,17.499939666666666
1006.519,3.3056905727867463,34.561997173225706,32.02245543574392,179.4756144551143,2026-06-25 04:45:17.749596,0.6120000000000001,0.21200000000000002,5.8895959060765675,32.77119493338646,-34.68733,17.499939666666666
1006.716,3.3056684298607584,34.56199949860737,32.022418728741684,179.35756636351078,2026-06-25 04:45:17.749596,0.6120000000000001,0.21200000000000002,5.887622460716798,32.7928936633672,-34.68733,17.499939666666666
1006.3530000000001,3.3070801081876873,34.56165560056823,32.022791170367114,179.34598103973403,2026-06-25 04:45:17.899557,0.6120000000000001,0.21200000000000002,5.889593897763924,32.75291072436716,-34.68733,17.499939666666666
1006.1693333333333,3.3077827427153625,34.5614470552843,32.02290096540232,179.46726336830775,2026-06-25 04:45:17.982869,0.6120000000000001,0.21200000000000002,5.889591889509396,32.732680605552616,-34.68733,17.499939666666666
1005.7045,3.3088630109085244,34.56106965454154,32.02310905651609,179.45049884710653,2026-06-25 04:45:18.124498,0.6120000000000001,0.21300000000000194,5.88960393910921,32.681481148770665,-34.68733,17.499939666666666
1005.488,3.309339138180493,34.560855185609746,32.02322828962734,179.4469631583404,2026-06-25 04:45:18.199479,0.6120000000000001,0.21200000000000002,5.889603939123738,32.657634574959346,-34.68733,17.499939666666666
1005.1759999999999,3.3099119343401506,34.560472586838586,32.02338035614563,179.19137565718458,2026-06-25 04:45:18.324446,0.6120000000000001,0.21200000000000002,5.889607955545626,32.62326907367003,-34.68733,17.499939666666666
1005.3585,3.3099465934094305,34.5604763790106,32.0233880104684,179.31819402679915,2026-06-25 04:45:18.324446,0.6120000000000001,0.21300000000000002,5.889605947334681,32.64337068900753,-34.68733,17.499939666666666
1005.015,3.3104861650400816,34.55990662006601,32.02348720481272,179.4393555903807,2026-06-25 04:45:18.499401,0.6120000000000001,0.21200000000000002,5.889603939123738,32.60553559383806,-34.68733,17.499939666666666
1004.564,3.310688273000952,34.559475038254675,32.02327756358179,179.43398058387098,2026-06-25 04:45:18.624368,0.6120000000000001,0.21200000000000002,5.889605947363738,32.555859821141034,-34.68733,17.499939666666666
1004.337,3.3104198313962474,34.55902231228209,32.022398902871295,179.428056374213,2026-06-25 04:45:18.749335,0.6120000000000001,0.22000000000000003,5.889613980265627,32.53085671603633,-34.68733,17.499939666666666
1004.2283333333334,3.3099029818348065,34.5587107709731,32.021331363433646,179.4313283586527,2026-06-25 04:45:18.832647,0.6120000000000001,0.22000000000000003,5.8896119720546825,32.51888753503173,-34.68733,17.499939666666666
1003.7405,3.307916873278267,34.55797153639705,32.017595606588536,179.44155225490093,2026-06-25 04:45:19.024264,0.6090000000000001,0.22000000000000003,5.889605947363738,32.49296465518879,-34.68733,17.499939666666666
1003.6036666666665,3.307335079232015,34.557803728209144,32.016457501979,179.4500747930025,2026-06-25 04:45:19.065920,0.6120000000000001,0.22000000000000003,5.889596610732377,32.54524392842246,-34.68733,17.499939666666666
1003.303,3.304816377669231,34.55706491320718,32.01164347900443,179.71460480643768,2026-06-25 04:45:19.249205,0.6120000000000001,0.22000000000000003,5.889587872913167,32.66011823891381,-34.68733,17.499939666666666
1003.163,3.3040000263000024,34.55685684342949,32.01041227745726,179.7173585411653,2026-06-25 04:45:19.299192,0.6120000000000001,0.22000000000000003,5.889587872913167,32.713607385705814,-34.68733,17.499939666666666
1002.981,3.303669646749709,34.55675577956548,32.00968004778304,179.7145643971926,2026-06-25 04:45:19.324186,0.6120000000000001,0.22000000000000003,5.889591889509396,32.78314327653543,-34.68733,17.499939666666666
1002.663,3.3016251746869023,34.5562356166608,32.00669757775408,179.7305456170625,2026-06-25 04:45:19.449153,0.6120000000000001,0.22000000000000003,5.889579839633535,32.90464005282012,-34.68733,17.499939666666666
1002.5815,3.299928249997771,34.55581574349049,32.004705070380275,179.9911852661887,2026-06-25 04:45:19.549127,0.6120000000000001,0.22000000000000003,5.889573814593899,32.897506156785084,-34.68733,17.499939666666666
1002.3465,3.2987023757886575,34.555499784043235,32.00341097130094,180.12121314454754,2026-06-25 04:45:19.624107,0.6120000000000001,0.22000000000000003,5.88957180617955,32.87693602711351,-34.68733,17.499939666666666
1002.185,3.2982645778646367,34.55539457458563,32.002925512896496,180.0032950627042,2026-06-25 04:45:19.649101,0.6120000000000001,0.22000000000000003,5.889563772725564,32.86279953374346,-34.68733,17.499939666666666
1001.9720000000001,3.2961164799787785,34.55476197135317,32.00079328800581,180.2631609114349,2026-06-25 04:45:19.799062,0.6120000000000001,0.21200000000000002,5.889560972280744,32.844155118339025,-34.68733,17.499939666666666
1001.7755,3.2948588626905098,34.55423663236588,31.99928872783668,180.27904545203637,2026-06-25 04:45:19.924029,0.6120000000000001,0.21200000000000002,5.889545696865634,32.821174761880144,-34.68733,17.499939666666666
1001.418,3.2944069814760826,34.5537153498236,31.998474473112772,180.52991073820004,2026-06-25 04:45:19.999010,0.6120000000000001,0.21200000000000002,5.889543688436753,32.72998535243565,-34.68733,17.499939666666666
1001.468,3.294222486995169,34.553923197668354,31.997978865570346,180.27834291266288,2026-06-25 04:45:20.048997,0.6120000000000001,0.21200000000000002,5.889547705352637,32.74273911599431,-34.68733,17.499939666666666
1001.2049999999999,3.294069104624554,34.55340564218579,31.997312990700653,180.53158310707255,2026-06-25 04:45:20.123977,0.6120000000000001,0.21200000000000002,5.88954167996428,32.67565431967568,-34.68733,17.499939666666666
1000.9290000000001,3.293930735142578,34.55282909883592,31.99622104610799,180.52867077821767,2026-06-25 04:45:20.265607,0.6120000000000001,0.21200000000000002,5.88954446950373,32.60525354483185,-34.68733,17.499939666666666
1000.6800000000001,3.2938643528729736,34.55249459558617,31.995616556564336,180.77639821177868,2026-06-25 04:45:20.348919,0.6120000000000001,0.21200000000000002,5.889545696865633,32.61686786678103,-34.68733,17.499939666666666
1000.4939999999999,3.2937246819389983,34.55200195160131,31.99471217544525,180.7791123466421,2026-06-25 04:45:20.473886,0.6120000000000001,0.21200000000000002,5.88954167996428,32.64578353842845,-34.68733,17.499939666666666
1000.191,3.293470932786772,34.551617307972734,31.993919175998702,180.90194420108753,2026-06-25 04:45:20.573860,0.6120000000000001,0.21200000000000002,5.889543688436753,32.69288810030564,-34.68733,17.499939666666666
999.81575,3.2926467726482245,34.55105834137044,31.99258184181059,181.02843155052219,2026-06-25 04:45:20.723821,0.6120000000000001,0.21200000000000002,5.889543688436753,32.75122469055127,-34.68733,17.499939666666666
999.396,3.291149376362581,34.550431413829386,31.99107665841911,181.03549564170658,2026-06-25 04:45:20.898775,0.6060000000000001,0.20800000000000002,5.889539671491807,32.78996173465845,-34.68733,17.499939666666666
999.5754999999999,3.291155256701299,34.55043277847864,31.99109061173357,181.03689116678416,2026-06-25 04:45:20.898775,0.6060000000000001,0.21000000000000002,5.889539671477276,32.78409312608649,-34.68733,17.499939666666666
999.162,3.2900731248351454,34.55000535148308,31.990205476419227,181.17313300323767,2026-06-25 04:45:21.023743,0.6060000000000001,0.20900000000000002,5.889527620468067,32.79761217703081,-34.68733,17.499939666666666
998.8109999999999,3.28943135718824,34.54943837301718,31.989650197317488,181.300673607795,2026-06-25 04:45:21.123717,0.6060000000000001,0.21000000000000002,5.889525611952002,32.809087840589356,-34.68733,17.499939666666666
999.038,3.289091746402377,34.54967713027885,31.98932868897088,181.30220852021725,2026-06-25 04:45:21.198697,0.6060000000000001,0.21000000000000002,5.889527620482599,32.8016662576042,-34.68733,17.499939666666666
998.5325,3.2887521919323204,34.54905824312691,31.98895754304981,181.30640749934503,2026-06-25 04:45:21.323664,0.6085937499999955,0.21000000000000002,5.889519586331147,32.81819317478039,-34.68733,17.499939666666666
998.309,3.2884569070325314,34.54869366204177,31.98863366812629,181.3004605427517,2026-06-25 04:45:21.448632,0.6060000000000001,0.21000000000000002,5.889527620482599,32.79346862493031,-34.68733,17.499939666666666
997.881,3.288340221996984,34.54841774781559,31.98849107519484,181.54882731435967,2026-06-25 04:45:21.498619,0.6120000000000001,0.21000000000000002,5.889527620482599,32.72634003201667,-34.68733,17.499939666666666
998.169,3.2882399974924392,34.54855412091653,31.988332740835638,181.55436801138367,2026-06-25 04:45:21.548606,0.6060000000000001,0.21000000000000002,5.889523603421404,32.771510673977254,-34.68733,17.499939666666666
997.771,3.28813944520485,34.54815452146959,31.987982611902165,181.5551182018639,2026-06-25 04:45:21.648580,0.6060000000000001,0.21000000000000002,5.889519586331147,32.70908735626784,-34.68733,17.499939666666666
997.6143333333333,3.2882111697055705,34.54799064441891,31.98778620570192,181.55899599216886,2026-06-25 04:45:21.715229,0.6060000000000001,0.20823703703703503,5.889512504272948,32.68451536353466,-34.68733,17.499939666666666
997.186,3.28824331182314,34.547551682616245,31.98762839823656,181.54926285312743,2026-06-25 04:45:21.773547,0.6090000000000001,0.21000000000000002,5.889521594876276,32.76086190556763,-34.68733,17.499939666666666
997.292,3.288399885331068,34.547846830631656,31.987379974560188,181.54755644208115,2026-06-25 04:45:21.898515,0.6120000000000001,0.21000000000000002,5.889523603421404,32.741520530265795,-34.68733,17.499939666666666
996.9470000000001,3.2884936897532877,34.54726611239044,31.987254555229313,181.54503524154526,2026-06-25 04:45:22.031813,0.6118421052631705,0.21000000000000002,5.889523709133541,32.80447123289911,-34.68733,17.499939666666666
996.809,3.288541188473561,34.54712489296678,31.987202131816826,181.5469514839176,2026-06-25 04:45:22.098463,0.6120000000000001,0.21000000000000002,5.889519586331147,32.81927889914337,-34.68733,17.499939666666666
996.6115,3.2885010786543734,34.54707816725111,31.987150302192177,181.54561748770993,2026-06-25 04:45:22.123456,0.6089999999998864,0.21000000000000002,5.889519586316615,32.82330665456596,-34.68733,17.499939666666666
996.159,3.288225465248008,34.54674582989694,31.986787315936784,181.79287776717246,2026-06-25 04:45:22.298410,0.606117647058821,0.21000000000000002,5.889515647978871,32.83253480306582,-34.68733,17.499939666666666
995.9776666666667,3.2873511178193002,34.546463582049434,31.98610203340479,181.56196901961718,2026-06-25 04:45:22.465034,0.6120000000000001,0.21000000000000002,5.889520094237273,32.83623286036521,-34.68733,17.499939666666666
995.5920000000001,3.286407862624541,34.546182007663774,31.985233030059533,181.63882266058928,2026-06-25 04:45:22.614995,0.6120000000000001,0.21000000000000002,5.889507534885993,32.84893574199544,-34.68733,17.499939666666666
995.772,3.2861650261393214,34.54623528958146,31.98507805003757,181.80758607094285,2026-06-25 04:45:22.648319,0.6060000000000001,0.21000000000000002,5.889511552063442,32.84042716432426,-34.68733,17.499939666666666
995.353,3.2858858747973185,34.54611109208339,31.98474109027471,181.80564899227153,2026-06-25 04:45:22.698306,0.6120000000000001,0.21000000000000002,5.889511552063442,32.87276415000959,-34.68733,17.499939666666666
994.995,3.2851172002097346,34.545911783117,31.98347547758464,181.80647588145482,2026-06-25 04:45:22.848267,0.6090000000000001,0.21000000000000002,5.889511552063442,32.90845691180481,-34.68733,17.499939666666666
994.7509999999999,3.2846761923909527,34.54580840572891,31.98267548313599,181.81258258064628,2026-06-25 04:45:22.931579,0.6120000000000001,0.20800000000000002,5.889503517679481,32.932783822078676,-34.68733,17.499939666666666
994.5345,3.28349249329448,34.54558663531231,31.980964159124348,181.9398815289079,2026-06-25 04:45:23.123195,0.6120000000000001,0.20800000000000002,5.889511552063442,32.954368969924104,-34.68733,17.499939666666666
994.1556666666667,3.282346434916047,34.54540159883562,31.979766170352843,182.07254787999946,2026-06-25 04:45:23.298150,0.6120000000000001,0.20800000000000002,5.889500535186401,32.850206918607704,-34.68733,17.499939666666666
993.885,3.2816557025247004,34.54527729777972,31.979088751673657,182.08036106177383,2026-06-25 04:45:23.423117,0.6120000000000001,0.20800000000000002,5.889491465871021,32.759109815429234,-34.68733,17.499939666666666
993.723,3.2812252046259474,34.545181422835725,31.978625001007625,182.07664086260775,2026-06-25 04:45:23.523091,0.6120000000000001,0.20800000000000002,5.889497491811582,32.71628809736346,-34.68733,17.499939666666666
993.342,3.280882447350254,34.54508765921466,31.97819323327002,182.08270313635248,2026-06-25 04:45:23.623065,0.6120000000000001,0.20800000000000002,5.889487448562781,32.78190139251434,-34.68733,17.499939666666666
993.0353333333333,3.280586830760847,34.54497214970873,31.97768837292149,182.0763492923948,2026-06-25 04:45:23.748033,0.6120000000000001,0.20800000000000002,5.889494688752678,32.83471349359819,-34.68733,17.499939666666666
992.74775,3.2805986934634777,34.54481045582692,31.97716166170507,182.07779276657115,2026-06-25 04:45:23.922987,0.6084120000000004,0.20919599999999994,5.889489850921799,32.8746775268886,-34.68733,17.499939666666666
992.542,3.280828232070586,34.544693241750714,31.976940304193445,182.07407241322397,2026-06-25 04:45:24.047954,0.6060000000000001,0.20800000000000002,5.889491465885554,32.891936644774134,-34.68733,17.499939666666666
992.336,3.2809447621434864,34.54464538068006,31.97689211043106,182.07196760650632,2026-06-25 04:45:24.097941,0.6120000000000001,0.21000000000000002,5.889491465885554,32.90921673364131,-34.68733,17.499939666666666
992.127,3.2811072120962272,34.54457221371302,31.97685095117529,182.3230763944931,2026-06-25 04:45:24.172922,0.6060000000000001,0.20900000000000407,5.889489457224167,32.926748474288104,-34.68733,17.499939666666666
991.909,3.281284205509084,34.544471878193974,31.97684281350539,182.0642785182262,2026-06-25 04:45:24.272896,0.6060000000000001,0.20900000000000002,5.889495483164729,32.945035170273755,-34.68733,17.499939666666666
991.732,3.281381212799465,34.54439418409676,31.976864661387722,182.32040827754153,2026-06-25 04:45:24.347876,0.6060000000000001,0.21000000000000002,5.889487448562781,32.95988262527128,-34.68733,17.499939666666666
991.5369999999999,3.2813926097928916,34.54428594436612,31.976906073166884,182.28980653696826,2026-06-25 04:45:24.447850,0.6060000000000001,0.20820512820512926,5.8894918779156775,32.95914393472222,-34.68733,17.499939666666666
991.1645000000001,3.2811722371233305,34.54411379700922,31.976940964160864,182.31118941967517,2026-06-25 04:45:24.597811,0.6060000000000001,0.20899999999999244,5.889495483164729,32.887676488591524,-34.68733,17.499939666666666
991.354,3.2811713607703146,34.54411458289308,31.976944419044756,182.30972124112833,2026-06-25 04:45:24.597811,0.6060000000000001,0.21000000000000002,5.889499500443904,32.92403375313319,-34.68733,17.499939666666666
990.5263333333332,3.2810055362687343,34.54390559331,31.976912728104423,182.30721744287683,2026-06-25 04:45:24.764434,0.6060000000000001,0.21000000000000002,5.889495320862602,32.77118838877536,-34.68733,17.499939666666666
990.2745,3.281088150670384,34.54379482575301,31.97687313082535,182.30933021184225,2026-06-25 04:45:24.847746,0.6060000000000001,0.21000000000000002,5.889489457224167,32.76874052015354,-34.68733,17.499939666666666
990.25,3.281364308719902,34.5436551612496,31.976790626283915,182.3035948299845,2026-06-25 04:45:24.947720,0.6060000000000001,0.20800000000000002,5.889495483179261,32.76850237542329,-34.68733,17.499939666666666
989.998,3.2816850023179587,34.54354397884816,31.976673391666786,182.30476161163256,2026-06-25 04:45:25.022700,0.6089999999999717,0.20900000000000948,5.889489457224167,32.766052886769295,-34.68733,17.499939666666666
989.4125,3.282227869103858,34.5433472842779,31.976373991043097,182.29342247300693,2026-06-25 04:45:25.147668,0.6120000000000001,0.20800000000000002,5.889495483164729,32.760361713725985,-34.68733,17.499939666666666
989.621,3.2822400945838903,34.54334844056362,31.976381959276235,182.295031687324,2026-06-25 04:45:25.147668,0.6120000000000001,0.20800000000000002,5.889495483179261,32.76238837398137,-34.68733,17.499939666666666
989.15,3.2825933262276115,34.54318142994003,31.976075476673476,182.28392735471428,2026-06-25 04:45:25.247642,0.6120000000000001,0.20800000000000002,5.889503517679481,32.75781016304474,-34.68733,17.499939666666666
988.7764999999999,3.282851771120706,34.54300352795393,31.975757693411403,182.28448497217744,2026-06-25 04:45:25.347616,0.6120000000000001,0.20800000000000002,5.889497491811582,32.76148825094196,-34.68733,17.499939666666666
988.877,3.2828637946211803,34.54300477701987,31.97575422423906,182.28970892572843,2026-06-25 04:45:25.347616,0.6120000000000001,0.20800000000000002,5.889491465885554,32.75515655033624,-34.68733,17.499939666666666
988.3133333333334,3.283097392913836,34.542720103611366,31.975349592673993,182.2780354723384,2026-06-25 04:45:25.497576,0.6120000000000001,0.20800000000000002,5.889500188078823,32.790668675458214,-34.68733,17.499939666666666
987.9585,3.2831989878897208,34.54246626850576,31.975153929010546,182.27706500567777,2026-06-25 04:45:25.622544,0.6120000000000001,0.20800000000000002,5.889497491811582,32.81302388373282,-34.68733,17.499939666666666
987.64,3.283217534378039,34.54219416922592,31.975111371680644,182.2732840857203,2026-06-25 04:45:25.747511,0.6120000000000001,0.20800000000000002,5.889499500443904,32.83309001948329,-34.68733,17.499939666666666
987.735,3.2832121917494996,34.54219553058739,31.97511865810304,182.27406508689495,2026-06-25 04:45:25.747511,0.6120000000000001,0.20800000000000002,5.889499500443904,32.82710482985599,-34.68733,17.499939666666666
986.9580000000001,3.283152369181433,34.54184639627306,31.97516696779705,182.2685605946198,2026-06-25 04:45:25.897472,0.6120000000000001,0.20800000000000002,5.889499500443904,32.85319455447135,-34.68733,17.499939666666666
986.7835,3.2831215242991405,34.54172497477343,31.97517851404993,182.39354141081793,2026-06-25 04:45:25.947459,0.6120000000000001,0.20800000000000002,5.8894995004293715,32.85833860337959,-34.68733,17.499939666666666
986.438,3.2830166915073025,34.541344148738325,31.975118530275452,182.26563850480727,2026-06-25 04:45:26.097420,0.6120000000000001,0.20800000000000002,5.889499500443904,32.86852352542999,-34.68733,17.499939666666666
986.533,3.2830243707923774,34.541345527680626,31.975102722434443,182.26486920922136,2026-06-25 04:45:26.097420,0.6120000000000001,0.20900000000000002,5.8895015090616925,32.865723040351014,-34.68733,17.499939666666666
986.044,3.2830116301221532,34.54107785145795,31.974923363589927,182.2598611263893,2026-06-25 04:45:26.197394,0.6120000000000001,0.21000000000000002,5.889503517679481,32.8801381688102,-34.68733,17.499939666666666
985.688,3.2831773684989565,34.5407992133695,31.974553000322377,182.26557412839404,2026-06-25 04:45:26.297368,0.6120000000000001,0.21000000000000002,5.889491465885554,32.890632618158804,-34.68733,17.499939666666666
985.5553333333334,3.283302560137132,34.54070181306931,31.974365581072647,182.3327632693642,2026-06-25 04:45:26.330693,0.6120000000000001,0.21000000000000002,5.889496638682801,32.898431860158304,-34.68733,17.499939666666666
984.9565,3.2839241542516824,34.5402082318622,31.97351847899261,182.5018148732727,2026-06-25 04:45:26.497316,0.6120000000000001,0.21000000000000002,5.8895015090616925,32.96029671148409,-34.68733,17.499939666666666
985.062,3.283923757164867,34.54020954411918,31.97350417293201,182.24901507010006,2026-06-25 04:45:26.497316,0.6120000000000001,0.21000000000000002,5.889503517679481,32.9493976157732,-34.68733,17.499939666666666
984.3855,3.284428353700166,34.53981926641537,31.97298334641695,182.49547272271874,2026-06-25 04:45:26.622283,0.6120000000000001,0.21000000000000002,5.8895015090616925,33.019286129976194,-34.68733,17.499939666666666
983.905,3.2847734969405105,34.53932792284168,31.97238551891192,182.48471940636853,2026-06-25 04:45:26.772244,0.6120000000000001,0.21000000000000002,5.889509543474717,32.97810475221082,-34.68733,17.499939666666666
984.113,3.2847311387575084,34.539330360716406,31.97238155472762,182.48806345819813,2026-06-25 04:45:26.772244,0.6120000000000001,0.21000000000000002,5.889507534871461,32.99663944887121,-34.68733,17.499939666666666
983.595,3.2847958110660493,34.5389064326889,31.971871177645408,182.4811707789994,2026-06-25 04:45:26.897212,0.6120000000000001,0.21000000000000002,5.889511552063442,32.95048092545737,-34.68733,17.499939666666666
983.348,3.2848121597014126,34.538644572310325,31.971646322617147,182.4824353649902,2026-06-25 04:45:26.972192,0.6120000000000001,0.21000000000000002,5.889507534871462,32.928470973173155,-34.68733,17.499939666666666
982.741,3.284906694637667,34.53837818878741,31.97152390671442,182.4834634985472,2026-06-25 04:45:27.047173,0.6120000000000001,0.21000000000000002,5.889499500443904,32.874381738207525,-34.68733,17.499939666666666
982.5989999999999,3.2851664817165083,34.53810633603158,31.97155516373627,182.47253989582023,2026-06-25 04:45:27.122153,0.6120000000000001,0.21000000000000002,5.889511552048909,32.87235162379103,-34.68733,17.499939666666666
982.3385000000001,3.2858878006347716,34.53773687597539,31.971812492746366,182.47067187824442,2026-06-25 04:45:27.222127,0.6120000000000001,0.21000000000000002,5.889507534871461,32.90038667246437,-34.68733,17.499939666666666
982.1225,3.2871806687315233,34.537359410156185,31.972306358514686,182.46810288357923,2026-06-25 04:45:27.322101,0.6120000000000001,0.21000000000000002,5.8895015090616925,32.92363262453134,-34.68733,17.499939666666666
981.534,3.288465076796915,34.53707155526079,31.97278950796085,182.45352024679158,2026-06-25 04:45:27.397081,0.6120000000000001,0.21000000000000002,5.889507534885993,32.98696708189895,-34.68733,17.499939666666666
981.3215,3.2899312073901186,34.53677920227567,31.973325400025914,182.43516376356217,2026-06-25 04:45:27.472062,0.6120000000000001,0.21000000000000002,5.889521594876276,33.00983636344631,-34.68733,17.499939666666666
981.0250000000001,3.291921794975403,34.536383754841665,31.973999529045365,182.6752499795282,2026-06-25 04:45:27.572036,0.6120000000000001,0.21000000000000002,5.889523603421404,33.03990880551242,-34.68733,17.499939666666666
980.723,3.2936795485546133,34.535981970863034,31.974530846213085,182.6534891735283,2026-06-25 04:45:27.672010,0.6120000000000001,0.21000000000000002,5.889539671433684,33.03773799975794,-34.68733,17.499939666666666
980.431,3.2947415265855313,34.53567694974308,31.974831202151833,182.6377998409722,2026-06-25 04:45:27.746990,0.6120000000000001,0.21000000000000002,5.889551722239459,33.03563907498871,-34.68733,17.499939666666666
980.118,3.295315490683209,34.53547176655348,31.97498987658388,182.6329763752774,2026-06-25 04:45:27.796977,0.6120000000000001,0.21000000000000002,5.889551722239459,33.03338920015046,-34.68733,17.499939666666666
979.944,3.2958048574397245,34.53526528766258,31.975120747097435,182.6356260454052,2026-06-25 04:45:27.846964,0.6120000000000001,0.21000000000000002,5.889543688436753,33.032138471007144,-34.68733,17.499939666666666
979.779,3.2962214903936884,34.535057578373745,31.97521958139932,182.62970619469814,2026-06-25 04:45:27.896951,0.6120000000000001,0.21000000000000002,5.889547705352637,33.03095243475056,-34.68733,17.499939666666666
979.493,3.296576439143756,34.53484870422598,31.9752785822355,182.62309592881712,2026-06-25 04:45:27.946938,0.6120000000000001,0.21000000000000002,5.889551722239459,33.028896638572476,-34.68733,17.499939666666666
979.405,3.2968813497622906,34.534638730913336,31.975290458212747,182.87391753219634,2026-06-25 04:45:27.996925,0.6120000000000001,0.21000000000000002,5.889551722239459,33.0282640859023,-34.68733,17.499939666666666
979.125,3.2972684097360263,34.534321737040344,31.975209722909725,182.74102564983713,2026-06-25 04:45:28.071905,0.6120000000000001,0.21000000000000002,5.889555739097221,33.02625141831536,-34.68733,17.499939666666666
978.877,3.2976025242748057,34.5340028736136,31.975043000704687,182.8672404402006,2026-06-25 04:45:28.146886,0.6120000000000001,0.21000000000000002,5.889551722239459,33.02446876988122,-34.68733,17.499939666666666
978.706,3.297785109090537,34.53378916097169,31.974889169416457,182.86531653707155,2026-06-25 04:45:28.196873,0.6120000000000001,0.21000000000000002,5.889551722239459,33.02323960503349,-34.68733,17.499939666666666
978.4905,3.2979753043561675,34.53346708243373,31.97462672070104,182.85715020159287,2026-06-25 04:45:28.271853,0.6060000000000001,0.21300000000000002,5.889559755911392,33.0216905698014,-34.68733,17.499939666666666
978.14,3.2980823564785893,34.53314365659073,31.974370496923488,182.85127014647114,2026-06-25 04:45:28.346834,0.6060000000000001,0.21200000000000002,5.889563772725564,33.019171141268465,-34.68733,17.499939666666666
978.029,3.2981171563446727,34.53292724857898,31.974235958893843,182.8504939643134,2026-06-25 04:45:28.396821,0.6060000000000001,0.21400000000000002,5.889563772725564,33.01837326233222,-34.68733,17.499939666666666
977.7059999999999,3.2981675952869054,34.53260164180999,31.974149289570704,182.85107761009408,2026-06-25 04:45:28.471801,0.6060000000000001,0.21200000000000002,5.889559755911393,33.01605150650872,-34.68733,17.499939666666666
977.548,3.2982600034617326,34.532275197932485,31.974213575935014,182.84980322772856,2026-06-25 04:45:28.546782,0.6060000000000001,0.21200000000000002,5.889559755925923,33.014915786941806,-34.68733,17.499939666666666
977.403,3.2983852121134514,34.53205711448886,31.974362115353628,182.84535771006583,2026-06-25 04:45:28.596769,0.6060000000000001,0.21200000000000002,5.889563772725564,33.013873512655714,-34.68733,17.499939666666666
977.1245,3.2987519026931973,34.53172949219109,31.974712877132227,182.8418880326661,2026-06-25 04:45:28.671749,0.6060000000000001,0.21200000000000002,5.889563772711035,33.011871627216564,-34.68733,17.499939666666666
976.795,3.299336356076459,34.531401523650786,31.97514508497029,183.09893739954256,2026-06-25 04:45:28.746730,0.6060000000000001,0.21200000000000002,5.889551722239459,33.00950314875266,-34.68733,17.499939666666666
976.615,3.299846336890589,34.53118274613752,31.975451828497174,183.0984708145686,2026-06-25 04:45:28.796717,0.6060000000000001,0.21200000000000002,5.889547705352637,33.0082092910182,-34.68733,17.499939666666666
976.245,3.300393865599716,34.530963942758426,31.975746205359343,183.0903162395933,2026-06-25 04:45:28.846703,0.6060000000000001,0.21200000000000002,5.889551722239459,33.00554969456403,-34.68733,17.499939666666666
975.8489999999999,3.301189697442556,34.530307946213945,31.976121156482556,183.06639944935515,2026-06-25 04:45:28.921684,0.6060000000000001,0.21299999999999292,5.889575822935601,33.00270320754823,-34.68733,17.499939666666666
975.949,3.3019203084632167,34.53063582885298,31.97640506110653,183.05751702910172,2026-06-25 04:45:28.996664,0.6060000000000001,0.21200000000000002,5.88958385628788,33.0034220174007,-34.68733,17.499939666666666
975.513,3.30237222532902,34.53008960343705,31.976531698219823,183.05566550276734,2026-06-25 04:45:29.046651,0.6060000000000001,0.21200000000000002,5.889579839633535,33.0002880064439,-34.68733,17.499939666666666
975.41,3.302811896711891,34.529871512005286,31.976619789443443,183.05912839880685,2026-06-25 04:45:29.096638,0.6060000000000001,0.21400000000000002,5.889571806237668,32.99954763229585,-34.68733,17.499939666666666
975.1469999999999,3.30347145384176,34.5295450081632,31.97670588418924,183.04996722266472,2026-06-25 04:45:29.171619,0.6060000000000001,0.21200000000000002,5.889577831291833,32.99765716238384,-34.68733,17.499939666666666
974.7755,3.3043917952750443,34.52911097902674,31.976797151408412,183.04189459283805,2026-06-25 04:45:29.271593,0.6089999999998864,0.21399999999992422,5.889579839619006,32.99498678378189,-34.68733,17.499939666666666
974.354,3.305358799106334,34.52867886424798,31.976881165518083,183.1582919760422,2026-06-25 04:45:29.371567,0.6120000000000001,0.21400000000000002,5.889583856273351,32.9919570002537,-34.68733,17.499939666666666
973.9975,3.3063017323457293,34.52824904006262,31.976945225866316,183.14873146254592,2026-06-25 04:45:29.471541,0.6120000000000001,0.21400000000000002,5.889587872913167,32.98939444312962,-34.68733,17.499939666666666
973.821,3.3069417740235494,34.52792830043356,31.97697622165964,183.26841205977536,2026-06-25 04:45:29.546521,0.6120000000000001,0.21400000000000002,5.889591889509396,32.98812574374,-34.68733,17.499939666666666
973.461,3.3073161264028728,34.52771542891983,31.97698796336903,183.00497255795938,2026-06-25 04:45:29.596508,0.6120000000000001,0.21400000000000002,5.889599922614681,32.98553802827109,-34.68733,17.499939666666666
973.369,3.3078088575593925,34.52739767807127,31.9769941059334,183.12897889376353,2026-06-25 04:45:29.671489,0.6120000000000001,0.21400000000000002,5.889599922600153,32.9848767232068,-34.68733,17.499939666666666
972.7764999999999,3.308409301134662,34.526976801936044,31.976987482710843,183.25010848050545,2026-06-25 04:45:29.771462,0.6120000000000001,0.21400000000000002,5.889597914345624,32.98061777483088,-34.68733,17.499939666666666
972.644,3.308840561316831,34.52666338082098,31.976975089625164,183.2489955525122,2026-06-25 04:45:29.846443,0.6120000000000001,0.21400000000000002,5.8895959060765675,32.97966535177635,-34.68733,17.499939666666666
972.4259999999999,3.3092201549433935,34.52635235372275,31.976960519867344,183.2429260662535,2026-06-25 04:45:29.921423,0.6120000000000001,0.21499999999999292,5.889599922600152,32.97809834629795,-34.68733,17.499939666666666
972.055,3.309523655140915,34.526043344831336,31.976948978132413,183.2329680338879,2026-06-25 04:45:29.996404,0.6120000000000001,0.21400000000000002,5.889607955603738,32.97543156174526,-34.68733,17.499939666666666
971.768,3.3096678193809197,34.52583873901824,31.976946197390685,183.23026953553838,2026-06-25 04:45:30.046391,0.6120000000000001,0.21400000000000002,5.889607955603738,32.973368577468655,-34.68733,17.499939666666666
971.475,3.3097737432561978,34.52563522264232,31.976947154579353,183.22769344372426,2026-06-25 04:45:30.096378,0.6120000000000001,0.21600000000000003,5.889607955603738,32.9712624646009,-34.68733,17.499939666666666
971.38,3.3098879331515736,34.52533220191431,31.976946367469544,183.35200622109886,2026-06-25 04:45:30.171358,0.6120000000000001,0.21400000000000002,5.88960996382921,32.97057959524105,-34.68733,17.499939666666666
971.182,3.309985497732549,34.525031506838424,31.976933379703933,183.22814024987673,2026-06-25 04:45:30.246339,0.6120000000000001,0.21400000000000002,5.889603939123738,32.96915635173314,-34.68733,17.499939666666666
970.4915000000001,3.310119400305506,34.52463500262088,31.976902582530325,183.2194870141353,2026-06-25 04:45:30.346313,0.6120000000000001,0.21400000000000002,5.889607955545626,32.96419296970179,-34.68733,17.499939666666666
970.913,3.3101109746261423,34.524635630190176,31.976899578059466,183.21991132845426,2026-06-25 04:45:30.346313,0.6120000000000001,0.21400000000000002,5.8896119720546825,32.96722275322998,-34.68733,17.499939666666666
970.249,3.3103894794867497,34.52414661788026,31.97690267134975,183.47034093891943,2026-06-25 04:45:30.471280,0.6090000000000001,0.21400000000000002,5.889607955603738,32.961824913165756,-34.68733,17.499939666666666
969.987,3.310687504005178,34.52385724225801,31.976966106783358,183.47025606527765,2026-06-25 04:45:30.546260,0.6060000000000001,0.21400000000000002,5.889603939123738,32.93265246924037,-34.68733,17.499939666666666
969.761,3.310952827922831,34.52366611281458,31.977048796267173,183.46748226858844,2026-06-25 04:45:30.596247,0.6060000000000001,0.21400000000000002,5.889603939123738,32.90748845272458,-34.68733,17.499939666666666
969.555,3.311260954795963,34.52347634990377,31.97716363083963,183.45866939170912,2026-06-25 04:45:30.646234,0.6060000000000001,0.21400000000000002,5.8896119720546825,32.88455134032523,-34.68733,17.499939666666666
969.323,3.3120065737191116,34.52310147549824,31.977495007340867,183.45307955990745,2026-06-25 04:45:30.746208,0.6103308270676682,0.21400000000000002,5.889613089405133,32.85871925257452,-34.68733,17.499939666666666
968.7995,3.3131252464052765,34.52264001651679,31.97801195696549,183.44524447468143,2026-06-25 04:45:30.871176,0.6090000000000001,0.21400000000000002,5.8896119720401545,32.80043003732666,-34.68733,17.499939666666666
968.538,3.313864683686602,34.52236750894086,31.978323270344745,183.43715048275592,2026-06-25 04:45:30.946156,0.6120000000000001,0.21400000000000002,5.889615988476571,32.79583238394131,-34.68733,17.499939666666666
968.355,3.3143601961383093,34.522187814422956,31.97849843290669,183.4216638541366,2026-06-25 04:45:30.996143,0.6120000000000001,0.21400000000000002,5.889632053873567,32.79557728115251,-34.68733,17.499939666666666
967.7550000000001,3.3150942483157904,34.521657787486646,31.978683151838705,183.42020048582458,2026-06-25 04:45:31.071124,0.6090000000000042,0.21400000000000002,5.889624021233179,32.7947408785663,-34.68733,17.499939666666666
967.875,3.3158074585944535,34.521921280636846,31.97878034526985,183.4146242393048,2026-06-25 04:45:31.146104,0.6120000000000001,0.21400000000000002,5.889628037567901,32.79490815908355,-34.68733,17.499939666666666
967.547,3.3162544727131347,34.521484172845035,31.978787265168634,183.41352248857984,2026-06-25 04:45:31.196091,0.6060000000000001,0.21400000000000002,5.889624021233179,32.79445092566975,-34.68733,17.499939666666666
967.442,3.3166696169433862,34.521312108052165,31.978755024612934,183.40502090795664,2026-06-25 04:45:31.246078,0.6060000000000001,0.21400000000000002,5.889632053873567,32.79430455521717,-34.68733,17.499939666666666
967.128,3.3170512783231847,34.52114160371437,31.97868984015037,183.64862512433476,2026-06-25 04:45:31.296065,0.6060000000000001,0.21400000000000002,5.889640086397737,32.79386683786371,-34.68733,17.499939666666666
966.912,3.317400704313987,34.52097266978846,31.978600555826063,183.64852797735693,2026-06-25 04:45:31.346052,0.6060000000000001,0.21400000000000002,5.889636070150179,32.79356573293268,-34.68733,17.499939666666666
966.5775,3.31785502631393,34.52072243270884,31.978450358408082,183.64560270541483,2026-06-25 04:45:31.421032,0.6090000000000001,0.21400000000000002,5.889634062011873,32.85819491993911,-34.68733,17.499939666666666
966.419,3.3182320264684897,34.520475380556476,31.978324586275406,183.63842819791972,2026-06-25 04:45:31.496013,0.6060000000000001,0.21400000000000002,5.889640086397737,32.888818914380124,-34.68733,17.499939666666666
965.819,3.318639582290596,34.52015186082441,31.978296369262708,183.6261539255632,2026-06-25 04:45:31.595987,0.6060000000000001,0.21400000000000002,5.889648118805692,33.00474570721676,-34.68733,17.499939666666666
965.9929999999999,3.318655357117904,34.52015266939502,31.97832705055159,183.6289857318783,2026-06-25 04:45:31.595987,0.6060000000000001,0.21400000000000002,5.8896461107109666,32.971126937294144,-34.68733,17.499939666666666
965.476,3.319181197122692,34.51983480907776,31.97851031576345,183.61834298669615,2026-06-25 04:45:31.695961,0.6060000000000001,0.21400000000000002,5.889652134966089,33.07101719045503,-34.68733,17.499939666666666
965.284,3.319609860059107,34.51967872261861,31.978723845903968,183.6270816647799,2026-06-25 04:45:31.745948,0.6060000000000001,0.21400000000000002,5.889636070150179,33.10811376416276,-34.68733,17.499939666666666
965.103,3.3201811647760295,34.519524268720446,31.979011062674996,183.6232432277824,2026-06-25 04:45:31.795935,0.6060000000000001,0.21400000000000002,5.889636070150179,33.10412403695967,-34.68733,17.499939666666666
964.7660000000001,3.321813571283798,34.51922082175319,31.979841870521422,183.8448845210125,2026-06-25 04:45:31.895909,0.6060000000000001,0.2138709677419388,5.889644361725238,33.09669564984673,-34.68733,17.499939666666666
964.584,3.323874100361681,34.51892285071999,31.98095474543661,183.84505297010557,2026-06-25 04:45:31.995883,0.6060000000000001,0.21400000000000002,5.889652134966089,33.092683879951906,-34.68733,17.499939666666666
964.28,3.3250616411795395,34.51877660881673,31.9816658235901,183.83441998515056,2026-06-25 04:45:32.045870,0.6060000000000001,0.21400000000000002,5.889656151097434,33.08598290166606,-34.68733,17.499939666666666
964.04,3.326304409042002,34.51863201533613,31.982469206186195,183.82104419387164,2026-06-25 04:45:32.095857,0.6060000000000001,0.21400000000000002,5.889664183272965,33.08069265565091,-34.68733,17.499939666666666
963.7325000000001,3.3282299895807634,34.51841842357845,31.983833412871125,183.80262874162975,2026-06-25 04:45:32.170837,0.6060000000000001,0.21400000000000002,5.88967422332533,33.073914527944,-34.68733,17.499939666666666
963.439,3.3301813179055264,34.518208130307706,31.985317716998676,183.78721580650407,2026-06-25 04:45:32.245817,0.6060000000000001,0.21400000000000002,5.889680247275406,33.06744499792131,-34.68733,17.499939666666666
963.1700000000001,3.3321221583764125,34.5180019574035,31.986887346590372,183.77204416100895,2026-06-25 04:45:32.320798,0.6060000000000001,0.21400000000000002,5.8896862711238045,33.0059911456345,-34.68733,17.499939666666666
962.915,3.334043983633732,34.51779907638324,31.988486692481636,184.00515348711622,2026-06-25 04:45:32.395778,0.6060000000000001,0.21400000000000002,5.889700326624818,32.947735635102354,-34.68733,17.499939666666666
962.6955,3.335970727908568,34.51760030154648,31.990104726094245,183.86638859807329,2026-06-25 04:45:32.470759,0.6060000000000001,0.21400000000000002,5.889702334516185,32.89759020544825,-34.68733,17.499939666666666
962.3495,3.3385788651383943,34.51734072493715,31.992259992009643,183.97317063545646,2026-06-25 04:45:32.570733,0.6060000000000001,0.21400000000000002,5.8897103660235555,32.81854547351055,-34.68733,17.499939666666666
961.881,3.340538277479864,34.517150119861896,31.993829978329916,183.95928241592145,2026-06-25 04:45:32.645713,0.6060000000000001,0.21400000000000002,5.889712373885874,32.71151525121916,-34.68733,17.499939666666666
961.795,3.3418084054739983,34.517025214933746,31.994821843181114,183.9469938878057,2026-06-25 04:45:32.695700,0.6060000000000001,0.21400000000000002,5.889720405248003,32.73203759511861,-34.68733,17.499939666666666
961.42,3.3430300017482995,34.51678024990482,31.995756042478426,183.9267245609746,2026-06-25 04:45:32.745687,0.6060000000000001,0.21400000000000002,5.889736467623691,32.82152455979645,-34.68733,17.499939666666666
961.605,3.344197601707619,34.51690192699042,31.996622414472725,183.9167782755165,2026-06-25 04:45:32.795674,0.6060000000000001,0.21400000000000002,5.889744498637256,32.77737765722204,-34.68733,17.499939666666666
960.9485,3.34584211881484,34.51660093905891,31.997780965225374,183.90745130100183,2026-06-25 04:45:32.870655,0.6060000000000001,0.21400000000000002,5.889740483144997,32.93403950338472,-34.68733,17.499939666666666
960.775,3.3479127977217513,34.51636716157108,31.999155449149306,184.0090931195856,2026-06-25 04:45:32.970629,0.6060000000000001,0.21400000000000002,5.889760560315842,32.97544213904233,-34.68733,17.499939666666666
959.966,3.350582952781808,34.516010890245866,32.00084625957456,184.11808196626555,2026-06-25 04:45:33.095596,0.6060000000000001,0.21400000000000002,5.889760560315842,33.13327943413829,-34.68733,17.499939666666666
960.1336666666666,3.351408335833039,34.51608360410499,32.00136695188076,184.1165354599424,2026-06-25 04:45:33.128921,0.6060000000000001,0.21400000000000002,5.889759337786642,33.11633340920894,-34.68733,17.499939666666666
959.565,3.3542706460450034,34.51575636484473,32.003182999171926,184.0894767980717,2026-06-25 04:45:33.245557,0.6060000000000001,0.21400000000000002,5.889772606269813,33.173808396345045,-34.68733,17.499939666666666
959.429,3.3555736205508793,34.515650339295334,32.00402372367381,184.07359390118793,2026-06-25 04:45:33.295544,0.6060000000000001,0.21400000000000002,5.889784651962393,33.187553879786755,-34.68733,17.499939666666666
959.191,3.3568782142452416,34.51554582091151,32.004873817393964,184.068926819832,2026-06-25 04:45:33.345531,0.6060000000000001,0.21400000000000002,5.889780636760576,33.21160847580972,-34.68733,17.499939666666666
958.97,3.358777146560846,34.515392025291774,32.00613193249958,184.0482245575402,2026-06-25 04:45:33.420511,0.6060000000000001,0.21400000000000002,5.8897946898072036,33.233944886402476,-34.68733,17.499939666666666
958.727,3.3605645151596377,34.51524117748878,32.00733899698114,184.03386930221976,2026-06-25 04:45:33.495492,0.6060000000000001,0.21400000000000002,5.889800712479239,33.258504831081396,-34.68733,17.499939666666666
958.225,3.3625987962943773,34.51504536671196,32.00875598697934,184.0118509072555,2026-06-25 04:45:33.595466,0.6120000000000001,0.21200000000000002,5.8898127575474195,33.22434665650982,-34.68733,17.499939666666666
958.482,3.3626499690686917,34.51504607735683,32.00878444773933,184.01369365183172,2026-06-25 04:45:33.595466,0.6120000000000001,0.21400000000000002,5.8898127575619394,33.241834008830324,-34.68733,17.499939666666666
957.835,3.3646687409213927,34.51467066510393,32.01026544425301,184.1195072079868,2026-06-25 04:45:33.720433,0.6120000000000001,0.21300000000000713,5.889822794898535,33.19780942925302,-34.68733,17.499939666666666
957.913,3.3655909066789182,34.51480875408434,32.01098715570467,183.98107903025374,2026-06-25 04:45:33.795414,0.6120000000000001,0.21200000000000002,5.889832832118971,33.20311687470438,-34.68733,17.499939666666666
957.299,3.366092664537148,34.514580414523074,32.011388253163474,184.23154018132078,2026-06-25 04:45:33.845401,0.6120000000000001,0.21200000000000002,5.889828817265644,33.16133775281803,-34.68733,17.499939666666666
956.9565,3.366716475098048,34.514317583149804,32.01188121248376,184.22477738862875,2026-06-25 04:45:33.920381,0.6120000000000001,0.21200000000000002,5.889830824692307,33.13803262375276,-34.68733,17.499939666666666
957.071,3.367244307747687,34.51444769520228,32.01228534475705,183.96426869957816,2026-06-25 04:45:33.995361,0.6120000000000001,0.21200000000000002,5.889836846943261,33.14582368149867,-34.68733,17.499939666666666
956.576,3.3676979927841675,34.51419065303226,32.01261181553953,184.0872355784264,2026-06-25 04:45:34.070342,0.6120000000000001,0.21200000000000002,5.889834839531116,33.104615337271156,-34.68733,17.499939666666666
956.394,3.368119502355902,34.51406620416262,32.012891775329116,184.20667572069036,2026-06-25 04:45:34.145322,0.6120000000000001,0.21200000000000002,5.889840861738511,33.06483491482292,-34.68733,17.499939666666666
956.074,3.3683894789263666,34.5139848552627,32.01304348882586,183.94862846100074,2026-06-25 04:45:34.195309,0.6120000000000001,0.21200000000000002,5.889840861738511,32.99489131491391,-34.68733,17.499939666666666
955.933,3.3686530011607885,34.51390469034286,32.01315780224819,183.94941236730608,2026-06-25 04:45:34.245296,0.6120000000000001,0.21200000000000002,5.889836846943261,32.96407241620402,-34.68733,17.499939666666666
955.69,3.368904770402315,34.513825685650055,32.01322449109361,184.197742356296,2026-06-25 04:45:34.295283,0.6120000000000001,0.21400000000000002,5.889840861738511,32.91095899502314,-34.68733,17.499939666666666
955.605,3.369135496964555,34.51374781682711,32.01323826541985,184.1961113158266,2026-06-25 04:45:34.345270,0.6120000000000001,0.21200000000000002,5.889840861738511,32.8923802262973,-34.68733,17.499939666666666
955.281,3.369334441484673,34.5136710589165,32.013200638669595,184.18967749594884,2026-06-25 04:45:34.395257,0.6120000000000001,0.21200000000000002,5.889844876504723,32.82156233138943,-34.68733,17.499939666666666
955.2,3.3694928031494826,34.51359538636462,32.01311789729578,184.18840283939858,2026-06-25 04:45:34.445244,0.6120000000000001,0.21200000000000002,5.889844876504723,32.803857857662486,-34.68733,17.499939666666666
955.0360000000001,3.3696470665184264,34.513483982599794,32.012922465120205,184.18200067234403,2026-06-25 04:45:34.520225,0.6120000000000001,0.21200000000000002,5.889850898595966,32.81592578541568,-34.68733,17.499939666666666
954.656,3.3697388566244144,34.51337461649333,32.012674060260274,184.1801595088184,2026-06-25 04:45:34.595205,0.6120000000000001,0.21200000000000002,5.889848891241898,32.84388805703894,-34.68733,17.499939666666666
954.438,3.369779051404861,34.51330301810678,32.01248657000958,184.17830628738977,2026-06-25 04:45:34.645192,0.6060000000000001,0.21400000000000002,5.889848891241898,32.85992957075965,-34.68733,17.499939666666666
954.1095,3.3698346197709004,34.51319750371982,32.012197557105964,184.17854663205395,2026-06-25 04:45:34.720173,0.6060000000000001,0.21400000000000002,5.889844876504723,32.88410221872869,-34.68733,17.499939666666666
953.963,3.3698927404581354,34.51309379947429,32.01191581706596,184.17421719522918,2026-06-25 04:45:34.795153,0.6060000000000001,0.21400000000000002,5.889848891241898,32.89488241028871,-34.68733,17.499939666666666
953.7359999999999,3.369959151017456,34.51295893686062,32.0115735422618,184.17466288172403,2026-06-25 04:45:34.895127,0.6060000000000001,0.21400000000000002,5.889845679452158,32.911586188337346,-34.68733,17.499939666666666
953.476,3.369972204415853,34.512826735335736,32.011249956123784,184.17628478270046,2026-06-25 04:45:34.995101,0.6060000000000001,0.21400000000000002,5.889840861738511,32.86130745624362,-34.68733,17.499939666666666
952.933,3.3698482410502075,34.512698073015756,32.01089795133227,184.16207195659644,2026-06-25 04:45:35.095075,0.6060000000000001,0.21400000000000002,5.889854913289584,32.754610096826305,-34.68733,17.499939666666666
952.7685,3.369770244215726,34.51263457802957,32.01070031276542,184.16418764232003,2026-06-25 04:45:35.145062,0.6060000000000001,0.21400000000000002,5.8898508985669284,32.722286495308545,-34.68733,17.499939666666666
952.466,3.3696089765247574,34.51250917671998,32.010250124055055,184.17016149346827,2026-06-25 04:45:35.245036,0.6060000000000001,0.21400000000000002,5.889840861738511,32.662846437806266,-34.68733,17.499939666666666
952.36,3.3695298912619167,34.512447503262386,32.00998058880587,184.16973934970403,2026-06-25 04:45:35.295023,0.6060000000000001,0.21400000000000002,5.889840861738511,32.64201785567324,-34.68733,17.499939666666666
952.141,3.3694395263670263,34.51238636253647,32.00968899484032,184.1624280429903,2026-06-25 04:45:35.345010,0.6060000000000001,0.21400000000000002,5.889848891241898,32.59898521900216,-34.68733,17.499939666666666
951.777,3.369331898926985,34.512325719486704,32.00938634330017,184.16004868296102,2026-06-25 04:45:35.394997,0.6060000000000001,0.21400000000000002,5.889848891241898,32.69530376651524,-34.68733,17.499939666666666
951.587,3.369082110996035,34.51220597977701,32.008852155354816,184.15828476161997,2026-06-25 04:45:35.494971,0.6060000000000001,0.21400000000000002,5.891817856619988,32.74557993142594,-34.68733,17.499939666666666
951.356,3.368975528207902,34.51214659796828,32.00864384775002,184.1584803040019,2026-06-25 04:45:35.544958,0.6060000000000001,0.21400000000000002,5.889848891241898,32.80670516350156,-34.68733,17.499939666666666
950.981,3.368847213766157,34.51202871975068,32.00838142258505,184.16220328835857,2026-06-25 04:45:35.644931,0.6060000000000001,0.21400000000000002,5.889840861738511,32.9059344363516,-34.68733,17.499939666666666
950.718,3.368872068211358,34.51197030903743,32.008384693648345,184.16606533153822,2026-06-25 04:45:35.694918,0.6120000000000001,0.21400000000000002,5.889832832118971,32.97552723304376,-34.68733,17.499939666666666
950.655,3.3689417086913,34.51191214234178,32.00847169582701,184.16230162221095,2026-06-25 04:45:35.744905,0.6120000000000001,0.21400000000000002,5.889836846943261,32.99219775088257,-34.68733,17.499939666666666
950.455,3.3690551923921825,34.51185418254511,32.008636870592625,184.1481939508549,2026-06-25 04:45:35.794892,0.6120000000000001,0.21400000000000002,5.889852905950034,33.045120029735905,-34.68733,17.499939666666666
950.014,3.369474606292075,34.51173873450423,32.00916604337409,184.14589472868514,2026-06-25 04:45:35.894866,0.6120000000000001,0.21400000000000002,5.889848891241898,33.09382893143413,-34.68733,17.499939666666666
950.1655,3.369522382552071,34.51173878191396,32.0091950895289,184.14690322165222,2026-06-25 04:45:35.894866,0.6120000000000001,0.21400000000000002,5.889848891227379,33.119763930592306,-34.68733,17.499939666666666
949.5970000000001,3.370845052588964,34.511566173815595,32.01039909831034,184.3922246315908,2026-06-25 04:45:36.044827,0.6120000000000001,0.21400000000000002,5.891110187775575,33.02244348820669,-34.68733,17.499939666666666
949.127,3.372591690519569,34.511422291355345,32.011683420637,184.37962771221424,2026-06-25 04:45:36.169795,0.6120000000000001,0.21400000000000002,5.889848891227379,32.94198507497667,-34.68733,17.499939666666666
948.7719999999999,3.374218296714594,34.51130670980342,32.01278950509037,184.3665327625544,2026-06-25 04:45:36.269769,0.6120000000000001,0.21400000000000002,5.889852905935516,32.88121329477104,-34.68733,17.499939666666666
948.18925,3.376157357042329,34.51113170541777,32.01428857270773,184.33492855911544,2026-06-25 04:45:36.419730,0.610083333333325,0.21400000000000002,5.889877328018649,32.878316551502124,-34.68733,17.499939666666666
947.885,3.3772262456232713,34.51098419695196,32.01520875594302,184.32204310817994,2026-06-25 04:45:36.544697,0.6120000000000001,0.21400000000000002,5.889885022569819,32.88282518872693,-34.68733,17.499939666666666
947.61,3.3775599358399844,34.510924475773535,32.015416874562966,184.33044835856387,2026-06-25 04:45:36.594684,0.6120000000000001,0.21400000000000002,5.889868964492214,32.88690037438617,-34.68733,17.499939666666666
947.372,3.3778897499559277,34.51086433335038,32.015541514993096,184.3271085082587,2026-06-25 04:45:36.644671,0.6120000000000001,0.21400000000000002,5.889868964492214,32.890427262338534,-34.68733,17.499939666666666
947.0346666666668,3.378571904916388,34.510742469860716,32.01558458473037,184.31450293995087,2026-06-25 04:45:36.744645,0.6060000000000001,0.21200000000000002,5.889878214374198,32.89542615674719,-34.68733,17.499939666666666
946.795,3.379272522629481,34.51061885615168,32.01553528223997,184.3074560953868,2026-06-25 04:45:36.844619,0.6120000000000001,0.21200000000000002,5.889881008093971,32.890587873690826,-34.68733,17.499939666666666
946.585,3.379622075539502,34.51055608998868,32.01553296171879,184.3012420649498,2026-06-25 04:45:36.894606,0.6060000000000001,0.21200000000000002,5.889885022569819,32.88489047108998,-34.68733,17.499939666666666
946.353,3.379979513214946,34.510492698751385,32.01558483710855,184.29180047817871,2026-06-25 04:45:36.944593,0.6060000000000001,0.21200000000000002,5.889893051434413,32.87859619774047,-34.68733,17.499939666666666
946.1485,3.3805892576093455,34.51039628138703,32.01582194584596,184.28751341676028,2026-06-25 04:45:37.019573,0.6060000000000001,0.21200000000000002,5.889893051419896,32.87304801282679,-34.68733,17.499939666666666
945.829,3.3813309383443193,34.51029845486325,32.01625351581444,184.28773194351106,2026-06-25 04:45:37.094554,0.6060000000000001,0.21200000000000002,5.889885022569819,32.86437982172693,-34.68733,17.499939666666666
945.5565,3.382291804122724,34.510198752081365,32.01696436732121,184.276791126557,2026-06-25 04:45:37.169534,0.6060000000000001,0.21200000000000002,5.8918579311195405,32.86559614442015,-34.68733,17.499939666666666
945.397,3.383454724998592,34.510097459118406,32.017919455420326,184.52060828014896,2026-06-25 04:45:37.244515,0.6060000000000001,0.21200000000000002,5.893830811160425,32.881918399047095,-34.68733,17.499939666666666
945.173,3.3843748426526106,34.510028822373926,32.01872001584333,184.51170112361433,2026-06-25 04:45:37.294501,0.6060000000000001,0.21200000000000002,5.88990108018287,32.904841189244195,-34.68733,17.499939666666666
944.935,3.38540413461617,34.50995931961577,32.019631574212575,184.25348849038855,2026-06-25 04:45:37.344488,0.6060000000000001,0.21400000000000002,5.889897065823158,32.92919665382861,-34.68733,17.499939666666666
944.6995,3.3871433983114736,34.50985326613247,32.021164314437314,184.49104181283872,2026-06-25 04:45:37.419469,0.6060000000000001,0.21200000000000002,5.891873952995319,32.953296283701,-34.68733,17.499939666666666
944.406,3.3896718920866284,34.5097087332806,32.02332521971125,184.34705387325698,2026-06-25 04:45:37.519443,0.6060000000000001,0.21200000000000002,5.8899111159515005,32.98333127889228,-34.68733,17.499939666666666
944.145,3.391578455202245,34.50959789466622,32.02490012844029,184.20159621383897,2026-06-25 04:45:37.594423,0.6060000000000001,0.21200000000000002,5.889921151545934,33.01004042282728,-34.68733,17.499939666666666
943.994,3.3927639326958143,34.50952265425704,32.02585048289886,184.44072361690988,2026-06-25 04:45:37.644410,0.6060000000000001,0.21200000000000002,5.889933194015389,33.025492839433355,-34.68733,17.499939666666666
943.761,3.394300094170356,34.509407704893846,32.02700835394535,184.29869358070613,2026-06-25 04:45:37.719391,0.6060000000000001,0.21200000000000002,5.889941222183203,33.018493173717374,-34.68733,17.499939666666666
943.554,3.395521225069027,34.509290614221605,32.02781537007901,184.41594198195173,2026-06-25 04:45:37.794371,0.6120000000000001,0.21200000000000002,5.889945236223565,33.012274586579146,-34.68733,17.499939666666666
943.344,3.3960929203725483,34.50921109299382,32.02809073435259,184.40572555825943,2026-06-25 04:45:37.844358,0.6120000000000001,0.21200000000000002,5.8899532642171994,33.00596587498964,-34.68733,17.499939666666666
942.68,3.3964794060654606,34.50904867541941,32.02817493232411,184.39579256417684,2026-06-25 04:45:37.894345,0.6120000000000001,0.21200000000000002,5.889957278170472,32.986018329773295,-34.68733,17.499939666666666
942.871,3.3967024611665133,34.50913045263088,32.028095348917546,184.39321161217154,2026-06-25 04:45:37.944332,0.6120000000000001,0.21200000000000002,5.889961292094716,32.991756253171374,-34.68733,17.499939666666666
942.595,3.396806248740912,34.508965744603856,32.02789476495552,184.38468327645037,2026-06-25 04:45:37.994319,0.6120000000000001,0.21200000000000002,5.889969319856118,32.98346480365374,-34.68733,17.499939666666666
942.429,3.3968498274147527,34.50888164440183,32.02762503274014,184.38928093550894,2026-06-25 04:45:38.044306,0.6120000000000001,0.21200000000000002,5.889961292094716,32.97847791734965,-34.68733,17.499939666666666
942.184,3.396895761749588,34.50879636001908,32.02734003774332,184.3902138753778,2026-06-25 04:45:38.094293,0.6120000000000001,0.21200000000000002,5.889957278170472,32.97532589388301,-34.68733,17.499939666666666
941.9645,3.397106349423068,34.50866603111274,32.02700601863512,184.39066587043172,2026-06-25 04:45:38.169273,0.6120000000000001,0.21200000000000002,5.893886810410618,32.97250193816494,-34.68733,17.499939666666666
941.525,3.3975557288923506,34.50844312018045,32.02686903183727,184.38837468066882,2026-06-25 04:45:38.244254,0.6120000000000001,0.21200000000000002,5.889949250234897,32.96684759402783,-34.68733,17.499939666666666
941.692,3.398047016108856,34.508533268967255,32.02696065946972,184.3873935914574,2026-06-25 04:45:38.294241,0.6120000000000001,0.21200000000000002,5.889949250234897,32.96899611614592,-34.68733,17.499939666666666
941.37,3.39868648740205,34.50835172855733,32.02721413240651,184.37609425604464,2026-06-25 04:45:38.344228,0.6120000000000001,0.21200000000000002,5.889957278170472,32.96485345673261,-34.68733,17.499939666666666
941.154,3.399916691078525,34.5082121345559,32.027929870846464,184.49489541793963,2026-06-25 04:45:38.419208,0.6120000000000001,0.21200000000000002,5.891926051117409,32.96207452992121,-34.68733,17.499939666666666
940.7775,3.401894872405644,34.50802179743981,32.029367078255675,184.478616464285,2026-06-25 04:45:38.519182,0.6120000000000001,0.21200000000000002,5.889965305975418,32.957230706104106,-34.68733,17.499939666666666
940.475,3.403521782845962,34.50787586593883,32.030673577432175,184.59038330940143,2026-06-25 04:45:38.594163,0.6120000000000001,0.21200000000000002,5.893906808768779,32.96570730226882,-34.68733,17.499939666666666
940.245,3.404635358261903,34.507776875545986,32.031574380346626,184.57153151715661,2026-06-25 04:45:38.644150,0.6120000000000001,0.21200000000000002,5.893922806934659,32.97480218972652,-34.68733,17.499939666666666
939.601,3.406862089442585,34.507574414876544,32.0332657806966,184.55951924291713,2026-06-25 04:45:38.744124,0.6120000000000001,0.21200000000000002,5.893918807436576,33.00026787460807,-34.68733,17.499939666666666
939.7529999999999,3.4068504936105457,34.50757505489583,32.03323423113169,184.5592928811542,2026-06-25 04:45:38.744124,0.6120000000000001,0.21200000000000002,5.889987381891114,32.9942573402882,-34.68733,17.499939666666666
939.3465000000001,3.409509333820939,34.507315422906544,32.035035655411875,184.53223141495647,2026-06-25 04:45:38.869091,0.6090000000000024,0.21200000000000002,5.890003436543104,33.01033156529495,-34.68733,17.499939666666666
939.041,3.4109991201059335,34.50715607412002,32.03595678996661,184.5217137344522,2026-06-25 04:45:38.944072,0.6060000000000001,0.21200000000000002,5.893938804637761,33.02241194841811,-34.68733,17.499939666666666
938.744,3.411942483594241,34.50704815115049,32.03654035820643,184.51216166660717,2026-06-25 04:45:38.994058,0.6060000000000001,0.21200000000000002,5.890009456921499,33.01367462697055,-34.68733,17.499939666666666
938.5415,3.413281826809256,34.50688375017423,32.03745007795541,184.50014809160785,2026-06-25 04:45:39.069039,0.6060000000000001,0.21200000000000002,5.890015477198306,33.00771736234721,-34.68733,17.499939666666666
938.268,3.4145693270663022,34.506716852903445,32.03845737480602,184.48176265075188,2026-06-25 04:45:39.144019,0.6060000000000001,0.21200000000000002,5.890029524365735,32.99967137778186,-34.68733,17.499939666666666
937.7909999999999,3.4167510438426527,34.5064309287552,32.04047913907171,184.59590208142998,2026-06-25 04:45:39.268987,0.6060000000000001,0.21200000000000002,5.891996169441699,32.98563871000244,-34.68733,17.499939666666666
937.919,3.4167308484042547,34.50643213168625,32.04045151938253,184.47254453477126,2026-06-25 04:45:39.268987,0.6060000000000001,0.21200000000000002,5.890025510920424,32.9894042896162,-34.68733,17.499939666666666
937.101,3.419468601449135,34.506080751873796,32.04306582411098,184.44494179871904,2026-06-25 04:45:39.418948,0.6060000000000001,0.21200000000000002,5.892004167772663,32.965339882397,-34.68733,17.499939666666666
936.8135,3.4213438651160035,34.50584069295161,32.04488726896052,184.42539466055823,2026-06-25 04:45:39.518922,0.6060000000000001,0.21200000000000002,5.89004959108439,32.95688203756139,-34.68733,17.499939666666666
936.5999999999999,3.423207812953338,34.50559616199456,32.04678651589142,184.66746855325928,2026-06-25 04:45:39.618896,0.6060000000000001,0.21200000000000002,5.892020185376622,32.950601168439995,-34.68733,17.499939666666666
936.113,3.424569257662641,34.505284597809265,32.04816556462515,184.6517147229419,2026-06-25 04:45:39.693876,0.6060000000000001,0.21200000000000002,5.890061630767319,32.936274314753256,-34.68733,17.499939666666666
936.395,3.4254485961363628,34.50541006081013,32.04897653855761,184.64684675446628,2026-06-25 04:45:39.743863,0.6060000000000001,0.21200000000000002,5.89006564393692,32.94457035733983,-34.68733,17.499939666666666
935.794,3.4270930937842006,34.505030650751024,32.05018254908852,184.63501603338295,2026-06-25 04:45:39.843837,0.6060000000000001,0.21200000000000002,5.89006564393692,32.92688978430957,-34.68733,17.499939666666666
935.5466666666666,3.4275163546535516,34.50494439846017,32.0503298513079,184.58170905034132,2026-06-25 04:45:39.877162,0.6060000000000001,0.21200000000000002,5.89331228361566,32.91961358620173,-34.68733,17.499939666666666
935.242,3.428950901156016,34.50464258794896,32.05088478587809,184.35268476956884,2026-06-25 04:45:39.993798,0.6120000000000001,0.21200000000000002,5.8900857093496235,32.91065072222521,-34.68733,17.499939666666666
934.9165,3.429499836535686,34.50444545545405,32.0508480685283,184.47222546930846,2026-06-25 04:45:40.068778,0.6120000000000001,0.21200000000000002,5.890089722330597,32.90107497094178,-34.68733,17.499939666666666
934.624,3.4298675651713855,34.50424667356688,32.050664416791186,184.5928395446573,2026-06-25 04:45:40.143759,0.6120000000000001,0.21200000000000002,5.894026783733571,32.89247003315251,-34.68733,17.499939666666666
934.311,3.430024911572424,34.504113108787024,32.050471884297295,184.59579746084873,2026-06-25 04:45:40.193746,0.6120000000000001,0.21200000000000002,5.8900857093496235,32.883262014253226,-34.68733,17.499939666666666
934.035,3.4301325064476162,34.503978804966124,32.05024362009591,184.59626202327246,2026-06-25 04:45:40.243733,0.6060000000000001,0.21200000000000002,5.890081696325122,32.87514248321105,-34.68733,17.499939666666666
933.7553333333334,3.430195529203693,34.50366228610013,32.049610839055845,184.58538672703583,2026-06-25 04:45:40.360369,0.6113333333333312,0.21200000000000002,5.890093289426408,32.866915084002855,-34.68733,17.499939666666666
933.334,3.43020792351006,34.50357182467101,32.04942420302315,184.584713083806,2026-06-25 04:45:40.393694,0.6060000000000001,0.21200000000000002,5.894022784987398,32.85452005110754,-34.68733,17.499939666666666
933.229,3.4301230177671838,34.50329749513149,32.0488449967773,184.58157171074544,2026-06-25 04:45:40.493668,0.6060000000000001,0.21200000000000002,5.890093735311571,32.85143109908063,-34.68733,17.499939666666666
932.9010000000001,3.4300660445051685,34.50309033802123,32.04846301641574,184.5824500361117,2026-06-25 04:45:40.568648,0.6120000000000001,0.21200000000000002,5.890089722345106,32.84178180132036,-34.68733,17.499939666666666
932.703,3.4300608879111705,34.50288228670762,32.048158855122004,184.58113003333793,2026-06-25 04:45:40.643628,0.6060000000000001,0.21200000000000002,5.890089722345106,32.835956920355315,-34.68733,17.499939666666666
932.123,3.4303987367711755,34.502556687957615,32.048033381084075,184.57302360080598,2026-06-25 04:45:40.760265,0.6060000000000001,0.21200000000000002,5.891044978917298,32.818894137730446,-34.68733,17.499939666666666
931.748,3.431249536070174,34.50222983637636,32.0483038180428,184.57164074630214,2026-06-25 04:45:40.876901,0.6120000000000001,0.21200000000000002,5.890085995991122,32.807862166205744,-34.68733,17.499939666666666
931.0409999999999,3.433650434020118,34.5017613922178,32.04958447806574,184.67889057132732,2026-06-25 04:45:41.043524,0.6120000000000001,0.21200000000000002,5.894024784360485,32.78706322255784,-34.68733,17.499939666666666
930.816,3.4346031338035257,34.501620706003585,32.050169130117936,184.6684036470934,2026-06-25 04:45:41.093511,0.6120000000000001,0.21200000000000002,5.89403078243637,32.78044403964303,-34.68733,17.499939666666666
930.482,3.4366200415557238,34.5013393785303,32.05147311918763,184.77842687091933,2026-06-25 04:45:41.193485,0.6120000000000001,0.21200000000000002,5.894038779798596,32.77061823033836,-34.68733,17.499939666666666
930.3335,3.438049497146328,34.50112867878792,32.05245104420091,184.76346591164892,2026-06-25 04:45:41.268466,0.6120000000000001,0.21200000000000002,5.892082280517206,32.76624956961458,-34.68733,17.499939666666666
929.989,3.4393085218165727,34.500918334196214,32.053305318108066,184.7446652437146,2026-06-25 04:45:41.343446,0.6120000000000001,0.21200000000000002,5.894062771147961,32.75611486510722,-34.68733,17.499939666666666
929.462,3.4400199149333197,34.50077841669323,32.05374738697377,184.7373482631649,2026-06-25 04:45:41.393433,0.6120000000000001,0.21200000000000002,5.890129850703965,32.740611267791174,-34.68733,17.499939666666666
929.165,3.441186711597667,34.500499497289574,32.05429880708101,184.72699152500007,2026-06-25 04:45:41.493407,0.6120000000000001,0.21200000000000002,5.89013386338026,32.73187394634361,-34.68733,17.499939666666666
929.371,3.4411541194667095,34.50049968678543,32.05425016687465,184.8595028912389,2026-06-25 04:45:41.493407,0.6120000000000001,0.21200000000000002,5.890129850703965,32.737934176034514,-34.68733,17.499939666666666
928.98,3.442092478569092,34.50022209335654,32.05446864122187,184.97707416736944,2026-06-25 04:45:41.593381,0.6120000000000001,0.21200000000000002,5.8940667696049935,32.726431507058095,-34.68733,17.499939666666666
928.611,3.442662359209559,34.50001530984525,32.05444642620111,184.71190181670642,2026-06-25 04:45:41.668361,0.6120000000000001,0.21200000000000002,5.892106328339459,32.71557604707779,-34.68733,17.499939666666666
928.216,3.443206922007853,34.499673207671506,32.0543965577289,184.96348779657524,2026-06-25 04:45:41.743342,0.6120000000000001,0.21200000000000002,5.8901378760275405,32.70395570373844,-34.68733,17.499939666666666
928.341,3.44358252305047,34.49980958415597,32.05437537209678,184.95960596394977,2026-06-25 04:45:41.793329,0.6120000000000001,0.21200000000000002,5.89407476643232,32.70763302758001,-34.68733,17.499939666666666
927.554,3.44442197479069,34.499402386455195,32.054387126067226,184.9499252783352,2026-06-25 04:45:41.893303,0.6120000000000001,0.21200000000000002,5.89407476643232,32.69478411111626,-34.68733,17.499939666666666
927.6965,3.444434871725278,34.499402740627175,32.05439139348931,184.95253618792137,2026-06-25 04:45:41.893303,0.6120000000000001,0.21200000000000002,5.894072767232716,32.68867274585289,-34.68733,17.499939666666666
927.289,3.4455838992646872,34.49906797767191,32.05443875096746,184.93990880893662,2026-06-25 04:45:42.018270,0.6089999999999859,0.21200000000000002,5.8921123401137985,32.70767327038525,-34.68733,17.499939666666666
926.796,3.4464214399487245,34.49880394853493,32.05444830746186,185.05571088534748,2026-06-25 04:45:42.118244,0.6060000000000001,0.21200000000000002,5.892118344735257,32.73165197045925,-34.68733,17.499939666666666
926.29,3.447044575088173,34.49847869872905,32.054401969702916,185.17243910168247,2026-06-25 04:45:42.243212,0.6060000000000001,0.21200000000000002,5.890157938828728,32.75626296891249,-34.68733,17.499939666666666
926.519,3.4469820022081543,34.49847917098299,32.054391808841814,185.04678564412114,2026-06-25 04:45:42.243212,0.6060000000000001,0.21200000000000002,5.894090759682215,32.74512478977061,-34.68733,17.499939666666666
926.217,3.447003762883244,34.49822281173282,32.05427709006332,185.166296894983,2026-06-25 04:45:42.343185,0.6060000000000001,0.21200000000000002,5.89409875622043,32.768298220586345,-34.68733,17.499939666666666
925.889,3.4468378353525546,34.49809635489719,32.0541727795585,185.16454096015295,2026-06-25 04:45:42.393172,0.6060000000000001,0.21200000000000002,5.89409875622043,32.82237441988808,-34.68733,17.499939666666666
925.758,3.446628005905371,34.497970923795066,32.05404117255588,185.1615569053913,2026-06-25 04:45:42.443159,0.6060000000000001,0.21200000000000002,5.890169976161278,32.843971926316506,-34.68733,17.499939666666666
925.402,3.4463335146868492,34.49778488796342,32.053814353731774,185.17385699767848,2026-06-25 04:45:42.518140,0.6060000000000001,0.21200000000000002,5.894084762300237,32.90266438653424,-34.68733,17.499939666666666
925.109,3.4461477883659457,34.49760101753586,32.053596342908264,185.17103362813793,2026-06-25 04:45:42.593120,0.6060000000000001,0.21200000000000002,5.894086761456474,32.950970259690976,-34.68733,17.499939666666666
924.855,3.4461432137507364,34.4974799139744,32.05347975793429,185.16611323300273,2026-06-25 04:45:42.643107,0.6060000000000001,0.21200000000000002,5.890157938828728,32.99284634085756,-34.68733,17.499939666666666
924.4,3.446555822297372,34.4972026668001,32.053354229206576,185.17266761931663,2026-06-25 04:45:42.759744,0.6060000000000001,0.21200000000000002,5.894075210695687,33.0678605807426,-34.68733,17.499939666666666
924.219,3.4466958724710532,34.497123444031274,32.053321316395184,185.42388949473468,2026-06-25 04:45:42.793068,0.6060000000000001,0.21200000000000002,5.894078764802616,33.04681568353526,-34.68733,17.499939666666666
923.7626666666666,3.447542734394414,34.49677791117251,32.053397396862515,185.1992256124742,2026-06-25 04:45:42.943029,0.6060000000000001,0.21200000000000002,5.894093978460762,32.99011307898153,-34.68733,17.499939666666666
923.241,3.4480034876641676,34.49655286637125,32.053530840870096,185.3985821789085,2026-06-25 04:45:43.043003,0.6060000000000001,0.21200000000000002,5.894094757994688,32.925292351350734,-34.68733,17.499939666666666
922.875,3.448181057852657,34.49644235149643,32.05363309838186,185.3888721046007,2026-06-25 04:45:43.092990,0.6060000000000001,0.21200000000000002,5.890169976161278,32.87981429452095,-34.68733,17.499939666666666
922.738,3.4484179828403234,34.49627899400225,32.05382647169315,185.3929505313686,2026-06-25 04:45:43.167970,0.6060000000000001,0.21200000000000002,5.892128354648305,32.87383536935363,-34.68733,17.499939666666666
922.63,3.4486554865900714,34.49611804794282,32.05404008788897,185.3881647523724,2026-06-25 04:45:43.242951,0.6060000000000001,0.21200000000000002,5.89409875622043,32.876755100426074,-34.68733,17.499939666666666
922.297,3.4488232976399487,34.49601235216251,32.05417616749072,185.39088797069235,2026-06-25 04:45:43.292938,0.6060000000000001,0.21200000000000002,5.890157938828728,32.885757604566116,-34.68733,17.499939666666666
921.903,3.4489918207011074,34.49590785021911,32.05429057758884,185.38704656759958,2026-06-25 04:45:43.342925,0.6060000000000001,0.21200000000000002,5.894090759740036,32.89640921607115,-34.68733,17.499939666666666
921.7339999999999,3.449214014115564,34.49575346365393,32.05437930910424,185.3787939759942,2026-06-25 04:45:43.417905,0.6060000000000001,0.21200000000000002,5.8921323599832665,32.900978054508585,-34.68733,17.499939666666666
921.5455,3.4493691434470626,34.495551502999774,32.05427293188478,185.37832557169048,2026-06-25 04:45:43.517879,0.6060000000000001,0.21200000000000002,5.894096757107559,32.90607406661188,-34.68733,17.499939666666666
920.957,3.4492362625754547,34.49535410899085,32.05380767419926,185.36680734289754,2026-06-25 04:45:43.617853,0.6060000000000001,0.21200000000000002,5.8921403776609225,32.921871463695055,-34.68733,17.499939666666666
920.752,3.448804192703368,34.49516114178064,32.052952672260616,185.37188880283796,2026-06-25 04:45:43.717827,0.6060000000000001,0.21200000000000002,5.894100755318846,32.92664524814248,-34.68733,17.499939666666666
920.384,3.448341228767031,34.495019092295095,32.052085969657035,185.37268774391703,2026-06-25 04:45:43.792808,0.6060000000000001,0.21200000000000002,5.89409875622043,32.93521477339442,-34.68733,17.499939666666666
920.021,3.44798837497309,34.49492577255002,32.0514127526638,185.3714506249967,2026-06-25 04:45:43.842795,0.6060000000000001,0.21200000000000002,5.89409875622043,32.94366786487936,-34.68733,17.499939666666666
919.801,3.447440965211961,34.49478778353307,32.05032323218359,185.3753485069196,2026-06-25 04:45:43.917775,0.6060000000000001,0.21200000000000002,5.892128347524579,32.9487909506278,-34.68733,17.499939666666666
919.38,3.4469026677697765,34.49465171308316,32.04921110284656,185.37756576427998,2026-06-25 04:45:43.992756,0.6060000000000001,0.21200000000000002,5.894090759740036,32.95859467381006,-34.68733,17.499939666666666
919.1366666666667,3.44621520767558,34.494473902726035,32.04779033157081,185.3819595555402,2026-06-25 04:45:44.092729,0.6060000000000001,0.21200000000000002,5.894086761456474,32.9607924969954,-34.68733,17.499939666666666
918.5645,3.4453223421714383,34.49425581762024,32.04615457770198,185.6378296501897,2026-06-25 04:45:44.217697,0.6060000000000001,0.21200000000000002,5.892120343891494,32.92491072772336,-34.68733,17.499939666666666
918.1945000000001,3.4444942914456504,34.49408490008858,32.044987750645475,185.63879112435407,2026-06-25 04:45:44.317671,0.6089999999999874,0.21200000000000002,5.894086761456474,32.90170725327421,-34.68733,17.499939666666666
917.894,3.443803221089731,34.49395841425933,32.04420582994781,185.64267642997729,2026-06-25 04:45:44.392651,0.6120000000000001,0.21200000000000002,5.8940827631440005,32.88286226929591,-34.68733,17.499939666666666
917.848,3.4433244439103845,34.49387491350068,32.0437456110493,185.64458267786316,2026-06-25 04:45:44.442638,0.6060000000000001,0.21200000000000002,5.8940827631440005,32.87997751301304,-34.68733,17.499939666666666
917.575,3.4426477571133454,34.49375076387122,32.04315812555771,185.64558836630994,2026-06-25 04:45:44.517619,0.6060000000000001,0.21200000000000002,5.8940827631440005,32.86285711159516,-34.68733,17.499939666666666
917.105,3.4420729183057612,34.49362760068303,32.04267927744693,185.65666652336532,2026-06-25 04:45:44.592599,0.6120000000000001,0.21200000000000002,5.8940667696049935,32.89886402679317,-34.68733,17.499939666666666
916.923,3.4417767682883413,34.493546070639674,32.04243260915193,185.6596670734459,2026-06-25 04:45:44.642586,0.6060000000000001,0.21200000000000002,5.894062771147961,32.91616765719806,-34.68733,17.499939666666666
916.5895,3.441462637203227,34.49342449753024,32.042153890237635,185.6524562700754,2026-06-25 04:45:44.717567,0.6090000000000229,0.21200000000000002,5.894070768033112,32.947875133791634,-34.68733,17.499939666666666
916.329,3.4412672623625276,34.49330352139971,32.04193010588025,185.9109746857339,2026-06-25 04:45:44.792547,0.6120000000000001,0.21200000000000002,5.89013386338026,32.97264214324479,-34.68733,17.499939666666666
916.176,3.441202497938607,34.49322318369128,32.04178428449992,185.91012138742204,2026-06-25 04:45:44.842534,0.6060000000000001,0.21200000000000002,5.8940667696049935,32.98718860177197,-34.68733,17.499939666666666
915.995,3.441172560468744,34.49314301597248,32.04161792078714,185.90888064934342,2026-06-25 04:45:44.892521,0.6120000000000001,0.21200000000000002,5.8940667696049935,33.00439715728453,-34.68733,17.499939666666666
915.618,3.4411658641062908,34.49306296564245,32.0414217579423,185.90593302006232,2026-06-25 04:45:44.942508,0.6120000000000001,0.21200000000000002,5.8940667696049935,33.04024039169465,-34.68733,17.499939666666666
915.2085,3.4411771132817806,34.4928629593962,32.04081061880879,185.89921495044507,2026-06-25 04:45:45.067475,0.6060000000000001,0.21200000000000002,5.894071471976634,33.037408341339145,-34.68733,17.499939666666666
914.911,3.441162072566936,34.49266259994602,32.040148240713485,185.8946023090211,2026-06-25 04:45:45.192443,0.6060000000000001,0.21200000000000002,5.89407476643232,33.03535086885865,-34.68733,17.499939666666666
914.659,3.4411462372017745,34.4925013870333,32.03989266101126,185.90193957203402,2026-06-25 04:45:45.242430,0.6120000000000001,0.21400000000000002,5.894062771147961,33.03360806863988,-34.68733,17.499939666666666
914.833,3.4411171846244946,34.492582124296305,32.039654901529396,185.90643091528378,2026-06-25 04:45:45.292417,0.6120000000000001,0.21200000000000002,5.890125837998654,33.0348114306957,-34.68733,17.499939666666666
914.45,3.4410622674272857,34.4924203334691,32.039442289092634,185.89767723910006,2026-06-25 04:45:45.342404,0.6060000000000001,0.21400000000000002,5.8940667696049935,33.03216265099812,-34.68733,17.499939666666666
913.995,3.4409765840742454,34.49233890903671,32.03926235177271,185.89141393457285,2026-06-25 04:45:45.392391,0.6120000000000001,0.21400000000000002,5.894070768033112,33.02901592838089,-34.68733,17.499939666666666
913.7625,3.440817547530009,34.492215894903495,32.039071843285555,185.88735459602856,2026-06-25 04:45:45.467371,0.6090000000000001,0.21300000000000002,5.89407476643232,33.0269764711108,-34.68733,17.499939666666666
913.568,3.440692405500548,34.49209186851451,32.03896894178517,185.89257177726654,2026-06-25 04:45:45.542352,0.6120000000000001,0.21200000000000002,5.8940667696049935,33.00698022760577,-34.68733,17.499939666666666
913.138,3.4406773799740553,34.49192433352495,32.03896233419827,185.88933979994522,2026-06-25 04:45:45.592339,0.6060000000000001,0.21200000000000002,5.8940667696049935,32.96277259414995,-34.68733,17.499939666666666
913.297,3.440732754006268,34.492008420427766,32.039004762907275,186.15324770131178,2026-06-25 04:45:45.642326,0.6120000000000001,0.21400000000000002,5.894058772662017,32.97911913768362,-34.68733,17.499939666666666
912.8983333333334,3.4410275006680826,34.491753771855336,32.03926116567911,186.07151419260651,2026-06-25 04:45:45.742299,0.610292682926845,0.21200000000000002,5.892945366302387,32.93813283565791,-34.68733,17.499939666666666
912.474,3.441422286476662,34.491580569400135,32.03967757653688,186.1317405979037,2026-06-25 04:45:45.842273,0.6120000000000001,0.21400000000000002,5.89407476643232,32.89450778341816,-34.68733,17.499939666666666
912.3335,3.4417749163783364,34.49144803303061,32.04007430425075,186.1321960683569,2026-06-25 04:45:45.917254,0.6089999999999959,0.2129999999999986,5.894070768033112,32.91391091042246,-34.68733,17.499939666666666
911.7895000000001,3.4423236048872474,34.491268075971476,32.04057898108643,186.12699617179894,2026-06-25 04:45:46.017228,0.6089999999999967,0.21200000000000002,5.894068768819053,32.989037608574264,-34.68733,17.499939666666666
911.528,3.4428072713459614,34.49113050785248,32.040886202448235,186.11826261468434,2026-06-25 04:45:46.092208,0.6120000000000001,0.21400000000000002,5.89407476643232,33.025150901895415,-34.68733,17.499939666666666
911.4,3.4431689000952908,34.49103732257749,32.041040980820505,186.12177286574038,2026-06-25 04:45:46.142195,0.6060000000000001,0.21200000000000002,5.8940667696049935,33.04282777204879,-34.68733,17.499939666666666
911.2255,3.4437597624396994,34.4908952122658,32.04122562512582,186.11174682957434,2026-06-25 04:45:46.217176,0.6060000000000001,0.21300000000000002,5.892108334634084,33.06692631768756,-34.68733,17.499939666666666
910.906,3.4444093636174893,34.49075067281455,32.041427395409976,186.09722795348932,2026-06-25 04:45:46.292156,0.6060000000000001,0.21400000000000002,5.894086761456474,33.111049442796954,-34.68733,17.499939666666666
910.755,3.4448992846971853,34.49065263254696,32.04163127621897,186.10301441619683,2026-06-25 04:45:46.342143,0.6060000000000001,0.21400000000000002,5.89407476643232,33.131902625556,-34.68733,17.499939666666666
910.249,3.4460629063828403,34.490451924612046,32.04235185188817,186.08470069869392,2026-06-25 04:45:46.442117,0.6060000000000001,0.21400000000000002,5.894086761456474,33.07056187506783,-34.68733,17.499939666666666
910.369,3.4461009889284115,34.490452608095175,32.04241829965426,186.2186450599603,2026-06-25 04:45:46.442117,0.6060000000000001,0.21400000000000002,5.894080763973308,33.08510908862234,-34.68733,17.499939666666666
909.871,3.4475207518111084,34.49024711769174,32.04358535924227,186.08131367050387,2026-06-25 04:45:46.542091,0.6060000000000001,0.21400000000000002,5.894078764802616,33.02473815237113,-34.68733,17.499939666666666
909.5693333333334,3.4492245248507856,34.49003544939256,32.045204553810706,186.3190379153409,2026-06-25 04:45:46.642065,0.6060000000000001,0.21400000000000002,5.890348065983588,32.988168073852165,-34.68733,17.499939666666666
909.093,3.451021073076932,34.48981888334816,32.04688094603502,186.30142037694768,2026-06-25 04:45:46.742039,0.6060000000000001,0.21400000000000002,5.89409875622043,32.996033971770714,-34.68733,17.499939666666666
908.751,3.4523799465794833,34.489481946103396,32.04803360539684,186.28675891617632,2026-06-25 04:45:46.817019,0.6060000000000001,0.21400000000000002,5.89410675257073,33.010115766727175,-34.68733,17.499939666666666
908.887,3.4537244382515833,34.4896519471526,32.04907768736571,186.27543479403488,2026-06-25 04:45:46.892000,0.6060000000000001,0.21400000000000002,5.894114748834303,33.004515988615836,-34.68733,17.499939666666666
908.637,3.454616550835888,34.48936654750602,32.04971606326498,186.26968263566604,2026-06-25 04:45:46.941987,0.6060000000000001,0.21400000000000002,5.894114748834303,33.01480969837933,-34.68733,17.499939666666666
908.34,3.455515378293108,34.4892495878309,32.050333888935846,186.26025630036605,2026-06-25 04:45:46.991974,0.6060000000000001,0.21400000000000002,5.894118746915499,33.02703862557836,-34.68733,17.499939666666666
908.149,3.456432694746489,34.489131059651505,32.05094777533136,186.25161588613278,2026-06-25 04:45:47.041961,0.6060000000000001,0.21400000000000002,5.894122744967786,33.03490301983767,-34.68733,17.499939666666666
907.9485,3.4578753518376986,34.488950118593905,32.05188630829963,186.240582687876,2026-06-25 04:45:47.116941,0.6060000000000001,0.21400000000000002,5.894126742991167,33.043158575068,-34.68733,17.499939666666666
907.393,3.4604677533395716,34.48864040677995,32.05356440710938,186.2185232130848,2026-06-25 04:45:47.241909,0.6060000000000001,0.21400000000000002,5.89413473889339,33.053871261727345,-34.68733,17.499939666666666
907.522,3.4604548102927155,34.48864119260618,32.05354997608948,186.22268166579616,2026-06-25 04:45:47.241909,0.6060000000000001,0.21400000000000002,5.89413074098564,33.060719643924514,-34.68733,17.499939666666666
906.957,3.4626478371303047,34.48838682146867,32.05500371243443,186.45043803630827,2026-06-25 04:45:47.341883,0.6060000000000001,0.21400000000000002,5.894150730524398,33.03072479166559,-34.68733,17.499939666666666
906.827,3.4637761664414937,34.48825729604373,32.0557481465151,186.19016686914446,2026-06-25 04:45:47.391869,0.6060000000000001,0.21200000000000002,5.894146732674459,33.02382332123434,-34.68733,17.499939666666666
906.559,3.4654662731181527,34.48805992131476,32.05682489582721,186.17900131874399,2026-06-25 04:45:47.466850,0.6090000000000001,0.21300000000000002,5.8941487315994285,33.00959567449913,-34.68733,17.499939666666666
906.362,3.4670938565121125,34.48785949417791,32.05779114587066,186.1565313133762,2026-06-25 04:45:47.541830,0.6060000000000001,0.21200000000000002,5.8941667216350995,32.99913729238408,-34.68733,17.499939666666666
906.152,3.4680968751025785,34.48772386824563,32.05830672203612,186.40763158935854,2026-06-25 04:45:47.591817,0.6060000000000001,0.21200000000000002,5.8941667216350995,32.9879887632259,-34.68733,17.499939666666666
905.591,3.46980086192712,34.48744747162738,32.058931494711175,186.38951897378968,2026-06-25 04:45:47.691791,0.6060000000000001,0.21200000000000002,5.894174717017022,32.96636454146303,-34.68733,17.499939666666666
905.9314999999999,3.469728198498473,34.487448190518776,32.05886232626132,186.3941627331966,2026-06-25 04:45:47.691791,0.6120000000000001,0.21200000000000002,5.894172718178768,32.97687189304668,-34.68733,17.499939666666666
905.316,3.4710839419948263,34.487095361174866,32.05894895692845,186.37119611119994,2026-06-25 04:45:47.816759,0.6089999999999788,0.21200000000000002,5.8941887086535765,32.95787842784922,-34.68733,17.499939666666666
904.982,3.471376893508215,34.486879797630536,32.05865978920146,186.3658740607972,2026-06-25 04:45:47.891739,0.6120000000000001,0.21400000000000002,5.894190707434024,32.9475716571328,-34.68733,17.499939666666666
904.758,3.471293628266029,34.48666092199855,32.05814419782013,186.36317295452932,2026-06-25 04:45:47.966720,0.6090000000000001,0.21200000000000002,5.8941927062000214,32.940659331861916,-34.68733,17.499939666666666
904.591,3.470982123412276,34.48643949588156,32.057473228425486,186.3680765696333,2026-06-25 04:45:48.041700,0.6120000000000001,0.21200000000000002,5.894186709873129,32.93550594650371,-34.68733,17.499939666666666
904.238,3.4705023542554514,34.48621501577189,32.05667546054432,186.36461041224126,2026-06-25 04:45:48.116681,0.6090000000000214,0.21200000000000002,5.894190707434024,32.924612862483066,-34.68733,17.499939666666666
903.958,3.469989356196539,34.48598820646432,32.05584886326119,186.37103755837884,2026-06-25 04:45:48.191661,0.6060000000000001,0.21400000000000002,5.89418271228333,32.92018372190375,-34.68733,17.499939666666666
903.685,3.4696693754691337,34.48583551431758,32.05531732871875,186.63101290290928,2026-06-25 04:45:48.241648,0.6060000000000001,0.21200000000000002,5.894178714664628,32.91598607408476,-34.68733,17.499939666666666
903.5245,3.4692641405070987,34.48560437345486,32.05460116021785,186.50308367159764,2026-06-25 04:45:48.316628,0.6090000000000001,0.21200000000000002,5.894178714664628,32.91351822619119,-34.68733,17.499939666666666
903.1315,3.468873055452976,34.48529290215046,32.053842094687084,186.63079777341397,2026-06-25 04:45:48.416602,0.6089999999999514,0.21299999999998379,5.894178714664628,32.90747545845177,-34.68733,17.499939666666666
902.912,3.4687097509120473,34.48505700806022,32.0534445008846,186.62699118158852,2026-06-25 04:45:48.491583,0.6120000000000001,0.21400000000000002,5.89418271228333,32.90410042659731,-34.68733,17.499939666666666
902.674,3.4687491239605794,34.48473944488638,32.05314313187625,186.6283133094612,2026-06-25 04:45:48.591557,0.6060000000000001,0.21400000000000002,5.894178714664628,32.900440938755125,-34.68733,17.499939666666666
902.1856666666666,3.469010682180619,34.484418945966,32.05309998769582,186.80320795932587,2026-06-25 04:45:48.641544,0.6060000000000001,0.21400000000000002,5.894173271838353,32.89297986115195,-34.68733,17.499939666666666
902.383,3.4691309880276866,34.484578626190576,32.053005020979235,186.62743751762423,2026-06-25 04:45:48.691531,0.6060000000000001,0.21400000000000002,5.894174717017022,32.89596652294807,-34.68733,17.499939666666666
901.636,3.469838910907456,34.48409592024372,32.0529644442332,186.86736288829528,2026-06-25 04:45:48.791505,0.6120000000000001,0.21400000000000002,5.894186709873129,32.88506877916079,-34.68733,17.499939666666666
901.3663333333333,3.470852699811497,34.48377064765642,32.05304165969727,186.86456884097967,2026-06-25 04:45:48.891479,0.610845070422531,0.21400000000000002,5.89418194278865,32.88118759945742,-34.68733,17.499939666666666
901.091,3.4720266724059927,34.48344397635166,32.053234520704244,186.85065720027356,2026-06-25 04:45:48.991453,0.6120000000000001,0.21400000000000002,5.894190707434024,32.87722486220775,-34.68733,17.499939666666666
900.834,3.472655611987114,34.48311592127388,32.05339715643078,186.84608786086838,2026-06-25 04:45:49.041440,0.6060000000000001,0.21400000000000002,5.894190707434024,32.87352598760788,-34.68733,17.499939666666666
900.991,3.473282238839465,34.48328007694577,32.05360077476758,186.84735867385504,2026-06-25 04:45:49.091426,0.6120000000000001,0.21400000000000002,5.894186709873129,32.87578561139068,-34.68733,17.499939666666666
900.25,3.4744305687411954,34.48278701543056,32.05410879066766,187.08560204801114,2026-06-25 04:45:49.191400,0.6060000000000001,0.21400000000000002,5.894198702469108,32.831711863427245,-34.68733,17.499939666666666
900.285,3.4744000260612022,34.48278706101462,32.054116710501916,187.08755912918093,2026-06-25 04:45:49.191400,0.6060000000000001,0.21400000000000002,5.894196703630857,32.834217846896976,-34.68733,17.499939666666666
899.908,3.4753437273975614,34.48245783606269,32.054682761003534,187.0759700640796,2026-06-25 04:45:49.291374,0.6060000000000001,0.21400000000000002,5.894202699943298,32.807224824951604,-34.68733,17.499939666666666
899.772,3.475710718126634,34.48229322445056,32.05497587180863,187.07338132856773,2026-06-25 04:45:49.341361,0.6120000000000001,0.21400000000000002,5.894202699943298,32.797487289183515,-34.68733,17.499939666666666
899.539,3.4760355321882366,34.482128686594386,32.05527068918219,187.06407150415038,2026-06-25 04:45:49.391348,0.6060000000000001,0.21400000000000002,5.894210694804971,32.78080459922788,-34.68733,17.499939666666666
899.423,3.47634261022876,34.4819642771334,32.05556645780228,187.06192136149403,2026-06-25 04:45:49.441335,0.6060000000000001,0.21400000000000002,5.894210694804971,32.77249905401392,-34.68733,17.499939666666666
899.123,3.4766586373783657,34.481800050437904,32.055860325304224,187.06127489023257,2026-06-25 04:45:49.491322,0.6120000000000001,0.21400000000000002,5.894206697388585,32.7961272066799,-34.68733,17.499939666666666
898.943,3.4770049262888656,34.48163606055077,32.05614689664727,187.0584184596263,2026-06-25 04:45:49.541309,0.6060000000000001,0.21400000000000002,5.894206697388585,32.810304098279495,-34.68733,17.499939666666666
898.54,3.4776088590475434,34.48114604607254,32.056546546190575,187.3129112080242,2026-06-25 04:45:49.616290,0.6060000000000001,0.21400000000000002,5.894204698665941,32.842044583360796,-34.68733,17.499939666666666
898.686,3.478298364561507,34.48139068326325,32.05690599927546,187.3060488970421,2026-06-25 04:45:49.691270,0.6060000000000001,0.21400000000000002,5.894210694804971,32.830545549063345,-34.68733,17.499939666666666
898.28,3.478808156053069,34.48098353533987,32.057120865825794,187.2978264355452,2026-06-25 04:45:49.741257,0.6120000000000001,0.21400000000000002,5.894214692192456,32.86252231567131,-34.68733,17.499939666666666
897.73525,3.480143359636707,34.480579949346755,32.057640985595526,187.2858422185735,2026-06-25 04:45:49.866225,0.6060000000000001,0.21400000000000002,5.894217165967645,32.905427102887295,-34.68733,17.499939666666666
897.1120000000001,3.481669033319989,34.48010011231705,32.05830797245101,187.2639807034579,2026-06-25 04:45:50.016185,0.6060000000000001,0.21400000000000002,5.894230681438942,32.882264021786725,-34.68733,17.499939666666666
896.887,3.4824346864936855,34.479862766621714,32.05866628913334,187.51454747325045,2026-06-25 04:45:50.091166,0.6120000000000001,0.21400000000000002,5.894234678696376,32.870799538692964,-34.68733,17.499939666666666
896.372,3.483592957061029,34.47954940251185,32.05919333044577,187.51151858500708,2026-06-25 04:45:50.191140,0.6060000000000001,0.21400000000000002,5.894226684181508,32.84455861072283,-34.68733,17.499939666666666
896.6144999999999,3.4836076319509504,34.47954986753233,32.05920347844156,187.51498267061143,2026-06-25 04:45:50.191140,0.6060000000000001,0.21400000000000002,5.894224685531116,32.85691477583497,-34.68733,17.499939666666666
896.172,3.4851711898884443,34.479163097309566,32.05996615269417,187.62496207638907,2026-06-25 04:45:50.316107,0.6060000000000001,0.21400000000000002,5.894236677303419,32.83436795908394,-34.68733,17.499939666666666
895.575,3.4865679343323617,34.4787830053934,32.06084877011812,187.47695618405177,2026-06-25 04:45:50.441075,0.6089999999999954,0.21400000000000002,5.894246670237488,32.837815206067425,-34.68733,17.499939666666666
895.81,3.4865976513759014,34.47878357300745,32.060846754671054,187.47875633696935,2026-06-25 04:45:50.441075,0.6060000000000001,0.21400000000000002,5.8942466702519365,32.83451361636978,-34.68733,17.499939666666666
895.224,3.4874870738732797,34.47848411346903,32.06157207703188,187.71999405747803,2026-06-25 04:45:50.541049,0.6060000000000001,0.21400000000000002,5.894258661547413,32.8427465166371,-34.68733,17.499939666666666
894.8240000000001,3.4880457493323087,34.478263260540494,32.06205428126238,187.71901183977042,2026-06-25 04:45:50.616029,0.6060000000000001,0.21400000000000002,5.8942526659285726,32.84836624378203,-34.68733,17.499939666666666
894.5554999999999,3.488765817033287,34.47797302313042,32.06257203019378,187.71232569433553,2026-06-25 04:45:50.716003,0.6060000000000001,0.21400000000000002,5.894254664477819,32.85213848562807,-34.68733,17.499939666666666
894.31,3.489348747447294,34.4777586428044,32.062874367374675,187.7078965848801,2026-06-25 04:45:50.790983,0.6060000000000001,0.21400000000000002,5.894254664477819,32.855587593163264,-34.68733,17.499939666666666
893.9495,3.4900118631535855,34.47754769457525,32.06311518105081,187.70061177378543,2026-06-25 04:45:50.865964,0.6060000000000001,0.21400000000000002,5.894256663012616,32.86065237225263,-34.68733,17.499939666666666
893.3816666666667,3.491138153161975,34.47720325923672,32.063432723196854,187.69089170240645,2026-06-25 04:45:50.990931,0.6060000000000001,0.21400000000000002,5.894257056983209,32.86863004324545,-34.68733,17.499939666666666
893.229,3.491899404490626,34.476933606694445,32.06362639687627,187.92914724323634,2026-06-25 04:45:51.090905,0.6060000000000001,0.21400000000000002,5.894278646461932,32.870774905772436,-34.68733,17.499939666666666
892.7933333333334,3.4924875077735322,34.47667107334395,32.06374892701103,187.92625107104337,2026-06-25 04:45:51.190879,0.6060000000000001,0.21400000000000002,5.89427464953682,32.87689572525445,-34.68733,17.499939666666666
892.506,3.493057540991899,34.47641375957238,32.06384850047716,187.92465713884593,2026-06-25 04:45:51.290853,0.6060000000000001,0.21400000000000002,5.894270652582813,32.88093256258689,-34.68733,17.499939666666666
892.312,3.4933747926666787,34.47628775658984,32.06390851907235,187.92175680720047,2026-06-25 04:45:51.340840,0.6060000000000001,0.21400000000000002,5.894270652582813,32.883658130252186,-34.68733,17.499939666666666
891.951,3.4939354138653727,34.476101990657526,32.06404153246763,187.91182693084957,2026-06-25 04:45:51.415821,0.6060000000000001,0.21400000000000002,5.894276647999376,32.88872993400048,-34.68733,17.499939666666666
891.809,3.49460214707254,34.475919496071114,32.06423006724089,187.90935824941846,2026-06-25 04:45:51.490801,0.6060000000000001,0.21400000000000002,5.89427464953682,32.89072493713693,-34.68733,17.499939666666666
891.658,3.495114172428382,34.475800032942786,32.06439687424769,188.16853755558597,2026-06-25 04:45:51.540788,0.6060000000000001,0.21400000000000002,5.894270652582813,32.892846384134145,-34.68733,17.499939666666666
891.29,3.495951595215881,34.475624166445684,32.064706143582235,188.15263716765875,2026-06-25 04:45:51.615768,0.6060000000000001,0.21400000000000002,5.8942826433437,32.89801653310748,-34.68733,17.499939666666666
890.843,3.4968338837787347,34.475451646775575,32.06506160504457,188.14202413053604,2026-06-25 04:45:51.690749,0.6060000000000001,0.21400000000000002,5.894286640225467,32.90429657819193,-34.68733,17.499939666666666
890.569,3.497735776683725,34.47528333119102,32.06545705279508,188.1358225985963,2026-06-25 04:45:51.765729,0.6060000000000001,0.21400000000000002,5.894286640225467,32.90814609128621,-34.68733,17.499939666666666
890.42,3.4986182476192003,34.47511838943547,32.06588591163871,188.12459065458222,2026-06-25 04:45:51.840710,0.6060000000000001,0.21400000000000002,5.894294633873423,32.9102394396477,-34.68733,17.499939666666666
890.226,3.4991759059793814,34.47501068010989,32.06619701076985,188.1205578026204,2026-06-25 04:45:51.890697,0.6060000000000001,0.21400000000000002,5.894294633873423,32.912965007312984,-34.68733,17.499939666666666
889.871,3.4997030032940533,34.4749046595735,32.06652344582647,188.11225679016795,2026-06-25 04:45:51.940684,0.6060000000000001,0.21400000000000002,5.894298630654059,32.91795251515411,-34.68733,17.499939666666666
889.75,3.500201581898706,34.474800326116956,32.06685939213465,188.10602101797897,2026-06-25 04:45:51.990671,0.6060000000000001,0.21400000000000002,5.8943026274058,32.919652482615454,-34.68733,17.499939666666666
889.632,3.500679952762055,34.47469767668555,32.06720062594148,188.09990110266187,2026-06-25 04:45:52.040658,0.6060000000000001,0.21400000000000002,5.894306624128648,32.92131030212321,-34.68733,17.499939666666666
889.406,3.501147643101287,34.47459670689477,32.06754619434828,188.0990837458813,2026-06-25 04:45:52.090645,0.6060000000000001,0.21400000000000002,5.8943026274058,32.924485447960095,-34.68733,17.499939666666666
889.106,3.5016117971967486,34.474497411047466,32.06789687510251,188.3543965443013,2026-06-25 04:45:52.140632,0.6060000000000001,0.21400000000000002,5.8943026274058,32.92870024331879,-34.68733,17.499939666666666
888.953,3.5020780933121824,34.474399782152474,32.0682510716775,188.34802787789573,2026-06-25 04:45:52.190619,0.6060000000000001,0.21400000000000002,5.894306624128648,32.930849788951726,-34.68733,17.499939666666666
888.576,3.503042743639852,34.47421003704856,32.06893594183575,188.33762668886317,2026-06-25 04:45:52.290593,0.6060000000000001,0.21400000000000002,5.894310620822603,32.93614638178582,-34.68733,17.499939666666666
888.271,3.5040401332479214,34.474025752153636,32.06955511352449,188.3307428604432,2026-06-25 04:45:52.390567,0.6060000000000001,0.21400000000000002,5.894310620822603,32.94043142373383,-34.68733,17.499939666666666
888.231,3.504539119384636,34.47393630935868,32.069812700938456,188.32515001806533,2026-06-25 04:45:52.440553,0.6060000000000001,0.21400000000000002,5.894314617487664,32.94099339644832,-34.68733,17.499939666666666
887.72,3.5052632443596634,34.4738053355985,32.07011637106771,188.31159484114582,2026-06-25 04:45:52.515534,0.6060000000000001,0.21400000000000002,5.894322610731108,32.94817259787597,-34.68733,17.499939666666666
887.586,3.506172931637626,34.47363594104901,32.07037586852556,188.30497432132606,2026-06-25 04:45:52.615508,0.6060000000000001,0.21400000000000002,5.894324608991408,32.950055206469514,-34.68733,17.499939666666666
887.1455000000001,3.507029706465647,34.473472706848625,32.070500558918354,188.2960513090227,2026-06-25 04:45:52.715482,0.6060000000000001,0.21400000000000002,5.894326607295046,32.95624393098787,-34.68733,17.499939666666666
886.903,3.5076371940004436,34.47335404673829,32.07055935880198,188.29447536123433,2026-06-25 04:45:52.790462,0.6060000000000001,0.21400000000000002,5.894322610731108,32.959650890569485,-34.68733,17.499939666666666
886.3199999999999,3.508176507085374,34.47323906003719,32.07062010409237,188.27807927851242,2026-06-25 04:45:52.865443,0.6060000000000001,0.21400000000000002,5.894334600379583,32.967841642883215,-34.68733,17.499939666666666
886.198,3.508653061039816,34.47312694465465,32.07068311821277,188.27194147865856,2026-06-25 04:45:52.940423,0.6060000000000001,0.21400000000000002,5.894338596871291,32.96955565966242,-34.68733,17.499939666666666
885.886,3.508935516310293,34.47305407591455,32.070716477463904,188.528183461,2026-06-25 04:45:52.990410,0.6060000000000001,0.21400000000000002,5.894338596871291,32.97393904683546,-34.68733,17.499939666666666
885.491,3.509195920917917,34.472912439450084,32.070734790669384,188.5269703294803,2026-06-25 04:45:53.040397,0.6060000000000001,0.21400000000000002,5.894334600379583,32.979488527391084,-34.68733,17.499939666666666
885.714,3.5094349930424427,34.4729825826424,32.070736163198255,188.52762757543223,2026-06-25 04:45:53.090384,0.6060000000000001,0.21400000000000002,5.894334600379583,32.976355529507785,-34.68733,17.499939666666666
885.384,3.5096541015421687,34.472843620292075,32.07072521953045,188.51789693476516,2026-06-25 04:45:53.140371,0.6060000000000001,0.21400000000000002,5.894342593334109,32.98099180440235,-34.68733,17.499939666666666
885.0135,3.5099433341438955,34.47274297270504,32.07070735947645,188.51670156396008,2026-06-25 04:45:53.215352,0.6060000000000001,0.21400000000000002,5.894338596856846,32.98619707667034,-34.68733,17.499939666666666
884.71,3.5101866497381815,34.47264483771681,32.07070773308068,188.51010813682262,2026-06-25 04:45:53.290332,0.6060000000000001,0.21400000000000002,5.894342593334109,33.0069670076605,-34.68733,17.499939666666666
884.516,3.510318434481818,34.472581042785876,32.07072334423688,188.5048929637425,2026-06-25 04:45:53.340319,0.6060000000000001,0.21400000000000002,5.894346589768036,33.02029574362273,-34.68733,17.499939666666666
884.368,3.510433838618795,34.47251843350994,32.07074591546964,188.50321411575294,2026-06-25 04:45:53.390306,0.6060000000000001,0.21400000000000002,5.894346589768036,33.03046405765577,-34.68733,17.499939666666666
884.1395,3.5105800054852496,34.47242681838355,32.07078283825142,188.50538440751606,2026-06-25 04:45:53.465286,0.6060000000000001,0.21400000000000002,5.8943405951027,33.046163110064896,-34.68733,17.499939666666666
883.54,3.510723785441641,34.472308349235156,32.070840597181856,188.4937411340419,2026-06-25 04:45:53.565260,0.6060000000000001,0.21400000000000002,5.894348587941664,33.08735165238117,-34.68733,17.499939666666666
883.233,3.510840729167367,34.47219409342951,32.07096602640691,188.49388364033751,2026-06-25 04:45:53.665234,0.6060000000000001,0.21400000000000002,5.894344591551072,33.10657494028484,-34.68733,17.499939666666666
882.97,3.5109341834635406,34.47211090423588,32.071144490260004,188.4929191247601,2026-06-25 04:45:53.740215,0.6060000000000001,0.21200000000000002,5.894342593334109,33.05441980626519,-34.68733,17.499939666666666
882.469,3.510996417584419,34.47200345411255,32.07131319844537,188.4916964137623,2026-06-25 04:45:53.790202,0.6060000000000001,0.21400000000000002,5.894338596871291,32.95506725058514,-34.68733,17.499939666666666
882.747,3.5110637629279804,34.472056719711524,32.071512548718275,188.47822035264423,2026-06-25 04:45:53.840189,0.6060000000000001,0.21200000000000002,5.894358578896476,33.010197012020356,-34.68733,17.499939666666666
882.447,3.5111515479122666,34.47195107777822,32.07173295817766,188.48162457407997,2026-06-25 04:45:53.890176,0.6060000000000001,0.21400000000000002,5.894350586173073,32.95070446370896,-34.68733,17.499939666666666
882.228,3.5112749855558194,34.471899561247135,32.07196272764934,188.48238633230918,2026-06-25 04:45:53.940163,0.6060000000000001,0.21200000000000002,5.894346589768036,32.907274903441625,-34.68733,17.499939666666666
881.841,3.5114400493358278,34.47179899107286,32.07219028219308,188.48162612090823,2026-06-25 04:45:53.990150,0.6060000000000001,0.21400000000000002,5.894342593334109,32.83052951611992,-34.68733,17.499939666666666
881.963,3.511643458873348,34.47184887531186,32.07240694503252,188.48471686758913,2026-06-25 04:45:54.040137,0.6060000000000001,0.21400000000000002,5.894338596871291,32.854723152433216,-34.68733,17.499939666666666
881.37,3.5118810873717354,34.47174987999141,32.07260909106827,188.46959057764187,2026-06-25 04:45:54.090124,0.6060000000000001,0.21400000000000002,5.894350586173073,32.73712621527101,-34.68733,17.499939666666666
880.753,3.5121534754866226,34.47156061196655,32.072797872012536,188.46038211729268,2026-06-25 04:45:54.140110,0.6060000000000001,0.21200000000000002,5.894354582549219,32.61476987424389,-34.68733,17.499939666666666
881.175,3.5126273968935813,34.471701513941504,32.073057234054694,188.4661368357576,2026-06-25 04:45:54.215091,0.6060000000000001,0.2130000000000008,5.894348587970554,32.69845605886859,-34.68733,17.499939666666666
880.898,3.51312915550454,34.47163038602963,32.07328198542816,188.46623951992026,2026-06-25 04:45:54.290071,0.6060000000000001,0.21400000000000002,5.894342593334109,32.64352460592773,-34.68733,17.499939666666666
880.3295,3.5135671984089107,34.471492432346885,32.073433830664904,188.45044426843376,2026-06-25 04:45:54.365052,0.6060000000000001,0.21400000000000002,5.894354582534775,32.72079254943826,-34.68733,17.499939666666666
880.1595,3.5139772271017136,34.47140350601315,32.07352023125425,188.56969073114035,2026-06-25 04:45:54.465026,0.6060000000000001,0.21400000000000002,5.894364573359582,32.76335182873708,-34.68733,17.499939666666666
880.006,3.514172459064737,34.47133820653436,32.07350659087827,188.69927074414122,2026-06-25 04:45:54.540006,0.6060000000000001,0.21400000000000002,5.894362575214844,32.80178035445688,-34.68733,17.499939666666666
879.739,3.5142635672828524,34.47129537208853,32.073465210501716,188.7028566377941,2026-06-25 04:45:54.589993,0.6060000000000001,0.21400000000000002,5.894354582549219,32.782060401470794,-34.68733,17.499939666666666
879.304,3.514330309183577,34.47125303449141,32.07340752641588,188.69899160391103,2026-06-25 04:45:54.639980,0.6060000000000001,0.21400000000000002,5.894354582549219,32.74993238817884,-34.68733,17.499939666666666
879.098,3.5143727686964263,34.47121117314282,32.07333603774409,188.69405532332632,2026-06-25 04:45:54.689967,0.6060000000000001,0.21400000000000002,5.894358578896476,32.7347177428038,-34.68733,17.499939666666666
878.748,3.514398388742363,34.4711492848474,32.073189767072726,188.55790529887088,2026-06-25 04:45:54.764948,0.6060000000000001,0.21300000000000002,5.894362575214844,32.708867617166604,-34.68733,17.499939666666666
878.507,3.5144097547511586,34.47108825433397,32.07299163668986,188.68605223028004,2026-06-25 04:45:54.839928,0.6060000000000001,0.21400000000000002,5.894362575214844,32.691067959227844,-34.68733,17.499939666666666
878.3555,3.5144389653310593,34.47102823223629,32.072740509087126,188.68782048031574,2026-06-25 04:45:54.914909,0.6060000000000001,0.21400000000000002,5.894358578896476,32.67987854770203,-34.68733,17.499939666666666
877.954,3.514489310618625,34.47096897002041,32.0724800789892,188.6874147535895,2026-06-25 04:45:54.989889,0.6060000000000001,0.21400000000000002,5.894354582549219,32.650224760721066,-34.68733,17.499939666666666
877.7265,3.514553114001935,34.4709106052408,32.07224763924714,188.67913932609503,2026-06-25 04:45:55.064869,0.6060000000000001,0.21400000000000002,5.8943625752003985,32.633422179056886,-34.68733,17.499939666666666
877.334,3.5146291618019934,34.47085292086237,32.072049924333086,188.67560406669028,2026-06-25 04:45:55.139850,0.6060000000000001,0.21400000000000002,5.894362575214844,32.672929900108464,-34.68733,17.499939666666666
877.155,3.5147258194968876,34.470796046395215,32.07187878452321,188.67682869130945,2026-06-25 04:45:55.214830,0.6089999999999982,0.21400000000000002,5.894358578896476,32.69514560815654,-34.68733,17.499939666666666
876.881,3.5148299571817248,34.470739791859444,32.07170696877763,188.67414579193223,2026-06-25 04:45:55.289811,0.6120000000000001,0.21400000000000002,5.894358578896476,32.72915177578321,-34.68733,17.499939666666666
876.55,3.5149334899543208,34.47068428364459,32.071528323053656,188.6663664220123,2026-06-25 04:45:55.364791,0.6060000000000001,0.21400000000000002,5.894364573359582,32.77023221915703,-34.68733,17.499939666666666
876.185,3.5150351337421175,34.470629354079804,32.07135665854287,188.66756301077757,2026-06-25 04:45:55.439772,0.6060000000000001,0.21400000000000002,5.894358578896476,32.81553240595898,-34.68733,17.499939666666666
875.9666666666666,3.515173822674782,34.47054543912626,32.071122699131244,188.66656247307336,2026-06-25 04:45:55.556408,0.6060000000000001,0.21400000000000002,5.894356836890806,32.840180151975105,-34.68733,17.499939666666666
875.49,3.515224129734282,34.470450921395305,32.07105828081355,188.66115049194087,2026-06-25 04:45:55.589733,0.6060000000000001,0.21400000000000002,5.894358578896476,32.89399126159807,-34.68733,17.499939666666666
875.697,3.515228370119517,34.470521464540255,32.070860334954766,188.65659234325193,2026-06-25 04:45:55.689707,0.6060000000000001,0.21400000000000002,5.894366571504322,32.870622940565994,-34.68733,17.499939666666666
874.865,3.5151529910458352,34.47041606428173,32.07075292305484,188.65016845268292,2026-06-25 04:45:55.739694,0.6120000000000001,0.21400000000000002,5.894366571504322,32.96454778645336,-34.68733,17.499939666666666
874.7725,3.514964235237623,34.47036433665157,32.07058664215724,188.64571296162376,2026-06-25 04:45:55.814674,0.6060000000000001,0.21400000000000002,5.8943725658807615,32.974990152131944,-34.68733,17.499939666666666
874.3405,3.514678926766612,34.47027959796797,32.0704076308637,188.6528005965004,2026-06-25 04:45:55.939641,0.6060000000000001,0.21400000000000002,5.89436057705566,33.02375882211192,-34.68733,17.499939666666666
873.9975,3.514640321994576,34.47024617151293,32.070408545449126,188.6486324959891,2026-06-25 04:45:55.989628,0.6060000000000001,0.21400000000000002,5.894362575214844,33.06248024295252,-34.68733,17.499939666666666
873.785,3.5147664923613045,34.47018007080974,32.07057904491933,188.6494543649136,2026-06-25 04:45:56.089602,0.6060000000000001,0.21400000000000002,5.894358578896476,33.059044557255206,-34.68733,17.499939666666666
873.489,3.5150348121964887,34.47014756447416,32.070819333835814,188.64271819956355,2026-06-25 04:45:56.139589,0.6060000000000001,0.21400000000000002,5.894362575214844,33.04810071962426,-34.68733,17.499939666666666
873.323,3.5157443653660403,34.47009945645378,32.071384617129745,188.6412123753368,2026-06-25 04:45:56.214570,0.6060000000000001,0.21400000000000002,5.894358578896476,33.04196329716906,-34.68733,17.499939666666666
872.92,3.5167959108539812,34.470052023084236,32.07215621335771,188.62691265778435,2026-06-25 04:45:56.289550,0.6060000000000001,0.21400000000000002,5.894366571504322,33.02706341012423,-34.68733,17.499939666666666
872.856,3.517744097646351,34.470020867252,32.0728104105919,188.62204887001246,2026-06-25 04:45:56.339537,0.6060000000000001,0.21400000000000002,5.894366571504322,33.02469717496078,-34.68733,17.499939666666666
872.5795,3.5195432742711636,34.469974865366794,32.07401681406397,188.87200441374483,2026-06-25 04:45:56.414518,0.6060000000000001,0.21400000000000002,5.894366571504322,33.01486236943695,-34.68733,17.499939666666666
872.444,3.5216804117210976,34.46992962389777,32.07544876509729,188.85489613042878,2026-06-25 04:45:56.489498,0.6060000000000001,0.21400000000000002,5.894374563996612,33.01004278119652,-34.68733,17.499939666666666
871.7080000000001,3.5249057446916288,34.469870766130796,32.077657003311714,188.82625123009825,2026-06-25 04:45:56.589472,0.6060000000000001,0.21400000000000002,5.894384554359206,32.983864058355515,-34.68733,17.499939666666666
871.891,3.5249136698360615,34.46987097777154,32.077657503889846,188.83236382891317,2026-06-25 04:45:56.589472,0.6060000000000001,0.21400000000000002,5.894378560199424,32.99037317014886,-34.68733,17.499939666666666
871.422,3.528083845930545,34.46981360173525,32.0798550071819,188.79539524928077,2026-06-25 04:45:56.689446,0.6060000000000001,0.21400000000000002,5.894402536809667,32.9736913481211,-34.68733,17.499939666666666
870.879,3.5306869964045737,34.46975823513052,32.081608839078015,188.76351857547812,2026-06-25 04:45:56.789420,0.6060000000000001,0.21400000000000002,5.894422516523835,32.95773167937409,-34.68733,17.499939666666666
871.169,3.5305786304063274,34.469758473188506,32.081521361694186,188.7695123791014,2026-06-25 04:45:56.789420,0.6060000000000001,0.21400000000000002,5.894418520581002,32.9646924121445,-34.68733,17.499939666666666
870.558,3.532751588085219,34.46969178138627,32.08283231780135,188.73599066542712,2026-06-25 04:45:56.914387,0.6060000000000001,0.21400000000000002,5.894442495501451,32.95085715939087,-34.68733,17.499939666666666
870.155,3.5338804798906986,34.469628385475744,32.08323108698002,188.99433353897962,2026-06-25 04:45:57.039355,0.6060000000000001,0.21400000000000002,5.894434503991278,32.94222653149917,-34.68733,17.499939666666666
870.313,3.53390324327008,34.469628656827446,32.083250297793455,188.99863070755276,2026-06-25 04:45:57.039355,0.6060000000000001,0.21400000000000002,5.894430508207309,32.94561025161552,-34.68733,17.499939666666666
869.542,3.5347398674199697,34.46956851640326,32.083413746765004,188.9822540001164,2026-06-25 04:45:57.164322,0.6060000000000001,0.21400000000000002,5.894438499760806,32.92909855408574,-34.68733,17.499939666666666
869.3,3.5353026609820826,34.46953419071302,32.08363512474849,188.97459783938163,2026-06-25 04:45:57.239303,0.6060000000000001,0.21400000000000002,5.894442495515892,32.9239158941607,-34.68733,17.499939666666666
869.159,3.5360390401613584,34.46950134610732,32.08410967830577,188.97315449579872,2026-06-25 04:45:57.314283,0.6090000000000001,0.21400000000000002,5.894438499760806,32.88168035634562,-34.68733,17.499939666666666
868.907,3.5369635564565622,34.46946972082476,32.08484607912494,188.9606538062864,2026-06-25 04:45:57.389264,0.6060000000000001,0.21400000000000002,5.894446491227654,32.80619556535696,-34.68733,17.499939666666666
868.457,3.537717794083074,34.469411208190316,32.085522125954284,188.95659120236442,2026-06-25 04:45:57.439251,0.6060000000000001,0.21400000000000002,5.894442495515892,32.67140129573431,-34.68733,17.499939666666666
868.5115000000001,3.5395275919092146,34.46944946827487,32.08726898166482,189.2033906806447,2026-06-25 04:45:57.539224,0.6060000000000001,0.21200000000000002,5.894450486896092,32.68772637949974,-34.68733,17.499939666666666
868.1675,3.5410099679876237,34.46938440483053,32.08870493716382,189.19066457207092,2026-06-25 04:45:57.614205,0.6060000000000001,0.21400000000000002,5.894454482506767,32.585870581623844,-34.68733,17.499939666666666
867.579,3.5429867097280874,34.469350457243095,32.09055651181886,189.16739583418791,2026-06-25 04:45:57.714179,0.6060000000000001,0.21400000000000002,5.8944664693387905,32.688993584138245,-34.68733,17.499939666666666
867.39,3.5435172521984746,34.46934162394354,32.09108310139505,189.16029013715473,2026-06-25 04:45:57.739172,0.6060000000000001,0.21400000000000002,5.894470464891701,32.72211210151329,-34.68733,17.499939666666666
867.1755,3.5458012505630263,34.46930395352604,32.09294893890813,189.26622900981454,2026-06-25 04:45:57.864140,0.6060000000000001,0.21400000000000002,5.894486446742343,32.75969899028021,-34.68733,17.499939666666666
866.5340000000001,3.547803313579701,34.469270459924395,32.094240644765975,189.38070277657684,2026-06-25 04:45:57.989107,0.6060000000000001,0.21200000000000002,5.894488444424939,32.872109196079656,-34.68733,17.499939666666666
866.67,3.5478129941145253,34.469270811920616,32.09426250247138,189.38333838848013,2026-06-25 04:45:57.989107,0.6060000000000001,0.21200000000000002,5.894486446756782,32.848277881989695,-34.68733,17.499939666666666
866.314,3.5493250555443505,34.46924689986015,32.09508635839075,189.36721653752215,2026-06-25 04:45:58.089081,0.6060000000000001,0.21200000000000002,5.8944944375160455,32.91065985122525,-34.68733,17.499939666666666
866.132,3.5500967875070133,34.469236178824815,32.09548727375231,189.35904863559534,2026-06-25 04:45:58.139068,0.6060000000000001,0.21200000000000002,5.894498432852358,32.942551756845674,-34.68733,17.499939666666666
865.894,3.5508998237119536,34.469226163852404,32.09589788399112,189.35336256903236,2026-06-25 04:45:58.189055,0.6060000000000001,0.21200000000000002,5.894498432852358,32.92020446817093,-34.68733,17.499939666666666
865.751,3.55217257749059,34.46921255050286,32.09654720765537,189.3463002048284,2026-06-25 04:45:58.264036,0.6060000000000001,0.21200000000000002,5.894498432852358,32.9067773157319,-34.68733,17.499939666666666
865.411,3.5534849401586404,34.46920034063065,32.09723935494964,189.33122406870223,2026-06-25 04:45:58.339016,0.6060000000000001,0.21200000000000002,5.894506423438349,32.87485261762511,-34.68733,17.499939666666666
865.067,3.554354104665698,34.46919313086751,32.097737588974574,189.3212527264966,2026-06-25 04:45:58.389003,0.6060000000000001,0.21200000000000002,5.894510418688028,32.84255233483472,-34.68733,17.499939666666666
864.7945,3.555982753585333,34.46918078250985,32.09889328816036,189.43133851793715,2026-06-25 04:45:58.488977,0.6060000000000001,0.21200000000000002,5.894524401802008,32.816965628263844,-34.68733,17.499939666666666
864.878,3.5560003320512954,34.46918112279239,32.09886191309815,189.3027998213495,2026-06-25 04:45:58.488977,0.6060000000000001,0.21200000000000002,5.8945224042638,32.82480595853419,-34.68733,17.499939666666666
864.392,3.557516154847812,34.46917115556824,32.10023516958643,189.5469518599022,2026-06-25 04:45:58.588951,0.6060000000000001,0.21200000000000002,5.894530394503264,32.77917241947567,-34.68733,17.499939666666666
863.9794999999999,3.559060291157444,34.46916419010019,32.10194110110437,189.40258717323596,2026-06-25 04:45:58.688925,0.6060000000000001,0.21200000000000002,5.894534389565245,32.76142146180887,-34.68733,17.499939666666666
864.129,3.5590311115951754,34.46916451376086,32.10190946626444,189.53155779374745,2026-06-25 04:45:58.688925,0.6060000000000001,0.21200000000000002,5.894538384627225,32.754477726528364,-34.68733,17.499939666666666
863.517,3.5618215586116744,34.46915887623234,32.10488354575479,189.51508852804076,2026-06-25 04:45:58.838886,0.6060000000000001,0.21200000000000002,5.894536387103454,32.8465217799064,-34.68733,17.499939666666666
863.767,3.561778328187134,34.46915887623234,32.104868465454935,189.51892261291906,2026-06-25 04:45:58.838886,0.6060000000000001,0.21200000000000002,5.8945343895796825,32.80052160796178,-34.68733,17.499939666666666
863.382,3.5640277040340065,34.46915887623234,32.1070039411887,189.499105547601,2026-06-25 04:45:58.938860,0.6120000000000001,0.21200000000000002,5.894542379645891,32.871361872756516,-34.68733,17.499939666666666
862.7489999999999,3.566402584709003,34.46915979358965,32.10906115342748,189.46970783887983,2026-06-25 04:45:59.038834,0.6060000000000001,0.21200000000000002,5.894559315929049,32.98783430812032,-34.68733,17.499939666666666
862.283,3.568690749884266,34.469163543180564,32.11093005350757,189.44358771655124,2026-06-25 04:45:59.138808,0.6060000000000001,0.21200000000000002,5.894574338755754,32.932967212093224,-34.68733,17.499939666666666
861.995,3.570746071697561,34.469169764111406,32.11249599577051,189.42788062174483,2026-06-25 04:45:59.238781,0.6060000000000001,0.21200000000000002,5.894579227857079,32.883696561786614,-34.68733,17.499939666666666
861.587,3.5726866793405,34.46917764227879,32.11393094010849,189.4099941089022,2026-06-25 04:45:59.338755,0.6060000000000001,0.21200000000000002,5.894586322945547,32.81389647385225,-34.68733,17.499939666666666
861.186,3.574120395400866,34.469184952814445,32.11501628304343,189.3984618938397,2026-06-25 04:45:59.413736,0.6060000000000001,0.21200000000000002,5.894588320281641,32.74529393644619,-34.68733,17.499939666666666
860.9945,3.576103841432985,34.46919613985595,32.116648872369794,189.3768478411201,2026-06-25 04:45:59.513710,0.6060000000000001,0.21200000000000002,5.896567795230432,32.712911530203904,-34.68733,17.499939666666666
860.678,3.577718813792589,34.46920554158145,32.118107265332085,189.36363475619132,2026-06-25 04:45:59.588690,0.6060000000000001,0.21200000000000002,5.894606296017774,32.70676611571841,-34.68733,17.499939666666666
860.441,3.5789007293753468,34.46921943543389,32.11924588894569,189.35926931835414,2026-06-25 04:45:59.638677,0.6060000000000001,0.21200000000000002,5.89460230146107,32.70216433615107,-34.68733,17.499939666666666
860.532,3.580174926075466,34.46921231181043,32.12051987250046,189.34795840968346,2026-06-25 04:45:59.688664,0.6120000000000001,0.21200000000000002,5.894610290545609,32.7039312641706,-34.68733,17.499939666666666
859.916,3.583027543600496,34.469234667411996,32.1234070711699,189.32032706483395,2026-06-25 04:45:59.788638,0.6060000000000001,0.21200000000000002,5.894622273955894,32.691970520653804,-34.68733,17.499939666666666
859.8393333333333,3.5841639551032998,34.46924023931113,32.12445327459242,189.30583677427953,2026-06-25 04:45:59.821963,0.6060000000000001,0.21200000000000002,5.894633369472001,32.69099197321818,-34.68733,17.499939666666666
859.475,3.5881252482277914,34.46925969385624,32.1280138519179,189.2868719454809,2026-06-25 04:45:59.938599,0.6060000000000001,0.21200000000000002,5.894630262751741,32.711793291451635,-34.68733,17.499939666666666
859.11,3.5899972204735717,34.46926854173395,32.12948854937315,189.26898372182666,2026-06-25 04:45:59.988586,0.6060000000000001,0.21200000000000002,5.894638251432115,32.73263267248149,-34.68733,17.499939666666666
859.003,3.591921040532598,34.46927761148719,32.13093124972912,189.24373261282614,2026-06-25 04:46:00.038573,0.6060000000000001,0.21200000000000002,5.894658222627872,32.73874175130394,-34.68733,17.499939666666666
858.797,3.5938989256472222,34.46928688479477,32.13238324691805,189.21741076786395,2026-06-25 04:46:00.088560,0.6060000000000001,0.21200000000000002,5.894678193101981,32.750503155392025,-34.68733,17.499939666666666
858.5409999999999,3.5970297293760454,34.46930115678714,32.13474852074477,189.20079876723972,2026-06-25 04:46:00.163540,0.6060000000000001,0.21200000000000002,5.894678193101981,32.76511926921023,-34.68733,17.499939666666666
858.199,3.6028048969452784,34.469325656160876,32.13965026745096,189.16506842139827,2026-06-25 04:46:00.288508,0.6060000000000001,0.21200000000000002,5.898616884570761,32.78464548376423,-34.68733,17.499939666666666
857.94,3.604575059962055,34.46933241202527,32.1414456123885,189.14978585104484,2026-06-25 04:46:00.321832,0.6060000000000001,0.21200000000000002,5.89547871208352,32.799432880166236,-34.68733,17.499939666666666
857.3555,3.6120669301890764,34.46936115600362,32.149063532264805,189.08744131565393,2026-06-25 04:46:00.463462,0.6060000000000001,0.21200000000000002,5.8966874063172945,32.80777843528815,-34.68733,17.499939666666666
857.025,3.6188376953905736,34.4693869966391,32.15605338876277,189.02562650342668,2026-06-25 04:46:00.588430,0.6060000000000001,0.21200000000000002,5.8986885156213225,32.810968268430855,-34.68733,17.499939666666666
856.744,3.620037941348162,34.46939221270057,32.15697978179269,189.01465784696694,2026-06-25 04:46:00.613423,0.6060000000000001,0.21200000000000002,5.896727292176054,32.81368035046747,-34.68733,17.499939666666666
856.66,3.6214392577442935,34.46939739201805,32.158473073927105,189.00440196081072,2026-06-25 04:46:00.638417,0.6060000000000001,0.21200000000000002,5.894766054615866,32.814491079617206,-34.68733,17.499939666666666
856.397,3.626226253787426,34.469418205069026,32.16237925433721,188.96776606804323,2026-06-25 04:46:00.738391,0.6060000000000001,0.21200000000000002,5.898712390567691,32.817029433978874,-34.68733,17.499939666666666
856.219,3.6283241014904313,34.46942859777513,32.16385477485385,188.9380831074478,2026-06-25 04:46:00.788378,0.6060000000000001,0.21200000000000002,5.898736264478927,32.81874740765331,-34.68733,17.499939666666666
856.008,3.6301872987140054,34.46943896563341,32.165027372968,188.92155491890713,2026-06-25 04:46:00.838365,0.6060000000000001,0.21200000000000002,5.898744222219323,32.82078388206514,-34.68733,17.499939666666666
855.829,3.631803201618157,34.469449297694595,32.165920019671724,188.90643437624317,2026-06-25 04:46:00.888351,0.6060000000000001,0.21200000000000002,5.898752179844713,32.82641128557343,-34.68733,17.499939666666666
855.313,3.634268998619437,34.46946981381174,32.16697336468786,188.8845831270776,2026-06-25 04:46:00.988325,0.6060000000000001,0.21200000000000002,5.89482994512582,32.842633297921324,-34.68733,17.499939666666666
855.4839999999999,3.634141376701208,34.46946978141066,32.166872512529125,188.8865936178479,2026-06-25 04:46:00.988325,0.6060000000000001,0.21200000000000002,5.896795026983257,32.83725739848045,-34.68733,17.499939666666666
854.867,3.6357193087131887,34.46950008270533,32.167221173659655,188.86489823213108,2026-06-25 04:46:01.088299,0.6060000000000001,0.21200000000000002,5.894841923774101,32.85665464967939,-34.68733,17.499939666666666
855.16,3.6360864597472564,34.46949007137629,32.16710870064916,188.86565637722302,2026-06-25 04:46:01.138286,0.6060000000000001,0.21200000000000002,5.894841923774101,32.847443313210526,-34.68733,17.499939666666666
854.552,3.6361633794891652,34.46951980190957,32.16651890670621,188.66706184192444,2026-06-25 04:46:01.238260,0.6060000000000001,0.21200000000000002,5.895958405127634,32.86655762233363,-34.68733,17.499939666666666
853.952,3.6355977805303716,34.4695439456968,32.16547083890893,188.85316531760682,2026-06-25 04:46:01.363228,0.6060000000000001,0.21200000000000002,5.896812980713124,32.88449549653272,-34.68733,17.499939666666666
853.83,3.6350931438647494,34.46955810434962,32.164808807924786,188.85599954137325,2026-06-25 04:46:01.438208,0.6060000000000001,0.21200000000000002,5.8948459165991585,32.88813191845576,-34.68733,17.499939666666666
853.463,3.6347850087458893,34.469567389398705,32.16442349469198,188.85743947277192,2026-06-25 04:46:01.488195,0.6060000000000001,0.21200000000000002,5.894841923774101,32.89907099096197,-34.68733,17.499939666666666
853.2895000000001,3.634460695602442,34.469581078520164,32.16401816921601,188.86209993766525,2026-06-25 04:46:01.563176,0.6060000000000001,0.21200000000000002,5.898766105408831,32.904242459844326,-34.68733,17.499939666666666
853.023,3.634335849346233,34.46959452526652,32.1638547110841,188.85581449373313,2026-06-25 04:46:01.638156,0.6060000000000001,0.21200000000000002,5.894841923774101,32.91218595527458,-34.68733,17.499939666666666
852.7745,3.6345798456778344,34.469607666431735,32.164095323471145,188.84952239554795,2026-06-25 04:46:01.713136,0.6060000000000001,0.21200000000000002,5.896810984315021,32.9195929294375,-34.68733,17.499939666666666
852.432,3.635217235741958,34.46962056361222,32.164737156049696,188.8560589319507,2026-06-25 04:46:01.788117,0.6060000000000001,0.21200000000000002,5.89482994512582,32.90949779603026,-34.68733,17.499939666666666
852.1635,3.6363765461567894,34.46963315999932,32.16593435605023,188.84692684421324,2026-06-25 04:46:01.863097,0.6060000000000001,0.21200000000000002,5.894831941581627,32.900622861220725,-34.68733,17.499939666666666
851.7584999999999,3.638501749240218,34.46964956605922,32.168192078970975,188.8244960069629,2026-06-25 04:46:01.963071,0.6060000000000001,0.21200000000000002,5.89484392018663,32.88723608804433,-34.68733,17.499939666666666
851.3669999999998,3.6417245473658877,34.46966942960985,32.17155936823671,189.0384276605131,2026-06-25 04:46:02.088039,0.6060000000000001,0.21200000000000002,5.894857618176773,32.87429554064048,-34.68733,17.499939666666666
850.924,3.6443108774960686,34.46968491190932,32.17408877545577,188.7676356342163,2026-06-25 04:46:02.188013,0.6060000000000001,0.21200000000000002,5.89487386556674,32.85965272454877,-34.68733,17.499939666666666
850.644,3.6454863603276437,34.46969999879435,32.17512661779296,188.75371130870212,2026-06-25 04:46:02.238000,0.6060000000000001,0.21200000000000002,5.898811858369623,32.85039767148855,-34.68733,17.499939666666666
850.758,3.6465670759640587,34.46969249760096,32.17599614205307,188.74352850424856,2026-06-25 04:46:02.287987,0.6060000000000001,0.21200000000000002,5.894889835770671,32.8541658002345,-34.68733,17.499939666666666
850.284,3.647559779015107,34.46970742199862,32.17671112323681,188.7349998513394,2026-06-25 04:46:02.337974,0.6060000000000001,0.21200000000000002,5.894889835770671,32.83849831755398,-34.68733,17.499939666666666
850.228,3.6484791577196014,34.469714774171905,32.17730499508495,188.7302932739998,2026-06-25 04:46:02.387961,0.6060000000000001,0.21000000000000002,5.894889835770671,32.836647306941934,-34.68733,17.499939666666666
849.9835,3.6497533021670074,34.46972567905402,32.17806345277167,188.71930062244667,2026-06-25 04:46:02.462941,0.6120000000000001,0.21200000000000002,5.8948938282495345,32.8285656623947,-34.68733,17.499939666666666
849.343,3.651347587166751,34.469740053481615,32.17905082450599,188.70199889690895,2026-06-25 04:46:02.562915,0.6090000000000001,0.21200000000000002,5.896864785236732,32.80739472851944,-34.68733,17.499939666666666
849.21,3.652881570815361,34.469754289962395,32.18015729144105,188.68919416134756,2026-06-25 04:46:02.662889,0.6089999999999788,0.21200000000000002,5.894905805513039,32.80299857831584,-34.68733,17.499939666666666
849.02,3.653992940618563,34.46976492141193,32.18106073022539,188.68556946238627,2026-06-25 04:46:02.737869,0.6060000000000001,0.21200000000000002,5.894901813120717,32.79671836373926,-34.68733,17.499939666666666
848.659,3.654693242602913,34.46977200401717,32.18166663256228,188.66701306811774,2026-06-25 04:46:02.787856,0.6060000000000001,0.21200000000000002,5.89884766237995,32.784785956043756,-34.68733,17.499939666666666
848.3385000000001,3.6556735053617526,34.469782650960965,32.182507914238954,188.65520503415792,2026-06-25 04:46:02.862837,0.6090000000000065,0.21099999999999788,5.894923770917907,32.77419222566589,-34.68733,17.499939666666666
847.981,3.656601147819984,34.46979334732948,32.183241961321436,188.64641311509666,2026-06-25 04:46:02.937817,0.6060000000000001,0.21200000000000002,5.894925767041952,32.762375506133644,-34.68733,17.499939666666666
847.7815,3.6574871974485674,34.46980414626091,32.18383958396011,188.6422063542282,2026-06-25 04:46:03.012798,0.6060000000000001,0.21099999999999927,5.896888696652183,32.75578128082824,-34.68733,17.499939666666666
847.627,3.658340863510707,34.469815060710616,32.1843586116984,188.6323611920547,2026-06-25 04:46:03.087778,0.6060000000000001,0.21200000000000002,5.894929759261199,32.750674474764644,-34.68733,17.499939666666666
847.1015,3.659149055837447,34.46982616240767,32.18482913423104,188.61964325259544,2026-06-25 04:46:03.162759,0.6090000000000001,0.21100000000000002,5.896900644843958,32.733304723396266,-34.68733,17.499939666666666
846.979,3.659938989049687,34.46983744876024,32.18529063001631,188.6103578306369,2026-06-25 04:46:03.237739,0.6060000000000001,0.21200000000000002,5.8949417357458715,32.72925563768242,-34.68733,17.499939666666666
846.816,3.6604722118215434,34.46984511572041,32.18560183650694,188.6096218466599,2026-06-25 04:46:03.287726,0.6060000000000001,0.21200000000000002,5.894937743613158,32.723867874650935,-34.68733,17.499939666666666
846.604,3.6610213996940297,34.46985290456369,32.185921272772894,188.60532512350994,2026-06-25 04:46:03.337713,0.6000000000000001,0.21200000000000002,5.898867552490778,32.7168604773339,-34.68733,17.499939666666666
846.45,3.661591155794042,34.46986082723137,32.18625413106148,188.59525569919737,2026-06-25 04:46:03.387700,0.6060000000000001,0.21200000000000002,5.894945727849741,32.71177019815078,-34.68733,17.499939666666666
846.252,3.66218136803785,34.469868895699484,32.18660569925621,188.5939664924246,2026-06-25 04:46:03.437687,0.6060000000000001,0.21200000000000002,5.8949417357458715,32.70522555348676,-34.68733,17.499939666666666
845.9945,3.663094399114518,34.46988131997773,32.18717711287083,188.58299374889842,2026-06-25 04:46:03.512667,0.6060000000000001,0.21200000000000002,5.898877497273146,32.69671421004745,-34.68733,17.499939666666666
845.491,3.664019608679908,34.469894095775196,32.18779069987668,188.56992185377018,2026-06-25 04:46:03.587648,0.6060000000000001,0.21200000000000002,5.8988834640620915,32.68007164141952,-34.68733,17.499939666666666
845.268,3.6646378723391657,34.46990286721671,32.1882228430332,188.56213659990223,2026-06-25 04:46:03.637635,0.6060000000000001,0.21200000000000002,5.8949577039882906,32.67270065273227,-34.68733,17.499939666666666
845.172,3.665252519567014,34.46991184418299,32.188666729331025,188.5585021343034,2026-06-25 04:46:03.687622,0.6060000000000001,0.21200000000000002,5.8949577039882906,32.66952749168305,-34.68733,17.499939666666666
844.742,3.666410102619611,34.46993058202807,32.189551053883605,188.54958533597284,2026-06-25 04:46:03.787596,0.6060000000000001,0.21200000000000002,5.898887441883069,32.65531437448342,-34.68733,17.499939666666666
844.884,3.6664297023705212,34.46993046173649,32.18955885937967,188.55067483124185,2026-06-25 04:46:03.787596,0.6060000000000001,0.21200000000000002,5.898887441883069,32.66000800853539,-34.68733,17.499939666666666
844.38,3.667683165140599,34.46995513112677,32.190584180636705,188.52838028712162,2026-06-25 04:46:03.912563,0.6060000000000001,0.21200000000000002,5.8989033528795805,32.64334891302699,-34.68733,17.499939666666666
844.113,3.6683220321644097,34.46997067453528,32.191142795594175,188.52628539094468,2026-06-25 04:46:03.987544,0.6060000000000001,0.21200000000000002,5.898899375173562,32.63452355885885,-34.68733,17.499939666666666
843.7635,3.6688863026873504,34.469986931650624,32.191676026987665,188.51615089180243,2026-06-25 04:46:04.062524,0.6029999999998864,0.21200000000000002,5.898905341718221,32.62297126941404,-34.68733,17.499939666666666
843.56,3.6694203740131024,34.47000379206658,32.19219247055935,188.51044573978706,2026-06-25 04:46:04.137505,0.6060000000000001,0.21200000000000002,5.898907330556861,32.616244829064904,-34.68733,17.499939666666666
843.328,3.669947819624542,34.47002144585058,32.192647859393205,188.5076118677317,2026-06-25 04:46:04.212485,0.602999999999997,0.210999999999999,5.894975667705795,32.6085763565293,-34.68733,17.499939666666666
842.815,3.6706216500857294,34.47004610110703,32.19307133407973,188.4986846400444,2026-06-25 04:46:04.312459,0.6029999999999948,0.2110000000000018,5.898907330556861,32.59161977717253,-34.68733,17.499939666666666
842.513,3.671156769780016,34.470072164607245,32.19318431888177,188.48752849813897,2026-06-25 04:46:04.412433,0.6060000000000001,0.21100000000000002,5.898915285810839,32.58163754137186,-34.68733,17.499939666666666
841.901,3.671429373801691,34.47009263319176,32.193085562630415,188.47501219277052,2026-06-25 04:46:04.487413,0.6060000000000001,0.21000000000000002,5.898923240978603,32.56140863968309,-34.68733,17.499939666666666
841.543,3.6716569482001504,34.47012153553577,32.19281072626324,188.4771125024592,2026-06-25 04:46:04.587387,0.6060000000000001,0.21000000000000002,5.8949856473021,32.54957539327037,-34.68733,17.499939666666666
841.798,3.6716621263331612,34.47012133517487,32.192816601499686,188.47305088645408,2026-06-25 04:46:04.587387,0.6060000000000001,0.21000000000000002,5.898923240964234,32.558004102307365,-34.68733,17.499939666666666
841.242,3.671934996251777,34.47016741282731,32.19259164415671,188.46712155656485,2026-06-25 04:46:04.687361,0.6060000000000001,0.21200000000000002,5.898923240978603,32.58757373146942,-34.68733,17.499939666666666
841.309,3.6721926542159555,34.47015163977597,32.19260577251074,188.47266969417126,2026-06-25 04:46:04.737348,0.6060000000000001,0.21200000000000002,5.898915285825208,32.57911562961116,-34.68733,17.499939666666666
840.968,3.672587342942696,34.47018360971077,32.19277822891986,188.46490636504083,2026-06-25 04:46:04.787335,0.6060000000000001,0.21000000000000002,5.898919263416274,32.62216358085991,-34.68733,17.499939666666666
840.73,3.673163865560617,34.470200237581274,32.193171563013145,188.45718288591263,2026-06-25 04:46:04.837322,0.6060000000000001,0.21000000000000002,5.898923240978603,32.65220877850565,-34.68733,17.499939666666666
840.428,3.674498770549282,34.47022605841987,32.19434051586133,188.45004893712118,2026-06-25 04:46:04.912303,0.6060000000000001,0.21000000000000002,5.898921252197439,32.690333357030944,-34.68733,17.499939666666666
840.153,3.677221046453134,34.47026198344357,32.19702714908357,188.43367715968748,2026-06-25 04:46:05.012277,0.6060000000000001,0.21000000000000002,5.898923240978603,32.72504944674767,-34.68733,17.499939666666666
839.583,3.6800242573481556,34.47029007283265,32.199892368036636,188.40988178427764,2026-06-25 04:46:05.087257,0.6060000000000001,0.21000000000000002,5.89893119601705,32.75322803135191,-34.68733,17.499939666666666
839.136,3.6849815129674637,34.47032948253576,32.20484720984511,188.49649153954226,2026-06-25 04:46:05.187231,0.6060000000000001,0.21000000000000002,5.8989530716903,32.77209710131813,-34.68733,17.499939666666666
839.376,3.684851641779875,34.47032924337561,32.204751263975965,188.37671959494608,2026-06-25 04:46:05.187231,0.6060000000000001,0.21000000000000002,5.898943128359197,32.761966057040965,-34.68733,17.499939666666666
838.81,3.6907043630074825,34.47037032693161,32.210377378040974,188.5897881231836,2026-06-25 04:46:05.287205,0.6060000000000001,0.21000000000000002,5.898963015021402,32.78585843646128,-34.68733,17.499939666666666
838.419,3.6972115854440273,34.47041360774164,32.21637254644944,188.53503352703748,2026-06-25 04:46:05.387179,0.6060000000000001,0.21000000000000002,5.898990855141669,32.802363596096164,-34.68733,17.499939666666666
838.604,3.6972258112658922,34.47041335999053,32.21637006057813,188.5395843263732,2026-06-25 04:46:05.387179,0.6060000000000001,0.21000000000000002,5.898986877837973,32.79455424946585,-34.68733,17.499939666666666
838.204,3.7070326218519254,34.470481634272645,32.22521929375243,188.45112856069957,2026-06-25 04:46:05.537140,0.6060000000000001,0.20800000000000002,5.899038577786759,32.811439323261126,-34.68733,17.499939666666666
837.9694999999999,3.708399187495021,34.47049402385534,32.22644370895057,188.43827819279133,2026-06-25 04:46:05.562133,0.6120000000000001,0.20900000000000069,5.899044542392007,32.7928805103346,-34.68733,17.499939666666666
837.5115000000001,3.7128685011524265,34.470529928433244,32.23044047069824,188.39853539271803,2026-06-25 04:46:05.637114,0.6090000000000046,0.20900000000000155,5.899064425534687,32.659773909923075,-34.68733,17.499939666666666
837.032,3.718156266153019,34.47060556873938,32.23509106804908,188.35328118594683,2026-06-25 04:46:05.737088,0.6060000000000001,0.20800000000000002,5.899086296295003,32.52041885556205,-34.68733,17.499939666666666
837.171,3.720476575220226,34.47057975542961,32.23704576170946,188.34074909859785,2026-06-25 04:46:05.787075,0.6120000000000001,0.20800000000000002,5.899090272650641,32.56081583690967,-34.68733,17.499939666666666
836.7875,3.7236109165162095,34.47064532373547,32.23956708242041,188.3077346809496,2026-06-25 04:46:05.862055,0.6120000000000001,0.20800000000000002,5.8991101539836155,32.449360855997355,-34.68733,17.499939666666666
836.4855,3.72726377332224,34.470700062018736,32.24229876357937,188.27918730512752,2026-06-25 04:46:05.962029,0.6090000000000001,0.21000000000000002,5.899122082461705,32.473927954286,-34.68733,17.499939666666666
835.9965,3.7303246762089914,34.470756884203524,32.24433349812742,188.24719533807144,2026-06-25 04:46:06.062003,0.6120000000000001,0.20800000000000002,5.899139974640315,32.5485075875046,-34.68733,17.499939666666666
835.572,3.732287037333766,34.47080080490966,32.24546461254629,188.22386832508198,2026-06-25 04:46:06.136983,0.6120000000000001,0.21000000000000002,5.89915389043459,32.61325002983853,-34.68733,17.499939666666666
835.331,3.7334565279455774,34.47083078063662,32.246047062292945,188.21339888690636,2026-06-25 04:46:06.186970,0.6060000000000001,0.21000000000000002,5.899157866301962,32.650006045392075,-34.68733,17.499939666666666
835.205,3.7345489251814703,34.47086127708906,32.246539875032454,188.20730893681724,2026-06-25 04:46:06.236957,0.6060000000000001,0.20800000000000002,5.899157866301962,32.669222883399314,-34.68733,17.499939666666666
835.025,3.736053198666233,34.470908060616,32.24718965403618,188.1973272033655,2026-06-25 04:46:06.311938,0.6060000000000001,0.20900000000000002,5.899159854221288,32.69667550912396,-34.68733,17.499939666666666
834.707,3.7374077482430996,34.47095587935132,32.247821646993664,188.18381434349988,2026-06-25 04:46:06.386918,0.6120000000000001,0.20800000000000002,5.899165817950549,32.745175147904156,-34.68733,17.499939666666666
834.3354999999999,3.7385437161958293,34.471004984759716,32.24846741458734,188.1631793760852,2026-06-25 04:46:06.461899,0.6060000000000001,0.20900000000000116,5.89918172088875,32.69789723918233,-34.68733,17.499939666666666
833.901,3.7398206788692363,34.47107215932516,32.249333095792515,188.14596264537067,2026-06-25 04:46:06.561873,0.6090000000000001,0.21000000000000002,5.899191660011542,32.642601811619414,-34.68733,17.499939666666666
833.661,3.740704644082937,34.47112380389584,32.25001776023434,188.14446487641624,2026-06-25 04:46:06.636853,0.6060000000000001,0.21000000000000002,5.899185696569455,32.61205888270088,-34.68733,17.499939666666666
833.383,3.741320309691185,34.471158900111995,32.25054850102275,188.13929519319197,2026-06-25 04:46:06.686840,0.6060000000000001,0.21000000000000002,5.899185696569455,32.57667999003692,-34.68733,17.499939666666666
832.9585,3.7424075318332233,34.47121253105902,32.25158115744206,188.11844371810454,2026-06-25 04:46:06.761821,0.6060000000000001,0.21000000000000002,5.899201598933322,32.52265718451226,-34.68733,17.499939666666666
832.7645,3.7443559773535546,34.47128565808951,32.25354903189765,188.2453766191664,2026-06-25 04:46:06.861794,0.6060000000000001,0.21000000000000002,5.899191660011542,32.52492586042671,-34.68733,17.499939666666666
832.483,3.746281563346488,34.47134169645298,32.255559630065775,188.36247927838681,2026-06-25 04:46:06.936775,0.6060000000000001,0.21000000000000002,5.8991936478159985,32.5510488846055,-34.68733,17.499939666666666
832.32,3.7478044619568616,34.47137967910616,32.25717807428484,188.34794581133986,2026-06-25 04:46:06.986762,0.6120000000000001,0.21000000000000002,5.89920159894768,32.56617518279782,-34.68733,17.499939666666666
831.721,3.7494807000255888,34.4714766830071,32.25895881847298,188.32594236322018,2026-06-25 04:46:07.036749,0.6060000000000001,0.21000000000000002,5.899213525429835,32.62176200867027,-34.68733,17.499939666666666
831.944,3.752238309439938,34.47141812091527,32.261816991902066,188.30754286719946,2026-06-25 04:46:07.111729,0.6090000000000001,0.21000000000000002,5.899223463963965,32.60106774795315,-34.68733,17.499939666666666
831.47,3.755167696583154,34.47153612411745,32.26473073057285,188.28234941547456,2026-06-25 04:46:07.186710,0.6120000000000001,0.21000000000000002,5.899233402325812,32.64505465189895,-34.68733,17.499939666666666
831.178,3.7581853478574594,34.47159663091337,32.26754893123877,188.25833921994973,2026-06-25 04:46:07.261690,0.6090000000000001,0.21000000000000002,5.899243340501027,32.672152069519576,-34.68733,17.499939666666666
830.874,3.7621205263362754,34.47167867144527,32.27100112308351,188.0910148584753,2026-06-25 04:46:07.361664,0.6089999999999758,0.21000000000000002,5.899265203851968,32.67489796185079,-34.68733,17.499939666666666
830.473,3.7657607815951533,34.471762275968615,32.274072610272256,187.9304251543745,2026-06-25 04:46:07.461638,0.6060000000000001,0.21000000000000002,5.899279116458903,32.67701940405281,-34.68733,17.499939666666666
830.145,3.7682432508870995,34.4718259070631,32.276255569276486,188.16501019755492,2026-06-25 04:46:07.536619,0.6060000000000001,0.21000000000000002,5.899293028706972,32.678754648547226,-34.68733,17.499939666666666
829.898,3.7697866993528466,34.47186879807319,32.2777322885307,187.8841165646672,2026-06-25 04:46:07.586606,0.6060000000000001,0.21000000000000002,5.899308927984326,32.680061372297594,-34.68733,17.499939666666666
829.5706666666669,3.7735293203105003,34.4719703958203,32.28163620424115,187.8580360164714,2026-06-25 04:46:07.703242,0.6060000000000001,0.21000000000000002,5.899316877450762,32.68179308987231,-34.68733,17.499939666666666
829.1825,3.7765488686638093,34.47204372528975,32.28477574075559,187.83939571744162,2026-06-25 04:46:07.786553,0.6060000000000001,0.21000000000000002,5.89931886479584,32.68384663887002,-34.68733,17.499939666666666
828.732,3.782265997713341,34.472155176773086,32.290260527102205,187.93600576298684,2026-06-25 04:46:07.911521,0.6060000000000001,0.21000000000000002,5.89932283944294,32.64830504181986,-34.68733,17.499939666666666
828.46,3.7864131025920504,34.47222280987474,32.293819169640535,188.03054645324013,2026-06-25 04:46:07.986501,0.6060000000000001,0.21000000000000002,5.8993407251611245,32.6250656127459,-34.68733,17.499939666666666
828.093,3.7893529602154725,34.472268183984035,32.29616645808863,188.00786500207363,2026-06-25 04:46:08.036488,0.6060000000000001,0.21000000000000002,5.899348674168273,32.59370947131153,-34.68733,17.499939666666666
827.593,3.7950954619155706,34.47235956021052,32.300452118999544,187.68903536909048,2026-06-25 04:46:08.136462,0.6060000000000001,0.21000000000000002,5.899386430093729,32.55098993257261,-34.68733,17.499939666666666
827.887,3.7951814643883583,34.472359484749475,32.30054326579344,187.6926060410277,2026-06-25 04:46:08.136462,0.6060000000000001,0.21000000000000002,5.899384443279638,32.576109021351094,-34.68733,17.499939666666666
827.167,3.8014221397156405,34.4724744509617,32.30494686996686,187.75846798752625,2026-06-25 04:46:08.261430,0.6060000000000001,0.21000000000000002,5.899422196952078,32.54681371462089,-34.68733,17.499939666666666
826.629,3.805916580307204,34.47259001620874,32.307970181194165,187.84295548374953,2026-06-25 04:46:08.386397,0.6060000000000001,0.21000000000000002,5.899448027070895,32.54506893489434,-34.68733,17.499939666666666
826.7774999999999,3.8057766395060373,34.47258999710966,32.30786870648814,187.71684029581488,2026-06-25 04:46:08.386397,0.6060000000000001,0.21000000000000002,5.899446040185035,32.545550533015884,-34.68733,17.499939666666666
826.193,3.8082246226962044,34.47268263272231,32.309445111800976,187.8194910303542,2026-06-25 04:46:08.486371,0.6060000000000001,0.21000000000000002,5.89945994821388,32.54365494983714,-34.68733,17.499939666666666
825.9933333333333,3.8099502168283546,34.47279056524457,32.310423518510795,187.80772251026298,2026-06-25 04:46:08.603007,0.6060000000000001,0.21000000000000002,5.8994626685264695,32.54262958936439,-34.68733,17.499939666666666
825.683,3.8104174717224657,34.47282142314224,32.31069154955903,187.80507864627052,2026-06-25 04:46:08.636332,0.6060000000000001,0.21000000000000002,5.89945994821388,32.53362872899474,-34.68733,17.499939666666666
825.566,3.811526954880863,34.47291352026453,32.31112702022279,187.7989268511513,2026-06-25 04:46:08.736306,0.6060000000000001,0.21000000000000002,5.89945994821388,32.530235278952055,-34.68733,17.499939666666666
824.9994999999999,3.812230423765459,34.47298217504998,32.311290802388314,187.7817446712936,2026-06-25 04:46:08.811286,0.6090000000000229,0.21000000000000002,5.899471869084262,32.51380459989919,-34.68733,17.499939666666666
824.726,3.812829678470983,34.47305042650087,32.31137772647099,187.77359377733094,2026-06-25 04:46:08.886267,0.6060000000000001,0.21000000000000002,5.899475842669463,32.50587204787632,-34.68733,17.499939666666666
824.45,3.8131523564269756,34.473162785217866,32.31141826494883,187.76969308965596,2026-06-25 04:46:08.936254,0.6060000000000001,0.21000000000000002,5.899475842669463,32.497866986237156,-34.68733,17.499939666666666
824.5844999999999,3.813511758419865,34.47309560437815,32.31150292446293,187.764655145678,2026-06-25 04:46:09.011234,0.6060000000000001,0.21000000000000002,5.8994818029683564,32.501768003593924,-34.68733,17.499939666666666
824.019,3.8137432430924445,34.47322929250151,32.311617224304335,187.76027956162233,2026-06-25 04:46:09.086215,0.6120000000000001,0.21000000000000002,5.899479816211623,32.485366328387585,-34.68733,17.499939666666666
823.7625,3.8138155035389643,34.473294821845705,32.311736518802974,187.75467934846762,2026-06-25 04:46:09.161195,0.6060000000000001,0.21000000000000002,5.899483789710743,32.520182846808986,-34.68733,17.499939666666666
823.527,3.813783173264343,34.473359456415785,32.31184850552116,187.74973160729732,2026-06-25 04:46:09.236176,0.6060000000000001,0.21000000000000002,5.899487763209863,32.552148890038,-34.68733,17.499939666666666
823.46,3.813719796239754,34.47340188519375,32.31193333318894,187.75247611983468,2026-06-25 04:46:09.286163,0.6060000000000001,0.21000000000000002,5.89948378972509,32.56124326327088,-34.68733,17.499939666666666
823.082,3.8136521381947035,34.47344376873616,32.31204281645027,187.7496029755839,2026-06-25 04:46:09.336149,0.6060000000000001,0.21000000000000002,5.89948378972509,32.61255181673402,-34.68733,17.499939666666666
822.8,3.8136066760085283,34.473485066475504,32.312185136534566,187.74742383822593,2026-06-25 04:46:09.386136,0.6060000000000001,0.21000000000000002,5.89948378972509,32.650829626460485,-34.68733,17.499939666666666
822.5464999999999,3.8136446205320773,34.47354573782635,32.31245712083279,187.74660714059735,2026-06-25 04:46:09.461117,0.6060000000000001,0.21000000000000002,5.899481802939663,32.68523893414013,-34.68733,17.499939666666666
822.316,3.8138130871275777,34.47360502815135,32.31276011861519,187.75151426199932,2026-06-25 04:46:09.536097,0.6060000000000001,0.21000000000000002,5.899471869098608,32.68870526213215,-34.68733,17.499939666666666
822.152,3.8139987256394154,34.47364356251579,32.31296140300262,187.74619661617234,2026-06-25 04:46:09.586084,0.6060000000000001,0.21000000000000002,5.899475842669463,32.682801615833846,-34.68733,17.499939666666666
821.63,3.814468536737652,34.47373527911397,32.313310945962385,187.7304242989943,2026-06-25 04:46:09.686058,0.6060000000000001,0.21000000000000002,5.899487763209863,32.664010741640446,-34.68733,17.499939666666666
821.836,3.8146260498688926,34.47371818917613,32.31334225944155,187.7329638682706,2026-06-25 04:46:09.711052,0.6060000000000001,0.21000000000000002,5.899485776467476,32.67142629735662,-34.68733,17.499939666666666
821.2825,3.8150417157443837,34.47378877051021,32.313518878693955,187.72639594570177,2026-06-25 04:46:09.786032,0.6060000000000001,0.21000000000000002,5.899485776467476,32.65150149109982,-34.68733,17.499939666666666
820.775,3.8160365240011953,34.473888027777804,32.31363832774803,187.71318394769557,2026-06-25 04:46:09.935993,0.6060000000000001,0.21000000000000002,5.8994914132451,32.63323258563402,-34.68733,17.499939666666666
820.423,3.816810078018305,34.47394897490151,32.313669324283254,187.70641399611088,2026-06-25 04:46:10.035967,0.6060000000000001,0.21000000000000002,5.899491736665944,32.58104105313217,-34.68733,17.499939666666666
819.79,3.817477340268022,34.474030619715165,32.31378251067724,187.6980268347265,2026-06-25 04:46:10.110948,0.6060000000000001,0.21000000000000002,5.899491736665944,32.46891033038844,-34.68733,17.499939666666666
819.922,3.8182185282940617,34.47399108084326,32.31404011620792,187.68659928465394,2026-06-25 04:46:10.185928,0.6060000000000001,0.21000000000000002,5.899503656862031,32.492293040344485,-34.68733,17.499939666666666
819.558,3.8191222391562913,34.47406677455872,32.314581238611495,187.6793677504276,2026-06-25 04:46:10.260908,0.6060000000000001,0.21000000000000002,5.899503656862031,32.42781344622329,-34.68733,17.499939666666666
819.2,3.8202411455184584,34.47410008299843,32.31542696941748,187.67125839218713,2026-06-25 04:46:10.335889,0.6060000000000001,0.21000000000000002,5.899503656862031,32.36439670255466,-34.68733,17.499939666666666
819.0015000000001,3.8217307365401707,34.47412966159425,32.316726200953674,187.66278299900034,2026-06-25 04:46:10.410869,0.6060000000000001,0.21000000000000002,5.899503656862031,32.329234066749564,-34.68733,17.499939666666666
817.97,3.8235810358753963,34.474197528972354,32.31843304808241,187.63959814578564,2026-06-25 04:46:10.485850,0.6060000000000001,0.21000000000000002,5.899511603515963,32.42712737343978,-34.68733,17.499939666666666
818.44,3.8259870902652255,34.474156120882554,32.320729747484414,187.62185013307592,2026-06-25 04:46:10.560830,0.6060000000000001,0.21000000000000002,5.899525509851918,32.380315889245395,-34.68733,17.499939666666666
818.095,3.8289737508941952,34.4741785154583,32.32361235538106,187.59769551297927,2026-06-25 04:46:10.635811,0.6060000000000001,0.21000000000000002,5.899535442789184,32.41467751062213,-34.68733,17.499939666666666
817.725,3.831439360377436,34.47420788082736,32.32601128198598,187.5864174701702,2026-06-25 04:46:10.685798,0.6060000000000001,0.21000000000000002,5.899531469648705,32.45152910456239,-34.68733,17.499939666666666
817.556,3.835963910714569,34.474219801549616,32.3304701379463,187.8157101321507,2026-06-25 04:46:10.760778,0.6060000000000001,0.21400000000000002,5.899541402413835,32.468361319091855,-34.68733,17.499939666666666
817.23,3.845750649404076,34.47422800834044,32.340219602909116,187.74536483207373,2026-06-25 04:46:10.885746,0.6060000000000001,0.21400000000000002,5.899571199633426,32.500830561320306,-34.68733,17.499939666666666
816.9615,3.8503165777105828,34.47422800834044,32.344741116039486,187.71159620244606,2026-06-25 04:46:10.935733,0.6060000000000001,0.21400000000000002,5.899585104534973,32.52081243600613,-34.68733,17.499939666666666
816.604,3.8602976559554687,34.47422800834044,32.354536639140086,187.6432281238824,2026-06-25 04:46:11.035706,0.6060000000000001,0.21400000000000002,5.899610927007681,32.5171206053537,-34.68733,17.499939666666666
816.317,3.865652673291666,34.47422298413314,32.35973988114473,187.59808981747707,2026-06-25 04:46:11.085693,0.6060000000000001,0.21400000000000002,5.899634761977963,32.51415681403274,-34.68733,17.499939666666666
816.1120000000001,3.873652639280749,34.474211296206214,32.36744451908444,187.52783736460802,2026-06-25 04:46:11.160674,0.6060000000000001,0.21400000000000002,5.899676470659203,32.51203982023205,-34.68733,17.499939666666666
815.799,3.8812813173001657,34.47419539099298,32.37467303021275,187.46759537704654,2026-06-25 04:46:11.235654,0.6060000000000001,0.21400000000000002,5.9036330763231,32.50880753213635,-34.68733,17.499939666666666
815.55,3.888019158893282,34.47417412601884,32.380856488397384,187.5245408823368,2026-06-25 04:46:11.310635,0.6060000000000001,0.21400000000000002,5.901721172764718,32.506236159178435,-34.68733,17.499939666666666
815.213,3.8938669213218016,34.47414851140779,32.38601922618998,187.34135036395918,2026-06-25 04:46:11.385615,0.6060000000000001,0.21400000000000002,5.903716182092273,32.525002957258316,-34.68733,17.499939666666666
814.95,3.898601630503178,34.474117395500016,32.38993656075364,187.30852107553997,2026-06-25 04:46:11.460596,0.6060000000000001,0.21400000000000002,5.899801577848459,32.53996357231534,-34.68733,17.499939666666666
814.5615,3.903596540607281,34.4740684938527,32.39377183086597,187.26586629674034,2026-06-25 04:46:11.560570,0.6060000000000001,0.21400000000000002,5.899823419022539,32.56206318809348,-34.68733,17.499939666666666
814.115,3.9065077795112604,34.474026220838134,32.395808776443594,187.23831228980941,2026-06-25 04:46:11.635550,0.6060000000000001,0.21400000000000002,5.903763665446775,32.587462103009685,-34.68733,17.499939666666666
813.887,3.9080871174768976,34.473995041243384,32.39682496733444,187.22929287489038,2026-06-25 04:46:11.685537,0.6060000000000001,0.21400000000000002,5.899837317543646,32.600431761690295,-34.68733,17.499939666666666
813.783,3.9100396746603217,34.47394376847764,32.39798982738403,187.20435945172957,2026-06-25 04:46:11.760518,0.6060000000000001,0.21200000000000002,5.899857171904255,32.606347746351624,-34.68733,17.499939666666666
813.476,3.9116931532093235,34.47388799540499,32.39889507709126,187.18827783656369,2026-06-25 04:46:11.835498,0.6060000000000001,0.21000000000000002,5.8998651134679125,32.64757589674326,-34.68733,17.499939666666666
813.191,3.912673783075704,34.473847820351565,32.39936780362941,186.92341150294908,2026-06-25 04:46:11.885485,0.6060000000000001,0.21000000000000002,5.8998651134679125,32.68868839782539,-34.68733,17.499939666666666
812.558,3.914521777675938,34.473664884597675,32.40008345595806,187.16508246813572,2026-06-25 04:46:11.985459,0.6060000000000001,0.21000000000000002,5.89986908419958,32.78000142654465,-34.68733,17.499939666666666
812.9495,3.914510309556346,34.47376077447156,32.400055873589295,187.0391987360976,2026-06-25 04:46:11.985459,0.6060000000000001,0.21000000000000002,5.89986908419958,32.723525832952895,-34.68733,17.499939666666666
812.675,3.9162666176680476,34.47375966864326,32.40058040027114,186.89382884962185,2026-06-25 04:46:12.085433,0.6060000000000001,0.21000000000000002,5.8998770255769255,32.76312366294252,-34.68733,17.499939666666666
812.079,3.917079574599732,34.47356028800592,32.40078634615974,186.8763381399679,2026-06-25 04:46:12.135420,0.6060000000000001,0.21000000000000002,5.899888937427977,32.7660168931709,-34.68733,17.499939666666666
812.28,3.9178451989501593,34.473613664419005,32.40098693001884,186.87140739125377,2026-06-25 04:46:12.185407,0.6060000000000001,0.21000000000000002,5.89989290798767,32.82010414689845,-34.68733,17.499939666666666
811.948,3.9185681653847304,34.47350477907464,32.40120123732475,186.8624833614306,2026-06-25 04:46:12.235394,0.6060000000000001,0.21000000000000002,5.899896878518702,32.7307659964629,-34.68733,17.499939666666666
811.385,3.9199415472346164,34.47338644857518,32.401776443680376,187.10672697094262,2026-06-25 04:46:12.335368,0.6060000000000001,0.21000000000000002,5.901863909604549,32.57926786786286,-34.68733,17.499939666666666
811.64,3.9199408901528727,34.47338747150174,32.40174542617635,187.10883283903044,2026-06-25 04:46:12.335368,0.6060000000000001,0.20800000000000002,5.899900849021074,32.64788602557691,-34.68733,17.499939666666666
811.107,3.921312549766419,34.47326198304478,32.40253058005803,186.84037094004947,2026-06-25 04:46:12.435342,0.6060000000000001,0.21000000000000002,5.899900849021074,32.504460621413806,-34.68733,17.499939666666666
810.5396666666667,3.9229321000892416,34.47305903835343,32.4037761618876,186.82556442098547,2026-06-25 04:46:12.551978,0.6060000000000001,0.21000000000000002,5.900933673529586,32.35179643261733,-34.68733,17.499939666666666
810.773,3.923399676219538,34.473104160941524,32.40414359134454,187.08023438574884,2026-06-25 04:46:12.585303,0.6060000000000001,0.21000000000000002,5.899908789939834,32.41458428934914,-34.68733,17.499939666666666
810.275,3.924740143657436,34.47291441607537,32.40535345007738,187.05502738029273,2026-06-25 04:46:12.685276,0.6060000000000001,0.20800000000000002,5.89992864173519,32.2805770636958,-34.68733,17.499939666666666
809.719,3.9261828559573226,34.472761941263975,32.406585237254205,187.04866284109673,2026-06-25 04:46:12.785250,0.6060000000000001,0.21000000000000002,5.901885711426873,32.37918692883979,-34.68733,17.499939666666666
809.868,3.9261544142405063,34.47276276811783,32.40657848476111,187.0484946914674,2026-06-25 04:46:12.785250,0.6060000000000001,0.21000000000000002,5.899924671433438,32.352760903828184,-34.68733,17.499939666666666
809.541,3.927788727868381,34.47260450742603,32.40786107956516,187.03858166220667,2026-06-25 04:46:12.885224,0.6060000000000001,0.21000000000000002,5.899924671433438,32.41075627415568,-34.68733,17.499939666666666
809.431,3.9287091081665197,34.47252303557324,32.40855435189612,187.0275005786837,2026-06-25 04:46:12.935211,0.6060000000000001,0.21000000000000002,5.903858619816965,32.43026542013741,-34.68733,17.499939666666666
808.983,3.9297067062270328,34.47235570277504,32.40929711738333,187.0164409106381,2026-06-25 04:46:12.985198,0.6060000000000001,0.21000000000000002,5.899936582252723,32.509720851044825,-34.68733,17.499939666666666
809.178,3.930791272194529,34.47244008046146,32.41010441072837,187.0099720082202,2026-06-25 04:46:13.035185,0.6060000000000001,0.21000000000000002,5.903866531938636,32.47513645589539,-34.68733,17.499939666666666
808.621,3.9319775792100033,34.47226996500608,32.411000518680645,186.9971620531069,2026-06-25 04:46:13.085172,0.6060000000000001,0.21000000000000002,5.899944522655622,32.57392367691196,-34.68733,17.499939666666666
808.358,3.9332851274182716,34.47218293137346,32.41201702598421,187.24125853845533,2026-06-25 04:46:13.135159,0.6060000000000001,0.21000000000000002,5.903878399906978,32.56471587842367,-34.68733,17.499939666666666
807.944,3.935527089083255,34.47204995462743,32.413854531200094,187.09874219535467,2026-06-25 04:46:13.210140,0.6060000000000001,0.21000000000000002,5.901915431425433,32.55022147319875,-34.68733,17.499939666666666
807.729,3.9380393504737174,34.471914721586685,32.41603194409188,187.21481340314114,2026-06-25 04:46:13.285120,0.6060000000000001,0.21000000000000002,5.903878399906978,32.54269418546117,-34.68733,17.499939666666666
807.6125,3.9407598069752527,34.47177693053055,32.41852714969866,187.19251478735166,2026-06-25 04:46:13.360101,0.6060000000000001,0.21000000000000002,5.901927306164088,32.53861544582662,-34.68733,17.499939666666666
807.42,3.943488555271957,34.471637308278645,32.4210772838214,187.16345183350316,2026-06-25 04:46:13.435081,0.6060000000000001,0.21000000000000002,5.899984222950737,32.53187589750344,-34.68733,17.499939666666666
807.249,3.9452256179044,34.47154312819247,32.4226871987622,187.148170817771,2026-06-25 04:46:13.485068,0.6060000000000001,0.21000000000000002,5.8999921626659,32.52588907795402,-34.68733,17.499939666666666
807.03,3.946850111402517,34.471448217317516,32.42415665478837,187.12995521373895,2026-06-25 04:46:13.535055,0.6060000000000001,0.21000000000000002,5.900004072023745,32.51822174765388,-34.68733,17.499939666666666
806.79,3.948336973867809,34.47135265121267,32.4254532795471,187.11524513764058,2026-06-25 04:46:13.585042,0.6060000000000001,0.21000000000000002,5.90393773589402,32.509819193900306,-34.68733,17.499939666666666
806.515,3.9502570908848504,34.47120818263592,32.42702803252808,187.23056610601145,2026-06-25 04:46:13.660022,0.6060000000000001,0.21000000000000002,5.903941691398081,32.50019126772434,-34.68733,17.499939666666666
806.028,3.9518536118686356,34.4710627874123,32.42825136052269,187.33947807774314,2026-06-25 04:46:13.735003,0.6060000000000001,0.21000000000000002,5.900027889965823,32.48314108573271,-34.68733,17.499939666666666
805.778,3.9534178793270476,34.47086768155917,32.429342636518896,187.06920171772592,2026-06-25 04:46:13.834977,0.6060000000000001,0.21000000000000002,5.900031859522557,32.474388425572734,-34.68733,17.499939666666666
805.6105,3.953576378406742,34.47081859100135,32.429415460760765,187.06411230903282,2026-06-25 04:46:13.859970,0.6060000000000001,0.21000000000000002,5.903961468475874,32.468524143265554,-34.68733,17.499939666666666
805.2819999999999,3.9543950505147327,34.470671795872676,32.42992459773018,187.3146289223878,2026-06-25 04:46:13.934951,0.6060000000000001,0.21000000000000002,5.9039634461279835,32.45702314781534,-34.68733,17.499939666666666
805.087,3.955086081671467,34.47047580645409,32.43024727047202,187.30249173415555,2026-06-25 04:46:14.034925,0.6060000000000001,0.21000000000000002,5.903973334402811,32.45019607289056,-34.68733,17.499939666666666
804.887,3.9553417799743276,34.47037794532378,32.43031229313685,187.3028564968838,2026-06-25 04:46:14.084912,0.6060000000000001,0.21000000000000002,5.903969379127137,32.443193944762584,-34.68733,17.499939666666666
804.3315,3.955910771001031,34.47018306555217,32.430444816355774,187.29898428862157,2026-06-25 04:46:14.184886,0.6060000000000001,0.21000000000000002,5.902002611186495,32.42374553388712,-34.68733,17.499939666666666
804.165,3.956261536805715,34.47008606104738,32.43055232020062,187.29003036516858,2026-06-25 04:46:14.234873,0.6060000000000001,0.21000000000000002,5.902010535932901,32.41791626222058,-34.68733,17.499939666666666
803.873,3.9574701975848194,34.46984533111732,32.43105416526953,187.28090771028081,2026-06-25 04:46:14.359840,0.6060000000000001,0.21000000000000002,5.9039753120263745,32.40769315515373,-34.68733,17.499939666666666
803.429,3.958547909613516,34.46970263792237,32.43160777294407,187.27405392426462,2026-06-25 04:46:14.434820,0.6060000000000001,0.21000000000000002,5.900047737462992,32.39214843070962,-34.68733,17.499939666666666
802.9605,3.960497881504282,34.46951541574285,32.4326760633856,187.38778950809433,2026-06-25 04:46:14.534794,0.6060000000000001,0.21000000000000002,5.902014498263208,32.375745945569825,-34.68733,17.499939666666666
802.7439999999999,3.9615769425251086,34.469422853798775,32.433263413240525,187.5074285977584,2026-06-25 04:46:14.584781,0.6060000000000001,0.21000000000000002,5.903981244868518,32.368166141871285,-34.68733,17.499939666666666
802.39,3.963827740990517,34.469239986574536,32.434454563917754,187.4883863630404,2026-06-25 04:46:14.684755,0.6060000000000001,0.21000000000000002,5.9039891552200405,32.35577237508476,-34.68733,17.499939666666666
801.909,3.965802437574362,34.46906166384755,32.43534129103089,187.4542613901128,2026-06-25 04:46:14.784729,0.6060000000000001,0.21000000000000002,5.904016840551194,32.33893225693697,-34.68733,17.499939666666666
802.1995,3.9657379943805062,34.4690622310424,32.43528050579286,187.46154135561352,2026-06-25 04:46:14.784729,0.6060000000000001,0.21000000000000002,5.904010907923147,32.34910284804286,-34.68733,17.499939666666666
801.696,3.967281808892286,34.468887875984606,32.435767810427436,187.4429415484023,2026-06-25 04:46:14.884703,0.6060000000000001,0.21000000000000002,5.904020795484326,32.33147499048068,-34.68733,17.499939666666666
801.155,3.968368890266592,34.468719022015826,32.43593062788091,187.56313173363472,2026-06-25 04:46:14.984677,0.6090000000000043,0.21000000000000002,5.90402079542724,32.31253423389449,-34.68733,17.499939666666666
801.526,3.9683806085733115,34.468719683112724,32.435926079443405,187.69248672574057,2026-06-25 04:46:14.984677,0.6060000000000001,0.21000000000000002,5.904024750388913,32.32552318157189,-34.68733,17.499939666666666
800.529,3.9699303379448447,34.4684757474219,32.436257735410905,187.6866714146916,2026-06-25 04:46:15.134638,0.6060000000000001,0.21000000000000002,5.90401288558952,32.29061757285392,-34.68733,17.499939666666666
800.7615000000001,3.969952159179707,34.46847646229362,32.43627837411677,187.6823757559007,2026-06-25 04:46:15.134638,0.6120000000000001,0.21000000000000002,5.904020795484326,32.29875754680269,-34.68733,17.499939666666666
800.088,3.9711423539732844,34.46824531910446,32.43666976103602,187.67167824731402,2026-06-25 04:46:15.234612,0.6120000000000001,0.21000000000000002,5.904020795484326,32.27517788033172,-34.68733,17.499939666666666
800.312,3.9717629588111967,34.46832065314782,32.436904165230985,187.67061395986133,2026-06-25 04:46:15.284599,0.6120000000000001,0.21000000000000002,5.904020795484326,32.283020263835056,-34.68733,17.499939666666666
799.6935,3.9726146839547924,34.46813533718372,32.43723824591653,187.90869245333775,2026-06-25 04:46:15.359579,0.6120000000000001,0.21000000000000002,5.90403661491715,32.26136618259928,-34.68733,17.499939666666666
799.494,3.9733350684724047,34.46802841423363,32.43752804563024,187.8977659073176,2026-06-25 04:46:15.434560,0.6120000000000001,0.21000000000000002,5.904044524483716,32.254381559791625,-34.68733,17.499939666666666
799.338,3.9737133308987733,34.46795919009523,32.43768816513813,187.8948379640966,2026-06-25 04:46:15.484547,0.6120000000000001,0.21000000000000002,5.904044524483716,32.2489198998518,-34.68733,17.499939666666666
799.074,3.9740124505642767,34.46789151703958,32.437828407057886,187.8944368214601,2026-06-25 04:46:15.534534,0.6120000000000001,0.21000000000000002,5.90404056972184,32.239677090722864,-34.68733,17.499939666666666
798.7455,3.974312553631985,34.467793110281804,32.43801181675636,188.01557655985494,2026-06-25 04:46:15.609514,0.6120000000000001,0.21000000000000002,5.904046501850384,32.22817609527266,-34.68733,17.499939666666666
798.5274999999999,3.974529509825701,34.46766704373705,32.438223520998875,188.01140561020773,2026-06-25 04:46:15.709488,0.6089999999999973,0.21000000000000002,5.904048479217051,32.22054377561316,-34.68733,17.499939666666666
798.258,3.974626556290175,34.46757630591778,32.43835948527235,188.14160512408125,2026-06-25 04:46:15.784469,0.6060000000000001,0.21000000000000002,5.904044524483716,32.21110840796071,-34.68733,17.499939666666666
797.9615,3.9747559888476323,34.46748929669503,32.43848261665174,188.1355968818832,2026-06-25 04:46:15.859449,0.6060000000000001,0.21000000000000002,5.904048479217051,32.20072775301098,-34.68733,17.499939666666666
797.428,3.9752631838715287,34.46735100258281,32.4387739129709,188.13056536315887,2026-06-25 04:46:15.984417,0.6090000000000001,0.21000000000000002,5.904046501850384,32.19155842146694,-34.68733,17.499939666666666
797.798,3.9752263661299754,34.46735168422372,32.43875439970274,188.13840505749738,2026-06-25 04:46:15.984417,0.6120000000000001,0.21000000000000002,5.90404056972184,32.19500351326636,-34.68733,17.499939666666666
797.1324999999999,3.976140335284062,34.46722155371016,32.43927348280745,188.12581132416838,2026-06-25 04:46:16.109384,0.6060000000000001,0.21000000000000002,5.904044524483716,32.18880700355685,-34.68733,17.499939666666666
796.765,3.977083532140171,34.467123491989696,32.43991724981059,188.10785009487063,2026-06-25 04:46:16.209358,0.6060000000000001,0.21000000000000002,5.904058365921955,32.18538518940473,-34.68733,17.499939666666666
796.528,3.977890115385767,34.467052807186285,32.44051652119096,188.36352072645136,2026-06-25 04:46:16.284338,0.6060000000000001,0.21000000000000002,5.904056388598098,32.18317846844131,-34.68733,17.499939666666666
796.077,3.978482550824549,34.46700708242555,32.44096680420432,188.35712591473467,2026-06-25 04:46:16.334325,0.6060000000000001,0.21000000000000002,5.904056388598098,32.17897918086958,-34.68733,17.499939666666666
795.95,3.9791214052147,34.46696231883048,32.441452830343536,188.3501400536452,2026-06-25 04:46:16.384312,0.6060000000000001,0.21000000000000002,5.904060343245812,32.177796676387075,-34.68733,17.499939666666666
795.699,3.9798166344883574,34.46691844094826,32.44197419839132,188.3387947299264,2026-06-25 04:46:16.434299,0.6060000000000001,0.21000000000000002,5.904068252455618,32.18938539208516,-34.68733,17.499939666666666
795.574,3.9805798317663776,34.46687536895561,32.44252891924652,188.33739785292659,2026-06-25 04:46:16.484286,0.6060000000000001,0.21000000000000002,5.904064297864984,32.19515666484317,-34.68733,17.499939666666666
795.187,3.981883909125103,34.46681216030031,32.44341269638626,188.32523948195504,2026-06-25 04:46:16.559267,0.6060000000000001,0.21000000000000002,5.9040682524413475,32.213024525301954,-34.68733,17.499939666666666
794.93,3.9833560317304255,34.46675012590033,32.444319769935724,188.31339381008252,2026-06-25 04:46:16.634247,0.6060000000000001,0.21000000000000002,5.904072207017711,32.22489026209242,-34.68733,17.499939666666666
794.534,3.9844323120486274,34.46670939418623,32.44492083697807,188.30831359633277,2026-06-25 04:46:16.684234,0.6060000000000001,0.21000000000000002,5.904068252455618,32.24317365418979,-34.68733,17.499939666666666
794.175,3.9855493800789037,34.46660884844627,32.44551841220203,188.29729099946636,2026-06-25 04:46:16.734221,0.6060000000000001,0.21000000000000002,5.904072207017711,32.259748749550795,-34.68733,17.499939666666666
794.402,3.9872541954268437,34.466669006156565,32.44645213480449,188.2744377985312,2026-06-25 04:46:16.809202,0.6060000000000001,0.21000000000000002,5.904093956595529,32.24926811822225,-34.68733,17.499939666666666
793.8855000000001,3.9895577234335335,34.46652879332568,32.44789488624539,188.38362294381034,2026-06-25 04:46:16.909175,0.6060000000000001,0.21000000000000002,5.904101865320181,32.27435164116448,-34.68733,17.499939666666666
793.307,3.9913528031503116,34.466427788255366,32.44922102635774,188.4960774716036,2026-06-25 04:46:16.984156,0.6060000000000001,0.21000000000000002,5.904107796792326,32.36326865059385,-34.68733,17.499939666666666
793.63,3.992626313967151,34.46646843565343,32.45026925008619,188.4928957975851,2026-06-25 04:46:17.034143,0.6060000000000001,0.21000000000000002,5.904107796792326,32.31362267990123,-34.68733,17.499939666666666
793.0070000000001,3.9955031549949154,34.466344617068,32.4528372869856,188.5986775360347,2026-06-25 04:46:17.134117,0.6029999999999788,0.21000000000000002,5.904115705302953,32.40937945928668,-34.68733,17.499939666666666
793.183,3.9954456610227487,34.46634497789922,32.45276955172004,188.46724134967758,2026-06-25 04:46:17.134117,0.6000000000000001,0.21000000000000002,5.904119659536865,32.382327784853565,-34.68733,17.499939666666666
792.717,3.998716762673607,34.46625927823731,32.455807089579515,188.70561812059594,2026-06-25 04:46:17.234091,0.6060000000000001,0.21000000000000002,5.904123613727974,32.45395324102311,-34.68733,17.499939666666666
792.429,4.000526881564969,34.46621500925307,32.457511238928056,188.6857724786462,2026-06-25 04:46:17.284078,0.6000000000000001,0.21000000000000002,5.9041354761300875,32.498219617368235,-34.68733,17.499939666666666
792.2395,4.003443178738195,34.466146275562835,32.46027761873214,188.66633837785218,2026-06-25 04:46:17.359058,0.6000000000000001,0.21000000000000002,5.904141407231275,32.452102155834936,-34.68733,17.499939666666666
791.8019999999999,4.007578954833762,34.46605003819906,32.46420350921807,188.62700428730918,2026-06-25 04:46:17.459032,0.6029999999999945,0.21000000000000002,5.9041631540554045,32.34563044385167,-34.68733,17.499939666666666
791.434,4.010780369523083,34.46592068109243,32.46719718566077,188.60640444519768,2026-06-25 04:46:17.534013,0.6000000000000001,0.21000000000000002,5.9041671079469085,32.25607252382921,-34.68733,17.499939666666666
791.509,4.012897583290238,34.46597387489447,32.46913704081167,188.59421428165058,2026-06-25 04:46:17.584000,0.6000000000000001,0.21000000000000002,5.904171061795615,32.27432481731206,-34.68733,17.499939666666666
790.964,4.014947776535319,34.465865488398826,32.47098307654288,188.56200766923143,2026-06-25 04:46:17.633987,0.6000000000000001,0.21000000000000002,5.904194784288703,32.1416914846701,-34.68733,17.499939666666666
790.587,4.0168896524080715,34.465748508258805,32.47270008289794,188.8073640991763,2026-06-25 04:46:17.683974,0.6060000000000001,0.21000000000000002,5.904198737937695,32.04994328942967,-34.68733,17.499939666666666
790.701,4.018687379973421,34.4658081474787,32.474262461947106,188.79386217597974,2026-06-25 04:46:17.733960,0.6060000000000001,0.21000000000000002,5.904206645150092,32.077686775523595,-34.68733,17.499939666666666
790.304,4.020315755189563,34.465686420142255,32.475655316108124,188.51379248827263,2026-06-25 04:46:17.783947,0.6060000000000001,0.21000000000000002,5.904218505754724,31.98107130202108,-34.68733,17.499939666666666
790.187,4.0223956030105725,34.465588012873724,32.47740055352234,188.49423160093932,2026-06-25 04:46:17.858928,0.6000000000000001,0.21000000000000002,5.904230366102606,31.9905675911864,-34.68733,17.499939666666666
789.711,4.024591984572025,34.465447256936244,32.479209889964466,188.60283385935978,2026-06-25 04:46:17.958902,0.6060000000000001,0.21000000000000002,5.904240249497626,32.029202066764995,-34.68733,17.499939666666666
789.496,4.025889374249855,34.46533396618055,32.48024963367675,188.71766300485405,2026-06-25 04:46:18.033882,0.6000000000000001,0.21000000000000002,5.904250132778543,32.046652512667094,-34.68733,17.499939666666666
788.9475,4.026984300752282,34.4652122981245,32.48106832860364,188.58124519976744,2026-06-25 04:46:18.108863,0.6000000000000001,0.21000000000000002,5.904246179500407,32.0911714409336,-34.68733,17.499939666666666
788.651,4.02800284483115,34.46499260293028,32.4817684961119,188.70447920242626,2026-06-25 04:46:18.183843,0.6060000000000001,0.21000000000000002,5.904246179500407,32.115236823305565,-34.68733,17.499939666666666
788.707,4.028660639397218,34.465083484937175,32.4821774660411,188.69259645021532,2026-06-25 04:46:18.233830,0.6060000000000001,0.20800000000000002,5.904258039249238,32.11069159088455,-34.68733,17.499939666666666
788.3470000000001,4.02995114594865,34.46479748774405,32.48287953348753,188.6896790349123,2026-06-25 04:46:18.333804,0.6060000000000001,0.209824561403513,5.904250826328604,32.11531531658631,-34.68733,17.499939666666666
787.7275,4.031488963744742,34.46453234805503,32.483576535084694,188.66453301850717,2026-06-25 04:46:18.458772,0.6060000000000001,0.20900000000000002,5.904267922173592,32.115475272466,-34.68733,17.499939666666666
787.466,4.032336240016608,34.4643598063708,32.48387780977815,188.6571678000326,2026-06-25 04:46:18.533752,0.6060000000000001,0.20800000000000002,5.904269898741347,32.11554279217954,-34.68733,17.499939666666666
787.325,4.032847976085731,34.464238492113324,32.48402939840708,188.653811058623,2026-06-25 04:46:18.583739,0.6060000000000001,0.20800000000000002,5.904269898741347,32.11557919860252,-34.68733,17.499939666666666
787.183,4.0333042448278835,34.46411230583733,32.48414943753627,188.64763069514342,2026-06-25 04:46:18.633726,0.6060000000000001,0.21000000000000002,5.904273851848336,32.11561586322708,-34.68733,17.499939666666666
786.908,4.03369710655454,34.463981126002416,32.484242389277135,188.64063909740955,2026-06-25 04:46:18.683713,0.6060000000000001,0.20800000000000002,5.9042778049268,32.11568686866197,-34.68733,17.499939666666666
786.7325000000001,4.034176956349747,34.46377407663095,32.48433736440201,188.6295638936088,2026-06-25 04:46:18.758693,0.6060000000000001,0.20899999999999913,5.90428768749461,32.14145426121668,-34.68733,17.499939666666666
785.961,4.034865320562327,34.46340140548503,32.4844467068358,188.62508405390938,2026-06-25 04:46:18.883661,0.6060000000000001,0.20800000000000002,5.904281757976742,32.25472801253272,-34.68733,17.499939666666666
786.1610000000001,4.03486887357232,34.46340417589668,32.48445654231625,188.62826682333423,2026-06-25 04:46:18.883661,0.6060000000000001,0.20899999999999916,5.904279781451772,32.22536346261281,-34.68733,17.499939666666666
785.71,4.035430518363675,34.46308287483506,32.48460789925912,188.62081966637297,2026-06-25 04:46:18.983635,0.6060000000000001,0.20800000000000002,5.904281757976742,32.2915805226822,-34.68733,17.499939666666666
785.366,4.035731302193583,34.462913678249315,32.48475085439265,188.6106492655871,2026-06-25 04:46:19.033622,0.6060000000000001,0.21000000000000002,5.904289663991058,32.34208754854445,-34.68733,17.499939666666666
785.2115,4.036207227074307,34.46264821623621,32.485061749406086,188.6106027646813,2026-06-25 04:46:19.108602,0.6060000000000001,0.20800000000000002,5.9042857109981615,32.361573747346426,-34.68733,17.499939666666666
784.987,4.036869152881447,34.46227443621285,32.485605396952536,188.73175384154786,2026-06-25 04:46:19.208576,0.6060000000000001,0.20900000000000002,5.904291640473245,32.365232101794675,-34.68733,17.499939666666666
784.507,4.037383750456766,34.46197896889874,32.48607192994802,188.8544172609979,2026-06-25 04:46:19.283557,0.6060000000000001,0.21000000000000002,5.904293616955432,32.37305397322078,-34.68733,17.499939666666666
784.146,4.037933424296897,34.46166810826481,32.486558997067256,188.84775277509644,2026-06-25 04:46:19.358537,0.6060000000000001,0.21000000000000002,5.908220036140323,32.37893667235583,-34.68733,17.499939666666666
783.93,4.038535607840621,34.461344783575704,32.48703382203378,188.84207315219504,2026-06-25 04:46:19.433517,0.6060000000000001,0.21000000000000002,5.904297569891285,32.38245651449757,-34.68733,17.499939666666666
783.84,4.038986967322153,34.461120856317926,32.48731896270973,188.8395455378537,2026-06-25 04:46:19.483504,0.6060000000000001,0.21000000000000002,5.904297569891285,32.38392311538996,-34.68733,17.499939666666666
783.587,4.039481274202725,34.46089060474963,32.48756119843953,188.83547089909075,2026-06-25 04:46:19.533491,0.6060000000000001,0.21000000000000002,5.904297569891285,32.38804589345414,-34.68733,17.499939666666666
783.4235,4.040299072090507,34.46053251995677,32.48781334147288,188.82928809687945,2026-06-25 04:46:19.608472,0.6060000000000001,0.21000000000000002,5.90429954634495,32.38497287024761,-34.68733,17.499939666666666
782.9095,4.04148086448652,34.46003382529803,32.48797163160067,188.81408337393574,2026-06-25 04:46:19.708446,0.6060000000000001,0.21000000000000002,5.904307452102569,32.26228225957647,-34.68733,17.499939666666666
782.3685,4.043433798284351,34.45923479416911,32.48810776695724,188.80510092317465,2026-06-25 04:46:19.858407,0.6060000000000001,0.21000000000000002,5.908115247036943,32.133146811379824,-34.68733,17.499939666666666
782.082,4.045233734479145,34.45853195092856,32.4884595196382,189.2965652243377,2026-06-25 04:46:19.983374,0.6060000000000001,0.21000000000000002,5.908253514728316,32.06475992430339,-34.68733,17.499939666666666
781.472,4.046039979754735,34.4582382522097,32.488744022569385,189.29740486340452,2026-06-25 04:46:20.033361,0.6060000000000001,0.21000000000000002,5.908241698991787,32.062653336500034,-34.68733,17.499939666666666
781.315,4.047767623954484,34.45763229473294,32.48950078312372,189.28278266620384,2026-06-25 04:46:20.133335,0.6000000000000001,0.21000000000000002,5.908249576177891,32.06211114914737,-34.68733,17.499939666666666
781.1293333333333,4.048347594233403,34.45742016660485,32.48980296345518,189.47720350684128,2026-06-25 04:46:20.166660,0.6060000000000001,0.21000000000000002,5.908261279955963,32.06146996367935,-34.68733,17.499939666666666
780.5135,4.050672548168832,34.45651292821491,32.49099932340678,189.51465500968416,2026-06-25 04:46:20.308289,0.6060000000000001,0.21000000000000002,5.908263360976505,32.05934323091066,-34.68733,17.499939666666666
780.1065,4.05193290125976,34.455841564834316,32.491679833590474,189.75709033421975,2026-06-25 04:46:20.408263,0.6060000000000001,0.21000000000000002,5.908277145434125,32.05793768790088,-34.68733,17.499939666666666
779.725,4.052635907377325,34.45497161767549,32.49204188916645,189.74868995123938,2026-06-25 04:46:20.483244,0.6060000000000001,0.21000000000000002,5.904356860506652,32.05662020716813,-34.68733,17.499939666666666
779.885,4.053001917734794,34.4553239670091,32.492195738497465,190.0067149356562,2026-06-25 04:46:20.533231,0.6060000000000001,0.21000000000000002,5.904360812986195,32.05717275478868,-34.68733,17.499939666666666
779.4176666666666,4.053617392796816,34.45424943596327,32.492294846607564,190.01005316833636,2026-06-25 04:46:20.633205,0.6060000000000001,0.21000000000000002,5.904718642740297,32.09418259779363,-34.68733,17.499939666666666
778.974,4.054198612569314,34.45351045273619,32.492223897975144,189.99899744015198,2026-06-25 04:46:20.733179,0.6060000000000001,0.21000000000000002,5.9082810837856385,32.14840769749267,-34.68733,17.499939666666666
778.665,4.054492316791907,34.453132926088735,32.49212880555947,189.99553999396647,2026-06-25 04:46:20.783166,0.6060000000000001,0.21000000000000002,5.9082810837856385,32.186173788718094,-34.68733,17.499939666666666
778.159,4.05479033118768,34.45236427764682,32.49201850046524,189.98472036644736,2026-06-25 04:46:20.833153,0.6060000000000001,0.21000000000000002,5.904364765437223,32.21567473945529,-34.68733,17.499939666666666
778.466,4.055084396962335,34.45275081252167,32.49191258944047,189.99163922477635,2026-06-25 04:46:20.883140,0.6060000000000001,0.21000000000000002,5.9082810837856385,32.2104956403487,-34.68733,17.499939666666666
777.7905000000001,4.055484617467068,34.45177606656548,32.49180793272469,190.24297289056307,2026-06-25 04:46:20.958120,0.6060000000000001,0.21000000000000002,5.90632490082269,32.221891345386155,-34.68733,17.499939666666666
777.622,4.05583613101912,34.45117989982622,32.49178081838528,190.22985532961513,2026-06-25 04:46:21.033101,0.6000000000000001,0.21000000000000002,5.90830077511699,32.2247339453844,-34.68733,17.499939666666666
777.3025,4.056167736319899,34.45057450068535,32.49184029550938,190.23262459915873,2026-06-25 04:46:21.108081,0.6030000000000001,0.21000000000000002,5.908292898655485,32.23012391986178,-34.68733,17.499939666666666
777.0264999999999,4.0566270574664465,34.44975615491827,32.49200169725971,190.23234512186468,2026-06-25 04:46:21.208055,0.603000000000015,0.21000000000000002,5.908288960389214,32.23478004804881,-34.68733,17.499939666666666
776.823,4.056993783497965,34.44913481661511,32.49219424325231,190.22044672817174,2026-06-25 04:46:21.283035,0.6060000000000001,0.21000000000000002,5.90830077511699,32.238213099085264,-34.68733,17.499939666666666
776.367,4.05727005174684,34.448716980344564,32.492380256030245,190.47843498024943,2026-06-25 04:46:21.333022,0.6000000000000001,0.21000000000000002,5.90830077511699,32.24590583261166,-34.68733,17.499939666666666
776.0373333333333,4.057975819640526,34.44787359023275,32.49291576522164,190.4775404929343,2026-06-25 04:46:21.432996,0.6000000000000001,0.21200000000000002,5.908295643502137,32.251467319057284,-34.68733,17.499939666666666
775.5565,4.059083297811208,34.44680980919257,32.49367436193198,190.4688213804961,2026-06-25 04:46:21.557964,0.6000000000000001,0.21100000000000002,5.908296836907548,32.18988020480529,-34.68733,17.499939666666666
775.296,4.059791480879156,34.44616706721922,32.49401243320554,190.4641943252867,2026-06-25 04:46:21.632944,0.6000000000000001,0.21200000000000002,5.908296836907548,32.15617089375711,-34.68733,17.499939666666666
775.128,4.060207333525383,34.445737154139444,32.49410298542283,190.4521070016734,2026-06-25 04:46:21.682931,0.6060000000000001,0.21200000000000002,5.908308651450635,32.134431299683804,-34.68733,17.499939666666666
775.001,4.06052763678907,34.44530648846451,32.49404951380624,190.71609769883293,2026-06-25 04:46:21.732918,0.6000000000000001,0.21200000000000002,5.908304713298018,32.11799720178315,-34.68733,17.499939666666666
774.796,4.060701922346976,34.4448753222044,32.49381747053364,190.7141231826955,2026-06-25 04:46:21.782905,0.6000000000000001,0.21200000000000002,5.908304713298018,32.091469720919896,-34.68733,17.499939666666666
774.514,4.060679549743267,34.44444390949865,32.49337270748436,190.7093001926376,2026-06-25 04:46:21.832892,0.6000000000000001,0.21200000000000002,5.908308651450635,32.06414323271645,-34.68733,17.499939666666666
774.24,4.060422027811541,34.44358136986622,32.49268272359547,190.70307844954743,2026-06-25 04:46:21.882879,0.6000000000000001,0.21200000000000002,5.908316527670629,32.0375919640365,-34.68733,17.499939666666666
774.294,4.059909714064498,34.44401250626935,32.49171564494203,190.69912581120587,2026-06-25 04:46:21.932866,0.6000000000000001,0.21200000000000002,5.908324403776976,32.04282469582014,-34.68733,17.499939666666666
773.945,4.059134451628159,34.443150758704284,32.490437269295946,190.70709221610446,2026-06-25 04:46:21.982853,0.6000000000000001,0.21200000000000002,5.908316527670629,32.00900574410736,-34.68733,17.499939666666666
773.703,4.058085287370738,34.442720931894726,32.488811535248985,190.98301600203024,2026-06-25 04:46:22.032840,0.6060000000000001,0.21200000000000002,5.908304713298018,31.98555535352142,-34.68733,17.499939666666666
773.527,4.055910033216559,34.442078408935345,32.48559873285167,190.9970856408971,2026-06-25 04:46:22.107820,0.6030000000000001,0.21100000000000002,5.908298806012269,31.968500524004384,-34.68733,17.499939666666666
773.1415,4.051875873944542,34.44122670241077,32.479911692004045,191.0182543540395,2026-06-25 04:46:22.207794,0.6000000000000001,0.21200000000000002,5.908292898655485,31.931144633215617,-34.68733,17.499939666666666
772.716,4.046332867253589,34.440382788890346,32.47249374801662,191.18257446214704,2026-06-25 04:46:22.307768,0.6000000000000001,0.21200000000000002,5.9082810837856385,31.889912644809357,-34.68733,17.499939666666666
772.411,4.041245871863432,34.43975584196073,32.465930988617686,191.33933600005838,2026-06-25 04:46:22.382749,0.6000000000000001,0.21200000000000002,5.908277145434125,31.97974507349582,-34.68733,17.499939666666666
772.219,4.037444592477662,34.43934157548789,32.4611180196675,191.36521582419186,2026-06-25 04:46:22.432736,0.6060000000000001,0.21000000000000002,5.908265330209093,32.038319714762835,-34.68733,17.499939666666666
771.744,4.029155914000173,34.43852254025452,32.45079207843803,191.57335015134674,2026-06-25 04:46:22.532710,0.6060000000000001,0.21000000000000002,5.908214127817354,32.183230936647455,-34.68733,17.499939666666666
772.019,4.029212434169774,34.43852432539756,32.45084034722376,191.7012734594277,2026-06-25 04:46:22.532710,0.6060000000000001,0.21000000000000002,5.908222005529209,32.09933496608269,-34.68733,17.499939666666666
771.615,4.02052654759816,34.437717782176705,32.440176729727085,192.03516220606355,2026-06-25 04:46:22.632684,0.6060000000000001,0.21000000000000002,5.9081826164725575,32.222585773748754,-34.68733,17.499939666666666
771.226,4.016157144570668,34.437321347194775,32.43488934937228,192.05896223163788,2026-06-25 04:46:22.682671,0.6060000000000001,0.21000000000000002,5.908174738320167,32.34126043756584,-34.68733,17.499939666666666
770.943,4.011863271330535,34.43692918059985,32.42975613289352,192.3546906376022,2026-06-25 04:46:22.732658,0.6060000000000001,0.21000000000000002,5.908158981674305,32.29621828387632,-34.68733,17.499939666666666
770.7909999999999,4.005779861729058,34.436350022100356,32.42261062533538,192.53723649586564,2026-06-25 04:46:22.807638,0.6060000000000001,0.21000000000000002,5.908131406321778,32.272026031717985,-34.68733,17.499939666666666
770.555,4.000242152973447,34.43578049277329,32.4162415166848,192.72600324615576,2026-06-25 04:46:22.882618,0.6060000000000001,0.21000000000000002,5.908092010855407,32.23446437705111,-34.68733,17.499939666666666
769.889,3.994157840160476,34.435039976806905,32.40955157455155,193.03461880851344,2026-06-25 04:46:22.982592,0.6060000000000001,0.21000000000000002,5.908068372134233,32.128464114304755,-34.68733,17.499939666666666
770.3085,3.9943537524284616,34.43504273512025,32.4098178456904,193.17206867570832,2026-06-25 04:46:22.982592,0.6060000000000001,0.21000000000000002,5.908066402020458,32.19523154707067,-34.68733,17.499939666666666
769.5435,3.9887417728549837,34.434146270708766,32.40415770814529,193.61984878210922,2026-06-25 04:46:23.107560,0.6060000000000001,0.21000000000000002,5.9080329121333275,32.07347448851066,-34.68733,17.499939666666666
769.13,3.986420859022944,34.43362657058776,32.40212445806293,193.8951182693989,2026-06-25 04:46:23.182540,0.6060000000000001,0.21000000000000002,5.9080329121333275,32.007662013066785,-34.68733,17.499939666666666
769.012,3.9852379255526316,34.43328832956943,32.40118365303039,193.90327134499955,2026-06-25 04:46:23.232527,0.6060000000000001,0.21000000000000002,5.90802897199106,32.00986330516853,-34.68733,17.499939666666666
768.733,3.984285649814995,34.43295645129481,32.40046771380299,194.18290572466435,2026-06-25 04:46:23.282514,0.6060000000000001,0.21000000000000002,5.90801715139365,32.01506805513791,-34.68733,17.499939666666666
768.6225,3.983240493021841,34.432471716182796,32.39972370879332,194.45868908972298,2026-06-25 04:46:23.357495,0.6060000000000001,0.21000000000000002,5.908013211137642,32.01712943460607,-34.68733,17.499939666666666
768.304,3.9825192562691583,34.43200039344608,32.399232702014466,194.4599729946688,2026-06-25 04:46:23.432475,0.6060000000000001,0.20800000000000002,5.908013211137642,32.023071057779,-34.68733,17.499939666666666
768.026,3.9822284587539207,34.43139724437627,32.39904400037055,194.734479110571,2026-06-25 04:46:23.482462,0.6060000000000001,0.21000000000000002,5.90800533054032,32.02825715273057,-34.68733,17.499939666666666
768.152,3.9820697703307704,34.431695321585394,32.39894450519765,194.7359189166021,2026-06-25 04:46:23.532449,0.6060000000000001,0.21000000000000002,5.90800533054032,32.025906620486325,-34.68733,17.499939666666666
767.3626666666665,3.9823358045829296,34.43073513828379,32.39906035716093,195.06619658634946,2026-06-25 04:46:23.649085,0.6060000000000001,0.21000000000000002,5.908005273391063,32.03614868817834,-34.68733,17.499939666666666
767.163,3.9824157984401944,34.430545913426926,32.39909477179416,195.00240112253246,2026-06-25 04:46:23.682410,0.6060000000000001,0.21000000000000002,5.907997449829252,32.02012867295609,-34.68733,17.499939666666666
766.97,3.98360321244612,34.42988767078454,32.3996916212904,195.260341581828,2026-06-25 04:46:23.807377,0.6060000000000001,0.21000000000000002,5.908003360341225,32.00464354972789,-34.68733,17.499939666666666
766.476,3.9845816954771007,34.429513548797075,32.40021356584158,195.51663764822115,2026-06-25 04:46:23.882358,0.6060000000000001,0.21000000000000002,5.908009270853199,31.965008052967615,-34.68733,17.499939666666666
766.143,3.98573342797377,34.42915816707601,32.400814788734834,195.5087746373434,2026-06-25 04:46:23.957338,0.6060000000000001,0.21000000000000002,5.908009270853199,31.938290197864035,-34.68733,17.499939666666666
765.999,3.9869562556755014,34.42881782044857,32.40140811326713,195.77519922931253,2026-06-25 04:46:24.032319,0.6060000000000001,0.21000000000000002,5.90800533054032,31.926736530792216,-34.68733,17.499939666666666
765.5989999999999,3.98813952941775,34.42849625791654,32.401901178089865,195.7553825048514,2026-06-25 04:46:24.107299,0.6060000000000001,0.21000000000000002,5.908019121507436,31.89464301114827,-34.68733,17.499939666666666
765.385,3.9894732940141377,34.42809243947327,32.40232033920876,195.87643449698746,2026-06-25 04:46:24.207273,0.6060000000000001,0.21000000000000002,5.909989573739246,31.893611695499644,-34.68733,17.499939666666666
764.771,3.990373724963239,34.42771826960019,32.40240634927909,195.9928264574147,2026-06-25 04:46:24.307247,0.6060000000000001,0.21000000000000002,5.9080388222898605,31.900017651046085,-34.68733,17.499939666666666
764.382,3.9907619962220857,34.42729064921136,32.4022808442267,195.99297399430728,2026-06-25 04:46:24.382228,0.6060000000000001,0.21000000000000002,5.911958027474329,31.904076147312477,-34.68733,17.499939666666666
764.626,3.990880409044806,34.42745593103882,32.402124089526076,195.9943050428088,2026-06-25 04:46:24.432215,0.6060000000000001,0.21000000000000002,5.911958027474329,31.90153045813767,-34.68733,17.499939666666666
763.9414999999999,3.9908904573096664,34.427056878175584,32.4018411038568,195.9824700670539,2026-06-25 04:46:24.507195,0.6060000000000001,0.21000000000000002,5.90804079233256,31.908302955154642,-34.68733,17.499939666666666
763.656,3.9907865098328195,34.42683700376642,32.40155537687304,195.98397826624188,2026-06-25 04:46:24.582175,0.6060000000000001,0.21000000000000002,5.908036852247161,31.90831406261724,-34.68733,17.499939666666666
763.384,3.990613749404726,34.426634066202524,32.401301232549784,196.12115247146022,2026-06-25 04:46:24.657156,0.6060000000000001,0.21000000000000002,5.9080329121333275,31.90832464485831,-34.68733,17.499939666666666
763.243,3.9904414349841657,34.42644429084893,32.40107714749383,196.24984800238622,2026-06-25 04:46:24.732136,0.6060000000000001,0.21000000000000002,5.90804079233256,31.908330130505338,-34.68733,17.499939666666666
762.915,3.9903629747311467,34.42632631189984,32.40094256450006,196.25073308818497,2026-06-25 04:46:24.782123,0.6060000000000001,0.21000000000000002,5.908036852247161,31.9083428914431,-34.68733,17.499939666666666
762.5415,3.990341853078176,34.42616168630187,32.400748932177116,196.38964478844784,2026-06-25 04:46:24.857104,0.6060000000000001,0.21000000000000002,5.908028971976843,31.908357422571928,-34.68733,17.499939666666666
762.297,3.9904046217155105,34.42600898635855,32.40055457863413,196.25519576561098,2026-06-25 04:46:24.932084,0.6000000000000001,0.21000000000000002,5.908025031820358,31.908366934917304,-34.68733,17.499939666666666
762.0965,3.9905179585698445,34.42587052403019,32.40036027560508,196.3789278032812,2026-06-25 04:46:25.007065,0.6030000000000001,0.21000000000000002,5.908036852247161,31.908374735429565,-34.68733,17.499939666666666
761.678,3.9906353570804485,34.42574288274602,32.40018558028304,196.51032825810896,2026-06-25 04:46:25.082045,0.6060000000000001,0.21000000000000002,5.908036852247161,31.908391017296804,-34.68733,17.499939666666666
761.565,3.9907011771553824,34.42566466871161,32.40010619968324,196.51234119483496,2026-06-25 04:46:25.132032,0.6060000000000001,0.21000000000000002,5.911958027474329,31.908395413595482,-34.68733,17.499939666666666
761.3499999999999,3.990768273895821,34.42555703684856,32.4000949788839,196.50549297059686,2026-06-25 04:46:25.207013,0.6030000000000034,0.21000000000000002,5.9080388222898605,31.908403778234568,-34.68733,17.499939666666666
760.983,3.9908163652552098,34.42545854469239,32.40021980848508,196.77501770041826,2026-06-25 04:46:25.281993,0.6060000000000001,0.21000000000000002,5.908036852247161,31.908418056478954,-34.68733,17.499939666666666
760.579,3.9908953284002937,34.42537062008341,32.4005286190328,196.63404309464894,2026-06-25 04:46:25.356973,0.6029999999999958,0.21000000000000002,5.910001365797533,31.90843377421937,-34.68733,17.499939666666666
760.2760000000001,3.9911601975712587,34.42526609040705,32.401172892782114,196.76748751008677,2026-06-25 04:46:25.456947,0.6060000000000001,0.21000000000000002,5.908036852247161,31.908445562524683,-34.68733,17.499939666666666
759.874,3.9915459642276776,34.42519629755239,32.401800962981824,196.76545349635163,2026-06-25 04:46:25.531928,0.6000000000000001,0.21000000000000002,5.9080329121333275,31.908461202454504,-34.68733,17.499939666666666
759.799,3.991923496580661,34.42515385264531,32.402275056242374,196.7630578322892,2026-06-25 04:46:25.581915,0.6060000000000001,0.21000000000000002,5.911958027474329,31.90846412035186,-34.68733,17.499939666666666
759.418,3.9923995479126066,34.42511414731139,32.402777996250876,196.751113483732,2026-06-25 04:46:25.631902,0.6060000000000001,0.21000000000000002,5.90804079233256,31.90847894327042,-34.68733,17.499939666666666
759.1565,3.9933251190504366,34.42505940944521,32.40357542968273,196.74450017730956,2026-06-25 04:46:25.706882,0.6060000000000001,0.21000000000000002,5.908040792318344,31.90848911700586,-34.68733,17.499939666666666
758.847,3.9944571553531905,34.425008823395416,32.40440984757107,196.7364800046794,2026-06-25 04:46:25.781863,0.6060000000000001,0.21000000000000002,5.9119658793479,31.908501158195612,-34.68733,17.499939666666666
758.495,3.9953278868449664,34.42497741640541,32.404995732469075,196.9976201765482,2026-06-25 04:46:25.831850,0.6060000000000001,0.21000000000000002,5.908044732389526,31.908514852860527,-34.68733,17.499939666666666
758.3525,3.9967504923342325,34.42493296109826,32.40595751155813,196.98483177344863,2026-06-25 04:46:25.906830,0.6030000000000056,0.21000000000000002,5.910013178816002,31.9085203968655,-34.68733,17.499939666666666
758.248,3.998267974805964,34.424890471775726,32.40705522381239,196.96228715943613,2026-06-25 04:46:25.981811,0.6060000000000001,0.21000000000000002,5.908068372134233,31.90852446246915,-34.68733,17.499939666666666
757.702,3.9993543543841064,34.42486299466357,32.407916286558496,196.95238722056536,2026-06-25 04:46:26.031798,0.6060000000000001,0.21000000000000002,5.911993360012973,31.90854570476189,-34.68733,17.499939666666666
757.55,4.001138835593331,34.424822219721605,32.40945902343085,196.9442087728116,2026-06-25 04:46:26.106778,0.6030000000000001,0.21000000000000002,5.910028889021005,31.908551618367195,-34.68733,17.499939666666666
757.2925,4.003853197372928,34.42476720024583,32.411987719664545,196.92106472035047,2026-06-25 04:46:26.206752,0.6060000000000001,0.21000000000000002,5.912001211376598,31.908561636481448,-34.68733,17.499939666666666
756.831,4.006185290651931,34.42472440908371,32.41426380940132,196.90277070937503,2026-06-25 04:46:26.281732,0.6060000000000001,0.21000000000000002,5.908080191622757,31.908579591276503,-34.68733,17.499939666666666
756.434,4.007919548920274,34.42466326360137,32.41599327273119,197.15323002993605,2026-06-25 04:46:26.331719,0.6060000000000001,0.21000000000000002,5.912016913763907,31.90859503667983,-34.68733,17.499939666666666
756.62,4.009817159739374,34.42469451792777,32.41788635725635,196.86439631588598,2026-06-25 04:46:26.381706,0.6060000000000001,0.21000000000000002,5.91202869025695,31.90858780029439,-34.68733,17.499939666666666
756.129,4.0142778083992745,34.424595589914084,32.42223830171773,196.82936108444727,2026-06-25 04:46:26.481680,0.6060000000000001,0.21000000000000002,5.912040466495053,31.90860690279574,-34.68733,17.499939666666666
755.847,4.015936435841491,34.424558640013764,32.423789437573525,196.95326467815067,2026-06-25 04:46:26.506674,0.6060000000000001,0.21000000000000002,5.912042429144753,31.908617874089792,-34.68733,17.499939666666666
755.921,4.016943400113498,34.42457482157974,32.42477644707777,196.81166352034248,2026-06-25 04:46:26.531667,0.6060000000000001,0.21000000000000002,5.912044391851103,31.908614995097736,-34.68733,17.499939666666666
755.3975,4.025174906003232,34.42445472075879,32.4325694054635,196.7584165959274,2026-06-25 04:46:26.656635,0.6060000000000001,0.21000000000000002,5.912056167735141,31.908635362021272,-34.68733,17.499939666666666
755.102,4.031049695699303,34.42438406336644,32.438151394502235,196.9769965766103,2026-06-25 04:46:26.731615,0.6060000000000001,0.21000000000000002,5.912083643853764,31.908646858536848,-34.68733,17.499939666666666
754.747,4.0353389285612415,34.42433247640972,32.442191697935186,196.93746827481962,2026-06-25 04:46:26.781602,0.6060000000000001,0.21000000000000002,5.912103268792993,31.90866066991766,-34.68733,17.499939666666666
754.556,4.042171208215038,34.42424766097048,32.44848889518799,196.88890351004534,2026-06-25 04:46:26.856583,0.6060000000000001,0.21000000000000002,5.912120930601085,31.90866810082959,-34.68733,17.499939666666666
754.166,4.0492188116711745,34.42408724500442,32.454830455856516,196.82807449328706,2026-06-25 04:46:26.931563,0.6060000000000001,0.21000000000000002,5.912150365758509,31.908683273895832,-34.68733,17.499939666666666
754.395,4.053912813076096,34.42415483696717,32.45895760206106,196.79478399149187,2026-06-25 04:46:26.981550,0.6060000000000001,0.21000000000000002,5.9121660638408455,31.908674364582577,-34.68733,17.499939666666666
753.862,4.058482790325257,34.42401510300325,32.462908694161335,196.75253512617954,2026-06-25 04:46:27.031537,0.6060000000000001,0.21000000000000002,5.912185685806664,31.908695101106442,-34.68733,17.499939666666666
753.641,4.062842295874663,34.42393820461106,32.46661313824897,196.70751681311617,2026-06-25 04:46:27.081524,0.6060000000000001,0.21000000000000002,5.912213155369621,31.908703699177313,-34.68733,17.499939666666666
753.316,4.066929981046646,34.42385635054953,32.470021340809645,196.93434038142541,2026-06-25 04:46:27.131511,0.6000000000000001,0.21000000000000002,5.912240623545285,31.908716343399185,-34.68733,17.499939666666666
753.259,4.07071445681188,34.423769348877734,32.47311106877558,196.90309111652513,2026-06-25 04:46:27.181498,0.6060000000000001,0.21000000000000002,5.912256319022839,31.908718561001173,-34.68733,17.499939666666666
753.009,4.074189801615823,34.42367701524311,32.475885971338094,196.87164861023774,2026-06-25 04:46:27.231485,0.6060000000000001,0.21000000000000002,5.912272014047455,31.908728287325687,-34.68733,17.499939666666666
752.7529999999999,4.078813897275889,34.42352741357712,32.479472671979956,196.83636971092037,2026-06-25 04:46:27.306465,0.6060000000000001,0.21000000000000002,5.912285746790612,31.908738247081992,-34.68733,17.499939666666666
752.3415,4.084073691726967,34.42330862519299,32.48341969631559,196.7936054143937,2026-06-25 04:46:27.406439,0.6060000000000001,0.21000000000000002,5.9123034027237935,31.908064856603588,-34.68733,17.499939666666666
752.228,4.087375600160248,34.42312947542776,32.485824176941165,196.7643132530926,2026-06-25 04:46:27.481420,0.6060000000000001,0.21000000000000002,5.912319096403862,31.90061718654815,-34.68733,17.499939666666666
751.9884999999999,4.09009158159078,34.42293466445154,32.487718245042004,196.8660908533961,2026-06-25 04:46:27.556400,0.6030000000001138,0.21000000000000002,5.912342636039476,31.8849016184576,-34.68733,17.499939666666666
751.3185,4.0930933117181745,34.42265332546157,32.48964739942466,196.97567669043357,2026-06-25 04:46:27.656374,0.6060000000000001,0.21000000000000002,5.91235048237713,31.840937398747094,-34.68733,17.499939666666666
751.095,4.095004898705773,34.42242572716265,32.49076494197431,196.95529946442448,2026-06-25 04:46:27.731355,0.6000000000000001,0.21200000000000002,5.912362251650125,31.826271722470533,-34.68733,17.499939666666666
750.986,4.0961680859157665,34.422264957330626,32.4914273369039,196.94581494083042,2026-06-25 04:46:27.781342,0.6000000000000001,0.21200000000000002,5.9123661746845215,31.819119334487777,-34.68733,17.499939666666666
750.767,4.09729243769144,34.422097308764506,32.49209132406995,196.93556762448486,2026-06-25 04:46:27.831328,0.6000000000000001,0.21000000000000002,5.912370097690618,31.827546674553563,-34.68733,17.499939666666666
750.519,4.0984082847164345,34.42192271260888,32.49279380095973,196.9251182851989,2026-06-25 04:46:27.881315,0.6000000000000001,0.21200000000000002,5.912374020668415,31.837089963760484,-34.68733,17.499939666666666
750.1595,4.100098582078726,34.421646780180936,32.49394451908718,196.91430690075217,2026-06-25 04:46:27.956296,0.6030000000000001,0.21100000000000002,5.912374020668415,31.85092388501003,-34.68733,17.499939666666666
749.667,4.101778149571124,34.42115381536176,32.495141093429496,197.17123514387265,2026-06-25 04:46:28.031276,0.6000000000000001,0.21200000000000002,5.912377943617913,31.86987577990683,-34.68733,17.499939666666666
749.869,4.102836063069358,34.42135669581533,32.495906018025636,197.16125579939506,2026-06-25 04:46:28.081263,0.6000000000000001,0.21000000000000002,5.91238578943201,31.862102616923778,-34.68733,17.499939666666666
749.553,4.103793927240326,34.42094378926456,32.496591457375715,197.14806113605152,2026-06-25 04:46:28.131250,0.6000000000000001,0.21000000000000002,5.912393635132914,31.874262614461628,-34.68733,17.499939666666666
749.3815,4.104936265324959,34.42061443813341,32.497351881411134,197.13031797303407,2026-06-25 04:46:28.206231,0.6000000000000001,0.21200000000000002,5.912407364833591,31.88086210679625,-34.68733,17.499939666666666
748.7955,4.105806839042367,34.420028620373046,32.4975213464605,197.12023711813828,2026-06-25 04:46:28.331198,0.6000000000000001,0.21200000000000002,5.912409326195148,31.870467884410782,-34.68733,17.499939666666666
748.953,4.105932931229019,34.42003217012675,32.497669803355734,197.1210037127641,2026-06-25 04:46:28.331198,0.6000000000000001,0.21200000000000002,5.912409326195148,31.8745116916163,-34.68733,17.499939666666666
748.506,4.105609652526047,34.419533682799205,32.496612366593524,197.11289113537637,2026-06-25 04:46:28.431172,0.6000000000000001,0.21200000000000002,5.912417171556482,31.863034981642553,-34.68733,17.499939666666666
748.0464999999999,4.104679822157864,34.41914052225548,32.49490318347462,197.37786717366296,2026-06-25 04:46:28.506153,0.6000000000000001,0.21100000000002275,5.912426978095448,31.851237334589,-34.68733,17.499939666666666
747.857,4.103374702699585,34.41873351437567,32.49260829044961,197.39424261218207,2026-06-25 04:46:28.581133,0.6000000000000001,0.21000000000000002,5.912413248889963,31.84637192845919,-34.68733,17.499939666666666
747.504,4.102343576573427,34.41845306374235,32.49080183012785,197.40289139896066,2026-06-25 04:46:28.631120,0.6000000000000001,0.21000000000000002,5.912405403472034,31.837308665325565,-34.68733,17.499939666666666
747.312,4.101246038811559,34.4181658822681,32.488896679296154,197.41327175555864,2026-06-25 04:46:28.681107,0.6000000000000001,0.21000000000000002,5.912397557940919,31.832379071779794,-34.68733,17.499939666666666
747.1255,4.099524598059318,34.41772188573208,32.48605029728152,197.56313858416488,2026-06-25 04:46:28.756087,0.6000000000000001,0.21100000000000002,5.912389712296612,31.826670245711522,-34.68733,17.499939666666666
746.723,4.097758879901285,34.41726492813991,32.483380244540676,197.70492378135287,2026-06-25 04:46:28.831068,0.6000000000000001,0.21000000000000002,5.912389712296612,31.81434958891539,-34.68733,17.499939666666666
746.625,4.096574399746174,34.41695184142671,32.48178377165975,197.7133710976672,2026-06-25 04:46:28.881055,0.6060000000000001,0.21000000000000002,5.91238578943201,31.8113497768259,-34.68733,17.499939666666666
746.361,4.095412931159301,34.41663257509841,32.48033887550926,197.71382311062334,2026-06-25 04:46:28.931042,0.6000000000000001,0.21000000000000002,5.912389712296612,31.803268650380737,-34.68733,17.499939666666666
746.127,4.094304570192063,34.41630726404969,32.47903394117164,198.00009498051998,2026-06-25 04:46:28.981029,0.6000000000000001,0.21000000000000002,5.912377943617913,31.796105833758887,-34.68733,17.499939666666666
745.796,4.092811338823647,34.41580756843765,32.47730098391955,198.01469718467715,2026-06-25 04:46:29.056009,0.6060000000000001,0.21000000000000002,5.912366174670371,31.785973815374987,-34.68733,17.499939666666666
745.443,4.091526496525388,34.41494853748669,32.475742465565745,198.02536456100566,2026-06-25 04:46:29.130990,0.6060000000000001,0.21000000000000002,5.912358328587427,31.77318725494272,-34.68733,17.499939666666666
745.483,4.09082384008651,34.41529652659317,32.47480460735806,198.29872022645603,2026-06-25 04:46:29.180977,0.6060000000000001,0.21000000000000002,5.912362251650125,31.776392782885075,-34.68733,17.499939666666666
745.156,4.090239321294124,34.41459529007353,32.47394518312379,198.3060601738398,2026-06-25 04:46:29.230964,0.6060000000000001,0.21000000000000002,5.912354405496429,31.75018759195629,-34.68733,17.499939666666666
744.522,4.089370876430266,34.413871386198,32.47248179965025,198.5858338271288,2026-06-25 04:46:29.330938,0.6060000000000001,0.21000000000000002,5.91234655922953,31.69937997406991,-34.68733,17.499939666666666
744.736,4.089398693998929,34.41387373888267,32.47252271643098,198.45070823696136,2026-06-25 04:46:29.330938,0.6030000000000001,0.21000000000000002,5.914308416085176,31.716529548561525,-34.68733,17.499939666666666
744.247,4.088724105881941,34.41313337203316,32.47133672853822,198.58751760000982,2026-06-25 04:46:29.430912,0.6060000000000001,0.21000000000000002,5.91234655922953,31.677341969466184,-34.68733,17.499939666666666
743.961,4.088413504950674,34.41275662686061,32.47084435429222,198.85788082654656,2026-06-25 04:46:29.480899,0.6000000000000001,0.21000000000000002,5.91235048237713,31.65442244467832,-34.68733,17.499939666666666
743.7615,4.0879102119293105,34.412183414945886,32.47013512874126,198.86093905656892,2026-06-25 04:46:29.555879,0.6000000000000001,0.21000000000000002,5.91234852080333,31.641276000835454,-34.68733,17.499939666666666
743.505,4.0873465927476715,34.41160264379628,32.469397047582724,198.86703700959958,2026-06-25 04:46:29.630859,0.6000000000000001,0.21000000000000002,5.912342636053627,31.697430975685602,-34.68733,17.499939666666666
743.202,4.086919959790134,34.410815709880474,32.46885318466896,198.86748381691362,2026-06-25 04:46:29.680846,0.6060000000000001,0.21000000000000002,5.916266363917791,31.763766092175263,-34.68733,17.499939666666666
743.288,4.086445299046699,34.41121078923362,32.46824818161405,198.86999197179523,2026-06-25 04:46:29.730833,0.6000000000000001,0.21000000000000002,5.916266363917791,31.74493830333661,-34.68733,17.499939666666666
742.959,4.085905813200976,34.41041763478531,32.467562350562254,199.15500991921593,2026-06-25 04:46:29.780820,0.6060000000000001,0.21000000000000002,5.912330866356108,31.816965542033323,-34.68733,17.499939666666666
742.607,4.0845082078565715,34.409612667623385,32.46582026921825,199.15323765940317,2026-06-25 04:46:29.880794,0.6060000000000001,0.21000000000000002,5.915681159752915,31.894028119605466,-34.68733,17.499939666666666
742.416,4.082748398021425,34.40880007297031,32.46363598684509,199.43929786693164,2026-06-25 04:46:29.980768,0.6060000000000001,0.21000000000000002,5.912334789616917,31.935843325049426,-34.68733,17.499939666666666
741.9333333333334,4.080561971461897,34.40797906075726,32.46084966449704,199.45644922533356,2026-06-25 04:46:30.080742,0.6060000000000001,0.21000000000000002,5.916246818379633,32.041512465508205,-34.68733,17.499939666666666
741.383,4.078196406289556,34.4071536734205,32.45775830130532,199.74923210100877,2026-06-25 04:46:30.180716,0.6060000000000001,0.21000000000000002,5.912311249627513,31.91155468468599,-34.68733,17.499939666666666
741.141,4.076981297827497,34.40673941218428,32.456134209524166,199.75678213387448,2026-06-25 04:46:30.230703,0.6060000000000001,0.21000000000000002,5.916231181441482,31.838533688518435,-34.68733,17.499939666666666
741.017,4.07578484368004,34.406324584026905,32.45451389547433,199.76203017233408,2026-06-25 04:46:30.280690,0.6000000000000001,0.21000000000000002,5.912307326196882,31.80111797147394,-34.68733,17.499939666666666
740.7574999999999,4.074092548403904,34.405701831742725,32.45217403497419,199.77852592660122,2026-06-25 04:46:30.355671,0.6060000000000001,0.21000000000000002,5.9142575186860915,31.722816531368636,-34.68733,17.499939666666666
740.1855,4.0712495789630765,34.40445762580384,32.44805568479593,200.21910593076245,2026-06-25 04:46:30.505631,0.6060000000000001,0.21000000000000002,5.916199906084513,31.591583264860542,-34.68733,17.499939666666666
740.31,4.071200380027564,34.40445842493163,32.448009476018115,200.07907444758257,2026-06-25 04:46:30.505631,0.6060000000000001,0.21000000000000002,5.914241831460512,31.58778803638942,-34.68733,17.499939666666666
739.48,4.069109125006757,34.40342581816877,32.444848731328584,200.36599287997885,2026-06-25 04:46:30.630599,0.6060000000000001,0.21000000000000002,5.916195996680761,31.652703692534097,-34.68733,17.499939666666666
739.3606666666668,4.0670658288028685,34.40260722990274,32.4419275517083,200.59365491918234,2026-06-25 04:46:30.730573,0.604651162790677,0.21000000000000002,5.916192087121881,31.66304204032862,-34.68733,17.499939666666666
738.869,4.064394974000331,34.40179491730775,32.438392370167534,200.66882171029704,2026-06-25 04:46:30.830547,0.6060000000000001,0.21000000000000002,5.916188177534794,31.705637188364772,-34.68733,17.499939666666666
738.712,4.06265019095101,34.401392480989095,32.436239321836695,200.67644845101785,2026-06-25 04:46:30.880534,0.6060000000000001,0.21000000000000002,5.916188177534794,31.719238757669874,-34.68733,17.499939666666666
738.3835,4.059493617723853,34.40079408585213,32.432493976001645,200.83802746244857,2026-06-25 04:46:30.955514,0.6060000000000001,0.21000000000000002,5.916176448590194,31.747698092171305,-34.68733,17.499939666666666
737.9635000000001,4.0544579509978025,34.39942329655425,32.42667065278829,201.01229354255725,2026-06-25 04:46:31.055488,0.6060000000000001,0.20899999999999935,5.916160809621302,31.702686606477155,-34.68733,17.499939666666666
738.092,4.050216884653156,34.4000060914381,32.421791446377114,201.03983327013174,2026-06-25 04:46:31.130469,0.6060000000000001,0.21000000000000002,5.916152989981713,31.719633638440257,-34.68733,17.499939666666666
737.741,4.047283795001456,34.39903955438228,32.418379784595686,201.3397126221635,2026-06-25 04:46:31.180456,0.6060000000000001,0.21000000000000002,5.916141260289606,31.673342523895094,-34.68733,17.499939666666666
736.9014999999999,4.041596256884659,34.39828378421186,32.411640803435816,201.53448945998082,2026-06-25 04:46:31.280429,0.6030000000000073,0.21000000000000002,5.916100204082167,31.562626311186648,-34.68733,17.499939666666666
737.388,4.041540863637649,34.39828589448453,32.41158085122957,201.40497964110264,2026-06-25 04:46:31.280429,0.6060000000000001,0.21000000000000002,5.916094338982232,31.626787642315495,-34.68733,17.499939666666666
736.847,4.036216870688046,34.39754489014808,32.4052343678131,201.72166463177575,2026-06-25 04:46:31.380403,0.6000000000000001,0.21000000000000002,5.916074787238457,31.555438659498016,-34.68733,17.499939666666666
736.595,4.033723221315534,34.397182220339744,32.40229788335967,202.01719700304199,2026-06-25 04:46:31.430390,0.6000000000000001,0.21000000000000002,5.916066966343445,31.564193651264,-34.68733,17.499939666666666
736.1813333333334,4.02906343362745,34.396472963300624,32.396909504507654,202.27234220930023,2026-06-25 04:46:31.530364,0.6011168831168893,0.21000000000000002,5.916057418585103,31.57856527134546,-34.68733,17.499939666666666
735.716,4.024717142134486,34.395780568859905,32.391914935527204,202.3606834166868,2026-06-25 04:46:31.630338,0.6000000000000001,0.21000000000000002,5.916035681634758,31.594731896352496,-34.68733,17.499939666666666
735.639,4.022707595722184,34.395443168184904,32.38959245066796,202.37690332234087,2026-06-25 04:46:31.680325,0.6000000000000001,0.21000000000000002,5.916027860175413,31.597407032725435,-34.68733,17.499939666666666
735.433,4.020815609253235,34.39511124926935,32.38737806638528,202.66752779764124,2026-06-25 04:46:31.730312,0.6000000000000001,0.21000000000000002,5.916023949403414,31.60456389107382,-34.68733,17.499939666666666
735.157,4.01906390078705,34.394784937517386,32.38527728867093,202.67740428748846,2026-06-25 04:46:31.780299,0.6060000000000001,0.21000000000000002,5.916020038603195,31.61415269157942,-34.68733,17.499939666666666
734.882,4.017468171117022,34.394464350671846,32.38329816240484,202.9829219955452,2026-06-25 04:46:31.830286,0.6060000000000001,0.21000000000000002,5.915996573209272,31.623706750054208,-34.68733,17.499939666666666
734.738,4.0160269922299285,34.394149598702164,32.38145098750085,202.99576611772588,2026-06-25 04:46:31.880273,0.6060000000000001,0.21000000000000002,5.915988751185533,31.62870960249191,-34.68733,17.499939666666666
734.588,4.014723404660531,34.3938407837062,32.37974303246572,203.2881858292189,2026-06-25 04:46:31.930260,0.6000000000000001,0.20800000000000002,5.915980929048908,31.67714630204014,-34.68733,17.499939666666666
734.442,4.013533833271869,34.393537999826165,32.3781738214443,203.28983354434212,2026-06-25 04:46:31.980247,0.6060000000000001,0.21000000000000002,5.9159848401313315,31.724291356267038,-34.68733,17.499939666666666
733.9839999999999,4.011440101739459,34.392950861799676,32.37546625311903,203.72475833178407,2026-06-25 04:46:32.080221,0.6030000000000058,0.21000000000000002,5.915977017924151,31.872184745554232,-34.68733,17.499939666666666
734.151,4.011410466481507,34.39295399439065,32.375414666173874,203.5858385117408,2026-06-25 04:46:32.080221,0.6060000000000001,0.21000000000000002,5.915977017938262,31.81825855339056,-34.68733,17.499939666666666
733.635,4.009526668061592,34.39238877635235,32.37307105806845,203.87904577620654,2026-06-25 04:46:32.180195,0.6000000000000001,0.21000000000000002,5.915969195632304,31.98488079983635,-34.68733,17.499939666666666
733.374,4.0082243526282255,34.39198474130217,32.371557149652546,204.1735532951756,2026-06-25 04:46:32.255175,0.6060000000000001,0.21000000000000002,5.9159594175875725,32.069160657050205,-34.68733,17.499939666666666
733.163,4.007012614352859,34.3915935955497,32.370238656271816,204.16986033005668,2026-06-25 04:46:32.330156,0.6000000000000001,0.21000000000000002,5.915969195632304,32.04572512453926,-34.68733,17.499939666666666
732.591,4.006318030725455,34.39134147864233,32.369524489921076,204.45043093660638,2026-06-25 04:46:32.380143,0.6000000000000001,0.21000000000000002,5.915969195632304,31.971133678377086,-34.68733,17.499939666666666
732.3876666666666,4.005487141098599,34.39085897612046,32.36870291491496,204.50538027125097,2026-06-25 04:46:32.480117,0.6000000000000001,0.21000000000000002,5.915945728037064,31.94461807105836,-34.68733,17.499939666666666
732.239,4.0054545228163905,34.390398238839886,32.368639720478775,204.75521399107004,2026-06-25 04:46:32.580091,0.6000000000000001,0.21000000000000002,5.915945728037064,31.9252312499696,-34.68733,17.499939666666666
731.703,4.006368596357929,34.390072244484685,32.36938571718265,205.03573299523552,2026-06-25 04:46:32.655071,0.6060000000000001,0.21000000000000002,5.915937905279522,31.855334370349095,-34.68733,17.499939666666666
731.604,4.007995449856333,34.3897592261615,32.370734044144726,205.02718841567423,2026-06-25 04:46:32.730052,0.6060000000000001,0.21000000000000002,5.915937905279522,31.842424312359498,-34.68733,17.499939666666666
731.271,4.009568289530878,34.38955914797813,32.372076474147256,205.29309324296617,2026-06-25 04:46:32.780039,0.6060000000000001,0.21000000000000002,5.915945728037064,31.79899957184899,-34.68733,17.499939666666666
731.116,4.011512662180136,34.38936547190561,32.37377893886942,205.27224408965293,2026-06-25 04:46:32.830026,0.6060000000000001,0.21000000000000002,5.915957461961692,31.7689184369205,-34.68733,17.499939666666666
730.939,4.013830043996458,34.38917815069331,32.375854171354,205.5428737236868,2026-06-25 04:46:32.880013,0.6000000000000001,0.21000000000000002,5.915957461961692,31.73456772155054,-34.68733,17.499939666666666
730.836,4.016514256561872,34.388997130185466,32.378304575214926,205.5221228295633,2026-06-25 04:46:32.929999,0.6060000000000001,0.21000000000000002,5.91596528443699,31.71457832221097,-34.68733,17.499939666666666
730.59,4.019548936378885,34.38882234949968,32.3811164315791,205.78551738558338,2026-06-25 04:46:32.979986,0.6060000000000001,0.21000000000000002,5.915969195632304,31.666836650001876,-34.68733,17.499939666666666
730.344,4.022908906360566,34.38865374121481,32.384254185319946,205.7533472439444,2026-06-25 04:46:33.029973,0.6000000000000001,0.21000000000000002,5.9159848401313315,31.619094977792788,-34.68733,17.499939666666666
730.016,4.026561838157706,34.388491231567755,32.38766753943508,205.72232315465624,2026-06-25 04:46:33.079960,0.6000000000000001,0.21000000000000002,5.915996573209272,31.55543941484731,-34.68733,17.499939666666666
729.748,4.032532061338826,34.38825946166041,32.39322657548093,205.9577920602104,2026-06-25 04:46:33.154941,0.6000000000000001,0.21000000000000002,5.9160161277183185,31.50342816219677,-34.68733,17.499939666666666
729.432,4.038900958488634,34.38803946605042,32.399143508483434,205.89660298133782,2026-06-25 04:46:33.229921,0.6000000000000001,0.21000000000000002,5.916047413612142,31.4978126462206,-34.68733,17.499939666666666
729.247,4.043356755977155,34.387900493814655,32.40327698195802,205.86283111992762,2026-06-25 04:46:33.279908,0.6000000000000001,0.21000000000000002,5.916059145335573,31.503135632978285,-34.68733,17.499939666666666
729.0464999999999,4.050240859909435,34.387703266071185,32.4096480827173,206.09616940309698,2026-06-25 04:46:33.354889,0.6000000000000001,0.21000000000000002,5.918038960231842,31.508904599707567,-34.68733,17.499939666666666
728.844,4.0572227830696805,34.387516996006575,32.416071120967075,206.02112617149726,2026-06-25 04:46:33.429869,0.6000000000000001,0.21000000000000002,5.916121710238565,31.514731112239627,-34.68733,17.499939666666666
728.235,4.061873911193989,34.387288049097315,32.42029957901252,205.98934590385994,2026-06-25 04:46:33.479856,0.6000000000000001,0.21000000000000002,5.9200498577407314,31.532253809187907,-34.68733,17.499939666666666
728.367,4.066457995275407,34.387399929835986,32.424423901772194,206.24197545725536,2026-06-25 04:46:33.529843,0.6000000000000001,0.21000000000000002,5.916137350335819,31.528455786204045,-34.68733,17.499939666666666
727.987,4.070912727835013,34.38718122893269,32.42839989231999,205.91532522459138,2026-06-25 04:46:33.579830,0.6000000000000001,0.21000000000000002,5.92008102400868,31.53938948873335,-34.68733,17.499939666666666
727.86,4.07517875785344,34.38707934071197,32.432191773106645,206.15058715306964,2026-06-25 04:46:33.629817,0.6000000000000001,0.21000000000000002,5.916188177534794,31.543043647210247,-34.68733,17.499939666666666
727.4415,4.0828143859198205,34.38688982824364,32.43905884327003,206.0803990715309,2026-06-25 04:46:33.729791,0.6000000000000001,0.21000000000000002,5.920145298470992,31.55508510644318,-34.68733,17.499939666666666
727.463,4.082960487473347,34.38689209122363,32.439157273500626,206.08154238772195,2026-06-25 04:46:33.729791,0.6000000000000001,0.21000000000000002,5.920143351148328,31.554466489063234,-34.68733,17.499939666666666
727.056,4.089594113456019,34.38671841685917,32.445334112572425,206.01142292330184,2026-06-25 04:46:33.829765,0.6000000000000001,0.21000000000000002,5.916258545787129,31.55267967175583,-34.68733,17.499939666666666
726.7049999999999,4.09382412190835,34.38660155613768,32.449447211294654,205.9772367340703,2026-06-25 04:46:33.904745,0.6000000000000001,0.21000000000000002,5.918232136858801,31.55017900469478,-34.68733,17.499939666666666
726.608,4.097594108047825,34.386492737805256,32.45315703850655,206.22879454331311,2026-06-25 04:46:33.979726,0.6000000000000001,0.21000000000000002,5.920209565851784,31.54948793715939,-34.68733,17.499939666666666
726.082,4.099845695626506,34.38642530551868,32.455340103529196,206.20949828850783,2026-06-25 04:46:34.029713,0.6000000000000001,0.21000000000000002,5.92021346058146,31.54574049877161,-34.68733,17.499939666666666
725.836,4.103882823853734,34.38630122738878,32.45902079353331,206.16713185010758,2026-06-25 04:46:34.129687,0.6000000000000001,0.21000000000000002,5.920236828369509,31.534341263163245,-34.68733,17.499939666666666
725.9755,4.103826056848281,34.38630289752989,32.45891660842399,206.16868516215422,2026-06-25 04:46:34.129687,0.6060000000000001,0.21000000000000002,5.920236828313319,31.542063643382836,-34.68733,17.499939666666666
725.365,4.107460654885853,34.38613977461899,32.461880146775066,206.13514444833876,2026-06-25 04:46:34.229661,0.6060000000000001,0.21000000000000002,5.916324996302441,31.508267850378832,-34.68733,17.499939666666666
725.522,4.109121817923092,34.386190509573034,32.463079089416965,206.12150630347517,2026-06-25 04:46:34.279648,0.6060000000000001,0.21000000000000002,5.920256300753625,31.516958987973638,-34.68733,17.499939666666666
724.966,4.111483531169211,34.38606934580176,32.46468983830064,206.09307762027626,2026-06-25 04:46:34.354628,0.6000000000000001,0.21000000000000002,5.920269930973023,31.48618018222388,-34.68733,17.499939666666666
724.631,4.113752150726276,34.38600420196646,32.466206016348856,206.07041247872195,2026-06-25 04:46:34.429609,0.6060000000000001,0.21000000000000002,5.920279666687511,31.467635398184004,-34.68733,17.499939666666666
724.271,4.1152235283958065,34.38596403727373,32.46720808005562,206.0564968544176,2026-06-25 04:46:34.479596,0.6060000000000001,0.21000000000000002,5.920283560911507,31.44770667503668,-34.68733,17.499939666666666
724.164,4.117369217003857,34.385908222929515,32.46874980214957,206.04155148983412,2026-06-25 04:46:34.554576,0.6000000000000001,0.21000000000000002,5.920287455093366,31.441783415656783,-34.68733,17.499939666666666
724.024,4.119420059913663,34.38585645683713,32.47031281086374,206.02005821336778,2026-06-25 04:46:34.629556,0.6000000000000001,0.21000000000000002,5.920299137526586,31.436878536271834,-34.68733,17.499939666666666
723.5423333333333,4.121841597803398,34.38579446611809,32.47224723448341,205.9956409131099,2026-06-25 04:46:34.729530,0.6048043478260879,0.21000000000000002,5.92030847762742,31.423022382821063,-34.68733,17.499939666666666
723.138,4.123904011956097,34.38573745741114,32.473864970118,205.97303199536938,2026-06-25 04:46:34.829504,0.6060000000000001,0.21000000000000002,5.920318607663427,31.411390885149242,-34.68733,17.499939666666666
722.909,4.124710474006964,34.385711073961026,32.47444104270491,206.2447845231211,2026-06-25 04:46:34.879491,0.6000000000000001,0.21000000000000002,5.920326395521548,31.40480321911417,-34.68733,17.499939666666666
722.657,4.125357953460334,34.38566132569936,32.47484052862584,206.23596498432772,2026-06-25 04:46:34.929478,0.6000000000000001,0.21000000000000002,5.9203302894084775,31.39971272631008,-34.68733,17.499939666666666
722.674,4.125841069774803,34.38568574445058,32.475044396325096,206.22695564280977,2026-06-25 04:46:34.979465,0.6000000000000001,0.21000000000000002,5.9203380770980765,31.39804295047556,-34.68733,17.499939666666666
722.087,4.1262505003574805,34.38562616716422,32.474928199811664,206.21796087190017,2026-06-25 04:46:35.054446,0.6000000000000001,0.21000000000000002,5.920340023999412,31.45569932782067,-34.68733,17.499939666666666
722.017,4.126368358894253,34.38559213270967,32.47438815911888,206.21846239716538,2026-06-25 04:46:35.129426,0.6060000000000001,0.21000000000000002,5.9203380770980765,31.462574875374596,-34.68733,17.499939666666666
721.842,4.126269786182521,34.3855699666381,32.473772407819446,206.21738782105268,2026-06-25 04:46:35.179413,0.6060000000000001,0.21000000000000002,5.9203380770980765,31.47976374425943,-34.68733,17.499939666666666
721.529,4.12605757382884,34.38554802742906,32.47300607922337,206.2122595356269,2026-06-25 04:46:35.229400,0.6060000000000001,0.21000000000000002,5.920341970900746,31.510507264036296,-34.68733,17.499939666666666
721.3235,4.125572683391047,34.385515249417324,32.47166589840759,206.2128472486511,2026-06-25 04:46:35.304381,0.6030000000000001,0.21100000000000002,5.920341970886703,31.530691907212482,-34.68733,17.499939666666666
721.03,4.12498319449478,34.38548228705042,32.47024730239594,206.50477746627436,2026-06-25 04:46:35.379361,0.6060000000000001,0.21000000000000002,5.92033418326732,31.559520095885038,-34.68733,17.499939666666666
720.854,4.124552056324011,34.38545998446964,32.469315549919386,206.22044928889406,2026-06-25 04:46:35.429348,0.6060000000000001,0.21000000000000002,5.92033418326732,31.576807186877772,-34.68733,17.499939666666666
720.408,4.123878551103068,34.38542568206741,32.46803875457381,206.22314551886092,2026-06-25 04:46:35.504328,0.6000000000000001,0.21000000000000002,5.9203302894084775,31.620614247007108,-34.68733,17.499939666666666
719.981,4.123189725001925,34.38539024348639,32.46695223846231,206.50763880182262,2026-06-25 04:46:35.579309,0.6060000000000001,0.21000000000000002,5.9203302894084775,31.585634379281885,-34.68733,17.499939666666666
719.7995000000001,4.122503302403148,34.3853529683752,32.46615461062102,206.50945907432816,2026-06-25 04:46:35.654289,0.6000000000000001,0.21000000000000002,5.9203302894084775,31.570061910847908,-34.68733,17.499939666666666
719.456,4.121841326438525,34.385286495462914,32.465568278953086,206.5164488652844,2026-06-25 04:46:35.729270,0.6060000000000001,0.21000000000000002,5.920322501606531,31.540590049100945,-34.68733,17.499939666666666
719.6,4.121426410342161,34.385313903333184,32.46528239175613,206.51979818251056,2026-06-25 04:46:35.779257,0.6000000000000001,0.21000000000000002,5.920322501606531,31.552945065379145,-34.68733,17.499939666666666
719.169,4.121038927646343,34.385257940309096,32.46504585957735,206.51787193986357,2026-06-25 04:46:35.829244,0.6060000000000001,0.21000000000000002,5.920322501606531,31.515965815268693,-34.68733,17.499939666666666
718.961,4.12068701432712,34.3852281423864,32.464841040244224,206.80309658904935,2026-06-25 04:46:35.879231,0.6000000000000001,0.21000000000000002,5.920322501606531,31.498119680644628,-34.68733,17.499939666666666
718.799,4.120378864525508,34.38519700925405,32.46465658059787,206.80656861356078,2026-06-25 04:46:35.929218,0.6060000000000001,0.21000000000000002,5.920318607663427,31.49694914532929,-34.68733,17.499939666666666
718.512,4.1201212011288915,34.38516445152317,32.46448576325732,206.80864623199548,2026-06-25 04:46:35.979205,0.6000000000000001,0.21000000000000002,5.920314713692235,31.494875419184215,-34.68733,17.499939666666666
718.363,4.119918570156994,34.38513038285997,32.464325253591895,206.80497280339682,2026-06-25 04:46:36.029192,0.6060000000000001,0.21000000000000002,5.920318607663427,31.49379881571517,-34.68733,17.499939666666666
718.172,4.119772766820802,34.38509471998494,32.46417432070623,206.81074461468725,2026-06-25 04:46:36.079179,0.6000000000000001,0.21000000000000002,5.920310819692956,31.492418740127334,-34.68733,17.499939666666666
717.935,4.119669196088382,34.38503783819456,32.46397238245656,206.80580232013156,2026-06-25 04:46:36.154159,0.6000000000000001,0.21000000000000002,5.920314713692235,31.490706290314154,-34.68733,17.499939666666666
717.665,4.119683456997026,34.384977378984075,32.4638074780041,206.8033444094239,2026-06-25 04:46:36.229140,0.6000000000000001,0.21000000000000002,5.920314713692235,31.488755398121924,-34.68733,17.499939666666666
717.261,4.119769952184419,34.38493456731247,32.463732866064234,206.80264467406352,2026-06-25 04:46:36.279126,0.6000000000000001,0.21000000000000002,5.920310819692956,31.485836285360215,-34.68733,17.499939666666666
717.202,4.119907446049822,34.384889790556976,32.46368894712297,206.80147985848944,2026-06-25 04:46:36.329113,0.6000000000000001,0.21000000000000002,5.920310819692956,31.48540997928858,-34.68733,17.499939666666666
716.888,4.120086144349597,34.38484298354296,32.463670161563336,206.79440766220344,2026-06-25 04:46:36.379100,0.6000000000000001,0.21000000000000002,5.920314713692235,31.483141163924284,-34.68733,17.499939666666666
716.3605,4.120528351262858,34.38474192867161,32.46363870346079,206.92867662373283,2026-06-25 04:46:36.479074,0.6000000000000001,0.21000000000000002,5.9203166606497435,31.4793296986228,-34.68733,17.499939666666666
716.634,4.120520436561774,34.38474303276621,32.46364887582569,206.7900515316852,2026-06-25 04:46:36.479074,0.6000000000000001,0.21000000000000002,5.920314713692235,31.48130588015826,-34.68733,17.499939666666666
716.252,4.121024042592249,34.38463425209584,32.46355612326693,207.0665232637441,2026-06-25 04:46:36.579048,0.6000000000000001,0.21000000000000002,5.920318607663427,31.478545728982585,-34.68733,17.499939666666666
715.6275,4.121609761930377,34.384515021678105,32.46342173994877,207.0597222755892,2026-06-25 04:46:36.679022,0.6000000000000001,0.21000000000000002,5.920316660677831,31.474033387597224,-34.68733,17.499939666666666
715.736,4.121606765335163,34.38451622444022,32.46340987442558,207.06241728670688,2026-06-25 04:46:36.679022,0.6000000000000001,0.21000000000000002,5.920314713692235,31.474817357237434,-34.68733,17.499939666666666
715.223,4.122213613979574,34.38438857740698,32.463351798907304,207.05148232674594,2026-06-25 04:46:36.778996,0.6000000000000001,0.21000000000000002,5.920318607663427,31.4711106620722,-34.68733,17.499939666666666
714.721,4.122820330903619,34.38424970241452,32.463476107255836,207.03560365584192,2026-06-25 04:46:36.878970,0.6000000000000001,0.21000000000000002,5.920328342465013,31.46748344769998,-34.68733,17.499939666666666
715.057,4.12280787704391,34.38425098210239,32.463457293096766,207.03705607454344,2026-06-25 04:46:36.878970,0.6000000000000001,0.21000000000000002,5.9203302894084775,31.46991122465031,-34.68733,17.499939666666666
714.265,4.123929472982144,34.38402532024792,32.463901795255644,207.31731198112007,2026-06-25 04:46:37.028931,0.6000000000000001,0.21000000000000002,5.920322501606531,31.4641886075531,-34.68733,17.499939666666666
714.116,4.124308358353506,34.38396989393757,32.464084988373706,207.31074470832448,2026-06-25 04:46:37.062256,0.6000000000000001,0.21000000000000002,5.920326395521548,31.463112004084056,-34.68733,17.499939666666666
713.952,4.12564472531701,34.38377584283021,32.46472772359976,207.29943609601546,2026-06-25 04:46:37.178892,0.6000000000000001,0.21000000000000002,5.9203302894084775,31.461927017715443,-34.68733,17.499939666666666
713.466,4.126356562041258,34.38368728218235,32.46508252390637,207.29153382242467,2026-06-25 04:46:37.228879,0.6000000000000001,0.21000000000000002,5.9203302894084775,31.458415411769426,-34.68733,17.499939666666666
713.3430000000001,4.127490183915797,34.38354896974508,32.465648798271154,207.28322965965305,2026-06-25 04:46:37.303859,0.6060000000000001,0.21000000000000002,5.920332236309812,31.45752667199297,-34.68733,17.499939666666666
713.009,4.128618278287595,34.38340514984022,32.46620874221167,207.2628911901866,2026-06-25 04:46:37.378840,0.6060000000000001,0.21000000000000002,5.92034586467533,31.455113346095914,-34.68733,17.499939666666666
712.3845,4.129946756395363,34.3832018341999,32.466870048581825,207.5320971661845,2026-06-25 04:46:37.478814,0.6060000000000001,0.21000000000000002,5.9203517052810355,31.45060100471055,-34.68733,17.499939666666666
712.67,4.129981017387513,34.383203227506854,32.46688159300919,207.53961973526432,2026-06-25 04:46:37.478814,0.6060000000000001,0.21000000000000002,5.92034586467533,31.452663892565667,-34.68733,17.499939666666666
712.181,4.1310789972270445,34.38299016077281,32.46746402248896,207.51977182597133,2026-06-25 04:46:37.578788,0.6060000000000001,0.21000000000000002,5.920357545830569,31.44913061003974,-34.68733,17.499939666666666
711.959,4.1315266108556585,34.38287943795251,32.46773000484768,207.51226066464173,2026-06-25 04:46:37.628775,0.6000000000000001,0.21000000000000002,5.9203614394928135,31.447526543126127,-34.68733,17.499939666666666
711.48,4.131922135185365,34.38264961027078,32.467987625263135,207.5061993210892,2026-06-25 04:46:37.678762,0.6060000000000001,0.21000000000000002,5.9203614394928135,31.44406551586658,-34.68733,17.499939666666666
711.737,4.132280052817791,34.38276592067596,32.46824593645573,207.50998358791753,2026-06-25 04:46:37.728749,0.6060000000000001,0.21000000000000002,5.920357545830569,31.445922476212516,-34.68733,17.499939666666666
711.345,4.132613933511371,34.38253050997907,32.468514112038605,207.78839633615,2026-06-25 04:46:37.778736,0.6060000000000001,0.21000000000000002,5.9203614394928135,31.443090069770466,-34.68733,17.499939666666666
711.021,4.1329371657826774,34.38240862492551,32.468798804441285,207.78396399100285,2026-06-25 04:46:37.828723,0.6060000000000001,0.21000000000000002,5.9203614394928135,31.44074899913979,-34.68733,17.499939666666666
710.7885,4.133436163532,34.382220246175066,32.46925863855854,207.77619766997742,2026-06-25 04:46:37.903703,0.6060000000000001,0.21000000000000002,5.920365333126972,31.43906906419648,-34.68733,17.499939666666666
710.496,4.133981986624962,34.38202634004973,32.46972869072012,207.77103862635727,2026-06-25 04:46:37.978683,0.6060000000000001,0.21000000000000002,5.920365333126972,31.436955597654897,-34.68733,17.499939666666666
710.297,4.134390495678072,34.381893403811006,32.470022916306064,208.05446457844744,2026-06-25 04:46:38.028670,0.6060000000000001,0.21000000000000002,5.920365333126972,31.43551771785396,-34.68733,17.499939666666666
710.038,4.134832812613097,34.38175773565596,32.470283739518216,208.05004572433361,2026-06-25 04:46:38.078657,0.6060000000000001,0.21000000000000002,5.920365333126972,31.433646306454744,-34.68733,17.499939666666666
709.823,4.135541930281005,34.38154881001478,32.47059011186147,208.04140295402624,2026-06-25 04:46:38.153638,0.6060000000000001,0.21000000000000002,5.920369226733047,31.4320928182276,-34.68733,17.499939666666666
709.559,4.136260903824566,34.38133450646487,32.470812345213396,208.03226732550473,2026-06-25 04:46:38.228618,0.6060000000000001,0.21000000000000002,5.920373120311038,31.430185279195197,-34.68733,17.499939666666666
709.358,4.136932343708251,34.38111355752211,32.47095186589402,208.02396065228825,2026-06-25 04:46:38.303599,0.6060000000000001,0.21000000000000002,5.9203770138609455,31.42873294834098,-34.68733,17.499939666666666
709.023,4.137531828242489,34.380887360751814,32.4710521392786,208.01139930215325,2026-06-25 04:46:38.378579,0.6000000000000001,0.21000000000000002,5.920384800876512,31.426312396917286,-34.68733,17.499939666666666
708.542,4.138221779352087,34.380575449540885,32.47117636232435,208.28907834234667,2026-06-25 04:46:38.478553,0.6060000000000001,0.21000000000000002,5.920387466046456,31.422836918604464,-34.68733,17.499939666666666
708.338,4.138944324176409,34.38025510702085,32.47134362361707,208.28294016569228,2026-06-25 04:46:38.578527,0.6060000000000001,0.21000000000000002,5.92038869434217,31.421362911170334,-34.68733,17.499939666666666
707.95,4.139387942823326,34.38009079708632,32.4714643599954,208.28075527761663,2026-06-25 04:46:38.628514,0.6060000000000001,0.21000000000000002,5.920384800876512,31.41855940683483,-34.68733,17.499939666666666
707.712,4.140190908555372,34.37983948224481,32.47170678258207,208.2765700932485,2026-06-25 04:46:38.703495,0.6060000000000001,0.21000000000000002,5.9203828541015575,31.416839731495013,-34.68733,17.499939666666666
707.431,4.141106627828441,34.37958340681304,32.472029487884335,208.26803314011107,2026-06-25 04:46:38.778475,0.6060000000000001,0.21000000000000002,5.920384800876512,31.414809358509768,-34.68733,17.499939666666666
707.178,4.141761299974484,34.379409578752245,32.472315651729005,208.25586157069202,2026-06-25 04:46:38.828462,0.6060000000000001,0.21000000000000002,5.920392587779747,31.40762081066385,-34.68733,17.499939666666666
706.866,4.142429047180153,34.37923346660573,32.472668531863796,208.53089137332327,2026-06-25 04:46:38.878449,0.6060000000000001,0.21000000000000002,5.920400374570655,31.398755882094974,-34.68733,17.499939666666666
706.7075,4.143450191963577,34.37896483399075,32.47334871312336,208.51956311319609,2026-06-25 04:46:38.953429,0.6060000000000001,0.21000000000000002,5.920406214586612,31.394252384729054,-34.68733,17.499939666666666
706.519,4.1445083171647,34.37869184526782,32.474185409796455,208.51457504559846,2026-06-25 04:46:39.028410,0.6060000000000001,0.21000000000000002,5.924327217531821,31.388896490385356,-34.68733,17.499939666666666
706.093,4.145257749753759,34.378507023901264,32.4748441533913,208.5037283873131,2026-06-25 04:46:39.078397,0.6060000000000001,0.21000000000000002,5.920408161249238,31.37679245330093,-34.68733,17.499939666666666
705.913,4.146057619564112,34.378320139500524,32.47557216952667,208.49490199070482,2026-06-25 04:46:39.128384,0.6060000000000001,0.21000000000000002,5.920412054546408,31.37167807143427,-34.68733,17.499939666666666
705.813,4.146921859371397,34.378131240753675,32.47636131029836,208.48989096137856,2026-06-25 04:46:39.178371,0.6060000000000001,0.21000000000000002,5.920412054546408,31.368836748175013,-34.68733,17.499939666666666
705.52,4.1478603588646905,34.37794037783066,32.4771979985719,208.7674778543121,2026-06-25 04:46:39.228358,0.6060000000000001,0.21000000000000002,5.920415947815497,31.323768056802454,-34.68733,17.499939666666666
705.1424999999999,4.149415884518055,34.37765028494745,32.478492140966914,208.7565511263373,2026-06-25 04:46:39.303338,0.6060000000000001,0.21000000000000002,5.920415947815497,31.265701739419715,-34.68733,17.499939666666666
704.862,4.151095025180047,34.37735652782939,32.47975827353615,208.73569719696496,2026-06-25 04:46:39.378319,0.6060000000000001,0.21000000000000002,5.924350492180106,31.22255577378831,-34.68733,17.499939666666666
704.7555,4.152868873337688,34.37705839948946,32.4809163801509,208.72278560615618,2026-06-25 04:46:39.453299,0.6000000000000001,0.21000000000000002,5.922392945900642,31.206174150473718,-34.68733,17.499939666666666
704.581,4.154651497266521,34.37675694753112,32.48196659242303,208.70580569557558,2026-06-25 04:46:39.528280,0.6000000000000001,0.21000000000000002,5.9243621291265525,31.179332899127267,-34.68733,17.499939666666666
703.9825000000001,4.156342405868964,34.37645156639127,32.482886777516455,208.9738256315494,2026-06-25 04:46:39.603260,0.6030000000000034,0.21000000000000002,5.92436988693698,31.08727279064101,-34.68733,17.499939666666666
703.594,4.157883096254948,34.375935804731455,32.48372316521908,208.95636979401218,2026-06-25 04:46:39.678240,0.6000000000000001,0.21000000000000002,5.9243776446634815,31.02751447460606,-34.68733,17.499939666666666
703.753,4.158780900829469,34.37614322816747,32.48423887759305,208.946204913392,2026-06-25 04:46:39.728227,0.6060000000000001,0.21000000000000002,5.924385402264094,31.05197154603349,-34.68733,17.499939666666666
703.355,4.15957110079982,34.3757270649958,32.484726377233095,208.93571647289806,2026-06-25 04:46:39.778214,0.6000000000000001,0.21000000000000002,5.924389281022438,31.071781085645462,-34.68733,17.499939666666666
702.9916666666667,4.160787451883386,34.37530553746945,32.485568162734246,209.11779868656723,2026-06-25 04:46:39.878188,0.6018863636363612,0.21000000000000002,5.924397258808049,31.13907621260912,-34.68733,17.499939666666666
702.599,4.161677390886479,34.37488031088531,32.486235831058764,209.1978451408373,2026-06-25 04:46:39.978162,0.6000000000000001,0.21000000000000002,5.924400917129628,31.21180434064873,-34.68733,17.499939666666666
702.382,4.161998939474197,34.374666027157886,32.48647817427849,209.1979223226109,2026-06-25 04:46:40.028149,0.6000000000000001,0.21000000000000002,5.924397038455204,31.25199620088117,-34.68733,17.499939666666666
702.203,4.162273819853343,34.37445085131588,32.4866718295132,209.1951792378617,2026-06-25 04:46:40.078136,0.6060000000000001,0.21000000000000002,5.924397038455204,31.285149855174268,-34.68733,17.499939666666666
702.0005000000001,4.162641040062807,34.3741264918651,32.48687931977861,209.33137953756355,2026-06-25 04:46:40.153117,0.6000000000000001,0.21000000000000002,5.924402856452852,31.27923810943999,-34.68733,17.499939666666666
701.028,4.163012903443139,34.37314535423847,32.48701589167196,209.4681578305439,2026-06-25 04:46:40.228097,0.6000000000000001,0.21000000000000002,5.924400917129628,31.250847133012392,-34.68733,17.499939666666666
701.1345,4.163463433923944,34.37347350562858,32.48708147167336,209.46298758820296,2026-06-25 04:46:40.303078,0.6000000000000001,0.21000000000000002,5.924404795762091,31.25395627336153,-34.68733,17.499939666666666
701.286,4.164016447654967,34.373800728855066,32.487108491970396,209.46454509171613,2026-06-25 04:46:40.378058,0.6000000000000001,0.21000000000000002,5.924400917129628,31.258379134984956,-34.68733,17.499939666666666
700.5029999999999,4.164708554195475,34.372816348892265,32.48713295611725,209.59482818939986,2026-06-25 04:46:40.453039,0.6000000000000001,0.21000000000000002,5.924406735085316,31.2355203848124,-34.68733,17.499939666666666
700.1455000000001,4.165823940182405,34.372377021875515,32.487267797659456,209.72612962821543,2026-06-25 04:46:40.553012,0.6000000000000001,0.21000000000000002,5.924412552985057,31.226006267689698,-34.68733,17.499939666666666
700.031,4.166820564514805,34.37204735407257,32.48750363150955,209.71706657503364,2026-06-25 04:46:40.627993,0.6060000000000001,0.21000000000000002,5.92441643154759,31.231850146430983,-34.68733,17.499939666666666
699.581,4.16757818798431,34.3716081241659,32.48774851106805,209.70967193020923,2026-06-25 04:46:40.677980,0.6060000000000001,0.21000000000000002,5.92441643154759,31.25481735545783,-34.68733,17.499939666666666
699.737,4.168405296270398,34.371827655052705,32.488061946575776,209.999965568928,2026-06-25 04:46:40.727967,0.6000000000000001,0.21000000000000002,5.924412552985057,31.24685538966186,-34.68733,17.499939666666666
699.235,4.169300330850724,34.371388848994705,32.48844528206771,209.68779353410366,2026-06-25 04:46:40.777954,0.6060000000000001,0.21000000000000002,5.924428067067353,31.27247658728737,-34.68733,17.499939666666666
698.907,4.170261715521121,34.37116991770204,32.488901400240024,209.97349720637445,2026-06-25 04:46:40.827941,0.6000000000000001,0.21000000000000002,5.924424188588737,31.289217130755826,-34.68733,17.499939666666666
698.795,4.171287034858587,34.37095141896488,32.489435252308155,209.9641437470807,2026-06-25 04:46:40.877928,0.6000000000000001,0.21000000000000002,5.924428067067353,31.294933413891403,-34.68733,17.499939666666666
698.5305000000001,4.172957333837024,34.370624758962975,32.49040486498683,210.0902538444611,2026-06-25 04:46:40.952908,0.6000000000000001,0.21000000000000002,5.924437763110054,31.30843302897496,-34.68733,17.499939666666666
698.369,4.174786504434086,34.37029941110725,32.49155429132862,210.21992385238119,2026-06-25 04:46:41.027889,0.6000000000000001,0.21000000000000002,5.9244435807021105,31.313112514496815,-34.68733,17.499939666666666
697.9465,4.177660350669232,34.36986854443612,32.49350108222065,210.19687354145444,2026-06-25 04:46:41.127863,0.6000000000000001,0.21000000000000002,5.924449398196271,31.319156089063807,-34.68733,17.499939666666666
698.191,4.177604536635373,34.369869030138574,32.49344718899358,210.2011452309971,2026-06-25 04:46:41.127863,0.6000000000000001,0.21000000000000002,5.9244474590408736,31.315658683190126,-34.68733,17.499939666666666
697.483,4.180853023003377,34.36944156337143,32.495763684237495,210.46585073620375,2026-06-25 04:46:41.227837,0.6000000000000001,0.21000000000000002,5.924451337351668,31.325786140689374,-34.68733,17.499939666666666
697.2235000000001,4.18435328974458,34.369019189166835,32.49844083366583,210.57285947376442,2026-06-25 04:46:41.327810,0.603000000000008,0.21000000000000002,5.924472667473693,31.329498111340577,-34.68733,17.499939666666666
697.329,4.184351989832049,34.369019854860795,32.49842427497744,210.42665436039664,2026-06-25 04:46:41.327810,0.6060000000000001,0.21000000000000002,5.9244746066290865,31.327989005738644,-34.68733,17.499939666666666
696.695,4.187870367733449,34.36860214015736,32.50122169851602,210.68066502781483,2026-06-25 04:46:41.427784,0.6000000000000001,0.21000000000000002,5.924490118921345,31.337057943668754,-34.68733,17.499939666666666
696.4780000000001,4.190446984993433,34.368293482278766,32.503299759380965,210.79960522585418,2026-06-25 04:46:41.502765,0.6000000000000001,0.21000000000000002,5.9245036918065175,31.33691398847279,-34.68733,17.499939666666666
696.113,4.193786576063512,34.36788748377873,32.5059617279541,211.06782251486504,2026-06-25 04:46:41.602739,0.6000000000000001,0.21000000000000002,5.9245075697117855,31.25094143445929,-34.68733,17.499939666666666
695.735,4.196937202962049,34.36748874725157,32.508383320386635,211.18086822901535,2026-06-25 04:46:41.702713,0.6000000000000001,0.21100000000000002,5.924523081025249,31.161906844275435,-34.68733,17.499939666666666
695.236,4.1991346709124695,34.367001301481075,32.509964962636815,211.4422293035073,2026-06-25 04:46:41.777693,0.6000000000000001,0.21000000000000002,5.924540530781009,31.044371763583,-34.68733,17.499939666666666
695.284,4.2005146904788395,34.367194607262746,32.510860090376944,211.1399049674535,2026-06-25 04:46:41.827680,0.6000000000000001,0.21000000000000002,5.924544408420623,31.055677743288886,-34.68733,17.499939666666666
694.9615,4.202482116422143,34.36671576989997,32.511954446131476,211.41781227360468,2026-06-25 04:46:41.902661,0.6000000000000001,0.21000000000000002,5.924546347226448,30.98584242503202,-34.68733,17.499939666666666
694.654,4.204351995399036,34.36643486561668,32.512823446945326,211.40062330624406,2026-06-25 04:46:41.977641,0.6000000000000001,0.21000000000000002,5.924552163615965,31.005314485921982,-34.68733,17.499939666666666
694.158,4.205522067813935,34.36625081153836,32.513274309602004,211.38682606540814,2026-06-25 04:46:42.027628,0.6000000000000001,0.21200000000000002,5.924556041171693,31.036723078446933,-34.68733,17.499939666666666
693.992,4.207128149102795,34.365979782008495,32.5138064263042,211.65946971747894,2026-06-25 04:46:42.102609,0.6000000000000001,0.21000000000000002,5.9245676736571316,31.04723482513875,-34.68733,17.499939666666666
693.645,4.2085666342687995,34.36571398844837,32.514247085541626,211.93163436532134,2026-06-25 04:46:42.177589,0.6000000000000001,0.21000000000000002,5.92457930591889,31.069208175151168,-34.68733,17.499939666666666
693.2346666666666,4.210126939816065,34.36537056434817,32.51480979135665,211.91020257421033,2026-06-25 04:46:42.277563,0.6000000000000001,0.21196078431371765,5.924590633809461,31.09519203092954,-34.68733,17.499939666666666
692.838,4.2117085736400846,34.36495566462047,32.515656434248456,211.89525960258314,2026-06-25 04:46:42.402530,0.6000000000000001,0.21000000000000002,5.9245948151911625,31.120009971367963,-34.68733,17.499939666666666
692.561,4.212583756005273,34.36471568484956,32.51631461651819,212.1816260136164,2026-06-25 04:46:42.477511,0.6000000000000001,0.21000000000000002,5.9285167888775545,31.133388864913456,-34.68733,17.499939666666666
692.318,4.213228782838483,34.36455981937109,32.51684858200209,212.1728043491235,2026-06-25 04:46:42.527498,0.6000000000000001,0.21000000000000002,5.924598692439336,31.145125583799942,-34.68733,17.499939666666666
691.9545,4.214392437082831,34.36433236777762,32.517820218589236,212.46244810739918,2026-06-25 04:46:42.602478,0.6000000000000001,0.21000000000000002,5.924592876553097,31.16268236287499,-34.68733,17.499939666666666
691.807,4.21578969930214,34.36411139121048,32.51896421672383,212.45248124902332,2026-06-25 04:46:42.677459,0.6000000000000001,0.21000000000000002,5.9245948151911625,31.16980650293983,-34.68733,17.499939666666666
691.575,4.217454357010034,34.36389868665498,32.52026948664072,212.43514359654264,2026-06-25 04:46:42.752439,0.6000000000000001,0.21000000000000002,5.928524515051677,31.18094549809953,-34.68733,17.499939666666666
690.915,4.219262742191476,34.36343246932484,32.5216041358838,212.41340718065823,2026-06-25 04:46:42.827420,0.6000000000000001,0.21000000000000002,5.928532241142232,31.201861738505457,-34.68733,17.499939666666666
690.745,4.221672757772674,34.36343071922412,32.52315847538364,212.53598221913072,2026-06-25 04:46:42.927394,0.6000000000000001,0.21000000000000002,5.928543829992554,31.20724925497365,-34.68733,17.499939666666666
691.081,4.2217100297594925,34.363692730356355,32.5232033303918,212.68896630222696,2026-06-25 04:46:42.927394,0.6000000000000001,0.21000000000000002,5.924618078260835,31.196600987130633,-34.68733,17.499939666666666
690.141,4.224344506909544,34.363123361926114,32.52472146999973,212.6431470204886,2026-06-25 04:46:43.052361,0.6000000000000001,0.21000000000000002,5.926606126255662,31.226390784072407,-34.68733,17.499939666666666
689.961,4.2256710691569275,34.36294890754754,32.52546132692577,212.9221441578191,2026-06-25 04:46:43.127341,0.6000000000000001,0.21000000000000002,5.928574732572118,31.23209521327402,-34.68733,17.499939666666666
689.748,4.226481692451045,34.36283739284702,32.52592595756375,212.9265412172363,2026-06-25 04:46:43.177328,0.6000000000000001,0.21000000000000002,5.928563144334568,31.23884545449593,-34.68733,17.499939666666666
689.5013333333333,4.228081095994335,34.362626420416156,32.52693246326775,212.91236813388824,2026-06-25 04:46:43.277302,0.6000000000000001,0.21000000000000002,5.924907184925817,31.246662635253706,-34.68733,17.499939666666666
689.15,4.229805008182179,34.36242755115481,32.528108067300614,213.18510102871406,2026-06-25 04:46:43.377276,0.6000000000000001,0.21000000000000002,5.928578595262264,31.24452153971261,-34.68733,17.499939666666666
688.553,4.231899059963704,34.36224444265008,32.52964617466556,213.3129588395915,2026-06-25 04:46:43.477250,0.6000000000000001,0.21000000000000002,5.928582457868857,31.239278571798916,-34.68733,17.499939666666666
688.965,4.231855478865831,34.362246257832616,32.5295962074098,213.173068398253,2026-06-25 04:46:43.477250,0.6000000000000001,0.21000000000000002,5.928578595262264,31.242896834412722,-34.68733,17.499939666666666
688.264,4.234260009555393,34.36207585193187,32.53148512899045,213.43536119074227,2026-06-25 04:46:43.577224,0.6000000000000001,0.21000000000000002,5.92859404574434,31.236740518654763,-34.68733,17.499939666666666
688.209,4.235618717967612,34.36199697460433,32.53261745613521,213.41752352274315,2026-06-25 04:46:43.627211,0.6000000000000001,0.21000000000000002,5.9286056333134685,31.236257498160203,-34.68733,17.499939666666666
687.976,4.237104991205243,34.36192168795341,32.53388791292866,213.40777686425224,2026-06-25 04:46:43.677198,0.6000000000000001,0.21200000000000002,5.9286056333134685,31.234211247701424,-34.68733,17.499939666666666
687.611,4.238727532345629,34.361849971316104,32.53529536958518,213.3995541491738,2026-06-25 04:46:43.727185,0.6000000000000001,0.21200000000000002,5.928601770818275,31.16356362615196,-34.68733,17.499939666666666
687.3109999999999,4.241408365483069,34.36174947351945,32.537636833723056,213.37610737085552,2026-06-25 04:46:43.802166,0.6000000000000001,0.21200000000000002,5.928609495766888,31.105497087892115,-34.68733,17.499939666666666
686.9875,4.245273438137783,34.36162711979617,32.540963758052044,213.62942710383882,2026-06-25 04:46:43.902139,0.6000000000000001,0.21200000000000002,5.9286307388220845,31.04288200413527,-34.68733,17.499939666666666
686.764,4.248282082116914,34.36154395343261,32.54345079879335,213.60322610722022,2026-06-25 04:46:43.977120,0.6000000000000001,0.21200000000000002,5.928640394517028,30.999622433131705,-34.68733,17.499939666666666
686.499,4.25027825098792,34.36149301360286,32.545030536301255,213.58702695396542,2026-06-25 04:46:44.027107,0.6000000000000001,0.21200000000000002,5.928644256733742,30.948330324335522,-34.68733,17.499939666666666
686.2675,4.253132225342746,34.36142322014652,32.54721929065316,213.55631383288767,2026-06-25 04:46:44.102087,0.6000000000000001,0.21200000000000002,5.928659705308218,30.90352231231169,-34.68733,17.499939666666666
686.006,4.2557440074991035,34.361359913153585,32.54920858147286,213.82554865508345,2026-06-25 04:46:44.177068,0.6000000000000001,0.21000000000000002,5.9286712914710655,30.852907646461855,-34.68733,17.499939666666666
685.441,4.258669549477631,34.36128706181007,32.55149398824713,213.78082685991674,2026-06-25 04:46:44.277042,0.6000000000000001,0.21200000000000002,5.928698324844026,30.820800970214936,-34.68733,17.499939666666666
685.566,4.258603098731765,34.36128857787399,32.55145112334866,213.787577338379,2026-06-25 04:46:44.277042,0.6000000000000001,0.21200000000000002,5.928692532089762,30.82790421717222,-34.68733,17.499939666666666
684.9404999999999,4.262128023286149,34.36120175409637,32.55432386620499,213.90107179539535,2026-06-25 04:46:44.427003,0.6000000000000001,0.21200000000000002,5.928704117500843,30.792359569397966,-34.68733,17.499939666666666
684.8175,4.263174247270288,34.36117854158776,32.55519963438998,214.04246155115007,2026-06-25 04:46:44.476990,0.6000000000000001,0.21200000000000002,5.928704117528683,30.785369974392005,-34.68733,17.499939666666666
684.236,4.265202740645884,34.36113895751478,32.55692428710553,214.02827914912828,2026-06-25 04:46:44.576964,0.6000000000000001,0.21200000000000002,5.928702186643078,30.75232566954672,-34.68733,17.499939666666666
683.95,4.26668462058281,34.3611173844093,32.558251377589066,214.2949682446585,2026-06-25 04:46:44.651944,0.6000000000000001,0.21200000000000002,5.928723426036724,30.753668751964465,-34.68733,17.499939666666666
683.769,4.2686822097272685,34.36109666291968,32.560074357748796,214.12788630107582,2026-06-25 04:46:44.751918,0.6000000000000001,0.21000000000000002,5.928731149245058,30.75451874468339,-34.68733,17.499939666666666
683.366,4.270258511760728,34.36108679908508,32.561432995367944,214.26227320182483,2026-06-25 04:46:44.826898,0.6000000000000001,0.21000000000000002,5.928733080033222,30.756411269908394,-34.68733,17.499939666666666
683.257,4.271369547684909,34.36108305366861,32.562290498722376,214.2589963002504,2026-06-25 04:46:44.876885,0.6000000000000001,0.21000000000000002,5.928729218456895,30.756923143976696,-34.68733,17.499939666666666
682.767,4.272522032405185,34.36108305366861,32.56309091342956,214.2414080771958,2026-06-25 04:46:44.926872,0.6000000000000001,0.21000000000000002,5.92873694158171,30.75922422923787,-34.68733,17.499939666666666
682.861,4.273712556191755,34.36108305366861,32.563832276263646,214.22567765241277,2026-06-25 04:46:44.976859,0.6000000000000001,0.21000000000000002,5.928748526060141,30.758782796555113,-34.68733,17.499939666666666
682.479,4.274941693544628,34.36108335833723,32.56452519744843,214.20872141622047,2026-06-25 04:46:45.026846,0.6000000000000001,0.21000000000000002,5.92875624890657,30.760576703840353,-34.68733,17.499939666666666
682.383,4.276856551968702,34.36108951662209,32.56552975990308,214.1996586736059,2026-06-25 04:46:45.101827,0.6000000000000001,0.21000000000000002,5.928754318201922,30.765057609003925,-34.68733,17.499939666666666
682.201,4.278821221240746,34.36109867069574,32.566591382120926,214.18253789097852,2026-06-25 04:46:45.176807,0.6000000000000001,0.21000000000000002,5.928760110288028,30.77774253352305,-34.68733,17.499939666666666
681.806,4.2801557538143875,34.36110657566345,32.567406959650896,214.45436796137434,2026-06-25 04:46:45.226794,0.6000000000000001,0.21000000000000002,5.928775555535493,30.805273001572797,-34.68733,17.499939666666666
681.5550000000001,4.282226411590013,34.36112077691591,32.56890219098457,214.4342693427277,2026-06-25 04:46:45.301775,0.6000000000000001,0.21000000000000002,5.928783277992208,30.82276704582719,-34.68733,17.499939666666666
681.423,4.284424239837955,34.361137015651245,32.57073566578872,214.4216320436775,2026-06-25 04:46:45.376755,0.6000000000000001,0.21000000000000002,5.928783277992208,30.831967100972935,-34.68733,17.499939666666666
680.896,4.286024254496926,34.36114899211022,32.57221417804642,214.3943626390341,2026-06-25 04:46:45.426742,0.6000000000000001,0.21000000000000002,5.928798722571616,30.868697624168426,-34.68733,17.499939666666666
680.8325,4.288705220532524,34.36116830235892,32.5748245824303,214.38337207697575,2026-06-25 04:46:45.501723,0.6000000000000001,0.21000000000000002,5.928794861468516,30.87248784480505,-34.68733,17.499939666666666
680.468,4.291673812999379,34.36118863634821,32.57775974657312,214.36104921207226,2026-06-25 04:46:45.576703,0.6000000000000001,0.21000000000000002,5.928798722571616,30.805227388966404,-34.68733,17.499939666666666
680.181,4.2959626281695265,34.36121686442085,32.58187838167096,214.61884671505942,2026-06-25 04:46:45.676677,0.6000000000000001,0.21000000000000002,5.928814166705678,30.752267853093468,-34.68733,17.499939666666666
679.9483333333334,4.297944432173927,34.36123101599363,32.58358481789088,214.33125322113702,2026-06-25 04:46:45.726664,0.6000000000000001,0.21000000000000002,5.928807452576464,30.7093343385298,-34.68733,17.499939666666666
679.385,4.300101367846794,34.36127288311656,32.58557185441457,214.5688116549784,2026-06-25 04:46:45.776651,0.6000000000000001,0.20800000000000002,5.928837332071785,30.605383565445834,-34.68733,17.499939666666666
679.498,4.303589761018749,34.36124530206737,32.588416320258624,214.52392359467729,2026-06-25 04:46:45.876625,0.6000000000000001,0.20800000000000002,5.928868217668061,30.62623522939582,-34.68733,17.499939666666666
679.207,4.305016686462979,34.36128601758121,32.58950994419564,214.810698928099,2026-06-25 04:46:45.926612,0.6000000000000001,0.20800000000000002,5.928868217668061,30.572537581524635,-34.68733,17.499939666666666
679.005,4.306225504774518,34.361298535856655,32.59041851404527,214.79900128765007,2026-06-25 04:46:45.976599,0.6000000000000001,0.20800000000000002,5.928872078242362,30.535262925614056,-34.68733,17.499939666666666
678.705,4.3072321889051395,34.36131030397469,32.59117105098902,214.47998995067053,2026-06-25 04:46:46.026586,0.6000000000000001,0.20800000000000002,5.928887520261288,30.57909140338083,-34.68733,17.499939666666666
678.499,4.308412021382802,34.36132612195852,32.59204341178916,214.622118676022,2026-06-25 04:46:46.101566,0.6000000000000001,0.20800000000000002,5.928885590029793,30.60918695811402,-34.68733,17.499939666666666
677.9335000000001,4.309578412257123,34.36134349190459,32.59287090881932,214.46223280502892,2026-06-25 04:46:46.201540,0.6000000000000001,0.20800000000000002,5.928885590029793,30.691803638704386,-34.68733,17.499939666666666
677.805,4.310246767036952,34.3613532353193,32.593307452499545,214.74569362700717,2026-06-25 04:46:46.276521,0.6000000000000001,0.20800000000000002,5.928895241103786,30.710576836681177,-34.68733,17.499939666666666
677.5585,4.310871396042188,34.36135770593041,32.593646246217986,214.58467699214768,2026-06-25 04:46:46.351501,0.6000000000000001,0.20800000000000002,5.928902961834977,30.74658923591288,-34.68733,17.499939666666666
676.886,4.311867443184907,34.36135770593041,32.5940814541124,214.7355546605108,2026-06-25 04:46:46.451475,0.6000000000000001,0.20800000000000002,5.928887520261288,30.798683436554292,-34.68733,17.499939666666666
676.633,4.312767698832986,34.36135770593041,32.59444161659353,214.72499074977154,2026-06-25 04:46:46.526455,0.6000000000000001,0.20800000000000002,5.9288913806964505,30.81631246743037,-34.68733,17.499939666666666
676.3365,4.3137403264237495,34.3613489009829,32.59486097473048,214.7049054931795,2026-06-25 04:46:46.601436,0.6000000000000001,0.20800000000000002,5.928904891913428,30.836972576737722,-34.68733,17.499939666666666
676.249,4.314723525995275,34.361335414945344,32.595350891096366,214.69026096600138,2026-06-25 04:46:46.676416,0.6000000000000001,0.20800000000000002,5.928914542723069,30.843069573582213,-34.68733,17.499939666666666
675.9,4.315389711784502,34.36132311286264,32.595747189995144,214.68351257415597,2026-06-25 04:46:46.726403,0.6000000000000001,0.20800000000000002,5.928914542723069,30.86738788099626,-34.68733,17.499939666666666
675.653,4.316088860817498,34.36130818839196,32.59621725693135,214.67407025195175,2026-06-25 04:46:46.776390,0.6000000000000001,0.20800000000000002,5.928918402963449,30.88459883208872,-34.68733,17.499939666666666
675.424,4.316859987646864,34.361290534032115,32.59678221438285,214.66093362733747,2026-06-25 04:46:46.826377,0.6000000000000001,0.21000000000000002,5.928926123360735,30.900555543830315,-34.68733,17.499939666666666
675.1565,4.318289347476737,34.36125833361008,32.59789620696365,214.65454202712124,2026-06-25 04:46:46.901358,0.6000000000000001,0.21000000000000002,5.928922263176005,30.91919493418348,-34.68733,17.499939666666666
674.795,4.320137704098338,34.36122016546637,32.59938755136987,214.63810390345208,2026-06-25 04:46:46.976338,0.6000000000000001,0.21000000000000002,5.928926123360735,30.853292819178325,-34.68733,17.499939666666666
674.552,4.3227721603537415,34.3611741835858,32.60157723749115,214.6117484306437,2026-06-25 04:46:47.051319,0.6000000000000001,0.21000000000000002,5.9308979272998705,30.805312394877436,-34.68733,17.499939666666666
674.285,4.326271739462477,34.36112168373728,32.604545811465684,214.5876998464364,2026-06-25 04:46:47.126299,0.6000000000000001,0.21000000000000002,5.928941563821418,30.752593163238163,-34.68733,17.499939666666666
674.0274999999999,4.3310794255405,34.361060727461954,32.60877340265182,214.85930711889498,2026-06-25 04:46:47.201280,0.6000000000000001,0.21000000000000002,5.9289396337847,30.701749709503662,-34.68733,17.499939666666666
673.703,4.339345022057513,34.36096773756254,32.616397223589416,214.78734114342586,2026-06-25 04:46:47.301253,0.6000000000000001,0.21000000000000002,5.9309287505929325,30.637677085282924,-34.68733,17.499939666666666
673.1375,4.34964027886662,34.36086022077919,32.626396828509954,214.8512768554156,2026-06-25 04:46:47.401227,0.6000000000000001,0.21000000000000002,5.932917745685743,30.618480020809052,-34.68733,17.499939666666666
672.9925000000001,4.361435080030776,34.36073771169054,32.6382219323757,215.0409394656156,2026-06-25 04:46:47.501201,0.6030000000003412,0.21000000000000002,5.931007695229282,30.613684139092243,-34.68733,17.499939666666666
672.34,4.370837466567461,34.36063624551602,32.647671538051775,215.10517512354676,2026-06-25 04:46:47.576182,0.6000000000000001,0.21000000000000002,5.933000418230327,30.592102671366593,-34.68733,17.499939666666666
672.091,4.377187194232709,34.360563408884914,32.65398752300919,215.06303489442814,2026-06-25 04:46:47.626169,0.6000000000000001,0.21000000000000002,5.933008108040292,30.58386698483221,-34.68733,17.499939666666666
671.8285000000001,4.386450632843065,34.36044627031929,32.66303608942151,214.96374145887327,2026-06-25 04:46:47.701149,0.6000000000000001,0.21000000000000002,5.931102062987208,30.575184785172468,-34.68733,17.499939666666666
671.5606666666666,4.400242649244784,34.36023114311865,32.67591707141033,214.92246938108852,2026-06-25 04:46:47.826117,0.6000000000000001,0.20940512820512647,5.9331236578975535,30.566326185265666,-34.68733,17.499939666666666
671.062,4.40948456498468,34.36004303960659,32.684018959787444,215.0268594625581,2026-06-25 04:46:47.926091,0.6060000000000001,0.20800000000000002,5.933181099465913,30.549832762166016,-34.68733,17.499939666666666
670.853,4.413351549537437,34.35994231266371,32.68721342452796,214.99101143243558,2026-06-25 04:46:47.976078,0.6060000000000001,0.20800000000000002,5.9331964737668805,30.542920077484542,-34.68733,17.499939666666666
670.5675,4.418444779704135,34.35978324029544,32.69131828577805,214.94643874044638,2026-06-25 04:46:48.051058,0.6060000000000001,0.20800000000000002,5.933213769294644,30.533477151759378,-34.68733,17.499939666666666
670.292,4.423029806340538,34.35961623023211,32.695036615478585,214.908110749786,2026-06-25 04:46:48.126038,0.6000000000000001,0.20800000000000002,5.933227221039466,30.524364976497438,-34.68733,17.499939666666666
669.946,4.425874625714196,34.35949963995982,32.6974190157385,214.88328617620243,2026-06-25 04:46:48.176025,0.6000000000000001,0.20800000000000002,5.933234907580679,30.51292101046974,-34.68733,17.499939666666666
669.749,4.428637627125026,34.359379152222516,32.699795961684046,214.86031271881325,2026-06-25 04:46:48.226012,0.6000000000000001,0.20800000000000002,5.933242594011123,30.506405226344143,-34.68733,17.499939666666666
669.641,4.431359238862583,34.35925480638283,32.702178209629274,214.83141117406893,2026-06-25 04:46:48.275999,0.6000000000000001,0.20800000000000002,5.933257966539715,30.502833121341272,-34.68733,17.499939666666666
669.383,4.434052333303267,34.359126647760085,32.70455215902831,215.10922879536014,2026-06-25 04:46:48.325986,0.6000000000000001,0.20800000000000002,5.933261809602636,30.494299759389985,-34.68733,17.499939666666666
669.218,4.436693025822744,34.358994727581845,32.70688612911092,214.79322235472227,2026-06-25 04:46:48.375973,0.6060000000000001,0.20800000000000002,5.933265652637868,30.488842376746717,-34.68733,17.499939666666666
668.983,4.439223879158169,34.35885910292337,32.70912801617998,214.7711200055307,2026-06-25 04:46:48.425960,0.6000000000000001,0.20800000000000002,5.933273338625261,30.48106974086085,-34.68733,17.499939666666666
668.8045,4.442605652247787,34.35864841694665,32.71211363413547,214.72254309100074,2026-06-25 04:46:48.500941,0.6030000000000001,0.20800000000000002,5.933306002804937,30.475165845092228,-34.68733,17.499939666666666
668.568,4.445360428753957,34.35843065892812,32.714499692595346,214.6941540316859,2026-06-25 04:46:48.575921,0.6060000000000001,0.20800000000000002,5.933319452223817,30.467343596636876,-34.68733,17.499939666666666
668.1555000000001,4.44703655032696,34.358204355264874,32.71583067339459,214.66442760738428,2026-06-25 04:46:48.650902,0.602999999999997,0.20800000000000002,5.933338664921969,30.45370014002871,-34.68733,17.499939666666666
667.929,4.447702273273712,34.35797147314173,32.71613199417432,214.6451916975131,2026-06-25 04:46:48.725882,0.6060000000000001,0.20800000000000002,5.933354034806417,30.446208642036588,-34.68733,17.499939666666666
667.501,4.447461210157236,34.3578119882227,32.7155910492522,214.63909747623163,2026-06-25 04:46:48.775869,0.6060000000000001,0.20800000000000002,5.933357877177177,30.432052522210416,-34.68733,17.499939666666666
667.3240000000001,4.446140752381028,34.3575667162939,32.713662694939586,214.6515702524656,2026-06-25 04:46:48.850850,0.6030000000000066,0.20800000000000002,5.93139088680046,30.42619823901128,-34.68733,17.499939666666666
667.162,4.443928437954544,34.35731566702821,32.71066446050612,214.67578817055676,2026-06-25 04:46:48.925830,0.6060000000000001,0.20800000000000002,5.933334822537371,30.42084008150698,-34.68733,17.499939666666666
666.962,4.441883958106379,34.35714463646974,32.707982092602165,214.68817650385773,2026-06-25 04:46:48.975817,0.6000000000000001,0.20800000000000002,5.93333098000051,30.414225072242413,-34.68733,17.499939666666666
666.529,4.43798861985705,34.3568829488993,32.702953912084965,214.41111656556083,2026-06-25 04:46:49.050797,0.6000000000000001,0.20800000000000002,5.933327137435963,30.399903577184627,-34.68733,17.499939666666666
666.242,4.4333272696397215,34.356616429304744,32.69697064696,214.436289069364,2026-06-25 04:46:49.125778,0.6000000000000001,0.20800000000000002,5.933323294843733,30.390411038889972,-34.68733,17.499939666666666
665.852,4.4298025803544725,34.35616059976839,32.692458580904066,214.45839380644523,2026-06-25 04:46:49.175765,0.6000000000000001,0.20800000000000002,5.933315609576215,30.37751177082407,-34.68733,17.499939666666666
665.921,4.42414898686085,34.35643574214901,32.685316207225114,214.80930969619982,2026-06-25 04:46:49.250745,0.6000000000000001,0.20800000000000002,5.933288710046277,30.37979394902035,-34.68733,17.499939666666666
665.1610000000001,4.416446372813202,34.355787581118435,32.675999154715015,214.8777875888618,2026-06-25 04:46:49.350719,0.6000000000000001,0.20800000000000002,5.933250280275419,30.354656913815,-34.68733,17.499939666666666
664.954,4.41081724961519,34.35550372791418,32.669625050975995,214.9228155034817,2026-06-25 04:46:49.425700,0.6000000000000001,0.20800000000000002,5.933231064323919,30.347810379226168,-34.68733,17.499939666666666
664.727,4.407222070391044,34.355312602286205,32.665790645385755,214.97102269590883,2026-06-25 04:46:49.475687,0.6000000000000001,0.20800000000000002,5.9331964737668805,30.34030234371089,-34.68733,17.499939666666666
664.632,4.403743112316241,34.3551202444618,32.662229527004605,214.9953864034007,2026-06-25 04:46:49.525674,0.6000000000000001,0.20800000000000002,5.933188786671788,30.337160214310217,-34.68733,17.499939666666666
664.3645,4.398715155274282,34.35482962030203,32.65725800676829,215.32054872113855,2026-06-25 04:46:49.600654,0.6000000000000001,0.20800000000000002,5.93318494306885,30.32831263941886,-34.68733,17.499939666666666
664.086,4.393852145712842,34.354537289964256,32.65248425108717,215.3610418376718,2026-06-25 04:46:49.675635,0.6000000000000001,0.20800000000000002,5.933165724721804,30.319101239017954,-34.68733,17.499939666666666
664.004,4.390722425636542,34.35434152206641,32.64936335941717,215.38728301847223,2026-06-25 04:46:49.725622,0.6000000000000001,0.20800000000000002,5.933154193372899,30.31638908521948,-34.68733,17.499939666666666
663.3936666666667,4.3849031212676906,34.35394868858481,32.64334012725758,215.72827079832564,2026-06-25 04:46:49.825595,0.6000000000000001,0.20800000000000002,5.933134790815359,30.296202281947117,-34.68733,17.499939666666666
662.975,4.37980761604846,34.353555336347185,32.63785031886597,215.7792400729587,2026-06-25 04:46:49.925569,0.6000000000000001,0.20800000000000002,5.933104221313569,30.28235486255329,-34.68733,17.499939666666666
662.791,4.377799033375194,34.353358790551674,32.6356001568491,215.79874106199478,2026-06-25 04:46:49.975556,0.6000000000000001,0.20800000000000002,5.933092688635045,30.27626905402989,-34.68733,17.499939666666666
662.552,4.3762302986545905,34.35316255626773,32.633795642884785,216.10732957282207,2026-06-25 04:46:50.025543,0.6000000000000001,0.20800000000000002,5.933088844353465,30.268364117958733,-34.68733,17.499939666666666
662.1655000000001,4.375022641237303,34.3527716405585,32.63226828498516,216.2795476119237,2026-06-25 04:46:50.125517,0.6000000000000001,0.20800000000000002,5.933067700222984,30.25558061255496,-34.68733,17.499939666666666
662.417,4.374713238472833,34.35277202714262,32.631912778609,216.43502906522107,2026-06-25 04:46:50.125517,0.6000000000000001,0.20800000000000002,5.933065778082196,30.26389898670515,-34.68733,17.499939666666666
661.7760000000001,4.376255030515061,34.35228762891748,32.633552964078135,216.74787030471578,2026-06-25 04:46:50.250485,0.6000000000000001,0.20800000000000002,5.933036943809349,30.300083634646725,-34.68733,17.499939666666666
661.415,4.378556652753631,34.35200029044305,32.636254530626275,216.72045716456108,2026-06-25 04:46:50.325465,0.6000000000000001,0.20800000000000002,5.933050400013914,30.354118882736486,-34.68733,17.499939666666666
661.178,4.380459441755735,34.351810509611056,32.638495386988716,216.99464382033196,2026-06-25 04:46:50.375452,0.6000000000000001,0.20800000000000002,5.933065778082196,30.38959354699485,-34.68733,17.499939666666666
660.72,4.38339670631446,34.35152893956065,32.64184377462956,216.9594055091703,2026-06-25 04:46:50.450433,0.6000000000000001,0.20800000000000002,5.933083077847983,30.458147961468818,-34.68733,17.499939666666666
660.485,4.386075781666723,34.351250824550426,32.64469501027839,217.2176239726128,2026-06-25 04:46:50.525413,0.6000000000000001,0.20800000000000002,5.9331119096274065,30.49332326147184,-34.68733,17.499939666666666
660.395,4.3875176992148,34.351067948893274,32.646018177692724,217.2094900122233,2026-06-25 04:46:50.575400,0.6000000000000001,0.20800000000000002,5.9331119096274065,30.499073530306408,-34.68733,17.499939666666666
660.0005,4.388985133597473,34.3505322674156,32.64693057468004,217.18819031592102,2026-06-25 04:46:50.650380,0.6000000000000001,0.20800000000000002,5.933123441834997,30.524278875364587,-34.68733,17.499939666666666
660.102,4.389732850943608,34.35079784152511,32.64685265891343,217.174256156391,2026-06-25 04:46:50.725361,0.6000000000000001,0.20800000000000002,5.933134973904084,30.517793849956718,-34.68733,17.499939666666666
659.3399999999999,4.3897145420632535,34.35027283446708,32.64594367982788,217.47226415635095,2026-06-25 04:46:50.800341,0.6000000000000001,0.20800000000000002,5.933131129927223,30.56647945942271,-34.68733,17.499939666666666
659.1635,4.389066772439011,34.34993581988231,32.6443077110583,217.4779886633616,2026-06-25 04:46:50.900315,0.6000000000000001,0.20800000000000002,5.933127285922662,30.577756375526047,-34.68733,17.499939666666666
658.658,4.3879619423040515,34.349530407331784,32.64230194963582,217.80217929414601,2026-06-25 04:46:51.025283,0.6000000000000001,0.20800000000000002,5.933104221313569,30.61005371881352,-34.68733,17.499939666666666
658.3923333333333,4.38772866192388,34.349428123320116,32.64190942004119,217.79388748186236,2026-06-25 04:46:51.058607,0.6000000000000001,0.20800000000000002,5.9331119096274065,30.625793649408436,-34.68733,17.499939666666666
657.984,4.386918619509001,34.34907037782212,32.64054221666325,217.79826197749264,2026-06-25 04:46:51.175244,0.6000000000000001,0.20800000000000002,5.933108065484339,30.632987036915235,-34.68733,17.499939666666666
657.762,4.386645766294562,34.348923772970146,32.64011752009153,217.79776252467664,2026-06-25 04:46:51.225231,0.6000000000000001,0.20800000000000002,5.933108065484339,30.636897890857707,-34.68733,17.499939666666666
657.608,4.386264148927267,34.34871094995427,32.6395903360889,217.79503807994337,2026-06-25 04:46:51.300211,0.6000000000000001,0.20900000000000174,5.935071659977103,30.639610825574557,-34.68733,17.499939666666666
656.995,4.385824212463765,34.348439405240036,32.63899233288183,218.08657096244104,2026-06-25 04:46:51.400185,0.6030000000000001,0.20900000000000002,5.935079334057788,30.650409715064356,-34.68733,17.499939666666666
656.631,4.38563059850262,34.348245198456794,32.63859009848615,218.0985672696537,2026-06-25 04:46:51.475165,0.6000000000000001,0.20800000000000002,5.933104221313569,30.656822106213276,-34.68733,17.499939666666666
656.3105,4.385676318900712,34.348060749130326,32.638262960473114,218.0954983409,2026-06-25 04:46:51.550146,0.6000000000000001,0.20800000000000002,5.933104221299718,30.633428155426746,-34.68733,17.499939666666666
655.874,4.385974014968631,34.34777208455855,32.638079924464776,218.08658450537462,2026-06-25 04:46:51.625126,0.6000000000000001,0.20800000000000002,5.933108065484339,30.60156712728845,-34.68733,17.499939666666666
656.081,4.3863809510441945,34.34788429509388,32.638135298678705,218.08628675947406,2026-06-25 04:46:51.675113,0.6000000000000001,0.20800000000000002,5.933108065484339,30.61667648083857,-34.68733,17.499939666666666
655.854,4.386979460097377,34.34766400826877,32.6383984179823,218.38000288251743,2026-06-25 04:46:51.725100,0.6000000000000001,0.20800000000000002,5.937031410326792,30.600107286365738,-34.68733,17.499939666666666
655.375,4.3877928147043255,34.34746044243905,32.63892230792414,218.37494862517633,2026-06-25 04:46:51.775087,0.6000000000000001,0.20800000000000002,5.933108065484339,30.565144096266668,-34.68733,17.499939666666666
655.462,4.388828967674801,34.34756011327406,32.63973520816005,218.37375987500658,2026-06-25 04:46:51.825074,0.6000000000000001,0.20800000000000002,5.933104221313569,30.571494404280486,-34.68733,17.499939666666666
655.1485,4.390801156403679,34.347319479222094,32.64150319052969,218.35538002353783,2026-06-25 04:46:51.900055,0.6000000000000001,0.20899999999999788,5.933109987528171,30.548611397816902,-34.68733,17.499939666666666
654.682,4.393144971636873,34.3471871414459,32.64371420054347,218.62538393465738,2026-06-25 04:46:51.975035,0.6000000000000001,0.20800000000000002,5.937046730133087,30.514560608294534,-34.68733,17.499939666666666
654.652,4.394918969548456,34.34710471339112,32.6453970472701,218.61232284154306,2026-06-25 04:46:52.025022,0.6000000000000001,0.20800000000000002,5.9370505600156624,30.512633098980686,-34.68733,17.499939666666666
654.1925,4.397802398457344,34.34698983459026,32.64810275451191,218.5910942044966,2026-06-25 04:46:52.100003,0.6000000000000001,0.20800000000000002,5.933133051832554,30.483110081323563,-34.68733,17.499939666666666
654.042,4.400828383230422,34.34688376174274,32.65091379620819,218.5542928425449,2026-06-25 04:46:52.174983,0.6000000000000001,0.20800000000000002,5.9370735387315605,30.47344040959909,-34.68733,17.499939666666666
653.841,4.4029108478890215,34.346818937971676,32.652831097985334,218.53081015764218,2026-06-25 04:46:52.224970,0.6000000000000001,0.20800000000000002,5.933165724721804,30.460526097196297,-34.68733,17.499939666666666
653.446,4.405036588806762,34.34670257996212,32.654775259250094,218.5124200754491,2026-06-25 04:46:52.274957,0.6000000000000001,0.20800000000000002,5.937088857323554,30.435147224563952,-34.68733,17.499939666666666
653.516,4.407200612042814,34.346758542824865,32.65673936355674,218.8010021812699,2026-06-25 04:46:52.324944,0.6000000000000001,0.20800000000000002,5.937092686902563,30.439644746296263,-34.68733,17.499939666666666
653.104,4.409382288857481,34.34665104950334,32.658699181333425,218.78568305706318,2026-06-25 04:46:52.374931,0.6060000000000001,0.20800000000000002,5.937092686902563,30.413173618386075,-34.68733,17.499939666666666
652.87,4.411540670399188,34.346603948115124,32.66060799935752,218.76856125363093,2026-06-25 04:46:52.424918,0.6000000000000001,0.20800000000000002,5.937096516453977,30.388988234645794,-34.68733,17.499939666666666
652.71,4.413622289352118,34.346561269100704,32.66240039987643,218.7418626750029,2026-06-25 04:46:52.474905,0.6000000000000001,0.20800000000000002,5.9371118343836855,30.37245122012253,-34.68733,17.499939666666666
652.513,4.415574283508834,34.346523002492944,32.66400355550316,218.71548424842044,2026-06-25 04:46:52.524892,0.6000000000000001,0.20800000000000002,5.937127151871895,30.35209002099076,-34.68733,17.499939666666666
652.418,4.417353262844454,34.346489135150044,32.66535664056697,218.69456602942074,2026-06-25 04:46:52.574879,0.6000000000000001,0.20800000000000002,5.937138639698331,30.342271168617568,-34.68733,17.499939666666666
651.939,4.418927266224305,34.34645965085362,32.666428943465576,218.9777492827377,2026-06-25 04:46:52.624866,0.6000000000000001,0.20800000000000002,5.937146298111328,30.29276348138854,-34.68733,17.499939666666666
651.832,4.420275630768694,34.34643453040887,32.66722400990989,218.66290663713684,2026-06-25 04:46:52.674853,0.6000000000000001,0.20800000000000002,5.937150127276441,30.28170435292611,-34.68733,17.499939666666666
651.5165,4.421846521618584,34.346405520886236,32.667948937732284,218.94230126155367,2026-06-25 04:46:52.749833,0.6000000000000001,0.20800000000000002,5.937163529106019,30.24909542741304,-34.68733,17.499939666666666
651.2004999999999,4.423372811044377,34.346381161280476,32.66844098077534,218.91874840383295,2026-06-25 04:46:52.849807,0.6000000000000001,0.20800000000000002,5.937176930659703,30.216434823729585,-34.68733,17.499939666666666
650.9205,4.424770813035536,34.346381161280476,32.66900834297582,218.9086716214108,2026-06-25 04:46:52.949781,0.6000000000000001,0.20800000000000002,5.937176930645909,30.266137446907774,-34.68733,17.499939666666666
650.468,4.426193892608087,34.346381161280476,32.67002560053999,218.90035514424156,2026-06-25 04:46:53.024762,0.6000000000000001,0.20800000000000002,5.937173101687719,30.364913428123216,-34.68733,17.499939666666666
650.2055,4.428493474639456,34.34639388701732,32.6722768588,218.87677010860816,2026-06-25 04:46:53.099742,0.6000000000000001,0.20800000000000002,5.937182674062501,30.422214411701223,-34.68733,17.499939666666666
649.747,4.435202419956021,34.346439374827014,32.679832629479414,218.90902673228663,2026-06-25 04:46:53.224709,0.6015130434782606,0.21506086956521597,5.937187451864146,30.522300129684186,-34.68733,17.499939666666666
649.365,4.443320122069385,34.34649156643891,32.68941176906864,219.09207323868478,2026-06-25 04:46:53.324683,0.6000000000000001,0.236,5.937184588520904,30.468176246108186,-34.68733,17.499939666666666
649.157,4.451179770208143,34.34654226900177,32.698830129750824,219.33270654910103,2026-06-25 04:46:53.399664,0.6030000000000001,0.236,5.9372056470391765,30.41695148372088,-34.68733,17.499939666666666
648.708,4.4595360478911585,34.34660049758608,32.708807472420624,218.9573584367876,2026-06-25 04:46:53.474644,0.6060000000000001,0.236,5.9372305333708,30.30637495337517,-34.68733,17.499939666666666
648.568,4.4649270327222705,34.34664424471849,32.71513812936303,218.9026093410687,2026-06-25 04:46:53.524631,0.6060000000000001,0.236,5.93725733269884,30.271896747922174,-34.68733,17.499939666666666
648.139,4.471825002926037,34.34671709170794,32.72284056173739,218.63395414601254,2026-06-25 04:46:53.599612,0.6060000000000001,0.236,5.937339636191358,30.166245675498345,-34.68733,17.499939666666666
647.969,4.476980250817629,34.34679702285852,32.727940110058675,218.4127307211912,2026-06-25 04:46:53.674592,0.6060000000000001,0.236,5.937383654185503,30.124379283162572,-34.68733,17.499939666666666
647.734,4.479058234351527,34.34685493623343,32.729377752349464,218.38523778381892,2026-06-25 04:46:53.724579,0.6060000000000001,0.236,5.937398963840275,30.066505152580746,-34.68733,17.499939666666666
647.302,4.480097167207123,34.346916244981095,32.72940988290331,218.3648413398906,2026-06-25 04:46:53.774566,0.6060000000000001,0.236,5.937410445791853,29.96011526146863,-34.68733,17.499939666666666
646.939,4.480167111323163,34.34708437093654,32.728220710820906,218.0583832659235,2026-06-25 04:46:53.824553,0.6060000000000001,0.236,5.937410445791853,30.09559664549106,-34.68733,17.499939666666666
647.158,4.478658094684281,34.34698088874014,32.72459507099339,218.0738853520348,2026-06-25 04:46:53.899534,0.6000000000000001,0.236,5.937404704843635,30.01385994273372,-34.68733,17.499939666666666
646.6179999999999,4.47481698671745,34.34723289555494,32.71805378938363,218.10261929860314,2026-06-25 04:46:53.999507,0.6030000000000082,0.236,5.937389395354294,30.21540249747783,-34.68733,17.499939666666666
646.234,4.471286772334123,34.34735196182403,32.712945648893566,218.1332116517211,2026-06-25 04:46:54.074488,0.6060000000000001,0.236,5.937372171654913,30.358721647518028,-34.68733,17.499939666666666
645.896,4.468964462713351,34.34743530225067,32.70994847064922,218.15620070239626,2026-06-25 04:46:54.124475,0.6060000000000001,0.236,5.937356861228098,30.484872357709722,-34.68733,17.499939666666666
645.725,4.4652640991307635,34.34761150590047,32.70582015698433,218.19773926542786,2026-06-25 04:46:54.224449,0.6018461538461555,0.21661538461539168,5.937330950222934,30.51596798012219,-34.68733,17.499939666666666
645.428,4.4629938923071,34.347796897156364,32.70371521004894,218.22153118827242,2026-06-25 04:46:54.324423,0.6000000000000001,0.20800000000000002,5.937314755279391,30.49182086554851,-34.68733,17.499939666666666
645.166,4.462686394263352,34.34789401653386,32.703585195281825,218.2275737790353,2026-06-25 04:46:54.374410,0.6000000000000001,0.20800000000000002,5.937307099293852,30.470519370537392,-34.68733,17.499939666666666
644.7845,4.463188365014348,34.34804476205277,32.704260814364446,218.36696650545954,2026-06-25 04:46:54.449390,0.6000000000000001,0.20800000000000002,5.9373128412899,30.43950211730554,-34.68733,17.499939666666666
644.563,4.464551419258272,34.34820039824385,32.70562582513073,218.20084265326105,2026-06-25 04:46:54.524371,0.6000000000000001,0.20800000000000002,5.937318583230793,30.421493410645372,-34.68733,17.499939666666666
644.13,4.466778923487778,34.348361880200216,32.70758778813881,218.48368302059197,2026-06-25 04:46:54.599351,0.6000000000000001,0.20800000000000002,5.937322411154618,30.38628903148577,-34.68733,17.499939666666666
643.9069999999999,4.47044901341024,34.34858456043645,32.71061012821079,218.60626613814733,2026-06-25 04:46:54.699325,0.6000000000000001,0.20800000000000002,5.937330066905748,30.37014538263001,-34.68733,17.499939666666666
643.3405,4.474296753648538,34.34881556770065,32.71368186514121,218.558863455521,2026-06-25 04:46:54.799299,0.6000000000000001,0.20800000000000002,5.93735303353867,30.380369138624843,-34.68733,17.499939666666666
642.987,4.477626840175933,34.34905429784352,32.716329351032094,218.67119956040105,2026-06-25 04:46:54.899273,0.6000000000000001,0.20800000000000002,5.937372171641126,30.38674883455454,-34.68733,17.499939666666666
642.522,4.4804249857936895,34.34936295664799,32.7185085791426,218.63534185454452,2026-06-25 04:46:55.024240,0.6000000000000001,0.20800000000000002,5.937389575885782,30.390336466485547,-34.68733,17.499939666666666
642.138,4.4817731657649835,34.349616275496984,32.71940696320515,218.61899022183118,2026-06-25 04:46:55.124214,0.6000000000000001,0.20800000000000002,5.93739513646794,30.373307345924392,-34.68733,17.499939666666666
641.988,4.482201025054328,34.34974536203717,32.71957761578018,218.6115371799577,2026-06-25 04:46:55.174201,0.6000000000000001,0.20800000000000002,5.937398963840275,30.36665534570519,-34.68733,17.499939666666666
641.73,4.482561949777645,34.34987578108451,32.719659310933665,218.9172252551256,2026-06-25 04:46:55.224188,0.6000000000000001,0.20800000000000002,5.937391309068033,30.355213905328164,-34.68733,17.499939666666666
641.596,4.482900705330647,34.35000744875412,32.71971443764412,218.6107975503078,2026-06-25 04:46:55.274175,0.6000000000000001,0.20800000000000002,5.937391309068033,30.34927145179901,-34.68733,17.499939666666666
641.2629999999999,4.483450162801642,34.350207234809915,32.71988948071174,218.90396385288153,2026-06-25 04:46:55.349156,0.6000000000000001,0.20800000000000002,5.937395136454154,30.33450401131238,-34.68733,17.499939666666666
641.027,4.484108126879637,34.35040908973449,32.72027666586422,218.89434864588756,2026-06-25 04:46:55.424136,0.6000000000000001,0.20800000000000002,5.937398963840275,30.324038197634174,-34.68733,17.499939666666666
640.768,4.484648021170318,34.35054489315223,32.720731479495086,218.89236044873078,2026-06-25 04:46:55.474123,0.6000000000000001,0.20800000000000002,5.93739513646794,30.31255241058902,-34.68733,17.499939666666666
640.58,4.485274353899984,34.350681510855765,32.72135611276409,218.8834745837113,2026-06-25 04:46:55.524110,0.6000000000000001,0.20800000000000002,5.937398963840275,30.304215236980955,-34.68733,17.499939666666666
640.1856666666666,4.486879414804625,34.35095700952427,32.72319691076479,218.86169951858844,2026-06-25 04:46:55.624084,0.6000000000000001,0.20800000000000002,5.937408734394564,30.286425422762246,-34.68733,17.499939666666666
640.002,4.488942638593729,34.35123431382468,32.72561353503408,218.84706984290253,2026-06-25 04:46:55.724058,0.6000000000000001,0.20800000000000002,5.937410445791853,30.273379033954942,-34.68733,17.499939666666666
639.4255,4.490980986091998,34.35144342899995,32.727850781867076,218.97862612080306,2026-06-25 04:46:55.799038,0.6000000000000001,0.20800000000000002,5.937414273053905,30.23242852680027,-34.68733,17.499939666666666
639.204,4.493323445954934,34.351652971928935,32.730256413274,218.80855521018933,2026-06-25 04:46:55.874019,0.6000000000000001,0.20800000000000002,5.937418100288387,30.216694723964594,-34.68733,17.499939666666666
638.996,4.495941675879953,34.35186269041888,32.73273898850858,218.92813125667197,2026-06-25 04:46:55.948999,0.6030000000000001,0.20800000000000002,5.937435322416229,30.201919866222752,-34.68733,17.499939666666666
638.622,4.498711349006896,34.35221170888566,32.735205469263704,219.04506505702176,2026-06-25 04:46:56.023980,0.6000000000000001,0.20800000000000002,5.937452544158111,30.217602071066207,-34.68733,17.499939666666666
638.695,4.500633135002035,34.35207225907676,32.73681972487855,219.03587497040877,2026-06-25 04:46:56.073967,0.6000000000000001,0.20800000000000002,5.937452544158111,30.212870619033403,-34.68733,17.499939666666666
638.409,4.502581330722169,34.3523508388477,32.73840976971082,219.0224400775423,2026-06-25 04:46:56.123954,0.6000000000000001,0.20800000000000002,5.937452544158111,30.231407540696154,-34.68733,17.499939666666666
637.955,4.504516848365316,34.35248955010956,32.73997770330934,219.0040786623284,2026-06-25 04:46:56.173941,0.6000000000000001,0.20800000000000002,5.937456371116907,30.260833283475478,-34.68733,17.499939666666666
637.731,4.507293334303147,34.352696531403794,32.74227889907034,218.9655977467086,2026-06-25 04:46:56.248921,0.6000000000000001,0.20800000000000002,5.937479332277007,30.275351711630922,-34.68733,17.499939666666666
637.325,4.509875319946469,34.353038220008195,32.74450216878818,218.92974601151104,2026-06-25 04:46:56.323902,0.6000000000000001,0.20800000000000002,5.937498465844317,30.30166636266265,-34.68733,17.499939666666666
637.539,4.511450836562216,34.352902178142614,32.74589898628789,218.9201812222218,2026-06-25 04:46:56.373889,0.6000000000000001,0.20800000000000002,5.937502292472329,30.287796078621298,-34.68733,17.499939666666666
637.0166666666668,4.514210735966277,34.35330708205249,32.74829685363559,219.20361521653325,2026-06-25 04:46:56.473863,0.6000000000000001,0.21000000000000002,5.937502292472329,30.321513477247414,-34.68733,17.499939666666666
636.3679999999999,4.516972790314377,34.353637457550974,32.75035179828902,219.0090973987808,2026-06-25 04:46:56.598830,0.6000000000000001,0.2090000000000007,5.937525251606467,30.336832215130407,-34.68733,17.499939666666666
636.159,4.518173329333941,34.35383174329786,32.75081778770976,218.84869617257746,2026-06-25 04:46:56.673810,0.6000000000000001,0.21000000000000002,5.93752525166159,30.341767903030014,-34.68733,17.499939666666666
635.544,4.519238467743212,34.35408522806925,32.75048360843078,218.82249668475077,2026-06-25 04:46:56.773784,0.6000000000000001,0.21000000000000002,5.937540557236529,30.356291577949907,-34.68733,17.499939666666666
635.9590000000001,4.519199065373615,34.35408437804218,32.75042933471447,218.97848021638958,2026-06-25 04:46:56.773784,0.6000000000000001,0.20899999999999835,5.9375405571125075,30.346491049345424,-34.68733,17.499939666666666
635.412,4.52001465173109,34.354331913847936,32.74974798338077,219.11312668278467,2026-06-25 04:46:56.873758,0.6000000000000001,0.21000000000000002,5.937548209858636,30.35940885451808,-34.68733,17.499939666666666
635.087,4.520491020645672,34.354452473074566,32.74957157483347,219.1108521709788,2026-06-25 04:46:56.923745,0.6000000000000001,0.21000000000000002,5.937544383561362,30.315904965714655,-34.68733,17.499939666666666
634.926,4.521145932109083,34.35457105461962,32.749693816187204,219.10566779764792,2026-06-25 04:46:56.973732,0.6000000000000001,0.21000000000000002,5.937544383561362,30.294353808492044,-34.68733,17.499939666666666
634.748,4.5220463715996635,34.35468756917851,32.75020538299026,219.11330680790604,2026-06-25 04:46:57.023719,0.6000000000000001,0.20800000000000002,5.9375290780966665,30.27052706323971,-34.68733,17.499939666666666
634.64,4.523226474803339,34.354801929363326,32.75116164097669,219.4098039938113,2026-06-25 04:46:57.073706,0.6000000000000001,0.21000000000000002,5.9375290780966665,30.25607038634503,-34.68733,17.499939666666666
634.296,4.52469024099006,34.35491404988915,32.75258162350088,219.39143378224134,2026-06-25 04:46:57.123693,0.6000000000000001,0.21000000000000002,5.937536730884135,30.21002319327311,-34.68733,17.499939666666666
634.236,4.526422265183068,34.355023847765075,32.75444649115554,219.3744223125622,2026-06-25 04:46:57.173680,0.6000000000000001,0.21000000000000002,5.937544383561362,30.201991706109396,-34.68733,17.499939666666666
633.7286666666668,4.5306947200179355,34.3552353042874,32.759344304978534,219.32543021414077,2026-06-25 04:46:57.273654,0.6000000000000001,0.20852582159624625,5.937567143294472,30.13408102020294,-34.68733,17.499939666666666
633.3675,4.537216121087958,34.355486761253374,32.766591739149,219.42127525633185,2026-06-25 04:46:57.398621,0.6000000000000001,0.21000000000000002,5.9375864713156306,30.085735929414714,-34.68733,17.499939666666666
632.9490000000001,4.543431045593168,34.3556752760166,32.773005880941795,219.5326971017741,2026-06-25 04:46:57.498595,0.6000000000000001,0.20800000000000002,5.937590297309764,30.10941318667754,-34.68733,17.499939666666666
632.631,4.548350545311125,34.35580957145717,32.77792383453369,219.48562016036277,2026-06-25 04:46:57.573576,0.6000000000000001,0.20800000000000002,5.937609426867085,30.128811116233223,-34.68733,17.499939666666666
632.335,4.551586324445495,34.355895208769724,32.781093954848004,219.43340617038433,2026-06-25 04:46:57.623563,0.6000000000000001,0.20800000000000002,5.937643858334325,30.146867050662404,-34.68733,17.499939666666666
632.114,4.554697692188353,34.35597786422684,32.784060764094974,219.4004633651934,2026-06-25 04:46:57.673550,0.6000000000000001,0.20800000000000002,5.937659160492281,30.160348001705817,-34.68733,17.499939666666666
631.874,4.557647870920923,34.35605749357819,32.78676286217556,219.36819411344112,2026-06-25 04:46:57.723537,0.6000000000000001,0.20800000000000002,5.93767446220942,30.174987948540295,-34.68733,17.499939666666666
631.5264999999999,4.561770168247785,34.35617078921251,32.79031481637017,219.32509763641193,2026-06-25 04:46:57.798517,0.6000000000000001,0.20800000000000002,5.937693588680876,30.19618537156105,-34.68733,17.499939666666666
631.455,4.56572688595457,34.35627785543155,32.793578032047755,219.28557801095138,2026-06-25 04:46:57.873498,0.6060000000000001,0.20800000000000002,5.937712714573815,30.199260890844087,-34.68733,17.499939666666666
631.016,4.5684116558946215,34.35634503652358,32.79579701821233,219.26351931005556,2026-06-25 04:46:57.923485,0.6000000000000001,0.20800000000000002,5.941633514070029,30.131950030017077,-34.68733,17.499939666666666
630.5889999999999,4.572889056469869,34.35652750580659,32.79972981200003,219.2248474664684,2026-06-25 04:46:57.998465,0.6000000000000001,0.20800000000000002,5.937728014624286,30.066479101604475,-34.68733,17.499939666666666
630.689,4.578192417434291,34.356439458663125,32.804745208938506,219.18380168260745,2026-06-25 04:46:58.073446,0.6000000000000001,0.20800000000000002,5.937743314481937,30.081811871724526,-34.68733,17.499939666666666
630.441,4.582530956382731,34.356581948958585,32.80910740813173,219.1583854608643,2026-06-25 04:46:58.123433,0.6000000000000001,0.20800000000000002,5.937743314481937,30.043786601826824,-34.68733,17.499939666666666
630.155,4.590617829567488,34.356657248601344,32.81758795565173,219.0951774232053,2026-06-25 04:46:58.198413,0.6000000000000001,0.20800000000000002,5.937762438405362,29.999934879283483,-34.68733,17.499939666666666
629.753,4.600463514517542,34.35672622017605,32.8281836557969,219.02164442946375,2026-06-25 04:46:58.273393,0.6000000000000001,0.20800000000000002,5.937781561888098,29.93829714340091,-34.68733,17.499939666666666
629.344,4.612386993653791,34.35678737214082,32.8413101661793,219.24985626473145,2026-06-25 04:46:58.348374,0.6000000000000001,0.20800000000000002,5.937791123278306,29.947564076743532,-34.68733,17.499939666666666
629.156,4.625501552247418,34.356842369435554,32.855889197031885,219.12019641065683,2026-06-25 04:46:58.423354,0.6000000000000001,0.20800000000000002,5.937854224372343,29.95182369402572,-34.68733,17.499939666666666
628.91,4.634622714791154,34.356875003541155,32.86595639240127,218.73077832510472,2026-06-25 04:46:58.473341,0.6000000000000001,0.20800000000000002,5.937892463792265,29.957397448554534,-34.68733,17.499939666666666
628.3285000000001,4.648016322684688,34.356918068555835,32.88030236265335,218.59620325027828,2026-06-25 04:46:58.548322,0.6030000000000065,0.20800000000000002,5.937955552399522,29.970572807328946,-34.68733,17.499939666666666
628.1725,4.664141266301842,34.356966002378,32.89658296361577,218.11345293544986,2026-06-25 04:46:58.648296,0.6030000000000001,0.20800000000000002,5.938056861707691,29.97410738337161,-34.68733,17.499939666666666
627.705,4.674293729268326,34.35699511907231,32.905994522429765,218.01330710139763,2026-06-25 04:46:58.723276,0.6060000000000001,0.20800000000000002,5.938102731394649,29.976319308356338,-34.68733,17.499939666666666
627.394,4.684550694045205,34.357024505448344,32.91428748136789,217.59819303909623,2026-06-25 04:46:58.823250,0.6060000000000001,0.20800000000000002,5.938163884520079,29.97678416772545,-34.68733,17.499939666666666
627.5285,4.68414474293801,34.35702331389642,32.913807763278584,217.76670830232425,2026-06-25 04:46:58.823250,0.6060000000000001,0.20800000000000002,5.938148596403819,29.976583127258746,-34.68733,17.499939666666666
627.119,4.691590629111092,34.35704436651203,32.91878294245604,217.24341414213018,2026-06-25 04:46:58.923224,0.6000000000000001,0.20800000000000002,5.938179171700915,29.97719521700682,-34.68733,17.499939666666666
626.817,4.695240641071668,34.35705331197179,32.92050926896599,217.20561429444825,2026-06-25 04:46:58.998205,0.6000000000000001,0.20800000000000002,5.9381963691672475,29.977646623853996,-34.68733,17.499939666666666
626.476,4.698156693980841,34.357056496256476,32.92166675888358,216.87052690193977,2026-06-25 04:46:59.073185,0.6000000000000001,0.20800000000000002,5.938213566248451,29.978156324962896,-34.68733,17.499939666666666
626.194,4.700746340288838,34.357056496256476,32.92276317209958,216.84908631074973,2026-06-25 04:46:59.148165,0.6000000000000001,0.20800000000000002,5.938219298452971,29.978577837316884,-34.68733,17.499939666666666
625.783,4.703501796447835,34.357056496256476,32.92421823816662,216.83613271000615,2026-06-25 04:46:59.223146,0.6060000000000001,0.20800000000000002,5.938213566248451,29.97919216915195,-34.68733,17.499939666666666
625.587,4.705609861258491,34.35705306415669,32.92556784499509,216.8197909261406,2026-06-25 04:46:59.273133,0.6000000000000001,0.20800000000000002,5.9382173877273,29.979485135185218,-34.68733,17.499939666666666
625.344,4.707971737783474,34.35704848840531,32.927240762763745,216.79815603613457,2026-06-25 04:46:59.323120,0.6000000000000001,0.20800000000000002,5.938225030602475,29.979848353277482,-34.68733,17.499939666666666
625.153,4.7105666714146945,34.35704293764947,32.92921561031084,216.77934545265006,2026-06-25 04:46:59.373107,0.6000000000000001,0.20800000000000002,5.942143937352788,29.98013384568745,-34.68733,17.499939666666666
624.835,4.713329680655056,34.35703658591174,32.93143315155732,217.05549648886935,2026-06-25 04:46:59.423094,0.6060000000000001,0.20800000000000002,5.942151551881837,29.98060916812918,-34.68733,17.499939666666666
624.607,4.717569086303561,34.35702590654858,32.93499561039182,217.00659245621225,2026-06-25 04:46:59.498074,0.6060000000000001,0.20800000000000002,5.942178201870273,29.980949965351552,-34.68733,17.499939666666666
624.333,4.7216287415536025,34.3570145397426,32.938476360887336,216.96172278983562,2026-06-25 04:46:59.573055,0.6000000000000001,0.20800000000000002,5.938286169643053,29.981359519908263,-34.68733,17.499939666666666
624.2115,4.725093116765736,34.35700303255403,32.941390663584706,216.9143613676033,2026-06-25 04:46:59.648035,0.6000000000000001,0.20800000000000002,5.938316736399291,29.981541128954397,-34.68733,17.499939666666666
623.5435,4.728603107413917,34.35698865590823,32.944067118620254,216.87033911878788,2026-06-25 04:46:59.748009,0.6000000000000001,0.20800000000000002,5.9422524340404905,29.98253960502696,-34.68733,17.499939666666666
623.3325,4.730777109302261,34.35697686269362,32.94523148902023,216.84999761538273,2026-06-25 04:46:59.847983,0.6000000000000001,0.20800000000000002,5.94030272271131,29.98285499193012,-34.68733,17.499939666666666
622.766,4.731714894182425,34.35696817578622,32.94533231142301,216.83440241152257,2026-06-25 04:46:59.922963,0.6000000000000001,0.20800000000000002,5.942265756664599,29.983701753449743,-34.68733,17.499939666666666
622.866,4.732075485199645,34.35697053995901,32.945119857153664,217.1342059674433,2026-06-25 04:46:59.972950,0.6000000000000001,0.20800000000000002,5.938351122159287,29.98355228098379,-34.68733,17.499939666666666
622.591,4.73230531825697,34.35696817578622,32.94478457536451,217.13389832747572,2026-06-25 04:47:00.022937,0.6000000000000001,0.20600000000000002,5.9422619502357925,29.983963330265162,-34.68733,17.499939666666666
622.325,4.732447771355176,34.35697053995901,32.94438489331593,217.13059085399706,2026-06-25 04:47:00.072924,0.6000000000000001,0.20800000000000002,5.938347301643031,29.984360927024596,-34.68733,17.499939666666666
622.0135,4.732547832530136,34.35697373083701,32.943750138687456,217.1288300902001,2026-06-25 04:47:00.147905,0.6000000000000001,0.20800000000000002,5.942260047007691,29.98482653375604,-34.68733,17.499939666666666
621.6165000000001,4.732479569506641,34.35698909868456,32.94289298941811,217.12533418695028,2026-06-25 04:47:00.247879,0.6000000000000001,0.20800000000000002,5.942260047007691,29.98541993944587,-34.68733,17.499939666666666
621.305,4.732170751140413,34.35700738641528,32.942173546711764,217.12214028398034,2026-06-25 04:47:00.322859,0.6000000000000001,0.20800000000000002,5.9422619502357925,29.985885546177315,-34.68733,17.499939666666666
621.121,4.7317382822920155,34.35702360152632,32.94155402517773,217.4201922779799,2026-06-25 04:47:00.372846,0.6000000000000001,0.20800000000000002,5.942265756664599,29.986160575514667,-34.68733,17.499939666666666
620.661,4.73107710784736,34.357043090551514,32.9407276627531,217.41562065560666,2026-06-25 04:47:00.422833,0.6000000000000001,0.20800000000000002,5.94226956306601,29.986848148858048,-34.68733,17.499939666666666
620.364,4.728893914242706,34.35709462666772,32.9380542256163,217.43110028742893,2026-06-25 04:47:00.522807,0.6000000000000001,0.20800000000000002,5.9422619502357925,29.98729208208193,-34.68733,17.499939666666666
620.5360000000001,4.728719037681461,34.35709269296806,32.93780395388927,217.4336728770121,2026-06-25 04:47:00.522807,0.6000000000000001,0.20800000000000002,5.942261950222094,29.987034989440488,-34.68733,17.499939666666666
620.231,4.725336515738549,34.35715776048204,32.933411362449895,217.14703739476656,2026-06-25 04:47:00.622781,0.6000000000000001,0.20800000000000002,5.9422619502357925,29.987490880461646,-34.68733,17.499939666666666
619.797,4.723059656953301,34.357196564008824,32.93025465618368,217.45226441981396,2026-06-25 04:47:00.672768,0.6000000000000001,0.20800000000000002,5.942265756664599,29.98813959096388,-34.68733,17.499939666666666
619.5705,4.719339006330571,34.357263696716984,32.92473033269299,217.4640142316462,2026-06-25 04:47:00.747748,0.6000000000000001,0.20800000000000002,5.942271466253018,29.988478146099265,-34.68733,17.499939666666666
619.317,4.715852969651309,34.35734018350586,32.91910917602978,217.80074054661637,2026-06-25 04:47:00.822729,0.6000000000000001,0.20800000000000002,5.942250530784992,29.988857058800452,-34.68733,17.499939666666666
618.967,4.71409199180843,34.35739768211971,32.91594623499899,217.84898067259277,2026-06-25 04:47:00.872716,0.6000000000000001,0.20800000000000002,5.942204850515976,29.98938021243129,-34.68733,17.499939666666666
618.69,4.713008186335095,34.35746025426666,32.913710586541335,218.1753748967643,2026-06-25 04:47:00.922703,0.6000000000000001,0.20800000000000002,5.942182008901865,29.989794251161978,-34.68733,17.499939666666666
618.57,4.713524933809133,34.35760302092108,32.91322964477176,218.60694435674122,2026-06-25 04:47:01.022677,0.6000000000000001,0.20800000000000002,5.942161545773083,29.98997361812112,-34.68733,17.499939666666666
617.918,4.717785627322929,34.357809039841655,32.91789670687677,218.91245818211885,2026-06-25 04:47:01.147644,0.6000000000000001,0.20800000000000002,5.942168684140577,29.990948178599133,-34.68733,17.499939666666666
617.687,4.7217041918412095,34.35794978922146,32.92255640083635,219.01453102937649,2026-06-25 04:47:01.222625,0.6000000000000001,0.20800000000000002,5.942197236754211,29.991293459995482,-34.68733,17.499939666666666
617.493,4.724450148498351,34.358051471343266,32.92580036072669,219.2806300922287,2026-06-25 04:47:01.272612,0.6000000000000001,0.20800000000000002,5.9422200777107,29.991583436579432,-34.68733,17.499939666666666
617.118,4.727071900999778,34.358159145025596,32.928831300855876,219.24523278700408,2026-06-25 04:47:01.322599,0.6000000000000001,0.20800000000000002,5.942239111087619,29.992143958326754,-34.68733,17.499939666666666
616.97,4.729447385137058,34.3582728815797,32.931475367151634,219.2097659302852,2026-06-25 04:47:01.372586,0.6000000000000001,0.20800000000000002,5.9422619502357925,29.992365177576364,-34.68733,17.499939666666666
616.86,4.731505928775903,34.35839274164897,32.93363457798994,219.19059694776107,2026-06-25 04:47:01.422573,0.6000000000000001,0.20800000000000002,5.94226956306601,29.99252959728891,-34.68733,17.499939666666666
616.634,4.733216667955922,34.358518774955755,32.93527707511554,219.4834585443151,2026-06-25 04:47:01.472560,0.6000000000000001,0.20800000000000002,5.94226956306601,29.992867405061965,-34.68733,17.499939666666666
616.43,4.734576807584165,34.35865102006822,32.936420608964234,219.47056732867583,2026-06-25 04:47:01.522547,0.6000000000000001,0.20800000000000002,5.942273369440025,29.99317232889251,-34.68733,17.499939666666666
616.085,4.73560574890961,34.358789504187705,32.937115942675746,219.4580306992775,2026-06-25 04:47:01.572533,0.6000000000000001,0.20800000000000002,5.942277175786646,30.00230679658599,-34.68733,17.499939666666666
615.948,4.73634200081038,34.358934242957105,32.93743510470966,219.44547632402075,2026-06-25 04:47:01.622520,0.6000000000000001,0.20800000000000002,5.942284788397702,30.005934106945432,-34.68733,17.499939666666666
615.8245,4.736996747457196,34.359163864258605,32.93737647875926,219.44049982537814,2026-06-25 04:47:01.697501,0.6000000000000001,0.20800000000000002,5.942284788397702,30.009203981612522,-34.68733,17.499939666666666
615.583,4.737355146004243,34.359405966798896,32.93699541616133,219.7405068216329,2026-06-25 04:47:01.772481,0.6000000000000001,0.20800000000000002,5.942284788397702,30.01559810899796,-34.68733,17.499939666666666
615.421,4.737497115634929,34.35957564393724,32.936651823874826,219.73792943509864,2026-06-25 04:47:01.822468,0.6000000000000001,0.20800000000000002,5.942284788397702,30.0198873373062,-34.68733,17.499939666666666
615.209,4.737633654592422,34.35975147538409,32.93631981929658,219.73846015982036,2026-06-25 04:47:01.872455,0.6000000000000001,0.20800000000000002,5.942280982105871,30.025500401512055,-34.68733,17.499939666666666
614.653,4.7378129717854565,34.35993340463851,32.93605384294759,219.72824654380022,2026-06-25 04:47:01.922442,0.6000000000000001,0.20800000000000002,5.942284788397702,30.040221456693438,-34.68733,17.499939666666666
614.3253333333333,4.738546188896062,34.36031722071067,32.93599461608644,219.71705489680943,2026-06-25 04:47:02.022416,0.6000000000000001,0.20800000000000002,5.942288594662138,30.042109586767936,-34.68733,17.499939666666666
613.891,4.739862710012905,34.360720539957555,32.93665699403383,219.70530741284048,2026-06-25 04:47:02.122390,0.6000000000000001,0.20800000000000002,5.942288594662138,29.98905461875646,-34.68733,17.499939666666666
613.7656666666667,4.742310580992249,34.36115011036724,32.93875990776174,220.0753599164636,2026-06-25 04:47:02.222364,0.6000000000000001,0.20800000000000002,5.942294528465122,29.973744819852158,-34.68733,17.499939666666666
613.031,4.74691926881844,34.36171365871226,32.943260697056246,220.24901659705526,2026-06-25 04:47:02.347332,0.6000000000000001,0.20800000000000002,5.942309528623449,29.88400333904073,-34.68733,17.499939666666666
612.86,4.750785619742798,34.36206689553594,32.94714168596029,220.22109679300254,2026-06-25 04:47:02.422312,0.6000000000000001,0.20800000000000002,5.942315237746171,29.863115235748424,-34.68733,17.499939666666666
612.63,4.753942175865711,34.362308683406624,32.95028946982042,220.1839597868883,2026-06-25 04:47:02.472299,0.6000000000000001,0.20800000000000002,5.942334267698712,29.835020126057007,-34.68733,17.499939666666666
612.193,4.759687539930711,34.362680212343264,32.95595844171399,220.29278839873103,2026-06-25 04:47:02.547279,0.6000000000000001,0.20800000000000002,5.94234378238738,29.85526853956274,-34.68733,17.499939666666666
611.998,4.766562446829192,34.36306005235578,32.962707571210174,220.38722324334347,2026-06-25 04:47:02.622260,0.6000000000000001,0.20800000000000002,5.942364714198483,29.864303872820443,-34.68733,17.499939666666666
611.692,4.771968643287278,34.363318441468344,32.96803494620092,220.3518015818305,2026-06-25 04:47:02.672247,0.6000000000000001,0.20800000000000002,5.9423685198877045,29.87848239577869,-34.68733,17.499939666666666
611.1753333333334,4.785071592352591,34.36384670841483,32.981163278909996,220.22909272766756,2026-06-25 04:47:02.772221,0.6000000000000001,0.20800000000000002,5.942421914653062,29.90242216765808,-34.68733,17.499939666666666
610.833,4.800617054888661,34.364385173041214,32.99707567014572,220.1123052576828,2026-06-25 04:47:02.872195,0.6000000000000001,0.20600000000000002,5.94636618246643,29.918284197154946,-34.68733,17.499939666666666
610.608,4.809619145286997,34.36465882719234,33.00649038444811,220.33213778016213,2026-06-25 04:47:02.922182,0.6000000000000001,0.20800000000000002,5.942490287483574,29.88742594441225,-34.68733,17.499939666666666
610.3344999999999,4.824442394749221,34.36507361959313,33.02213810844371,220.21328599798358,2026-06-25 04:47:02.997162,0.6000000000000001,0.20800000000000002,5.942530236199002,29.849916023856128,-34.68733,17.499939666666666
610.118,4.851295381943023,34.36577275889814,33.05047730237431,219.97065458637277,2026-06-25 04:47:03.122130,0.6000000000000001,0.20800000000000002,5.9426348500910935,29.820223527328178,-34.68733,17.499939666666666
609.727,4.85864858398653,34.36596118466445,33.058077779927494,219.87558311589345,2026-06-25 04:47:03.155454,0.6000000000000001,0.20800000000000002,5.946143207078742,29.766598741450863,-34.68733,17.499939666666666
609.247,4.883865824555012,34.36661986656004,33.084084892283116,219.67216865042639,2026-06-25 04:47:03.272090,0.6000000000000001,0.20800000000000002,5.942760359241587,29.700767802266448,-34.68733,17.499939666666666
608.999,4.903135567529208,34.36718498126202,33.10314620329571,219.47164433288057,2026-06-25 04:47:03.372064,0.6000000000000001,0.20800000000000002,5.944819286984199,29.66675515035451,-34.68733,17.499939666666666
608.7285,4.91195302255869,34.36746672813655,33.111658874918675,219.3975086161455,2026-06-25 04:47:03.422051,0.6000000000000001,0.20800000000000002,5.944845767788742,29.6676782756436,-34.68733,17.499939666666666
608.502,4.927802891530874,34.36802773920096,33.126570522329416,219.24389509531704,2026-06-25 04:47:03.522025,0.6000000000000001,0.20800000000000002,5.9468739304086355,29.673182848819586,-34.68733,17.499939666666666
608.204,4.934368607425959,34.368305635700665,33.13251488035453,218.87386497294838,2026-06-25 04:47:03.572012,0.6000000000000001,0.20800000000000002,5.946904228238906,29.680425068715586,-34.68733,17.499939666666666
607.903,4.940135729993085,34.36858148753095,33.13759987546191,218.81556734384657,2026-06-25 04:47:03.621999,0.6000000000000001,0.20800000000000002,5.943018890223936,29.68774019686557,-34.68733,17.499939666666666
607.671,4.945130897766014,34.36885493919224,33.14186424151556,218.76554152033543,2026-06-25 04:47:03.671986,0.6000000000000001,0.20800000000000002,5.943041695710939,29.693378435173866,-34.68733,17.499939666666666
607.4,4.949415926118538,34.36912563371453,33.14537621300003,218.40139642605382,2026-06-25 04:47:03.721973,0.6000000000000001,0.20800000000000002,5.943079702669122,29.699964480783986,-34.68733,17.499939666666666
607.1320000000001,4.954651294933942,34.369525266032014,33.14939293740582,218.20898423296433,2026-06-25 04:47:03.796954,0.6000000000000001,0.20800000000000002,5.947002684135113,29.70647761814012,-34.68733,17.499939666666666
606.965,4.958941135467882,34.369917592570296,33.15248423165992,218.02253053529114,2026-06-25 04:47:03.871934,0.6000000000000001,0.20800000000000002,5.943102505532043,29.68122645129432,-34.68733,17.499939666666666
606.3779999999999,4.962394152080955,34.37029944369051,33.154935122604755,217.98064738593243,2026-06-25 04:47:03.946915,0.6029999999999948,0.20800000000000002,5.947032974557602,29.571716559500615,-34.68733,17.499939666666666
606.1555,4.966332231959225,34.37079253055561,33.15796019884997,217.94316809346412,2026-06-25 04:47:04.046889,0.6000000000000001,0.20800000000000002,5.9450924205737525,29.530207273428907,-34.68733,17.499939666666666
605.759,4.969000556452593,34.37114898174971,33.160223766051764,217.91079661404066,2026-06-25 04:47:04.121869,0.6000000000000001,0.20800000000000002,5.947063263251091,29.45623679285618,-34.68733,17.499939666666666
605.625,4.97069226061387,34.37137878653513,33.16172536563655,217.60188108577998,2026-06-25 04:47:04.171856,0.6060000000000001,0.20800000000000002,5.9470594772614005,29.431237941918607,-34.68733,17.499939666666666
605.396,4.973097663157124,34.37171071086251,33.163873716090336,217.57257839454348,2026-06-25 04:47:04.246836,0.6030000000000064,0.20700000000000213,5.947074621002357,29.397163640940803,-34.68733,17.499939666666666
605.042,4.975329694669828,34.37202899909059,33.16582592193067,217.54298940276865,2026-06-25 04:47:04.321817,0.6060000000000001,0.20800000000000002,5.947089764416613,29.444501753616407,-34.68733,17.499939666666666
604.7635,4.977278855374242,34.37232898424405,33.16739550495782,217.51916190779477,2026-06-25 04:47:04.396797,0.6000000000000001,0.20800000000000002,5.947101121637003,29.481743743390865,-34.68733,17.499939666666666
604.371,4.978964914146091,34.37261334036749,33.168591691167194,217.49915611201425,2026-06-25 04:47:04.471778,0.6000000000000001,0.20800000000000002,5.943197506870861,29.534230210128666,-34.68733,17.499939666666666
604.168,4.979906098278809,34.3727919558828,33.16914453341842,217.48499201116596,2026-06-25 04:47:04.521765,0.6000000000000001,0.20800000000000002,5.947116264248162,29.561376077001963,-34.68733,17.499939666666666
603.9185,4.981046595809472,34.37304250610357,33.16967756880067,217.17312242865722,2026-06-25 04:47:04.596745,0.6000000000000001,0.20800000000000002,5.945162578034832,29.594740085794523,-34.68733,17.499939666666666
603.753,4.981923628942143,34.373274921809056,33.16999900652594,217.16136006861797,2026-06-25 04:47:04.671726,0.6000000000000001,0.20800000000000002,5.9471238353836045,29.61687132208778,-34.68733,17.499939666666666
603.282,4.982338899718048,34.37341728184017,33.17012300708729,217.15446285845874,2026-06-25 04:47:04.721713,0.6060000000000001,0.20800000000000002,5.943212705500185,29.616144379109596,-34.68733,17.499939666666666
603.109,4.982636607407916,34.373549844235356,33.170201567890096,217.14753252102363,2026-06-25 04:47:04.771700,0.6000000000000001,0.20800000000000002,5.947127620910493,29.615877370329923,-34.68733,17.499939666666666
602.937,4.982834379666437,34.37367233023165,33.17023963297035,217.13761313958557,2026-06-25 04:47:04.821687,0.6000000000000001,0.20800000000000002,5.947135191882608,29.6156119049536,-34.68733,17.499939666666666
602.66,4.982955882683434,34.373885998030936,33.170236555450494,217.134001864516,2026-06-25 04:47:04.871674,0.6000000000000001,0.20800000000000002,5.947135191882608,29.615184382225454,-34.68733,17.499939666666666
602.691,4.98302054921381,34.37378446901418,33.17018885881017,217.14117446190022,2026-06-25 04:47:04.921660,0.6000000000000001,0.20600000000000002,5.947127620910493,29.615232227729326,-34.68733,17.499939666666666
602.337,4.9830359787122855,34.37397666329811,33.17009154151086,217.14092934842415,2026-06-25 04:47:04.971647,0.6000000000000001,0.20800000000000002,5.9471238353836045,29.614685862943173,-34.68733,17.499939666666666
602.203,4.982949238395548,34.37409032547596,33.1698403642405,217.1363891621149,2026-06-25 04:47:05.046628,0.6000000000000001,0.20800000000000002,5.947127620910493,29.61447904689418,-34.68733,17.499939666666666
601.5235,4.982624941905514,34.374203497412,33.169358386391906,216.9738312549364,2026-06-25 04:47:05.146602,0.6000000000000001,0.20700000000000002,5.947135191882608,29.613430304317372,-34.68733,17.499939666666666
601.312,4.982250198998186,34.37425878021809,33.168926272590625,216.8231923501247,2026-06-25 04:47:05.221582,0.6000000000000001,0.20600000000000002,5.947135191882608,29.603644747145854,-34.68733,17.499939666666666
601.241,4.9819759802143455,34.37425878021809,33.168623671472304,216.82392284759248,2026-06-25 04:47:05.271569,0.6000000000000001,0.20800000000000002,5.947135191882608,29.599057845222873,-34.68733,17.499939666666666
600.7466666666666,4.981574739709891,34.37425878021809,33.168077077007474,217.0537570057366,2026-06-25 04:47:05.371543,0.6000000000000001,0.20800000000000002,5.947125776672465,29.567121809768505,-34.68733,17.499939666666666
600.281,4.981481257969312,34.37423662310646,33.16768018260818,216.82783181651138,2026-06-25 04:47:05.471517,0.6000000000000001,0.20800000000000002,5.9471238353836045,29.537037762883987,-34.68733,17.499939666666666
599.769,4.981881068570232,34.3741311025654,33.16757650248609,217.1289534118245,2026-06-25 04:47:05.571491,0.6000000000000001,0.20800000000000002,5.943205106240169,29.503960385636585,-34.68733,17.499939666666666
600.0825,4.981921943574651,34.374137734801295,33.16761213247239,216.97777359128358,2026-06-25 04:47:05.571491,0.6000000000000001,0.20800000000000002,5.947120049815883,29.524213818775376,-34.68733,17.499939666666666
599.657,4.982606779318798,34.37398580041984,33.167751710436114,216.81285416996923,2026-06-25 04:47:05.671465,0.6000000000000001,0.20800000000000002,5.947127620910493,29.494729492354434,-34.68733,17.499939666666666
599.176,4.983031086146259,34.373889679940866,33.167917062588124,216.80264692810422,2026-06-25 04:47:05.721452,0.6000000000000001,0.20800000000000002,5.94713140641016,29.45508610245519,-34.68733,17.499939666666666
598.9179999999999,4.983668777804239,34.37371836229661,33.16821033663501,216.95108347658856,2026-06-25 04:47:05.796432,0.6000000000000001,0.20800000000000002,5.947127620910493,29.43382208043022,-34.68733,17.499939666666666
598.788,4.984252231795808,34.373519742334615,33.16850275818098,217.0869558050943,2026-06-25 04:47:05.871413,0.5940000000000001,0.20800000000000002,5.9471389773278345,29.423107650727733,-34.68733,17.499939666666666
598.421,4.984590067996516,34.37320458130178,33.168668463060804,216.7777572027296,2026-06-25 04:47:05.921400,0.6000000000000001,0.20800000000000002,5.9432317031720885,29.39285999149068,-34.68733,17.499939666666666
598.475,4.984894603890654,34.37336904205871,33.16879023706207,217.08083832545213,2026-06-25 04:47:05.971387,0.6000000000000001,0.20600000000000002,5.9471389773278345,29.397310600751716,-34.68733,17.499939666666666
598.205,4.985173573036601,34.3730263390379,33.16885392899722,217.07729206019695,2026-06-25 04:47:06.021374,0.6000000000000001,0.20600000000000002,5.9471389773278345,29.37505755444653,-34.68733,17.499939666666666
597.967,4.985429615540139,34.3728343069818,33.168853440635644,217.0774823402701,2026-06-25 04:47:06.071361,0.6000000000000001,0.20600000000000002,5.947135191882608,29.35544190622195,-34.68733,17.499939666666666
597.499,4.985754131277254,34.37251869704721,33.168731429942554,217.06998701299705,2026-06-25 04:47:06.146341,0.6000000000000001,0.20600000000000002,5.947137084605221,29.442863501348707,-34.68733,17.499939666666666
597.454,4.985996896523888,34.37217558162249,33.16850369099388,217.06350591827027,2026-06-25 04:47:06.221322,0.6000000000000001,0.20800000000000002,5.947142762745841,29.451269423957065,-34.68733,17.499939666666666
597.142,4.986090393911443,34.37192856442544,33.16828825385295,217.06037310425813,2026-06-25 04:47:06.271309,0.6000000000000001,0.20600000000000002,5.947142762745841,29.509550487374888,-34.68733,17.499939666666666
596.7855,4.986053166307556,34.37138694107537,33.167679731965094,217.0579149873221,2026-06-25 04:47:06.371283,0.6000000000000001,0.20699999999999857,5.947142762745841,29.576144074261002,-34.68733,17.499939666666666
596.5335,4.985951353305832,34.371099277160454,33.16730638322397,217.05290024719903,2026-06-25 04:47:06.421270,0.6000000000000001,0.20600000000000002,5.947146548123018,29.62321724086771,-34.68733,17.499939666666666
595.9314999999999,4.985459229610674,34.3703267071635,33.166164515234826,217.05605172293278,2026-06-25 04:47:06.546237,0.6000000000000001,0.20600000000000002,5.947140870009618,29.48525460910389,-34.68733,17.499939666666666
595.78,4.985022509000137,34.36982235188491,33.1653742872464,217.05581534098823,2026-06-25 04:47:06.621217,0.6000000000000001,0.20600000000000002,5.947142762745841,29.44842510261214,-34.68733,17.499939666666666
595.614,4.984692429251068,34.369468888728186,33.16484721390321,217.3576945231759,2026-06-25 04:47:06.671204,0.5940000000000001,0.20600000000000002,5.947142762745841,29.408070659855504,-34.68733,17.499939666666666
595.299,4.9843454962936935,34.36910270150394,33.16433456784249,217.3605129428644,2026-06-25 04:47:06.721191,0.6000000000000001,0.20600000000000002,5.9471389773278345,29.33149445823895,-34.68733,17.499939666666666
595.2049999999999,4.98381001582996,34.36852840788235,33.163600177084426,217.36674485432275,2026-06-25 04:47:06.796172,0.6000000000000001,0.20699999999999863,5.947135191882608,29.308643147280353,-34.68733,17.499939666666666
594.762,4.983283911243793,34.36792957413941,33.162905117107236,217.36252523413532,2026-06-25 04:47:06.871152,0.6000000000000001,0.20600000000000002,5.9471389773278345,29.2009502669117,-34.68733,17.499939666666666
594.599,4.982963898334495,34.36751433126194,33.16247457447344,217.36321082629405,2026-06-25 04:47:06.921139,0.6000000000000001,0.20600000000000002,5.9471389773278345,29.161325121313325,-34.68733,17.499939666666666
594.3534999999999,4.982556757421211,34.36686809868623,33.16188759599093,217.52712448996004,2026-06-25 04:47:06.996120,0.6000000000000001,0.20700000000000082,5.947125728147048,29.130945532281576,-34.68733,17.499939666666666
593.906,4.982212694819358,34.366199091428676,33.161358595503444,217.6746521005141,2026-06-25 04:47:07.071100,0.6000000000000001,0.20800000000000002,5.947127620910493,29.210824889158612,-34.68733,17.499939666666666
593.741,4.982014240199739,34.365738322524315,33.16103718321624,217.6712174466898,2026-06-25 04:47:07.121087,0.6000000000000001,0.20800000000000002,5.94713140641016,29.240277612923325,-34.68733,17.499939666666666
593.3723333333334,4.981692880474598,34.36478144742575,33.160442776918025,217.67661010907239,2026-06-25 04:47:07.221061,0.6000000000000001,0.20800000000000002,5.947125097221364,29.30608511289055,-34.68733,17.499939666666666
592.793,4.981385559349441,34.363534880454395,33.15977649784797,217.67559628796337,2026-06-25 04:47:07.346029,0.6000000000000001,0.20800000000000002,5.947123835369994,29.4040813288428,-34.68733,17.499939666666666
592.597,4.981113945549229,34.36249339809309,33.159307522187106,217.67839673932784,2026-06-25 04:47:07.446002,0.6000000000000001,0.20800000000000002,5.947121942606549,29.414382672246628,-34.68733,17.499939666666666
592.106,4.980781298464446,34.361690226192344,33.15890638511118,217.97695591946984,2026-06-25 04:47:07.520983,0.6000000000000001,0.20800000000000002,5.9471238353836045,29.440188588630704,-34.68733,17.499939666666666
591.7983333333333,4.979812618778398,34.36058681679463,33.15786777933144,217.987512244397,2026-06-25 04:47:07.620957,0.6000000000000001,0.20800000000000002,5.947116464998688,29.456358894688076,-34.68733,17.499939666666666
591.351,4.978068550740852,34.35945843585073,33.15590493220382,217.9940614627556,2026-06-25 04:47:07.720931,0.6000000000000001,0.20800000000000002,5.947116264248162,29.479869783885242,-34.68733,17.499939666666666
591.0153333333333,4.974551729737993,34.35829864625219,33.151704320869584,218.0156307974824,2026-06-25 04:47:07.820905,0.6000000000000001,0.20800000000000002,5.947111048493601,29.493870203079876,-34.68733,17.499939666666666
590.498,4.967703345837439,34.356819708135404,33.14326337196747,218.04697277643743,2026-06-25 04:47:07.945872,0.6000000000000001,0.20800000000000002,5.947112478625998,29.468241270542908,-34.68733,17.499939666666666
590.133,4.962180813277976,34.35530929732773,33.1362880672927,218.0991252530484,2026-06-25 04:47:08.020853,0.6000000000000001,0.20800000000000002,5.9470859786174985,29.450159001774878,-34.68733,17.499939666666666
590.305,4.957988537015744,34.355916973826446,33.130938625055,218.13940044696494,2026-06-25 04:47:08.070840,0.6000000000000001,0.20800000000000002,5.947067049213556,29.45867996130392,-34.68733,17.499939666666666
589.563,4.948811068319603,34.354081321090476,33.11922075704078,218.2109344374689,2026-06-25 04:47:08.170814,0.6000000000000001,0.20800000000000002,5.947036760751496,29.42192093821932,-34.68733,17.499939666666666
589.7964999999999,4.9487489519284065,34.35408281262772,33.1191744301796,218.20997320061676,2026-06-25 04:47:08.170814,0.6000000000000001,0.20800000000000002,5.947040546414449,29.433488636184617,-34.68733,17.499939666666666
589.359,4.939141075821017,34.352844399555075,33.10713240548642,218.5924786411558,2026-06-25 04:47:08.270788,0.6000000000000001,0.20800000000000002,5.947006470546844,29.411814683894175,-34.68733,17.499939666666666
588.9455,4.932011857923049,34.35190971788444,33.09858067536169,218.81076422785364,2026-06-25 04:47:08.345768,0.6000000000000001,0.20800000000000002,5.946972391765613,29.425878047086908,-34.68733,17.499939666666666
588.715,4.925207442426068,34.35097219426571,33.09076207379055,219.02923987480622,2026-06-25 04:47:08.420748,0.6000000000000001,0.20800000000000002,5.946938311214236,29.43371747928987,-34.68733,17.499939666666666
588.604,4.920966562894736,34.35034603805356,33.0861293982142,219.06545533956668,2026-06-25 04:47:08.470735,0.6000000000000001,0.20600000000000002,5.94692316349757,29.43749265054596,-34.68733,17.499939666666666
588.198,4.91697190998237,34.34971959481414,33.081922751401244,219.40178572516552,2026-06-25 04:47:08.520722,0.6000000000000001,0.20800000000000002,5.946908015345114,29.451300934599768,-34.68733,17.499939666666666
587.9575,4.911415046418933,34.3487804966811,33.07630320697818,219.61439732599882,2026-06-25 04:47:08.595703,0.6000000000000001,0.20800000000000002,5.946873930395014,29.4594804723213,-34.68733,17.499939666666666
587.775,4.9061539710372575,34.34784310774589,33.071125166132155,219.8082466563283,2026-06-25 04:47:08.670683,0.6000000000000001,0.20800000000000002,5.946858780839734,29.46568739803514,-34.68733,17.499939666666666
587.306,4.90271656947551,34.34722008294995,33.06775364246242,220.1350884377456,2026-06-25 04:47:08.720670,0.6000000000000001,0.20800000000000002,5.946851205891833,29.481638346855917,-34.68733,17.499939666666666
587.166,4.895477647095745,34.34598144597581,33.06032297169395,220.19131489696767,2026-06-25 04:47:08.820644,0.6000000000000001,0.20800000000000002,5.946832393229694,29.487994138553535,-34.68733,17.499939666666666
586.758,4.885069759400325,34.344448235803966,33.04871926702863,220.57720415836712,2026-06-25 04:47:08.945612,0.6000000000000001,0.20700000000000002,5.946803859995109,29.518549425520714,-34.68733,17.499939666666666
586.463,4.877739392359915,34.343539723336136,33.03995558946938,220.9296989646821,2026-06-25 04:47:09.020592,0.6000000000000001,0.20600000000000002,5.946794390309006,29.540642096244536,-34.68733,17.499939666666666
586.128,4.872448244297346,34.34294016027896,33.033439811248705,220.96595193178416,2026-06-25 04:47:09.070579,0.6000000000000001,0.20600000000000002,5.946783026456807,29.565730383337677,-34.68733,17.499939666666666
585.793,4.867000975102908,34.34234573090712,33.02667032228793,221.01741266038022,2026-06-25 04:47:09.120566,0.6000000000000001,0.20600000000000002,5.946756509847994,29.590818670430824,-34.68733,17.499939666666666
585.565,4.861535054775921,34.341756870077404,33.01990837934593,221.40243123380344,2026-06-25 04:47:09.170553,0.6000000000000001,0.20800000000000002,5.94670347262455,29.60789368373601,-34.68733,17.499939666666666
585.3485000000001,4.853628160429338,34.34088578907988,33.01037418113053,221.61886068985007,2026-06-25 04:47:09.245533,0.6000000000000001,0.2069999999999958,5.946680740628093,29.552687239492673,-34.68733,17.499939666666666
585.1555000000001,4.844164234436175,34.33974680818837,32.999449462094105,222.0183015657267,2026-06-25 04:47:09.345507,0.6000000000000001,0.20800000000000002,5.94663716849811,29.5034731806522,-34.68733,17.499939666666666
584.932,4.838225743473978,34.338910970477755,32.992915575854674,222.2409664108767,2026-06-25 04:47:09.420488,0.6000000000000001,0.20800000000000002,5.9465973821515625,29.446481770544167,-34.68733,17.499939666666666
584.525,4.835002550556809,34.3383643683398,32.98953166614542,222.880454610804,2026-06-25 04:47:09.470475,0.6000000000000001,0.20800000000000002,5.946589803442848,29.342698755269158,-34.68733,17.499939666666666
584.121,4.832361787113909,34.33729693862261,32.986883124562425,222.90660455578222,2026-06-25 04:47:09.520462,0.6000000000000001,0.20800000000000002,5.946574645698263,29.239680725364735,-34.68733,17.499939666666666
584.301,4.8302989457199645,34.337826228538276,32.984934273972875,222.92945391863447,2026-06-25 04:47:09.570449,0.6000000000000001,0.20800000000000002,5.946563277103554,29.285579847599397,-34.68733,17.499939666666666
584.008,4.828784135647292,34.336776878671344,32.98361820271879,223.26067904280941,2026-06-25 04:47:09.620436,0.6000000000000001,0.20600000000000002,5.946548118595567,29.210866276406335,-34.68733,17.499939666666666
583.745,4.827767261402602,34.336266420988,32.9828472647286,223.57834762192294,2026-06-25 04:47:09.670423,0.6000000000000001,0.20800000000000002,5.946544328900407,29.14380255891904,-34.68733,17.499939666666666
583.469,4.82718847310605,34.33576592981026,32.98252486186326,223.5794429374354,2026-06-25 04:47:09.720410,0.6000000000000001,0.20800000000000002,5.950457611482499,29.140072197301677,-34.68733,17.499939666666666
583.317,4.8269880585162745,34.335275761032726,32.98255430521087,223.8906706464902,2026-06-25 04:47:09.770397,0.6000000000000001,0.20800000000000002,5.946544328900407,29.138017795251532,-34.68733,17.499939666666666
583.149,4.82731166903519,34.33456201645815,32.98308116117549,224.0440425150963,2026-06-25 04:47:09.845377,0.6000000000000001,0.20700000000000002,5.946544328900407,29.135747140354006,-34.68733,17.499939666666666
582.793,4.828140939687245,34.33387061746012,32.98390557738253,224.5083169149296,2026-06-25 04:47:09.920358,0.6000000000000001,0.20800000000000002,5.950453835837793,29.130935514499722,-34.68733,17.499939666666666
582.384,4.829453516012593,34.33257033406678,32.984920205467944,224.6480055930175,2026-06-25 04:47:09.995338,0.6000000000000001,0.20800000000000002,5.9485047668709425,29.125407551088482,-34.68733,17.499939666666666
582.646,4.831080681840431,34.333208357398554,32.986045767333714,224.79343730560768,2026-06-25 04:47:10.070318,0.6000000000000001,0.20800000000000002,5.946551908263462,29.128948691464387,-34.68733,17.499939666666666
581.898,4.832357591074744,34.33216163438884,32.98689907341889,225.0897842069215,2026-06-25 04:47:10.120305,0.6000000000000001,0.20600000000000002,5.95046893825363,29.12010880096253,-34.68733,17.499939666666666
581.747,4.833766600331758,34.33176577513576,32.987865856896796,225.0849696393373,2026-06-25 04:47:10.170292,0.6000000000000001,0.20800000000000002,5.950465162690418,29.11852017756231,-34.68733,17.499939666666666
581.6075000000001,4.83611386480028,34.33119833834182,32.989611507200365,225.2174223591038,2026-06-25 04:47:10.245273,0.5970000000000111,0.20800000000000002,5.950476489284981,29.11705254203694,-34.68733,17.499939666666666
581.0965,4.839578376511052,34.33048694548934,32.9924985536565,225.49714556548818,2026-06-25 04:47:10.345247,0.5940000000000001,0.20800000000000002,5.950487815662235,29.111676472119637,-34.68733,17.499939666666666
580.88,4.842388839388859,34.329988189382526,32.99504412833201,225.6227105374768,2026-06-25 04:47:10.420227,0.5940000000000001,0.20800000000000002,5.9505029171001915,29.109398743867004,-34.68733,17.499939666666666
580.526,4.8443382516091775,34.32967468716947,32.99687472712538,225.61281599025082,2026-06-25 04:47:10.470214,0.5940000000000001,0.20800000000000002,5.950499141781446,29.105674421458538,-34.68733,17.499939666666666
580.309,4.846289387740147,34.329375697306894,32.998746229846475,225.9146077159039,2026-06-25 04:47:10.520201,0.5940000000000001,0.20600000000000002,5.950499141781446,29.10339143286352,-34.68733,17.499939666666666
580.166,4.848178221652286,34.32909141538617,33.00060745711331,225.89606673759067,2026-06-25 04:47:10.570188,0.5940000000000001,0.20800000000000002,5.950506692391777,29.101886974941458,-34.68733,17.499939666666666
579.888,4.849947553687536,34.32882202594336,33.00240480661262,226.1728156124249,2026-06-25 04:47:10.620175,0.5940000000000001,0.20800000000000002,5.950533118672373,29.098962224575487,-34.68733,17.499939666666666
579.677,4.8515622337770035,34.328567702404825,33.00408831388107,226.14763768749094,2026-06-25 04:47:10.670162,0.6000000000000001,0.20800000000000002,5.950548218806635,29.096742360089088,-34.68733,17.499939666666666
579.3755000000001,4.8536410135575805,34.32821674899029,33.00630304985414,226.13392639517082,2026-06-25 04:47:10.745143,0.5940000000000001,0.20800000000000002,5.950548218806635,29.09357037363103,-34.68733,17.499939666666666
579.075,4.855370273616303,34.327896693956845,33.00817027017885,226.43319747798992,2026-06-25 04:47:10.820123,0.6000000000000001,0.20800000000000002,5.950551993772306,29.090408907857746,-34.68733,17.499939666666666
578.827,4.856693463423669,34.327615752683634,33.009596728732944,226.41291996183804,2026-06-25 04:47:10.895103,0.5940000000000001,0.20800000000000002,5.950563318506371,29.087799778034867,-34.68733,17.499939666666666
578.307,4.858047962647626,34.32729397450154,33.01097107391962,226.39348576400735,2026-06-25 04:47:10.995077,0.5940000000000001,0.20800000000000002,5.9505708681389855,29.082329021954635,-34.68733,17.499939666666666
578.071,4.858918439668135,34.32709260436902,33.01170023759183,226.6945611895852,2026-06-25 04:47:11.070058,0.5940000000000001,0.20800000000000002,5.950578417771599,29.079846140348995,-34.68733,17.499939666666666
577.9715,4.859871802593737,34.32693153436025,33.012294400068576,226.6997250444079,2026-06-25 04:47:11.145038,0.5940000000000001,0.20800000000000002,5.950567093349834,29.078799332214412,-34.68733,17.499939666666666
577.6089999999999,4.861401273430689,34.32677083924267,33.01311102972698,226.52859513831092,2026-06-25 04:47:11.245012,0.5970000000000034,0.2069999999999989,5.950568980778355,29.074985583985406,-34.68733,17.499939666666666
576.8435,4.863112798600957,34.326675279538904,33.01399650949508,226.66568505776348,2026-06-25 04:47:11.344986,0.5970000000000202,0.20600000000000002,5.950572755594662,29.06693199979422,-34.68733,17.499939666666666
576.94,4.864314029015205,34.326675279538904,33.014595480754444,226.9554864387596,2026-06-25 04:47:11.419967,0.5940000000000001,0.20600000000000002,5.950593516602337,29.067947245874496,-34.68733,17.499939666666666
576.5785,4.865289415452948,34.326675279538904,33.0149627969197,226.61987710106303,2026-06-25 04:47:11.494947,0.5940000000000001,0.20600000000000002,5.95060484044027,29.064144018330257,-34.68733,17.499939666666666
575.95,4.866071037746835,34.32674680187292,33.015080975910045,226.61659042165073,2026-06-25 04:47:11.569928,0.5940000000000001,0.20600000000000002,5.950597291242135,29.05753176795252,-34.68733,17.499939666666666
576.122,4.866481626373555,34.32669680959504,33.01500386182703,226.9280748881919,2026-06-25 04:47:11.619915,0.5940000000000001,0.20600000000000002,5.950601065854779,29.059341325732902,-34.68733,17.499939666666666
575.5550000000001,4.867012783708294,34.3268541423583,33.01475376402787,226.91184695851064,2026-06-25 04:47:11.694895,0.5970000000000075,0.20600000000000002,5.950608614998606,29.053376097468497,-34.68733,17.499939666666666
575.271,4.867564267686694,34.326993678221044,33.01451043875531,226.9094795187528,2026-06-25 04:47:11.769875,0.5940000000000001,0.20600000000000002,5.95060484044027,29.05038822299391,-34.68733,17.499939666666666
575.113,4.86802959712296,34.32710804043745,33.014471884576906,227.21752528344518,2026-06-25 04:47:11.819862,0.5940000000000001,0.20600000000000002,5.950608614998606,29.048725954800304,-34.68733,17.499939666666666
574.92,4.868641425097734,34.32723829698206,33.01462769282281,227.21206129251644,2026-06-25 04:47:11.869849,0.6000000000000001,0.20600000000000002,5.950608614998606,29.046695462639754,-34.68733,17.499939666666666
574.692,4.869468779601211,34.32738434811775,33.01506234842442,227.20135171871775,2026-06-25 04:47:11.919836,0.5940000000000001,0.20600000000000002,5.950612389529789,29.04429674651227,-34.68733,17.499939666666666
574.357,4.87058886225535,34.327546084051846,33.01585576750124,227.18795181412662,2026-06-25 04:47:11.969823,0.5940000000000001,0.20600000000000002,5.950616164033819,29.04077231711443,-34.68733,17.499939666666666
574.247,4.872079601849804,34.327723385047236,33.0170778994678,227.17849516071405,2026-06-25 04:47:12.019810,0.6000000000000001,0.20600000000000002,5.950616164033819,29.039615041789766,-34.68733,17.499939666666666
573.901,4.874008634246568,34.32791612153789,33.01878793919058,227.48439747850833,2026-06-25 04:47:12.069797,0.5940000000000001,0.20600000000000002,5.950612389529789,29.03597488485946,-34.68733,17.499939666666666
573.811,4.877891974589204,34.32823574428473,33.02244895686502,227.45453033247975,2026-06-25 04:47:12.144778,0.5940000000000001,0.20600000000000002,5.950619938497121,29.03502802323019,-34.68733,17.499939666666666
573.554,4.8828123493249365,34.32858550343771,33.027284605419425,227.73043199650382,2026-06-25 04:47:12.219758,0.6000000000000001,0.20600000000000002,5.950631261778416,29.032324207244383,-34.68733,17.499939666666666
573.424,4.886766558494221,34.32883849396172,33.03129883117723,227.69613929013823,2026-06-25 04:47:12.269745,0.6000000000000001,0.20600000000000002,5.950642584801772,29.030956518224325,-34.68733,17.499939666666666
572.867,4.891173962929239,34.3291061290683,33.03586993362541,227.65504776768543,2026-06-25 04:47:12.319732,0.6000000000000001,0.20800000000000002,5.950653907580773,29.025096496807617,-34.68733,17.499939666666666
572.8054999999999,4.898529017007317,34.32953640177074,33.043674706108014,227.58421358057313,2026-06-25 04:47:12.394713,0.6000000000000001,0.20800000000000002,5.9506841001241995,29.024449474694283,-34.68733,17.499939666666666
572.1179999999999,4.909255771288206,34.330157132092616,33.05519794732401,227.4773899825008,2026-06-25 04:47:12.494687,0.6000000000000001,0.20699999999999813,5.950725612786191,29.017216503915133,-34.68733,17.499939666666666
571.92,4.9177538041577025,34.330657159590515,33.06428463545391,227.4063539293479,2026-06-25 04:47:12.569667,0.6000000000000001,0.20600000000000002,5.950748254570795,29.015133408330737,-34.68733,17.499939666666666
571.811,4.923520808802726,34.33100845274972,33.07035152464914,227.34756115019343,2026-06-25 04:47:12.619654,0.6000000000000001,0.20600000000000002,5.950774668687854,29.013986653690846,-34.68733,17.499939666666666
571.513,4.929266065241371,34.33137290786253,33.07627276641956,227.29437690744152,2026-06-25 04:47:12.669641,0.6000000000000001,0.20800000000000002,5.95079353510011,29.01085148962948,-34.68733,17.499939666666666
571.3776666666666,4.94023463148372,34.332144451228,33.08709806345308,227.17434317177984,2026-06-25 04:47:12.769615,0.6000000000000001,0.20800000000000002,5.9508528152408875,29.009427690290654,-34.68733,17.499939666666666
571.019,4.950214177557959,34.33295733405046,33.096505526869244,227.08116387345174,2026-06-25 04:47:12.869589,0.6000000000000001,0.20800000000000002,5.950887856985035,29.005654271353265,-34.68733,17.499939666666666
570.5045,4.956408345451186,34.33360278117399,33.10202511908351,227.0100834346982,2026-06-25 04:47:12.944569,0.6000000000000001,0.20800000000000002,5.950919922478045,29.001939388255266,-34.68733,17.499939666666666
570.1755,4.962869938140136,34.33450124953287,33.107507854514864,226.79413492996306,2026-06-25 04:47:13.044543,0.6000000000000001,0.20800000000000002,5.952894510337234,29.028675111726237,-34.68733,17.499939666666666
569.557,4.967179047246581,34.335688811740155,33.11050630287808,226.72593293985122,2026-06-25 04:47:13.169511,0.6000000000000001,0.20800000000000002,5.9529322024706435,29.078936646579724,-34.68733,17.499939666666666
569.673,4.967512124980594,34.33568377676314,33.110883201255845,226.8812711919388,2026-06-25 04:47:13.169511,0.6000000000000001,0.20600000000000002,5.9548897308687305,29.069510069307285,-34.68733,17.499939666666666
569.272,4.968217859183616,34.3366764264774,33.110223012361025,226.53416109114033,2026-06-25 04:47:13.269485,0.6000000000000001,0.20600000000000002,5.951001020863802,29.10209677177494,-34.68733,17.499939666666666
568.8779999999999,4.967382721218607,34.33744690760244,33.107986268390334,226.52061522198932,2026-06-25 04:47:13.344465,0.6000000000000001,0.20700000000000712,5.951014221722709,29.133282814759525,-34.68733,17.499939666666666
568.479,4.966092142289868,34.33823523659573,33.105122794518294,226.53894783380397,2026-06-25 04:47:13.419445,0.6000000000000001,0.20600000000000002,5.954908519638171,29.124220251678473,-34.68733,17.499939666666666
568.262,4.965239861040674,34.33877212181609,33.10325444222089,226.56635649070128,2026-06-25 04:47:13.469432,0.6000000000000001,0.20600000000000002,5.954882215171793,29.119291489301055,-34.68733,17.499939666666666
567.9906666666667,4.964319347210591,34.33987219834504,33.100872906542754,226.9054174869174,2026-06-25 04:47:13.569406,0.6000000000000001,0.20600000000000002,5.953806471122889,29.1131286435634,-34.68733,17.499939666666666
567.653,4.9644610801650355,34.34099681003197,33.10021183865638,226.8840434223974,2026-06-25 04:47:13.669380,0.6000000000000001,0.20600000000000002,5.9548746993667585,29.105459156177343,-34.68733,17.499939666666666
567.348,4.965109870665778,34.341570484046606,33.10066984838091,226.86550758321374,2026-06-25 04:47:13.719367,0.6000000000000001,0.20600000000000002,5.950974618142431,29.098531633020148,-34.68733,17.499939666666666
567.137,4.9661421052792125,34.34215043170251,33.10153513363567,227.16929863857067,2026-06-25 04:47:13.769354,0.6000000000000001,0.20600000000000002,5.9548897308687305,29.093739149786806,-34.68733,17.499939666666666
566.8879999999999,4.968650776413494,34.34303197552781,33.10376912999389,227.13523553612046,2026-06-25 04:47:13.844335,0.6000000000000001,0.20600000000000002,5.954906640707184,29.088083565307652,-34.68733,17.499939666666666
566.4670000000001,4.974328367782563,34.344224868900504,33.1090917202366,227.08738690020036,2026-06-25 04:47:13.944309,0.6000000000000001,0.20600000000000002,5.954917913766181,29.06748409828389,-34.68733,17.499939666666666
566.348,4.984049082332881,34.345436122216014,33.118785973067304,227.3592891861689,2026-06-25 04:47:14.044283,0.6000000000000001,0.20600000000000002,5.954906640788249,29.061497657503082,-34.68733,17.499939666666666
565.766,4.994410069752708,34.34635437332498,33.12961344507849,227.60718531965347,2026-06-25 04:47:14.119263,0.5940000000000001,0.20600000000000002,5.954912277310992,29.03221943452471,-34.68733,17.499939666666666
565.534,5.002943315625368,34.346971008509605,33.13881586748773,227.86004443984123,2026-06-25 04:47:14.169250,0.6000000000000001,0.20600000000000002,5.9549273077320635,29.020548390313397,-34.68733,17.499939666666666
565.417,5.0125063494865145,34.347590515090005,33.149314450143514,227.7875545259593,2026-06-25 04:47:14.219237,0.6000000000000001,0.20600000000000002,5.954946095150443,29.014662561982696,-34.68733,17.499939666666666
565.099,5.0228394338833455,34.34821250908462,33.16077416040817,227.67181764960532,2026-06-25 04:47:14.269224,0.5940000000000001,0.20600000000000002,5.955002453352872,28.99866518241719,-34.68733,17.499939666666666
564.913,5.033615458659759,34.348836606559225,33.17274645283965,227.89085594096326,2026-06-25 04:47:14.319211,0.5940000000000001,0.20600000000000002,5.95504002211093,28.994914004347162,-34.68733,17.499939666666666
564.733,5.0497422996393375,34.349776001276624,33.19049704275016,227.4183621324021,2026-06-25 04:47:14.394191,0.5970000000000001,0.20600000000000002,5.955105760367488,28.99128383202133,-34.68733,17.499939666666666
564.344,5.065010660624711,34.350717688679154,33.20692034080929,227.2065834860886,2026-06-25 04:47:14.469172,0.6000000000000001,0.20800000000000002,5.955231580766436,28.983438626272726,-34.68733,17.499939666666666
564.109,5.0742846119783644,34.35134637412273,33.21647152745508,226.78536969552178,2026-06-25 04:47:14.519159,0.6000000000000001,0.20800000000000002,5.955284153210174,28.97869923462511,-34.68733,17.499939666666666
563.98,5.082830208139688,34.35197525657124,33.22487534003625,226.7075750206194,2026-06-25 04:47:14.569146,0.6000000000000001,0.20800000000000002,5.955314192231176,28.97609761112493,-34.68733,17.499939666666666
563.764,5.090747797593882,34.35260395990138,33.232293094916855,226.63969377280736,2026-06-25 04:47:14.619133,0.6000000000000001,0.20800000000000002,5.955336720363318,28.97174140433393,-34.68733,17.499939666666666
563.518,5.098219220720618,34.35323211056345,33.23902296371879,226.2512707180773,2026-06-25 04:47:14.669120,0.6000000000000001,0.20800000000000002,5.955366756361482,28.96678016882196,-34.68733,17.499939666666666
563.206,5.10546438444507,34.3538593379451,33.245429580991306,226.51981800539343,2026-06-25 04:47:14.719107,0.6000000000000001,0.20800000000000002,5.955370510739811,28.96048787012385,-34.68733,17.499939666666666
562.995,5.112695848362672,34.3544852747336,33.25187960292509,226.4668096588096,2026-06-25 04:47:14.769094,0.6000000000000001,0.20800000000000002,5.9553817737128805,28.956232501453012,-34.68733,17.499939666666666
562.8215,5.127911927810485,34.355730641360616,33.26629997208197,226.18895052314235,2026-06-25 04:47:14.869068,0.6000000000000001,0.20800000000000002,5.955417437622051,28.97054079569517,-34.68733,17.499939666666666
562.5775000000001,5.135900336656963,34.35635036559725,33.27417966762285,226.2706808554246,2026-06-25 04:47:14.919055,0.6000000000000001,0.20800000000000002,5.955447468790076,28.990663123044367,-34.68733,17.499939666666666
562.195,5.152653615981359,34.35758301989263,33.29115736636602,225.7996977962384,2026-06-25 04:47:15.019029,0.6000000000000001,0.20800000000000002,5.9555094037691685,29.02220734522089,-34.68733,17.499939666666666
561.877,5.161493998302353,34.358193729262574,33.3001911774222,225.69684113475188,2026-06-25 04:47:15.069015,0.6000000000000001,0.20800000000000002,5.955561948257381,29.048432345618632,-34.68733,17.499939666666666
561.5525,5.175113170096074,34.35910214994537,33.31388844499884,225.41839328335493,2026-06-25 04:47:15.143996,0.6000000000000001,0.20800000000000002,5.955606981845484,29.058082964346948,-34.68733,17.499939666666666
561.422,5.189030624083652,34.36000211290097,33.327577779533335,225.12589440464967,2026-06-25 04:47:15.218976,0.5940000000000001,0.20800000000000002,5.955667021375481,29.033118538586326,-34.68733,17.499939666666666
560.984,5.198548592591619,34.3611847135404,33.33672048870673,225.01405511443224,2026-06-25 04:47:15.268963,0.6000000000000001,0.20800000000000002,5.955723301849865,28.949329891205846,-34.68733,17.499939666666666
561.156,5.208332676602782,34.36059591987443,33.34599112818648,224.94621547623575,2026-06-25 04:47:15.318950,0.5940000000000001,0.20800000000000002,5.955742060660005,28.98223319565661,-34.68733,17.499939666666666
560.5713333333333,5.229033545081911,34.36234410014792,33.365669425057824,224.79465052986706,2026-06-25 04:47:15.418924,0.6000000000000001,0.20800000000000002,5.955775732190193,28.87038746696151,-34.68733,17.499939666666666
560.245,5.2506904856408,34.36348385044052,33.38682288204605,224.60859249518663,2026-06-25 04:47:15.518898,0.6000000000000001,0.20600000000000002,5.955843346590107,28.807960461036483,-34.68733,17.499939666666666
559.948,5.261616536137121,34.36404321789796,33.39789820919505,224.51384628822285,2026-06-25 04:47:15.568885,0.6000000000000001,0.20600000000000002,5.955877104200704,28.75114487137437,-34.68733,17.499939666666666
559.753,5.27221616638238,34.36459588466492,33.40886526069502,224.41461826774173,2026-06-25 04:47:15.618872,0.6000000000000001,0.20600000000000002,5.95591836053841,28.71384170644471,-34.68733,17.499939666666666
559.35,5.282212329070812,34.3651415988772,33.41932999330008,224.2618915622184,2026-06-25 04:47:15.668859,0.6000000000000001,0.20600000000000002,5.95601586255922,28.636748498923396,-34.68733,17.499939666666666
559.1636666666667,5.299222059066193,34.36620865616184,33.43681191110804,223.7365721137486,2026-06-25 04:47:15.768833,0.6000000000000001,0.20600000000000002,5.956139344405024,28.622747371004795,-34.68733,17.499939666666666
558.619,5.315276535844493,34.36750395874601,33.45197818540668,223.29669507912578,2026-06-25 04:47:15.893800,0.6000000000000001,0.20600000000000002,5.9561770757286014,28.581820997088883,-34.68733,17.499939666666666
558.3824999999999,5.323441388183406,34.36850231790672,33.458177548020956,223.21529162114084,2026-06-25 04:47:15.993774,0.6000000000000001,0.20600000000000002,5.956212686109396,28.564050334730652,-34.68733,17.499939666666666
557.874,5.32750515699685,34.36922984649911,33.460472691706144,222.86103073705308,2026-06-25 04:47:16.068755,0.6000000000000001,0.20600000000000002,5.95622955327909,28.52584153215494,-34.68733,17.499939666666666
557.818,5.32937020674787,34.36970319473262,33.46118114315108,222.83546134493946,2026-06-25 04:47:16.118742,0.6000000000000001,0.20600000000000002,5.956244545834262,28.528911871813296,-34.68733,17.499939666666666
557.456,5.3307774698388295,34.37016759368585,33.461532534315864,222.51031472231077,2026-06-25 04:47:16.168729,0.6000000000000001,0.20600000000000002,5.956248293905759,28.5487594246048,-34.68733,17.499939666666666
557.064,5.33186636631752,34.37062289879238,33.46170087812991,222.49641382344743,2026-06-25 04:47:16.218716,0.6000000000000001,0.20600000000000002,5.9562520419503375,28.570251802213285,-34.68733,17.499939666666666
556.8955,5.333174529432498,34.371287338473266,33.46190075987774,222.48326260027136,2026-06-25 04:47:16.293696,0.6000000000000001,0.20600000000000002,5.956255789967997,28.579490234935296,-34.68733,17.499939666666666
556.79,5.3343979044935095,34.37193296116186,33.46224332064362,222.16912263498958,2026-06-25 04:47:16.368677,0.6000000000000001,0.20600000000000002,5.9562520419503375,28.58527453554166,-34.68733,17.499939666666666
556.507,5.3352594970684,34.37235065319303,33.46264114190997,222.46687097830093,2026-06-25 04:47:16.418664,0.6000000000000001,0.20600000000000002,5.956255789967997,28.60079071631513,-34.68733,17.499939666666666
556.168,5.336709607087233,34.37295782938793,33.463560432540376,222.1330717987605,2026-06-25 04:47:16.493644,0.6000000000000001,0.20600000000000002,5.95626890781447,28.619377236746953,-34.68733,17.499939666666666
555.956,5.338327453296729,34.37354544934456,33.46481026331878,222.1198056677496,2026-06-25 04:47:16.568625,0.6000000000000001,0.20800000000000002,5.956270781769466,28.63100066545358,-34.68733,17.499939666666666
555.736,5.3394874285826655,34.37392404977708,33.46583488360277,222.10737110528666,2026-06-25 04:47:16.618612,0.6000000000000001,0.20800000000000002,5.956274529652541,28.619551299246314,-34.68733,17.499939666666666
555.4695,5.3412381149116115,34.37447207909086,33.467546541270984,222.08390962122007,2026-06-25 04:47:16.693592,0.6000000000000001,0.20800000000000002,5.9562857731268135,28.60568195336343,-34.68733,17.499939666666666
555.352,5.3428976212517565,34.375000146544465,33.46931137558867,222.06243165434253,2026-06-25 04:47:16.768572,0.6000000000000001,0.20800000000000002,5.956297016385765,28.599566950957275,-34.68733,17.499939666666666
555.17,5.343892892680374,34.37533884376555,33.47044114650147,221.73541495209517,2026-06-25 04:47:16.818559,0.6000000000000001,0.20800000000000002,5.9563082593890275,28.590095202549445,-34.68733,17.499939666666666
554.3866666666668,5.3455482450234255,34.37598282408254,33.47234916123784,221.71101101375044,2026-06-25 04:47:16.918533,0.6000000000000001,0.20800000000000002,5.956315590761028,28.549328519841772,-34.68733,17.499939666666666
554.066,5.3469088767466735,34.37659343205496,33.47380066027427,221.69965615290937,2026-06-25 04:47:17.018507,0.6000000000000001,0.20800000000000002,5.956315754589968,28.591773734551964,-34.68733,17.499939666666666
553.6055,5.348143767424657,34.377160853837864,33.47479750310812,221.68060007638493,2026-06-25 04:47:17.118481,0.6000000000000001,0.20800000000000002,5.956323249683257,28.653440180006406,-34.68733,17.499939666666666
553.889,5.34810888926776,34.377155916071345,33.474788459781884,221.67998610044404,2026-06-25 04:47:17.118481,0.6000000000000001,0.20800000000000002,5.956326997189533,28.61547614681133,-34.68733,17.499939666666666
553.191,5.349593391455992,34.37768878289493,33.47586697190566,221.36002757143586,2026-06-25 04:47:17.218455,0.6000000000000001,0.21000000000000002,5.956323249683257,28.70894667651208,-34.68733,17.499939666666666
552.934,5.351241627252435,34.37805790741818,33.47723880501759,221.64921875903218,2026-06-25 04:47:17.293436,0.6000000000000001,0.20800000000000002,5.956330744668898,28.743362043464945,-34.68733,17.499939666666666
552.7355,5.354485424747006,34.37851805276651,33.48030780924999,221.32153836719732,2026-06-25 04:47:17.393410,0.6000000000000001,0.20800000000000002,5.956330744668898,28.76994356229818,-34.68733,17.499939666666666
552.369,5.357850468997831,34.378839501724016,33.48371761299653,221.60788169167753,2026-06-25 04:47:17.468390,0.6000000000000001,0.21000000000000002,5.956330744668898,28.819022285987757,-34.68733,17.499939666666666
551.981,5.360585009453657,34.37904139612087,33.486573008624454,221.58584052754404,2026-06-25 04:47:17.518377,0.6000000000000001,0.20800000000000002,5.956334492121349,28.7609320469017,-34.68733,17.499939666666666
551.5705,5.365287538473438,34.37932599134206,33.49155526800121,221.22544652904512,2026-06-25 04:47:17.593357,0.6000000000000001,0.2070000000000067,5.95635884982224,28.69947317281711,-34.68733,17.499939666666666
551.14,5.374174845942048,34.3797558808649,33.50087633428323,221.13065483632738,2026-06-25 04:47:17.718325,0.6000000000000001,0.20600000000000002,5.956404210854956,28.635019956511577,-34.68733,17.499939666666666
550.895,5.381827598765252,34.38006527490738,33.50860261651929,221.0720465612784,2026-06-25 04:47:17.818299,0.6000000000000001,0.20600000000000002,5.956420676100759,28.598339264305178,-34.68733,17.499939666666666
550.4955,5.387750719869148,34.380272396519764,33.51433889483055,221.01355943430409,2026-06-25 04:47:17.893279,0.6000000000000001,0.20600000000000002,5.956445029698333,28.538527278442096,-34.68733,17.499939666666666
550.1505,5.3956304238232295,34.38052203126231,33.52179803248041,220.94535821019227,2026-06-25 04:47:17.993253,0.6000000000000001,0.20600000000000002,5.9564693824350154,28.547319176093698,-34.68733,17.499939666666666
550.007,5.401419441052096,34.38069006277166,33.52719036132629,220.88480657454494,2026-06-25 04:47:18.068234,0.5940000000000001,0.20600000000000002,5.956499353390971,28.55215876819461,-34.68733,17.499939666666666
549.636,5.407014531398186,34.38083976168673,33.53235718040544,220.8320430339437,2026-06-25 04:47:18.143214,0.6000000000000001,0.20600000000000002,5.956519957384213,28.564670884357934,-34.68733,17.499939666666666
549.235,5.412418588334461,34.380975414206134,33.53735554964217,220.7871875930628,2026-06-25 04:47:18.218195,0.5940000000000001,0.20600000000000002,5.956533068598146,28.578194761936082,-34.68733,17.499939666666666
548.763,5.415866965099339,34.3811317912566,33.54057730311401,220.44322898536916,2026-06-25 04:47:18.268182,0.5940000000000001,0.20600000000000002,5.956548052435356,28.594113141529313,-34.68733,17.499939666666666
548.944,5.419184939838435,34.38105684232695,33.54370052072672,220.40638071601083,2026-06-25 04:47:18.318169,0.5940000000000001,0.20600000000000002,5.9565705273843275,28.58800884765988,-34.68733,17.499939666666666
548.5889999999999,5.423902001853003,34.38123182563503,33.548141704418825,220.36200687618012,2026-06-25 04:47:18.393149,0.5970000000000214,0.20600000000000002,5.956587382930447,28.59869852181751,-34.68733,17.499939666666666
548.118,5.428375295813337,34.38132005429063,33.5523248676637,220.3214787830076,2026-06-25 04:47:18.468129,0.6000000000000001,0.20600000000000002,5.956600492476946,28.539056211370937,-34.68733,17.499939666666666
548.005,5.433895529018731,34.38141576197931,33.55741443290621,220.27484646074944,2026-06-25 04:47:18.568103,0.6000000000000001,0.20600000000000002,5.956617971307571,28.52474712202812,-34.68733,17.499939666666666
547.3409999999999,5.440169271633678,34.38151045360381,33.56308175334239,220.20937864441854,2026-06-25 04:47:18.693071,0.596999999999996,0.20600000000000002,5.9566454367680155,28.44066539350044,-34.68733,17.499939666666666
547.258,5.4434468472348945,34.381553631563605,33.565932577002165,220.17002838306485,2026-06-25 04:47:18.768051,0.6000000000000001,0.20800000000000002,5.956667907643088,28.430155177434496,-34.68733,17.499939666666666
546.897,5.445373245207915,34.38157695747084,33.56754349397448,220.14930371603432,2026-06-25 04:47:18.818038,0.5940000000000001,0.20600000000000002,5.9566753976793585,28.44978587043921,-34.68733,17.499939666666666
546.746,5.447094995359911,34.3815965160846,33.56894531664462,220.1317073385865,2026-06-25 04:47:18.868025,0.6000000000000001,0.20600000000000002,5.956682887608089,28.457997046737585,-34.68733,17.499939666666666
546.343,5.448608941912092,34.38161257172119,33.57015443746558,220.11272734793303,2026-06-25 04:47:18.918012,0.6000000000000001,0.20600000000000002,5.956690377429281,28.47991164308357,-34.68733,17.499939666666666
546.247,5.449914531047582,34.38162539045941,33.57118311373584,220.10141687366675,2026-06-25 04:47:18.967999,0.6000000000000001,0.20600000000000002,5.956694122299551,28.4851319935779,-34.68733,17.499939666666666
545.866,5.451013673534013,34.381635239855036,33.57203667626851,220.08481762836175,2026-06-25 04:47:19.017986,0.6000000000000001,0.20800000000000002,5.956701611959439,28.505850259602266,-34.68733,17.499939666666666
545.821,5.451912688915394,34.38164238865377,33.572716354980535,220.07612710046018,2026-06-25 04:47:19.067973,0.6000000000000001,0.20800000000000002,5.956705356749059,28.50829729889648,-34.68733,17.499939666666666
545.557,5.452624417960591,34.38164710650284,33.57322262872234,220.06269437474467,2026-06-25 04:47:19.117960,0.6000000000000001,0.20600000000000002,5.95671284624765,28.522653262755885,-34.68733,17.499939666666666
545.365,5.453166032449126,34.38164710650284,33.57355592958766,220.05443006220113,2026-06-25 04:47:19.167947,0.6000000000000001,0.20800000000000002,5.956716590956622,28.53309396374454,-34.68733,17.499939666666666
545.234,5.453552424252556,34.38164710650284,33.57371532146542,220.0547139829558,2026-06-25 04:47:19.217934,0.5940000000000001,0.20800000000000002,5.95671284624765,28.54021756702326,-34.68733,17.499939666666666
544.973,5.453888755114908,34.38164707667767,33.573502950512456,220.0468393636932,2026-06-25 04:47:19.317908,0.6000000000000001,0.20600000000000002,5.956716590956622,28.55441039492972,-34.68733,17.499939666666666
544.5823333333333,5.4537760785971585,34.381644192827885,33.5731392529559,220.03892326291432,2026-06-25 04:47:19.351233,0.6000000000000001,0.20661904761904806,5.956721494698658,28.56937435508187,-34.68733,17.499939666666666
544.336,5.453423997001645,34.3816347706484,33.57189347850433,220.03588446926355,2026-06-25 04:47:19.467869,0.6000000000000001,0.20800000000000002,5.956724080293921,28.546512637284597,-34.68733,17.499939666666666
544.112,5.453083908612553,34.38162976073854,33.5710715822968,220.039034385026,2026-06-25 04:47:19.517856,0.6000000000000001,0.20800000000000002,5.956720335638712,28.525723632738217,-34.68733,17.499939666666666
543.769,5.452684418057994,34.381624739468755,33.5701572498652,220.0413268279868,2026-06-25 04:47:19.567843,0.6000000000000001,0.20800000000000002,5.956716590956622,28.49389046952658,-34.68733,17.499939666666666
543.534,5.452230012628674,34.38161996959541,33.569185013865585,220.04853431204927,2026-06-25 04:47:19.617830,0.6000000000000001,0.20800000000000002,5.956709101511796,28.472080576364085,-34.68733,17.499939666666666
543.304,5.45171418048817,34.38161571161792,33.56818497701474,220.04896415643427,2026-06-25 04:47:19.667817,0.6000000000000001,0.20600000000000002,5.956709101511796,28.450734723481645,-34.68733,17.499939666666666
543.0,5.451131547446457,34.381612223503105,33.56718363803057,220.04544217623592,2026-06-25 04:47:19.717804,0.5940000000000001,0.20600000000000002,5.95671284624765,28.45143468070505,-34.68733,17.499939666666666
542.7284999999999,5.450155123411333,34.381612223503105,33.565743111030706,220.04070488048842,2026-06-25 04:47:19.792784,0.5940000000000001,0.20600000000000002,5.958672580519406,28.452059806975296,-34.68733,17.499939666666666
542.301,5.448817153928157,34.381612223503105,33.56402208340569,220.05953615661093,2026-06-25 04:47:19.892758,0.5940000000000001,0.20600000000000002,5.956703484327367,28.453044121820707,-34.68733,17.499939666666666
542.229,5.447852370359273,34.38161514853859,33.56288813912856,220.37902628775754,2026-06-25 04:47:19.967739,0.5940000000000001,0.20600000000000002,5.956694122299551,28.453209901163092,-34.68733,17.499939666666666
542.055,5.447221908472516,34.38162152138598,33.562174055081954,220.07789662679082,2026-06-25 04:47:20.017726,0.5940000000000001,0.20600000000000002,5.956690377429281,28.45361053457386,-34.68733,17.499939666666666
541.5715,5.445929136523604,34.381643409943905,33.56062262904382,220.07626410470283,2026-06-25 04:47:20.117699,0.5940000000000001,0.20600000000000002,5.956694122286109,28.454723788907792,-34.68733,17.499939666666666
541.1875,5.445266872452686,34.38165801960639,33.559753355351006,220.07234463729415,2026-06-25 04:47:20.167686,0.5940000000000001,0.20600000000000002,5.95669786708917,28.441797048336085,-34.68733,17.499939666666666
540.911,5.443906656381871,34.38169511577161,33.557799961148376,220.08736020812557,2026-06-25 04:47:20.267660,0.5940000000000001,0.20600000000000002,5.956686632532127,28.431811397663402,-34.68733,17.499939666666666
540.838,5.4431957983327015,34.381719709089566,33.55669727520241,220.400162663502,2026-06-25 04:47:20.317647,0.5940000000000001,0.20600000000000002,5.956682887608089,28.42917504142794,-34.68733,17.499939666666666
540.626,5.442467922590764,34.38174807860908,33.55558055209375,220.39824596857648,2026-06-25 04:47:20.367634,0.5940000000000001,0.20600000000000002,5.956686632532127,28.4215187740044,-34.68733,17.499939666666666
540.37,5.4417326994158595,34.38178042074564,33.55450114312926,220.40308662436613,2026-06-25 04:47:20.417621,0.5940000000000001,0.20600000000000002,5.956682887608089,28.41227346994579,-34.68733,17.499939666666666
539.906,5.440659149907312,34.38183735215742,33.55305532770502,220.40760879292557,2026-06-25 04:47:20.492602,0.5940000000000001,0.20600000000000002,5.95863146462076,28.395516356339552,-34.68733,17.499939666666666
539.764,5.439363733019357,34.38192819329245,33.55150748036023,220.42534211393718,2026-06-25 04:47:20.592576,0.5940000000000001,0.20600000000000002,5.960570728096213,28.39029638951107,-34.68733,17.499939666666666
539.338,5.438530485124784,34.38200816640548,33.550656747180184,220.4271650197166,2026-06-25 04:47:20.667556,0.5940000000000001,0.20600000000000002,5.956664162584625,28.373727704166686,-34.68733,17.499939666666666
538.985,5.438065945235887,34.382068121936705,33.55026592842477,220.4224484290552,2026-06-25 04:47:20.717543,0.5940000000000001,0.20600000000000002,5.956667907643088,28.359998253634842,-34.68733,17.499939666666666
538.7560000000001,5.437579813891677,34.38216846899894,33.549965227719994,220.42258063442642,2026-06-25 04:47:20.792524,0.596999999999998,0.20600000000000002,5.956667907643088,28.35109161292155,-34.68733,17.499939666666666
538.487,5.437415770296339,34.38227958329658,33.54998925984057,220.42420844816024,2026-06-25 04:47:20.867504,0.6000000000000001,0.20600000000000002,5.956664162584625,28.34062922710549,-34.68733,17.499939666666666
538.1146666666667,5.438258077123495,34.38245017959675,33.55096602763798,220.72628533233603,2026-06-25 04:47:20.967478,0.6000000000000001,0.20600000000000002,5.957139943780739,28.326147833107314,-34.68733,17.499939666666666
537.514,5.440386666137311,34.382745126163115,33.55313578781877,220.70528041694993,2026-06-25 04:47:21.067452,0.6000000000000001,0.20600000000000002,5.956664162584625,28.30278572748088,-34.68733,17.499939666666666
537.708,5.442271445827049,34.3826401689394,33.555029996372,220.6975299155209,2026-06-25 04:47:21.117439,0.5940000000000001,0.20600000000000002,5.956664162584625,28.310331091229262,-34.68733,17.499939666666666
537.247,5.44472059617013,34.3829734902913,33.557526433279946,220.68334239893682,2026-06-25 04:47:21.167426,0.6000000000000001,0.20600000000000002,5.9566604174992746,28.283293346581665,-34.68733,17.499939666666666
537.387,5.447718647082901,34.3828562048216,33.560664061951094,220.67645303869645,2026-06-25 04:47:21.217413,0.6000000000000001,0.20600000000000002,5.956652927247916,28.293514070648666,-34.68733,17.499939666666666
536.6783333333333,5.455064898858666,34.383229124331805,33.56880473441501,220.61741175397367,2026-06-25 04:47:21.317387,0.6000000000000001,0.20600000000000002,5.956666831432671,28.241777738823796,-34.68733,17.499939666666666
536.455,5.463087448391173,34.38350614188743,33.57799307601424,220.81812383591378,2026-06-25 04:47:21.417361,0.6000000000000001,0.20600000000000002,5.956731569523694,28.225473250431204,-34.68733,17.499939666666666
535.963,5.467112961974603,34.3838113692426,33.58256056306603,220.77753997447894,2026-06-25 04:47:21.467348,0.6000000000000001,0.20600000000000002,5.956746547660673,28.189554705852878,-34.68733,17.499939666666666
536.111,5.470986652587979,34.38365547593573,33.586822247418205,220.74831082364588,2026-06-25 04:47:21.517335,0.6000000000000001,0.20600000000000002,5.956757780981171,28.20035947129514,-34.68733,17.499939666666666
535.675,5.476307991982081,34.38405840411873,33.592318686157824,220.68886750177708,2026-06-25 04:47:21.592315,0.6000000000000001,0.20600000000000002,5.960690107717817,28.194302609302408,-34.68733,17.499939666666666
535.411,5.481023886128777,34.38431868758155,33.59678851917012,220.64165647470742,2026-06-25 04:47:21.667296,0.6000000000000001,0.20600000000000002,5.960710623363468,28.198654854131142,-34.68733,17.499939666666666
535.141,5.484956526151505,34.384595572720784,33.60003124659394,220.59665691403413,2026-06-25 04:47:21.742276,0.5970000000000001,0.20600000000000002,5.958780940281063,28.203106013615077,-34.68733,17.499939666666666
534.835,5.488393789667809,34.38488574051245,33.602517880443635,220.25087026162078,2026-06-25 04:47:21.817256,0.6000000000000001,0.20600000000000002,5.960751652164791,28.2081506610302,-34.68733,17.499939666666666
534.3923333333333,5.492753552705853,34.38529910587891,33.60537467673705,220.5229417004672,2026-06-25 04:47:21.917230,0.6000000000000001,0.20600000000000002,5.95805894067027,28.2154483644804,-34.68733,17.499939666666666
534.15,5.497849951649286,34.38573439008821,33.6090992646806,220.47885507202128,2026-06-25 04:47:22.017204,0.5940000000000001,0.20600000000000002,5.9607740301456085,28.2194434174987,-34.68733,17.499939666666666
533.885,5.50123330628237,34.38596290110707,33.612016596476636,220.451183603723,2026-06-25 04:47:22.067191,0.6000000000000001,0.20600000000000002,5.956877588015933,28.2238121481033,-34.68733,17.499939666666666
533.531,5.507885033345689,34.386318543697456,33.618402027111564,220.4144288150978,2026-06-25 04:47:22.142172,0.5970000000000034,0.20600000000000002,5.960779624460116,28.229648112760014,-34.68733,17.499939666666666
533.294,5.516265789743064,34.38668691522636,33.6270332863598,220.68020485816018,2026-06-25 04:47:22.217152,0.6000000000000001,0.20600000000000002,5.9607740301456085,28.233555241640353,-34.68733,17.499939666666666
533.106,5.522894176291005,34.386940870295426,33.634197416973045,220.62920585699004,2026-06-25 04:47:22.267139,0.5940000000000001,0.20600000000000002,5.960788948264093,28.23665456750324,-34.68733,17.499939666666666
532.7094999999999,5.533805653706745,34.38733413393923,33.64632565229608,220.51792669235962,2026-06-25 04:47:22.342120,0.5969999999999922,0.20600000000000002,5.958889374936972,28.243191177634277,-34.68733,17.499939666666666
532.486,5.545027909864313,34.38773951347504,33.658865164811,220.3960494694332,2026-06-25 04:47:22.417100,0.6000000000000001,0.20600000000000002,5.9609045491619135,28.246875748540422,-34.68733,17.499939666666666
531.808,5.558683886750183,34.38830452605845,33.67356011473237,220.24444274016548,2026-06-25 04:47:22.517074,0.5940000000000001,0.20600000000000002,5.960980979021677,28.258053104577854,-34.68733,17.499939666666666
532.124,5.559016413832429,34.388301674119916,33.67404066856764,220.2583290155306,2026-06-25 04:47:22.517074,0.6000000000000001,0.20800000000000002,5.960967932284256,28.252843599404066,-34.68733,17.499939666666666
531.601,5.570415086162403,34.3888866439886,33.685475404334184,220.11823252374543,2026-06-25 04:47:22.617048,0.6000000000000001,0.20600000000000002,5.961046218407535,28.261465660182203,-34.68733,17.499939666666666
531.425,5.574910018005259,34.3891873892853,33.68953703851917,219.77255975910828,2026-06-25 04:47:22.667035,0.5940000000000001,0.20600000000000002,5.961061128712558,28.264367156734696,-34.68733,17.499939666666666
531.123,5.580048987130786,34.38964911676723,33.69358997326879,219.72096286426017,2026-06-25 04:47:22.742015,0.5940000000000001,0.20600000000000002,5.961083493314187,28.269345861046354,-34.68733,17.499939666666666
530.767,5.584559396138825,34.390281748171006,33.69627691459358,219.36651712547595,2026-06-25 04:47:22.841989,0.6000000000000001,0.20600000000000002,5.961105857059957,28.275214797254797,-34.68733,17.499939666666666
530.3634999999999,5.586953357986672,34.39093374509113,33.69682327745964,219.34214932962203,2026-06-25 04:47:22.941963,0.6000000000000001,0.20600000000000002,5.961113311396724,28.2818668078169,-34.68733,17.499939666666666
529.97,5.587874143189995,34.39143416379791,33.69652911664837,219.33638049654158,2026-06-25 04:47:23.016944,0.6000000000000001,0.20600000000000002,5.961109584248398,28.288353960620338,-34.68733,17.499939666666666
529.86,5.588188677675167,34.39177353777318,33.69615600156184,219.02480925600696,2026-06-25 04:47:23.066931,0.6000000000000001,0.20600000000000002,5.961113311410095,28.290167395965643,-34.68733,17.499939666666666
529.652,5.588362660193018,34.392117017370026,33.69572450615655,219.01427503237653,2026-06-25 04:47:23.116918,0.6000000000000001,0.20600000000000002,5.961120765653261,28.293596437345858,-34.68733,17.499939666666666
529.371,5.588556034150805,34.392815573423285,33.69488940146087,219.00241061645102,2026-06-25 04:47:23.216892,0.6000000000000001,0.20600000000000002,5.9611282197894555,28.29822894036432,-34.68733,17.499939666666666
528.9846666666667,5.588720817078503,34.39305434741012,33.69479261039249,219.02376847446033,2026-06-25 04:47:23.250216,0.6000000000000001,0.20600000000000002,5.961124492734729,28.304597945107382,-34.68733,17.499939666666666
528.703,5.589444316266245,34.393889567049285,33.69460057140012,218.9933023481759,2026-06-25 04:47:23.366853,0.6000000000000001,0.20600000000000002,5.961124492734729,28.30924143864309,-34.68733,17.499939666666666
528.574,5.59011981532865,34.39425375133735,33.694976219182465,218.98803232358387,2026-06-25 04:47:23.416840,0.6000000000000001,0.20600000000000002,5.961124492734729,28.311368103729862,-34.68733,17.499939666666666
528.119,5.591043223866669,34.39462068622347,33.69563840191247,218.97830153380838,2026-06-25 04:47:23.466826,0.6000000000000001,0.20600000000000002,5.961124492734729,28.318869131749082,-34.68733,17.499939666666666
527.93,5.592221468995502,34.394990159411456,33.69658670620968,219.2745911055753,2026-06-25 04:47:23.516813,0.6000000000000001,0.20600000000000002,5.961124492734729,28.321984943387836,-34.68733,17.499939666666666
527.599,5.593639663277469,34.39573585011945,33.69779779041485,219.26295312930802,2026-06-25 04:47:23.566800,0.6000000000000001,0.20600000000000002,5.961124492734729,28.32744173519962,-34.68733,17.499939666666666
527.709,5.595263784993584,34.39536195429998,33.69922539329845,219.2455268452915,2026-06-25 04:47:23.616787,0.6000000000000001,0.20600000000000002,5.961135673818681,28.325628299854316,-34.68733,17.499939666666666
527.153,5.597975933075868,34.39630033178257,33.7016398012428,219.06707172717663,2026-06-25 04:47:23.691768,0.6000000000000001,0.20600000000000002,5.961141264267061,28.334794391236045,-34.68733,17.499939666666666
526.892,5.60079907677328,34.39686787597087,33.704177070301775,218.8844034947687,2026-06-25 04:47:23.766748,0.6000000000000001,0.20600000000000002,5.961154308423772,28.33909717873718,-34.68733,17.499939666666666
526.836,5.602661446663136,34.39724788955139,33.70589030792415,218.85241245717341,2026-06-25 04:47:23.816735,0.6000000000000001,0.20600000000000002,5.961176669067461,28.3400203821857,-34.68733,17.499939666666666
526.511,5.605353888542716,34.397819668104745,33.708482552415425,218.82567814159628,2026-06-25 04:47:23.891716,0.6000000000000001,0.20600000000000002,5.96118598571489,28.345378259342286,-34.68733,17.499939666666666
525.9179999999999,5.609679678272668,34.39877490031329,33.712935766935814,218.93961261749996,2026-06-25 04:47:24.016683,0.6030000000000049,0.20600000000000002,5.961195302188524,28.355154324431076,-34.68733,17.499939666666666
526.312,5.609673891429257,34.39877487623309,33.712924220536564,218.7912431030531,2026-06-25 04:47:24.016683,0.6000000000000001,0.20600000000000002,5.961195302201893,28.348658928739702,-34.68733,17.499939666666666
525.362,5.614965811705575,34.39992050947655,33.718473782249,218.74244614375246,2026-06-25 04:47:24.166644,0.6000000000000001,0.20600000000000002,5.961206481761705,28.364320415812806,-34.68733,17.499939666666666
525.51,5.615009086919837,34.399920101628915,33.718503510568866,219.0392062954184,2026-06-25 04:47:24.166644,0.6000000000000001,0.20600000000000002,5.961215797713983,28.361880520984574,-34.68733,17.499939666666666
525.001,5.618892433540612,34.400680597185186,33.722451776440145,218.9971438861642,2026-06-25 04:47:24.266618,0.6000000000000001,0.20600000000000002,5.961232566465518,28.37027178090058,-34.68733,17.499939666666666
524.709,5.622337961427963,34.401247051042176,33.72585055298582,218.97395392922795,2026-06-25 04:47:24.341598,0.6000000000000001,0.20600000000000002,5.961234429605177,28.372646947623945,-34.68733,17.499939666666666
524.409,5.626320733270784,34.40181004140628,33.729775246569886,218.93372283612348,2026-06-25 04:47:24.416579,0.6000000000000001,0.20600000000000002,5.961251197594784,28.34710918251347,-34.68733,17.499939666666666
523.937,5.632966727199875,34.40255280134511,33.73641198114547,218.8760847844835,2026-06-25 04:47:24.516553,0.6000000000000001,0.20600000000000002,5.961269828055732,28.30692976540632,-34.68733,17.499939666666666
524.1585,5.633207764079254,34.40255147128392,33.7366640726584,218.7266826900251,2026-06-25 04:47:24.516553,0.6000000000000001,0.20600000000000002,5.961267964956175,28.325785148646222,-34.68733,17.499939666666666
523.777,5.64152950647149,34.40328492063772,33.74505312099576,218.8116673702858,2026-06-25 04:47:24.616527,0.6000000000000001,0.20600000000000002,5.961288457848401,28.293309624014064,-34.68733,17.499939666666666
523.1786666666667,5.6524522268540665,34.40400303032161,33.756195540647184,218.7685267218184,2026-06-25 04:47:24.716501,0.6000000000000001,0.20600000000000002,5.961302046170577,28.246173733905447,-34.68733,17.499939666666666
522.882,5.665005016604619,34.4047087312339,33.7692144098158,218.92421246001052,2026-06-25 04:47:24.816475,0.6000000000000001,0.20600000000000002,5.961351794145219,28.258062684808415,-34.68733,17.499939666666666
522.4013333333334,5.679003522318833,34.405394602591194,33.783945891671046,218.8104978671213,2026-06-25 04:47:24.916449,0.6000000000000001,0.20600000000000002,5.961389644909221,28.27732545694558,-34.68733,17.499939666666666
522.128,5.693351522238226,34.40606457229638,33.798834007148365,218.64505275445336,2026-06-25 04:47:25.016423,0.6000000000000001,0.20600000000000002,5.961482168085287,28.28827932182247,-34.68733,17.499939666666666
521.683,5.700506780908245,34.40639096334148,33.80598687995619,218.28552818548644,2026-06-25 04:47:25.066410,0.6000000000000001,0.20600000000000002,5.961497065880163,28.30611274817692,-34.68733,17.499939666666666
521.57,5.7075780805660585,34.40671181732638,33.81285783257704,218.22296236349584,2026-06-25 04:47:25.116397,0.6000000000000001,0.20600000000000002,5.9615231359927305,28.310641236217485,-34.68733,17.499939666666666
521.4045000000001,5.7179737300376985,34.407181400778555,33.82267337286849,218.12675950922468,2026-06-25 04:47:25.191377,0.6000000000000001,0.20600000000000002,5.961565962218004,28.31727366781672,-34.68733,17.499939666666666
521.038,5.728167670960402,34.40763867296465,33.83216759933473,218.0367770361376,2026-06-25 04:47:25.266357,0.6000000000000001,0.20800000000000002,5.961601338477594,28.331961197612017,-34.68733,17.499939666666666
520.6179999999999,5.738091462931408,34.408506898087,33.84150051711714,217.9630115766218,2026-06-25 04:47:25.341338,0.6000000000000001,0.2069999999999858,5.96161995636753,28.170438347682985,-34.68733,17.499939666666666
520.663,5.74768223870784,34.40807965428962,33.85073627324234,217.8726492279145,2026-06-25 04:47:25.416318,0.6000000000000001,0.20600000000000002,5.961664636625011,28.187744367318263,-34.68733,17.499939666666666
520.216,5.756640883322302,34.40891611501474,33.859569485171185,217.77719183158172,2026-06-25 04:47:25.491299,0.6000000000000001,0.20600000000000002,5.961711174293913,28.015837905608105,-34.68733,17.499939666666666
519.831,5.7674738648794435,34.409436416445686,33.870252002014674,217.67328056722314,2026-06-25 04:47:25.591273,0.6000000000000001,0.20600000000000002,5.961757707904874,27.86777529317319,-34.68733,17.499939666666666
519.05,5.778958140646059,34.4100428549725,33.881284509915545,217.26157551423654,2026-06-25 04:47:25.716240,0.6000000000000001,0.20600000000000002,5.961802376509009,27.89347433597958,-34.68733,17.499939666666666
519.358,5.778761528622288,34.410038621874534,33.88106838901058,217.41674305961303,2026-06-25 04:47:25.716240,0.6000000000000001,0.20600000000000002,5.961802376388904,27.879262833544814,-34.68733,17.499939666666666
518.7825,5.787911566114874,34.41059428486157,33.88951349377115,217.16859811987825,2026-06-25 04:47:25.841208,0.6000000000000001,0.20700000000000002,5.961848901965597,27.905817118126652,-34.68733,17.499939666666666
518.343,5.792239145475995,34.41090033177735,33.89331348085647,217.12252437597635,2026-06-25 04:47:25.916188,0.6000000000000001,0.20800000000000002,5.96186937188871,27.9260961938412,-34.68733,17.499939666666666
518.2405,5.795741662472228,34.4111834268611,33.89624815507621,216.7928661659647,2026-06-25 04:47:25.991168,0.6000000000000001,0.20600000000000002,5.961878676088697,27.93082567111251,-34.68733,17.499939666666666
517.884,5.798665151898855,34.41144767898533,33.89864384835391,216.75838251396934,2026-06-25 04:47:26.066149,0.6000000000000001,0.20800000000000002,5.9618954233124555,27.947275023768334,-34.68733,17.499939666666666
517.323,5.8016365651185025,34.41176129785487,33.90105101362141,216.7245175466611,2026-06-25 04:47:26.166123,0.6000000000000001,0.20600000000000002,5.961909095738545,27.973160260345946,-34.68733,17.499939666666666
517.1,5.804017040020992,34.412041863690696,33.9029062413667,216.70170347645254,2026-06-25 04:47:26.266097,0.6000000000000001,0.20600000000000002,5.961917752063599,27.98881306005742,-34.68733,17.499939666666666
516.7715000000001,5.8053706617400245,34.41222190475143,33.90379217819037,216.68437658296975,2026-06-25 04:47:26.341077,0.6000000000000001,0.20600000000000002,5.963875004157626,28.014038143523404,-34.68733,17.499939666666666
516.392,5.806465805157008,34.41238131180292,33.904353441387286,216.67492312941994,2026-06-25 04:47:26.416058,0.6000000000000001,0.20600000000000002,5.965824799595265,28.043179449993243,-34.68733,17.499939666666666
516.184,5.80726368812309,34.41251457679135,33.90460999014643,216.3518849970239,2026-06-25 04:47:26.491038,0.6000000000000001,0.20600000000000002,5.961941940456746,28.059151496754055,-34.68733,17.499939666666666
515.711,5.808028795900299,34.41265694281526,33.904775443053396,216.3432420460571,2026-06-25 04:47:26.591012,0.6000000000000001,0.20600000000000002,5.965841482378396,28.095472545397616,-34.68733,17.499939666666666
515.456,5.808465482215771,34.412775970937716,33.904886790683335,216.33664626697228,2026-06-25 04:47:26.665993,0.6000000000000001,0.20600000000000002,5.961943801059274,28.06052860958058,-34.68733,17.499939666666666
515.569,5.808732210735515,34.41273697996817,33.904986345348355,216.3364400023196,2026-06-25 04:47:26.715980,0.6000000000000001,0.20600000000000002,5.961943801059274,28.07840894812863,-34.68733,17.499939666666666
515.255,5.809012624662898,34.41280413500035,33.905114535703646,216.331895112522,2026-06-25 04:47:26.765967,0.6000000000000001,0.20600000000000002,5.961943801059274,28.028723759596865,-34.68733,17.499939666666666
514.92,5.8093377775759985,34.412815724879856,33.90528430089439,216.31999040141102,2026-06-25 04:47:26.815954,0.6000000000000001,0.20600000000000002,5.9658507503638445,27.97571567629067,-34.68733,17.499939666666666
514.732,5.809740883821925,34.412815724879856,33.905516641795266,216.31613538526977,2026-06-25 04:47:26.865940,0.6000000000000001,0.20600000000000002,5.96195124338935,27.945967856405407,-34.68733,17.499939666666666
514.435,5.810563810291962,34.412815724879856,33.90606220383715,216.3161127899596,2026-06-25 04:47:26.940921,0.6000000000000001,0.20600000000000002,5.963893568525367,27.898972630310062,-34.68733,17.499939666666666
514.145,5.811642024098597,34.4127817951268,33.90688651898882,216.30089248712483,2026-06-25 04:47:27.015901,0.6000000000000001,0.20600000000000002,5.96195124338935,27.853085035806203,-34.68733,17.499939666666666
513.943,5.812549370978376,34.41274466943753,33.90767371512646,216.29089667555428,2026-06-25 04:47:27.065888,0.6000000000000001,0.20600000000000002,5.965854457510183,27.821121952737993,-34.68733,17.499939666666666
513.762,5.8142174754485785,34.41266729201685,33.9092669782526,216.27730764190966,2026-06-25 04:47:27.140869,0.6000000000000001,0.20600000000000002,5.963908425121328,27.852588032621917,-34.68733,17.499939666666666
513.358,5.8161814130584,34.41256831530863,33.911259755954255,215.96669746157087,2026-06-25 04:47:27.215849,0.6000000000000001,0.20600000000000002,5.965854457510183,27.92282171368878,-34.68733,17.499939666666666
513.1,5.817653840762883,34.41248800887327,33.91280468942803,216.24676976590072,2026-06-25 04:47:27.265836,0.6000000000000001,0.20600000000000002,5.96586557878973,27.96767391595424,-34.68733,17.499939666666666
512.6056666666667,5.8208076606817585,34.412291945087844,33.9161286423027,216.2157265563997,2026-06-25 04:47:27.365810,0.6000000000000001,0.20600000000000002,5.96587678218099,28.05361166267219,-34.68733,17.499939666666666
512.418,5.823971203915928,34.41206080380265,33.91939265321141,216.18429731445212,2026-06-25 04:47:27.465784,0.6000000000000001,0.20600000000000002,5.965891527511813,28.042384675975473,-34.68733,17.499939666666666
512.1395,5.826188201384785,34.41185634258258,33.921529658965,215.8564154694,2026-06-25 04:47:27.540765,0.6000000000000001,0.20700000000000002,5.965906354755054,28.020206538890744,-34.68733,17.499939666666666
511.746,5.828276556520355,34.41163150168147,33.92337905305452,216.13212976964004,2026-06-25 04:47:27.615745,0.6000000000000001,0.20600000000000002,5.965917474931708,27.988870463692027,-34.68733,17.499939666666666
511.447,5.829611381742088,34.41146821355876,33.924436305762995,216.1227287517646,2026-06-25 04:47:27.665732,0.6000000000000001,0.20600000000000002,5.965917474931708,27.965059824595677,-34.68733,17.499939666666666
511.16,5.830927476892003,34.41129503620627,33.92538953905681,216.1135528695413,2026-06-25 04:47:27.715719,0.6000000000000001,0.20800000000000002,5.965917474931708,27.942204796432957,-34.68733,17.499939666666666
511.01,5.832232837512725,34.41111210433691,33.92625845761275,216.10576539190276,2026-06-25 04:47:27.765706,0.6000000000000001,0.20600000000000002,5.965917474931708,27.93025965976254,-34.68733,17.499939666666666
510.807,5.833522423434659,34.41091956048226,33.92704985328391,215.79388907954325,2026-06-25 04:47:27.815693,0.6000000000000001,0.20600000000000002,5.9659211815996835,27.914093908135253,-34.68733,17.499939666666666
510.581,5.834780140192191,34.4107175548386,33.92775323529445,216.07530709437205,2026-06-25 04:47:27.865680,0.6000000000000001,0.20600000000000002,5.965932301444172,27.896096568885167,-34.68733,17.499939666666666
510.3575,5.836533050941951,34.41039602070596,33.9285681723925,216.0612480390677,2026-06-25 04:47:27.940660,0.6000000000000001,0.20700000000000002,5.965936007992571,27.878298315246255,-34.68733,17.499939666666666
510.128,5.8380616642700645,34.410056380629634,33.929065254901985,216.04479252658123,2026-06-25 04:47:28.015641,0.6000000000000001,0.20600000000000002,5.965943421049512,27.869833154835565,-34.68733,17.499939666666666
509.741,5.8388743895136965,34.409818177213346,33.929135667139256,216.02679706537307,2026-06-25 04:47:28.065628,0.6000000000000001,0.20600000000000002,5.96595454041571,27.858386221588045,-34.68733,17.499939666666666
509.51099999999997,5.839736203408231,34.40944376467528,33.92879799069614,216.01201229274383,2026-06-25 04:47:28.140608,0.6000000000000001,0.20600000000000002,5.965963806368215,27.85158313464508,-34.68733,17.499939666666666
508.775,5.840377041062172,34.4087774042957,33.92726674188007,216.30839698791718,2026-06-25 04:47:28.265576,0.5940000000000001,0.20800000000000002,5.965958246817968,27.829813256427578,-34.68733,17.499939666666666
509.098,5.840298651103856,34.4087813016231,33.927199041838236,216.15814811924366,2026-06-25 04:47:28.265576,0.5970000000000001,0.20600000000000002,5.965961953180371,27.83936715678662,-34.68733,17.499939666666666
508.6035,5.840001652544451,34.40806819321658,33.92486916217855,216.45313177487773,2026-06-25 04:47:28.390543,0.6000000000000001,0.20800000000000002,5.965965659542774,27.82311562149312,-34.68733,17.499939666666666
508.393,5.8393940996154985,34.407619825251984,33.923317674005176,216.60530293532508,2026-06-25 04:47:28.465524,0.5940000000000001,0.20800000000000002,5.965965659542774,27.806975083049885,-34.68733,17.499939666666666
508.121,5.838858009115871,34.4073116404015,33.922312999901564,216.90725098420353,2026-06-25 04:47:28.515510,0.5940000000000001,0.20800000000000002,5.965965659542774,27.78611890035839,-34.68733,17.499939666666666
507.7473333333333,5.837674289772653,34.406673475492376,33.920535113521105,216.91264600037698,2026-06-25 04:47:28.615484,0.6000000000000001,0.20800000000000002,5.965963471735885,27.757467208205,-34.68733,17.499939666666666
507.413,5.836522188277534,34.406014738890754,33.91903505948117,217.23361964149427,2026-06-25 04:47:28.715458,0.6000000000000001,0.20800000000000002,5.965947127531482,27.731831483646708,-34.68733,17.499939666666666
507.229,5.835999609065388,34.40567571030889,33.91840877301386,217.2314659427144,2026-06-25 04:47:28.765445,0.5940000000000001,0.20600000000000002,5.965950833986881,27.71772288947305,-34.68733,17.499939666666666
506.744,5.835309509016926,34.40515647075765,33.917563088650624,217.23279058547539,2026-06-25 04:47:28.840426,0.596999999999983,0.20800000000000002,5.9659489807591815,27.681377882611777,-34.68733,17.499939666666666
506.557,5.834704028698921,34.40462718686397,33.916762588104596,217.5495277927309,2026-06-25 04:47:28.915406,0.5940000000000001,0.20600000000000002,5.965936008005857,27.698582683638694,-34.68733,17.499939666666666
506.265,5.834319546299552,34.40426807507202,33.91622140548785,217.54917461810456,2026-06-25 04:47:28.965393,0.6000000000000001,0.20800000000000002,5.965936008005857,27.72544793444009,-34.68733,17.499939666666666
506.179,5.833903150191606,34.4039046052833,33.915637567256006,217.54746248214872,2026-06-25 04:47:29.015380,0.5940000000000001,0.20800000000000002,5.96593971454097,27.733360302826803,-34.68733,17.499939666666666
505.71799999999996,5.833108494953706,34.40335135958133,33.91457555876659,217.54784093830835,2026-06-25 04:47:29.090361,0.5969999999999971,0.20800000000000002,5.96593971454097,27.77577427755092,-34.68733,17.499939666666666
505.625,5.8320467339799205,34.40279075287615,33.91321654423926,217.8560057891005,2026-06-25 04:47:29.165341,0.5940000000000001,0.20800000000000002,5.96593971454097,27.784330675922593,-34.68733,17.499939666666666
505.421,5.831115387504031,34.40241256379379,33.91204808935806,217.85932430436318,2026-06-25 04:47:29.215328,0.6000000000000001,0.20800000000000002,5.96593971454097,27.803099549770142,-34.68733,17.499939666666666
505.201,5.830007963663451,34.40203137984302,33.91065452363782,217.8633902089406,2026-06-25 04:47:29.265315,0.5940000000000001,0.20800000000000002,5.96593971454097,27.82334049215475,-34.68733,17.499939666666666
504.98,5.828743890073906,34.401647476746554,33.90903902061191,217.86824976489726,2026-06-25 04:47:29.315302,0.5940000000000001,0.20800000000000002,5.96593971454097,27.79910653128881,-34.68733,17.499939666666666
504.566,5.827361516758587,34.4012611306125,33.90723195308628,218.1822433580072,2026-06-25 04:47:29.365289,0.6000000000000001,0.20800000000000002,5.965932301444172,27.753708975639494,-34.68733,17.499939666666666
504.064,5.825909271291388,34.400286204500574,33.90528938884922,218.19326960971918,2026-06-25 04:47:29.415276,0.5940000000000001,0.20600000000000002,5.965924888241085,27.69866169801642,-34.68733,17.499939666666666
504.39750000000004,5.8237083013508695,34.400872617658486,33.902283894397385,218.22105672068716,2026-06-25 04:47:29.490256,0.5970000000000029,0.20800000000000002,5.9659100615027505,27.735231951178367,-34.68733,17.499939666666666
504.008,5.821579338803798,34.39969683594495,33.89934421663526,218.24046814402337,2026-06-25 04:47:29.565237,0.5940000000000001,0.20800000000000002,5.965898941193227,27.69252096585129,-34.68733,17.499939666666666
503.556,5.820256509697439,34.39930241051017,33.89748767773443,218.54729278653292,2026-06-25 04:47:29.615224,0.6000000000000001,0.20800000000000002,5.965898941193227,27.642956484804213,-34.68733,17.499939666666666
503.159,5.818468852602087,34.398709320691296,33.89487502034598,218.71625585425133,2026-06-25 04:47:29.690204,0.5940000000000001,0.20800000000000002,5.965887820617956,27.599423079990743,-34.68733,17.499939666666666
502.936,5.816866084191517,34.398115455395576,33.892410268841175,218.88953968116758,2026-06-25 04:47:29.765185,0.5940000000000001,0.20600000000000002,5.965872992843207,27.574969807261763,-34.68733,17.499939666666666
502.69100000000003,5.815382501804564,34.397521624882415,33.89006943743493,219.04805937448822,2026-06-25 04:47:29.840165,0.5970000000000054,0.20800000000000002,5.965872992843207,27.564364134104206,-34.68733,17.499939666666666
502.415,5.813868559903496,34.39692861596246,33.88776136185806,218.90155423545514,2026-06-25 04:47:29.915146,0.6000000000000001,0.20800000000000002,5.965872992843207,27.55241651862875,-34.68733,17.499939666666666
502.1645,5.812193579196334,34.39633761041045,33.88540484874642,219.21345515971578,2026-06-25 04:47:29.990126,0.5970000000000001,0.20800000000000002,5.965872992843207,27.541572758930915,-34.68733,17.499939666666666
501.937,5.810359170560496,34.395748976068454,33.88297263500473,219.53044199541148,2026-06-25 04:47:30.065107,0.5940000000000001,0.20800000000000002,5.965869285829756,27.53172463385604,-34.68733,17.499939666666666
501.804,5.809054138808587,34.395358553223275,33.881313655115626,219.54354094167553,2026-06-25 04:47:30.115094,0.5940000000000001,0.20800000000000002,5.965861871723125,27.525967268427646,-34.68733,17.499939666666666
501.612,5.807723677493086,34.394969939443634,33.87965507109883,219.55263201308549,2026-06-25 04:47:30.165081,0.5940000000000001,0.20800000000000002,5.9658581646299425,27.51765588374907,-34.68733,17.499939666666666
501.348,5.806398255007865,34.39458337732739,33.87802441629463,219.87400625476386,2026-06-25 04:47:30.215067,0.5940000000000001,0.20800000000000002,5.965847043190928,27.529525806889417,-34.68733,17.499939666666666
501.172,5.805098529148141,34.39419910537539,33.8764443846984,219.89023402017895,2026-06-25 04:47:30.265054,0.5940000000000001,0.20800000000000002,5.965835921512705,27.537439088982982,-34.68733,17.499939666666666
500.888,5.803832860721717,34.39381735779085,33.87492963318782,219.8980943317791,2026-06-25 04:47:30.315041,0.5940000000000001,0.20800000000000002,5.965832214233472,27.55020824872487,-34.68733,17.499939666666666
500.53499999999997,5.802002381788967,34.39325035709013,33.872794999445844,220.0616667547842,2026-06-25 04:47:30.390022,0.5940000000000001,0.20600000000000002,5.967778302352005,27.566079774742075,-34.68733,17.499939666666666
500.086,5.799679023274777,34.39250483446574,33.870135009664054,220.22890220588945,2026-06-25 04:47:30.489996,0.5970000000000001,0.20600000000000002,5.965822945915779,27.586267636446678,-34.68733,17.499939666666666
500.057,5.798050039436082,34.39195435787824,33.86824646642197,220.24318752497516,2026-06-25 04:47:30.564976,0.6000000000000001,0.20600000000000002,5.965817384850737,27.587571529518915,-34.68733,17.499939666666666
499.69,5.797047501076332,34.391592410630935,33.867047591348694,220.55936611681344,2026-06-25 04:47:30.614963,0.6000000000000001,0.20600000000000002,5.965809969999885,27.6040725211572,-34.68733,17.499939666666666
499.439,5.796119713405625,34.39123449151141,33.86590738419134,220.56579491839162,2026-06-25 04:47:30.664950,0.5940000000000001,0.20600000000000002,5.965806262534587,27.61535794050654,-34.68733,17.499939666666666
499.144,5.794879043675074,34.39070614991268,33.864327219256765,220.8864574214958,2026-06-25 04:47:30.739931,0.5940000000000001,0.20700000000000002,5.965796993751723,27.58185951928803,-34.68733,17.499939666666666
498.702,5.793776492691204,34.38984687877531,33.86286053906052,220.8908657198699,2026-06-25 04:47:30.814911,0.6000000000000001,0.20600000000000002,5.969694856645945,27.53166866444538,-34.68733,17.499939666666666
498.934,5.7931260515439105,34.390186808803406,33.861934501122164,221.2003483646665,2026-06-25 04:47:30.864898,0.5940000000000001,0.20600000000000002,5.969698550210804,27.558013185539263,-34.68733,17.499939666666666
498.645,5.79253463076915,34.3895118854639,33.861030084187256,221.21231999452152,2026-06-25 04:47:30.914885,0.5940000000000001,0.20600000000000002,5.969687469436778,27.525196088142142,-34.68733,17.499939666666666
498.416,5.791995880877695,34.38918199239311,33.86013835053787,221.21333987197303,2026-06-25 04:47:30.964872,0.5940000000000001,0.20600000000000002,5.969687469436778,27.49919222895896,-34.68733,17.499939666666666
498.022,5.791500955340784,34.38885735679837,33.859253136950514,221.21608483304118,2026-06-25 04:47:31.014859,0.6000000000000001,0.20600000000000002,5.96968377579247,27.454451964687458,-34.68733,17.499939666666666
497.8535,5.790824816375826,34.38838129231273,33.857930988281154,221.37283462251435,2026-06-25 04:47:31.089839,0.5940000000000001,0.20600000000000002,5.96773389648852,27.43563052154472,-34.68733,17.499939666666666
497.3885,5.7900167637470625,34.387765390499084,33.85619698014247,221.529346590342,2026-06-25 04:47:31.189813,0.5940000000000001,0.20600000000000002,5.969681928957074,27.479672186217055,-34.68733,17.499939666666666
497.149,5.789502863897475,34.38731809494594,33.8549596762151,221.53210487229103,2026-06-25 04:47:31.264794,0.5940000000000001,0.20600000000000002,5.969680082121679,27.502356011354745,-34.68733,17.499939666666666
496.8985,5.789151225370862,34.38688595883059,33.85386603149753,221.84458299322299,2026-06-25 04:47:31.339774,0.5940000000000001,0.20600000000000002,5.967726495139817,27.52608168232339,-34.68733,17.499939666666666
496.517,5.788996764973931,34.386466280910064,33.85296230229024,221.84223175838773,2026-06-25 04:47:31.414755,0.5940000000000001,0.20600000000000002,5.9696763884244035,27.562214790006184,-34.68733,17.499939666666666
496.314,5.789170272756014,34.386062549118094,33.85239395920179,221.99999976363216,2026-06-25 04:47:31.489735,0.5940000000000001,0.20800000000000002,5.969670847825523,27.581441581250232,-34.68733,17.499939666666666
496.107,5.7896520689457365,34.385671845014365,33.852153770333246,222.152508014412,2026-06-25 04:47:31.564716,0.5940000000000001,0.20800000000000002,5.969669000950402,27.601047225523725,-34.68733,17.499939666666666
495.8,5.79019065970256,34.385420195713955,33.852228576940135,222.45326350357794,2026-06-25 04:47:31.614703,0.5940000000000001,0.20800000000000002,5.969672694700645,27.60512680295769,-34.68733,17.499939666666666
495.495,5.790891393544136,34.385175252842444,33.85248032217612,222.44694745026655,2026-06-25 04:47:31.664690,0.5940000000000001,0.20800000000000002,5.969672694700645,27.60917980333997,-34.68733,17.499939666666666
495.076,5.7927390447987825,34.384705740849995,33.85347815457476,222.73690955093173,2026-06-25 04:47:31.764664,0.5940000000000001,0.20800000000000002,5.969680082121679,27.614747695668413,-34.68733,17.499939666666666
494.94599999999997,5.793547161008924,34.384560706010156,33.854043666702104,222.65770105396481,2026-06-25 04:47:31.797988,0.5940000000000001,0.20800000000000002,5.969678280311671,27.616475204028074,-34.68733,17.499939666666666
494.471,5.796296340683671,34.38405319280047,33.8559714119917,223.0131629068852,2026-06-25 04:47:31.914624,0.5940000000000001,0.20800000000000002,5.969691163054603,27.622787253803754,-34.68733,17.499939666666666
494.29,5.797566723194783,34.38384963408752,33.85697878217386,223.00140854706714,2026-06-25 04:47:31.964611,0.5940000000000001,0.20800000000000002,5.969694856645945,27.625192476981432,-34.68733,17.499939666666666
494.21,5.798831660476076,34.38365310491075,33.858025980601745,222.98705998926403,2026-06-25 04:47:32.014598,0.5940000000000001,0.20800000000000002,5.9697022437491825,27.616875390268913,-34.68733,17.499939666666666
493.937,5.8006746126807,34.38337242107118,33.85959885756467,223.27901306366965,2026-06-25 04:47:32.089579,0.5940000000000001,0.20699999999999646,5.969709630746491,27.588493331862452,-34.68733,17.499939666666666
493.5565,5.802984056464455,34.38302175364579,33.86155470017087,223.25641982645647,2026-06-25 04:47:32.189553,0.5940000000000001,0.20800000000000002,5.969717017624635,27.548935188186043,-34.68733,17.499939666666666
493.217,5.80458423467257,34.38277645269246,33.86283458150069,223.2377905676848,2026-06-25 04:47:32.264533,0.5940000000000001,0.20800000000000002,5.969724404423337,27.513639551449796,-34.68733,17.499939666666666
493.049,5.805583488928524,34.38262235200821,33.863568985072,223.53902059472134,2026-06-25 04:47:32.314520,0.5940000000000001,0.20800000000000002,5.969728097776347,27.49617366935351,-34.68733,17.499939666666666
492.782,5.806542038482142,34.38247531304489,33.86421852172008,223.52793088462815,2026-06-25 04:47:32.364507,0.5940000000000001,0.20800000000000002,5.969731791102878,27.468415392450485,-34.68733,17.499939666666666
492.526,5.80747311416285,34.382335319168014,33.86479568369034,223.51708485174643,2026-06-25 04:47:32.414494,0.5940000000000001,0.20800000000000002,5.9697354844029284,27.441800714970434,-34.68733,17.499939666666666
492.191,5.808394059168971,34.38207637609928,33.8653186681628,223.50568191488026,2026-06-25 04:47:32.464481,0.5940000000000001,0.20600000000000002,5.969739177676499,27.406972914361766,-34.68733,17.499939666666666
492.304,5.809324422142612,34.38220234890148,33.865810510349434,223.49812348811784,2026-06-25 04:47:32.514468,0.6000000000000001,0.20800000000000002,5.969742870923591,27.418720799343195,-34.68733,17.499939666666666
491.847,5.8102835128603285,34.381957370122926,33.866298736754636,223.80084210618844,2026-06-25 04:47:32.564455,0.6000000000000001,0.20800000000000002,5.969742870923591,27.386691533572858,-34.68733,17.499939666666666
491.542,5.812383320983848,34.38174239800406,33.867429729936106,223.7771027305992,2026-06-25 04:47:32.664429,0.6000000000000001,0.20800000000000002,5.969753049730168,27.368709495373384,-34.68733,17.499939666666666
491.105,5.814719585907962,34.38155025485327,33.868897776345825,223.75989527843066,2026-06-25 04:47:32.764403,0.6000000000000001,0.20600000000000002,5.969753950505996,27.342945066871195,-34.68733,17.499939666666666
490.902,5.816019693635892,34.381465479272414,33.86989118927311,223.74029105552995,2026-06-25 04:47:32.814390,0.6000000000000001,0.20800000000000002,5.9697650298501,27.330976693905647,-34.68733,17.499939666666666
490.714,5.818167900001606,34.38135168601602,33.87181525358943,223.718252171567,2026-06-25 04:47:32.889370,0.6000000000000001,0.20800000000000002,5.969774262451512,27.321098312380084,-34.68733,17.499939666666666
490.632,5.82056355673337,34.381251118207445,33.87424859282667,223.70321572632093,2026-06-25 04:47:32.964351,0.6000000000000001,0.20800000000000002,5.96977610895591,27.32006616527888,-34.68733,17.499939666666666
490.007,5.822359600071261,34.38119278792071,33.87624098212681,223.99264091040587,2026-06-25 04:47:33.014338,0.6000000000000001,0.20800000000000002,5.969783494894068,27.312199190422152,-34.68733,17.499939666666666
489.81,5.825379399602255,34.38111817062173,33.87974453223477,223.97130842222893,2026-06-25 04:47:33.089318,0.6000000000000001,0.20700000000000002,5.969787187810196,27.30971951994731,-34.68733,17.499939666666666
489.469,5.82868103687733,34.38105626178525,33.88360950178184,223.9470431837509,2026-06-25 04:47:33.164299,0.6000000000000001,0.20800000000000002,5.969790880726324,27.30542729846548,-34.68733,17.499939666666666
489.242,5.831010985958739,34.381023344547096,33.886278427705435,223.91444119382348,2026-06-25 04:47:33.214286,0.6000000000000001,0.20800000000000002,5.969809344843654,27.302570013197517,-34.68733,17.499939666666666
489.06,5.833390413686819,34.38099660352944,33.888910674418156,223.88565783003378,2026-06-25 04:47:33.264273,0.6000000000000001,0.20800000000000002,5.969824115660991,27.300279150119238,-34.68733,17.499939666666666
488.7155,5.83696769935465,34.38096865901747,33.89265595776621,224.01250592920726,2026-06-25 04:47:33.339253,0.6000000000000001,0.20800000000000002,5.969831500897587,27.295942873578205,-34.68733,17.499939666666666
488.44,5.840457887929011,34.38095577672171,33.896144536503996,224.1368110263432,2026-06-25 04:47:33.414234,0.6000000000000001,0.20800000000000002,5.969842578587032,27.29247511106136,-34.68733,17.499939666666666
487.93,5.8447813855029125,34.38095577672171,33.9003224527421,224.0799405077315,2026-06-25 04:47:33.514208,0.6000000000000001,0.20600000000000002,5.9698721178922165,27.28605565957827,-34.68733,17.499939666666666
488.1555,5.844731069716568,34.38095577672171,33.90025703908269,224.08609427444546,2026-06-25 04:47:33.514208,0.5970000000000001,0.20700000000000002,5.969868425452601,27.28889406410658,-34.68733,17.499939666666666
487.629,5.848707571939576,34.38097601790673,33.90397196405578,224.04903639848322,2026-06-25 04:47:33.614181,0.5940000000000001,0.20600000000000002,5.969879502453819,27.282266924487267,-34.68733,17.499939666666666
487.228,5.852274470178323,34.381024076976026,33.90704862726222,224.01898139293942,2026-06-25 04:47:33.714155,0.5940000000000001,0.20600000000000002,5.969886886909547,27.27721947341919,-34.68733,17.499939666666666
487.355,5.852225167308365,34.38102137261389,33.90698367405496,224.01506219273367,2026-06-25 04:47:33.714155,0.5940000000000001,0.20600000000000002,5.9698924250991565,27.27881804271008,-34.68733,17.499939666666666
486.80899999999997,5.856157563618741,34.38110907169658,33.91016224504871,223.97250511313484,2026-06-25 04:47:33.839123,0.5970000000000043,0.2069999999999986,5.969909039628287,27.27194545347524,-34.68733,17.499939666666666
486.51,5.858182702764599,34.38117638002371,33.91172818751965,223.94790201176664,2026-06-25 04:47:33.914103,0.5940000000000001,0.20600000000000002,5.969920115650212,27.26818189270378,-34.68733,17.499939666666666
486.375,5.859404047135881,34.3812280876391,33.91264412380436,223.92917653651435,2026-06-25 04:47:33.964090,0.5940000000000001,0.20600000000000002,5.969931191420718,27.266482626134724,-34.68733,17.499939666666666
486.118,5.860557582581234,34.38128483108916,33.913475622494474,223.92047887751332,2026-06-25 04:47:34.014077,0.6000000000000001,0.20600000000000002,5.969931191420718,27.26324772607364,-34.68733,17.499939666666666
485.97950000000003,5.862217815147845,34.38137984157569,33.91459094705508,223.90662082189945,2026-06-25 04:47:34.089058,0.5970000000000022,0.20600000000000002,5.969934883291291,27.26150440444539,-34.68733,17.499939666666666
485.567,5.864393365722969,34.38152267334739,33.91596596411145,223.88725585962712,2026-06-25 04:47:34.189032,0.5940000000000001,0.20600000000000002,5.969938575082473,27.256312201039947,-34.68733,17.499939666666666
485.416,5.866036808022417,34.38164166440129,33.917015856997956,223.862433459776,2026-06-25 04:47:34.264012,0.5940000000000001,0.20600000000000002,5.969953342247202,27.25441153991456,-34.68733,17.499939666666666
485.052,5.867172532550551,34.38181730417838,33.91779035495736,223.8489555789991,2026-06-25 04:47:34.313999,0.5940000000000001,0.20600000000000002,5.969957033958996,27.249829813758,-34.68733,17.499939666666666
485.121,5.8683629126997,34.38172719532397,33.91866244420448,224.15609763550268,2026-06-25 04:47:34.363986,0.5940000000000001,0.20600000000000002,5.969957033958996,27.250698327782185,-34.68733,17.499939666666666
484.643,5.869615949903123,34.381911933944025,33.91965680054178,224.1444692624383,2026-06-25 04:47:34.413973,0.5940000000000001,0.20600000000000002,5.969957033958996,27.244681665411758,-34.68733,17.499939666666666
484.384,5.870923121273388,34.38201103001722,33.9207814062471,224.13487527771034,2026-06-25 04:47:34.463960,0.5940000000000001,0.20600000000000002,5.969957033958996,27.24142159103113,-34.68733,17.499939666666666
484.1545,5.872955603156887,34.38216847778281,33.92268338773387,224.10532655863776,2026-06-25 04:47:34.538940,0.5940000000000001,0.20600000000000002,5.969973646172527,27.238532837863737,-34.68733,17.499939666666666
483.57000000000005,5.87655071277198,34.38245319068152,33.926106834478475,224.0638502542754,2026-06-25 04:47:34.663908,0.6000000000000001,0.20800000000000002,5.969990258161138,27.231175642977725,-34.68733,17.499939666666666
483.769,5.876515663807893,34.38245107453311,33.92609926490953,224.0696611275522,2026-06-25 04:47:34.663908,0.6000000000000001,0.20800000000000002,5.969986566700725,27.23368048777211,-34.68733,17.499939666666666
483.16,5.879664420174147,34.38269666580215,33.928935762980636,224.03943151289738,2026-06-25 04:47:34.763882,0.6000000000000001,0.20800000000000002,5.969993949621552,27.22601490747171,-34.68733,17.499939666666666
482.947,5.881372695401401,34.38282571633058,33.930438069851384,224.0281559756469,2026-06-25 04:47:34.813869,0.6000000000000001,0.20800000000000002,5.969993949621552,27.223333842440535,-34.68733,17.499939666666666
482.7355,5.884130574624701,34.38302752757065,33.93293679543186,223.99311945493443,2026-06-25 04:47:34.888849,0.6000000000000001,0.20800000000000002,5.9700124064473545,27.22067165814902,-34.68733,17.499939666666666
482.40049999999997,5.888178737199126,34.38331019413947,33.93685144845013,224.11179698382202,2026-06-25 04:47:34.988823,0.6000000000000001,0.20800000000000002,5.970025325824578,27.21645495962581,-34.68733,17.499939666666666
482.038,5.891552752245601,34.383532292465766,33.94029558244595,224.23378898730525,2026-06-25 04:47:35.063804,0.6000000000000001,0.20800000000000002,5.970038244924,27.211892114208908,-34.68733,17.499939666666666
481.5543333333333,5.896763954659771,34.38384443031484,33.945667399996374,224.193765456251,2026-06-25 04:47:35.163778,0.6044523809523784,0.20800000000000002,5.9700457442401085,27.20580412459978,-34.68733,17.499939666666666
481.145,5.902651284450558,34.384169827472384,33.95155016872811,224.14025428878043,2026-06-25 04:47:35.263751,0.6000000000000001,0.20800000000000002,5.970064082091072,27.200651780533615,-34.68733,17.499939666666666
480.888,5.905904979359746,34.38433913287331,33.95467760517522,224.1131068272156,2026-06-25 04:47:35.313738,0.6000000000000001,0.20800000000000002,5.970071463900716,27.197416880472527,-34.68733,17.499939666666666
480.8135,5.910980920141991,34.38460100258819,33.95948135688104,224.0690162804684,2026-06-25 04:47:35.388719,0.6000000000000001,0.20800000000000002,5.970088072502874,27.196479137069606,-34.68733,17.499939666666666
480.376,5.916049086358329,34.38487078271857,33.96428268210363,224.01407036481223,2026-06-25 04:47:35.463699,0.6000000000000001,0.20800000000000002,5.970112061962399,27.190972254669894,-34.68733,17.499939666666666
480.1665,5.9208062195562245,34.385150462410294,33.96886159334392,223.95758553015227,2026-06-25 04:47:35.538680,0.6000000000000001,0.20800000000000002,5.970141585696179,27.188335244697917,-34.68733,17.499939666666666
479.743,5.925143765889384,34.3854380811868,33.97307576858342,223.90842661659278,2026-06-25 04:47:35.613660,0.6000000000000001,0.20800000000000002,5.970163727593966,27.183004582535,-34.68733,17.499939666666666
479.47900000000004,5.928860752073402,34.385735661837785,33.9766541476038,223.87499907039583,2026-06-25 04:47:35.688641,0.6030000000000058,0.2070000000000019,5.970174798113098,27.179681572355516,-34.68733,17.499939666666666
479.301,5.932061509207218,34.38604125134899,33.9796411370982,223.8414957812617,2026-06-25 04:47:35.763621,0.6000000000000001,0.20600000000000002,5.9740874026806345,27.17744105791632,-34.68733,17.499939666666666
478.798,5.935356110679121,34.38646483797891,33.98242607838089,223.49600532339937,2026-06-25 04:47:35.863595,0.6000000000000001,0.20740540540540553,5.97020022950409,27.291048473579423,-34.68733,17.499939666666666
478.538,5.937926526695905,34.38690198251207,33.98434055971798,223.46444918643465,2026-06-25 04:47:35.963569,0.6000000000000001,0.20600000000000002,5.970215388042048,27.34977198863391,-34.68733,17.499939666666666
478.1945,5.939303998192409,34.387242158806615,33.985191935038856,223.447889469442,2026-06-25 04:47:36.038550,0.6000000000000001,0.20600000000000002,5.970220922779346,27.427354786407825,-34.68733,17.499939666666666
478.017,5.940382716825464,34.38759063123168,33.985794349523346,223.43815715224378,2026-06-25 04:47:36.113530,0.6000000000000001,0.20600000000000002,5.970222767682964,27.467444878416178,-34.68733,17.499939666666666
477.806,5.940929223602692,34.38782851975658,33.98608723610732,223.42560002379363,2026-06-25 04:47:36.163517,0.6000000000000001,0.20600000000000002,5.970230147218113,27.515101269479633,-34.68733,17.499939666666666
477.488,5.941360973683924,34.38807062175246,33.98632730929584,223.41981552852042,2026-06-25 04:47:36.213504,0.6000000000000001,0.20600000000000002,5.970230147218113,27.477216710047895,-34.68733,17.499939666666666
476.993,5.9418628920402305,34.38856972416064,33.986666081248536,223.40608437077108,2026-06-25 04:47:36.313478,0.6000000000000001,0.20700000000000002,5.972184506114903,27.41824546187585,-34.68733,17.499939666666666
477.33,5.941906837716307,34.38856757591075,33.986685366071605,223.41102915573123,2026-06-25 04:47:36.313478,0.6000000000000001,0.20600000000000002,5.970233836946025,27.458393564166716,-34.68733,17.499939666666666
476.573,5.94213078688032,34.38921350848277,33.98691244875174,223.39410836244156,2026-06-25 04:47:36.438445,0.6000000000000001,0.20700000000000035,5.970241216322528,27.368209251305622,-34.68733,17.499939666666666
476.178,5.942244882379202,34.38974945139553,33.986981389929454,223.39059002087055,2026-06-25 04:47:36.538419,0.6000000000000001,0.20600000000000002,5.970239371485012,27.32115138660268,-34.68733,17.499939666666666
475.99,5.942480821357545,34.39016244245395,33.98707571820363,223.3886818522621,2026-06-25 04:47:36.613400,0.6000000000000001,0.20600000000000002,5.970237526647496,27.29875422568077,-34.68733,17.499939666666666
475.59666666666664,5.9434317987505425,34.39073095696689,33.987619660245144,223.1605456808181,2026-06-25 04:47:36.713374,0.5940000000000001,0.20664399092970576,5.972887519990204,27.295589042489542,-34.68733,17.499939666666666
475.101,5.945255010240876,34.39131449356633,33.98885153393048,223.05219250656535,2026-06-25 04:47:36.813348,0.6000000000000001,0.20800000000000002,5.970237526647496,27.29160037519687,-34.68733,17.499939666666666
475.046,5.946717952483859,34.39161382711993,33.98996655171837,223.04719270634945,2026-06-25 04:47:36.863335,0.6000000000000001,0.20800000000000002,5.970233836946025,27.291157786021824,-34.68733,17.499939666666666
474.625,5.9485375614731835,34.39222621614075,33.99145431519573,223.3367749197058,2026-06-25 04:47:36.913322,0.6000000000000001,0.20800000000000002,5.970241216322528,27.287769967063756,-34.68733,17.499939666666666
474.78,5.950699748463631,34.39191772900787,33.99333055675193,223.3202521466394,2026-06-25 04:47:36.963308,0.6000000000000001,0.20800000000000002,5.970248595593269,27.28901726382979,-34.68733,17.499939666666666
474.279,5.953166969943709,34.39253930339273,33.9955774820473,223.2978421718093,2026-06-25 04:47:37.013295,0.6000000000000001,0.20800000000000002,5.9702522851889785,27.284985678798932,-34.68733,17.499939666666666
474.194,5.957309959817961,34.39301816502805,33.99955145253553,223.26200016698098,2026-06-25 04:47:37.088276,0.6000000000000001,0.20800000000000002,5.970265198536012,27.28430167734659,-34.68733,17.499939666666666
473.751,5.96166406723767,34.39350628073375,34.00391905490272,223.22148443673376,2026-06-25 04:47:37.163256,0.6000000000000001,0.20800000000000002,5.970278111618661,27.307594548954565,-34.68733,17.499939666666666
473.134,5.967270371841039,34.394176418707424,34.00982949997247,223.1453097864171,2026-06-25 04:47:37.263230,0.6000000000000001,0.20800000000000002,5.970318693390884,27.341712562287135,-34.68733,17.499939666666666
473.507,5.967162671575638,34.39417409972352,34.009734023404675,223.15501715047645,2026-06-25 04:47:37.263230,0.6000000000000001,0.20800000000000002,5.970313159539294,27.321086923757072,-34.68733,17.499939666666666
473.026,5.972031026678732,34.39486046753059,34.014994508352,223.10393850133204,2026-06-25 04:47:37.363204,0.6000000000000001,0.20800000000000002,5.970333449605913,27.347684597035784,-34.68733,17.499939666666666
472.8065,5.974764993421189,34.395387969343425,34.017941905675514,223.06502476075963,2026-06-25 04:47:37.438185,0.6000000000000001,0.20800000000000002,5.9703555830826005,27.359822204696236,-34.68733,17.499939666666666
472.459,5.976877552413663,34.395924692770166,34.02011168628018,223.03891554033933,2026-06-25 04:47:37.513165,0.6000000000000001,0.20800000000000002,5.970366649543409,27.379037779466202,-34.68733,17.499939666666666
472.218,5.97792590506071,34.396288630179455,34.02106774265953,222.71955289000428,2026-06-25 04:47:37.563152,0.6000000000000001,0.20800000000000002,5.97426382346641,27.39236426441458,-34.68733,17.499939666666666
471.969,5.979116646991901,34.39684365721257,34.02193683455299,222.70464716717643,2026-06-25 04:47:37.638133,0.6000000000000001,0.20800000000000002,5.972320762635395,27.36710424840176,-34.68733,17.499939666666666
471.764,5.980075029897669,34.39740774073439,34.02245163554207,222.69859537850581,2026-06-25 04:47:37.713113,0.6000000000000001,0.20800000000000002,5.970370338293196,27.346307849676347,-34.68733,17.499939666666666
471.567,5.980668793557307,34.39778978350882,34.02272540019184,222.68576355523092,2026-06-25 04:47:37.763100,0.6000000000000001,0.20800000000000002,5.970377715713478,27.326323017730463,-34.68733,17.499939666666666
471.22,5.981745531564078,34.39837172093287,34.02337202573966,222.66682967106848,2026-06-25 04:47:37.838080,0.6000000000000001,0.20600000000000002,5.97038693733686,27.291121308668423,-34.68733,17.499939666666666
470.872,5.983262698354577,34.39896242824421,34.02455076260347,222.6564132039515,2026-06-25 04:47:37.913061,0.6000000000000001,0.20600000000000002,5.9742821971422435,27.25581815375894,-34.68733,17.499939666666666
470.6,5.98474084930273,34.399362002733156,34.02587985472195,222.64543370301294,2026-06-25 04:47:37.963048,0.6000000000000001,0.20800000000000002,5.970385093028041,27.228224883254978,-34.68733,17.499939666666666
470.3665,5.987918812655378,34.39996986321937,34.02897346104221,222.62569321685427,2026-06-25 04:47:38.038028,0.6000000000000001,0.20600000000000002,5.972333645085142,27.205714959695314,-34.68733,17.499939666666666
470.013,5.993987173263488,34.4007942161664,34.035222761963965,222.89116834002107,2026-06-25 04:47:38.138002,0.6000000000000001,0.20600000000000002,5.9723428386273305,27.171636767068595,-34.68733,17.499939666666666
469.378,6.00479515885006,34.4018488097279,34.04668617032961,222.79455274934554,2026-06-25 04:47:38.262970,0.6000000000000001,0.20600000000000002,5.972375964784128,27.110421343255393,-34.68733,17.499939666666666
469.521,6.004589110614484,34.401846876851344,34.04648132660597,222.79885496103972,2026-06-25 04:47:38.262970,0.6000000000000001,0.20600000000000002,5.970425666368503,27.124206863893644,-34.68733,17.499939666666666
469.221,6.0150041633341,34.40270685870246,34.057460407271506,222.72600434693737,2026-06-25 04:47:38.362944,0.6000000000000001,0.20600000000000002,5.974337314220495,27.095286191225988,-34.68733,17.499939666666666
468.90700000000004,6.0232929163501625,34.40336204086357,34.06601292737592,222.61567784424633,2026-06-25 04:47:38.437924,0.6000000000000001,0.20600000000000002,5.974401609831137,27.06501588716718,-34.68733,17.499939666666666
468.855,6.031612305499444,34.40402435459723,34.074396498340235,222.5330969505381,2026-06-25 04:47:38.512905,0.6000000000000001,0.20600000000000002,5.974440183586312,27.064320227665224,-34.68733,17.499939666666666
468.426,6.0371094625939845,34.40447049348468,34.07980952496368,222.48521522848466,2026-06-25 04:47:38.562892,0.6000000000000001,0.20600000000000002,5.974454877525561,27.061549151026085,-34.68733,17.499939666666666
468.095,6.042598700712612,34.40491995546808,34.08516041204427,222.41672595773522,2026-06-25 04:47:38.612879,0.6000000000000001,0.20600000000000002,5.974491610531606,27.059411094225258,-34.68733,17.499939666666666
468.00350000000003,6.051060101124998,34.4056005332381,34.093427481159566,222.34929996118234,2026-06-25 04:47:38.687859,0.6000000000000001,0.20600000000000002,5.970617424321411,27.05882006039663,-34.68733,17.499939666666666
467.519,6.060076050752426,34.406287223599435,34.10238336016982,222.28232402069116,2026-06-25 04:47:38.762839,0.6000000000000001,0.20600000000000002,5.970632171988807,27.05569048782865,-34.68733,17.499939666666666
467.3995,6.070249760465774,34.406981128120094,34.112766827187485,222.20758680265268,2026-06-25 04:47:38.837820,0.5970000000000015,0.20600000000000002,5.974548541461348,27.052444693409633,-34.68733,17.499939666666666
467.15,6.081577782219147,34.40768044863531,34.12452792663626,222.1220119922173,2026-06-25 04:47:38.912800,0.5940000000000001,0.20600000000000002,5.97457241388308,27.040282008269184,-34.68733,17.499939666666666
466.265,6.098732220303651,34.408623216551575,34.14252592844784,221.96191330265668,2026-06-25 04:47:39.012774,0.5940000000000001,0.20600000000000002,5.9746348441155925,26.997139818492446,-34.68733,17.499939666666666
466.7165,6.09891089018895,34.408622083582394,34.1426848767893,221.97625771770802,2026-06-25 04:47:39.012774,0.5940000000000001,0.20600000000000002,5.974623826726427,27.019149647514137,-34.68733,17.499939666666666
466.1815,6.1218550067591835,34.40981198547,34.16646035866596,221.7805019073428,2026-06-25 04:47:39.137742,0.5940000000000001,0.20600000000000002,5.972747632202107,26.993069340699954,-34.68733,17.499939666666666
465.76750000000004,6.139512351246559,34.4107724578495,34.1842367596298,221.4073049150349,2026-06-25 04:47:39.237716,0.5940000000000001,0.20600000000000002,5.972872755007333,26.972887570567107,-34.68733,17.499939666666666
465.299,6.154854014551824,34.411739518006456,34.19900033434891,221.26483717680242,2026-06-25 04:47:39.337690,0.5940000000000001,0.20600000000000002,5.97098414652811,26.950049021515802,-34.68733,17.499939666666666
465.176,6.16455729327151,34.41246829861457,34.20785514921185,221.00635773468358,2026-06-25 04:47:39.412670,0.5940000000000001,0.20600000000000002,5.9749322014425195,26.955455610165053,-34.68733,17.499939666666666
465.036,6.17008391532144,34.412955716044756,34.21265028801642,220.96152412550492,2026-06-25 04:47:39.462657,0.5940000000000001,0.20600000000000002,5.974946881286258,26.965982672769734,-34.68733,17.499939666666666
464.695,6.174993675974381,34.41344411859485,34.21675183098183,220.9107342109207,2026-06-25 04:47:39.512644,0.5940000000000001,0.20600000000000002,5.971074405203739,26.991623589542563,-34.68733,17.499939666666666
464.502,6.179384505421798,34.41393335422783,34.220303353077966,220.87481471786003,2026-06-25 04:47:39.562631,0.5940000000000001,0.20600000000000002,5.97497990939743,27.00613589727616,-34.68733,17.499939666666666
464.442,6.183357004991843,34.41442326947428,34.223449918450875,220.5381050495128,2026-06-25 04:47:39.612618,0.5940000000000001,0.20600000000000002,5.974987248688651,27.01064749553531,-34.68733,17.499939666666666
464.097,6.187006245192439,34.41491370957591,34.2263211308648,220.4974148756084,2026-06-25 04:47:39.662605,0.5940000000000001,0.20600000000000002,5.971111240820335,27.03658918552542,-34.68733,17.499939666666666
463.967,6.190414655116961,34.41540451863012,34.22902210025221,220.4636544800461,2026-06-25 04:47:39.712592,0.5940000000000001,0.20600000000000002,5.9750202741985685,27.046364315086908,-34.68733,17.499939666666666
463.832,6.1936419429342395,34.4158955397354,34.23162981204342,220.4414887336035,2026-06-25 04:47:39.762579,0.5940000000000001,0.20600000000000002,5.975023943568305,27.056515411169993,-34.68733,17.499939666666666
463.256,6.196719435189282,34.416877586378135,34.2341913487301,220.4078982858361,2026-06-25 04:47:39.812566,0.5940000000000001,0.20600000000000002,5.97503495151988,26.974408375136175,-34.68733,17.499939666666666
463.399,6.199652660097356,34.416386615137796,34.236723827023376,220.07357483011597,2026-06-25 04:47:39.862553,0.5940000000000001,0.20600000000000002,5.971155440078983,26.994792587207076,-34.68733,17.499939666666666
463.00350000000003,6.203724718950431,34.417613437169976,34.24042606373326,220.02746291313787,2026-06-25 04:47:39.937533,0.5970000000000053,0.20600000000000002,5.975069808443827,26.93841527340261,-34.68733,17.499939666666666
462.818,6.207406042705319,34.41834828307438,34.24392536582927,219.98257994492923,2026-06-25 04:47:40.012514,0.5940000000000001,0.20600000000000002,5.97119963554035,26.911972816485463,-34.68733,17.499939666666666
462.572,6.2095621533049465,34.418837244174235,34.24602935617581,219.96129879100806,2026-06-25 04:47:40.062501,0.5940000000000001,0.20600000000000002,5.975100994264318,26.876906269846025,-34.68733,17.499939666666666
462.2045,6.212342791194164,34.419568802408264,34.248721630089406,219.76781748237906,2026-06-25 04:47:40.137481,0.5940000000000001,0.20600000000000002,5.975123006568684,26.8245202702932,-34.68733,17.499939666666666
461.734,6.216187514697386,34.420781964340335,34.252157124082125,219.57204316206713,2026-06-25 04:47:40.262449,0.5940000000000001,0.20600000000000002,5.975140069805623,26.757451936171826,-34.68733,17.499939666666666
461.437,6.219136479891169,34.421746503777534,34.25454616792308,219.54432517135115,2026-06-25 04:47:40.362422,0.6000000000000001,0.20600000000000002,5.975148686509224,26.78625792942067,-34.68733,17.499939666666666
461.161,6.220866269552434,34.42222581922075,34.25596190656018,219.52143165752526,2026-06-25 04:47:40.412409,0.5940000000000001,0.20600000000000002,5.975159691781569,26.828389297070416,-34.68733,17.499939666666666
460.76800000000003,6.224278299757243,34.42294070360349,34.258981428173534,219.4955744367309,2026-06-25 04:47:40.487390,0.5969999999999985,0.20600000000000002,5.97516336015316,26.888380701006458,-34.68733,17.499939666666666
460.636,6.2289095442791345,34.423651115998936,34.263392509450775,219.4696185008062,2026-06-25 04:47:40.562370,0.5940000000000001,0.20600000000000002,5.97516336015316,26.908530485534598,-34.68733,17.499939666666666
460.161,6.235588583684382,34.424355371682346,34.270178612131,219.41921571808015,2026-06-25 04:47:40.637351,0.5970000000000001,0.20600000000000002,5.975174365097237,26.98103917985934,-34.68733,17.499939666666666
459.978,6.2441565307278495,34.425054255947735,34.279152219374964,219.36916993718816,2026-06-25 04:47:40.712331,0.5940000000000001,0.20600000000000002,5.975178033376914,26.98846829316921,-34.68733,17.499939666666666
459.786,6.2511113188429235,34.4255163545965,34.2865677031976,219.32051830657113,2026-06-25 04:47:40.762318,0.5940000000000001,0.20600000000000002,5.9751890380189945,26.99253914421483,-34.68733,17.499939666666666
459.409,6.258876458283513,34.425975405896835,34.2949028940419,219.251750379065,2026-06-25 04:47:40.812305,0.5940000000000001,0.20600000000000002,5.975214714598114,27.000532429861707,-34.68733,17.499939666666666
459.1773333333333,6.276215354049654,34.42688265292278,34.31345722668167,219.11045934054852,2026-06-25 04:47:40.912279,0.6000000000000001,0.20600000000000002,5.975265818808199,27.005444307425435,-34.68733,17.499939666666666
458.9,6.294278067942156,34.427778364860316,34.33257010756827,218.92926994572258,2026-06-25 04:47:41.012253,0.6000000000000001,0.20600000000000002,5.975354079294222,27.011324425602446,-34.68733,17.499939666666666
458.591,6.303117591421897,34.428220123317445,34.34177995586542,218.82756054873502,2026-06-25 04:47:41.062240,0.6000000000000001,0.20600000000000002,5.9754090812403025,27.017875951503992,-34.68733,17.499939666666666
458.3665,6.315510104987649,34.42887499887041,34.35443580205506,218.713700987844,2026-06-25 04:47:41.137221,0.6000000000000001,0.20600000000000002,5.975458577677664,27.022635878898484,-34.68733,17.499939666666666
457.767,6.333359761940562,34.42994743794692,34.37195183103353,218.52907922355655,2026-06-25 04:47:41.262188,0.6000000000000001,0.20600000000000002,5.975548393079604,26.947770265810686,-34.68733,17.499939666666666
457.9425,6.333040105180417,34.42994527633494,34.37156584487974,218.24032858341252,2026-06-25 04:47:41.262188,0.6000000000000001,0.20600000000000002,5.975535562362308,26.97389325733476,-34.68733,17.499939666666666
457.417,6.344745473593909,34.43078562050385,34.382454637291275,218.12356492651313,2026-06-25 04:47:41.362162,0.6000000000000001,0.20600000000000002,5.975588713120809,26.895673131717086,-34.68733,17.499939666666666
457.041,6.349682860982741,34.43160565481804,34.386855286660975,218.07962876142616,2026-06-25 04:47:41.412149,0.6000000000000001,0.20600000000000002,5.9756033741670915,26.839705924805116,-34.68733,17.499939666666666
457.174,6.354288921069361,34.43119795748068,34.3909121953387,217.72629914419792,2026-06-25 04:47:41.462136,0.6000000000000001,0.20600000000000002,5.975632695000747,26.85950283576068,-34.68733,17.499939666666666
456.7795,6.36092383576171,34.43220767957389,34.39677951133778,217.6787093538131,2026-06-25 04:47:41.537116,0.6000000000000001,0.20600000000000002,5.975641857387546,26.800781923189472,-34.68733,17.499939666666666
456.386,6.367658123237272,34.432799953447784,34.40289133449381,217.6242035163505,2026-06-25 04:47:41.612097,0.6000000000000001,0.20600000000000002,5.975658349353357,26.809287534893347,-34.68733,17.499939666666666
456.153,6.372419364368779,34.433188157431076,34.40738393038895,217.58328092140542,2026-06-25 04:47:41.662084,0.6000000000000001,0.20600000000000002,5.975673008406498,26.821966632572416,-34.68733,17.499939666666666
456.0315,6.380158547992709,34.4337602531366,34.41497968469321,217.5316891068355,2026-06-25 04:47:41.737064,0.6000000000000001,0.20600000000000002,5.975684002407909,26.828578265053135,-34.68733,17.499939666666666
455.559,6.3884679938848095,34.434321951919635,34.42340034741641,217.45977757915455,2026-06-25 04:47:41.812045,0.6000000000000001,0.20600000000000002,5.97570965420383,26.854290169144807,-34.68733,17.499939666666666
455.3565,6.3972727882281735,34.43487039794299,34.43252179341931,217.36343150236033,2026-06-25 04:47:41.887025,0.6000000000000001,0.20600000000000002,5.975760953862852,26.865309556612672,-34.68733,17.499939666666666
455.023,6.409158999058097,34.43558363187111,34.44485003122284,217.26593252826248,2026-06-25 04:47:41.986999,0.6000000000000001,0.20600000000000002,5.975795761425497,26.88345753547949,-34.68733,17.499939666666666
454.5575,6.42051332522567,34.436274861698635,34.456421672198886,217.14006949776075,2026-06-25 04:47:42.086973,0.5940000000000001,0.20700000000000002,5.975861706086591,26.908788522473515,-34.68733,17.499939666666666
454.29200000000003,6.430756811429215,34.436943729053,34.46639764435429,217.05168036069955,2026-06-25 04:47:42.186947,0.5940000000000001,0.20800000000000002,5.97589650693938,26.872194287840653,-34.68733,17.499939666666666
453.848,6.437575738083458,34.43774865422438,34.47271831926892,216.98388075902338,2026-06-25 04:47:42.261927,0.5940000000000001,0.20800000000000002,5.9759258110476745,26.794271563218366,-34.68733,17.499939666666666
454.074,6.441614828948587,34.437431243014785,34.47631782170451,216.95571029657415,2026-06-25 04:47:42.311914,0.5940000000000001,0.20600000000000002,5.975936799636274,26.833934932057637,-34.68733,17.499939666666666
453.461,6.4452508007703315,34.438060338118525,34.47945530372462,216.91306891424702,2026-06-25 04:47:42.361901,0.5940000000000001,0.20800000000000002,5.975955113426573,26.726352431621912,-34.68733,17.499939666666666
453.0175,6.451057454253139,34.438666457781586,34.484053405730634,216.7014385254298,2026-06-25 04:47:42.461875,0.5940000000000001,0.20800000000000002,5.975982582618616,26.6759978467587,-34.68733,17.499939666666666
453.303,6.4512663585499554,34.43866357423313,34.48429435135632,216.8489097910781,2026-06-25 04:47:42.461875,0.5940000000000001,0.20800000000000002,5.975988076598492,26.698623173760826,-34.68733,17.499939666666666
452.7175,6.456412158477546,34.43939094826913,34.48765888572055,216.64613318634557,2026-06-25 04:47:42.586843,0.5940000000000001,0.20699999999999805,5.976008219684976,26.652223422588346,-34.68733,17.499939666666666
452.479,6.458456379569217,34.43980948472184,34.48861834300446,216.45927238041375,2026-06-25 04:47:42.661823,0.5940000000000001,0.20600000000000002,5.976032024193458,26.633322755372912,-34.68733,17.499939666666666
452.02049999999997,6.459815069201641,34.440213621971616,34.48897405555218,216.44570517690383,2026-06-25 04:47:42.736804,0.5940000000000001,0.20800000000000002,5.976033855258112,26.596987510432548,-34.68733,17.499939666666666
451.755,6.460827940863831,34.44060627764639,34.48906102666734,216.44275119112518,2026-06-25 04:47:42.811784,0.5940000000000001,0.20800000000000002,5.9760283620379555,26.575947145041788,-34.68733,17.499939666666666
451.567,6.461608973594064,34.440984651712625,34.489036957848285,216.43298061408913,2026-06-25 04:47:42.886764,0.5940000000000001,0.20800000000000002,5.976032024193458,26.56104850589503,-34.68733,17.499939666666666
451.237,6.462311451463177,34.44135167237254,34.48907776822207,216.42224786179162,2026-06-25 04:47:42.961745,0.5940000000000001,0.20600000000000002,5.976035686322766,26.56379579930564,-34.68733,17.499939666666666
450.74333333333334,6.463530729539149,34.44189203113117,34.48976148510287,216.40102145600514,2026-06-25 04:47:43.078381,0.5984203821656047,0.2065265392781318,5.976045708446752,26.56790563924616,-34.68733,17.499939666666666
450.645,6.463849477691258,34.44204639149155,34.489934782512336,216.39733272986933,2026-06-25 04:47:43.111706,0.6000000000000001,0.20600000000000002,5.976046672553525,26.568724277181644,-34.68733,17.499939666666666
450.166,6.465403095337848,34.44248186689953,34.491426683967745,216.3773037589973,2026-06-25 04:47:43.211680,0.6000000000000001,0.20800000000000002,5.976053996576395,26.572712015192803,-34.68733,17.499939666666666
449.925,6.467799139084346,34.44289383991438,34.493992640833255,216.36688476448285,2026-06-25 04:47:43.311654,0.6000000000000001,0.20600000000000002,5.976049288285333,26.574718371895703,-34.68733,17.499939666666666
449.526,6.471727864672625,34.443382224187616,34.49836904416123,216.33117008227708,2026-06-25 04:47:43.436621,0.6000000000000001,0.20600000000000002,5.976061320376627,26.627668493726492,-34.68733,17.499939666666666
449.252,6.474465419470301,34.44365959976188,34.50144629108435,216.29693909739487,2026-06-25 04:47:43.511602,0.6000000000000001,0.20600000000000002,5.976079629831375,26.669024809799463,-34.68733,17.499939666666666
448.70349999999996,6.4773412400364,34.44392423139165,34.50459058879551,216.27162614223496,2026-06-25 04:47:43.586582,0.6000000000000001,0.20600000000000002,5.9760851224752916,26.751812909675472,-34.68733,17.499939666666666
448.608,6.480247693807178,34.444178861003564,34.50765442279047,216.24006600814886,2026-06-25 04:47:43.661563,0.6000000000000001,0.20600000000000002,5.97610160017133,26.766227246116955,-34.68733,17.499939666666666
447.9413333333334,6.484056309324533,34.44449883903947,34.51143464108255,216.21062267598646,2026-06-25 04:47:43.761536,0.6000000000000001,0.20600000000000002,5.976105261802991,26.86685088619717,-34.68733,17.499939666666666
447.71299999999997,6.488567458864059,34.44487511390616,34.51579253785979,216.16085731874674,2026-06-25 04:47:43.886504,0.6000000000000001,0.20600000000000002,5.976130892478248,26.88819982889797,-34.68733,17.499939666666666
447.548,6.49109445101914,34.44508704972603,34.51824877226041,216.13584503142138,2026-06-25 04:47:43.961484,0.6000000000000001,0.20600000000000002,5.97614187667925,26.840973582671133,-34.68733,17.499939666666666
447.1935,6.493538745983093,34.44528784531786,34.5206086537616,216.11118322270767,2026-06-25 04:47:44.036465,0.6000000000000001,0.20600000000000002,5.97615102998587,26.739508708201928,-34.68733,17.499939666666666
446.69100000000003,6.496791660058002,34.44554118202146,34.523575701602205,216.08971188992652,2026-06-25 04:47:44.136439,0.6000000000000001,0.20600000000000002,5.97615102998587,26.595683321965637,-34.68733,17.499939666666666
446.372,6.499232525024955,34.44572069567235,34.525612283584834,216.06195444737463,2026-06-25 04:47:44.211419,0.5940000000000001,0.20600000000000002,5.976163844348044,26.504379245927062,-34.68733,17.499939666666666
446.108,6.5024543304313305,34.44594392749505,34.528019376915786,216.02832370855606,2026-06-25 04:47:44.311393,0.5951999999999987,0.20600000000000002,5.976179221153227,26.4288172519641,-34.68733,17.499939666666666
445.353,6.507170232165956,34.446253105346116,34.53136219469594,215.98028291011204,2026-06-25 04:47:44.461354,0.5940000000000001,0.20600000000000002,5.976196794031427,26.40552043681994,-34.68733,17.499939666666666
445.467,6.507185635648259,34.44625129268525,34.53135984113892,215.9813081954198,2026-06-25 04:47:44.461354,0.5940000000000001,0.20600000000000002,5.976196794083792,26.408647344870893,-34.68733,17.499939666666666
445.181,6.510198121251579,34.446440091403936,34.53357657079065,216.2539186318662,2026-06-25 04:47:44.561328,0.5940000000000001,0.20600000000000002,5.976207776857754,26.400802645725523,-34.68733,17.499939666666666
444.57033333333334,6.513652898972349,34.4466383279263,34.53650768545932,216.21335926552655,2026-06-25 04:47:44.677964,0.5940000000000001,0.20600000000000002,5.976225692692786,26.384052658739147,-34.68733,17.499939666666666
444.46,6.514622265618769,34.44669490419775,34.53732663496742,216.2035017131358,2026-06-25 04:47:44.711289,0.5940000000000001,0.20600000000000002,5.97622974169879,26.38102632375416,-34.68733,17.499939666666666
443.8,6.517762180821971,34.44692102273239,34.54042092669577,216.48262528968394,2026-06-25 04:47:44.811263,0.5940000000000001,0.20600000000000002,5.97622974169879,26.362923171880237,-34.68733,17.499939666666666
444.1,6.519420877561422,34.446848691413464,34.54216448732621,216.47382922962305,2026-06-25 04:47:44.861250,0.5940000000000001,0.20600000000000002,5.976233402414,26.371151877277477,-34.68733,17.499939666666666
443.525,6.52113830201797,34.44699043011048,34.54401435294657,216.44197879746454,2026-06-25 04:47:44.911237,0.5940000000000001,0.20600000000000002,5.976251705597362,26.355380191932767,-34.68733,17.499939666666666
443.4203333333333,6.5247679583694,34.447119939343104,34.54796068061906,216.41257122803825,2026-06-25 04:47:45.011211,0.5943809523809567,0.20600000000000002,5.97626222236545,26.35250928804973,-34.68733,17.499939666666666
442.81600000000003,6.529690497394306,34.44726863829773,34.55324082700386,216.35522103992724,2026-06-25 04:47:45.136178,0.5940000000000001,0.20600000000000002,5.976290140148969,26.335933018177293,-34.68733,17.499939666666666
442.53,6.533098925838391,34.44735040650639,34.55674239563916,216.3335476636725,2026-06-25 04:47:45.211159,0.5940000000000001,0.20600000000000002,5.976291970297156,26.328088319031924,-34.68733,17.499939666666666
442.225,6.535734826227414,34.44740181143312,34.559343638651164,216.3103554339497,2026-06-25 04:47:45.261146,0.6000000000000001,0.20600000000000002,5.976299290811381,26.319722468544732,-34.68733,17.499939666666666
442.014,6.540402096075587,34.447474519619774,34.56382550445542,216.58833176466413,2026-06-25 04:47:45.336126,0.6000000000000001,0.20600000000000002,5.978242187834947,26.313934945748674,-34.68733,17.499939666666666
441.667,6.54580286012661,34.447543045672205,34.568979434628844,216.5490965724558,2026-06-25 04:47:45.411106,0.6000000000000001,0.20600000000000002,5.97630661122091,26.304417076505867,-34.68733,17.499939666666666
441.56,6.551934333232635,34.447606668044266,34.5749227407633,216.49629735658783,2026-06-25 04:47:45.486087,0.6000000000000001,0.20600000000000002,5.97632857170356,26.301482171580854,-34.68733,17.499939666666666
440.964,6.558374373716978,34.44766662523349,34.58124242949299,216.4302527202578,2026-06-25 04:47:45.561067,0.5940000000000001,0.20600000000000002,5.976357851156278,26.28513447685834,-34.68733,17.499939666666666
440.58899999999994,6.56876417047782,34.44775685724726,34.59128946821297,216.63171438784693,2026-06-25 04:47:45.686035,0.6000000000000001,0.20600000000000002,5.980293622162343,26.27484859511179,-34.68733,17.499939666666666
439.796,6.579586303224795,34.44785482743375,34.60127164220832,216.37263843984022,2026-06-25 04:47:45.835996,0.6000000000000001,0.20600000000000002,5.980341853808285,26.25309738384509,-34.68733,17.499939666666666
439.541,6.583903786458884,34.44789924194971,34.6049950305873,216.17676880221387,2026-06-25 04:47:45.910976,0.6000000000000001,0.20600000000000002,5.980363724728537,26.246102984257437,-34.68733,17.499939666666666
439.371,6.587409937783223,34.447940854885985,34.60785413358745,216.44513262181252,2026-06-25 04:47:45.985957,0.6000000000000001,0.20600000000000002,5.978433953063331,26.241440051199003,-34.68733,17.499939666666666
438.9575,6.5912014814358475,34.44799307640022,34.61078154296273,216.4011299947682,2026-06-25 04:47:46.085931,0.6000000000000001,0.20600000000000002,5.980400174142664,26.230098152259806,-34.68733,17.499939666666666
438.57349999999997,6.594382785650798,34.44804194287981,34.61314564712879,216.37620928096715,2026-06-25 04:47:46.185905,0.6000000000000001,0.20600000000000002,5.97651702822711,26.219565409351343,-34.68733,17.499939666666666
438.422,6.596712359019298,34.448076841094576,34.61490475867523,216.35781390406518,2026-06-25 04:47:46.260885,0.6000000000000001,0.20600000000000002,5.9804111084756855,26.21540991312574,-34.68733,17.499939666666666
438.158,6.5992907582037645,34.448110327303205,34.61695927509985,216.48451700104795,2026-06-25 04:47:46.335865,0.5940000000000001,0.20700000000000002,5.980420220226608,26.208168652376166,-34.68733,17.499939666666666
437.784,6.602233307036892,34.44814291313785,34.619413128951756,216.6118088124947,2026-06-25 04:47:46.410846,0.5940000000000001,0.20800000000000002,5.980425687204201,26.19791019964761,-34.68733,17.499939666666666
437.655,6.604482749946559,34.44816416223609,34.621360960606246,216.59928284936726,2026-06-25 04:47:46.460833,0.5940000000000001,0.20800000000000002,5.980425687204201,26.194371856326796,-34.68733,17.499939666666666
437.3585,6.608254549260291,34.448195545903594,34.62471264137218,216.5652639719593,2026-06-25 04:47:46.535813,0.5940000000000001,0.20700000000000002,5.980438443220347,26.186239152492526,-34.68733,17.499939666666666
436.849,6.61371054267611,34.448236937201806,34.6296362494846,216.81414853271818,2026-06-25 04:47:46.635787,0.5970000000000001,0.20800000000000002,5.980460309984268,26.172264067826216,-34.68733,17.499939666666666
436.579,6.619271696280828,34.448278281551424,34.634671803909825,216.7521258038128,2026-06-25 04:47:46.735761,0.5940000000000001,0.20700000000000002,5.980493108371527,26.1648582329687,-34.68733,17.499939666666666
436.154,6.6232931700771855,34.44830956412276,34.63831008924806,216.71909741925657,2026-06-25 04:47:46.810742,0.5940000000000001,0.20800000000000002,5.980502218689463,26.153200900322613,-34.68733,17.499939666666666
436.054,6.625816569381556,34.44833070080784,34.640604913706305,217.00091411881914,2026-06-25 04:47:46.860729,0.5940000000000001,0.20800000000000002,5.980509506803138,26.15045799852353,-34.68733,17.499939666666666
435.75500000000005,6.630348501207686,34.448374060868154,34.644745634511,216.9520231255066,2026-06-25 04:47:46.960703,0.5940000000000001,0.20734831460674294,5.980533663217244,26.142256722144285,-34.68733,17.499939666666666
435.233,6.634373131775921,34.44844206525487,34.64835148906047,216.91490753562218,2026-06-25 04:47:47.060676,0.5940000000000001,0.20800000000000002,5.980545945808542,26.12793877475309,-34.68733,17.499939666666666
435.294,6.636165311695771,34.448418825779896,34.649860224215516,217.19529466261665,2026-06-25 04:47:47.110663,0.5940000000000001,0.20800000000000002,5.980560520681361,26.129611944850527,-34.68733,17.499939666666666
434.994,6.637849490624676,34.44846590889325,34.65119215563223,217.183877461307,2026-06-25 04:47:47.160650,0.5940000000000001,0.20800000000000002,5.980560520681361,26.12138323945329,-34.68733,17.499939666666666
434.59366666666665,6.640889977722395,34.44851589727509,34.653381865398245,217.15492405821863,2026-06-25 04:47:47.260624,0.5940000000000001,0.20800000000000002,5.980570660234625,26.073188556392502,-34.68733,17.499939666666666
434.125,6.643642027961997,34.44856846372298,34.655261115234424,217.4178074555982,2026-06-25 04:47:47.360598,0.6000000000000001,0.20600000000000002,5.980593312621523,26.016767470311354,-34.68733,17.499939666666666
433.764,6.646778961674922,34.44864011272092,34.65734281277584,217.3948050213745,2026-06-25 04:47:47.485566,0.6000000000000001,0.20800000000000002,5.980597110973465,25.973307985086684,-34.68733,17.499939666666666
433.304,6.64999517309386,34.44871676997928,34.659433005937025,217.66720841077165,2026-06-25 04:47:47.610533,0.6000000000000001,0.20800000000000002,5.9806078861400005,25.99903581180146,-34.68733,17.499939666666666
433.017,6.652223240255544,34.44876658821863,34.66093998520769,217.64788522626176,2026-06-25 04:47:47.685514,0.6000000000000001,0.20700000000000002,5.980613351072705,26.02356435287858,-34.68733,17.499939666666666
432.68,6.654765043319693,34.44881876084419,34.66281916718866,217.61595029018744,2026-06-25 04:47:47.760494,0.6000000000000001,0.20600000000000002,5.980629745636444,26.052366158951717,-34.68733,17.499939666666666
432.3315,6.657876227929412,34.4488740218291,34.66540107930363,217.59159556327555,2026-06-25 04:47:47.835475,0.6000000000000001,0.20600000000000002,5.980635210360816,26.082150815973936,-34.68733,17.499939666666666
431.8915,6.66301741281678,34.44895203006145,34.67003067164207,217.85818623843045,2026-06-25 04:47:47.935448,0.6000000000000001,0.20600000000000002,5.980642496495058,26.119755547938865,-34.68733,17.499939666666666
431.553,6.669398195924995,34.44903545816543,34.67606650416496,218.11813611715428,2026-06-25 04:47:48.035422,0.6000000000000001,0.20600000000000002,5.980651604195411,26.13876319506458,-34.68733,17.499939666666666
431.446,6.674743334401623,34.449101545767896,34.681217764558646,218.08307313358404,2026-06-25 04:47:48.110403,0.6000000000000001,0.20600000000000002,5.984546537426759,26.122629596727233,-34.68733,17.499939666666666
431.201,6.678390030199257,34.449147532630576,34.68474791579712,218.33513570925103,2026-06-25 04:47:48.160390,0.6000000000000001,0.20800000000000002,5.984579197998424,26.08568817997348,-34.68733,17.499939666666666
430.754,6.681944341744726,34.44919499564202,34.68816280126754,218.29518032712002,2026-06-25 04:47:48.210377,0.6000000000000001,0.20800000000000002,5.984597341852654,26.018288942059492,-34.68733,17.499939666666666
430.648,6.68529575909071,34.449243956377366,34.69132706800099,218.25957830011492,2026-06-25 04:47:48.260364,0.6000000000000001,0.20800000000000002,5.984615485058496,26.002306125015014,-34.68733,17.499939666666666
430.3375,6.689715301970199,34.449320441225,34.69535116467037,218.51614498759417,2026-06-25 04:47:48.335344,0.6000000000000001,0.20800000000000002,5.984639070175769,25.95548853357811,-34.68733,17.499939666666666
429.9655,6.694409035293383,34.4494275774732,34.6993675396626,218.77103206041957,2026-06-25 04:47:48.435318,0.5940000000000001,0.20600000000000002,5.984662654346511,25.899397892629562,-34.68733,17.499939666666666
429.636,6.697025640687469,34.44957014568881,34.701425327802916,218.7508789419281,2026-06-25 04:47:48.510299,0.5940000000000001,0.20600000000000002,5.984666282585723,25.863378581719193,-34.68733,17.499939666666666
429.757,6.6983281657394675,34.449511849986514,34.70236300191196,218.7349761542133,2026-06-25 04:47:48.560286,0.5940000000000001,0.20600000000000002,5.984677167108881,25.87467673943397,-34.68733,17.499939666666666
429.409,6.699335246426937,34.44963003829342,34.703026811024024,219.03199604020327,2026-06-25 04:47:48.610273,0.5940000000000001,0.20600000000000002,5.984677167108881,25.842182864353443,-34.68733,17.499939666666666
429.158,6.700075120891118,34.44969153482614,34.70345699687043,219.02217657666378,2026-06-25 04:47:48.660260,0.5940000000000001,0.20600000000000002,5.984680795231407,25.818746190085598,-34.68733,17.499939666666666
428.93,6.700574000795167,34.44975464062336,34.703692821331614,219.01379656922953,2026-06-25 04:47:48.710247,0.5940000000000001,0.20600000000000002,5.984684423328005,25.797457099515597,-34.68733,17.499939666666666
428.788,6.70085855382657,34.44981935937466,34.70377055831534,219.00733786907338,2026-06-25 04:47:48.760233,0.5940000000000001,0.20600000000000002,5.984688051398674,25.78419810451148,-34.68733,17.499939666666666
428.524,6.700959549631984,34.44988569316965,34.7037234539452,219.30670770352697,2026-06-25 04:47:48.810220,0.5940000000000001,0.20600000000000002,5.984691679443414,25.75954757858832,-34.68733,17.499939666666666
428.281,6.700913242291389,34.44995364254922,34.70358391882689,219.30091747500856,2026-06-25 04:47:48.860207,0.5940000000000001,0.20600000000000002,5.984695307462226,25.736857889954507,-34.68733,17.499939666666666
428.081,6.700759545042039,34.45002320656125,34.70338383857807,219.30317728714272,2026-06-25 04:47:48.910194,0.5940000000000001,0.20600000000000002,5.984691679443414,25.71818324910363,-34.68733,17.499939666666666
427.91,6.700539782644512,34.450094382820694,34.703152675341045,219.30250869338016,2026-06-25 04:47:48.960181,0.5940000000000001,0.20600000000000002,5.984691679443414,25.782321430511086,-34.68733,17.499939666666666
427.665,6.700294259677827,34.450167167574186,34.70291618994042,219.3012426440745,2026-06-25 04:47:49.010168,0.5940000000000001,0.20600000000000002,5.984691679443414,25.874215316153347,-34.68733,17.499939666666666
427.55,6.700058613563048,34.45024155576905,34.70269549501789,219.30474267993904,2026-06-25 04:47:49.060155,0.5940000000000001,0.20600000000000002,5.984688051398674,25.917349180842574,-34.68733,17.499939666666666
427.3135,6.699791009431271,34.45035632867412,34.70243050543946,219.45866794349578,2026-06-25 04:47:49.135136,0.5940000000000001,0.20600000000000002,5.98468623736334,26.00605491126869,-34.68733,17.499939666666666
426.78566666666666,6.699671935419848,34.45055552114925,34.7022215226279,219.60864348671709,2026-06-25 04:47:49.260103,0.5940000000000001,0.20600000000000002,5.984684647922856,26.20403309890749,-34.68733,17.499939666666666
426.329,6.699890773593846,34.45072113001271,34.702302161600244,219.59593502134638,2026-06-25 04:47:49.360077,0.5940000000000001,0.20600000000000002,5.984691679443414,26.20592001432092,-34.68733,17.499939666666666
426.038,6.700176792938403,34.4508934124744,34.70249147743025,219.59138182137278,2026-06-25 04:47:49.410064,0.5940000000000001,0.20600000000000002,5.984691679443414,26.188993529365167,-34.68733,17.499939666666666
426.064,6.700607562243959,34.45080650824385,34.7028081802496,219.59313245224905,2026-06-25 04:47:49.460051,0.5940000000000001,0.20600000000000002,5.984688051398674,26.190505861354342,-34.68733,17.499939666666666
425.7595,6.701604484855786,34.451026788362185,34.70361095646982,219.73828637995123,2026-06-25 04:47:49.535032,0.5970000000000001,0.20800000000000002,5.984688051398674,26.172794127096516,-34.68733,17.499939666666666
425.444,6.702992697140677,34.45116315034625,34.70480349852668,219.881460196673,2026-06-25 04:47:49.610012,0.6000000000000001,0.20800000000000002,5.984688051398674,26.154442560074042,-34.68733,17.499939666666666
425.1945,6.704897048281666,34.45130319387691,34.706540993350515,219.70678607945797,2026-06-25 04:47:49.684992,0.6000000000000001,0.20800000000000002,5.98469712143274,26.13992998963947,-34.68733,17.499939666666666
424.85,6.7072109598043586,34.45144614174774,34.708725080856894,219.8431831506696,2026-06-25 04:47:49.759973,0.5940000000000001,0.20800000000000002,5.98469893545511,26.119891590782917,-34.68733,17.499939666666666
424.405,6.708993153884691,34.45164198582007,34.71046180003109,219.82949984136786,2026-06-25 04:47:49.809960,0.6000000000000001,0.20800000000000002,5.98469893545511,26.094007447122053,-34.68733,17.499939666666666
424.575,6.71090050668189,34.451543354208034,34.71237692876548,219.8145483631641,2026-06-25 04:47:49.859947,0.6000000000000001,0.20800000000000002,5.984706191363094,26.10389577166665,-34.68733,17.499939666666666
424.136,6.712874165824918,34.451742024167885,34.71442264631873,219.79284792549961,2026-06-25 04:47:49.909934,0.6000000000000001,0.20800000000000002,5.984713447167371,25.985283344518773,-34.68733,17.499939666666666
424.057,6.714855945648944,34.45184345748849,34.71653035673837,219.76413079202155,2026-06-25 04:47:49.959921,0.5940000000000001,0.20800000000000002,5.984731586224349,25.95335321773193,-34.68733,17.499939666666666
423.6345,6.718568774421077,34.45205114861702,34.72053981761645,220.03749230979452,2026-06-25 04:47:50.059895,0.5970000000000001,0.20800000000000002,5.984742469334469,25.78258766624533,-34.68733,17.499939666666666
423.818,6.718637162464644,34.45205046610735,34.72061630990612,219.73168827024034,2026-06-25 04:47:50.059895,0.6000000000000001,0.20800000000000002,5.984742469347431,25.856754479731215,-34.68733,17.499939666666666
423.396,6.721886286598038,34.452262936031445,34.72410751177363,219.68948784604802,2026-06-25 04:47:50.159869,0.6000000000000001,0.20800000000000002,5.984764234893643,25.686191017654675,-34.68733,17.499939666666666
423.186,6.723256774778966,34.45237120058971,34.72553454491855,219.98041355768643,2026-06-25 04:47:50.209856,0.5940000000000001,0.20800000000000002,5.984771489868329,25.601313465436473,-34.68733,17.499939666666666
422.885,6.725015864470837,34.45253628810476,34.727232611990715,219.9629692654324,2026-06-25 04:47:50.284836,0.5970000000000001,0.20800000000000002,5.984776931028057,25.656257083224297,-34.68733,17.499939666666666
422.576,6.727063419015316,34.452760879069416,34.72893289337975,219.79033630084368,2026-06-25 04:47:50.384810,0.6000000000000001,0.20800000000000002,5.9847823721359426,25.71266099650149,-34.68733,17.499939666666666
422.051,6.728556168283053,34.45304901348999,34.730028228937904,219.62364944881585,2026-06-25 04:47:50.459790,0.6000000000000001,0.20800000000000002,5.9847823721359426,25.80849288799189,-34.68733,17.499939666666666
422.078,6.729623219941053,34.45293268060895,34.73081878277704,219.92223492315134,2026-06-25 04:47:50.509777,0.6000000000000001,0.20800000000000002,5.984785999506636,25.803564390715245,-34.68733,17.499939666666666
421.74850000000004,6.731458967328432,34.45322623314319,34.73230187069863,219.9021644600499,2026-06-25 04:47:50.584758,0.6000000000000001,0.20700000000000815,5.984793254170262,25.863710311183965,-34.68733,17.499939666666666
421.316,6.733604943458966,34.453406201033864,34.73419665298136,219.88678504750408,2026-06-25 04:47:50.659738,0.6000000000000001,0.20800000000000002,5.984793254170262,25.942657536078443,-34.68733,17.499939666666666
421.143,6.735259684687653,34.45352803599414,34.73576288817922,219.87297580199274,2026-06-25 04:47:50.709725,0.6000000000000001,0.20600000000000002,5.984796881463195,25.974236426036228,-34.68733,17.499939666666666
420.59,6.737066148849102,34.453839046718755,34.73753372678985,219.85083710989318,2026-06-25 04:47:50.759712,0.6000000000000001,0.20800000000000002,5.984804135971299,25.880307648314137,-34.68733,17.499939666666666
420.7565,6.739962491712695,34.45365128584553,34.74045272056395,219.8327554323975,2026-06-25 04:47:50.834693,0.6000000000000001,0.20800000000000002,5.984809576781097,25.908588193505334,-34.68733,17.499939666666666
420.3665,6.743737651955252,34.454094340986046,34.74433818594653,219.7914128928916,2026-06-25 04:47:50.934667,0.6000000000000001,0.20600000000000002,5.984827712247868,25.842345475039473,-34.68733,17.499939666666666
419.938,6.746807257518274,34.4543558019097,34.747498855968914,219.74643140656187,2026-06-25 04:47:51.034641,0.6000000000000001,0.20699999999999935,5.984853101160106,25.769563411289173,-34.68733,17.499939666666666
419.631,6.748419067691096,34.45455592258429,34.74907828135652,219.71899301966798,2026-06-25 04:47:51.109621,0.6000000000000001,0.20800000000000002,5.984869421878953,25.717418502137846,-34.68733,17.499939666666666
419.3745,6.749367091155749,34.45476027053664,34.74984504197946,219.7025060760021,2026-06-25 04:47:51.184602,0.5970000000000001,0.20800000000000002,5.984878488698787,25.684707261251155,-34.68733,17.499939666666666
419.0245,6.750176961416344,34.455038684861535,34.750200075696156,219.69634371552712,2026-06-25 04:47:51.284575,0.6000000000000001,0.20700000000000002,5.984876675337412,25.640072039768334,-34.68733,17.499939666666666
418.718,6.751155218361168,34.455324672217856,34.75054791595018,219.7003967445683,2026-06-25 04:47:51.384549,0.6000000000000001,0.20700000000000002,5.984863981704126,25.60098433866981,-34.68733,17.499939666666666
418.39099999999996,6.753026237845423,34.455618793389824,34.75182781049048,219.680196125076,2026-06-25 04:47:51.484523,0.5969999999999978,0.2070000000000008,5.984871235253285,25.55928228888443,-34.68733,17.499939666666666
418.181,6.755298510285987,34.455844812132135,34.75378788727706,219.66454109419337,2026-06-25 04:47:51.559504,0.6000000000000001,0.20600000000000002,5.984873048627618,25.53250115599474,-34.68733,17.499939666666666
418.035,6.757365116448322,34.45599855922014,34.75575091202955,219.65243547799332,2026-06-25 04:47:51.609491,0.5940000000000001,0.20600000000000002,5.984873048627618,25.513881892176197,-34.68733,17.499939666666666
417.60450000000003,6.761289816989626,34.456234065475655,34.75972677966181,219.92807756418372,2026-06-25 04:47:51.684471,0.5940000000000001,0.20600000000000002,5.984880302034249,25.586869272951017,-34.68733,17.499939666666666
417.333,6.765919385059531,34.45647471171799,34.764636798357365,219.89096653538257,2026-06-25 04:47:51.759452,0.5940000000000001,0.20600000000000002,5.984891181982233,25.632899642011097,-34.68733,17.499939666666666
417.126,6.769332341412952,34.45663874915213,34.76837093714199,219.85721157296183,2026-06-25 04:47:51.809439,0.5940000000000001,0.20600000000000002,5.984905688199489,25.667994619526525,-34.68733,17.499939666666666
416.67,6.772847516913232,34.456805634350204,34.77226499390672,219.82404693430306,2026-06-25 04:47:51.859426,0.5940000000000001,0.20600000000000002,5.984916567590354,25.74530529463295,-34.68733,17.499939666666666
416.646,6.776342179107477,34.456975487880065,34.776152489558186,219.78457851741976,2026-06-25 04:47:51.909413,0.5940000000000001,0.20600000000000002,5.984938325672494,25.74937427753329,-34.68733,17.499939666666666
416.333,6.779709049543207,34.45714843559888,34.77988567068978,219.74647194739052,2026-06-25 04:47:51.959400,0.5940000000000001,0.20600000000000002,5.984956456695099,25.802440596191865,-34.68733,17.499939666666666
416.015,6.782871343086179,34.45750414351912,34.783354969853605,219.70199345691083,2026-06-25 04:47:52.009387,0.5940000000000001,0.20600000000000002,5.984981839038616,25.856354619621357,-34.68733,17.499939666666666
416.173,6.785786376026507,34.45732460866154,34.78650040308213,219.68197300523505,2026-06-25 04:47:52.059374,0.5940000000000001,0.20600000000000002,5.984989090903605,25.829567148860793,-34.68733,17.499939666666666
415.73499999999996,6.790795689603235,34.45787513840742,34.791742470627064,219.63566064851904,2026-06-25 04:47:52.159347,0.5940000000000001,0.20600000000000002,5.985005334695192,25.793576870776523,-34.68733,17.499939666666666
415.267,6.795175263547322,34.45825881432509,34.796187829910444,219.59234670442683,2026-06-25 04:47:52.259321,0.6000000000000001,0.20600000000000002,5.985021723013763,25.68864834770732,-34.68733,17.499939666666666
415.183,6.797196389411647,34.45845738885815,34.798192200072464,219.5810261904142,2026-06-25 04:47:52.309308,0.5940000000000001,0.20600000000000002,5.985021723013763,25.669815023053875,-34.68733,17.499939666666666
414.90999999999997,6.800251012668379,34.45876391753755,34.80119891657825,219.5447394567228,2026-06-25 04:47:52.384289,0.5940000000000001,0.20600000000000002,5.985039851005428,25.60860671793016,-34.68733,17.499939666666666
414.5645,6.804686311806858,34.45918794471997,34.80553183916933,219.51124748277553,2026-06-25 04:47:52.484263,0.5940000000000001,0.20600000000000002,5.985047102093306,25.531143459980573,-34.68733,17.499939666666666
414.192,6.808467788758981,34.45951814009671,34.809225881418826,219.78792692129826,2026-06-25 04:47:52.559243,0.5940000000000001,0.20600000000000002,5.985054353025776,25.594311975984514,-34.68733,17.499939666666666
414.028,6.811286273119296,34.459745141077434,34.812006106836996,219.75753897112892,2026-06-25 04:47:52.609230,0.5940000000000001,0.20600000000000002,5.985068854579911,25.63908925737335,-34.68733,17.499939666666666
413.7835,6.816004127200391,34.460096536016465,34.8167406629445,219.71481458537463,2026-06-25 04:47:52.684211,0.5970000000000001,0.20800000000000002,5.9850851683038515,25.705845631151227,-34.68733,17.499939666666666
413.571,6.821255300651318,34.46045932859199,34.822118502317146,219.6661561826212,2026-06-25 04:47:52.759191,0.5940000000000001,0.20800000000000002,5.985105106652328,25.7638649744142,-34.68733,17.499939666666666
413.411,6.825164041680753,34.46070913277266,34.82619481176716,219.31997822763506,2026-06-25 04:47:52.809178,0.5940000000000001,0.20800000000000002,5.9890086711059185,25.807550126988687,-34.68733,17.499939666666666
413.203,6.829439722118217,34.460965157438444,34.83069606685368,219.28538525161864,2026-06-25 04:47:52.859165,0.5940000000000001,0.20800000000000002,5.989019504200491,25.864340825335518,-34.68733,17.499939666666666
412.998,6.834136091840846,34.46122761769385,34.835675048240624,219.5553632234562,2026-06-25 04:47:52.909152,0.5940000000000001,0.20800000000000002,5.989030337062905,25.920312427071565,-34.68733,17.499939666666666
412.738,6.839287177292254,34.46149673187763,34.841172000150735,219.5193367968575,2026-06-25 04:47:52.959139,0.5940000000000001,0.20800000000000002,5.989037558842209,25.99130080000509,-34.68733,17.499939666666666
412.31674999999996,6.853992675692501,34.462204737571355,34.857097751662145,219.4241997567369,2026-06-25 04:47:53.084106,0.5940000000000001,0.20800000000000002,5.989053663982163,25.885970825608762,-34.68733,17.499939666666666
411.945,6.869242863796889,34.4629499486649,34.873749571623435,219.25568405256584,2026-06-25 04:47:53.209074,0.5940000000000001,0.20800000000000002,5.989142263048867,25.793017904583653,-34.68733,17.499939666666666
411.37649999999996,6.879573944396526,34.463589986695474,34.88449505961225,219.14407003195248,2026-06-25 04:47:53.309048,0.5940000000000001,0.20800000000000002,5.98919641106235,25.65086932192654,-34.68733,17.499939666666666
411.645,6.879918377805887,34.463585743936115,34.88498048761829,219.14497137660948,2026-06-25 04:47:53.309048,0.5940000000000001,0.20800000000000002,5.989196411887366,25.718005459909715,-34.68733,17.499939666666666
411.173,6.887906773892879,34.46425548188687,34.89243292416234,219.03903538664102,2026-06-25 04:47:53.409022,0.5940000000000001,0.20800000000000002,5.989257773558411,25.599985880289395,-34.68733,17.499939666666666
410.9855,6.89191352904448,34.464782355237816,34.895315042350276,219.00744535368864,2026-06-25 04:47:53.484002,0.5940000000000001,0.20800000000000002,5.989266796701995,25.56722575519598,-34.68733,17.499939666666666
410.563,6.894673981477611,34.465327845571124,34.89660318567935,218.97979915143122,2026-06-25 04:47:53.558983,0.6000000000000001,0.20800000000000002,5.98927581969092,25.49340627331882,-34.68733,17.499939666666666
410.158,6.895857703630522,34.46570430744596,34.89670707199458,218.96226655029898,2026-06-25 04:47:53.608970,0.5940000000000001,0.20800000000000002,5.989283037963492,25.42264440311705,-34.68733,17.499939666666666
410.02700000000004,6.8969794812913925,34.466288900286905,34.896294722602036,218.96157300131213,2026-06-25 04:47:53.683950,0.5940000000000001,0.20800000000000002,5.98927581969092,25.399755995718458,-34.68733,17.499939666666666
409.70050000000003,6.897830801054171,34.46710267227569,34.895461556487255,218.9476182671467,2026-06-25 04:47:53.783924,0.6000000000000001,0.20800000000000002,5.989281233376017,25.348518354529883,-34.68733,17.499939666666666
409.441,6.898240099500956,34.467739585827466,34.894889867924384,218.94033293001047,2026-06-25 04:47:53.858904,0.5940000000000001,0.20800000000000002,5.989283037963492,25.345638803323947,-34.68733,17.499939666666666
408.984,6.898620922160914,34.468404052412055,34.894477159253896,218.92944985927465,2026-06-25 04:47:53.933885,0.5970000000000001,0.20800000000000002,5.989286647048227,25.340567686171298,-34.68733,17.499939666666666
408.793,6.899051471994341,34.4690912078339,34.89420000340356,219.23066908522458,2026-06-25 04:47:54.008865,0.6000000000000001,0.20800000000000002,5.989286647061115,25.338448247711437,-34.68733,17.499939666666666
408.531,6.899368885014107,34.46956478636622,34.894096939742916,219.22935905050238,2026-06-25 04:47:54.058852,0.6000000000000001,0.20800000000000002,5.989283037963492,25.335540955164404,-34.68733,17.499939666666666
408.352,6.899677080073585,34.4700502255139,34.89404436159594,219.2253514863743,2026-06-25 04:47:54.108839,0.5940000000000001,0.20800000000000002,5.989283037963492,25.333554675141812,-34.68733,17.499939666666666
408.202,6.899943027252882,34.47054772234716,34.89403194343885,219.211202460752,2026-06-25 04:47:54.158826,0.5940000000000001,0.20800000000000002,5.989293865179036,25.331890194675953,-34.68733,17.499939666666666
407.977,6.900214429542075,34.47131855777123,34.894065969464926,219.1958968764998,2026-06-25 04:47:54.233807,0.6000000000000001,0.20800000000000002,5.989304692162612,25.329393473977166,-34.68733,17.499939666666666
407.40700000000004,6.90037954547575,34.472388225963684,34.89414000935831,219.1914726463422,2026-06-25 04:47:54.333781,0.5970000000000023,0.20800000000000002,5.989301083180974,25.32270070961155,-34.68733,17.499939666666666
407.10249999999996,6.900350098315861,34.47350934506278,34.89415590114662,219.19409562520298,2026-06-25 04:47:54.433755,0.6000000000000001,0.20800000000000002,5.989293865179036,25.316450624463673,-34.68733,17.499939666666666
406.762,6.900089985469238,34.47468315798426,34.89398942492794,219.18329077100717,2026-06-25 04:47:54.533729,0.6000000000000001,0.20800000000000002,5.989301083180973,25.309461612992898,-34.68733,17.499939666666666
406.633,6.89972709137998,34.475597064605395,34.89367773106004,219.18607138540676,2026-06-25 04:47:54.608709,0.6000000000000001,0.20800000000000002,5.9892974741993354,25.306813793669168,-34.68733,17.499939666666666
406.332,6.899400554753147,34.476224478783806,34.89334841233556,219.1838571313306,2026-06-25 04:47:54.658696,0.6000000000000001,0.20800000000000002,5.9892974741993354,25.300635548580463,-34.68733,17.499939666666666
406.196,6.899028993553074,34.476865640654204,34.89293288920762,219.1763876838851,2026-06-25 04:47:54.708683,0.6000000000000001,0.20800000000000002,5.989304692162612,25.29784404913839,-34.68733,17.499939666666666
405.931,6.898318521220941,34.47819427053748,34.891976233089686,219.182524374586,2026-06-25 04:47:54.808657,0.5940000000000001,0.20600000000000002,5.9892974741993354,25.293758195641537,-34.68733,17.499939666666666
405.28,6.897967565687984,34.479569613017716,34.89122412383676,219.4790222715867,2026-06-25 04:47:54.908631,0.5940000000000001,0.20600000000000002,5.989301083193861,25.28372087252285,-34.68733,17.499939666666666
405.1385,6.898567898703096,34.48064349561468,34.891434901602835,219.3232807862404,2026-06-25 04:47:54.983611,0.5940000000000001,0.20600000000000002,5.9892974741993354,25.28153918093868,-34.68733,17.499939666666666
404.844,6.9012147192894915,34.48212271084695,34.893660402956115,219.46177820270023,2026-06-25 04:47:55.083585,0.5940000000000001,0.20600000000000002,5.989293865179036,25.27699848714689,-34.68733,17.499939666666666
404.343,6.9051362320600544,34.48326773329139,34.89751265405146,219.4319064539699,2026-06-25 04:47:55.158566,0.5940000000000001,0.20600000000000002,5.9892974741993354,25.269273911290576,-34.68733,17.499939666666666
404.1545,6.911657229541746,34.484448377650104,34.90435495035295,219.37956481277033,2026-06-25 04:47:55.233546,0.5970000000000001,0.20600000000000002,5.989313714468512,25.262504102744636,-34.68733,17.499939666666666
403.548,6.924516768236469,34.48606995033032,34.91820471608641,219.60987302194863,2026-06-25 04:47:55.333520,0.5940000000000001,0.20600000000000002,5.989317323347057,25.219437985917203,-34.68733,17.499939666666666
403.355,6.942346200852136,34.487748081400746,34.93767667073752,219.79811005286385,2026-06-25 04:47:55.433494,0.5940000000000001,0.20600000000000002,5.98934258469795,25.20573351675365,-34.68733,17.499939666666666
403.01,6.958065882541306,34.48904175319331,34.954938087113455,219.66926633245367,2026-06-25 04:47:55.508474,0.5940000000000001,0.20600000000000002,5.989387691330979,25.181235890528644,-34.68733,17.499939666666666
402.73466666666667,6.980302508900523,34.49082205711155,34.97918909317331,219.41299832651694,2026-06-25 04:47:55.608448,0.5940000000000001,0.20600000000000002,5.989529213385703,25.161685127956805,-34.68733,17.499939666666666
402.1325,7.007424773702314,34.49311555311042,35.00797076143603,219.47059627762843,2026-06-25 04:47:55.733416,0.5940000000000001,0.20600000000000002,5.993517836648428,25.12104491130047,-34.68733,17.499939666666666
401.988,7.022906985063785,34.494531798536705,35.02394377793479,219.0172421067574,2026-06-25 04:47:55.808396,0.5940000000000001,0.20600000000000002,5.9935842980672955,25.111298299533814,-34.68733,17.499939666666666
401.647,7.032985319537719,34.49646796000691,35.03426124399908,219.24226084052745,2026-06-25 04:47:55.858383,0.5940000000000001,0.20600000000000002,5.99360944328291,25.088297644776514,-34.68733,17.499939666666666
401.684,7.043043404752779,34.495493437324754,35.04456425072476,219.16523835674786,2026-06-25 04:47:55.908370,0.5940000000000001,0.20600000000000002,5.993638179133653,25.090793316993583,-34.68733,17.499939666666666
401.41949999999997,7.05844848358144,34.49795502347566,35.06047838280281,219.04292454365924,2026-06-25 04:47:55.983351,0.5969999999999954,0.20700000000000154,5.993677687928604,25.07295263317157,-34.68733,17.499939666666666
401.012,7.074427506374483,34.49946684144437,35.077238439862626,218.92486247368115,2026-06-25 04:47:56.058331,0.5940000000000001,0.20600000000000002,5.9937100115816,25.0454665134836,-34.68733,17.499939666666666
400.681,7.085477115053113,34.50049084910956,35.08907936123804,218.84714562195467,2026-06-25 04:47:56.108318,0.5940000000000001,0.20600000000000002,5.99372796809134,25.023140364730914,-34.68733,17.499939666666666
400.41533333333336,7.107874698586396,34.50257776860017,35.11365936581873,218.58447744955942,2026-06-25 04:47:56.208292,0.6000000000000001,0.20734463276836199,5.993875490920212,25.0052209885417,-34.68733,17.499939666666666
399.615,7.140115318021698,34.50578786262075,35.14888984612493,218.3161605893678,2026-06-25 04:47:56.358253,0.6000000000000001,0.20600000000000002,5.993972113016483,24.951238024639185,-34.68733,17.499939666666666
399.6895,7.1398654863457445,34.505782649710255,35.1485193247393,218.30581945625906,2026-06-25 04:47:56.358253,0.6000000000000001,0.20600000000000002,5.993984674092574,24.95626309437355,-34.68733,17.499939666666666
399.424,7.159259965497305,34.50797434975093,35.168919001409,218.1347154451344,2026-06-25 04:47:56.458227,0.5940000000000001,0.20600000000000002,5.99405466463711,24.938354959951077,-34.68733,17.499939666666666
398.93600000000004,7.175735413910027,34.510209821773906,35.18527922737683,217.97609839588844,2026-06-25 04:47:56.558201,0.5940000000000001,0.2069999999999995,5.994124641442821,24.905439066925975,-34.68733,17.499939666666666
399.073,7.176040747295547,34.51020525131106,35.185677505302614,217.9917387550863,2026-06-25 04:47:56.558201,0.6000000000000001,0.20800000000000002,5.994108495352004,24.91467979918917,-34.68733,17.499939666666666
398.5635,7.193599209103455,34.513045991887154,35.202196559595116,217.50833063369376,2026-06-25 04:47:56.683168,0.597000000000001,0.20600000000000002,5.994192818527553,24.880313718254143,-34.68733,17.499939666666666
398.436,7.202715282864091,34.51477392582188,35.21042224899797,217.42954857065033,2026-06-25 04:47:56.758149,0.5940000000000001,0.20600000000000002,5.998103626242187,24.87171376669533,-34.68733,17.499939666666666
397.99800000000005,7.21349593629366,34.51710829494987,35.220122909545815,217.2331894668376,2026-06-25 04:47:56.858123,0.595439999999993,0.20600000000000002,5.994287171959445,24.84217040369329,-34.68733,17.499939666666666
397.476,7.226239924686627,34.52006049277676,35.23218393498691,216.90486845626094,2026-06-25 04:47:56.983090,0.5940000000000001,0.20600000000000002,5.994312999485604,24.806961190252498,-34.68733,17.499939666666666
397.425,7.233865546068917,34.521850274467994,35.23994437006095,216.85010108040424,2026-06-25 04:47:57.058071,0.5940000000000001,0.20600000000000002,5.998207257509691,24.803521209628975,-34.68733,17.499939666666666
396.967,7.2390029583548525,34.523050720668316,35.2453684874187,216.80455131750736,2026-06-25 04:47:57.108058,0.5940000000000001,0.20600000000000002,5.994341695224325,24.772628834617706,-34.68733,17.499939666666666
396.78700000000003,7.246718927267235,34.524861029263235,35.25361891348051,216.7166431900346,2026-06-25 04:47:57.183038,0.5940000000000001,0.20600000000000002,5.996328117595178,24.760487726534677,-34.68733,17.499939666666666
396.378,7.254410480270968,34.52667991970073,35.26177287129934,216.6336511993133,2026-06-25 04:47:57.258018,0.5940000000000001,0.20600000000000002,5.998307294945148,24.732900430946007,-34.68733,17.499939666666666
396.113,7.259543147806368,34.52789752090841,35.267112066653304,216.59002798734386,2026-06-25 04:47:57.308005,0.5940000000000001,0.20600000000000002,5.998321584376427,24.715026021823768,-34.68733,17.499939666666666
396.023,7.267405055771305,34.529730133775345,35.275203079818745,216.2120887393769,2026-06-25 04:47:57.382986,0.5940000000000001,0.20600000000000002,5.996415820901689,24.708955467782253,-34.68733,17.499939666666666
395.446,7.2816766727712965,34.5327964185449,35.289932400482364,216.09524485979856,2026-06-25 04:47:57.507953,0.5940000000000001,0.20800000000000002,5.998393025417977,24.670036471316095,-34.68733,17.499939666666666
395.576,7.281923450764514,34.532795692054485,35.29021335083965,216.09528727991702,2026-06-25 04:47:57.507953,0.5940000000000001,0.20700000000000052,5.998393025367029,24.67880504937606,-34.68733,17.499939666666666
394.938,7.298974597061099,34.53587068995812,35.30811828296894,215.97643270637752,2026-06-25 04:47:57.632921,0.5940000000000001,0.20600000000000002,5.998418027324119,24.635771566281758,-34.68733,17.499939666666666
394.728,7.3107143648826955,34.537717083776094,35.32065292926845,215.88270635062614,2026-06-25 04:47:57.707901,0.5940000000000001,0.20800000000000002,5.998450170914447,24.62160694018489,-34.68733,17.499939666666666
394.5333333333333,7.327157270067616,34.5401771759437,35.338294099544335,215.6971056340356,2026-06-25 04:47:57.807875,0.5940000000000001,0.20600000000000002,5.998552252542262,24.608476556628425,-34.68733,17.499939666666666
394.195,7.34321063490897,34.54263320177038,35.355167891088186,215.5579800093953,2026-06-25 04:47:57.907849,0.5940000000000001,0.20600000000000002,5.998607287412462,24.585655770139024,-34.68733,17.499939666666666
393.75350000000003,7.354339357969629,34.54446924167235,35.36624616723388,215.1331305394146,2026-06-25 04:47:57.982830,0.5940000000000001,0.20600000000000002,5.998671547512875,24.55587633003537,-34.68733,17.499939666666666
393.468,7.364961638067257,34.5462997625431,35.3764210819406,215.0307492370487,2026-06-25 04:47:58.057810,0.5940000000000001,0.20600000000000002,5.998717953530454,24.536619183603673,-34.68733,17.499939666666666
393.395,7.371970989139269,34.54751570918331,35.38299811287961,214.98710753769595,2026-06-25 04:47:58.107797,0.5940000000000001,0.20600000000000002,5.998725092440073,24.531695289769996,-34.68733,17.499939666666666
393.1855,7.382988786473989,34.54933174713735,35.39346782579314,214.76128366005375,2026-06-25 04:47:58.182777,0.5940000000000001,0.20600000000000002,5.998742939065182,24.51756438897336,-34.68733,17.499939666666666
392.932,7.39502484145259,34.55113885219837,35.405271765578135,214.5163832882803,2026-06-25 04:47:58.257758,0.5940000000000001,0.20600000000000002,5.998775061957218,24.500465661756426,-34.68733,17.499939666666666
392.52049999999997,7.408983599783536,34.55293324387571,35.4196545819252,214.56064573295552,2026-06-25 04:47:58.332738,0.5940000000000001,0.20600000000000002,5.998807182470102,24.472709739666602,-34.68733,17.499939666666666
392.378,7.424799866337161,34.55471625312213,35.436597395227885,214.5880115644694,2026-06-25 04:47:58.407719,0.5940000000000001,0.20600000000000002,5.998850006881987,24.46309802910087,-34.68733,17.499939666666666
392.253,7.436565642864168,34.555896680542375,35.44965092870896,214.51394791860193,2026-06-25 04:47:58.457706,0.6000000000000001,0.20600000000000002,5.998864280833692,24.45466670404321,-34.68733,17.499939666666666
391.739,7.4490476707980795,34.558237163129235,35.46384068714671,214.42070787734662,2026-06-25 04:47:58.507693,0.5940000000000001,0.20600000000000002,6.002766527824137,24.41999709540611,-34.68733,17.499939666666666
391.9,7.4619430428797795,34.557070442375085,35.47879345492991,214.03416156238976,2026-06-25 04:47:58.557680,0.5940000000000001,0.20600000000000002,6.00279496252723,24.43085664208038,-34.68733,17.499939666666666
391.52549999999997,7.481258176921406,34.55997224961514,35.50133722947722,213.79831621168745,2026-06-25 04:47:58.632660,0.5940000000000001,0.20600000000000002,6.00293355722065,24.43352294584098,-34.68733,17.499939666666666
391.1625,7.505622745515945,34.56225894775979,35.52893914751784,213.1094887805601,2026-06-25 04:47:58.732634,0.5940000000000001,0.20600000000000002,6.001116230602828,24.456520059226726,-34.68733,17.499939666666666
390.929,7.522328710126576,34.563952641222606,35.546828744110115,212.8170651360746,2026-06-25 04:47:58.807615,0.5940000000000001,0.20600000000000002,5.999238826545955,24.471312968250345,-34.68733,17.499939666666666
390.645,7.532661964281212,34.56506974775215,35.55735263584445,212.69785913398886,2026-06-25 04:47:58.857601,0.5940000000000001,0.20600000000000002,6.003182223859952,24.48930520021054,-34.68733,17.499939666666666
390.37266666666665,7.552529656259324,34.56727213727502,35.576742838140426,212.26124310244916,2026-06-25 04:47:58.957575,0.5940000000000001,0.20600000000000002,6.0032221542448285,24.49582646538813,-34.68733,17.499939666666666
389.92,7.5730692568794895,34.56944128320592,35.59664880325522,211.80874977035404,2026-06-25 04:47:59.057549,0.5940000000000001,0.20600000000000002,6.003274553696754,24.42399490538653,-34.68733,17.499939666666666
389.7435,7.590481727407209,34.571036836910764,35.614175458692635,211.699142384828,2026-06-25 04:47:59.132530,0.5940000000000001,0.20600000000000002,6.003297633404456,24.395986944399155,-34.68733,17.499939666666666
389.359,7.609749916564559,34.57261066816828,35.63432042024763,211.56516895599592,2026-06-25 04:47:59.207510,0.6000000000000001,0.20600000000000002,6.003334913958178,24.334972434486154,-34.68733,17.499939666666666
389.199,7.623829662451571,34.573645037310925,35.649524679233664,211.4199151311371,2026-06-25 04:47:59.257497,0.6000000000000001,0.20600000000000002,6.003413016386361,24.309582781466446,-34.68733,17.499939666666666
388.907,7.6387074576416065,34.57466801074983,35.66585972562922,211.31052265330322,2026-06-25 04:47:59.307484,0.5940000000000001,0.20600000000000002,6.003448513443679,24.263246664705466,-34.68733,17.499939666666666
388.75300000000004,7.662050032198403,34.57617921475388,35.69186084598854,210.98693820192463,2026-06-25 04:47:59.382465,0.5969999999999966,0.20600000000000002,6.003512401319839,24.238809123674,-34.68733,17.499939666666666
388.488,7.685633387688087,34.57766674069042,35.7183064521358,210.6141864286282,2026-06-25 04:47:59.457445,0.6000000000000001,0.20600000000000002,6.003625960806333,24.252389914969907,-34.68733,17.499939666666666
388.148,7.7082161754982685,34.57912411214032,35.7433334762832,210.1199352133045,2026-06-25 04:47:59.532426,0.5969999999999148,0.20600000000000002,6.00371820744007,24.277249474791912,-34.68733,17.499939666666666
387.873,7.7290632556366505,34.58055697585396,35.765777942935344,209.63244707208435,2026-06-25 04:47:59.607406,0.6000000000000001,0.20600000000000002,6.003813986029587,24.297356471706774,-34.68733,17.499939666666666
387.755,7.741479221230261,34.58149570073665,35.77855868376076,209.18819557433812,2026-06-25 04:47:59.657393,0.5940000000000001,0.20600000000000002,6.00390974518246,24.305984201292056,-34.68733,17.499939666666666
387.418,7.757776926235191,34.582878751212846,35.79446103643641,208.76593630316023,2026-06-25 04:47:59.732373,0.5970000000000049,0.20600000000000002,6.003961163641776,24.33062441205681,-34.68733,17.499939666666666
387.03,7.7719624651884125,34.5851249487186,35.80765611632783,208.6605003638337,2026-06-25 04:47:59.807354,0.5940000000000001,0.20600000000000002,6.0039948489756,24.358993556794868,-34.68733,17.499939666666666
387.095,7.780260272269732,34.58423659931088,35.81515666820432,208.2855424478258,2026-06-25 04:47:59.857341,0.6000000000000001,0.20600000000000002,6.007916785960219,24.354240993887714,-34.68733,17.499939666666666
386.623,7.787917734537573,34.58600059711503,35.82205616735535,207.93912319012105,2026-06-25 04:47:59.907328,0.5940000000000001,0.20600000000000002,6.004058667277768,24.353220639553825,-34.68733,17.499939666666666
386.409,7.798570384957517,34.587288639828,35.831793484980764,207.86032730160537,2026-06-25 04:47:59.982308,0.5970000000000001,0.20600000000000002,6.00602130220197,24.350185248178924,-34.68733,17.499939666666666
386.203,7.808799854078091,34.58855126708323,35.84137560083153,207.47077936968915,2026-06-25 04:48:00.057289,0.6000000000000001,0.20600000000000002,6.00800859778016,24.34726332937879,-34.68733,17.499939666666666
386.03,7.815591565851832,34.58937611223568,35.8479061877242,207.4195939689806,2026-06-25 04:48:00.107276,0.5940000000000001,0.20600000000000002,6.0041543793983285,24.34480948494955,-34.68733,17.499939666666666
385.68,7.822528412479602,34.59018832589472,35.854708953190446,207.0738669236198,2026-06-25 04:48:00.157263,0.5940000000000001,0.20800000000000002,6.004175646260245,24.33984505980369,-34.68733,17.499939666666666
385.56100000000004,7.833452022664306,34.59138152593398,35.86571395241222,206.99019433804904,2026-06-25 04:48:00.232243,0.5940000000000001,0.20700000000000057,6.004207544648224,24.3381571552541,-34.68733,17.499939666666666
385.175,7.844973428564259,34.59254978615594,35.87761188179971,206.61973831778087,2026-06-25 04:48:00.307224,0.5940000000000001,0.20600000000000002,6.008103922839364,24.332682103521805,-34.68733,17.499939666666666
384.96000000000004,7.856963491430854,34.59368720660616,35.89032188654244,206.5338118576075,2026-06-25 04:48:00.382204,0.5940000000000001,0.20700000000000318,6.0081321636700515,24.237409541107006,-34.68733,17.499939666666666
384.827,7.868769143907787,34.594800272195926,35.902999207941896,206.42306392936746,2026-06-25 04:48:00.457185,0.5940000000000001,0.20600000000000002,6.0081886408465035,24.178473490868992,-34.68733,17.499939666666666
384.362,7.882108692137221,34.5962345747279,35.91697367119502,206.14486975151797,2026-06-25 04:48:00.557158,0.5940000000000001,0.20600000000000002,6.0082592271146815,23.97241887913465,-34.68733,17.499939666666666
384.158,7.887530181411471,34.596937088863825,35.922327580279486,205.9285499153557,2026-06-25 04:48:00.607145,0.5940000000000001,0.20600000000000002,6.008306866907947,23.8820207268899,-34.68733,17.499939666666666
383.876,7.895431459924274,34.59831322918304,35.929157295379426,205.82959668193456,2026-06-25 04:48:00.707119,0.5940000000000001,0.20600000000000002,6.008368618570297,23.86760588553781,-34.68733,17.499939666666666
383.313,7.897103731013757,34.59996188120408,35.92958114423635,205.8045272915477,2026-06-25 04:48:00.757106,0.5940000000000001,0.20600000000000002,6.008379203461097,23.884099649307117,-34.68733,17.499939666666666
383.517,7.897146810667357,34.59898148841015,35.927055367130066,205.5159585517723,2026-06-25 04:48:00.832087,0.5940000000000001,0.20800000000000002,6.00838449581862,23.878123223358735,-34.68733,17.499939666666666
383.043,7.893780359019404,34.60123336061107,35.919430295337904,205.8173970828975,2026-06-25 04:48:00.932061,0.5940000000000001,0.20600000000000002,6.0083774393251845,23.892009624827036,-34.68733,17.499939666666666
382.673,7.889380029239211,34.602160929376915,35.91149682546533,205.8381102287729,2026-06-25 04:48:01.007041,0.5940000000000001,0.20600000000000002,6.008372146892338,23.902849220909886,-34.68733,17.499939666666666
382.553,7.88586468201842,34.602765830114436,35.90564056379786,206.16278784434613,2026-06-25 04:48:01.057028,0.5940000000000001,0.20600000000000002,6.008347448110762,23.906364765585405,-34.68733,17.499939666666666
382.187,7.882165927269054,34.603360885544596,35.899766583372376,206.47998709396103,2026-06-25 04:48:01.107015,0.5940000000000001,0.20600000000000002,6.008329805370627,23.917087176845737,-34.68733,17.499939666666666
382.05,7.878464401030921,34.60394631046569,35.894164430271594,206.79322353767841,2026-06-25 04:48:01.157002,0.5940000000000001,0.20600000000000002,6.0083192194252115,23.921100757016955,-34.68733,17.499939666666666
381.797,7.873281270632917,34.604805731240916,35.886823708394544,206.9797898744867,2026-06-25 04:48:01.231983,0.5940000000000001,0.20600000000000002,6.008296282280973,23.92851269704117,-34.68733,17.499939666666666
381.4695,7.867504278124748,34.60592153152277,35.87933175121877,207.6053983732284,2026-06-25 04:48:01.331957,0.5940000000000001,0.20600000000000002,6.008269815345583,23.908821401490606,-34.68733,17.499939666666666
381.409,7.864247876726724,34.60673664059714,35.87550008262449,207.7737809574746,2026-06-25 04:48:01.406937,0.5940000000000001,0.20600000000000002,6.00825922813191,23.90429971509247,-34.68733,17.499939666666666
380.959,7.862691578489941,34.60726889371807,35.87380978119431,208.08293872910303,2026-06-25 04:48:01.456924,0.5940000000000001,0.20600000000000002,6.008241582252519,23.87066733692451,-34.68733,17.499939666666666
380.605,7.861215526288126,34.608051203228385,35.87232857075115,208.523214930067,2026-06-25 04:48:01.531904,0.5940000000000001,0.20600000000000002,6.008239817626904,23.844209866099042,-34.68733,17.499939666666666
380.352,7.86048845681686,34.60881798578244,35.871683851350824,208.67375051280007,2026-06-25 04:48:01.606885,0.5940000000000001,0.20600000000000002,6.008234523724938,23.82530099570683,-34.68733,17.499939666666666
380.062,7.860423284700236,34.60931918002034,35.87168713023826,208.95539783228685,2026-06-25 04:48:01.656872,0.5940000000000001,0.20600000000000002,6.0121126143280375,23.778725351640134,-34.68733,17.499939666666666
379.7573333333333,7.861161258170256,34.61029780280822,35.872554077716806,209.19325680027526,2026-06-25 04:48:01.756846,0.5940000000000001,0.20600000000000002,6.012121328806204,23.72979415775856,-34.68733,17.499939666666666
379.511,7.8627870315732,34.61125367333336,35.87429685306234,209.51727523912828,2026-06-25 04:48:01.856820,0.5940000000000001,0.20600000000000002,6.012116129778873,23.69023162791341,-34.68733,17.499939666666666
379.146,7.86500330414208,34.611951123361806,35.876567791921495,209.79348438553393,2026-06-25 04:48:01.931800,0.5940000000000001,0.20600000000000002,6.010182378341661,23.63161055865704,-34.68733,17.499939666666666
378.968,7.86810272307066,34.6126362574923,35.8796984093495,209.77115829755087,2026-06-25 04:48:02.006781,0.5940000000000001,0.20600000000000002,6.008252169855505,23.60302274954024,-34.68733,17.499939666666666
378.744,7.870906369681733,34.61308509793363,35.88252867128297,210.03482215595355,2026-06-25 04:48:02.056768,0.5940000000000001,0.20600000000000002,6.012137221958481,23.567047079640446,-34.68733,17.499939666666666
378.289,7.874395100352907,34.613965764287265,35.88608382915276,210.30298410411982,2026-06-25 04:48:02.106755,0.5940000000000001,0.20600000000000002,6.012140737234184,23.49397150015648,-34.68733,17.499939666666666
378.485,7.878669892016925,34.613528213176885,35.89051093532679,210.28516490237638,2026-06-25 04:48:02.156742,0.5940000000000001,0.20600000000000002,6.012140737234184,23.525450211318805,-34.68733,17.499939666666666
377.982,7.883809354427496,34.61503565894351,35.89593862786311,210.25062288771431,2026-06-25 04:48:02.206729,0.5940000000000001,0.20600000000000002,6.008273344383319,23.572367827574116,-34.68733,17.499939666666666
378.1105,7.893353513414438,34.61439790521344,35.90626424787858,210.62311972611099,2026-06-25 04:48:02.281709,0.5940000000000001,0.20600000000000002,6.012170615989415,23.53955372961592,-34.68733,17.499939666666666
377.339,7.904724100923133,34.616278752135536,35.9187863099223,210.68440098164064,2026-06-25 04:48:02.356689,0.5940000000000001,0.20600000000000002,6.012193463367732,23.736565998680135,-34.68733,17.499939666666666
377.605,7.918128694150408,34.61566329486198,35.933770771400546,210.73245445559067,2026-06-25 04:48:02.431670,0.5940000000000001,0.20700000000000002,6.012233882546958,23.668639539093505,-34.68733,17.499939666666666
376.904,7.943024456214761,34.61728126194361,35.96179760258521,210.90554165458306,2026-06-25 04:48:02.556637,0.5940000000000001,0.20745205479452092,6.012297261825547,23.826858319191427,-34.68733,17.499939666666666
376.611,7.963407341756559,34.618065338539665,35.984646952539656,210.7790691185025,2026-06-25 04:48:02.656611,0.5940000000000001,0.20600000000000002,6.0124078250048045,23.786743832052586,-34.68733,17.499939666666666
376.202,7.973141158228811,34.618830720570074,35.99532471157763,210.6772202276158,2026-06-25 04:48:02.706598,0.5940000000000001,0.20600000000000002,6.012460522631809,23.73074784147311,-34.68733,17.499939666666666
376.27,7.982384426311834,34.61845014652503,36.00522394605317,210.600740771612,2026-06-25 04:48:02.756585,0.5940000000000001,0.20600000000000002,6.01249565125889,23.74005768831762,-34.68733,17.499939666666666
376.004,7.991079843369914,34.619207118755696,36.01429836243942,210.52894508536875,2026-06-25 04:48:02.806572,0.5940000000000001,0.20800000000000002,6.012523752361195,23.703639758014102,-34.68733,17.499939666666666
375.742,7.999229923260167,34.61957939110542,36.02260468749455,210.4637095883316,2026-06-25 04:48:02.856559,0.5940000000000001,0.20800000000000002,6.0125483395137955,23.66776946576026,-34.68733,17.499939666666666
375.518,8.00690318527025,34.619947579687135,36.03026646099047,210.37746818323797,2026-06-25 04:48:02.906546,0.5940000000000001,0.20600000000000002,6.0125975101460085,23.63710173497834,-34.68733,17.499939666666666
375.292,8.014229160972796,34.62031171873573,36.03745777415746,210.31991829693877,2026-06-25 04:48:02.956533,0.5940000000000001,0.20800000000000002,6.012618581775066,23.60616018517159,-34.68733,17.499939666666666
375.09000000000003,8.024963072685495,34.620849890838834,36.04787038318187,210.24289096515972,2026-06-25 04:48:03.031514,0.5940000000000001,0.20600000000000002,6.012643164155681,23.574087515354886,-34.68733,17.499939666666666
374.921,8.035934387115805,34.621380066661075,36.058544257022895,210.15160333458462,2026-06-25 04:48:03.106494,0.5940000000000001,0.20800000000000002,6.012681791266441,23.52330298316137,-34.68733,17.499939666666666
374.667,8.043722783396516,34.62172819864519,36.066243061291786,210.10183247090418,2026-06-25 04:48:03.156481,0.5940000000000001,0.20600000000000002,6.016561085875287,23.446975934775857,-34.68733,17.499939666666666
374.493,8.052042572014404,34.622072340406206,36.0746278093567,210.0503281675502,2026-06-25 04:48:03.206468,0.5940000000000001,0.20600000000000002,6.012702859298494,23.394688901629888,-34.68733,17.499939666666666
374.23749999999995,8.065679140286639,34.62258054651059,36.088756583097755,209.95085685100773,2026-06-25 04:48:03.281448,0.5940000000000001,0.20600000000000002,6.012736214924285,23.31791110295863,-34.68733,17.499939666666666
373.9085,8.08536388627986,34.623244713825045,36.10957412017609,209.79846344848215,2026-06-25 04:48:03.381422,0.5940000000000001,0.20800000000000002,6.014728289765708,23.21904654028608,-34.68733,17.499939666666666
373.629,8.10054315672815,34.623732654768865,36.12568745197195,209.6630804827871,2026-06-25 04:48:03.456403,0.5940000000000001,0.20600000000000002,6.016725444638991,23.234183818797487,-34.68733,17.499939666666666
373.253,8.11042825985375,34.624052445792486,36.13611704898418,209.5385813631345,2026-06-25 04:48:03.506390,0.5940000000000001,0.20600000000000002,6.012934548322645,23.267359601052867,-34.68733,17.499939666666666
372.984,8.124310224596126,34.62452374621468,36.150596912463016,209.4281174722753,2026-06-25 04:48:03.581370,0.5940000000000001,0.20600000000000002,6.016846055853725,23.29109440271961,-34.68733,17.499939666666666
372.849,8.136824378720393,34.62498653416901,36.163465354338555,209.0431723125257,2026-06-25 04:48:03.656351,0.5940000000000001,0.20600000000000002,6.016879262636189,23.303005920284704,-34.68733,17.499939666666666
372.4943333333334,8.149981555053087,34.625586158733434,36.17650319653185,208.90235742093665,2026-06-25 04:48:03.756325,0.5940000000000001,0.20600000000000002,6.015683324451488,23.334299388653246,-34.68733,17.499939666666666
372.453,8.160038831358165,34.626170892374276,36.18591717498291,208.80501377517237,2026-06-25 04:48:03.856299,0.5940000000000001,0.20600000000000002,6.017008572343739,23.337946371808986,-34.68733,17.499939666666666
372.109,8.163667930535656,34.62645564244818,36.189027349441695,208.7576200052071,2026-06-25 04:48:03.906285,0.5940000000000001,0.20600000000000002,6.0170365267270105,23.368298683234116,-34.68733,17.499939666666666
371.6955,8.167827779892733,34.62687337244676,36.1923173710596,208.7370657643391,2026-06-25 04:48:03.981266,0.5940000000000001,0.20800000000000002,6.017033032516052,23.305008910251175,-34.68733,17.499939666666666
371.549,8.170985105863473,34.62728151627593,36.194634856220326,208.7136670377189,2026-06-25 04:48:04.056246,0.5940000000000001,0.20600000000000002,6.017040020913127,23.28258581051236,-34.68733,17.499939666666666
371.332,8.172578714381874,34.62754709054264,36.195750100893264,208.6904270999056,2026-06-25 04:48:04.106233,0.5940000000000001,0.20800000000000002,6.01705399740918,23.24937207233268,-34.68733,17.499939666666666
371.02549999999997,8.174438693886671,34.62793542854309,36.197028885760886,208.6682892142436,2026-06-25 04:48:04.181214,0.5940000000000001,0.20600000000000002,6.01706447950797,23.202459580387643,-34.68733,17.499939666666666
370.718,8.175935017425317,34.62831353929431,36.198017642081844,208.65120738128115,2026-06-25 04:48:04.256194,0.5940000000000001,0.20800000000000002,6.01707146747033,23.155394029741327,-34.68733,17.499939666666666
370.375,8.177164591867069,34.62867855816214,36.198705337503014,208.63840865645264,2026-06-25 04:48:04.331175,0.5940000000000001,0.20600000000000002,6.01707496140804,23.112340287184438,-34.68733,17.499939666666666
370.018,8.1782557900402,34.62903285738757,36.199182004735896,208.62948917813227,2026-06-25 04:48:04.406155,0.5940000000000001,0.20600000000000002,6.01707496140804,23.11038590799168,-34.68733,17.499939666666666
369.836,8.17889656108375,34.629261774729756,36.199393606515706,208.62113418934504,2026-06-25 04:48:04.456142,0.5940000000000001,0.20600000000000002,6.017078455320911,23.10938955781498,-34.68733,17.499939666666666
369.5565,8.179765301302051,34.62959398700332,36.19966693492064,208.59225520018873,2026-06-25 04:48:04.531123,0.5940000000000001,0.2069999999999996,6.017101165146036,23.10785944861505,-34.68733,17.499939666666666
369.202,8.180643838534788,34.629914839602826,36.20003357330908,208.58607430949073,2026-06-25 04:48:04.606103,0.5940000000000001,0.20600000000000002,6.017099418276533,23.10591875555109,-34.68733,17.499939666666666
369.007,8.181338393067803,34.63012104093707,36.20045121104956,208.577379310965,2026-06-25 04:48:04.656090,0.5940000000000001,0.20600000000000002,6.017102912015538,23.104851237504626,-34.68733,17.499939666666666
368.811,8.183412356965833,34.630513766586084,36.20213813879247,208.5686649118375,2026-06-25 04:48:04.756064,0.5940000000000001,0.20800000000000002,6.017099418276533,23.10377824500664,-34.68733,17.499939666666666
368.399,8.186504952602311,34.63088646994494,36.2050275905802,208.54316238814616,2026-06-25 04:48:04.856038,0.5940000000000001,0.20600000000000002,6.017106405729706,22.998761621823895,-34.68733,17.499939666666666
368.197,8.188720964456158,34.63106264789283,36.20724720877499,208.81222661036713,2026-06-25 04:48:04.906025,0.5940000000000001,0.20600000000000002,6.017116886723191,22.943879222695582,-34.68733,17.499939666666666
367.76,8.194949070643833,34.63139636291881,36.21379059960522,208.775192712361,2026-06-25 04:48:05.005999,0.5940000000000001,0.20600000000000002,6.017120380325595,22.825148487947697,-34.68733,17.499939666666666
368.008,8.19467372244302,34.63139321164079,36.21345780168971,208.7788029943215,2026-06-25 04:48:05.005999,0.5940000000000001,0.20600000000000002,6.017120380338013,22.89252885915473,-34.68733,17.499939666666666
367.201,8.202800884647916,34.6318495569813,36.222287658194865,208.71587638757697,2026-06-25 04:48:05.105973,0.5940000000000001,0.20600000000000002,6.017137848039594,22.673270957686682,-34.68733,17.499939666666666
367.345,8.207628732805421,34.63170487173779,36.22763139972411,208.68144825629116,2026-06-25 04:48:05.155960,0.5940000000000001,0.20600000000000002,6.0171518217538384,22.712395044193993,-34.68733,17.499939666666666
366.95399999999995,8.215654652846464,34.63205370119811,36.23658881720333,208.91483609397852,2026-06-25 04:48:05.230940,0.5940000000000001,0.20600000000000002,6.017169288288232,22.606162281524814,-34.68733,17.499939666666666
366.5586666666666,8.230007012083083,34.63236146327848,36.25254278613366,208.8133238913358,2026-06-25 04:48:05.355908,0.5946551724137974,0.20600000000000002,6.017234069859392,22.600530647834226,-34.68733,17.499939666666666
366.072,8.241412877240947,34.63258153023695,36.264875560819185,208.99022858098056,2026-06-25 04:48:05.455882,0.5940000000000001,0.20600000000000002,6.021126115172031,22.610503402678862,-34.68733,17.499939666666666
365.9635,8.249171537488039,34.6327268919768,36.27277817654743,208.90578916942056,2026-06-25 04:48:05.530862,0.6000000000000001,0.20600000000000002,6.0211748168116745,22.612726780556894,-34.68733,17.499939666666666
365.749,8.257995230348548,34.632898812749616,36.28103464938313,208.97485131048896,2026-06-25 04:48:05.630836,0.5969999999999979,0.20600000000000002,6.019276746693637,22.61712230640794,-34.68733,17.499939666666666
365.1043333333334,8.265840848479884,34.63307550792597,36.28720868245211,209.047189627632,2026-06-25 04:48:05.755803,0.5994999999999838,0.20600000000000002,6.021241484077031,22.630332791250076,-34.68733,17.499939666666666
364.72950000000003,8.270505326092346,34.633214271371315,36.289962740430454,209.28447181011546,2026-06-25 04:48:05.880771,0.5970000000000021,0.20600000000000002,6.021272205838445,22.713998317881458,-34.68733,17.499939666666666
364.532,8.27189933769766,34.63327821639036,36.29036025278923,209.26593424426358,2026-06-25 04:48:05.955751,0.6000000000000001,0.20600000000000002,6.021282639270422,22.758332541050706,-34.68733,17.499939666666666
364.391,8.272360425389241,34.63331236295782,36.290256952015994,209.55524887558255,2026-06-25 04:48:06.005738,0.6000000000000001,0.20600000000000002,6.021282639270422,22.78998380923734,-34.68733,17.499939666666666
364.136,8.272563501154531,34.63334021218896,36.2899579876955,209.55522788619137,2026-06-25 04:48:06.055725,0.5940000000000001,0.20600000000000002,6.021279161500956,22.847225464468504,-34.68733,17.499939666666666
363.991,8.272523136246617,34.6333695420081,36.28923959169773,209.55065531016157,2026-06-25 04:48:06.130706,0.5970000000000042,0.20600000000000002,6.021282639270422,22.871800913372766,-34.68733,17.499939666666666
363.352,8.27210126975909,34.63337877050592,36.28769652214616,209.5499881614174,2026-06-25 04:48:06.255673,0.6000000000000001,0.20600000000000002,6.021279161488598,22.77261262724908,-34.68733,17.499939666666666
363.472,8.27209557033519,34.63337877050592,36.28769897606966,209.5477790921293,2026-06-25 04:48:06.255673,0.5940000000000001,0.20600000000000002,6.021282639270422,22.791239535441324,-34.68733,17.499939666666666
362.863,8.27175179487676,34.63337877050592,36.28640834021239,209.5504011595483,2026-06-25 04:48:06.355647,0.6000000000000001,0.20600000000000002,6.021275683706775,22.696707976365705,-34.68733,17.499939666666666
362.711,8.271565201851033,34.63335454417574,36.28553963480052,209.9866826265543,2026-06-25 04:48:06.430627,0.5940000000000001,0.20600000000000002,6.021279161500956,22.673113892655536,-34.68733,17.499939666666666
362.316,8.271296559449926,34.6332863485396,36.28432217495459,210.13119680619968,2026-06-25 04:48:06.555595,0.5940000000000001,0.20600000000000002,6.021279161500956,22.61180031985607,-34.68733,17.499939666666666
362.202,8.271029805693653,34.63321030394209,36.28345037790047,210.128111671013,2026-06-25 04:48:06.655569,0.5940000000000001,0.20600000000000002,6.021282639270422,22.61646271816715,-34.68733,17.499939666666666
362.047,8.27085237065039,34.63316366983897,36.28299895350978,210.13092297786596,2026-06-25 04:48:06.705556,0.5940000000000001,0.20800000000000002,6.021279161500956,22.635186714462332,-34.68733,17.499939666666666
361.7,8.270649674116909,34.633112055163174,36.282506712838234,210.1253111766199,2026-06-25 04:48:06.755543,0.5940000000000001,0.20600000000000002,6.021282639270422,22.677104306168335,-34.68733,17.499939666666666
361.518,8.270433576837041,34.6330555902507,36.28196156678203,210.12469250936618,2026-06-25 04:48:06.805530,0.5940000000000001,0.20600000000000002,6.021282639270422,22.69908990181817,-34.68733,17.499939666666666
361.364,8.270225180623685,34.63299440949819,36.28136858368261,210.4218773889503,2026-06-25 04:48:06.855517,0.5940000000000001,0.20800000000000002,6.021279161500956,22.717693098137257,-34.68733,17.499939666666666
360.9506666666666,8.269996724365097,34.632857027299906,36.280210944906074,210.41707803627168,2026-06-25 04:48:06.955491,0.5940000000000001,0.2063573883161524,6.021281396351832,22.767623754924426,-34.68733,17.499939666666666
360.619,8.270124157003766,34.63270534828277,36.279373607466866,210.42248280155363,2026-06-25 04:48:07.055465,0.5940000000000001,0.20600000000000002,6.021272205887877,22.761746075584142,-34.68733,17.499939666666666
360.174,8.270860544410983,34.632534447203646,36.27936382777909,211.0084328348745,2026-06-25 04:48:07.155439,0.5940000000000001,0.2070000000000005,6.021268728031905,22.734372552598455,-34.68733,17.499939666666666
360.34,8.270815976568384,34.6325362854575,36.279288172179236,211.00998297968871,2026-06-25 04:48:07.155439,0.5940000000000001,0.20600000000000002,6.021268728044264,22.74458379937514,-34.68733,17.499939666666666
359.783,8.272432221809321,34.63225392993617,36.28014635059979,211.4274807671071,2026-06-25 04:48:07.305399,0.5940000000000001,0.20600000000000002,6.02128263922099,22.710320760491935,-34.68733,17.499939666666666
359.885,8.272430673064028,34.63225552432277,36.28014338896831,211.28045038772154,2026-06-25 04:48:07.305399,0.5940000000000001,0.20600000000000002,6.021282639270422,22.71659514104146,-34.68733,17.499939666666666
359.529,8.273570878421838,34.63205213509117,36.280830019200636,211.56457677324877,2026-06-25 04:48:07.405373,0.5940000000000001,0.20600000000000002,6.021286117015172,22.694696322652913,-34.68733,17.499939666666666
359.267,8.274120601326885,34.63194607600095,36.28110768023859,211.55963827664252,2026-06-25 04:48:07.455360,0.5940000000000001,0.20600000000000002,6.021286117015172,22.678579776535496,-34.68733,17.499939666666666
358.959,8.274896356938594,34.63178170632544,36.281411814936014,211.6980995128618,2026-06-25 04:48:07.530341,0.5940000000000001,0.20800000000000002,6.021289594735206,22.659633607817316,-34.68733,17.499939666666666
358.678,8.275606406780424,34.631612485392296,36.28163845534534,211.8405217262507,2026-06-25 04:48:07.605321,0.6000000000000001,0.20600000000000002,6.021289594735206,22.642348304538714,-34.68733,17.499939666666666
358.597,8.276030900179148,34.63149672590655,36.28177333951127,211.83110121759145,2026-06-25 04:48:07.655308,0.5940000000000001,0.20600000000000002,6.0212965501011295,22.63736570821997,-34.68733,17.499939666666666
358.247,8.276428174882556,34.63125940756695,36.281918873811215,211.8228260102425,2026-06-25 04:48:07.705295,0.5940000000000001,0.20600000000000002,6.02130002774702,22.61583597104022,-34.68733,17.499939666666666
358.31,8.276820252701732,34.63137897499788,36.282088347587816,212.11827175987546,2026-06-25 04:48:07.755282,0.5940000000000001,0.20600000000000002,6.02130002774702,22.619711323732574,-34.68733,17.499939666666666
357.898,8.277241837546505,34.63113819888935,36.28229574519328,212.10928564868613,2026-06-25 04:48:07.805269,0.6000000000000001,0.20600000000000002,6.021303505368196,22.594367747395268,-34.68733,17.499939666666666
357.796,8.278042205907646,34.63095354202703,36.28273373814466,212.10477297645863,2026-06-25 04:48:07.880250,0.5970000000000001,0.20600000000000002,6.021303505368196,22.588093366845737,-34.68733,17.499939666666666
357.531,8.279102188466796,34.63076647976914,36.28336537850524,212.10769618529702,2026-06-25 04:48:07.955230,0.5940000000000001,0.20600000000000002,6.021293072430526,22.571792280123926,-34.68733,17.499939666666666
357.149,8.280535359679156,34.63057706681399,36.28433456412613,212.38802006256824,2026-06-25 04:48:08.030211,0.5940000000000001,0.20600000000000002,6.021300027734663,22.548294109830596,-34.68733,17.499939666666666
356.973,8.282877378514904,34.63032239706695,36.2861254237355,212.3670466552165,2026-06-25 04:48:08.130184,0.6000000000000001,0.20600000000000002,6.021308721725818,22.53746772770592,-34.68733,17.499939666666666
356.70050000000003,8.285588881458679,34.63006639158542,36.288409024071626,212.63599064043862,2026-06-25 04:48:08.230158,0.5970000000000023,0.20600000000000002,6.0213226318398165,22.520705289473113,-34.68733,17.499939666666666
356.326,8.28855158823536,34.62981041320519,36.29103488930919,212.6084465380731,2026-06-25 04:48:08.330132,0.597000000000002,0.2069999999999994,6.021333064122587,22.49766847069078,-34.68733,17.499939666666666
355.848,8.290909078135371,34.62961918035086,36.29315975314882,212.5878284552183,2026-06-25 04:48:08.405113,0.5940000000000001,0.20600000000000002,6.021338280220726,22.468265001056718,-34.68733,17.499939666666666
355.659,8.292540620100295,34.629492422409804,36.29462679579875,212.5784450952889,2026-06-25 04:48:08.455100,0.5940000000000001,0.20600000000000002,6.02520345288968,22.456638942979648,-34.68733,17.499939666666666
355.38500000000005,8.29579790811677,34.6292416754691,36.297521135452314,212.84819482731226,2026-06-25 04:48:08.555074,0.5940000000000001,0.20606060606060467,6.021349028308282,22.439784234444645,-34.68733,17.499939666666666
354.968,8.298852414879063,34.62899448776973,36.300177858627094,213.11171623550464,2026-06-25 04:48:08.655048,0.5940000000000001,0.20800000000000002,6.021366098323517,22.41413309043334,-34.68733,17.499939666666666
354.758,8.300187860887167,34.628873060381416,36.301292007708675,213.09667299004764,2026-06-25 04:48:08.705035,0.5940000000000001,0.20800000000000002,6.021373052602117,22.401215248125485,-34.68733,17.499939666666666
354.6085,8.30190913246673,34.628694046313626,36.30263952301541,213.3724922839886,2026-06-25 04:48:08.780015,0.5940000000000001,0.20800000000000002,6.023319444188006,22.392018974672993,-34.68733,17.499939666666666
354.357,8.303382777352637,34.62851852496039,36.30370894776686,213.35987474889393,2026-06-25 04:48:08.854996,0.6000000000000001,0.20800000000000002,6.025255404541311,22.37654832067097,-34.68733,17.499939666666666
354.245,8.304242371628474,34.6284040772187,36.30431827028666,213.35828632490313,2026-06-25 04:48:08.904983,0.5940000000000001,0.20800000000000002,6.025251941270148,22.36965880477345,-34.68733,17.499939666666666
353.9695,8.305434457116544,34.628236671068926,36.305259370028764,213.64266301745326,2026-06-25 04:48:08.979963,0.6000000000000001,0.20800000000000002,6.02332639131639,22.352711825936243,-34.68733,17.499939666666666
353.5395,8.30700796309366,34.62802123950026,36.30675621481308,213.92595075128378,2026-06-25 04:48:09.079937,0.5969999999999988,0.20800000000000002,6.025264062608476,22.326261005972547,-34.68733,17.499939666666666
353.168,8.308278231712306,34.62776609300173,36.30809885612836,213.91495209855856,2026-06-25 04:48:09.154917,0.6000000000000001,0.20800000000000002,6.021400868728187,22.30340872779461,-34.68733,17.499939666666666
353.291,8.309215244020047,34.62786598161479,36.30908952629202,214.2082887492111,2026-06-25 04:48:09.204904,0.5940000000000001,0.20800000000000002,6.025269257379868,22.310974892574922,-34.68733,17.499939666666666
352.864,8.31023257881226,34.62766906586449,36.31012567413526,214.19959330541747,2026-06-25 04:48:09.254891,0.5940000000000001,0.20800000000000002,6.025269257379868,22.284708613215624,-34.68733,17.499939666666666
352.719,8.311923001472515,34.627529533433005,36.311714268148236,214.18170217601335,2026-06-25 04:48:09.329872,0.5940000000000001,0.20800000000000002,6.025277915176336,22.275789150669727,-34.68733,17.499939666666666
352.338,8.31377111118487,34.62739628348471,36.31328923094365,214.464851220442,2026-06-25 04:48:09.404852,0.5940000000000001,0.20800000000000002,6.025283109824685,22.2523524939112,-34.68733,17.499939666666666
351.964,8.316447474091367,34.62723190715564,36.31529839297388,214.4478183053186,2026-06-25 04:48:09.504826,0.6000000000000001,0.20800000000000002,6.0252839493518815,22.22934643189626,-34.68733,17.499939666666666
351.788,8.319169233736623,34.62707917431635,36.31724502035603,214.41346766499515,2026-06-25 04:48:09.604800,0.5940000000000001,0.20800000000000002,6.025303887753682,22.218520049771588,-34.68733,17.499939666666666
351.2943333333333,8.32177435686451,34.62694357765664,36.31921252833879,214.47453674161076,2026-06-25 04:48:09.704774,0.5940000000000001,0.20600000000000002,6.025308299740653,22.188152868092335,-34.68733,17.499939666666666
351.184,8.324192850057347,34.62682076932008,36.321229194205635,214.96914233786464,2026-06-25 04:48:09.804748,0.5940000000000001,0.20600000000000002,6.025321202017841,22.181365874752814,-34.68733,17.499939666666666
350.574,8.326238286342576,34.62671654777437,36.32314716835001,214.9476117147757,2026-06-25 04:48:09.904722,0.5940000000000001,0.20751304347826133,6.025327194095151,22.153427545996962,-34.68733,17.499939666666666
350.382,8.32796831561906,34.6266260404736,36.324827669200246,214.92629206746264,2026-06-25 04:48:10.004696,0.5940000000000001,0.20600000000000002,6.025338515666878,22.172808575698046,-34.68733,17.499939666666666
350.218,8.32868346617079,34.6265877892578,36.325509605533036,214.9178795126627,2026-06-25 04:48:10.054683,0.5940000000000001,0.20600000000000002,6.0253419783228725,22.189363205234386,-34.68733,17.499939666666666
349.8295,8.329889273090144,34.62652417230151,36.326587371431565,215.05589915531291,2026-06-25 04:48:10.154657,0.5940000000000001,0.20600000000000002,6.025345440954266,22.228579507520173,-34.68733,17.499939666666666
349.872,8.329910430520991,34.626526356268926,36.32660996129901,214.90873948598292,2026-06-25 04:48:10.154657,0.5940000000000001,0.20600000000000002,6.0253419783228725,22.22428943584155,-34.68733,17.499939666666666
349.37899999999996,8.331543842022919,34.62646307920989,36.32805313140912,215.18114864210128,2026-06-25 04:48:10.304618,0.5940000000000001,0.20600000000000002,6.025358916904587,22.27373763154659,-34.68733,17.499939666666666
348.996,8.3328458150105,34.62644215298966,36.32924994437977,215.17776025963124,2026-06-25 04:48:10.404592,0.5940000000000001,0.20800000000000002,6.025352366143242,22.251762998702684,-34.68733,17.499939666666666
348.748,8.333705413433655,34.62644215298966,36.330031713528236,215.16777995697052,2026-06-25 04:48:10.454579,0.5940000000000001,0.20600000000000002,6.0253558287008255,22.2375339936236,-34.68733,17.499939666666666
348.507,8.334742193075646,34.62644215298966,36.330962706145016,215.15701542785783,2026-06-25 04:48:10.504566,0.5940000000000001,0.20600000000000002,6.025359291233807,22.223706613687877,-34.68733,17.499939666666666
348.341,8.335976426037393,34.626446877861724,36.33206714630636,215.15638238434946,2026-06-25 04:48:10.554553,0.5940000000000001,0.20800000000000002,6.025352366143242,22.214182360288167,-34.68733,17.499939666666666
348.082,8.337418048991385,34.626457539513936,36.33336248019237,215.1365739750689,2026-06-25 04:48:10.604540,0.5940000000000001,0.20600000000000002,6.025362753742186,22.1993222299838,-34.68733,17.499939666666666
347.979,8.339068027933564,34.62647275369147,36.334855098249975,215.120716831812,2026-06-25 04:48:10.654526,0.5940000000000001,0.20600000000000002,6.025369678685141,22.19341260287434,-34.68733,17.499939666666666
347.574,8.342918360752915,34.626519100370395,36.33837941957613,215.40039159620233,2026-06-25 04:48:10.754500,0.5940000000000001,0.20600000000000002,6.025369678685141,22.190385437233854,-34.68733,17.499939666666666
347.738,8.342974288473751,34.6265168318096,36.33843444706275,215.39651959843172,2026-06-25 04:48:10.754500,0.5940000000000001,0.20700000000000002,6.0253748723001035,22.182350763249165,-34.68733,17.499939666666666
347.326,8.347208836373555,34.62657905419722,36.342326404299925,215.65561979288108,2026-06-25 04:48:10.854474,0.5940000000000001,0.20600000000000002,6.025393915210558,22.202535432039973,-34.68733,17.499939666666666
347.1415,8.350438513006731,34.626638114141215,36.345232185013,215.6295322007689,2026-06-25 04:48:10.929455,0.5940000000000001,0.20700000000000002,6.025402570817295,22.21157444027275,-34.68733,17.499939666666666
346.92,8.353532426107598,34.62670611552207,36.34793612569421,215.58296100455607,2026-06-25 04:48:11.004435,0.5940000000000001,0.20600000000000002,6.029296265203945,22.222426149343537,-34.68733,17.499939666666666
346.49,8.355470281647541,34.626757363071505,36.34957388730653,215.5728627390603,2026-06-25 04:48:11.054422,0.5940000000000001,0.20600000000000002,6.025428536727373,22.24349267259608,-34.68733,17.499939666666666
346.273,8.357308743357992,34.62681300367872,36.35109486527434,215.861282390217,2026-06-25 04:48:11.104409,0.5940000000000001,0.20600000000000002,6.025431998743768,22.25412391805143,-34.68733,17.499939666666666
345.978,8.361211385359097,34.62696299100731,36.35424120961635,215.8220664756773,2026-06-25 04:48:11.221045,0.5940000000000001,0.20600000000000002,6.029313506282112,22.268576532840967,-34.68733,17.499939666666666
345.733,8.362317583697731,34.627005879427195,36.355128910955315,216.11762947548274,2026-06-25 04:48:11.254370,0.5940000000000001,0.20600000000000002,6.0254493084568015,22.241466171437004,-34.68733,17.499939666666666
345.629,8.36535932025836,34.62715561699691,36.357541477434665,216.3985615082807,2026-06-25 04:48:11.354344,0.5940000000000001,0.20800000000000002,6.029320402541894,22.229958099657367,-34.68733,17.499939666666666
345.303,8.366817525258671,34.62723666882065,36.35871413981193,216.37433669244064,2026-06-25 04:48:11.404331,0.5940000000000001,0.20600000000000002,6.029334194767495,22.193884720809642,-34.68733,17.499939666666666
344.902,8.368249056763641,34.627321761132926,36.35988779518107,216.66414210309057,2026-06-25 04:48:11.454318,0.5940000000000001,0.20800000000000002,6.029337642762654,22.14951225173622,-34.68733,17.499939666666666
344.79299999999995,8.371122652534025,34.62750507699874,36.36233934214312,216.92270072352406,2026-06-25 04:48:11.554292,0.5940000000000001,0.2060937500000014,6.029354074264376,22.13745090727486,-34.68733,17.499939666666666
344.14099999999996,8.374971846659356,34.62775327698148,36.36580074265589,216.9125681665398,2026-06-25 04:48:11.679259,0.5940000000000001,0.20600000000000002,6.0293531584346765,22.065304149579422,-34.68733,17.499939666666666
343.80725,8.380328976474146,34.62808358846245,36.37119551895377,217.16931823298182,2026-06-25 04:48:11.829220,0.5997666666666648,0.20600000000000002,6.029371585044603,21.9901776341983,-34.68733,17.499939666666666
343.332,8.386174626481832,34.62844079423739,36.3774399912108,217.4267953390584,2026-06-25 04:48:11.979181,0.5970000000000066,0.20600000000000002,6.029385912110694,21.870544036318773,-34.68733,17.499939666666666
342.767,8.390838952907268,34.62876164423787,36.38217372633821,217.38697347036432,2026-06-25 04:48:12.104149,0.5942686567164167,0.20608955223880557,6.029410508090721,21.729120003537727,-34.68733,17.499939666666666
342.54,8.394020556064351,34.62902962596057,36.38499622664555,217.3347682485996,2026-06-25 04:48:12.204123,0.5940000000000001,0.20600000000000002,6.029430729373386,21.732672146203647,-34.68733,17.499939666666666
342.164,8.395821967127375,34.62923841137223,36.38622619807421,217.62611066482722,2026-06-25 04:48:12.279103,0.5940000000000001,0.20600000000000002,6.029432453028074,21.738555871500502,-34.68733,17.499939666666666
341.971,8.39719477486153,34.629451984568945,36.38692423389133,217.60502130948225,2026-06-25 04:48:12.354083,0.5940000000000001,0.20600000000000002,6.029444518463955,21.741575975176815,-34.68733,17.499939666666666
341.7845,8.39809895176498,34.62967108502009,36.38714968541406,217.89773550685948,2026-06-25 04:48:12.429064,0.5970000000000001,0.20600000000000002,6.029451412862312,21.74449436551688,-34.68733,17.499939666666666
341.565,8.398765618199155,34.62989423187929,36.38719709707693,217.88853266379945,2026-06-25 04:48:12.504044,0.6000000000000001,0.20800000000000002,6.02945486002476,21.74792914664097,-34.68733,17.499939666666666
341.135,8.39915960257738,34.63004548066242,36.387228419623,218.18889902630613,2026-06-25 04:48:12.554031,0.6000000000000001,0.20600000000000002,6.02945486002476,21.754657875038973,-34.68733,17.499939666666666
340.936,8.399595374846895,34.63019842970661,36.38733919778841,218.19512919786922,2026-06-25 04:48:12.604018,0.6000000000000001,0.20800000000000002,6.029444518463955,21.757771867948744,-34.68733,17.499939666666666
340.7355,8.40044860418043,34.630430921997366,36.38778178084373,218.49235986799258,2026-06-25 04:48:12.678999,0.5970000000000001,0.20700000000000002,6.029447965675378,21.72575287035707,-34.68733,17.499939666666666
340.594,8.401569993132327,34.63066614664988,36.388569598047226,218.48516979790267,2026-06-25 04:48:12.753979,0.6000000000000001,0.20600000000000002,6.029447965675378,21.70315592193202,-34.68733,17.499939666666666
340.421,8.402511620752232,34.630824557729674,36.389328271694716,218.77928420619887,2026-06-25 04:48:12.803966,0.5940000000000001,0.20600000000000002,6.02945486002476,21.67552855742648,-34.68733,17.499939666666666
339.97275,8.405399377917707,34.63122518440727,36.391783381823586,219.06626085741095,2026-06-25 04:48:12.928934,0.5940000000000001,0.20600000000000002,6.029456885967067,21.6039449381224,-34.68733,17.499939666666666
339.332,8.409656709880007,34.63179165136501,36.39541638963173,219.3172638952645,2026-06-25 04:48:13.103888,0.5940000000000001,0.20600000000000002,6.029485883384908,21.60888798350074,-34.68733,17.499939666666666
339.136,8.410335958763314,34.63190015784291,36.395954511702314,219.31607429531832,2026-06-25 04:48:13.137213,0.5940000000000001,0.20760683760683726,6.029481758834023,21.616666700182794,-34.68733,17.499939666666666
338.786,8.41266010677516,34.632279579566344,36.39776615276793,219.59843219510591,2026-06-25 04:48:13.253849,0.5940000000000001,0.20600000000000002,6.029492777195603,21.630557265686466,-34.68733,17.499939666666666
338.5935,8.413724354144684,34.63252292663281,36.398396304858345,219.8951409765728,2026-06-25 04:48:13.328829,0.5940000000000001,0.20600000000000002,6.031429682709096,21.63819707671349,-34.68733,17.499939666666666
338.383,8.414500119863048,34.632765385850064,36.39864617468795,219.88361174333807,2026-06-25 04:48:13.403810,0.5940000000000001,0.20600000000000002,6.033366560730691,21.6465512596807,-34.68733,17.499939666666666
338.005,8.414854149121469,34.63308624013649,36.39856414512523,220.17700942455923,2026-06-25 04:48:13.453797,0.5940000000000001,0.20600000000000002,6.033376859879092,21.623953731521528,-34.68733,17.499939666666666
338.19,8.415155276093659,34.632926205129515,36.39835150939066,220.17050688222736,2026-06-25 04:48:13.503784,0.5940000000000001,0.20600000000000002,6.0333837258561,21.654210914372722,-34.68733,17.499939666666666
337.5925,8.415755926643598,34.633324391835984,36.398066071924745,220.47502970022757,2026-06-25 04:48:13.578764,0.5940000000000001,0.20600000000000002,6.033380292879789,21.556488391380352,-34.68733,17.499939666666666
337.356,8.41748699236957,34.63363810932501,36.39863476938391,220.93208298439947,2026-06-25 04:48:13.678738,0.5940000000000001,0.20600000000000002,6.033378576379441,21.517808263032748,-34.68733,17.499939666666666
337.073,8.42006584336711,34.63387005880121,36.400561498896124,221.07369176845273,2026-06-25 04:48:13.753719,0.5940000000000001,0.20600000000000002,6.033376859879092,21.471522950887408,-34.68733,17.499939666666666
336.969,8.422782789276619,34.63402266539289,36.403077709344934,221.3673332135194,2026-06-25 04:48:13.803706,0.5940000000000001,0.20600000000000002,6.033380292879789,21.454513507554847,-34.68733,17.499939666666666
336.7045,8.428759234809458,34.63424818177586,36.40926061120663,221.80000973002555,2026-06-25 04:48:13.878686,0.5940000000000001,0.20700000000000002,6.033383725843908,21.41125391369463,-34.68733,17.499939666666666
336.3795,8.440318646150958,34.63454265246928,36.422072603707235,222.0307051290477,2026-06-25 04:48:13.978660,0.5940000000000001,0.20699999999999946,6.033404323092181,21.401945375212442,-34.68733,17.499939666666666
336.166,8.451747603604199,34.63475844087644,36.435127369787786,222.42397207305797,2026-06-25 04:48:14.053640,0.5940000000000001,0.20800000000000002,6.0334214869862075,21.398387469966863,-34.68733,17.499939666666666
335.902,8.460682954164623,34.634899396386366,36.445426501179945,222.36250936367625,2026-06-25 04:48:14.103627,0.5940000000000001,0.20800000000000002,6.0334352175747785,21.39398799931191,-34.68733,17.499939666666666
335.77250000000004,8.47551377982961,34.63510619283375,36.46250569303422,222.53867627820233,2026-06-25 04:48:14.178608,0.5940000000000001,0.20800000000000002,6.0334952832134165,21.391829925638365,-34.68733,17.499939666666666
335.39250000000004,8.496601904878132,34.63537376333586,36.4863725092696,222.4975254487506,2026-06-25 04:48:14.278582,0.5940000000000001,0.20700000000000066,6.033581080743776,21.385497354241085,-34.68733,17.499939666666666
335.09,8.512600113434795,34.635568027704124,36.50397728776863,222.52358833053395,2026-06-25 04:48:14.353562,0.5940000000000001,0.20800000000000002,6.0336274048628615,21.380456294115618,-34.68733,17.499939666666666
334.673,8.532766957271983,34.63581717205346,36.52555346700594,222.319024732111,2026-06-25 04:48:14.453536,0.5940000000000001,0.20800000000000002,6.037585486356922,21.28777666826431,-34.68733,17.499939666666666
334.9205,8.532451550303648,34.63581576922911,36.5251530646233,222.33735883159963,2026-06-25 04:48:14.453536,0.5940000000000001,0.20800000000000002,6.035640677553717,21.363584581932482,-34.68733,17.499939666666666
334.467,8.550454372101623,34.63605510007817,36.5439719974203,222.16121422767836,2026-06-25 04:48:14.553510,0.5940000000000001,0.20800000000000002,6.033788645928198,21.224679980524336,-34.68733,17.499939666666666
334.44,8.558153990000491,34.63616973904313,36.55181669772927,222.41145709252277,2026-06-25 04:48:14.603497,0.5940000000000001,0.20800000000000002,6.037674315999565,21.216410026305994,-34.68733,17.499939666666666
333.9595,8.568119491206794,34.63633581512955,36.56173639269664,222.3034898989647,2026-06-25 04:48:14.678478,0.5940000000000001,0.20800000000000002,6.03772555636319,21.06923547067951,-34.68733,17.499939666666666
333.848,8.576552160352128,34.63649594200527,36.569868794552306,222.23542249030214,2026-06-25 04:48:14.753458,0.5940000000000001,0.20800000000000002,6.037749466736647,21.035083622703755,-34.68733,17.499939666666666
333.55150000000003,8.583183420992315,34.636648568347326,36.57591485257736,222.17088875909405,2026-06-25 04:48:14.828439,0.5940000000000001,0.20800000000000002,6.037776791173395,20.960652985443254,-34.68733,17.499939666666666
333.271,8.588475334719385,34.63679517256808,36.580395856791945,222.11673447305512,2026-06-25 04:48:14.903419,0.5940000000000001,0.20800000000000002,6.037800699146283,20.963983799882566,-34.68733,17.499939666666666
333.117,8.591168789857868,34.63688889854098,36.58239171392649,222.08747837199257,2026-06-25 04:48:14.953406,0.5940000000000001,0.20800000000000002,6.037814360200832,20.965812482319834,-34.68733,17.499939666666666
332.883,8.593282776502821,34.63697963110376,36.583700344593495,222.0638667788348,2026-06-25 04:48:15.003393,0.6000000000000001,0.20800000000000002,6.037824605737179,20.968591129659583,-34.68733,17.499939666666666
332.702,8.594863081142112,34.63706739030745,36.584389555241586,222.35000711009255,2026-06-25 04:48:15.053380,0.5940000000000001,0.20800000000000002,6.037841681146227,20.970740425251435,-34.68733,17.499939666666666
332.42150000000004,8.596317612585633,34.63719315424257,36.58441333169759,222.33268897637083,2026-06-25 04:48:15.128360,0.5970000000000244,0.20600000000000002,6.037848511128029,20.974071239690744,-34.68733,17.499939666666666
332.146,8.597053352898936,34.637313136829185,36.583707806591526,222.31184045169684,2026-06-25 04:48:15.203341,0.5940000000000001,0.20800000000000002,6.037862170837098,20.977342681323652,-34.68733,17.499939666666666
331.9506666666667,8.597262685033236,34.637461893068966,36.582155389664315,222.34633444491547,2026-06-25 04:48:15.303315,0.6000000000000001,0.20800000000000002,6.037855341037106,20.96036041193953,-34.68733,17.499939666666666
331.571,8.597388981651244,34.637601650045504,36.580699820992265,222.9400361134334,2026-06-25 04:48:15.403289,0.6000000000000001,0.20800000000000002,6.037855341037106,20.870107094638687,-34.68733,17.499939666666666
331.349,8.597613028323217,34.63766720721872,36.580206481480865,222.9437784312526,2026-06-25 04:48:15.453276,0.6000000000000001,0.20800000000000002,6.03784851114015,20.817333864329314,-34.68733,17.499939666666666
330.968,8.598010566990808,34.6377302928552,36.57993053074777,223.256692124411,2026-06-25 04:48:15.503263,0.6000000000000001,0.20800000000000002,6.041706070889838,20.72676359069028,-34.68733,17.499939666666666
330.7785,8.598992949055514,34.63782020670392,36.58002440555505,223.5585563174513,2026-06-25 04:48:15.578243,0.5940000000000001,0.20800000000000002,6.039782392900351,20.681716171124403,-34.68733,17.499939666666666
330.39625,8.602217417285834,34.637984970915426,36.58204991082251,224.27908995207167,2026-06-25 04:48:15.728204,0.6000000000000001,0.20800000000000002,6.041725019755603,20.5986350917184,-34.68733,17.499939666666666
330.089,8.605710287994745,34.63811104494957,36.58502104281254,224.7599876171361,2026-06-25 04:48:15.853171,0.5940000000000001,0.20800000000000002,6.041736681550105,20.577888338996498,-34.68733,17.499939666666666
329.838,8.607280519173592,34.638203747426125,36.58648679324041,225.06403018073627,2026-06-25 04:48:15.903158,0.5940000000000001,0.20800000000000002,6.041740082613863,20.560939811955986,-34.68733,17.499939666666666
329.626,8.608895478539763,34.63824807180047,36.58801626072021,225.0465042024559,2026-06-25 04:48:15.953145,0.5940000000000001,0.20800000000000002,6.041746884668957,20.5466247213879,-34.68733,17.499939666666666
329.882,8.610535810396051,34.63815811874066,36.58957819488275,225.35241787276465,2026-06-25 04:48:16.003132,0.6000000000000001,0.20800000000000002,6.041753686627484,20.563910868488982,-34.68733,17.499939666666666
329.381,8.61218371008567,34.63829123712029,36.59114729993409,225.65442685491186,2026-06-25 04:48:16.053119,0.5940000000000001,0.20600000000000002,6.041757087570535,20.530081338420068,-34.68733,17.499939666666666
329.212,8.61382285937667,34.6383333928302,36.592703111224246,225.64080023157777,2026-06-25 04:48:16.103106,0.5940000000000001,0.20600000000000002,6.041760488489446,20.51866978037287,-34.68733,17.499939666666666
329.012,8.616239507071818,34.63839499235448,36.5949721843176,226.09172122171475,2026-06-25 04:48:16.178087,0.5940000000000001,0.20600000000000002,6.04177409191162,20.505651769725617,-34.68733,17.499939666666666
328.56733333333335,8.620109437097176,34.638494969006445,36.59843807226351,226.2203866634645,2026-06-25 04:48:16.303054,0.5940000000000001,0.20600000000000002,6.041780893495973,20.488359037995444,-34.68733,17.499939666666666
328.3,8.62294194806876,34.6385739486883,36.60077562615865,226.51661694303814,2026-06-25 04:48:16.403028,0.5940000000000001,0.20600000000000002,6.041787694971702,20.477962658049716,-34.68733,17.499939666666666
328.083,8.62415287243318,34.63861351177955,36.60168405269122,226.49003866348755,2026-06-25 04:48:16.453015,0.5940000000000001,0.20600000000000002,6.0418046982386056,20.469523701260854,-34.68733,17.499939666666666
327.889,8.625211057757522,34.63865337589296,36.60241407151962,226.79279700877228,2026-06-25 04:48:16.503002,0.5940000000000001,0.20600000000000002,6.0418148999091,20.461979196113205,-34.68733,17.499939666666666
327.498,8.626508498128171,34.63871420827476,36.60316639823995,226.94296930682228,2026-06-25 04:48:16.577982,0.5940000000000001,0.20600000000000002,6.0418148999091,20.446773518212535,-34.68733,17.499939666666666
327.41,8.62754917865918,34.63877651379124,36.60362237805044,227.0975062944744,2026-06-25 04:48:16.652963,0.5940000000000001,0.20600000000000002,6.0418148999091,20.456534336514654,-34.68733,17.499939666666666
327.15599999999995,8.62830249709598,34.638841318520385,36.603795133595845,227.08919456734304,2026-06-25 04:48:16.727943,0.5940000000000001,0.20600000000000002,6.041816600163378,20.511050696320947,-34.68733,17.499939666666666
326.838,8.62883293792975,34.6389086488392,36.60380730332055,227.08135335356306,2026-06-25 04:48:16.802924,0.5940000000000001,0.20600000000000002,6.041818300417658,20.579303461747685,-34.68733,17.499939666666666
326.56050000000005,8.629113058859327,34.638979790760445,36.60370110952874,227.06422358856875,2026-06-25 04:48:16.877904,0.5940000000000001,0.20600000000000002,6.041830202004526,20.638863657992726,-34.68733,17.499939666666666
326.37199999999996,8.629263364753978,34.63908073674955,36.603513780731376,227.06870340470653,2026-06-25 04:48:16.977878,0.5940000000000001,0.20600000000000002,6.041823401132224,20.679321665171813,-34.68733,17.499939666666666
325.967,8.62926628104892,34.63919017917904,36.603343766031216,227.38460921940134,2026-06-25 04:48:17.077852,0.5969999999999944,0.20600000000000002,6.041825101362368,20.760191996844434,-34.68733,17.499939666666666
325.767,8.629225381139042,34.639278298193936,36.60324050983899,227.06061955004327,2026-06-25 04:48:17.152833,0.6000000000000001,0.20600000000000002,6.041825101362368,20.72238012914913,-34.68733,17.499939666666666
325.357,8.62919238963536,34.639340587508975,36.60318581086282,227.05652122570007,2026-06-25 04:48:17.202820,0.6000000000000001,0.20800000000000002,6.041825101362368,20.644865800373754,-34.68733,17.499939666666666
324.855,8.629174775191773,34.639619791090965,36.60311082312774,227.3694452097419,2026-06-25 04:48:17.302794,0.5940000000000001,0.20600000000000002,6.041828501798518,20.54995801245853,-34.68733,17.499939666666666
325.1755,8.629195601369975,34.639473880721745,36.60311542045799,227.37465113830407,2026-06-25 04:48:17.302794,0.6000000000000001,0.20600000000000002,6.041826801580443,20.610551530440254,-34.68733,17.499939666666666
324.868,8.629315523281564,34.63947545841192,36.60307145408034,227.37639577342287,2026-06-25 04:48:17.402767,0.6000000000000001,0.20600000000000002,6.041821700902081,20.55241578385872,-34.68733,17.499939666666666
324.559,8.62953589817674,34.63973864472343,36.60304785709357,227.37174358837174,2026-06-25 04:48:17.477748,0.6000000000000001,0.20600000000000002,6.041821700902081,20.493996448269474,-34.68733,17.499939666666666
324.287,8.62979392056552,34.639864775952226,36.60300908365883,227.36382239615887,2026-06-25 04:48:17.552728,0.6000000000000001,0.20600000000000002,6.041825101362368,20.50017515725637,-34.68733,17.499939666666666
324.149,8.62995953090382,34.63995392543195,36.60295491607279,227.3577889763719,2026-06-25 04:48:17.602715,0.6000000000000001,0.20600000000000002,6.041828501798518,20.512486867914944,-34.68733,17.499939666666666
323.954,8.630101035490561,34.64004702057516,36.602861327550606,227.35494876129084,2026-06-25 04:48:17.652702,0.6000000000000001,0.20600000000000002,6.041828501798518,20.52988385036728,-34.68733,17.499939666666666
323.5385,8.630242879037995,34.6401948318709,36.60260507552937,227.34794981135218,2026-06-25 04:48:17.727683,0.6000000000000001,0.20600000000000002,6.041830202004526,20.566952805284952,-34.68733,17.499939666666666
323.392,8.630302335255562,34.64035106997785,36.60219808957408,227.66660101109196,2026-06-25 04:48:17.802663,0.6000000000000001,0.20600000000000002,6.041831902210534,20.580022845947862,-34.68733,17.499939666666666
322.90250000000003,8.6302325266143,34.64051819410728,36.60154372071895,227.66720627468905,2026-06-25 04:48:17.877644,0.6000000000000001,0.20600000000000002,6.041826801580443,20.623693732667956,-34.68733,17.499939666666666
322.6755,8.629854178103017,34.640756024561696,36.600230532460046,227.6682847395576,2026-06-25 04:48:17.977618,0.6000000000000001,0.20700000000000002,6.041825101362368,20.64394560454837,-34.68733,17.499939666666666
322.3175,8.628976479293218,34.641012342043894,36.59831316262424,227.98072973900034,2026-06-25 04:48:18.077592,0.6000000000000001,0.20600000000000002,6.041835302598415,20.633081398674594,-34.68733,17.499939666666666
321.938,8.627993961245313,34.64135880663596,36.59654060091005,227.98498733587454,2026-06-25 04:48:18.152572,0.5940000000000001,0.20600000000000002,6.041831902210534,20.62098713121067,-34.68733,17.499939666666666
322.131,8.62720548878056,34.6412163877214,36.59524314395505,227.9948368039949,2026-06-25 04:48:18.202559,0.5940000000000001,0.20600000000000002,6.041828501798518,20.627137839038173,-34.68733,17.499939666666666
321.60966666666667,8.625490729263547,34.64165979842833,36.59266006219782,228.0064395271362,2026-06-25 04:48:18.302533,0.5940000000000001,0.20600000000000002,6.0418202582653775,20.610523491815,-34.68733,17.499939666666666
321.372,8.6239313868887,34.641977036699735,36.59044357715203,228.32981667266438,2026-06-25 04:48:18.402507,0.5940000000000001,0.20600000000000002,6.045685596522069,20.60294930411032,-34.68733,17.499939666666666
320.996,8.623461355014411,34.642315435666305,36.589736682985475,228.33520176066983,2026-06-25 04:48:18.452494,0.5940000000000001,0.20600000000000002,6.041818300417658,20.576451647528014,-34.68733,17.499939666666666
321.187,8.623359276009309,34.642143796995015,36.58942593131531,228.34527955861708,2026-06-25 04:48:18.502481,0.5940000000000001,0.20600000000000002,6.041811499376405,20.5899118932919,-34.68733,17.499939666666666
320.625,8.623763461149831,34.64267327764254,36.589632930521425,228.66083151770644,2026-06-25 04:48:18.552468,0.5940000000000001,0.20600000000000002,6.041811499376405,20.550306353400266,-34.68733,17.499939666666666
320.812,8.624809835805038,34.6424919371159,36.59048936586566,228.66137771365982,2026-06-25 04:48:18.602455,0.5940000000000001,0.20600000000000002,6.0418080988195735,20.56348470920051,-34.68733,17.499939666666666
320.0135,8.629694175148064,34.643052700828946,36.59514675611129,228.79904913769818,2026-06-25 04:48:18.702429,0.5940000000000001,0.20600000000000002,6.043729892851441,20.507212425208568,-34.68733,17.499939666666666
320.133,8.6292563832408,34.64305034088728,36.594659468500424,228.96667576592606,2026-06-25 04:48:18.702429,0.5940000000000001,0.20600000000000002,6.041797897004257,20.515633887872355,-34.68733,17.499939666666666
319.821,8.637158718454755,34.643446275845285,36.6026767761871,229.23302954237386,2026-06-25 04:48:18.802403,0.5940000000000001,0.20600000000000002,6.041811499376405,20.49364647070832,-34.68733,17.499939666666666
319.577,8.645314937261208,34.643755892341986,36.61133418090473,229.16821241535385,2026-06-25 04:48:18.877383,0.5940000000000001,0.20600000000000002,6.045690676469468,20.476451182926183,-34.68733,17.499939666666666
319.3693333333333,8.66187571769509,34.64429416643568,36.62939778597771,229.67037632239794,2026-06-25 04:48:19.002351,0.5940000000000001,0.20600000000000002,6.0457474262635325,20.461816395647126,-34.68733,17.499939666666666
318.808,8.683791766913062,34.64497405196357,36.653414559505826,229.56797883641966,2026-06-25 04:48:19.152311,0.5940000000000001,0.20600000000000002,6.0458146843224,20.422257837416097,-34.68733,17.499939666666666
318.3745,8.704332541175221,34.645690083608955,36.675054913741214,230.08649847441177,2026-06-25 04:48:19.302272,0.5940000000000001,0.20600000000000002,6.045903990894988,20.39170801260645,-34.68733,17.499939666666666
318.619,8.704548386273006,34.64568829253956,36.67531818963568,229.91892835799084,2026-06-25 04:48:19.302272,0.5940000000000001,0.20600000000000002,6.045909069532517,20.40893853663404,-34.68733,17.499939666666666
317.99,8.71633816156596,34.64643605846602,36.68732159804883,230.12980951534485,2026-06-25 04:48:19.402246,0.5940000000000001,0.20600000000000002,6.045953074606334,20.364611339851407,-34.68733,17.499939666666666
318.154,8.72156695989053,34.646183450933144,36.69262551514581,230.09035275189456,2026-06-25 04:48:19.452233,0.5940000000000001,0.20600000000000002,6.045966613812405,20.376168828360708,-34.68733,17.499939666666666
317.809,8.726408905544726,34.6466918253061,36.697566044179716,230.34770658639962,2026-06-25 04:48:19.502220,0.5940000000000001,0.20600000000000002,6.046003844647739,20.35185581899663,-34.68733,17.499939666666666
317.49,8.73094493585433,34.64695060098807,36.70223869764191,230.3134213352365,2026-06-25 04:48:19.552207,0.5940000000000001,0.20600000000000002,6.046010613578331,20.329375094396216,-34.68733,17.499939666666666
317.383,8.735261581391237,34.647212230792434,36.706742182795765,230.2861560035449,2026-06-25 04:48:19.602194,0.5940000000000001,0.20600000000000002,6.046013998007607,20.321834537868803,-34.68733,17.499939666666666
317.224,8.739434466230893,34.647476556060525,36.711164864504134,230.579214102949,2026-06-25 04:48:19.652181,0.5940000000000001,0.20600000000000002,6.046024151151353,20.310629411814052,-34.68733,17.499939666666666
317.058,8.743520977038381,34.64774341451578,36.71557046768289,230.53763453116034,2026-06-25 04:48:19.702168,0.5940000000000001,0.20600000000000002,6.046041072577344,20.29893097832293,-34.68733,17.499939666666666
316.71799999999996,8.74955135846907,34.64814835317392,36.72220643521722,230.1585723396224,2026-06-25 04:48:19.777149,0.5940000000000001,0.20600000000000002,6.046056301320479,20.274970331413396,-34.68733,17.499939666666666
316.354,8.759396032330809,34.648972910468515,36.73317175956205,230.04962909373518,2026-06-25 04:48:19.902116,0.5940000000000001,0.20600000000000002,6.0461053685217685,20.24931834472202,-34.68733,17.499939666666666
316.207,8.761240237775805,34.64910981320588,36.73512805400441,230.04405299758116,2026-06-25 04:48:19.927109,0.5940000000000001,0.20600000000000002,6.04610029247816,20.238958888558194,-34.68733,17.499939666666666
316.462,8.763234271977645,34.64883282647496,36.737381219490736,230.0239624436797,2026-06-25 04:48:19.952103,0.5940000000000001,0.20600000000000002,6.0461121360117485,20.25692937374034,-34.68733,17.499939666666666
315.902,8.770603119786403,34.649668114830106,36.745262807426,229.95714358092474,2026-06-25 04:48:20.052077,0.5940000000000001,0.20600000000000002,6.046132437905552,20.217464778830525,-34.68733,17.499939666666666
315.682,8.775641996540905,34.65009003356154,36.75051001970148,229.90079941203766,2026-06-25 04:48:20.127057,0.5940000000000001,0.20600000000000002,6.046157814030577,20.201960830830245,-34.68733,17.499939666666666
315.35850000000005,8.781465160388272,34.65065535866704,36.75633187885179,229.51095709212427,2026-06-25 04:48:20.227031,0.5940000000000001,0.20600000000000002,6.046184880389914,20.179162980020738,-34.68733,17.499939666666666
315.028,8.786048776435699,34.65122274625059,36.7604576426196,229.2909687573383,2026-06-25 04:48:20.327005,0.5940000000000001,0.20600000000000002,6.046211945333212,20.155871821774856,-34.68733,17.499939666666666
314.802,8.789581076612132,34.651790768547166,36.76312361012461,229.0903903885408,2026-06-25 04:48:20.426979,0.5940000000000001,0.20600000000000002,6.046227168639348,20.139945038829108,-34.68733,17.499939666666666
314.5575,8.792661634079886,34.65235801808619,36.76518361320352,229.06217790987216,2026-06-25 04:48:20.526953,0.5940000000000001,0.20600000000000002,6.046235625835666,20.12271451480152,-34.68733,17.499939666666666
314.1545,8.796069024900023,34.65292311793985,36.76774108612953,228.88287430397781,2026-06-25 04:48:20.626927,0.5940000000000001,0.20600000000000002,6.046230551544272,20.09431410096463,-34.68733,17.499939666666666
313.89700000000005,8.800417169292185,34.65348473161146,36.771768056749856,228.67457285108233,2026-06-25 04:48:20.726901,0.5940000000000001,0.20600000000000002,6.046249156999424,20.076167434555213,-34.68733,17.499939666666666
313.689,8.804506801563033,34.653903056290616,36.77605277884349,228.6382190031875,2026-06-25 04:48:20.801881,0.5940000000000001,0.20600000000000002,6.046260996500758,20.06150915644585,-34.68733,17.499939666666666
313.283,8.807749799391205,34.654180088713325,36.7796478897967,228.61721331981624,2026-06-25 04:48:20.851868,0.5940000000000001,0.20600000000000002,6.046260996500758,20.032897325136236,-34.68733,17.499939666666666
313.039,8.815594412367272,34.65472928058923,36.78856302226415,228.5484214967655,2026-06-25 04:48:20.951842,0.5940000000000001,0.20600000000000002,6.046284674459667,20.0157020373541,-34.68733,17.499939666666666
313.082,8.815425012019173,34.6547283497452,36.788372743139156,228.55339769679978,2026-06-25 04:48:20.951842,0.5940000000000001,0.20600000000000002,6.046281292058634,20.018732354463246,-34.68733,17.499939666666666
312.73,8.824425585385987,34.65527103053507,36.798593443467645,228.4813577584101,2026-06-25 04:48:21.051816,0.5940000000000001,0.20600000000000002,6.04630158675275,19.993926037662796,-34.68733,17.499939666666666
312.40366666666665,8.834035614144602,34.65580348188248,36.8091897788667,228.38606701998643,2026-06-25 04:48:21.151790,0.5940000000000001,0.20600000000000002,6.046340731548354,19.970928514795705,-34.68733,17.499939666666666
312.151,8.843398087085742,34.65632802687612,36.819106612536494,227.97310933658926,2026-06-25 04:48:21.251764,0.5940000000000001,0.20600000000000002,6.046375993242118,19.953122465425682,-34.68733,17.499939666666666
311.955,8.847703559605426,34.65658606338415,36.823442084897245,227.90500133551285,2026-06-25 04:48:21.301751,0.5940000000000001,0.20600000000000002,6.0464165737065985,19.939309857207245,-34.68733,17.499939666666666
311.7315,8.85357611463629,34.656967672172186,36.82910794883831,227.85236355620077,2026-06-25 04:48:21.376732,0.5940000000000001,0.2070000000000013,6.046435171904958,19.92778987188337,-34.68733,17.499939666666666
311.3675,8.86055589297406,34.657466944632226,36.835564594535526,228.11990080013166,2026-06-25 04:48:21.476706,0.5940000000000001,0.20600000000000002,6.048379081942233,19.9090280165908,-34.68733,17.499939666666666
311.1655,8.866826528242683,34.65795419430833,36.84124556801787,228.065273527817,2026-06-25 04:48:21.576680,0.5940000000000001,0.20700000000000002,6.048397637799329,19.89861621777459,-34.68733,17.499939666666666
310.935,8.874123949842115,34.658545913355404,36.847951516499734,228.0013688896575,2026-06-25 04:48:21.701647,0.5940000000000001,0.20800000000000002,6.050348199463143,19.886735427541243,-34.68733,17.499939666666666
310.72950000000003,8.875433255681603,34.65865801675838,36.84927088130485,228.15266948546278,2026-06-25 04:48:21.726640,0.5940000000000001,0.20600000000000002,6.050349882896659,19.85648699630845,-34.68733,17.499939666666666
310.459,8.876909530865783,34.65877673637683,36.85060350748418,227.9711051188853,2026-06-25 04:48:21.751634,0.5940000000000001,0.20600000000000002,6.046501105249245,19.81667093475871,-34.68733,17.499939666666666
310.106,8.884628389287979,34.65944909072496,36.85842642279574,228.20379718976037,2026-06-25 04:48:21.901595,0.5940000000000001,0.20600000000000002,6.050402074111885,19.764711342422082,-34.68733,17.499939666666666
309.92049999999995,8.885648496162013,34.659554324760634,36.85949723188384,228.37163655998273,2026-06-25 04:48:21.926588,0.5940000000000001,0.20600000000000002,6.050390289313048,19.737406797440645,-34.68733,17.499939666666666
309.822,8.886941758666385,34.65966640718354,36.86086083495646,228.51328206328478,2026-06-25 04:48:21.951582,0.5940000000000001,0.20600000000000002,6.050402074111885,19.72290815765267,-34.68733,17.499939666666666
309.643,8.891148250928783,34.66009073693164,36.86518072333771,228.47485099594476,2026-06-25 04:48:22.051556,0.5940000000000001,0.20800000000000002,6.050415541818971,19.696560375702933,-34.68733,17.499939666666666
309.2326666666666,8.894671278054455,34.660500169393,36.86851318202543,228.44415537437146,2026-06-25 04:48:22.151530,0.5940000000000001,0.20600000000000002,6.05042294187892,19.639808659263732,-34.68733,17.499939666666666
308.793,8.897559547316545,34.66089820071245,36.87101951677439,228.7279261842856,2026-06-25 04:48:22.251504,0.5940000000000001,0.20600000000000002,6.050442476087139,19.658030411733467,-34.68733,17.499939666666666
308.5663333333334,8.899454705570866,34.66128048911278,36.872418723747735,228.7018167687567,2026-06-25 04:48:22.351478,0.5940000000000001,0.20600000000000002,6.050454949032351,19.667424491854327,-34.68733,17.499939666666666
308.014,8.900990805607432,34.661832019875746,36.873248068472556,228.67912109835314,2026-06-25 04:48:22.501438,0.5940000000000001,0.20600000000000002,6.050462675785575,19.69031565473708,-34.68733,17.499939666666666
308.144,8.90092055563112,34.66183044528889,36.873186503438696,228.68265106468968,2026-06-25 04:48:22.501438,0.5940000000000001,0.20600000000000002,6.050460992507213,19.684927873491294,-34.68733,17.499939666666666
307.817,8.901228456249182,34.66218314012267,36.87310197185662,228.67537815778974,2026-06-25 04:48:22.601412,0.5940000000000001,0.20800000000000002,6.050462675785575,19.69848021554801,-34.68733,17.499939666666666
307.594,8.901205519619088,34.6623541423434,36.87292111343714,228.67295375229503,2026-06-25 04:48:22.651399,0.5940000000000001,0.20600000000000002,6.050462675785575,19.693461655611276,-34.68733,17.499939666666666
307.2103333333333,8.901045023119865,34.662686484058526,36.87249879072889,228.9792994967888,2026-06-25 04:48:22.751373,0.5940000000000001,0.20600000000000002,6.050465921001929,19.684827332013104,-34.68733,17.499939666666666
306.908,8.900916561313087,34.66300958889305,36.87209698231301,228.67744166881047,2026-06-25 04:48:22.851347,0.5940000000000001,0.20600000000000002,6.050452576043784,19.67802339499873,-34.68733,17.499939666666666
306.78499999999997,8.90091269035409,34.66324409405077,36.87184046223947,228.82927053145443,2026-06-25 04:48:22.926328,0.5940000000000001,0.20800000000000002,6.050460992507213,19.67525531036995,-34.68733,17.499939666666666
306.3945,8.901009701670887,34.66354875351597,36.87153524301553,228.9850905993105,2026-06-25 04:48:23.026302,0.5940000000000001,0.20600000000000002,6.050462675773639,19.666467204292395,-34.68733,17.499939666666666
306.159,8.901152034515427,34.66377164886115,36.87131893435326,228.98162011660054,2026-06-25 04:48:23.101282,0.5940000000000001,0.20600000000000002,6.050462675785575,19.66116733494217,-34.68733,17.499939666666666
305.81,8.90127326356571,34.66406141514528,36.87118291941431,228.98067450740157,2026-06-25 04:48:23.151269,0.5940000000000001,0.20600000000000002,6.050459309228851,19.672231681430798,-34.68733,17.499939666666666
305.887,8.901396819990268,34.663917490080465,36.87106329657449,228.98105287255063,2026-06-25 04:48:23.201256,0.5940000000000001,0.20600000000000002,6.050459309228851,19.66979055054362,-34.68733,17.499939666666666
305.5635,8.901592816328783,34.66434325145423,36.870929680351374,228.96874060311376,2026-06-25 04:48:23.301230,0.5940000000000001,0.20600000000000002,6.050466042306492,19.680046470569614,-34.68733,17.499939666666666
305.3415,8.901676470912744,34.664482254193544,36.87090068457907,228.96398934901023,2026-06-25 04:48:23.351217,0.5940000000000001,0.20600000000000002,6.0504677255729185,19.687084536244328,-34.68733,17.499939666666666
305.092,8.901840301610473,34.66475676153605,36.87090391591884,228.96203115590455,2026-06-25 04:48:23.451191,0.5940000000000001,0.20800000000000002,6.050466042318428,19.694994434378746,-34.68733,17.499939666666666
305.049,8.90195410538742,34.6648919058862,36.870930129151354,228.9608126408544,2026-06-25 04:48:23.501178,0.5940000000000001,0.20800000000000002,6.050466042318428,19.69635766331574,-34.68733,17.499939666666666
304.812,8.902103752026123,34.665026062886625,36.87096829571559,228.96110405329154,2026-06-25 04:48:23.551165,0.5940000000000001,0.20800000000000002,6.050462675785575,19.712669112813458,-34.68733,17.499939666666666
304.406,8.902635071204164,34.66535800509425,36.87116998464363,228.95190952437082,2026-06-25 04:48:23.676132,0.5940000000000001,0.20700000000000002,6.050464359052001,19.740611933472003,-34.68733,17.499939666666666
304.488,8.902643849801112,34.6653575177873,36.871195374345064,228.95454911208816,2026-06-25 04:48:23.676132,0.5940000000000001,0.20800000000000002,6.050462675785575,19.734968309595153,-34.68733,17.499939666666666
303.7663333333333,8.90335869987056,34.665818271953746,36.87164159780127,229.25846522942552,2026-06-25 04:48:23.851087,0.5940000000000001,0.20800000000000002,6.050471867381686,19.78463678802352,-34.68733,17.499939666666666
303.359,8.903526826876737,34.66627880162879,36.87188108332317,228.92606974802365,2026-06-25 04:48:23.951061,0.5940000000000001,0.20800000000000002,6.050472775312519,19.81040398717326,-34.68733,17.499939666666666
303.4835,8.903471461353789,34.66608095624749,36.87203090106904,228.92239929504285,2026-06-25 04:48:24.026041,0.5940000000000001,0.20800000000000002,6.050477824992442,19.803895823642144,-34.68733,17.499939666666666
303.204,8.903359428534683,34.666477709725,36.87216608352834,229.25070478362818,2026-06-25 04:48:24.101022,0.5940000000000001,0.20800000000000002,6.050472775312519,19.81850652008349,-34.68733,17.499939666666666
302.9075,8.9032671304266,34.666678485103844,36.87225512017089,229.25335671808733,2026-06-25 04:48:24.176002,0.5940000000000001,0.20800000000000002,6.0504677255729185,19.834005881424662,-34.68733,17.499939666666666
302.3605,8.903233588496054,34.66694950255476,36.87226632808947,229.0865063999633,2026-06-25 04:48:24.275976,0.5940000000000001,0.20800000000000002,6.050466042318428,19.862599981436883,-34.68733,17.499939666666666
302.1933333333333,8.903424441021174,34.66729569720187,36.87220559848794,228.99465356457404,2026-06-25 04:48:24.400943,0.5940000000000001,0.20800000000000002,6.050476141773758,19.87133851961856,-34.68733,17.499939666666666
301.906,8.903896350038847,34.667578824964785,36.8723432082326,229.23668553956094,2026-06-25 04:48:24.500917,0.5940000000000001,0.20800000000000002,6.050469408827409,19.851780174192275,-34.68733,17.499939666666666
301.53,8.90435544327198,34.66772334342054,36.872603115227356,229.22658896113603,2026-06-25 04:48:24.550904,0.5940000000000001,0.20600000000000002,6.050472775312519,19.805771081647137,-34.68733,17.499939666666666
301.31899999999996,8.90545258026643,34.667944110126705,36.87337171468586,229.21484094256837,2026-06-25 04:48:24.625885,0.5940000000000001,0.20600000000000002,6.052404500543513,19.779952149394415,-34.68733,17.499939666666666
301.146,8.907077697222181,34.66816917148526,36.8746587822513,229.20448756549152,2026-06-25 04:48:24.700865,0.5940000000000001,0.20600000000000002,6.050476141773758,19.758783072239346,-34.68733,17.499939666666666
301.04,8.908591050446486,34.66832227321163,36.87597067341603,229.19181081366915,2026-06-25 04:48:24.750852,0.5940000000000001,0.20600000000000002,6.050479508211126,19.74581242380907,-34.68733,17.499939666666666
300.637,8.910471663606332,34.668635904905294,36.877699583655854,229.1776674171268,2026-06-25 04:48:24.800839,0.5940000000000001,0.20600000000000002,6.054336212077042,19.696499486852453,-34.68733,17.499939666666666
300.725,8.91273454020915,34.66847781407658,36.879890523364026,229.16733565907,2026-06-25 04:48:24.850826,0.5940000000000001,0.20600000000000002,6.050479508211126,19.707267572341742,-34.68733,17.499939666666666
300.438,8.915377972976389,34.668796653055246,36.88256721643611,229.14314157301138,2026-06-25 04:48:24.900813,0.5940000000000001,0.20600000000000002,6.0543429175332815,19.672148929893723,-34.68733,17.499939666666666
300.0915,8.920060092253276,34.66904334752805,36.8875296569903,229.09521856937192,2026-06-25 04:48:24.975793,0.5940000000000001,0.20600000000000002,6.050504755727543,19.65513548586585,-34.68733,17.499939666666666
299.999,8.925351700202256,34.669295860711685,36.893318618662185,229.3875032596325,2026-06-25 04:48:25.050774,0.5940000000000001,0.20600000000000002,6.054366385881277,19.65059365737356,-34.68733,17.499939666666666
299.745,8.929157706440245,34.669468238639475,36.897577652769684,229.35794937866106,2026-06-25 04:48:25.100761,0.5940000000000001,0.20600000000000002,6.054373090909615,19.638122041837974,-34.68733,17.499939666666666
299.583,8.933045856846874,34.66964375504079,36.901969962182605,229.3067953493388,2026-06-25 04:48:25.150748,0.5940000000000001,0.20600000000000002,6.050543465985987,19.630167704370397,-34.68733,17.499939666666666
299.369,8.936903974149065,34.66982249440309,36.90633634898157,229.27001755491338,2026-06-25 04:48:25.200735,0.5940000000000001,0.20600000000000002,6.05441331908296,19.619660122777425,-34.68733,17.499939666666666
299.16700000000003,8.943913358252402,34.6701916853291,36.914195095930694,229.19500246483028,2026-06-25 04:48:25.300709,0.5940000000000001,0.20600000000000002,6.054446839364016,19.609741751367235,-34.68733,17.499939666666666
298.9625,8.947025502494194,34.670380593291696,36.917623690825096,229.16579406416932,2026-06-25 04:48:25.350696,0.5940000000000001,0.20600000000000002,6.054456895314061,19.59710879612082,-34.68733,17.499939666666666
298.53,8.952353254457444,34.670966822761656,36.92330269306448,229.10401167961166,2026-06-25 04:48:25.450670,0.5940000000000001,0.20600000000000002,6.054483710151018,19.5506824045848,-34.68733,17.499939666666666
298.842,8.954353331511141,34.670767203760214,36.92523639478894,229.0937023675996,2026-06-25 04:48:25.500657,0.5940000000000001,0.20600000000000002,6.054487061845234,19.584173813045467,-34.68733,17.499939666666666
298.387,8.955989866207137,34.67117013903667,36.926677886075495,229.06908998398706,2026-06-25 04:48:25.550644,0.5940000000000001,0.20600000000000002,6.054497116785307,19.535332175706998,-34.68733,17.499939666666666
298.1595,8.957779529309377,34.671482632291706,36.92800668855989,229.05170266118049,2026-06-25 04:48:25.625624,0.5909999999999976,0.20700000000000082,6.0545021441721785,19.51091135703776,-34.68733,17.499939666666666
298.041,8.958982117967587,34.67180275562357,36.92869651844594,229.03471424151044,2026-06-25 04:48:25.700605,0.5940000000000001,0.20600000000000002,6.054510523039411,19.49819106247818,-34.68733,17.499939666666666
297.627,8.959763141774866,34.67236095051973,36.928913695209054,229.01463029465907,2026-06-25 04:48:25.800579,0.5940000000000001,0.20800000000000002,6.0545205774805035,19.453750539713067,-34.68733,17.499939666666666
297.735,8.959762485936071,34.672243797745956,36.928883230204846,229.02512434112774,2026-06-25 04:48:25.825572,0.5940000000000001,0.20800000000000002,6.054512198791473,19.465343719564835,-34.68733,17.499939666666666
297.371,8.96005440969697,34.67270256786118,36.928925896139404,229.01554334900283,2026-06-25 04:48:25.900552,0.5940000000000001,0.20800000000000002,6.054515550283718,19.47979982062282,-34.68733,17.499939666666666
297.061,8.9602889707575,34.673173274705995,36.92908435125256,229.0049488857433,2026-06-25 04:48:26.000526,0.5940000000000001,0.20800000000000002,6.0545205774805035,19.511343871724467,-34.68733,17.499939666666666
296.862,8.960502613277168,34.67341562948602,36.92935198468131,229.00146360463313,2026-06-25 04:48:26.050513,0.5940000000000001,0.20800000000000002,6.0545205774805035,19.53159311743165,-34.68733,17.499939666666666
296.7405,8.96115312195934,34.67378719483788,36.93011331439621,229.1593310195349,2026-06-25 04:48:26.125494,0.5940000000000001,0.20800000000000002,6.0545205774805035,19.54395635036343,-34.68733,17.499939666666666
296.4755,8.962872204920647,34.674296009151334,36.931962182171944,228.9878780219975,2026-06-25 04:48:26.225468,0.5940000000000001,0.20800000000000002,6.0545172260239,19.570337185228293,-34.68733,17.499939666666666
296.1905,8.965967895654964,34.674820858373636,36.93516572190751,229.12038963192535,2026-06-25 04:48:26.325442,0.5940000000000001,0.20800000000000002,6.054527280310553,19.577136200320066,-34.68733,17.499939666666666
295.944,8.969335506029175,34.67522446607397,36.93863038364633,229.25944003746747,2026-06-25 04:48:26.400422,0.5940000000000001,0.20800000000000002,6.054530631707758,19.583016751969616,-34.68733,17.499939666666666
295.5886666666667,8.97569170730471,34.6757784088476,36.945244308794486,229.20490885939034,2026-06-25 04:48:26.500396,0.5924186046511661,0.20600000000000002,6.054546868590377,19.591493652657135,-34.68733,17.499939666666666
295.395,8.986117736146467,34.67649032075681,36.95619664113211,229.11534048599893,2026-06-25 04:48:26.625364,0.5940000000000001,0.20800000000000002,6.054577548595854,19.596113802093768,-34.68733,17.499939666666666
294.963,8.996865846699361,34.67707772199426,36.96764008861206,229.0353865851153,2026-06-25 04:48:26.725337,0.5940000000000001,0.20800000000000002,6.054595978898852,19.6102406746074,-34.68733,17.499939666666666
294.683,9.01267799023037,34.67783251165236,36.98510264560634,229.23496306155292,2026-06-25 04:48:26.850305,0.5940000000000001,0.20800000000000002,6.054634512869632,19.63710680801018,-34.68733,17.499939666666666
294.5435,9.016108878736624,34.67799034773544,36.98918081318287,228.8661786596502,2026-06-25 04:48:26.875298,0.5940000000000001,0.20700000000000002,6.05465628993821,19.650491899473348,-34.68733,17.499939666666666
294.46,9.019413755970712,34.67814099476373,36.992832290371986,228.85391442200998,2026-06-25 04:48:26.900292,0.5940000000000001,0.20800000000000002,6.054651265757938,19.658503764255965,-34.68733,17.499939666666666
294.114,9.032651077452982,34.6787686094305,37.008293067897505,228.70901633573374,2026-06-25 04:48:27.000266,0.5940000000000001,0.20800000000000002,6.054718271374003,19.69170262910368,-34.68733,17.499939666666666
294.013,9.038815648337492,34.679087626819204,37.015476626852355,228.65433641332748,2026-06-25 04:48:27.050253,0.5940000000000001,0.20600000000000002,6.054738371206631,19.70139362722397,-34.68733,17.499939666666666
293.592,9.044472372617355,34.67973577656378,37.02198812096019,228.59846629850563,2026-06-25 04:48:27.100240,0.5940000000000001,0.20800000000000002,6.054758470184499,19.741788777804572,-34.68733,17.499939666666666
293.75,9.049512555748494,34.67941003705322,37.02766411536067,228.20262245075511,2026-06-25 04:48:27.150227,0.5940000000000001,0.20800000000000002,6.054802015037836,19.72662860252729,-34.68733,17.499939666666666
293.31899999999996,9.055723799269003,34.68023087820298,37.03428609051322,228.1382239036617,2026-06-25 04:48:27.225207,0.5940000000000001,0.20699999999999646,6.054827135216968,19.65126604769135,-34.68733,17.499939666666666
293.099,9.061808895245711,34.68090148585199,37.04000125632231,228.08236263891595,2026-06-25 04:48:27.325181,0.5940000000000001,0.20800000000000002,6.0548472304202985,19.578317327453608,-34.68733,17.499939666666666
293.027,9.064901029209754,34.6814120228017,37.0422667108724,227.72848638949785,2026-06-25 04:48:27.400162,0.5940000000000001,0.20800000000000002,6.0548589522543415,19.55444320083034,-34.68733,17.499939666666666
292.7445,9.066826002424754,34.681929808089265,37.0430790505751,227.70601915484968,2026-06-25 04:48:27.475142,0.5940000000000001,0.20700000000000185,6.054867324792897,19.460770412343237,-34.68733,17.499939666666666
292.527,9.068059950335718,34.68245315439696,37.04315687149,227.3642795220142,2026-06-25 04:48:27.550122,0.5940000000000001,0.20800000000000002,6.0548756971890505,19.38865065483545,-34.68733,17.499939666666666
292.386,9.068562987505464,34.682805622948024,37.0429389090454,227.35614659595885,2026-06-25 04:48:27.600109,0.5940000000000001,0.20800000000000002,6.0548790461047926,19.3418971568649,-34.68733,17.499939666666666
292.0295,9.069056659309034,34.68333942958802,37.04250896672623,227.35472893117978,2026-06-25 04:48:27.675090,0.5940000000000001,0.20699999999999188,6.0548740227193125,19.402890668184035,-34.68733,17.499939666666666
291.70500000000004,9.069495001159872,34.68405924385923,37.042036924064675,227.34633516942603,2026-06-25 04:48:27.775064,0.5940000000000001,0.20600000000000002,6.0548756971771835,19.45840930611687,-34.68733,17.499939666666666
291.55899999999997,9.069858191657005,34.684788119544635,37.0418667602728,227.32916725326052,2026-06-25 04:48:27.875038,0.5940000000000001,0.20600000000000002,6.05488741828735,19.483388415941825,-34.68733,17.499939666666666
291.151,9.07024694782332,34.68534003898959,37.042047947008,226.99397131520595,2026-06-25 04:48:27.950018,0.5940000000000001,0.20600000000000002,6.054892441530434,19.55319305161701,-34.68733,17.499939666666666
291.021,9.070691689339416,34.68571060458839,37.04243246975719,226.98987647517689,2026-06-25 04:48:28.000005,0.5940000000000001,0.20600000000000002,6.054892441530434,19.57543472474881,-34.68733,17.499939666666666
290.606,9.073020315728193,34.68683298360393,37.04482031444807,226.9781962734987,2026-06-25 04:48:28.116641,0.5940000000000001,0.20600000000000002,6.0548870678197,19.607314054153075,-34.68733,17.499939666666666
290.682,9.073665817191397,34.68658351127642,37.04548853987156,227.3003184270061,2026-06-25 04:48:28.149966,0.6000000000000001,0.20600000000000002,6.054885743865078,19.601475911900724,-34.68733,17.499939666666666
290.32349999999997,9.07852267335479,34.68777923731925,37.05061403304636,227.1073749490149,2026-06-25 04:48:28.274934,0.5970000000000044,0.20600000000000002,6.054887418263618,19.62901504344634,-34.68733,17.499939666666666
289.9303333333333,9.084960825541474,34.68873363476148,37.057443173838266,227.08994627012092,2026-06-25 04:48:28.399901,0.5940000000000001,0.20600000000000002,6.054923075729756,19.659217187247407,-34.68733,17.499939666666666
289.49249999999995,9.09378659418632,34.68988716669741,37.066759401351625,226.95374800883374,2026-06-25 04:48:28.549862,0.5940000000000001,0.20600000000000002,6.054947693573608,19.692850519916085,-34.68733,17.499939666666666
289.688,9.093751402464603,34.68988680175163,37.06673753159838,226.79647809894098,2026-06-25 04:48:28.549862,0.5940000000000001,0.20600000000000002,6.054946019436087,19.67783266714853,-34.68733,17.499939666666666
288.95799999999997,9.10159552762319,34.69085325899017,37.074850913540786,227.04896898522458,2026-06-25 04:48:28.674829,0.5940000000000001,0.20600000000000002,6.054966109572759,19.592289735490024,-34.68733,17.499939666666666
288.7676666666666,9.109267888720334,34.6918225777529,37.08267270640466,226.95066730953332,2026-06-25 04:48:28.799797,0.5940000000000001,0.20800000000000002,6.0550180274865575,19.553745069327952,-34.68733,17.499939666666666
288.497,9.115082641258855,34.6925989406862,37.0884530522862,226.9158916551847,2026-06-25 04:48:28.899771,0.5940000000000001,0.20800000000000002,6.0550196791383915,19.498931988901344,-34.68733,17.499939666666666
288.078,9.117872480275256,34.69298719048358,37.091116479687855,226.88616997104833,2026-06-25 04:48:28.949758,0.5940000000000001,0.20800000000000002,6.05502972275361,19.43154443576207,-34.68733,17.499939666666666
287.91150000000005,9.123352711371464,34.69376306468067,37.09624633526055,226.83954116129323,2026-06-25 04:48:29.049732,0.5940000000000001,0.20800000000000002,6.055044787749457,19.404766326937054,-34.68733,17.499939666666666
287.79200000000003,9.126078419678441,34.694150589951846,37.0988349432629,226.9781447452875,2026-06-25 04:48:29.099719,0.5940000000000001,0.2070000000000019,6.055051483160844,19.385547203786352,-34.68733,17.499939666666666
287.464,9.131508967830333,34.69492455419169,37.10416421116257,227.08043497073376,2026-06-25 04:48:29.199692,0.5940000000000001,0.20800000000000002,6.05507659013523,19.332795133548448,-34.68733,17.499939666666666
287.317,9.13420767128237,34.69531051474395,37.10698988269081,227.0575746537593,2026-06-25 04:48:29.249679,0.5940000000000001,0.20800000000000002,6.055083285095959,19.309153199630856,-34.68733,17.499939666666666
287.094,9.138248674693198,34.695887911547544,37.11136965080425,227.01965499361407,2026-06-25 04:48:29.324660,0.5940000000000001,0.20800000000000002,6.055096674720954,19.273288225048383,-34.68733,17.499939666666666
286.79449999999997,9.143695246701876,34.69665469178757,37.11731000218886,226.96454404634056,2026-06-25 04:48:29.424634,0.5940000000000001,0.20800000000000002,6.05511843208042,19.227221302139064,-34.68733,17.499939666666666
286.617,9.149329137836219,34.69741707313648,37.12329968020019,226.92434342029784,2026-06-25 04:48:29.524608,0.5940000000000001,0.20800000000000002,6.05512680001649,19.208362835411627,-34.68733,17.499939666666666
286.266,9.153724351611327,34.69798568088426,37.12787784006102,226.86881476286163,2026-06-25 04:48:29.599588,0.5940000000000001,0.20600000000000002,6.05515357645626,19.17107088148863,-34.68733,17.499939666666666
285.794,9.159980702029776,34.69873851948359,37.13429787735231,226.81343533072558,2026-06-25 04:48:29.699562,0.5940000000000001,0.20800000000000002,6.059023613110669,19.12092329672608,-34.68733,17.499939666666666
285.95,9.160068077974916,34.698737707866016,37.13438169386978,226.81823173655695,2026-06-25 04:48:29.699562,0.5940000000000001,0.20800000000000002,6.057093608307813,19.137497498469635,-34.68733,17.499939666666666
285.596,9.170914649069202,34.699854755941594,37.1454757171875,227.04892269603323,2026-06-25 04:48:29.849523,0.5940000000000001,0.20600000000000002,6.055196785076938,19.100609920901,-34.68733,17.499939666666666
285.361,9.179592272173144,34.70059068006946,37.15444648115599,226.9689401293925,2026-06-25 04:48:29.949497,0.5940000000000001,0.20600000000000002,6.055227203808426,19.086263066263275,-34.68733,17.499939666666666
285.1655,9.187320315599983,34.70113653912284,37.162608186782364,227.2504512235625,2026-06-25 04:48:30.024478,0.5940000000000001,0.20600000000000002,6.055227203796573,19.074327704213594,-34.68733,17.499939666666666
284.769,9.20179864819071,34.70203490970905,37.178296976583304,227.27592114353502,2026-06-25 04:48:30.149445,0.5940000000000001,0.20600000000000002,6.055280742806748,19.050121202665263,-34.68733,17.499939666666666
284.6185,9.207804839934216,34.70239054479177,37.184821250612956,227.38536693433218,2026-06-25 04:48:30.199432,0.5940000000000001,0.20600000000000002,6.059151922599423,19.040933110652592,-34.68733,17.499939666666666
284.199,9.219746957813511,34.70309579289013,37.19764190970798,227.27468341281627,2026-06-25 04:48:30.299406,0.5940000000000001,0.20600000000000002,6.055340968966845,19.015322448863127,-34.68733,17.499939666666666
283.96600000000007,9.230431972549392,34.70378882636898,37.208668494875624,227.18082891184943,2026-06-25 04:48:30.399380,0.5940000000000001,0.20600000000000002,6.05631661532245,19.001097695115938,-34.68733,17.499939666666666
283.633,9.239700382970272,34.70481064850698,37.21801630936189,227.38779232261695,2026-06-25 04:48:30.499354,0.5940000000000001,0.20600000000000002,6.059286861504927,18.980767896842053,-34.68733,17.499939666666666
283.706,9.243578739918556,34.704473056184504,37.221866374911855,227.35503714855452,2026-06-25 04:48:30.549341,0.5940000000000001,0.20600000000000002,6.059300186619854,18.98522457934654,-34.68733,17.499939666666666
283.157,9.247028905866214,34.70547746202632,37.22527443668954,227.31611171080922,2026-06-25 04:48:30.599328,0.5940000000000001,0.20600000000000002,6.0593135113572885,18.951707884895004,-34.68733,17.499939666666666
283.299,9.250091979495522,34.705145462898955,37.22828433355343,227.29178969695386,2026-06-25 04:48:30.649315,0.5940000000000001,0.20600000000000002,6.059323504662644,18.960377048122904,-34.68733,17.499939666666666
282.9475,9.254038517511853,34.705969749287334,37.2321301001579,227.25267713165536,2026-06-25 04:48:30.724295,0.5940000000000001,0.20600000000000002,6.059336828727709,18.938917816611585,-34.68733,17.499939666666666
282.742,9.25747354988332,34.70645625699297,37.23545394369332,227.54164548670204,2026-06-25 04:48:30.799276,0.5940000000000001,0.20600000000000002,6.059350152438917,18.92637195010924,-34.68733,17.499939666666666
282.562,9.262014235141054,34.70719710180957,37.23986613089962,227.49605508251187,2026-06-25 04:48:30.915912,0.5982461538461533,0.20600000000000002,6.059368343742634,18.915382869961192,-34.68733,17.499939666666666
282.282,9.263284208025127,34.70740877774868,37.24109954958588,227.4918749816066,2026-06-25 04:48:30.949236,0.5940000000000001,0.20600000000000002,6.059363475760897,18.898288745286457,-34.68733,17.499939666666666
281.9845,9.267780363518572,34.70818187786726,37.24554142870815,227.44147950649506,2026-06-25 04:48:31.074204,0.5940000000000001,0.20600000000000002,6.059385125351213,18.880126237819553,-34.68733,17.499939666666666
281.7595,9.271471266302388,34.70878737704265,37.24920889125265,227.40523782048396,2026-06-25 04:48:31.174178,0.5940000000000001,0.20600000000000002,6.059398447658923,18.866389887634497,-34.68733,17.499939666666666
281.324,9.276553494917488,34.7095272250877,37.254582929940455,227.64165078011322,2026-06-25 04:48:31.299145,0.5946818181818179,0.20600000000000002,6.05941638681825,18.83980241872076,-34.68733,17.499939666666666
281.029,9.281167047207322,34.7103931226062,37.259747942706404,227.63969800830432,2026-06-25 04:48:31.399119,0.6000000000000001,0.20600000000000002,6.059426756386478,18.821792537367017,-34.68733,17.499939666666666
281.108,9.283766813015136,34.71010761732947,37.26272323148906,227.61695582667778,2026-06-25 04:48:31.449106,0.5940000000000001,0.20600000000000002,6.0594367472858925,18.826615522543104,-34.68733,17.499939666666666
280.738,9.286559561487005,34.7106758743461,37.26591878277093,227.5947205758343,2026-06-25 04:48:31.499093,0.5940000000000001,0.20600000000000002,6.0594400775385315,18.804026857794348,-34.68733,17.499939666666666
280.66,9.289542249706372,34.71095592025258,37.26931225531404,227.57129025424894,2026-06-25 04:48:31.549080,0.5940000000000001,0.20600000000000002,6.05944673797306,18.79926492306353,-34.68733,17.499939666666666
280.1616,9.299769616346692,34.71177791152373,37.28043540583203,227.80706028197153,2026-06-25 04:48:31.699041,0.5991294117647104,0.20600000000000002,6.0594748803862375,18.7688373811425,-34.68733,17.499939666666666
279.748,9.3114698190021,34.71258267623474,37.292495097120586,227.70454047570945,2026-06-25 04:48:31.849002,0.5940000000000001,0.20600000000000002,6.059510007396708,18.743586916980107,-34.68733,17.499939666666666
279.372,9.320465570597046,34.71310556770923,37.301709486515364,227.61296467229323,2026-06-25 04:48:31.948976,0.594825000000002,0.20600000000000002,6.062869858441254,18.72063194955975,-34.68733,17.499939666666666
279.094,9.329547981754235,34.71362161860019,37.31119788505659,227.864404218214,2026-06-25 04:48:32.048950,0.5940000000000001,0.20600000000000002,6.063421003950214,18.703659925775547,-34.68733,17.499939666666666
278.97,9.335825862377376,34.71400301540832,37.31775920290651,227.80008010517773,2026-06-25 04:48:32.123930,0.5940000000000001,0.20600000000000002,6.063449186374458,18.69608967056245,-34.68733,17.499939666666666
278.51800000000003,9.34296165353068,34.71450598343622,37.32504615261715,227.71333230199522,2026-06-25 04:48:32.223904,0.5940000000000001,0.20600000000000002,6.0634906281693235,18.668494869301806,-34.68733,17.499939666666666
278.192,9.348351959387436,34.715003079574124,37.330299345955844,227.66405564853142,2026-06-25 04:48:32.323878,0.5940000000000001,0.20600000000000002,6.063507203896752,18.64859242414479,-34.68733,17.499939666666666
277.904,9.351328781074589,34.71537276040736,37.33307601144829,227.62742254842018,2026-06-25 04:48:32.398859,0.5940000000000001,0.20600000000000002,6.063523778990488,18.631009895907923,-34.68733,17.499939666666666
277.767,9.35343590710617,34.7157398580296,37.3349410743121,227.6058226540218,2026-06-25 04:48:32.473839,0.5940000000000001,0.20600000000000002,6.0635320663144014,18.622645984906356,-34.68733,17.499939666666666
277.51599999999996,9.355436574489133,34.716226657487994,37.33659437560782,227.59255225622786,2026-06-25 04:48:32.573813,0.5940000000000001,0.20600000000000002,6.063532066290934,18.60732232314436,-34.68733,17.499939666666666
277.16366666666664,9.357069149648838,34.71683212751329,37.33786741954622,227.89643892192103,2026-06-25 04:48:32.698780,0.5940000000000001,0.20600000000000002,6.063539144297857,18.585812216261985,-34.68733,17.499939666666666
276.9755,9.358185841634228,34.71743647656406,37.33878369966104,227.8812179063763,2026-06-25 04:48:32.823748,0.5940000000000001,0.20600000000000002,6.063545325732273,18.60519190183392,-34.68733,17.499939666666666
276.43499999999995,9.35889674972443,34.7180421545239,37.33948987582236,227.8657550664273,2026-06-25 04:48:32.948715,0.5940000000000001,0.20600000000000002,6.063550297908371,18.683791458070807,-34.68733,17.499939666666666
276.519,9.358919104787221,34.71804186842255,37.33949989071331,227.86650303980474,2026-06-25 04:48:32.948715,0.5940000000000001,0.20600000000000002,6.063550297920105,18.67157617088505,-34.68733,17.499939666666666
276.121,9.359302729314246,34.71852865934076,37.339976874888265,227.8524803628142,2026-06-25 04:48:33.048689,0.5940000000000001,0.20800000000000002,6.063556927417836,18.729453364931818,-34.68733,17.499939666666666
276.032,9.359468650270689,34.718773308414185,37.34019016462037,227.8430636068163,2026-06-25 04:48:33.098676,0.5940000000000001,0.20800000000000002,6.063563556821703,18.742395752545292,-34.68733,17.499939666666666
275.7635,9.359771636332594,34.719142458252676,37.34047569269934,227.849235747266,2026-06-25 04:48:33.173657,0.5940000000000001,0.20800000000000002,6.06355361266897,18.7142992729988,-34.68733,17.499939666666666
275.52599999999995,9.360346592173027,34.71963908568108,37.340808719840155,227.84503148088896,2026-06-25 04:48:33.273631,0.5940000000000001,0.20800000000000002,6.0635519553004045,18.689446707291932,-34.68733,17.499939666666666
275.339,9.360906498378853,34.72001547777722,37.341047627912104,227.83793729511336,2026-06-25 04:48:33.348611,0.5940000000000001,0.20600000000000002,6.063553612680704,18.66987858187222,-34.68733,17.499939666666666
275.154,9.361541848321448,34.72039649020097,37.341319481448295,227.82682159568515,2026-06-25 04:48:33.423591,0.5940000000000001,0.20800000000000002,6.063558584774669,18.650519741216346,-34.68733,17.499939666666666
275.049,9.362186867045367,34.72078167483467,37.34164630484396,227.82012849508845,2026-06-25 04:48:33.498572,0.5940000000000001,0.20800000000000002,6.063560242131502,18.639532291114364,-34.68733,17.499939666666666
274.5806666666667,9.363267192939682,34.7214841543633,37.34247168369087,227.79902112276818,2026-06-25 04:48:33.631871,0.5940000000000001,0.20800000000000002,6.063569199895566,18.60469839214191,-34.68733,17.499939666666666
274.4255,9.363589934003766,34.72170262059543,37.34272745523624,227.7962407747495,2026-06-25 04:48:33.673526,0.5940000000000001,0.20800000000000002,6.063568528810072,18.63806904051297,-34.68733,17.499939666666666
274.144,9.364630824389044,34.72238087012554,37.34368311140208,228.1137111474369,2026-06-25 04:48:33.798494,0.5940000000000001,0.20800000000000002,6.063566871488438,18.69860934674146,-34.68733,17.499939666666666
273.99,9.365065944300571,34.72265782657764,37.34405557922995,227.78483609105248,2026-06-25 04:48:33.848481,0.5940000000000001,0.20800000000000002,6.063566871488438,18.73172908798191,-34.68733,17.499939666666666
273.70950000000005,9.365683693391158,34.723080059745456,37.344531878295456,227.77460269398642,2026-06-25 04:48:33.923461,0.5940000000000001,0.20800000000000002,6.063570186119974,18.792054330955587,-34.68733,17.499939666666666
273.365,9.36637978059248,34.72365505036712,37.34499307145334,227.91812071605432,2026-06-25 04:48:34.023435,0.5940000000000001,0.20700000000000002,6.063580129920723,18.836408880898617,-34.68733,17.499939666666666
273.1565,9.366943108796395,34.72424537251122,37.345330438274274,227.7481427403686,2026-06-25 04:48:34.123409,0.5940000000000001,0.20600000000000002,6.063581787195428,18.81159009122215,-34.68733,17.499939666666666
272.947,9.367344601255718,34.724698242044205,37.34563104253972,227.75247162059787,2026-06-25 04:48:34.198390,0.5940000000000001,0.20600000000000002,6.06357350075151,18.786652266583207,-34.68733,17.499939666666666
272.585,9.36800001601694,34.72531994996986,37.34638324919128,227.72995491881164,2026-06-25 04:48:34.298363,0.5940000000000001,0.20600000000000002,6.063586758996078,18.743561610166513,-34.68733,17.499939666666666
272.74249999999995,9.368048124753976,34.72531771243888,37.34647608534552,227.73498514509632,2026-06-25 04:48:34.298363,0.5940000000000001,0.20600000000000002,6.063583444458401,18.762309616756646,-34.68733,17.499939666666666
272.3446666666667,9.369873127669004,34.726282311795316,37.34908651788571,227.7172221226557,2026-06-25 04:48:34.448324,0.5991881188118814,0.20600000000000002,6.063586310495868,18.714953540851198,-34.68733,17.499939666666666
272.18,9.371992881157283,34.726946396239995,37.35207926841071,228.03173748158142,2026-06-25 04:48:34.548298,0.5940000000000001,0.20600000000000002,6.063583444470133,18.69933463924053,-34.68733,17.499939666666666
271.764,9.37536532107603,34.7276334899905,37.35638533005968,228.0034529921842,2026-06-25 04:48:34.648272,0.5986415094339622,0.20600000000000002,6.0635890103403165,18.668020386860224,-34.68733,17.499939666666666
271.35133333333334,9.382520192317642,34.72869989319447,37.36463744573013,227.93642639070714,2026-06-25 04:48:34.798233,0.5940000000000001,0.20600000000000002,6.063612064358174,18.636957049963733,-34.68733,17.499939666666666
271.1095,9.390101052090799,34.72962348918472,37.37281051241723,227.86043962506764,2026-06-25 04:48:34.923201,0.5940000000000001,0.20600000000000002,6.065568157659986,18.61490811471438,-34.68733,17.499939666666666
270.79025,9.400602279348744,34.73078010790223,37.3829578662379,227.78685558948885,2026-06-25 04:48:35.073162,0.5940000000000001,0.20611979166666622,6.063657748059268,18.560567507836144,-34.68733,17.499939666666666
270.534,9.409745058796128,34.7317756633878,37.39097506162207,227.68016256565724,2026-06-25 04:48:35.198129,0.5940000000000001,0.20800000000000002,6.063709379962956,18.516950340999657,-34.68733,17.499939666666666
270.311,9.41333079285198,34.732184813513506,37.39408780559717,227.98399149589883,2026-06-25 04:48:35.248116,0.5940000000000001,0.20800000000000002,6.063709379962956,18.47899276751854,-34.68733,17.499939666666666
270.168,9.41683872693867,34.732599433941445,37.39726281936292,227.93511127875666,2026-06-25 04:48:35.298103,0.5940000000000001,0.20600000000000002,6.063735888382147,18.45465226075711,-34.68733,17.499939666666666
269.9675,9.421960342758148,34.73323228784202,37.40225724860015,227.8992293625958,2026-06-25 04:48:35.373083,0.5940000000000001,0.20700000000000052,6.065667393526399,18.4205244872909,-34.68733,17.499939666666666
269.687,9.426920821880818,34.73387603029687,37.40745211830674,227.8706424839473,2026-06-25 04:48:35.448064,0.5940000000000001,0.20800000000000002,6.067592258199564,18.392963179764347,-34.68733,17.499939666666666
269.595,9.430064121424747,34.734312416411534,37.41094457725914,227.83141802919056,2026-06-25 04:48:35.498051,0.5940000000000001,0.20800000000000002,6.067612056503893,18.38566789990454,-34.68733,17.499939666666666
269.442,9.433022073246462,34.73475418653326,37.4143635037626,227.79615221635117,2026-06-25 04:48:35.548038,0.5940000000000001,0.20800000000000002,6.067628554448586,18.373535532311603,-34.68733,17.499939666666666
269.1675,9.436997089693813,34.73542752176584,37.41922659210003,227.7505807439399,2026-06-25 04:48:35.623018,0.5940000000000001,0.20700000000000068,6.063798839440251,18.35176863751251,-34.68733,17.499939666666666
268.925,9.442805155490069,34.73657434459866,37.426730690872056,227.67723117885348,2026-06-25 04:48:35.747986,0.5940000000000001,0.20800000000000002,6.067684643093689,18.332539231360304,-34.68733,17.499939666666666
268.75533333333334,9.44447058729064,34.73688981314223,37.42874914450149,227.66672771917973,2026-06-25 04:48:35.781310,0.5940000000000001,0.20647619047619006,6.067684643093689,18.31908525509711,-34.68733,17.499939666666666
268.5345,9.452576192856242,34.73823538613319,37.43814148917605,227.60746485199434,2026-06-25 04:48:35.922940,0.5940000000000001,0.20800000000000002,6.0676978394295755,18.315353394265596,-34.68733,17.499939666666666
268.232,9.458789969589347,34.73896504208084,37.44468161578368,227.26656843368596,2026-06-25 04:48:35.997920,0.5940000000000001,0.20800000000000002,6.067681343948427,18.314459187758825,-34.68733,17.499939666666666
268.003,9.470141900285114,34.73995708953853,37.45660871875027,227.50608934858465,2026-06-25 04:48:36.097894,0.5940000000000001,0.20800000000000002,6.067703158107328,18.313782251262786,-34.68733,17.499939666666666
267.451,9.483594251738111,34.74173372739125,37.47116338866503,227.72819185710384,2026-06-25 04:48:36.197868,0.5940000000000001,0.20600000000000002,6.067727529857428,18.319534098235163,-34.68733,17.499939666666666
267.73199999999997,9.494427682051796,34.740964621476195,37.48327880452855,227.44304001136618,2026-06-25 04:48:36.272849,0.6000000000000001,0.20800000000000002,6.067793501218207,18.3129811604749,-34.68733,17.499939666666666
267.193,9.510759581748927,34.74303689646139,37.50172129736899,227.33457647751817,2026-06-25 04:48:36.397816,0.5940000000000001,0.20800000000000002,6.067877358682277,18.32670879443252,-34.68733,17.499939666666666
266.9,9.523080687670367,34.74436372623879,37.515441520921684,226.95385110820942,2026-06-25 04:48:36.522784,0.5969999999999948,0.2070000000000018,6.0679484990852295,18.334856802129522,-34.68733,17.499939666666666
266.557,9.531379906163599,34.74589914072131,37.52372609803353,226.89096174389678,2026-06-25 04:48:36.664413,0.5940000000000001,0.20800000000000002,6.067962950684824,18.344395254826008,-34.68733,17.499939666666666
266.34900000000005,9.534990931014931,34.7468131148874,37.527005688421156,226.84914371274442,2026-06-25 04:48:36.747725,0.5940000000000001,0.2069999999999716,6.067981470536819,18.350179506023878,-34.68733,17.499939666666666
265.9216666666667,9.541405106691895,34.74848191020035,37.53288700370382,226.81509904694406,2026-06-25 04:48:36.897686,0.5940000000000001,0.20800000000000002,6.067977337529881,18.42257009104049,-34.68733,17.499939666666666
265.5295,9.549160395999081,34.74989251918076,37.54071976480468,226.75329307703788,2026-06-25 04:48:37.022653,0.5970000000000001,0.20800000000000002,6.067993009983859,18.489133661096172,-34.68733,17.499939666666666
265.302,9.555321110221787,34.75074683116428,37.54731692772105,226.6882738217606,2026-06-25 04:48:37.097634,0.5940000000000001,0.20800000000000002,6.068021033302268,18.527747886819075,-34.68733,17.499939666666666
265.102,9.562619794790326,34.751607152247054,37.55537880162373,226.63972849883805,2026-06-25 04:48:37.172614,0.5940000000000001,0.20800000000000002,6.068029275086357,18.561694458883174,-34.68733,17.499939666666666
264.89300000000003,9.573343968911999,34.7527615472934,37.567413528472585,226.53373611498256,2026-06-25 04:48:37.272588,0.5940000000000001,0.20800000000000002,6.069997614538937,18.511922176653904,-34.68733,17.499939666666666
264.775,9.581724178762032,34.75363236497448,37.57677016665017,226.45345429142034,2026-06-25 04:48:37.347569,0.5940000000000001,0.20800000000000002,6.068106741005009,18.476982997864184,-34.68733,17.499939666666666
264.479,9.587260361447337,34.75421534869117,37.58283559873471,226.41857236663418,2026-06-25 04:48:37.397556,0.5940000000000001,0.20800000000000002,6.068110037140303,18.389338956154415,-34.68733,17.499939666666666
264.32733333333334,9.59754024940378,34.75538672671509,37.59389843118047,226.2393371645647,2026-06-25 04:48:37.497530,0.5940000000000001,0.20800000000000002,6.068144384666267,18.34443125460268,-34.68733,17.499939666666666
263.98966666666666,9.610593705507247,34.75715355253286,37.60795715976025,225.8605996675532,2026-06-25 04:48:37.647490,0.5940000000000001,0.20800000000000002,6.06821118862924,18.25360071868929,-34.68733,17.499939666666666
263.769,9.617867491224478,34.758336903575284,37.61591884545339,225.45488936828562,2026-06-25 04:48:37.747464,0.5940000000000001,0.20800000000000002,6.068251748903397,18.243838816396018,-34.68733,17.499939666666666
263.31949999999995,9.626352594946479,34.759821954645425,37.62497086857817,225.18709980479954,2026-06-25 04:48:37.872432,0.5940000000000001,0.20728125000000241,6.0696469370799235,18.223953732948154,-34.68733,17.499939666666666
263.148,9.63543581495485,34.76131027082596,37.63435285935461,224.99751717483048,2026-06-25 04:48:37.997399,0.5940000000000001,0.20800000000000002,6.068287993827002,18.21636687686071,-34.68733,17.499939666666666
262.75766666666664,9.644200607770268,34.762503274945594,37.64354595265007,224.9311604233609,2026-06-25 04:48:38.097373,0.5940000000000001,0.20800000000000002,6.068304116382847,18.19909922189783,-34.68733,17.499939666666666
262.57349999999997,9.656807429883584,34.763995632855014,37.65760035747959,224.82162897769635,2026-06-25 04:48:38.222341,0.5940000000000001,0.20700000000000043,6.072190642186523,18.20030557178257,-34.68733,17.499939666666666
262.36199999999997,9.667878711115492,34.76518979194901,37.67063976671197,224.73824738052915,2026-06-25 04:48:38.322315,0.5940000000000001,0.20800000000000002,6.072213607683484,18.20358993594403,-34.68733,17.499939666666666
261.975,9.678611140608448,34.766383510132066,37.68322921095438,224.30110478348658,2026-06-25 04:48:38.422289,0.5940000000000001,0.20800000000000002,6.072267736012081,18.209599623558614,-34.68733,17.499939666666666
261.769,9.689857190389825,34.767874127977244,37.6954656029404,224.1009146432014,2026-06-25 04:48:38.547256,0.5940000000000001,0.20800000000000002,6.072325747271496,18.21682403060611,-34.68733,17.499939666666666
261.481,9.697087774824471,34.769065081873464,37.702510243105735,223.78445039237297,2026-06-25 04:48:38.647230,0.5940000000000001,0.20600000000000002,6.072357936311489,18.289492246998982,-34.68733,17.499939666666666
261.361,9.700113280977138,34.769659753835214,37.70519000380363,223.44236066511144,2026-06-25 04:48:38.697217,0.5940000000000001,0.20800000000000002,6.072364495631996,18.31977067049601,-34.68733,17.499939666666666
261.236,9.702909442846929,34.770253866041834,37.70759369447399,223.43021123733263,2026-06-25 04:48:38.747204,0.5940000000000001,0.20600000000000002,6.072361215983338,18.35131069497208,-34.68733,17.499939666666666
260.952,9.705548020096359,34.770847371377336,37.70986769060114,223.4029179205737,2026-06-25 04:48:38.797191,0.5940000000000001,0.20800000000000002,6.072371054859742,18.422969630581715,-34.68733,17.499939666666666
260.81399999999996,9.710511109342566,34.77203202111927,37.71455191584924,223.3577691332891,2026-06-25 04:48:38.897165,0.5940000000000001,0.20699999999999916,6.072387452337784,18.457789817603306,-34.68733,17.499939666666666
260.574,9.712920261370273,34.77262343268315,37.71702985678476,223.1751433064133,2026-06-25 04:48:38.947152,0.5910000000000001,0.20800000000000002,6.072395650995647,18.518346664597352,-34.68733,17.499939666666666
260.435,9.718732897811762,34.774098851284464,37.72357281425225,222.9650228525473,2026-06-25 04:48:39.072119,0.5910000000000001,0.20700000000000002,6.07241368753281,18.50722380008841,-34.68733,17.499939666666666
260.183,9.72200338696542,34.77498152772957,37.72741594375095,223.24118577821352,2026-06-25 04:48:39.147100,0.5940000000000001,0.20800000000000002,6.0724333628972635,18.459939597288983,-34.68733,17.499939666666666
259.891,9.724044070856186,34.77556880090576,37.72970978953798,222.9030932453585,2026-06-25 04:48:39.197087,0.5940000000000001,0.20800000000000002,6.07243992115114,18.40514996547378,-34.68733,17.499939666666666
259.582,9.725967535925903,34.7770328064198,37.73173674482739,222.8814172988989,2026-06-25 04:48:39.247074,0.5940000000000001,0.20600000000000002,6.07244647931228,18.347170526326856,-34.68733,17.499939666666666
259.723,9.728687314527988,34.77615515862315,37.73429798882803,222.68758023779483,2026-06-25 04:48:39.322054,0.5910000000000001,0.20800000000000002,6.072469432099616,18.37362716360749,-34.68733,17.499939666666666
259.3455,9.732460759570927,34.778199750994986,37.73742399471345,222.8083665010007,2026-06-25 04:48:39.422028,0.5940000000000001,0.20600000000000002,6.072480908133954,18.302794677271052,-34.68733,17.499939666666666
259.087,9.7358921463529,34.77907244898352,37.74021159336258,222.78251886498307,2026-06-25 04:48:39.497008,0.5940000000000001,0.20600000000000002,6.0724858263317225,18.268577884825536,-34.68733,17.499939666666666
258.797,9.740588292962734,34.77994256164703,37.74442394207084,222.7555779351104,2026-06-25 04:48:39.571989,0.5940000000000001,0.20600000000000002,6.0724858263317225,18.2351952114916,-34.68733,17.499939666666666
258.5295,9.749266818641365,34.78109917401058,37.753172405799035,222.8569021590838,2026-06-25 04:48:39.671963,0.5940000000000001,0.20600000000000002,6.072495662518632,18.204402573157704,-34.68733,17.499939666666666
258.303,9.761189810720108,34.78225143886864,37.76649300262924,222.93569667229838,2026-06-25 04:48:39.771937,0.5940000000000001,0.20600000000000002,6.0725120558119166,18.17832955415723,-34.68733,17.499939666666666
258.1065,9.779987791643801,34.78368505110842,37.78880492126768,222.93116930428852,2026-06-25 04:48:39.896904,0.5940000000000001,0.20600000000000002,6.072574342963035,18.15570991515682,-34.68733,17.499939666666666
257.812,9.792479217256343,34.78482769420535,37.8034792753001,222.8053015902892,2026-06-25 04:48:39.971885,0.5940000000000001,0.20700000000000002,6.072630068512222,18.10866428524785,-34.68733,17.499939666666666
257.875,9.796516040873865,34.78454129402235,37.80839506861813,222.93096683212653,2026-06-25 04:48:39.996878,0.5940000000000001,0.20600000000000002,6.07264318103298,18.129061332823003,-34.68733,17.499939666666666
257.501,9.81818706145443,34.786248451447825,37.83304936975185,222.75188712116372,2026-06-25 04:48:40.121846,0.5940000000000001,0.20600000000000002,6.072705452473801,17.987695926792362,-34.68733,17.499939666666666
257.14750000000004,9.835004696797675,34.78737965835914,37.85183322133148,222.63317076014638,2026-06-25 04:48:40.221819,0.5940000000000001,0.20600000000000002,6.072734946517282,17.850196522567273,-34.68733,17.499939666666666
256.94100000000003,9.8497589724909,34.78850577605904,37.868122334956226,222.61488229338636,2026-06-25 04:48:40.321793,0.5940000000000001,0.20600000000000002,6.072828331882437,17.793477394106002,-34.68733,17.499939666666666
256.629,9.861012621772035,34.789626601947056,37.879630265135404,222.66411647780942,2026-06-25 04:48:40.421767,0.5940000000000001,0.20600000000000002,6.072874198951077,17.766529292627876,-34.68733,17.499939666666666
256.3505,9.86846846842531,34.7910192728021,37.88505524418008,222.5680155341847,2026-06-25 04:48:40.546735,0.5940000000000001,0.20600000000000002,6.072924974537352,17.742474657173847,-34.68733,17.499939666666666
256.119,9.869265476995686,34.791849844979794,37.88370255602035,222.7030745160873,2026-06-25 04:48:40.621715,0.5940000000000001,0.20600000000000002,6.072939714884496,17.72247951136556,-34.68733,17.499939666666666
256.008,9.870299230622976,34.79212799924468,37.884153630919684,222.53633504170742,2026-06-25 04:48:40.646709,0.5940000000000001,0.20600000000000002,6.076784879538511,17.71289220603199,-34.68733,17.499939666666666
255.752,9.867972452664441,34.79322975895872,37.878319231877626,222.84966914434392,2026-06-25 04:48:40.746683,0.5940000000000001,0.20600000000000002,6.072951179382894,17.690780943280714,-34.68733,17.499939666666666
255.60399999999998,9.864797321026902,34.794051535120516,37.872474213594415,222.8766654296109,2026-06-25 04:48:40.821663,0.5940000000000001,0.20600000000000002,6.072938077191599,17.682613891892608,-34.68733,17.499939666666666
255.33266666666668,9.859194038377662,34.79541230135046,37.86330463494977,223.47192669838725,2026-06-25 04:48:40.946631,0.5940000000000001,0.20600000000000002,6.0767435004664945,17.687011162006424,-34.68733,17.499939666666666
255.12099999999998,9.855076701005707,34.79676196431808,37.85729968987435,223.7708509806776,2026-06-25 04:48:41.071598,0.5940000000000001,0.20600000000000002,6.074804281364085,17.69044146485934,-34.68733,17.499939666666666
254.8865,9.853924752489625,34.7983637257167,37.85620031471477,224.2647267733434,2026-06-25 04:48:41.221559,0.5940000000000001,0.20600000000000002,6.074791190856723,17.692463432685532,-34.68733,17.499939666666666
254.471,9.854854024291512,34.79915714103728,37.85753215859012,224.0898641979487,2026-06-25 04:48:41.246552,0.5940000000000001,0.20700000000000002,6.074796111710405,17.666356421303245,-34.68733,17.499939666666666
254.709,9.854766430860755,34.79862420214074,37.85766507935539,224.2548672531063,2026-06-25 04:48:41.296539,0.5940000000000001,0.20600000000000002,6.072872560957248,17.681310617955432,-34.68733,17.499939666666666
254.392,9.857091270450095,34.8002058458974,37.86095089107695,224.23087779247922,2026-06-25 04:48:41.396513,0.5940000000000001,0.20600000000000002,6.0767228977739824,17.66139263333886,-34.68733,17.499939666666666
254.141,9.859420753476542,34.80098496279788,37.86378354733384,224.528387821148,2026-06-25 04:48:41.471494,0.5940000000000001,0.20600000000000002,6.072885664942606,17.645621610819116,-34.68733,17.499939666666666
253.947,9.862010517761997,34.80175833183364,37.86662148109078,224.81127851659068,2026-06-25 04:48:41.546474,0.5940000000000001,0.20600000000000002,6.072905320255053,17.63343205556481,-34.68733,17.499939666666666
253.651,9.863883667421737,34.80277825379325,37.86847743585062,224.79046037367658,2026-06-25 04:48:41.596461,0.5940000000000001,0.20600000000000002,6.076755520792711,17.61483355888814,-34.68733,17.499939666666666
253.701,9.865887801294807,34.80226988138877,37.87034237436607,224.77830589445333,2026-06-25 04:48:41.646448,0.5940000000000001,0.20600000000000002,6.0767587829677865,17.61797519684028,-34.68733,17.499939666666666
253.288,9.868059197537724,34.803283320264455,37.872287887726394,224.76206401293132,2026-06-25 04:48:41.696435,0.5940000000000001,0.20600000000000002,6.0767587829677865,17.5920252673556,-34.68733,17.499939666666666
253.131,9.873221642792611,34.804281142941484,37.876986895653346,225.0418104408382,2026-06-25 04:48:41.796409,0.5940000000000001,0.20600000000000002,6.0748483894300565,17.582160524185877,-34.68733,17.499939666666666
252.9925,9.87617834404735,34.80477540833134,37.87980109195712,225.01802568923608,2026-06-25 04:48:41.846396,0.5940000000000001,0.20600000000000002,6.0748549271305246,17.57345818705845,-34.68733,17.499939666666666
252.8405,9.885052478297798,34.80599544685202,37.88878392018472,225.2634912632053,2026-06-25 04:48:41.971363,0.5940000000000001,0.20600000000000002,6.0768028200491795,17.56390760768394,-34.68733,17.499939666666666
252.633,9.891859601004958,34.80671461398615,37.896086238069834,225.20358323343146,2026-06-25 04:48:42.046344,0.5940000000000001,0.20600000000000002,6.0768240216285205,17.550869810182558,-34.68733,17.499939666666666
252.38,9.907457265481034,34.80788672815977,37.91332168101422,225.61767417917724,2026-06-25 04:48:42.171311,0.5940000000000001,0.20600000000000002,6.076859748224683,17.534973122144727,-34.68733,17.499939666666666
252.014,9.9276076274719,34.80903454127572,37.93599998768597,225.5970075084328,2026-06-25 04:48:42.296279,0.5940000000000001,0.20600000000000002,6.076882728540691,17.51197633233506,-34.68733,17.499939666666666
251.73866666666666,9.952419457256207,34.81006895011506,37.96456598668272,225.64737932990357,2026-06-25 04:48:42.412915,0.5940000000000001,0.20600000000000002,6.076939010784585,17.49467637934527,-34.68733,17.499939666666666
251.406,9.959646421520725,34.81036461227947,37.97289002764223,225.65275979287685,2026-06-25 04:48:42.446240,0.5940000000000001,0.20600000000000002,6.076974035564479,17.47377401483703,-34.68733,17.499939666666666
251.184,9.995470398378037,34.81164081076545,38.01439467842048,224.96524966748774,2026-06-25 04:48:42.596201,0.5940000000000001,0.20770588235294138,6.077142790211192,17.459825142329525,-34.68733,17.499939666666666
250.932,10.01920472917778,34.8124641437076,38.041585332938496,224.80532766698758,2026-06-25 04:48:42.696174,0.5940000000000001,0.20800000000000002,6.077179410341127,17.443991287050736,-34.68733,17.499939666666666
250.8,10.036066616164089,34.81306209252472,38.06068636377381,224.6418382016257,2026-06-25 04:48:42.771155,0.5940000000000001,0.20700000000000357,6.0772511068048045,17.435697362857088,-34.68733,17.499939666666666
250.627,10.051886311958606,34.81364646677539,38.078551292640796,224.5191211499595,2026-06-25 04:48:42.846135,0.5940000000000001,0.20800000000000002,6.077290209555927,17.42482729554268,-34.68733,17.499939666666666
250.43,10.061516357363814,34.814026750104844,38.08942316805741,224.12107993020197,2026-06-25 04:48:42.896122,0.5940000000000001,0.20800000000000002,6.077316276092844,17.41244924201125,-34.68733,17.499939666666666
250.20433333333332,10.077898355838586,34.81476322689937,38.10767154288383,223.87351257457627,2026-06-25 04:48:42.996096,0.5940000000000001,0.20754385964912264,6.077399838620739,17.398269982720585,-34.68733,17.499939666666666
250.009,10.091257462822192,34.81547492566156,38.121885513716215,223.16830479618432,2026-06-25 04:48:43.096070,0.5940000000000001,0.20800000000000002,6.081306820653153,17.385996650454224,-34.68733,17.499939666666666
249.787,10.103108230833817,34.816313072165805,38.13274085642048,222.77866987907407,2026-06-25 04:48:43.221038,0.5940000000000001,0.20800000000000002,6.08072511609175,17.372047777946722,-34.68733,17.499939666666666
249.328,10.11707881774414,34.81741423916725,38.14465065206158,222.94125324757172,2026-06-25 04:48:43.395992,0.5940000000000001,0.20800000000000002,6.081391146683355,17.34320754154607,-34.68733,17.499939666666666
249.55349999999999,10.117198523360207,34.81741007096234,38.14488244645203,222.78417983309225,2026-06-25 04:48:43.395992,0.5940000000000001,0.20700000000000038,6.081391146683355,17.357376328710224,-34.68733,17.499939666666666
249.0735,10.128177038877517,34.81813388782293,38.155641768568564,222.86632084823853,2026-06-25 04:48:43.520959,0.5940000000000001,0.20800000000000002,6.08140736140711,17.327216604369674,-34.68733,17.499939666666666
248.99,10.135735390019764,34.818541860027224,38.1637950956133,222.80707563862504,2026-06-25 04:48:43.595940,0.5940000000000001,0.20800000000000002,6.0814268184207725,17.3219700689896,-34.68733,17.499939666666666
248.784,10.141074682753873,34.8188023561266,38.16972501905985,222.75752738184917,2026-06-25 04:48:43.645927,0.5940000000000001,0.20600000000000002,6.081446274564412,17.30902652062678,-34.68733,17.499939666666666
248.53,10.149150163977136,34.8191757088328,38.17877429486629,222.6763623071568,2026-06-25 04:48:43.720907,0.5940000000000001,0.20700000000000002,6.0814819417344115,17.293066999829907,-34.68733,17.499939666666666
248.26850000000002,10.159350731032214,34.819644317353664,38.190142284823324,222.570552514106,2026-06-25 04:48:43.820881,0.5940000000000001,0.2069999999999716,6.081530574894036,17.276636233340213,-34.68733,17.499939666666666
248.065,10.166164764169892,34.81997376259993,38.19761984589669,222.50322571071928,2026-06-25 04:48:43.895862,0.5940000000000001,0.20800000000000002,6.081559752311016,17.263849766875,-34.68733,17.499939666666666
247.804,10.171818185156047,34.82057079328861,38.20373287551202,222.4512241646749,2026-06-25 04:48:43.970842,0.5940000000000001,0.20600000000000002,6.08157920281238,17.247450416764828,-34.68733,17.499939666666666
247.919,10.176343058716043,34.82028111979487,38.20860091461267,222.74477334633738,2026-06-25 04:48:44.045823,0.5940000000000001,0.20600000000000002,6.081582444495861,17.254676184054752,-34.68733,17.499939666666666
247.599,10.179111526038522,34.820838395090334,38.21154214644301,222.38704931958685,2026-06-25 04:48:44.120803,0.5940000000000001,0.20600000000000002,6.081603514574659,17.23456970116105,-34.68733,17.499939666666666
247.3595,10.17989252704125,34.82116589653624,38.21196117869083,222.35731684766523,2026-06-25 04:48:44.220777,0.5940000000000001,0.20600000000000002,6.08162458413861,17.241623100555355,-34.68733,17.499939666666666
246.94899999999998,10.173722734281716,34.821564609619806,38.20269111833272,222.36901860485082,2026-06-25 04:48:44.362407,0.5940000000000001,0.20600000000000002,6.081636689988421,17.2546859593857,-34.68733,17.499939666666666
246.768,10.171942127752468,34.82165634056139,38.20008849029955,222.36758242972272,2026-06-25 04:48:44.395731,0.5940000000000001,0.20600000000000002,6.081644031916995,17.26044570956424,-34.68733,17.499939666666666
246.4305,10.15544545681601,34.82211158616287,38.17556300908555,222.66568193901242,2026-06-25 04:48:44.570686,0.5940000000000001,0.20600000000000002,6.081585684211371,17.27118557522865,-34.68733,17.499939666666666
246.53599999999997,10.151367318220236,34.82203201589881,38.169597550591185,222.88464366952834,2026-06-25 04:48:44.612342,0.5940000000000001,0.20600000000000002,6.081528413386473,17.267828372776517,-34.68733,17.499939666666666
245.962,10.13546664817914,34.82238477846707,38.14828147979517,223.50021338495972,2026-06-25 04:48:44.795627,0.5940000000000001,0.20600000000000002,6.0814884266119735,17.275104049738587,-34.68733,17.499939666666666
245.7645,10.13203883981759,34.82244036970357,38.1441912631188,223.52723989795436,2026-06-25 04:48:44.845614,0.5940000000000001,0.20600000000000002,6.081477078368103,17.276565449128753,-34.68733,17.499939666666666
245.565,10.124789992768793,34.82254907420379,38.136043273014074,223.74283367070657,2026-06-25 04:48:44.970582,0.5940000000000001,0.20600000000000002,6.081456002315715,17.266557701172225,-34.68733,17.499939666666666
245.11950000000002,10.11685267687762,34.822612071389436,38.1270462337531,224.26696503619394,2026-06-25 04:48:45.145536,0.5940000000000001,0.20600000000000002,6.081446274518624,17.153579217657438,-34.68733,17.499939666666666
245.392,10.116756362690232,34.822612071389436,38.126975575949196,224.1137361327993,2026-06-25 04:48:45.145536,0.5940000000000001,0.20600000000000002,6.081443031931041,17.222685024072206,-34.68733,17.499939666666666
244.98300000000003,10.115390658464122,34.822612071389436,38.125134755476004,224.46318908668465,2026-06-25 04:48:45.195523,0.5940000000000001,0.20600000000000002,6.081418759591094,17.118962914627655,-34.68733,17.499939666666666
244.5845,10.110675598892396,34.82259446747602,38.11931583707576,224.83160967318062,2026-06-25 04:48:45.370477,0.5940000000000001,0.20600000000000002,6.081392768183207,17.01790359772384,-34.68733,17.499939666666666
244.3865,10.110422335534878,34.82254270453222,38.119114002711086,224.99154076575357,2026-06-25 04:48:45.470451,0.5940000000000001,0.20600000000000002,6.081392768183208,17.038170585527816,-34.68733,17.499939666666666
244.08900000000003,10.112208304187048,34.822445537551744,38.12171075702488,225.13309651668558,2026-06-25 04:48:45.595419,0.5940000000000001,0.20600000000000002,6.081399515652067,17.076990164858472,-34.68733,17.499939666666666
243.9365,10.115969561276254,34.8223183485305,38.12670066094757,225.26375356083042,2026-06-25 04:48:45.720386,0.5940000000000001,0.20600000000000002,6.081408982895512,17.096889276952343,-34.68733,17.499939666666666
243.608,10.120688690765451,34.82219457966234,38.132551501980785,225.54692347390673,2026-06-25 04:48:45.820360,0.5940000000000001,0.20600000000000002,6.081420332844952,17.139753921692247,-34.68733,17.499939666666666
243.306,10.125257397917013,34.82209092610651,38.137980285510785,225.6791965022342,2026-06-25 04:48:45.895341,0.5940000000000001,0.20600000000000002,6.081423575650034,17.086187534327223,-34.68733,17.499939666666666
243.18966666666665,10.133025255393832,34.82193696744168,38.14685853974333,225.60969811669082,2026-06-25 04:48:45.995315,0.5940000000000001,0.20600000000000002,6.08145105952328,17.06457870660705,-34.68733,17.499939666666666
242.875,10.142029359149586,34.821771032290386,38.15698344519431,225.5500852984199,2026-06-25 04:48:46.095288,0.5940000000000001,0.20600000000000002,6.081462487387863,17.00612961386253,-34.68733,17.499939666666666
242.818,10.14699345782045,34.82168257171267,38.16256299205404,225.51097830663787,2026-06-25 04:48:46.145275,0.6000000000000001,0.20600000000000002,6.081475457234555,16.99554190744377,-34.68733,17.499939666666666
242.56933333333333,10.157183777388461,34.82149598599381,38.17411220173704,225.65337613310578,2026-06-25 04:48:46.245249,0.5940000000000001,0.20600000000000002,6.0815059889598135,16.949352264236758,-34.68733,17.499939666666666
242.13175,10.174749952465621,34.8210934873228,38.193803345521005,225.45882947553812,2026-06-25 04:48:46.445197,0.5962894736842097,0.20600000000000002,6.081574296838362,16.868846727995095,-34.68733,17.499939666666666
242.342,10.175422540268725,34.82109576039299,38.194679151674045,225.56787244652367,2026-06-25 04:48:46.445197,0.5940000000000001,0.20600000000000002,6.081585686145017,16.907513578182122,-34.68733,17.499939666666666
241.728,10.18501848170739,34.820665026367905,38.204199467954794,225.45232213272655,2026-06-25 04:48:46.645145,0.5940000000000001,0.20600000000000002,6.081642411275471,16.794593502011683,-34.68733,17.499939666666666
241.5395,10.185906087760664,34.8205544621767,38.20468778368158,225.43902940373547,2026-06-25 04:48:46.695132,0.5970000000000001,0.20600000000000002,6.081648893704296,16.769503535413747,-34.68733,17.499939666666666
240.947,10.186262654299579,34.82016196500486,38.20386947118136,225.4300519001266,2026-06-25 04:48:46.795106,0.5940000000000001,0.20600000000000002,6.081650514322942,16.790981001642294,-34.68733,17.499939666666666
241.1255,10.185185395004734,34.82033116950912,38.20149191804427,225.76291123016833,2026-06-25 04:48:46.870087,0.5940000000000001,0.20800000000000002,6.081647273131408,16.784510575107618,-34.68733,17.499939666666666
240.736,10.182323879514062,34.81987931115152,38.196053734919374,225.460144820982,2026-06-25 04:48:46.995054,0.5940000000000001,0.2070000000000011,6.0816391699809795,16.798629517041828,-34.68733,17.499939666666666
240.53,10.18105274348359,34.81976650513172,38.19372273179242,225.63648645475578,2026-06-25 04:48:47.045041,0.5940000000000001,0.20800000000000002,6.081629446166146,16.806096788000616,-34.68733,17.499939666666666
240.39066666666668,10.177316729883666,34.819430922834094,38.187063206778156,225.91961664724013,2026-06-25 04:48:47.195002,0.5940000000000001,0.20800000000000002,6.081616297278386,16.817831158853487,-34.68733,17.499939666666666
239.98000000000002,10.174527480322531,34.81915693066905,38.18245969677412,226.16425265863217,2026-06-25 04:48:47.319969,0.5940000000000001,0.20699999999999974,6.0816148599576945,16.88950570742268,-34.68733,17.499939666666666
239.76433333333333,10.1716991812376,34.818824206095606,38.1783498681225,226.18532948154635,2026-06-25 04:48:47.478261,0.5940000000000001,0.20800000000000002,6.081606841027021,16.92714648090017,-34.68733,17.499939666666666
239.29,10.170556855523857,34.818637539724186,38.17676644490194,226.1918908508453,2026-06-25 04:48:47.544911,0.5940000000000001,0.20800000000000002,6.081601894047549,17.00993291159332,-34.68733,17.499939666666666
239.5855,10.170443172239356,34.81868547969781,38.17655123265092,226.36086057562258,2026-06-25 04:48:47.569904,0.5940000000000001,0.20800000000000002,6.081598652467044,16.958358652415896,-34.68733,17.499939666666666
239.004,10.169435587833275,34.81829889231603,38.174772261234956,226.53316342819025,2026-06-25 04:48:47.744858,0.5940000000000001,0.20800000000000002,6.081588927771289,16.973901326828376,-34.68733,17.499939666666666
239.11849999999998,10.16952799503439,34.81830011683398,38.17487882643529,226.5356889012169,2026-06-25 04:48:47.744858,0.5940000000000001,0.20600000000000002,6.0835070557451045,17.012845666191225,-34.68733,17.499939666666666
238.77949999999998,10.170221180231279,34.818076991315,38.17523749809453,226.52735272983801,2026-06-25 04:48:47.869826,0.5940000000000001,0.2070000000000004,6.081588927771289,16.897543211658412,-34.68733,17.499939666666666
238.36674999999997,10.172275926241246,34.81783462398433,38.1772596590628,226.82318455793379,2026-06-25 04:48:48.019787,0.5940000000000001,0.20800000000000002,6.0816140135821914,16.757239758838747,-34.68733,17.499939666666666
238.096,10.174551841916054,34.81765034024218,38.17987392180092,226.81313181921044,2026-06-25 04:48:48.144754,0.5940000000000001,0.20800000000000002,6.081598652512808,16.755297351753264,-34.68733,17.499939666666666
237.946,10.176272271553835,34.81755114736178,38.18204927953402,226.79059932061367,2026-06-25 04:48:48.219735,0.5940000000000001,0.20800000000000002,6.081609997781433,16.754221225944132,-34.68733,17.499939666666666
237.693,10.179718806366733,34.81740196310572,38.18641899550787,227.10149545210606,2026-06-25 04:48:48.344702,0.5940000000000001,0.20800000000000002,6.081605135559409,16.752406160412733,-34.68733,17.499939666666666
237.529,10.181843906902335,34.81733716674901,38.188995250770496,226.86357794553646,2026-06-25 04:48:48.411351,0.5940000000000001,0.20800000000000002,6.085450967554502,16.75122959619475,-34.68733,17.499939666666666
237.31266666666667,10.18482525709595,34.81724460465634,38.192567478915315,227.03920690625867,2026-06-25 04:48:48.511325,0.5940000000000001,0.20800000000000002,6.084508247207875,16.749677583638917,-34.68733,17.499939666666666
237.226,10.18853805361352,34.817139450446575,38.19685677666282,227.00292270443737,2026-06-25 04:48:48.644624,0.5940000000000001,0.20600000000000002,6.085489768025605,16.736441514833896,-34.68733,17.499939666666666
236.969,10.191475928468504,34.817061458670956,38.199805426546945,227.3001677554438,2026-06-25 04:48:48.794585,0.5940000000000001,0.20600000000000002,6.085499450813115,16.681452228725938,-34.68733,17.499939666666666
236.72625000000002,10.19159199585628,34.817060901979296,38.19976828729708,227.29904719009284,2026-06-25 04:48:48.819578,0.5940000000000001,0.20635317460317482,6.085497740955797,16.629511959454714,-34.68733,17.499939666666666
236.487,10.192201430942607,34.8170436920164,38.200407518425266,227.29170592204625,2026-06-25 04:48:48.844572,0.5940000000000001,0.20800000000000002,6.085499450813115,16.665435181873637,-34.68733,17.499939666666666
236.259,10.193629607627296,34.8170436920164,38.201358765728735,227.27508167055012,2026-06-25 04:48:48.994533,0.5940000000000001,0.20600000000000002,6.085505905890877,16.70818147083856,-34.68733,17.499939666666666
236.35399999999998,10.193922140418351,34.8170436920164,38.201506243533245,227.26551507556226,2026-06-25 04:48:49.069513,0.5940000000000001,0.20600000000000002,6.085513974607086,16.690370517103176,-34.68733,17.499939666666666
235.7365,10.19419843046597,34.817060638372524,38.20149788864514,227.26510587536706,2026-06-25 04:48:49.244468,0.5940000000000001,0.20600000000000002,6.085507519643231,16.80614171638317,-34.68733,17.499939666666666
235.982,10.194220566733442,34.817056986730734,38.20148545337986,227.34580183753093,2026-06-25 04:48:49.244468,0.5940000000000001,0.20600000000000002,6.085510736719585,16.760114462256468,-34.68733,17.499939666666666
235.54066666666665,10.194866881442437,34.81718064322913,38.20129737131753,227.50621413219702,2026-06-25 04:48:49.461078,0.5940000000000001,0.20600000000000002,6.085508231576384,16.84285727890787,-34.68733,17.499939666666666
235.334,10.194999568011244,34.817203391226606,38.20126222926829,227.57694640301762,2026-06-25 04:48:49.494402,0.5940000000000001,0.20800000000000002,6.085512360877513,16.881603915104144,-34.68733,17.499939666666666
235.1,10.195748031292768,34.81734547351582,38.2013648891737,227.24148050191062,2026-06-25 04:48:49.644363,0.5940000000000001,0.20600000000000002,6.0855155883366585,16.84117337618686,-34.68733,17.499939666666666
234.73766666666666,10.196193287818549,34.817407506241565,38.201634783267885,227.27974694003157,2026-06-25 04:48:49.694350,0.5940000000000001,0.20600000000000002,6.0855151545383865,16.778569393561376,-34.68733,17.499939666666666
234.54666666666665,10.197869943009467,34.817602304163195,38.202927225094435,227.54919379737407,2026-06-25 04:48:49.844311,0.5940000000000001,0.20600000000000002,6.08551679139113,16.745568398120344,-34.68733,17.499939666666666
234.3145,10.199508918689201,34.817750364722905,38.20449670784508,227.37351182333808,2026-06-25 04:48:49.944285,0.5940000000000001,0.2070000000000022,6.085518815773024,16.70545462268461,-34.68733,17.499939666666666
234.195,10.202471993004938,34.81796267487842,38.20775676862783,227.5183396983532,2026-06-25 04:48:50.069253,0.5940000000000001,0.20800000000000002,6.085520429479815,16.68499504117609,-34.68733,17.499939666666666
233.937,10.205209601109672,34.81815305914357,38.21098010050538,227.48921391499104,2026-06-25 04:48:50.169227,0.5940000000000001,0.206999999999999,6.085531725245119,16.64084619309094,-34.68733,17.499939666666666
233.56275,10.208720733797522,34.81847231457088,38.21521516115325,227.4394919453429,2026-06-25 04:48:50.319187,0.5940000000000001,0.20617763157894695,6.085556683357413,16.576804695432532,-34.68733,17.499939666666666
233.375,10.210821078931735,34.81876255518378,38.21769115584419,227.41857483584556,2026-06-25 04:48:50.444155,0.5940000000000001,0.20800000000000002,6.085563997490265,16.618777382104323,-34.68733,17.499939666666666
233.19,10.211378765449604,34.81888682633755,38.21834575560511,227.410120491705,2026-06-25 04:48:50.494142,0.5940000000000001,0.20800000000000002,6.085567224584944,16.662858225157365,-34.68733,17.499939666666666
233.00233333333335,10.21224764224557,34.819148750310866,38.21938365232883,227.40351332593553,2026-06-25 04:48:50.594116,0.5940000000000001,0.20602150537634484,6.085567259284642,16.7075744677499,-34.68733,17.499939666666666
232.703,10.213116489439816,34.81942388436886,38.22036846644091,227.3921819810752,2026-06-25 04:48:50.694090,0.5940000000000001,0.20800000000000002,6.085570451656846,16.778898066059142,-34.68733,17.499939666666666
232.50099999999998,10.214540618775292,34.819717814568165,38.22173572118771,227.38633638198354,2026-06-25 04:48:50.794064,0.5940000000000001,0.20699999999999957,6.085567224584944,16.82702958117652,-34.68733,17.499939666666666
232.35833333333332,10.216361532371026,34.81997385760002,38.22342616723369,227.37124835242707,2026-06-25 04:48:50.877375,0.5940000000000001,0.20636904761904773,6.085571047124244,16.861023456539943,-34.68733,17.499939666666666
231.98200000000003,10.222967578770724,34.82059901100074,38.23015050743278,227.64589576031855,2026-06-25 04:48:51.068992,0.5889230769230689,0.20630769230768964,6.085583359716688,16.739397758603335,-34.68733,17.499939666666666
231.745,10.228768647820857,34.821033549168455,38.2368265157777,227.59609163787616,2026-06-25 04:48:51.193959,0.5880000000000001,0.20800000000000002,6.085599494279036,16.620159206592756,-34.68733,17.499939666666666
231.562,10.232431844235217,34.821306580615314,38.24132177636295,227.55030435852171,2026-06-25 04:48:51.268940,0.5940000000000001,0.20800000000000002,6.085622081698404,16.528088932255486,-34.68733,17.499939666666666
231.284,10.23804220703485,34.82177924083419,38.248167423337975,227.4973459498791,2026-06-25 04:48:51.393907,0.5940000000000001,0.20800000000000002,6.085641441294401,16.526439624923427,-34.68733,17.499939666666666
231.11,10.24004152437034,34.82197364523676,38.250529983462556,227.47817625340187,2026-06-25 04:48:51.443894,0.5940000000000001,0.20699999999999824,6.085647894447523,16.541236800798885,-34.68733,17.499939666666666
230.76675,10.24560992396586,34.82267999080592,38.25639627577392,227.4236385181046,2026-06-25 04:48:51.618849,0.5880000000000001,0.20689035087719285,6.085667960717099,16.570427206656653,-34.68733,17.499939666666666
230.381,10.2490471110768,34.82342331934658,38.25888668864071,227.38372115501988,2026-06-25 04:48:51.793803,0.5940000000000001,0.2063333333333332,6.0856839225343995,16.527864807564697,-34.68733,17.499939666666666
230.225,10.250378761331191,34.823976655110535,38.25933902058061,227.3681090451666,2026-06-25 04:48:51.918771,0.5940000000000001,0.20800000000000002,6.0856898373071235,16.506034939622374,-34.68733,17.499939666666666
229.817,10.251418435258469,34.82454894201574,38.25961755619726,227.03632839478414,2026-06-25 04:48:52.043738,0.5940000000000001,0.20800000000000002,6.085686611077805,16.448941438850152,-34.68733,17.499939666666666
229.57549999999998,10.252824642656627,34.82513709914315,38.26038299343864,227.34413677221414,2026-06-25 04:48:52.168705,0.5940000000000001,0.20800000000000002,6.085693063513674,16.418132929774796,-34.68733,17.499939666666666
229.3273333333333,10.255496308893692,34.82582547400306,38.262588908929814,227.33696829452182,2026-06-25 04:48:52.310335,0.5940000000000001,0.20800000000000002,6.0856966929647385,16.518128887883556,-34.68733,17.499939666666666
229.12333333333333,10.258592277860467,34.82640579854185,38.265470211874536,227.6242287557335,2026-06-25 04:48:52.426971,0.5940000000000001,0.20621794871794835,6.085702741996721,16.600328386019964,-34.68733,17.499939666666666
228.78966666666668,10.2642162999444,34.827255611166116,38.27114823499088,227.90569167106347,2026-06-25 04:48:52.593595,0.5940000000000001,0.20800000000000002,6.085713831645608,16.72235977916838,-34.68733,17.499939666666666
228.44,10.269675004442037,34.828042047802995,38.277042940342966,227.83191954111615,2026-06-25 04:48:52.743556,0.5940000000000001,0.20600000000000002,6.085751131338545,16.70442230181744,-34.68733,17.499939666666666
228.522,10.269672960752704,34.828041067686904,38.27703185239341,227.8382448495769,2026-06-25 04:48:52.743556,0.5940000000000001,0.20800000000000002,6.085746292609246,16.708628802702407,-34.68733,17.499939666666666
228.111,10.273292136443123,34.82857507879529,38.28092351799871,227.80999130379666,2026-06-25 04:48:52.843529,0.5940000000000001,0.20800000000000002,6.08958928779808,16.687544999486292,-34.68733,17.499939666666666
227.957,10.277767575366855,34.82925392786646,38.28561583161881,228.09390899335736,2026-06-25 04:48:52.968497,0.5940000000000001,0.20600000000000002,6.085767174332264,16.679644985629157,-34.68733,17.499939666666666
227.746,10.28374267873191,34.8302192267568,38.29192898415862,228.36968368095688,2026-06-25 04:48:53.143451,0.5940000000000001,0.20600000000000002,6.085783388054288,16.668820940669058,-34.68733,17.499939666666666
227.524,10.28441359724835,34.830360394819124,38.292651235146494,228.18753940705133,2026-06-25 04:48:53.168445,0.5940000000000001,0.20700000000000002,6.089632650874892,16.65743260900488,-34.68733,17.499939666666666
227.3175,10.286664646223823,34.83078026362678,38.29504443879826,228.33178200182476,2026-06-25 04:48:53.243425,0.5940000000000001,0.20600000000000002,6.087718464962693,16.646839408605537,-34.68733,17.499939666666666
227.19,10.289284588006176,34.831345257285285,38.29776788064863,228.30211474107537,2026-06-25 04:48:53.343399,0.5940000000000001,0.20600000000000002,6.089650316324713,16.640298812717326,-34.68733,17.499939666666666
226.96066666666664,10.291597579048643,34.83191598242905,38.29995059410148,228.28124360161826,2026-06-25 04:48:53.443373,0.5940000000000001,0.20600000000000002,6.08965584409889,16.62853428991709,-34.68733,17.499939666666666
226.674,10.293882106275127,34.83249017682463,38.30198383620952,228.26519452108178,2026-06-25 04:48:53.543347,0.5940000000000001,0.20600000000000002,6.089656739904191,16.6138286364168,-34.68733,17.499939666666666
226.626,10.295677899656702,34.83292357059205,38.3036144974293,228.40616876056342,2026-06-25 04:48:53.618328,0.5940000000000001,0.20600000000000002,6.089667980924656,16.611366294435356,-34.68733,17.499939666666666
226.14,10.29830350336502,34.833940980288105,38.30625332250917,228.54133560258427,2026-06-25 04:48:53.718301,0.5940000000000001,0.20600000000000002,6.089676010098728,16.58643508187323,-34.68733,17.499939666666666
226.279,10.300509401406435,34.83350400120495,38.30872572079609,228.20875855420311,2026-06-25 04:48:53.793282,0.5940000000000001,0.20600000000000002,6.089672798456293,16.593565613861163,-34.68733,17.499939666666666
225.758,10.304446128413295,34.83462342277474,38.31354057481894,228.47785754313242,2026-06-25 04:48:53.909918,0.5940000000000001,0.20600000000000002,6.089700826489037,16.566838943604235,-34.68733,17.499939666666666
225.5865,10.307478610023242,34.83511179832911,38.31724382345841,228.2939591528428,2026-06-25 04:48:53.993230,0.5940000000000001,0.20600000000000002,6.089703308119004,16.5580412008997,-34.68733,17.499939666666666
225.3395,10.31479143594395,34.83613935712791,38.3255581288249,228.38711118270805,2026-06-25 04:48:54.168184,0.5940000000000001,0.20782142857142888,6.0897300311123175,16.545370399453518,-34.68733,17.499939666666666
224.976,10.321914772455468,34.837460039413834,38.33346094459073,228.00761621331986,2026-06-25 04:48:54.318145,0.5940000000000001,0.20800000000000002,6.089740238177534,16.526723288823206,-34.68733,17.499939666666666
225.128,10.325656572855943,34.8370202112444,38.33772114082781,227.98047139981838,2026-06-25 04:48:54.393126,0.5940000000000001,0.20600000000000002,6.089749871620685,16.534520705097776,-34.68733,17.499939666666666
224.781,10.329383732857933,34.83789905233317,38.34196920965115,227.92993876878646,2026-06-25 04:48:54.468106,0.5940000000000001,0.20800000000000002,6.089773954282698,16.516720024523586,-34.68733,17.499939666666666
224.496,10.335470030122623,34.83862864366576,38.34877652767682,227.89058203166013,2026-06-25 04:48:54.593073,0.5940000000000001,0.20800000000000002,6.089778770692766,16.50209986900876,-34.68733,17.499939666666666
224.38075000000003,10.338866394051662,34.839063572336535,38.35249112588041,227.5025447668803,2026-06-25 04:48:54.668054,0.5940000000000001,0.20800000000000002,6.089816810764007,16.49618768331373,-34.68733,17.499939666666666
224.099,10.342313942841606,34.83949917618051,38.35629178037287,227.4815720097741,2026-06-25 04:48:54.743034,0.5940000000000001,0.20600000000000002,6.089817299934544,16.481734248870563,-34.68733,17.499939666666666
224.016,10.347752108253477,34.84021932602519,38.36192737810258,227.43299012220126,2026-06-25 04:48:54.868002,0.5940000000000001,0.20600000000000002,6.089834958077435,16.477476449194317,-34.68733,17.499939666666666
223.6835,10.352451255114445,34.84079152031124,38.36648211334136,227.392988005088,2026-06-25 04:48:54.967976,0.5940000000000001,0.20800000000000002,6.089846194714033,16.460419601093687,-34.68733,17.499939666666666
223.51799999999997,10.358162275352639,34.841359732622635,38.372048975923086,227.18153351494843,2026-06-25 04:48:55.067950,0.5940000000000001,0.20800000000000002,6.089862246582883,16.45192965113683,-34.68733,17.499939666666666
223.3535,10.36566292203921,34.84192361400992,38.37985179313917,227.13323394871844,2026-06-25 04:48:55.167924,0.5940000000000001,0.20700000000000032,6.08987027231348,16.443490999971257,-34.68733,17.499939666666666
223.218,10.378115384435711,34.84262207045705,38.39382278321869,227.22351463847127,2026-06-25 04:48:55.292891,0.5940000000000001,0.20800000000000002,6.089878297896871,16.436540013752804,-34.68733,17.499939666666666
222.97800000000004,10.385977368976809,34.84298867698501,38.40339695618712,227.1711531819092,2026-06-25 04:48:55.359540,0.5940000000000001,0.20600000000000002,6.089887928372745,16.424228303845585,-34.68733,17.499939666666666
222.723,10.392806435774624,34.843312487570905,38.41146959315241,227.09104706389928,2026-06-25 04:48:55.417858,0.5940000000000001,0.20600000000000002,6.089926448226909,16.41114711206916,-34.68733,17.499939666666666
222.4275,10.410721457164774,34.8442658010066,38.43290090887258,226.55255660065842,2026-06-25 04:48:55.592813,0.5940000000000001,0.20600000000000002,6.090033965927403,16.355069494951188,-34.68733,17.499939666666666
222.52,10.411008421458705,34.84426512956094,38.43337014770068,226.54666121378483,2026-06-25 04:48:55.592813,0.5940000000000001,0.20600000000000002,6.090038779789899,16.37293418686127,-34.68733,17.499939666666666
222.1515,10.41992600783179,34.844936419940296,38.442519595535884,226.4676528803284,2026-06-25 04:48:55.717780,0.5940000000000001,0.20600000000000002,6.090066056080621,16.301765116927594,-34.68733,17.499939666666666
222.033,10.42612101946307,34.84559895716894,38.44762040827181,226.42261720340156,2026-06-25 04:48:55.842748,0.5880000000000001,0.20600000000000002,6.090077287023158,16.278878998102243,-34.68733,17.499939666666666
221.76833333333335,10.4283533037277,34.845946048603274,38.44942517022152,226.40594511398064,2026-06-25 04:48:55.909397,0.5940000000000001,0.20600000000000002,6.09007958996633,16.248086509879553,-34.68733,17.499939666666666
221.5555,10.430636192872946,34.846252854621795,38.45109414676557,226.21287981570146,2026-06-25 04:48:55.967715,0.5909999999999989,0.20600000000000002,6.090094935079747,16.223324540446065,-34.68733,17.499939666666666
221.33499999999998,10.435490431312662,34.84702713623352,38.45573632806828,226.33701733280398,2026-06-25 04:48:56.117676,0.5910000000000007,0.20600000000000002,6.09010456098281,16.197670597172372,-34.68733,17.499939666666666
221.13666666666666,10.44007462260556,34.84774769166891,38.46064460646395,226.28950097775328,2026-06-25 04:48:56.259306,0.5932647058823514,0.20600000000000002,6.0901241739576175,16.174595621741013,-34.68733,17.499939666666666
220.9405,10.44269026727715,34.848168100957785,38.4633808319021,226.26371151313023,2026-06-25 04:48:56.342617,0.5910000000000021,0.20700000000000068,6.090133437424794,16.195413227117506,-34.68733,17.499939666666666
220.741,10.445599508485689,34.84866894749993,38.46625666123601,226.22688787226633,2026-06-25 04:48:56.442591,0.5940000000000001,0.20600000000000002,6.090151083444797,16.235984787585924,-34.68733,17.499939666666666
220.5725,10.44812300256921,34.84916517037246,38.46853191605675,226.20312876375357,2026-06-25 04:48:56.542565,0.5970000000000006,0.20600000000000002,6.090159104070897,16.270251995299862,-34.68733,17.499939666666666
220.38049999999998,10.449314406891506,34.84941226944977,38.469580674148446,226.19321248135077,2026-06-25 04:48:56.592552,0.5970000000000009,0.20600000000000002,6.090160708182541,16.30929830913414,-34.68733,17.499939666666666
220.233,10.452095482889376,34.850027108591746,38.472038350769736,226.1700565917263,2026-06-25 04:48:56.717520,0.5940000000000001,0.20600000000000002,6.0901671245499305,16.339294826272447,-34.68733,17.499939666666666
220.0235,10.454044534436896,34.85051609512058,38.473906954270234,226.1468832269134,2026-06-25 04:48:56.817494,0.5940000000000001,0.20600000000000002,6.09209458209112,16.260234865392064,-34.68733,17.499939666666666
219.77566666666667,10.456288811376686,34.8512058747287,38.476362237675886,226.12056535219068,2026-06-25 04:48:56.959123,0.5940000000000001,0.20742962962962969,6.09018728803405,16.155609119617328,-34.68733,17.499939666666666
219.57666666666668,10.457813277166633,34.85177278652867,38.478066315404135,226.10568041932544,2026-06-25 04:48:57.075760,0.5940000000000001,0.20600000000000002,6.090191393093373,16.07159893773769,-34.68733,17.499939666666666
219.352,10.459652899694307,34.852582605640045,38.47962373092707,226.08447246566965,2026-06-25 04:48:57.242383,0.5940000000000001,0.20600000000000002,6.0901992050973135,15.976753271763013,-34.68733,17.499939666666666
218.981,10.46109290481914,34.85319298205418,38.48029331531287,226.28286815930952,2026-06-25 04:48:57.367350,0.5940000000000001,0.20600000000000002,6.090204551630866,16.047722037400927,-34.68733,17.499939666666666
218.72975,10.462257262957406,34.85362177358277,38.481058899846296,226.22443413721533,2026-06-25 04:48:57.454827,0.5940000000000001,0.20600000000000002,6.092144611386236,16.095783768847085,-34.68733,17.499939666666666
218.576,10.465073218464745,34.85454486845951,38.48317940091037,226.36424827474445,2026-06-25 04:48:57.642279,0.5940000000000001,0.20600000000000002,6.090205620933053,16.125194679135035,-34.68733,17.499939666666666
218.25549999999998,10.466439088169071,34.854918638854144,38.48454612463176,226.3393101114243,2026-06-25 04:48:57.717259,0.5940000000000001,0.20600000000000002,6.092136211081228,16.035669976598292,-34.68733,17.499939666666666
217.92,10.46903009478928,34.855632513448406,38.48714190479934,226.31584217826875,2026-06-25 04:48:57.858889,0.5940000000000001,0.20600000000000002,6.094059612219972,15.941955350385886,-34.68733,17.499939666666666
217.7636666666667,10.471346965079801,34.856227994806694,38.48932573723826,226.28503946111843,2026-06-25 04:48:57.975525,0.5940000000000001,0.20600000000000002,6.0902392614537275,15.89828703474395,-34.68733,17.499939666666666
217.56900000000002,10.476231036307317,34.8570933365896,38.494002556379684,226.41843131266515,2026-06-25 04:48:58.142148,0.5940000000000001,0.20600000000000002,6.094076315744368,15.843911136375297,-34.68733,17.499939666666666
217.2023333333333,10.480130226463872,34.858158385448064,38.49816500201573,226.32263434110965,2026-06-25 04:48:58.225460,0.5940000000000001,0.20600000000000002,6.091380991438287,15.782853046553727,-34.68733,17.499939666666666
217.387,10.486898310879806,34.8575342409263,38.50578642869228,226.50810688973445,2026-06-25 04:48:58.342096,0.5940000000000001,0.20600000000000002,6.09409228608013,15.793073395777206,-34.68733,17.499939666666666
217.008,10.49044579884696,34.85843001604064,38.509940976969375,226.8033169827676,2026-06-25 04:48:58.392083,0.5940000000000001,0.20600000000000002,6.0940986740567755,15.93121060619691,-34.68733,17.499939666666666
216.747,10.499728922151075,34.859119088219245,38.52084596283408,226.70543584797232,2026-06-25 04:48:58.517051,0.5940000000000001,0.20800000000000002,6.094141790472474,16.130462697450128,-34.68733,17.499939666666666
216.55499999999998,10.502449002509557,34.85935500173151,38.52389100944084,226.66123243259207,2026-06-25 04:48:58.558706,0.5940000000000001,0.20800000000000002,6.09416701975646,16.150041951150246,-34.68733,17.499939666666666
216.247,10.513541174863624,34.86039716244403,38.536164625109976,226.5568954773897,2026-06-25 04:48:58.741992,0.5940000000000001,0.20800000000000002,6.0942072558777465,16.10578129304769,-34.68733,17.499939666666666
216.37400000000002,10.513391526141884,34.860395888527805,38.5359628711047,226.56254486813847,2026-06-25 04:48:58.741992,0.5940000000000001,0.20800000000000002,6.094204062621275,16.12403162934323,-34.68733,17.499939666666666
215.9965,10.518631331747535,34.86112773975286,38.54114063388179,226.67652073524368,2026-06-25 04:48:58.866959,0.5940000000000001,0.20800000000000002,6.09422002848712,16.069783582480508,-34.68733,17.499939666666666
215.819,10.52295462973639,34.86187628897297,38.54514482342942,226.81051483062154,2026-06-25 04:48:58.991927,0.5940000000000001,0.20800000000000002,6.094224036847916,16.048327277177037,-34.68733,17.499939666666666
215.5325,10.530766721473633,34.863110747288296,38.55327518250199,226.89639510807825,2026-06-25 04:48:59.191875,0.5940000000000001,0.20800000000000002,6.094246764883947,16.03546422118975,-34.68733,17.499939666666666
215.314,10.534186062531692,34.86358368026177,38.55709543117154,226.71102349658796,2026-06-25 04:48:59.266855,0.5940000000000001,0.20800000000000002,6.094256747638388,16.025654176745686,-34.68733,17.499939666666666
215.14266666666666,10.543167067939775,34.86470981602404,38.567339829712274,226.97226063504743,2026-06-25 04:48:59.441810,0.5940000000000001,0.20800000000000002,6.094271677622252,16.007865575701803,-34.68733,17.499939666666666
214.763,10.552105621457756,34.86587079254841,38.57733489058932,226.70494783515795,2026-06-25 04:48:59.616764,0.5940000000000001,0.20800000000000002,6.0943206002741155,15.946928059107698,-34.68733,17.499939666666666
214.525,10.554211533866294,34.86627036170817,38.579551795552675,226.52418994330736,2026-06-25 04:48:59.675082,0.5940000000000001,0.20800000000000002,6.094344852907556,15.908728421839749,-34.68733,17.499939666666666
214.33499999999998,10.561361639111869,34.86785475912323,38.586770741114094,226.45920214967663,2026-06-25 04:48:59.904189,0.5940000000000001,0.20800000000000002,6.0943478677905,15.878232913096424,-34.68733,17.499939666666666
214.243,10.562625327510773,34.86811189752263,38.588110820769955,226.44103397122475,2026-06-25 04:48:59.941679,0.5940000000000001,0.20800000000000002,6.09435731142381,15.863466666757555,-34.68733,17.499939666666666
213.95625,10.565165116959307,34.86927852065297,38.58982585753812,226.40258455207683,2026-06-25 04:49:00.104137,0.5940000000000001,0.20800000000000002,6.094376259245394,15.907706082788092,-34.68733,17.499939666666666
213.588,10.565873704645773,34.86954137896189,38.590392027111356,226.39477929667115,2026-06-25 04:49:00.141627,0.5940000000000001,0.20800000000000002,6.0943764638724955,15.964519212529146,-34.68733,17.499939666666666
213.34066666666664,10.569637314107675,34.87100496845173,38.59327527121862,226.3609967193257,2026-06-25 04:49:00.341575,0.5940000000000001,0.20800000000000002,6.097589641722108,15.99892736857575,-34.68733,17.499939666666666
213.13366666666664,10.57584208228961,34.872121220888154,38.59952649651961,226.31785867869735,2026-06-25 04:49:00.491536,0.5940000000000001,0.20800000000000002,6.094413842657561,15.967922055828183,-34.68733,17.499939666666666
212.9635,10.584903327521092,34.87306180741649,38.60951779062056,226.59754756473737,2026-06-25 04:49:00.616503,0.5940000000000001,0.20800000000000002,6.094392423616359,15.942433791484174,-34.68733,17.499939666666666
212.79399999999998,10.600452065885303,34.87420151449791,38.62770743561421,226.45157769108795,2026-06-25 04:49:00.766464,0.5940000000000001,0.20800000000000002,6.096368363392016,15.917045383219856,-34.68733,17.499939666666666
212.517,10.603699796014617,34.8743942212842,38.631539462482635,226.43814289584935,2026-06-25 04:49:00.791458,0.5940000000000001,0.20800000000000002,6.096363520554876,15.875555182103549,-34.68733,17.499939666666666
212.35966666666664,10.622779387101533,34.87567151229418,38.65394895232679,226.25583654773786,2026-06-25 04:49:00.958081,0.5940000000000001,0.20800000000000002,6.098016604019051,15.833843607239361,-34.68733,17.499939666666666
212.208,10.633522914369449,34.876506575278746,38.6660962942923,226.4743371425372,2026-06-25 04:49:01.066386,0.5940000000000001,0.20800000000000002,6.0964847065658585,15.780994156680933,-34.68733,17.499939666666666
211.784,10.645062630598458,34.87747101361446,38.67897037259837,226.0464899310119,2026-06-25 04:49:01.191354,0.5940000000000001,0.20800000000000002,6.0984378066691605,15.768601712347648,-34.68733,17.499939666666666
211.9735,10.64567819927597,34.87747083243147,38.679790887944854,226.1968094881096,2026-06-25 04:49:01.191354,0.5940000000000001,0.20800000000000002,6.09653079551935,15.699280775432891,-34.68733,17.499939666666666
211.54466666666667,10.658498847280873,34.8790161989208,38.692850351060535,226.2150397797376,2026-06-25 04:49:01.391301,0.5940000000000001,0.20800000000000002,6.098481752329674,15.857516112844229,-34.68733,17.499939666666666
211.3125,10.66518103362251,34.88017232838524,38.69909417112045,225.85909908094408,2026-06-25 04:49:01.541262,0.5940000000000001,0.20800000000000002,6.098509281698433,15.943768034774413,-34.68733,17.499939666666666
211.1795,10.667093110153235,34.88055663205224,38.7008486167123,225.8353030365659,2026-06-25 04:49:01.591249,0.5940000000000001,0.20800000000000002,6.098520399073715,15.993178683518341,-34.68733,17.499939666666666
210.95399999999998,10.673019799154096,34.88183162894638,38.706701565373145,225.78502029257845,2026-06-25 04:49:01.757873,0.5940000000000001,0.20755223880596976,6.098535782535472,16.049720198008742,-34.68733,17.499939666666666
210.745,10.677119704383667,34.88265413091321,38.711210317142005,225.7432726240461,2026-06-25 04:49:01.866178,0.5940000000000001,0.20800000000000002,6.098552161007824,15.973531995417877,-34.68733,17.499939666666666
210.31099999999998,10.680191267877564,34.88397243265582,38.714684286677425,225.71489911672117,2026-06-25 04:49:01.941158,0.5940000000000001,0.20800000000000002,6.098558513179784,15.815323000564092,-34.68733,17.499939666666666
210.491,10.685011047895504,34.88322130746997,38.7202277929697,225.6818801875552,2026-06-25 04:49:02.041132,0.5940000000000001,0.20800000000000002,6.098569629212148,15.880939634374426,-34.68733,17.499939666666666
210.23399999999998,10.689339201951945,34.88453105173604,38.72518856412377,225.64925388671963,2026-06-25 04:49:02.116112,0.5940000000000001,0.20699999999999907,6.098575981081978,15.792403218749957,-34.68733,17.499939666666666
210.034,10.695715428028606,34.885270294295374,38.732398338309416,225.59010564628227,2026-06-25 04:49:02.216086,0.5940000000000001,0.20600000000000002,6.098598211927055,15.788156594282905,-34.68733,17.499939666666666
209.7215,10.702471238883158,34.88600233035335,38.739834716987986,225.52440838245064,2026-06-25 04:49:02.316060,0.5940000000000001,0.20699999999999946,6.098623617246938,15.781521243553135,-34.68733,17.499939666666666
209.59699999999998,10.713908812343014,34.887262082818964,38.75198416316822,225.41929001497027,2026-06-25 04:49:02.491015,0.5940000000000001,0.20800000000000002,6.098689150976726,15.778877719822395,-34.68733,17.499939666666666
209.37,10.719924534871858,34.887969951650284,38.758219984640284,225.53248176863156,2026-06-25 04:49:02.590989,0.5940000000000001,0.20800000000000002,6.098679185985694,15.77405780105229,-34.68733,17.499939666666666
209.13833333333332,10.72879817523071,34.88901897008045,38.767337678351375,225.61299447324458,2026-06-25 04:49:02.740950,0.5940000000000001,0.20753086419753192,6.098709545873496,15.772549295303524,-34.68733,17.499939666666666
208.9775,10.73668050164838,34.88987642706968,38.775533746079944,225.38544194462378,2026-06-25 04:49:02.865917,0.5940000000000001,0.20800000000000002,6.098731574041347,15.795675699793318,-34.68733,17.499939666666666
208.78733333333332,10.744447633555117,34.89060788079932,38.783928591017684,225.17383494225464,2026-06-25 04:49:02.974222,0.5940000000000001,0.20800000000000002,6.098740009755307,15.823019977019078,-34.68733,17.499939666666666
208.381,10.758638809564152,34.891710672129115,38.79986290498086,225.0546435274208,2026-06-25 04:49:03.140845,0.5940000000000001,0.20800000000000002,6.09877985536308,15.811990783566097,-34.68733,17.499939666666666
208.1525,10.770292140674968,34.89251960660242,38.81321958071153,224.95449276332704,2026-06-25 04:49:03.265813,0.5940000000000001,0.20800000000000002,6.098815699076336,15.79348534348661,-34.68733,17.499939666666666
207.9905,10.782521283605977,34.89346967480406,38.82698619514805,224.81901906530962,2026-06-25 04:49:03.415774,0.5940000000000001,0.20800000000000002,6.098880766101708,15.78036551288321,-34.68733,17.499939666666666
207.71633333333332,10.78457454575441,34.893726637468625,38.828963928666845,224.8236545874497,2026-06-25 04:49:03.457429,0.5940000000000001,0.20800000000000002,6.098865177683399,15.758161684341447,-34.68733,17.499939666666666
207.505,10.793271747725976,34.89495424305074,38.8371128182871,224.70339364356957,2026-06-25 04:49:03.657377,0.5940000000000001,0.20800000000000002,6.098931080827403,15.699582506085115,-34.68733,17.499939666666666
207.28533333333334,10.795347668466265,34.89565287643293,38.838017672866265,224.68950850090528,2026-06-25 04:49:03.774014,0.5940000000000001,0.20800000000000002,6.098931694732834,15.625913549014925,-34.68733,17.499939666666666
207.1615,10.796455120301646,34.89648712583654,38.8374916376535,224.67294045995175,2026-06-25 04:49:03.915643,0.5940000000000001,0.20600000000000002,6.09893947707874,15.603103483531827,-34.68733,17.499939666666666
206.869,10.796681161885829,34.89692182449227,38.836997075649926,224.3481756130013,2026-06-25 04:49:03.990624,0.5940000000000001,0.20600000000000002,6.102768936784447,15.598606385143354,-34.68733,17.499939666666666
206.78966666666665,10.796973949362473,34.89749398084921,38.836822061785114,224.34069287234433,2026-06-25 04:49:04.090598,0.5940000000000001,0.20600000000000002,6.0989418394614825,15.597386659312633,-34.68733,17.499939666666666
206.548,10.798127167408005,34.89848015253868,38.838353766384785,224.33219107472428,2026-06-25 04:49:04.265552,0.5940000000000001,0.20600000000000002,6.098941063757386,15.59367110793754,-34.68733,17.499939666666666
206.35,10.799001107813199,34.8988016448537,38.83969355298019,224.32209480739843,2026-06-25 04:49:04.323870,0.5940000000000001,0.20600000000000002,6.09894411732233,15.590626918259188,-34.68733,17.499939666666666
206.12199999999999,10.801714867866146,34.89981025651756,38.843485429949915,224.52506235934197,2026-06-25 04:49:04.507156,0.5940000000000001,0.20600000000000002,6.09895424857374,15.587121487720479,-34.68733,17.499939666666666
205.996,10.803415034584203,34.90035316566396,38.84559205816527,224.26992914673744,2026-06-25 04:49:04.607130,0.5940000000000001,0.20600000000000002,6.098966449811077,15.585184276106983,-34.68733,17.499939666666666
205.567,10.80629039421273,34.9013397240321,38.848956491435345,224.24682906459915,2026-06-25 04:49:04.790415,0.5940000000000001,0.20600000000000002,6.098969622967212,15.578588531803888,-34.68733,17.499939666666666
205.6685,10.806251063936637,34.90133937424178,38.84891341367397,224.24445967713484,2026-06-25 04:49:04.790415,0.5940000000000001,0.20600000000000002,6.10088825182331,15.580149063381427,-34.68733,17.499939666666666
205.38400000000001,10.807914821583234,34.90213838297888,38.85082938032816,224.22455483551275,2026-06-25 04:49:04.940376,0.5940000000000001,0.20800000000000002,6.098979812667731,15.575774962555714,-34.68733,17.499939666666666
205.1245,10.80913575387307,34.902800900278066,38.852058336586964,224.21589772983697,2026-06-25 04:49:05.065344,0.5940000000000001,0.20800000000000002,6.098979142301519,15.571785229113631,-34.68733,17.499939666666666
204.985,10.810283650378272,34.90332955258043,38.85303290157777,224.3690784874368,2026-06-25 04:49:05.165318,0.5940000000000001,0.20700000000000063,6.098979142290345,15.569640459112975,-34.68733,17.499939666666666
204.77200000000002,10.812026296069455,34.90398974708636,38.854586802685866,224.2856090181242,2026-06-25 04:49:05.290285,0.5940000000000001,0.20657446808510677,6.098982315368256,15.566365649004444,-34.68733,17.499939666666666
204.53449999999998,10.815084277451458,34.904914922967805,38.857963030406715,224.4584060285057,2026-06-25 04:49:05.465239,0.5940000000000001,0.20600000000000002,6.102552862041496,15.562714158859956,-34.68733,17.499939666666666
204.00850000000003,10.821984507827402,34.906177149574205,38.8656269772261,224.42189336149372,2026-06-25 04:49:05.702678,0.5940000000000001,0.20759090909090624,6.102059912524022,15.554627069108374,-34.68733,17.499939666666666
203.793,10.82550693653287,34.90664450797171,38.86933219618462,224.1718799890533,2026-06-25 04:49:05.790155,0.5940000000000001,0.20736470588235267,6.101636292487281,15.55131382226148,-34.68733,17.499939666666666
203.50733333333335,10.839294485861709,34.90799123973273,38.88429221247901,224.28885333049442,2026-06-25 04:49:06.040090,0.5940000000000001,0.20800000000000002,6.102880881511671,15.5469217842912,-34.68733,17.499939666666666
203.40066666666667,10.843293755603655,34.908356198637456,38.88917311633987,224.26296250962372,2026-06-25 04:49:06.106739,0.5940000000000001,0.20800000000000002,6.102885414712874,15.54528181678771,-34.68733,17.499939666666666
203.147,10.85235271154086,34.90922197349288,38.89980410960949,224.15264216904237,2026-06-25 04:49:06.265031,0.5940000000000001,0.20800000000000002,6.102941116767096,15.541381769068474,-34.68733,17.499939666666666
202.97766666666666,10.857706942463883,34.909820461466936,38.90590142270602,224.1147077704931,2026-06-25 04:49:06.373336,0.5940000000000001,0.20800000000000002,6.102949719695486,15.538778320656686,-34.68733,17.499939666666666
202.71825,10.86826283508422,34.91110223174766,38.916413360005116,224.02017660803173,2026-06-25 04:49:06.602443,0.5940000000000001,0.20800000000000002,6.102984664910655,15.534789868439216,-34.68733,17.499939666666666
202.59550000000002,10.870341055887504,34.91131469804525,38.91842756745939,224.17224435375022,2026-06-25 04:49:06.639933,0.5940000000000001,0.20800000000000002,6.102982177514379,15.53290262458559,-34.68733,17.499939666666666
202.31166666666664,10.883201661916745,34.91254642824935,38.931419652768206,224.22397620310323,2026-06-25 04:49:06.856543,0.5940000000000001,0.20800000000000002,6.103019944986364,15.52825221250591,-34.68733,17.499939666666666
202.101,10.89272735158933,34.91331275662429,38.94206893498123,224.1410262889648,2026-06-25 04:49:06.989842,0.5940000000000001,0.20800000000000002,6.103050077650069,15.49914090752311,-34.68733,17.499939666666666
201.99633333333335,10.893854622591173,34.91341019832009,38.94347311469382,224.10416788026134,2026-06-25 04:49:07.006504,0.5940000000000001,0.20800000000000002,6.103076784883423,15.484677379414567,-34.68733,17.499939666666666
201.70999999999998,10.90456437559823,34.914328052401586,38.95590059011214,224.02179034939388,2026-06-25 04:49:07.164796,0.5969999999999981,0.20800000000000002,6.103100601045035,15.445109956977488,-34.68733,17.499939666666666
201.52666666666667,10.911155579239987,34.91505840467325,38.963225574412114,223.68087623136358,2026-06-25 04:49:07.289764,0.5994444444444451,0.20800000000000002,6.10311410819014,15.422483285586518,-34.68733,17.499939666666666
201.3853333333333,10.917955353862391,34.916234132166444,38.970250970317615,223.57670082470366,2026-06-25 04:49:07.489712,0.5940000000000001,0.20800000000000002,6.103148537375181,15.426381372979025,-34.68733,17.499939666666666
201.19500000000002,10.919531942525866,34.91652828649158,38.971847959583194,223.6418097700845,2026-06-25 04:49:07.539699,0.5940000000000001,0.20800000000000002,6.103151023243686,15.431630919915628,-34.68733,17.499939666666666
200.725,10.923427874363936,34.91800463296365,38.97555631414235,223.5206858060875,2026-06-25 04:49:07.739647,0.6000000000000001,0.20800000000000002,6.103166904595188,15.478075943034892,-34.68733,17.499939666666666
200.93033333333332,10.924170118500042,34.9177092929962,38.97628358195749,223.57550873815723,2026-06-25 04:49:07.789634,0.5987816091954014,0.20800000000000002,6.103175093551245,15.438930640174236,-34.68733,17.499939666666666
200.56833333333336,10.9261766579196,34.91879179864127,38.9782352232117,223.4805634656828,2026-06-25 04:49:07.922932,0.5943655913978487,0.20800000000000002,6.103188426489681,15.520966937592899,-34.68733,17.499939666666666
200.363,10.92871916934881,34.91977312996839,38.98059473911597,223.47147180152155,2026-06-25 04:49:08.089555,0.5940000000000001,0.20800000000000002,6.103182689686069,15.577181517694475,-34.68733,17.499939666666666
200.177,10.930639081400779,34.920299597247514,38.98226945153108,223.44543467903893,2026-06-25 04:49:08.179532,0.5940000000000001,0.20800000000000002,6.103195317358701,15.622988825852524,-34.68733,17.499939666666666
199.772,10.936545304403936,34.921521706523684,38.98803422509903,223.39722421228518,2026-06-25 04:49:08.389477,0.5940000000000001,0.20800000000000002,6.103207944675729,15.47495311170973,-34.68733,17.499939666666666
199.88,10.93668221066131,34.92152117518866,38.98824405955632,223.40300873404044,2026-06-25 04:49:08.389477,0.5940000000000001,0.20800000000000002,6.1032032094485125,15.51442930214781,-34.68733,17.499939666666666
199.52033333333335,10.946227989303198,34.92257059575375,38.99950915818592,223.32535958104887,2026-06-25 04:49:08.572763,0.5940000000000001,0.20800000000000002,6.103227191290759,15.382963840781503,-34.68733,17.499939666666666
199.316,10.94680046267452,34.92266731990021,39.00021091147113,223.32078966281762,2026-06-25 04:49:08.589425,0.5940000000000001,0.20800000000000002,6.103226884984546,15.308275863193405,-34.68733,17.499939666666666
199.09799999999998,10.956714694166427,34.923417528801416,39.01217694420611,223.26294829917518,2026-06-25 04:49:08.722724,0.5940000000000001,0.20800000000000002,6.103233441023915,15.228592441753575,-34.68733,17.499939666666666
198.93,10.972015294083679,34.924475763446736,39.02997678776629,222.95088065102672,2026-06-25 04:49:08.914340,0.5940000000000001,0.20800000000000002,6.103301059822172,15.246898887082288,-34.68733,17.499939666666666
198.7705,10.978926271422898,34.9250147148459,39.037518848424966,222.69356635577972,2026-06-25 04:49:09.014314,0.5940000000000001,0.2086904761904761,6.103356401701417,15.271159178116472,-34.68733,17.499939666666666
198.644,10.981297388200097,34.925153316363605,39.04024534966258,222.70230646126228,2026-06-25 04:49:09.039308,0.5940000000000001,0.20800000000000002,6.103337354176014,15.290400098591858,-34.68733,17.499939666666666
198.38625000000002,10.991629620241604,34.9263316269371,39.05074842388259,222.3393429865091,2026-06-25 04:49:09.264249,0.5940000000000001,0.20961309523809496,6.103384079335126,15.27073208329571,-34.68733,17.499939666666666
198.161,10.99647829013826,34.92745524153389,39.05589280679402,222.07693703431138,2026-06-25 04:49:09.489191,0.5940000000000001,0.20800000000000002,6.10339731172447,15.253544031130986,-34.68733,17.499939666666666
197.803,10.997360192926102,34.92781783111368,39.056895073974005,221.9060550293358,2026-06-25 04:49:09.539178,0.5940000000000001,0.21000000000000002,6.103400467209558,15.226226283406364,-34.68733,17.499939666666666
197.93025,10.99772810610085,34.92770391795508,39.057246905681076,221.90086939897185,2026-06-25 04:49:09.564171,0.5940000000000001,0.20800000000000002,6.103404815067362,15.235936292897867,-34.68733,17.499939666666666
197.606,11.000475328793534,34.928644887878555,39.06008865094261,221.87404033586546,2026-06-25 04:49:09.739125,0.5940000000000001,0.21000000000000002,6.103413088750127,15.264892240670576,-34.68733,17.499939666666666
197.42766666666668,11.002195278955634,34.929167521766345,39.06153822729766,221.85684994636802,2026-06-25 04:49:09.855762,0.5940000000000001,0.20800000000000002,6.103418924392971,15.299894418566264,-34.68733,17.499939666666666
197.212,11.003514531189264,34.929637587990364,39.06272800398686,221.841959735046,2026-06-25 04:49:09.964067,0.5940000000000001,0.20900000000000044,6.10342413223723,15.342224155199002,-34.68733,17.499939666666666
197.001,11.004277241559446,34.929956520519205,39.06346691604561,221.8287219378261,2026-06-25 04:49:10.039047,0.5940000000000001,0.20900000000000002,6.103430442785425,15.383637946989603,-34.68733,17.499939666666666
196.7382,11.005412406314566,34.930797000380245,39.06472573342019,221.81778174372562,2026-06-25 04:49:10.248993,0.5940000000000001,0.20800000000000002,6.103432020394713,15.426865428141673,-34.68733,17.499939666666666
196.395,11.005773296098868,34.93151017403415,39.065139012151874,221.49064928155164,2026-06-25 04:49:10.338969,0.5940000000000001,0.20800000000000002,6.103435175591082,15.451457717532806,-34.68733,17.499939666666666
196.482,11.00662689686573,34.93114445639006,39.066021833685134,221.81253730537378,2026-06-25 04:49:10.438943,0.5940000000000001,0.20800000000000002,6.103428865176136,15.468036170304527,-34.68733,17.499939666666666
196.174,11.008647947151067,34.9319435695987,39.06807025442133,221.7921429259396,2026-06-25 04:49:10.563910,0.5940000000000001,0.20800000000000002,6.1034347931430375,15.409344636354062,-34.68733,17.499939666666666
195.81,11.012735288806628,34.9325158104136,39.07236170057918,221.75205409169826,2026-06-25 04:49:10.738865,0.5940000000000001,0.20900000000000002,6.1034493736305375,15.3399819144126,-34.68733,17.499939666666666
196.0,11.012702386582765,34.93251388369574,39.072312774354785,221.75587690851967,2026-06-25 04:49:10.738865,0.5940000000000001,0.20800000000000002,6.103447796154489,15.376187730810615,-34.68733,17.499939666666666
195.58533333333332,11.017032827427371,34.93296542428536,39.07709934978309,221.49774683260887,2026-06-25 04:49:10.888826,0.5940000000000001,0.20864268585131912,6.103463457848615,15.276428460280426,-34.68733,17.499939666666666
195.39550000000003,11.023599040820496,34.93347766266062,39.08424341325858,221.43731880202407,2026-06-25 04:49:11.076277,0.5940000000000001,0.2094032258064509,6.104623190583507,15.152102330452841,-34.68733,17.499939666666666
195.0208,11.03237364463653,34.93397301241403,39.09343494786858,221.2574844179241,2026-06-25 04:49:11.278724,0.5940000000000001,0.20800000000000002,6.103516170481795,14.90670285277203,-34.68733,17.499939666666666
194.77866666666668,11.042350971506844,34.934428878297695,39.10422449368013,221.18654173924926,2026-06-25 04:49:11.488669,0.5940000000000001,0.20800000000000002,6.103534875086942,15.028609420945664,-34.68733,17.499939666666666
194.5015,11.047799307197709,34.934668931400694,39.110560091137195,221.29547877889246,2026-06-25 04:49:11.613637,0.5940000000000001,0.20800000000000002,6.103553479356653,15.189056516637672,-34.68733,17.499939666666666
194.361,11.051222595994595,34.93484518028036,39.114629305890716,221.41673849994788,2026-06-25 04:49:11.713611,0.5940000000000001,0.20800000000000002,6.103570828018767,15.270389590400965,-34.68733,17.499939666666666
194.15,11.054639897942387,34.93517582501087,39.11790315940929,221.38693725783205,2026-06-25 04:49:11.930221,0.5940000000000001,0.20800000000000002,6.106819499124714,15.297285486143984,-34.68733,17.499939666666666
193.92950000000002,11.055483563285527,34.93536278080647,39.11812225718306,221.36868887455333,2026-06-25 04:49:12.063520,0.5940000000000001,0.20800000000000002,6.1035913300568465,15.239068321349606,-34.68733,17.499939666666666
193.511,11.055319944830714,34.9355692778124,39.11614459386479,221.68765149332813,2026-06-25 04:49:12.238474,0.5970000000000001,0.20800000000000002,6.105500369703232,15.278122238130077,-34.68733,17.499939666666666
193.728,11.055330767299031,34.93556802732375,39.11613198236615,221.3724083587556,2026-06-25 04:49:12.238474,0.5940000000000001,0.20800000000000002,6.103586598905222,15.185867601594193,-34.68733,17.499939666666666
193.36319999999998,11.054761325171894,34.93578105083704,39.114207715286945,221.68259108284684,2026-06-25 04:49:12.458417,0.5959525423728799,0.20800000000000002,6.107419413218835,15.340957423752217,-34.68733,17.499939666666666
193.17600000000002,11.054194447228085,34.93592744176896,39.11351482034843,221.68591668368146,2026-06-25 04:49:12.638370,0.6000000000000001,0.20800000000000002,6.107416991918479,15.315580459256548,-34.68733,17.499939666666666
192.894,11.053640953937945,34.936032014411154,39.11325043738905,221.68622452400865,2026-06-25 04:49:12.788331,0.6000000000000001,0.20800000000000002,6.1074164070594925,15.245729012977293,-34.68733,17.499939666666666
192.78066666666666,11.053086063534026,34.936114663298675,39.11302598369305,221.69360699420795,2026-06-25 04:49:12.921629,0.6000000000000001,0.20800000000000002,6.103648926983372,15.217656327711397,-34.68733,17.499939666666666
192.59,11.052433967716476,34.936191862942024,39.11274165753002,221.69119531636784,2026-06-25 04:49:13.063259,0.6000000000000001,0.20800000000000002,6.103586598894124,15.170428163087603,-34.68733,17.499939666666666
192.375,11.05215194309493,34.93622982895667,39.11261055737164,221.693863085448,2026-06-25 04:49:13.138239,0.6000000000000001,0.20800000000000002,6.103583444763446,15.197403833065101,-34.68733,17.499939666666666
192.1545,11.052264312814064,34.93629955649842,39.11269124819245,221.69457108057202,2026-06-25 04:49:13.288200,0.6000000000000001,0.20800000000000002,6.105494081632298,15.248719963406339,-34.68733,17.499939666666666
191.99500000000003,11.054207810321843,34.936368771443355,39.114209270686004,221.79695247575407,2026-06-25 04:49:13.448159,0.5940000000000001,0.21200000000000002,6.107406948897713,15.273257533418127,-34.68733,17.499939666666666
191.755,11.056952013744878,34.936428527223995,39.1167745782759,221.8201498516199,2026-06-25 04:49:13.588122,0.5940000000000001,0.21200000000000002,6.10741415394682,15.191850793315446,-34.68733,17.499939666666666
191.542,11.060130687958022,34.936482102390904,39.12009834251188,221.95656243370595,2026-06-25 04:49:13.713090,0.6000000000000001,0.21100000000000002,6.105505107577551,15.119602311474328,-34.68733,17.499939666666666
191.34550000000002,11.064476042062513,34.93656199851964,39.12511313743402,221.9053922708699,2026-06-25 04:49:13.888044,0.5968536585365848,0.2109512195121949,6.107444218950807,15.052950543015273,-34.68733,17.499939666666666
191.18900000000002,11.065808760721449,34.93658450420523,39.12672417519367,221.8924568715122,2026-06-25 04:49:13.938031,0.5940000000000001,0.2109999999999998,6.107448699814311,15.01042229135247,-34.68733,17.499939666666666
190.91250000000002,11.069124669537683,34.93671813567227,39.129691454576715,221.8711270848549,2026-06-25 04:49:14.187966,0.5940000000000001,0.21200000000000002,6.107451123819909,14.942694393345205,-34.68733,17.499939666666666
190.82000000000002,11.070192270359096,34.9368216215097,39.13003371357,222.16991957276295,2026-06-25 04:49:14.354589,0.5940000000000001,0.20906976744185918,6.107462940978426,14.920036778279483,-34.68733,17.499939666666666
190.5473333333333,11.070879365072932,34.93690672452263,39.13029031255357,222.1627123122332,2026-06-25 04:49:14.471225,0.5940000000000001,0.20800000000000002,6.107463928054641,14.853247844500158,-34.68733,17.499939666666666
190.37199999999999,11.071909478625564,34.937023140891746,39.13069137731241,222.14547806686915,2026-06-25 04:49:14.621186,0.5940000000000001,0.20800000000000002,6.107473187279169,14.865451712660864,-34.68733,17.499939666666666
190.172,11.073570391544758,34.93720840387389,39.13164035532652,222.1391864694123,2026-06-25 04:49:14.821134,0.5940000000000001,0.20800000000000002,6.107469805792793,14.949356914334977,-34.68733,17.499939666666666
189.94175,11.074455071835956,34.937312130770835,39.13220176877161,222.12777123511063,2026-06-25 04:49:14.925274,0.5940000000000001,0.20800000000000002,6.107474048226798,15.045952777762299,-34.68733,17.499939666666666
189.782,11.075937567171161,34.937558537887966,39.13396947588975,222.43066930795277,2026-06-25 04:49:15.137718,0.5940000000000001,0.20800000000000002,6.1074801028089185,15.027159661697398,-34.68733,17.499939666666666
189.5634,11.076861732720621,34.93769449275878,39.13517947973959,222.4240294224204,2026-06-25 04:49:15.237692,0.5940000000000001,0.20800000000000002,6.107480003634043,14.914970332516301,-34.68733,17.499939666666666
189.32150000000001,11.078590787951736,34.937945064100376,39.13744101098699,222.4023185109028,2026-06-25 04:49:15.412647,0.5940000000000001,0.20800000000000002,6.107489523262045,14.81548593942055,-34.68733,17.499939666666666
189.17499999999998,11.080145193294785,34.93817398770667,39.139374525375565,222.38608144769526,2026-06-25 04:49:15.554276,0.5940000000000001,0.20800000000000002,6.107495803472064,14.814796806340178,-34.68733,17.499939666666666
188.97166666666666,11.081275063141549,34.938342553524684,39.14073197261792,222.37737267869844,2026-06-25 04:49:15.654250,0.5940000000000001,0.20800000000000002,6.107496770413128,14.813840330392452,-34.68733,17.499939666666666
188.779,11.083794611239728,34.93868327729277,39.143496423188836,222.35527371734227,2026-06-25 04:49:15.837536,0.5940000000000001,0.20800000000000002,6.107503653527445,14.812934030232146,-34.68733,17.499939666666666
188.56733333333332,11.085183521938186,34.93885046949467,39.14505079097478,222.3410316873959,2026-06-25 04:49:15.920847,0.5940000000000001,0.20800000000000002,6.107508363604864,14.811938354450495,-34.68733,17.499939666666666
188.335,11.089250580316687,34.93927875376038,39.14929288494874,222.3335628008307,2026-06-25 04:49:16.120795,0.5940000000000001,0.20800000000000002,6.107508812169988,14.810845463080714,-34.68733,17.499939666666666
188.13375000000002,11.092709024269134,34.93961219137381,39.152285139719766,222.27712293793292,2026-06-25 04:49:16.262425,0.5940000000000001,0.20800000000000002,6.107528660870579,14.809898787091468,-34.68733,17.499939666666666
187.77271428571427,11.100833648405175,34.94038492876866,39.160274815015455,222.20114223872085,2026-06-25 04:49:16.565917,0.5940000000000001,0.20625714285714597,6.107557793260576,14.808200482286624,-34.68733,17.499939666666666
187.592,11.105501698995374,34.94080821041036,39.16550766069728,222.17915352231063,2026-06-25 04:49:16.720639,0.5940000000000001,0.20600000000000002,6.107555612872915,14.807350405888117,-34.68733,17.499939666666666
187.2405,11.112073985023878,34.941505958241066,39.1734873224229,222.43065948794606,2026-06-25 04:49:16.912256,0.5940000000000001,0.20600000000000002,6.107583716801756,14.805696956893234,-34.68733,17.499939666666666
187.372,11.113695360852354,34.94135583933508,39.175411172885056,222.4156533621487,2026-06-25 04:49:16.962243,0.5940000000000001,0.20600000000000002,6.107591565487444,14.806315530272542,-34.68733,17.499939666666666
186.965,11.118691587652538,34.94223925793979,39.18082387839745,222.35656529712602,2026-06-25 04:49:17.197181,0.5940000000000001,0.20600000000000002,6.10761824968908,14.80440101038373,-34.68733,17.499939666666666
186.724,11.11960715110938,34.94252841569558,39.181651616426976,222.33877822413183,2026-06-25 04:49:17.287158,0.5940000000000001,0.20600000000000002,6.1076276672372405,14.803267351186669,-34.68733,17.499939666666666
186.55425,11.119893511252377,34.943243816854576,39.18185608739612,222.33847444805062,2026-06-25 04:49:17.499603,0.5940000000000001,0.206119565217391,6.107624340408074,14.802468850569653,-34.68733,17.499939666666666
186.3456666666667,11.120330072347327,34.943545099408716,39.18213858620354,222.34078021071622,2026-06-25 04:49:17.587080,0.5940000000000001,0.20600000000000002,6.10761824968908,14.801487678726554,-34.68733,17.499939666666666
186.083,11.122418480473295,34.94407229177746,39.18368926655292,222.32399415621677,2026-06-25 04:49:17.737041,0.5940000000000001,0.20800000000000002,6.107621388893886,14.800252099961293,-34.68733,17.499939666666666
185.92075000000003,11.128029023118858,34.944616714080055,39.189255973554424,222.6071026416842,2026-06-25 04:49:17.887002,0.5940000000000001,0.20800000000000002,6.1076276672372405,14.799488879194806,-34.68733,17.499939666666666
185.724,11.131591885205378,34.94489255930409,39.19309661285438,222.57901529009615,2026-06-25 04:49:17.961982,0.5940000000000001,0.20800000000000002,6.107635514973188,14.798563371115879,-34.68733,17.499939666666666
185.511,11.141459564893653,34.945546737477564,39.20443411123231,222.48138820929583,2026-06-25 04:49:18.136936,0.5940000000000001,0.20800000000000002,6.10767789080392,14.7975614233608,-34.68733,17.499939666666666
185.32,11.144239300487772,34.94573932292643,39.20769025542812,222.4607468633454,2026-06-25 04:49:18.186923,0.5940000000000001,0.20800000000000002,6.109595756739261,14.796662963167279,-34.68733,17.499939666666666
185.235,11.145835061867011,34.94583259268647,39.209591259011376,222.45044851414696,2026-06-25 04:49:18.211917,0.5970000000000018,0.20800000000000002,6.109597366962141,14.796263124861262,-34.68733,17.499939666666666
184.90879999999999,11.158467376520743,34.94694875290639,39.223837143146895,222.32666526156703,2026-06-25 04:49:18.496843,0.5940000000000001,0.20800000000000002,6.107736620075652,14.922144435832774,-34.68733,17.499939666666666
184.75766666666667,11.163990865199672,34.94756873977263,39.229796892926856,222.27604997361152,2026-06-25 04:49:18.653468,0.5940000000000001,0.20800000000000002,6.107756230741454,14.985366996709907,-34.68733,17.499939666666666
184.58566666666664,11.165366477392391,34.9477725002294,39.23117879434137,222.2668607593146,2026-06-25 04:49:18.703455,0.5940000000000001,0.20800000000000002,6.1089348267233845,14.992648882786371,-34.68733,17.499939666666666
184.41233333333335,11.17073578143018,34.9485875798203,39.236524874431524,222.21438036277462,2026-06-25 04:49:18.903403,0.5940000000000001,0.20800000000000002,6.111604314457196,14.842454671894156,-34.68733,17.499939666666666
184.09900000000002,11.177378878874974,34.949561744063026,39.243559263742505,222.44024497984796,2026-06-25 04:49:19.136676,0.5940000000000001,0.20800000000000002,6.1116079597727415,14.609687234274462,-34.68733,17.499939666666666
184.00200000000004,11.180146525595973,34.949987394264774,39.24635933037069,222.4008939608574,2026-06-25 04:49:19.236650,0.5940000000000001,0.20800000000000002,6.111615954975704,14.65983394892202,-34.68733,17.499939666666666
183.739,11.181470914553614,34.95020097285233,39.24767322770339,222.12285450702663,2026-06-25 04:49:19.286637,0.5940000000000001,0.20800000000000002,6.111632434990307,14.795798752554107,-34.68733,17.499939666666666
183.55874999999997,11.187505095698093,34.951286705661786,39.25335973114552,222.07120203813346,2026-06-25 04:49:19.536572,0.5940000000000001,0.20800000000000002,6.111649966463364,14.888983755803858,-34.68733,17.499939666666666
183.38074999999998,11.191609501241402,34.951953725877374,39.257690370074826,222.3523218121066,2026-06-25 04:49:19.686533,0.5940000000000001,0.20800000000000002,6.111663741003068,14.900199865618431,-34.68733,17.499939666666666
183.14,11.201560529078769,34.9530916124224,39.26871394193314,222.27661618944015,2026-06-25 04:49:19.936467,0.5970000000000019,0.20800000000000002,6.111685547390691,14.717089272806277,-34.68733,17.499939666666666
182.96042857142857,11.208397251976757,34.95369251854125,39.27634007644788,222.2371382786858,2026-06-25 04:49:20.065005,0.5959780219780235,0.20800000000000002,6.111689598209435,14.701221161157923,-34.68733,17.499939666666666
182.583,11.225252791876361,34.955112150280605,39.29586516888013,222.05464903970267,2026-06-25 04:49:20.361357,0.5940000000000001,0.20800000000000002,6.111775384099499,14.705691938863513,-34.68733,17.499939666666666
182.19275000000002,11.235081218735353,34.956622022072295,39.30724890389123,221.98054847905416,2026-06-25 04:49:20.586298,0.5940000000000001,0.20800000000000002,6.111794615896948,14.672123223213138,-34.68733,17.499939666666666
182.3435,11.237509299567447,34.95623801358195,39.309752448518495,221.79760313137714,2026-06-25 04:49:20.661278,0.6000000000000001,0.20800000000000002,6.11180736908895,14.685090510552776,-34.68733,17.499939666666666
181.961,11.241879101674105,34.957671710173095,39.31317094120982,221.75354075255282,2026-06-25 04:49:20.861226,0.5970000000000008,0.20800000000000002,6.111822984893905,14.690545370879837,-34.68733,17.499939666666666
181.78575,11.242921259383763,34.95828553463629,39.313290612556116,221.89845548312783,2026-06-25 04:49:20.973697,0.5966337209302335,0.20800000000000002,6.111828849770361,14.777319910121737,-34.68733,17.499939666666666
181.60433333333333,11.243961554734978,34.95889733252122,39.31330851669557,221.66592801056996,2026-06-25 04:49:21.086168,0.5940000000000001,0.20800000000000002,6.111833543838724,14.86714785683102,-34.68733,17.499939666666666
181.36450000000002,11.244333072293482,34.96025426630967,39.312346659974196,221.79691886449214,2026-06-25 04:49:21.323606,0.5940000000000001,0.20800000000000002,6.111836257891587,14.985900649954251,-34.68733,17.499939666666666
181.172,11.244801809523896,34.96091688292882,39.312640959696026,221.87226425907457,2026-06-25 04:49:21.436076,0.5970000000000001,0.20800000000000002,6.111835477131539,14.958314613684847,-34.68733,17.499939666666666
180.95239999999998,11.252330048970151,34.96264940871937,39.32158050179078,221.78944720967388,2026-06-25 04:49:21.716004,0.5953399999999991,0.20800000000000002,6.111873253191494,14.865636620921867,-34.68733,17.499939666666666
180.7545,11.253688843789648,34.962928834710084,39.323177648900355,221.8163021204358,2026-06-25 04:49:21.760992,0.5998453608247425,0.20800000000000002,6.111841803601551,14.782116699392768,-34.68733,17.499939666666666
180.594,11.265941933797821,34.96439111806757,39.338351457347926,221.69503950440708,2026-06-25 04:49:21.985933,0.5940000000000001,0.20800000000000002,6.11189481031623,14.800641266256616,-34.68733,17.499939666666666
180.38,11.274204351678385,34.96541276477655,39.347934215177986,221.7535931577435,2026-06-25 04:49:22.135894,0.6000000000000001,0.20723999999999998,6.111912483697178,14.884475266953487,-34.68733,17.499939666666666
180.22133333333332,11.281017062989,34.96634601248114,39.35523359227097,221.89522103729882,2026-06-25 04:49:22.269193,0.5940000000000001,0.20782222222222202,6.111930822695206,14.891281488902035,-34.68733,17.499939666666666
179.93525,11.289438087549009,34.967631278498516,39.36399073360826,221.80962172769375,2026-06-25 04:49:22.448313,0.5975487804878045,0.20681707317073186,6.111967328427185,14.814090781171016,-34.68733,17.499939666666666
179.67633333333333,11.29819893825971,34.969409054611816,39.372737719200394,221.71917591803293,2026-06-25 04:49:22.685751,0.5940000000000001,0.20800000000000002,6.112006366899927,14.744230155211133,-34.68733,17.499939666666666
179.59,11.301825859651018,34.97019061900155,39.37605322489249,221.71599560456957,2026-06-25 04:49:22.785725,0.5940000000000001,0.20800000000000002,6.111992400532017,14.713400076201506,-34.68733,17.499939666666666
179.32833333333335,11.304721313347981,34.97096210195002,39.378647678184024,221.67474933711802,2026-06-25 04:49:22.885699,0.5940000000000001,0.20800000000000002,6.11201356127849,14.589504372927564,-34.68733,17.499939666666666
179.14549999999997,11.31786710666165,34.97277816865122,39.39161724024572,221.57893424050548,2026-06-25 04:49:23.110640,0.5940000000000001,0.20800000000000002,6.112039845084461,14.526839652096262,-34.68733,17.499939666666666
178.99033333333333,11.33690686792761,34.97423431793831,39.4133313078522,221.77654679269438,2026-06-25 04:49:23.285594,0.5940000000000001,0.20800000000000002,6.112064257965013,14.500620896426403,-34.68733,17.499939666666666
178.75466666666668,11.362691538878858,34.97580278367138,39.44483291130707,221.56436721680072,2026-06-25 04:49:23.468880,0.5940000000000001,0.20800000000000002,6.115964510766313,14.460799929168422,-34.68733,17.499939666666666
178.519,11.389470993260064,34.977704776000834,39.475904637742346,220.97118768452248,2026-06-25 04:49:23.685490,0.5940000000000001,0.20800000000000002,6.114180967678913,14.436207270120736,-34.68733,17.499939666666666
178.38575000000003,11.389860225640138,34.97817881904027,39.47433068520208,221.08253615550754,2026-06-25 04:49:23.735477,0.5940000000000001,0.20800000000000002,6.11611529771358,14.44992702360028,-34.68733,17.499939666666666
178.1556,11.402859642484035,34.97914854797743,39.4890784984003,220.85077117928856,2026-06-25 04:49:23.845448,0.5940000000000001,0.20800000000000002,6.1123156716037075,14.473623843587657,-34.68733,17.499939666666666
177.91899999999998,11.421272852137271,34.98181522610595,39.50662308007346,220.69490383913347,2026-06-25 04:49:24.135373,0.5940000000000001,0.20800000000000002,6.114283639240586,14.424196562523178,-34.68733,17.499939666666666
177.71820000000002,11.429435260968509,34.983134762015254,39.51512854159515,220.61485203476556,2026-06-25 04:49:24.275336,0.5974384615384583,0.20800000000000002,6.116228704296066,14.352267230519,-34.68733,17.499939666666666
177.555,11.447278804627844,34.98562045634992,39.534841437084566,220.4769208558841,2026-06-25 04:49:24.535269,0.5940000000000001,0.20800000000000002,6.116272633892411,14.293806737575347,-34.68733,17.499939666666666
177.34666666666666,11.44871943147358,34.98578753952959,39.5363213319311,220.74981752221333,2026-06-25 04:49:24.551931,0.5940000000000001,0.20800000000000002,6.116303302321654,14.270381196954663,-34.68733,17.499939666666666
177.15633333333335,11.461574565496639,34.98740647292119,39.55060828644934,220.56379679994484,2026-06-25 04:49:24.718554,0.5982333333333345,0.20800000000000002,6.116328697196581,14.248979623043608,-34.68733,17.499939666666666
177.0325,11.463132011991547,34.98757433002435,39.55200537503129,220.66076198511604,2026-06-25 04:49:24.735217,0.5940000000000001,0.20800000000000002,6.116317656579917,14.235055481698673,-34.68733,17.499939666666666
176.75420000000003,11.485699909971213,34.9902383726429,39.57558644370765,220.49147539417368,2026-06-25 04:49:25.005146,0.5940000000000001,0.20800000000000002,6.116368650699903,14.217660695346831,-34.68733,17.499939666666666
176.55625,11.499874065198611,34.992035327313324,39.59021293858479,220.3930104448635,2026-06-25 04:49:25.185099,0.5940000000000001,0.20800000000000002,6.116393443073323,14.26630749529764,-34.68733,17.499939666666666
176.30166666666665,11.513085161921984,34.99421572754933,39.603544422333506,220.215919407158,2026-06-25 04:49:25.401709,0.5940000000000001,0.20800000000000002,6.116490863347872,14.328872104984313,-34.68733,17.499939666666666
176.20000000000002,11.51734449023703,34.995055786450905,39.60773604379483,220.16752178126796,2026-06-25 04:49:25.485021,0.5940000000000001,0.20800000000000002,6.116514260084592,14.353856990031026,-34.68733,17.499939666666666
175.923,11.534964021296128,34.99793630165544,39.62634804243734,220.39223422246195,2026-06-25 04:49:25.768281,0.5940000000000001,0.20800000000000002,6.116516786825568,14.423992289492222,-34.68733,17.499939666666666
175.7536,11.541864056252907,34.998616352051286,39.63437579203462,220.37981227263424,2026-06-25 04:49:25.834930,0.5940000000000001,0.20800000000000002,6.116522709482099,14.414080611118926,-34.68733,17.499939666666666
175.591,11.577660916813059,35.00142660938192,39.67690559253637,220.5100824136517,2026-06-25 04:49:26.109858,0.5940000000000001,0.20800000000000002,6.1166497607972605,14.348357699369593,-34.68733,17.499939666666666
175.3853333333333,11.588016854098479,35.002194757225475,39.688525186547075,220.48810837016987,2026-06-25 04:49:26.184839,0.5940000000000001,0.20800000000000002,6.119324994614073,14.265227243138874,-34.68733,17.499939666666666
175.15366666666668,11.61329090799886,35.004242993199064,39.71634862890584,220.60866339961763,2026-06-25 04:49:26.384787,0.5940000000000001,0.20800000000000002,6.120193415820842,14.17158758822748,-34.68733,17.499939666666666
174.94116666666665,11.624749291029923,35.00577848963369,39.72682812342952,220.74267527116314,2026-06-25 04:49:26.534747,0.5940000000000001,0.20800000000000002,6.120652395263595,14.052796772509707,-34.68733,17.499939666666666
174.694,11.637994395470614,35.007314157645226,39.739821942803985,220.7713596797235,2026-06-25 04:49:26.684708,0.5940000000000001,0.20800000000000002,6.1206758630997395,13.91094170178964,-34.68733,17.499939666666666
174.59033333333332,11.649321936148928,35.00952501025511,39.750607087399146,221.04968840986433,2026-06-25 04:49:26.901319,0.5940000000000001,0.20800000000000002,6.120724214397765,13.86672737545087,-34.68733,17.499939666666666
174.3408,11.656963916125926,35.010985064916284,39.75814421651461,220.91133022773423,2026-06-25 04:49:27.044615,0.5940000000000001,0.20800000000000002,6.12074666959651,13.861351486648138,-34.68733,17.499939666666666
174.1525,11.65924319613044,35.011648075323215,39.76009062493514,221.20345645593977,2026-06-25 04:49:27.109598,0.5940000000000001,0.20800000000000002,6.120757680630235,13.857294794710302,-34.68733,17.499939666666666
173.97450000000003,11.677593727176417,35.01443331961674,39.779708074043455,221.63901383354573,2026-06-25 04:49:27.384526,0.5940000000000001,0.20800000000000002,6.120795882291882,13.853460003606028,-34.68733,17.499939666666666
173.796,11.67983655797656,35.0146845190436,39.782232626279395,221.6837656272185,2026-06-25 04:49:27.409519,0.5940000000000001,0.20800000000000002,6.120803983451584,13.849614440616628,-34.68733,17.499939666666666
173.55,11.70568802614958,35.01769721610955,39.811230621694776,221.7729951073585,2026-06-25 04:49:27.709441,0.5940000000000001,0.20800000000000002,6.120893494265223,13.844314673135441,-34.68733,17.499939666666666
173.39100000000005,11.711044706723245,35.01836002561458,39.817253252559496,221.7514387313859,2026-06-25 04:49:27.776091,0.5940000000000001,0.20800000000000002,6.120888304561061,13.840889213665895,-34.68733,17.499939666666666
173.139,11.731948812812746,35.02116505365562,39.84114645334878,221.85082507692408,2026-06-25 04:49:28.059350,0.5940000000000001,0.20800000000000002,6.120989612483376,13.835460183563214,-34.68733,17.499939666666666
172.971,11.742668114230169,35.0231179937857,39.85374236275456,221.76197619796258,2026-06-25 04:49:28.259298,0.5946122448979588,0.20800000000000002,6.121019728248148,13.831840830161427,-34.68733,17.499939666666666
172.78300000000002,11.753260680101093,35.025283389217115,39.86550739979278,221.6654673817272,2026-06-25 04:49:28.484239,0.5995862068965527,0.20800000000000002,6.121056661567611,13.827790601354666,-34.68733,17.499939666666666
172.33999999999997,11.764700764015998,35.02764409155271,39.87813821549851,221.4200679773575,2026-06-25 04:49:28.709181,0.5940000000000001,0.20800000000000002,6.12107862691646,13.818246711134478,-34.68733,17.499939666666666
172.55775,11.765994913120952,35.027391662551096,39.879922582024435,221.23659359591272,2026-06-25 04:49:28.734174,0.5940000000000001,0.20800000000000002,6.121096676989365,13.82293786710614,-34.68733,17.499939666666666
172.237,11.775306049141845,35.029375731962475,39.88984870130236,221.1063312480878,2026-06-25 04:49:28.921625,0.5940000000000001,0.20800000000000002,6.121102127891535,13.81602770279886,-34.68733,17.499939666666666
171.94133333333335,11.78741131890285,35.03203976993481,39.90201816956621,220.64804124416472,2026-06-25 04:49:29.217382,0.5957924528301883,0.20859748427672944,6.123829886362944,13.809657928061984,-34.68733,17.499939666666666
171.7957142857143,11.791720382691944,35.03328638885834,39.90679887588241,220.3748389257813,2026-06-25 04:49:29.362582,0.6000000000000001,0.20974384236453134,6.121176902022,13.806520744756241,-34.68733,17.499939666666666
171.4275,11.801474522185014,35.03646500265763,39.918496206999905,219.98007878017503,2026-06-25 04:49:29.733914,0.6000000000000001,0.20800000000000002,6.121198923945557,13.784167429177163,-34.68733,17.499939666666666
171.52616666666665,11.801742850262409,35.03639325484701,39.9188494569598,219.97591861849634,2026-06-25 04:49:29.742245,0.6000000000000001,0.20974305555555653,6.121202447155176,13.800713672780386,-34.68733,17.499939666666666
171.1415,11.806536992492898,35.03874336577012,39.92582169612942,219.7700083071495,2026-06-25 04:49:30.033835,0.6000000000000001,0.21000000000000002,6.121218970074856,13.73341900062516,-34.68733,17.499939666666666
170.961,11.807170249826306,35.03911529938908,39.926780351573626,219.60508561089296,2026-06-25 04:49:30.083822,0.6000000000000001,0.20899999999999969,6.121220512034018,13.701390709178881,-34.68733,17.499939666666666
170.74800000000002,11.809321744014001,35.04037509715021,39.92953640699584,219.57888199983358,2026-06-25 04:49:30.258777,0.6000000000000001,0.20800000000000002,6.121231490110864,13.726175943279449,-34.68733,17.499939666666666
170.60575,11.812445868455061,35.04173193809769,39.932274133104144,219.55301767661769,2026-06-25 04:49:30.458725,0.6000000000000001,0.20800000000000002,6.1212387134577595,13.74797799151345,-34.68733,17.499939666666666
170.305,11.822009705424232,35.0434396722325,39.94208024028725,219.4770955041358,2026-06-25 04:49:30.733653,0.5940000000000001,0.20800000000000002,6.123170776255531,13.68153750019854,-34.68733,17.499939666666666
170.12242857142857,11.830429417991311,35.04389950700575,39.95173268129022,219.423477867106,2026-06-25 04:49:30.819345,0.5970225563909782,0.20800000000000002,6.123196025249556,13.64120454786487,-34.68733,17.499939666666666
170.0,11.861769408955105,35.0455649616535,39.98781631897186,219.20450069007674,2026-06-25 04:49:31.133549,0.5940000000000001,0.20800000000000002,6.121336143756796,13.646621626316424,-34.68733,17.499939666666666
169.79525,11.865354732425974,35.04567731895082,39.99213662883074,218.7009489192546,2026-06-25 04:49:31.171039,0.5940234375000022,0.20999218749999932,6.12528832009408,13.700596591387777,-34.68733,17.499939666666666
169.50833333333335,11.884388565475012,35.04649026268904,40.01427067545689,218.44589556569605,2026-06-25 04:49:31.350159,0.5953103448275888,0.20956321839080377,6.1252920259394905,13.68811554151728,-34.68733,17.499939666666666
169.33516666666665,11.896444020035537,35.04706377511099,40.02802186868575,218.55860288536448,2026-06-25 04:49:31.500120,0.5940000000000001,0.20804166666666604,6.125291665117811,13.680536306313709,-34.68733,17.499939666666666
169.111,11.911504267975888,35.04786303629306,40.04438157516088,218.4482338516703,2026-06-25 04:49:31.733392,0.5940000000000001,0.21000000000000002,6.125331109462116,13.670724880568953,-34.68733,17.499939666666666
168.97825,11.91820222570126,35.04819689290248,40.05122490298227,218.07111979597042,2026-06-25 04:49:31.858360,0.5940000000000001,0.21000000000000002,6.1215547200851095,13.66491461989557,-34.68733,17.499939666666666
168.74779999999998,11.92989857422996,35.04868146360796,40.063867305562326,217.93863197275263,2026-06-25 04:49:32.083301,0.5940324324324336,0.21000000000000002,6.12542613860483,13.570201987385252,-34.68733,17.499939666666666
168.5975,11.939996566973559,35.048988600432345,40.074717010335384,217.88536965586655,2026-06-25 04:49:32.283249,0.5970000000000001,0.21000000000000002,6.125430823167189,13.508370258162442,-34.68733,17.499939666666666
168.365,11.946508794303888,35.04911852054764,40.08190997526583,217.50739264834215,2026-06-25 04:49:32.420713,0.5940000000000001,0.20911320754716983,6.125460284189058,13.531569064321108,-34.68733,17.499939666666666
168.1636,11.953751307082296,35.04914288141997,40.09021041464383,217.4359534929894,2026-06-25 04:49:32.613163,0.5940000000000001,0.20844590163934412,6.125492651466873,13.555571278439833,-34.68733,17.499939666666666
167.91675,11.955987722803542,35.04914288141997,40.0913032454004,217.41445078906546,2026-06-25 04:49:32.908086,0.5940000000000001,0.20800000000000002,6.125500559261245,13.458260917697586,-34.68733,17.499939666666666
167.7365,11.955116538567323,35.04914288141997,40.089314067813625,217.40793177896353,2026-06-25 04:49:33.008060,0.5940000000000001,0.20800000000000002,6.12550830098373,13.381809288065739,-34.68733,17.499939666666666
167.55133333333336,11.947276215871758,35.04893254946907,40.0770862911371,217.73547393972564,2026-06-25 04:49:33.233001,0.5940000000000001,0.20800000000000002,6.125480828798001,13.378018744584999,-34.68733,17.499939666666666
167.3248,11.932726501847545,35.048467579748,40.05740180076025,218.34779363056754,2026-06-25 04:49:33.542921,0.5940000000000001,0.20938333333333303,6.125424379515633,13.521548139875868,-34.68733,17.499939666666666
167.1596,11.92861598005212,35.048307929373316,40.05204542292186,218.14070979356933,2026-06-25 04:49:33.632897,0.5940000000000001,0.20870357142857132,6.125434405092915,13.57943242479287,-34.68733,17.499939666666666
166.938,11.925875571978933,35.048237376903394,40.04802791667502,218.2599670728362,2026-06-25 04:49:33.682884,0.5940000000000001,0.21000000000000002,6.125420085882158,13.558849605478889,-34.68733,17.499939666666666
166.75983333333332,11.91449786081118,35.047456495038624,40.034970927706176,219.15126332446656,2026-06-25 04:49:34.057787,0.5940000000000001,0.21000000000000002,6.125368880463328,13.542300993981716,-34.68733,17.499939666666666
166.61419999999998,11.910834835382031,35.04714532579684,40.03114861679417,219.24975873919828,2026-06-25 04:49:34.202749,0.5940000000000001,0.20950344827586317,6.125369474159135,13.528774168232202,-34.68733,17.499939666666666
166.34433333333334,11.90912584894047,35.04643852799074,40.0290741884175,219.65794315150157,2026-06-25 04:49:34.516000,0.5956470588235299,0.20945098039215676,6.125362334467392,13.198193108659042,-34.68733,17.499939666666666
166.1465,11.909219909060146,35.04620609483624,40.02883853159837,219.66697154042174,2026-06-25 04:49:34.620140,0.5940000000000001,0.20969026548672545,6.125352588186565,13.229764187902312,-34.68733,17.499939666666666
165.75763636363638,11.910503432575124,35.04532258950717,40.02936755374654,220.03885716295315,2026-06-25 04:49:35.050710,0.6000000000000001,0.20800000000000002,6.125359422103053,13.370650737613467,-34.68733,17.499939666666666
165.467,11.910830632413184,35.04497341953937,40.029766182691006,220.27700696834458,2026-06-25 04:49:35.232480,0.6000000000000001,0.20800000000000002,6.125361793031265,13.41566726444145,-34.68733,17.499939666666666
165.3846,11.911797460524241,35.044563905048946,40.029986771715656,220.27081827613927,2026-06-25 04:49:35.512407,0.6000000000000001,0.20800000000000002,6.125363088509749,13.43033195254025,-34.68733,17.499939666666666
165.14749999999998,11.912198610812496,35.04436307861749,40.02957455633276,220.54998903560522,2026-06-25 04:49:35.657370,0.5946081081081075,0.20800000000000002,6.125364861269778,13.472528524727458,-34.68733,17.499939666666666
164.98420000000002,11.916722537700476,35.04412044219486,40.034013300158435,220.5539873059041,2026-06-25 04:49:35.922301,0.5940000000000001,0.20800000000000002,6.125370083485211,13.501590946651408,-34.68733,17.499939666666666
164.622,11.921211625293415,35.04399323210358,40.039553557643515,220.83950645368884,2026-06-25 04:49:36.082259,0.5940000000000001,0.20800000000000002,6.125377134008565,13.371917828391682,-34.68733,17.499939666666666
164.6735,11.92378649853805,35.04402134548385,40.042866317533715,220.8140185680973,2026-06-25 04:49:36.157239,0.5940000000000001,0.21000000000000002,6.125389406359888,13.392776075082901,-34.68733,17.499939666666666
164.3515,11.929660340143123,35.04399323210358,40.04989641445977,220.76004381416143,2026-06-25 04:49:36.319697,0.5940000000000001,0.21000000000000002,6.125410066313582,13.262361406450363,-34.68733,17.499939666666666
164.15750000000003,11.935807495796823,35.04402134548385,40.056188146575785,220.71117151356276,2026-06-25 04:49:36.482155,0.5940000000000001,0.20899999999999974,6.1273341249612,13.259119669154556,-34.68733,17.499939666666666
163.92440000000002,11.942773508198059,35.04407585953692,40.062869553806365,220.63707980864524,2026-06-25 04:49:36.682102,0.5940000000000001,0.2089025641025631,6.1275544661740735,13.31415482091772,-34.68733,17.499939666666666
163.74825,11.945546361405944,35.04417957872791,40.06605108802931,220.6144372603159,2026-06-25 04:49:36.807070,0.5940000000000001,0.21000000000000002,6.1271460413624075,13.246480588790265,-34.68733,17.499939666666666
163.5726666666667,11.949787833947186,35.04431781270237,40.07065230574208,220.5812414312797,2026-06-25 04:49:36.982024,0.5940000000000001,0.21000000000000002,6.128701878289492,13.163962895931816,-34.68733,17.499939666666666
163.3802,11.953337698636627,35.044649012355045,40.07484474713972,220.55539159348254,2026-06-25 04:49:37.241957,0.5940000000000001,0.2099098591549298,6.129127636894493,13.07351065890006,-34.68733,17.499939666666666
163.119,11.959068931671661,35.045179766033364,40.08035615975467,220.5086692152172,2026-06-25 04:49:37.556874,0.5940000000000001,0.21000000000000002,6.129314348502041,13.180578735413844,-34.68733,17.499939666666666
162.94500000000002,11.963752568525845,35.045507572704466,40.08592988006317,220.53717419051577,2026-06-25 04:49:37.711834,0.5940000000000001,0.20954166666666807,6.129332211519204,13.281403806565626,-34.68733,17.499939666666666
162.541,11.976843067446424,35.046425723883864,40.10046795404653,220.68663170982228,2026-06-25 04:49:38.117443,0.5940000000000001,0.21000000000000002,6.129358040410051,13.10686835859265,-34.68733,17.499939666666666
162.36149999999998,11.979691094412455,35.04679768624199,40.10335724740044,220.80388020140813,2026-06-25 04:49:38.256692,0.5940000000000001,0.21000000000000002,6.1274734060589084,13.11424601531477,-34.68733,17.499939666666666
162.1615,11.98505269851571,35.04741572735738,40.10883587101614,220.92265552284346,2026-06-25 04:49:38.489965,0.5940000000000001,0.21000000000000002,6.12939192881437,13.130706394054727,-34.68733,17.499939666666666
161.9855,11.988690140045186,35.048144357680336,40.112344629448884,220.8862196683813,2026-06-25 04:49:38.744065,0.5940000000000001,0.21000000000000002,6.129406578980442,13.14519152734589,-34.68733,17.499939666666666
161.56525,11.991907963752112,35.0490923427613,40.11528704999482,220.8435306563814,2026-06-25 04:49:39.056484,0.5940000000000001,0.20800000000000002,6.129425977905127,13.179778898173227,-34.68733,17.499939666666666
161.76350000000002,11.992009435532504,35.049090477035264,40.11542285258675,220.85251857256281,2026-06-25 04:49:39.056484,0.5940000000000001,0.20800000000000002,6.129419474706689,13.163462547747242,-34.68733,17.499939666666666
161.3494,11.993952926575364,35.05030595713716,40.11665054212867,221.14794914693042,2026-06-25 04:49:39.441383,0.5940000000000001,0.20800000000000002,6.129426615788387,13.197543761928326,-34.68733,17.499939666666666
161.1936,11.994480004414855,35.05072247021815,40.11687403741514,220.81460949624383,2026-06-25 04:49:39.571349,0.5940000000000001,0.20800000000000002,6.12943560296036,13.210366396966755,-34.68733,17.499939666666666
160.87,11.995096319281577,35.051403622895954,40.11752786558907,221.12741546689912,2026-06-25 04:49:39.781295,0.5940000000000001,0.20800000000000002,6.129434373911136,13.236999289768008,-34.68733,17.499939666666666
160.78183333333337,11.996286475060657,35.05203078139888,40.11904292344832,221.1173272842659,2026-06-25 04:49:39.972911,0.5940000000000001,0.2096095238095222,6.129436830891249,13.24425557339587,-34.68733,17.499939666666666
160.581,12.000086937109181,35.05290668344482,40.123221057910946,221.0945405020136,2026-06-25 04:49:40.239509,0.5940000000000001,0.21000000000000002,6.1294385577154955,13.260784537047249,-34.68733,17.499939666666666
160.22375,12.008223893401864,35.05394916665957,40.13246567371797,221.02845278448083,2026-06-25 04:49:40.556093,0.5940000000000001,0.21000000000000002,6.129458924911216,13.290186888571498,-34.68733,17.499939666666666
160.35,12.008193017812573,35.053949160576195,40.13241365477171,221.01945217145342,2026-06-25 04:49:40.556093,0.5940000000000001,0.21000000000000002,6.129467956297037,13.2797962744919,-34.68733,17.499939666666666
159.9785,12.017332213471352,35.05485437834311,40.143771869392396,220.93486689763333,2026-06-25 04:49:40.831021,0.5940000000000001,0.21000000000000002,6.129500437082417,13.310371428001373,-34.68733,17.499939666666666
159.728,12.024707988422591,35.05570369181308,40.15279818306164,220.5597019677695,2026-06-25 04:49:41.089287,0.5940000000000001,0.20800000000000002,6.1295172807731575,13.330988052373169,-34.68733,17.499939666666666
159.52633333333335,12.028697402397384,35.056415611088504,40.157439332746165,220.46491823016586,2026-06-25 04:49:41.305897,0.6000000000000001,0.20800000000000002,6.129518943520337,12.982943101372445,-34.68733,17.499939666666666
159.33325000000002,12.033753160068356,35.05785419415508,40.162250088809465,220.28545893995596,2026-06-25 04:49:41.743283,0.5975499999999956,0.20800000000000002,6.129550247601419,13.014443013690832,-34.68733,17.499939666666666
159.209,12.033876566166052,35.05792258338099,40.16231857581931,220.43282061270813,2026-06-25 04:49:41.764111,0.5947500000000028,0.20800000000000002,6.129549230237593,13.054147305899484,-34.68733,17.499939666666666
158.97633333333332,12.03768943345944,35.05850035514141,40.16657157748778,220.3561981666811,2026-06-25 04:49:41.939065,0.5982748091603042,0.208575063613232,6.132270715109061,13.09883242746493,-34.68733,17.499939666666666
158.7843333333333,12.043893885932638,35.05935470835095,40.17340692332392,220.06114384474117,2026-06-25 04:49:42.197332,0.5940000000000001,0.21000000000000002,6.129585608137699,13.05405961350369,-34.68733,17.499939666666666
158.5426666666667,12.050419901172376,35.06007661513451,40.18020113899388,220.01128999276511,2026-06-25 04:49:42.413942,0.5940000000000001,0.20941530054644772,6.129599958481474,12.997704943153183,-34.68733,17.499939666666666
158.3556,12.055977205901215,35.06080556682314,40.18641629472579,219.9855728828878,2026-06-25 04:49:42.630552,0.5940000000000001,0.20849655172413784,6.129597608078374,13.007605077686469,-34.68733,17.499939666666666
158.1402857142857,12.06110045326398,35.06184918163865,40.19220564270018,219.91941113041727,2026-06-25 04:49:42.937615,0.5940000000000001,0.21000000000000002,6.1296316764033225,13.042173928417098,-34.68733,17.499939666666666
158.00225,12.061162700207724,35.06199648784294,40.19218355991666,219.91989779264938,2026-06-25 04:49:42.980461,0.5940000000000001,0.21000000000000002,6.131338045001438,13.087527832703017,-34.68733,17.499939666666666
157.75925,12.066399015901734,35.063553945478255,40.19701806319862,219.86669683897927,2026-06-25 04:49:43.430343,0.5940000000000001,0.20888492063492045,6.1313386196531665,13.167369479471816,-34.68733,17.499939666666666
157.5592,12.069001330671288,35.06401562340665,40.19979414584998,219.85306316013504,2026-06-25 04:49:43.560310,0.5940000000000001,0.21000000000000002,6.1296502672499065,13.113316485493527,-34.68733,17.499939666666666
157.35219999999998,12.076401983815806,35.065304191654704,40.20814473166581,219.8001865726582,2026-06-25 04:49:43.920216,0.5940000000000001,0.21000000000000002,6.129663417437526,12.973879186837847,-34.68733,17.499939666666666
157.1345,12.078140109781597,35.06560826768538,40.21028863222844,219.7705030356857,2026-06-25 04:49:44.005194,0.5940000000000001,0.20800000000000002,6.129680123582241,13.0546012711228,-34.68733,17.499939666666666
156.952,12.085238794685447,35.0665531446766,40.21834265047695,219.7049649156551,2026-06-25 04:49:44.263460,0.5940000000000001,0.20853012048192754,6.129706195498147,13.122271369340558,-34.68733,17.499939666666666
156.75844444444442,12.091972711708058,35.067354836912195,40.225905460180066,219.6381141252995,2026-06-25 04:49:44.480070,0.5940000000000001,0.20800000000000002,6.129734975373473,13.194040812929808,-34.68733,17.499939666666666
156.5535,12.104487187574856,35.06884989093161,40.24079963848595,219.41013253315782,2026-06-25 04:49:44.879966,0.5905522388059682,0.20800000000000002,6.129763069151741,13.121394284761175,-34.68733,17.499939666666666
156.277,12.11296554476046,35.06979670441738,40.25123313029679,219.16731299913533,2026-06-25 04:49:45.129900,0.5940000000000001,0.20800000000000002,6.129779233356788,12.977113800283618,-34.68733,17.499939666666666
156.103,12.114171028622236,35.069892204383365,40.25264365155596,219.31086957118814,2026-06-25 04:49:45.154894,0.5940000000000001,0.20800000000000002,6.12978533450689,12.937960662757769,-34.68733,17.499939666666666
155.94400000000002,12.119937338678378,35.070369190086744,40.25941496062633,219.4336082432409,2026-06-25 04:49:45.279861,0.5940000000000001,0.20800000000000002,6.1324990850146905,12.902182795708283,-34.68733,17.499939666666666
155.77216666666666,12.131667291197864,35.071263707385995,40.27273810613646,219.0413472783035,2026-06-25 04:49:45.513134,0.5940000000000001,0.20800000000000002,6.13362741267928,12.863517197251232,-34.68733,17.499939666666666
155.57533333333333,12.140281666534705,35.07203323858169,40.28145991355902,218.93453415127777,2026-06-25 04:49:45.713082,0.5940000000000001,0.20800000000000002,6.133678065340514,12.927201920666977,-34.68733,17.499939666666666
155.34216666666669,12.147159569736042,35.07299934860037,40.28516901003532,219.18977248730243,2026-06-25 04:49:45.963017,0.5940000000000001,0.20800000000000002,6.133699975105087,13.043016032172892,-34.68733,17.499939666666666
155.1644,12.155706287197791,35.074111266948506,40.29213337102717,219.452207779918,2026-06-25 04:49:46.249609,0.5940000000000001,0.20800000000000002,6.133709608593841,12.924359660016751,-34.68733,17.499939666666666
154.94733333333332,12.159954847776525,35.074616590350644,40.29664833610483,219.7271226121243,2026-06-25 04:49:46.379575,0.5940000000000001,0.20756190476190498,6.133726265551927,12.831542095649098,-34.68733,17.499939666666666
154.738,12.167979861368375,35.075669701276084,40.30613452754143,219.95520094125,2026-06-25 04:49:46.649504,0.5940000000000001,0.20800000000000002,6.13376833841538,12.775878566123719,-34.68733,17.499939666666666
154.5458,12.17246300939675,35.076530962431114,40.3105688305788,219.91706226553896,2026-06-25 04:49:46.869447,0.5940000000000001,0.20800000000000002,6.1337809162151125,12.724770936944843,-34.68733,17.499939666666666
154.34683333333334,12.1786608288446,35.07785178583435,40.31665022125899,220.07064902016143,2026-06-25 04:49:47.204360,0.5940000000000001,0.20800000000000002,6.13380618211306,12.687741719322382,-34.68733,17.499939666666666
154.20600000000002,12.183498982499978,35.0783481198164,40.322085314800454,219.86065487055515,2026-06-25 04:49:47.329327,0.5946461538461518,0.2082153846153839,6.13381052740452,12.6955136107402,-34.68733,17.499939666666666
153.95374999999999,12.197200211414433,35.07934568894437,40.337961033323225,220.06258019471886,2026-06-25 04:49:47.579262,0.6000000000000001,0.21000000000000002,6.13382293317318,12.787280749003141,-34.68733,17.499939666666666
153.7545,12.227316036863254,35.08071833606162,40.37363004585873,219.80676567791946,2026-06-25 04:49:47.916674,0.5949374999999998,0.20800000000000002,6.133921875358881,12.765569194752564,-34.68733,17.499939666666666
153.56733333333332,12.243259036832436,35.081667148831876,40.39213452689188,219.63857782185406,2026-06-25 04:49:48.145781,0.6000000000000001,0.20997037037036942,6.134001899914123,12.630317454208587,-34.68733,17.499939666666666
153.33149999999998,12.25294529414324,35.08260233802829,40.401998800025936,219.5728064752097,2026-06-25 04:49:48.366557,0.6000000000000001,0.20800000000000002,6.134017425223979,12.629305490014438,-34.68733,17.499939666666666
153.1455,12.259204597052333,35.083697569952044,40.40748606773653,219.51977375896328,2026-06-25 04:49:48.616492,0.5940000000000001,0.20800000000000002,6.134035753131602,12.628507361363788,-34.68733,17.499939666666666
152.94549999999998,12.262332165102094,35.084593557856515,40.41028165140101,219.33190420327824,2026-06-25 04:49:48.816440,0.5940000000000001,0.20800000000000002,6.13577232850989,12.626859311436679,-34.68733,17.499939666666666
152.74925,12.265069782597504,35.0863504416192,40.41337166774575,219.2660182854765,2026-06-25 04:49:49.191342,0.5940000000000001,0.20800000000000002,6.134066202129174,12.625190493282753,-34.68733,17.499939666666666
152.5578,12.266634235974738,35.087131269874156,40.415186296851004,219.2629902747101,2026-06-25 04:49:49.348801,0.5940000000000001,0.20800000000000002,6.137883571629136,12.58997313006031,-34.68733,17.499939666666666
152.32475,12.270733809377829,35.088502551590146,40.41969124388853,219.08740509600182,2026-06-25 04:49:49.616231,0.5940000000000001,0.20800000000000002,6.13407833778702,12.516750516554573,-34.68733,17.499939666666666
152.10775,12.277285620079647,35.09009167927416,40.427427300437145,219.35146527841246,2026-06-25 04:49:49.903656,0.5940000000000001,0.20800000000000002,6.134093745239116,12.516509575753247,-34.68733,17.499939666666666
151.96825,12.280751426429358,35.090900893651906,40.43163766080663,219.31257115609472,2026-06-25 04:49:50.047369,0.5940000000000001,0.20800000000000002,6.134111663948682,12.51635468523811,-34.68733,17.499939666666666
151.7525,12.289870330879928,35.09379642408819,40.440824585578255,219.23827479998002,2026-06-25 04:49:50.520162,0.5940000000000001,0.20800000000000002,6.136887192355819,12.516115132344625,-34.68733,17.499939666666666
151.54525,12.292671032295353,35.094833723739896,40.443130595140815,219.20916395507237,2026-06-25 04:49:50.678454,0.5940000000000001,0.20779752066115667,6.1375711578158745,12.515885017224464,-34.68733,17.499939666666666
151.314,12.298017453388864,35.09720963075701,40.44815479443985,219.15654915376047,2026-06-25 04:49:51.021222,0.5940000000000001,0.20766197183098592,6.1379766458363765,12.515628254273743,-34.68733,17.499939666666666
151.19225,12.299601038900382,35.09795631712827,40.44963283347586,219.1446007510602,2026-06-25 04:49:51.128337,0.5940000000000001,0.20800000000000002,6.136092029428746,12.515493072049956,-34.68733,17.499939666666666
150.9642,12.306759073078723,35.10040894272767,40.458263568005066,219.07667374107368,2026-06-25 04:49:51.458251,0.5940000000000001,0.20800000000000002,6.137998471876442,12.515239862143309,-34.68733,17.499939666666666
150.77800000000002,12.329268365109332,35.10321471120892,40.48487540018732,218.9732877274587,2026-06-25 04:49:51.815658,0.5940000000000001,0.21000000000000002,6.13800035069614,12.515033119391203,-34.68733,17.499939666666666
150.578,12.355400377757169,35.106043859221494,40.51574315443866,218.66621528753254,2026-06-25 04:49:52.161401,0.5940000000000001,0.21000000000000002,6.135255942237721,12.514340442556247,-34.68733,17.499939666666666
150.36860000000001,12.360700404208156,35.10667146709959,40.5217767494407,218.63205797615018,2026-06-25 04:49:52.238048,0.5940000000000001,0.21000000000000002,6.138164995953594,12.507538202573905,-34.68733,17.499939666666666
150.14433333333338,12.386813467256715,35.10932377144905,40.552452739779945,218.48249584851527,2026-06-25 04:49:52.552966,0.5940000000000001,0.21000000000000002,6.138186862789635,12.500253027374733,-34.68733,17.499939666666666
149.907,12.42353884366447,35.11202738007604,40.59415635922677,218.18720668603234,2026-06-25 04:49:52.870740,0.5940000000000001,0.20800000000000002,6.138293741016925,12.492543388935655,-34.68733,17.499939666666666
149.75920000000002,12.466357938559264,35.11456111541844,40.641827813634805,217.7624589985615,2026-06-25 04:49:53.167805,0.6000000000000001,0.20800000000000002,6.138490975554266,12.434354276949907,-34.68733,17.499939666666666
149.53099999999998,12.495870705491827,35.11676652443166,40.67305499887186,217.5494042955357,2026-06-25 04:49:53.427738,0.5944537815126044,0.20800000000000002,6.138556123898023,12.417230832997815,-34.68733,17.499939666666666
149.4025,12.517802559562142,35.119901079080705,40.69553715121525,217.20688544636002,2026-06-25 04:49:53.802640,0.5970000000000001,0.20900000000000002,6.138627496968286,12.407588578186934,-34.68733,17.499939666666666
149.15949999999998,12.517168001835703,35.11994867397894,40.69478606561229,217.31898613434498,2026-06-25 04:49:53.808888,0.5952500000000036,0.20841666666666786,6.138609655379543,12.37759099611185,-34.68733,17.499939666666666
148.9358,12.524750159771092,35.122960796414766,40.7015287805019,216.97752496234665,2026-06-25 04:49:54.177542,0.5941500000000005,0.20805000000000015,6.1386562930458455,12.329663027049552,-34.68733,17.499939666666666
148.755,12.526767855320571,35.12455851628896,40.703060818225545,216.95435820339458,2026-06-25 04:49:54.377490,0.5970000000000006,0.20899999999999982,6.138665187643656,12.289614366820611,-34.68733,17.499939666666666
148.5772857142857,12.534243086058282,35.12666694468512,40.71079866638885,216.91322484803436,2026-06-25 04:49:54.648848,0.5965519480519508,0.20885064935065026,6.138667752407003,12.256501147202046,-34.68733,17.499939666666666
148.3784285714286,12.544654446420983,35.128627380677635,40.722196910571824,217.1110064977558,2026-06-25 04:49:54.905924,0.5940000000000001,0.20800000000000002,6.140473424607468,12.275967624323439,-34.68733,17.499939666666666
148.1424,12.561242120499369,35.1307980750197,40.740773407400475,217.00022967168582,2026-06-25 04:49:55.197276,0.5940000000000001,0.20800000000000002,6.142247403923911,12.299072878274568,-34.68733,17.499939666666666
147.968,12.576509750216985,35.13247941329659,40.758358783400965,216.97082505196238,2026-06-25 04:49:55.427216,0.5940000000000001,0.20800000000000002,6.139272784152119,12.309486094140999,-34.68733,17.499939666666666
147.76850000000002,12.57998074853278,35.13284674905498,40.76216757938705,217.31809285645886,2026-06-25 04:49:55.477203,0.5940000000000001,0.20800000000000002,6.142611091598596,12.214031987966647,-34.68733,17.499939666666666
147.5414,12.60117288217015,35.13511579099839,40.7867864733456,217.08486965786972,2026-06-25 04:49:55.797120,0.5940000000000001,0.20800000000000002,6.142686273645531,12.129465948049758,-34.68733,17.499939666666666
147.31366666666668,12.61542418680896,35.137163785578025,40.801472979742734,217.18537990754206,2026-06-25 04:49:56.093709,0.5940000000000001,0.20800000000000002,6.142715242144833,12.044664071532486,-34.68733,17.499939666666666
147.13528571428574,12.62136597312987,35.1381248635088,40.80735027691225,217.16574090349133,2026-06-25 04:49:56.234149,0.5940000000000001,0.20800000000000002,6.142706435953157,12.01072986815003,-34.68733,17.499939666666666
146.98,12.628973927987959,35.13942047332689,40.81521200857386,217.07465274444814,2026-06-25 04:49:56.426956,0.5940000000000001,0.20800000000000002,6.142758855888236,12.041229281425272,-34.68733,17.499939666666666
146.745,12.644930496326433,35.142070408562326,40.83269052731967,217.20470192336975,2026-06-25 04:49:56.826851,0.5940000000000001,0.20800000000000002,6.142845090240717,12.133226697329901,-34.68733,17.499939666666666
146.53366666666668,12.651121821242581,35.143037704066096,40.83987867582635,217.19816874500222,2026-06-25 04:49:56.976812,0.5951525423728793,0.20800000000000002,6.142823620538729,12.230103090295838,-34.68733,17.499939666666666
146.39000000000001,12.663900906166436,35.145440805361844,40.854006325465626,217.0524401070121,2026-06-25 04:49:57.356713,0.5940000000000001,0.208100840336134,6.142896526402714,12.266600594931774,-34.68733,17.499939666666666
146.1452,12.672274882606661,35.14708164401461,40.86277848720637,217.01551490375533,2026-06-25 04:49:57.626643,0.5946214285714309,0.20800000000000002,6.14289193869832,12.15421348319868,-34.68733,17.499939666666666
145.92916666666667,12.67832429032176,35.14817192301228,40.86924132500683,216.949454827962,2026-06-25 04:49:57.809929,0.5940000000000001,0.20800000000000002,6.142922743021166,12.055033081354722,-34.68733,17.499939666666666
145.7428,12.690134907656672,35.14958839652836,40.881929015872544,217.18643799466076,2026-06-25 04:49:58.056531,0.5940000000000001,0.20800000000000002,6.142939642278596,12.008945839557729,-34.68733,17.499939666666666
145.56050000000002,12.724012644130559,35.15213282635289,40.91869937032604,217.11830655223227,2026-06-25 04:49:58.543071,0.5940000000000001,0.20800000000000002,6.143050209741223,11.97720366747721,-34.68733,17.499939666666666
145.38119999999998,12.724665778122004,35.15215805169454,40.91947440034773,216.92699012475288,2026-06-25 04:49:58.556401,0.5940000000000001,0.20800000000000002,6.143024689843591,11.880384308317485,-34.68733,17.499939666666666
145.19349999999997,12.752591343599185,35.15390078869089,40.94970665255111,216.98512206543094,2026-06-25 04:49:58.934635,0.5940000000000001,0.20800000000000002,6.146230354285673,11.743573676045061,-34.68733,17.499939666666666
144.98271428571428,12.770474174541409,35.155327010395396,40.96904029363413,216.81335043407435,2026-06-25 04:49:59.340482,0.5940000000000001,0.20800000000000002,6.145221653575142,11.753018405414869,-34.68733,17.499939666666666
144.80842857142855,12.777157895683427,35.15597777907736,40.97612769394699,216.78127319533098,2026-06-25 04:49:59.554712,0.5940000000000001,0.20800000000000002,6.144180826747663,11.912258710549922,-34.68733,17.499939666666666
144.52333333333334,12.78723550415402,35.15678385234404,40.98724519729637,216.66499214934768,2026-06-25 04:49:59.976031,0.5940000000000001,0.20800000000000002,6.147073380828126,11.93859239793603,-34.68733,17.499939666666666
144.3665,12.79103830945696,35.15678385234404,40.99139224324365,216.67200186011195,2026-06-25 04:50:00.163482,0.5940000000000001,0.20800000000000002,6.145832598555597,11.895852135412428,-34.68733,17.499939666666666
144.18166666666664,12.796883548319167,35.15678385234404,40.99773898271836,216.81543261065457,2026-06-25 04:50:00.475900,0.5940000000000001,0.20800000000000002,6.147098593227864,11.826220632088674,-34.68733,17.499939666666666
143.97099999999998,12.800631597258633,35.156773845975565,41.00211861161747,216.58067312714502,2026-06-25 04:50:00.715838,0.5940000000000001,0.20800000000000002,6.147089976385227,11.769222745344287,-34.68733,17.499939666666666
143.751625,12.806333191932993,35.15577126582369,41.008163401364726,216.807918542462,2026-06-25 04:50:01.225705,0.5944622093023247,0.20800000000000002,6.1471204923618465,11.755119803804417,-34.68733,17.499939666666666
143.50833333333335,12.80608581714831,35.155307614289775,41.00706491202621,216.83569831736625,2026-06-25 04:50:01.359003,0.5940000000000001,0.20800000000000002,6.143309858271388,11.739343991330264,-34.68733,17.499939666666666
143.37114285714287,12.80369276540152,35.15380877761381,41.002105364420935,216.83059818307,2026-06-25 04:50:01.746998,0.5940000000000001,0.20800000000000002,6.147117561518591,11.73044812056217,-34.68733,17.499939666666666
143.18657142857143,12.79832431349557,35.15214684624814,40.994215837635274,216.88175919324397,2026-06-25 04:50:02.082624,0.5940000000000001,0.20800000000000002,6.147107872689513,11.718479916779755,-34.68733,17.499939666666666
142.93366666666665,12.793331671429144,35.15040537998912,40.98702609282142,216.93404915308372,2026-06-25 04:50:02.392068,0.5940000000000001,0.20800000000000002,6.144232131810993,11.702080760358598,-34.68733,17.499939666666666
142.77085714285712,12.791440770894821,35.14972993415821,40.98407191413095,216.93861016058403,2026-06-25 04:50:02.503943,0.5940000000000001,0.20800000000000002,6.147084585651115,11.69152366832246,-34.68733,17.499939666666666
142.5337142857143,12.78329959358923,35.14666830291771,40.971272688716226,217.3211451571086,2026-06-25 04:50:02.982390,0.5940000000000001,0.20800000000000002,6.147057891725753,11.676146564391496,-34.68733,17.499939666666666
142.36037499999998,12.778774886913936,35.144785098626244,40.9653796941519,217.1496341834416,2026-06-25 04:50:03.268922,0.5940000000000001,0.20800000000000002,6.147056994165229,11.664906688799787,-34.68733,17.499939666666666
142.14785714285716,12.772226908314268,35.14222706505677,40.95748938409065,217.73488012542023,2026-06-25 04:50:03.667925,0.5940000000000001,0.20800000000000002,6.147016654274952,11.651126348899005,-34.68733,17.499939666666666
142.036,12.770557289115281,35.14154662867222,40.95570207152526,217.73675755317177,2026-06-25 04:50:03.775040,0.5940000000000001,0.20800000000000002,6.147021367330756,11.643873172767712,-34.68733,17.499939666666666
141.79444444444445,12.759682607034671,35.13945931650341,40.94029154517381,217.79600777627198,2026-06-25 04:50:04.147166,0.5940000000000001,0.20800000000000002,6.147012804162923,11.66687952804809,-34.68733,17.499939666666666
141.55157142857144,12.750933107252791,35.137776065669115,40.92780057356881,218.31422128575633,2026-06-25 04:50:04.496281,0.5940000000000001,0.20800000000000002,6.146976798898646,11.471142575641709,-34.68733,17.499939666666666
141.327,12.74743590590527,35.13639436391476,40.92198328465833,219.30340451274654,2026-06-25 04:50:04.924741,0.5989333333333325,0.20800000000000002,6.146946779660269,11.419356169185926,-34.68733,17.499939666666666
141.21280000000002,12.74681763338699,35.13580558766152,40.91961968469183,219.3989648530932,2026-06-25 04:50:05.144683,0.5977882352941152,0.20800000000000002,6.1469419119933315,11.42190142787374,-34.68733,17.499939666666666
140.98142857142858,12.7468625334394,35.135724960719415,40.919404650051476,219.5148139542798,2026-06-25 04:50:05.181817,0.6000000000000001,0.20800000000000002,6.1469408120831055,11.427058171645047,-34.68733,17.499939666666666
140.79571428571427,12.753486282459724,35.135724960719415,40.92628704291129,219.77487323367484,2026-06-25 04:50:05.667404,0.5940000000000001,0.20800000000000002,6.1469629381975555,11.39226308479907,-34.68733,17.499939666666666
140.53433333333334,12.759029995532053,35.135724960719415,40.932581294923274,219.73840743855976,2026-06-25 04:50:05.907818,0.5940000000000001,0.20861423220973782,6.146970414448745,11.499821398720794,-34.68733,17.499939666666666
140.33100000000002,12.763785484688832,35.13599446252535,40.93834245365085,219.68906043474158,2026-06-25 04:50:06.091103,0.5940000000000001,0.20800000000000002,6.146992156459647,11.608196521526612,-34.68733,17.499939666666666
140.1746,12.779785206309608,35.137306834789,40.95740533687725,219.53988870314063,2026-06-25 04:50:06.434347,0.5982514285714289,0.20941714285714297,6.149750549100672,11.568388164061016,-34.68733,17.499939666666666
139.9659166666667,12.7890419220615,35.138032102482015,40.96849838153435,219.5374871913725,2026-06-25 04:50:06.624298,0.6000000000000001,0.21000000000000002,6.147018472860519,11.335827655688325,-34.68733,17.499939666666666
139.7522,12.809546706735926,35.1409763919075,40.991574540365775,219.32246665452357,2026-06-25 04:50:07.134165,0.5995459459459449,0.21000000000000002,6.150922061668646,11.421539396065924,-34.68733,17.499939666666666
139.5632,12.816626785297402,35.142661612938774,40.999102713811254,219.26517401558004,2026-06-25 04:50:07.364105,0.6000000000000001,0.21000000000000002,6.148755844040422,11.49733843965025,-34.68733,17.499939666666666
139.34257142857143,12.830724715915718,35.14585689467471,41.01603527697027,218.81879538479836,2026-06-25 04:50:07.745434,0.5940000000000001,0.21000000000000002,6.150009990058399,11.521692768006114,-34.68733,17.499939666666666
139.17325,12.835832009814627,35.14728511471733,41.021918888124034,219.11049624972878,2026-06-25 04:50:07.898965,0.5940000000000001,0.21008333333333137,6.1509780928620295,11.496844779523455,-34.68733,17.499939666666666
138.92299999999997,12.842139164515496,35.14886740287858,41.02947321385502,218.7116064060579,2026-06-25 04:50:08.073920,0.5940000000000001,0.21000000000000002,6.147988491053758,11.460120490281101,-34.68733,17.499939666666666
138.744875,12.856522503853867,35.15268560653645,41.0452129887458,218.56695922673228,2026-06-25 04:50:08.455070,0.5979609374999992,0.21000000000000002,6.151093781397165,11.413950075883731,-34.68733,17.499939666666666
138.544375,12.872226852891153,35.155592742278685,41.0635275115599,218.44940157650123,2026-06-25 04:50:08.736247,0.6000000000000001,0.21000000000000002,6.151128845266527,11.291399317459756,-34.68733,17.499939666666666
138.32399999999998,12.895890574365007,35.15949047660692,41.091479714799874,218.04212007714327,2026-06-25 04:50:09.106984,0.6000000000000001,0.20865346534653442,6.15119837091225,11.28089007968895,-34.68733,17.499939666666666
138.19639999999998,12.90551323296657,35.16125082966496,41.102452638550744,217.87120570715186,2026-06-25 04:50:09.273607,0.6000000000000001,0.21000000000000002,6.151216441364545,11.298359104787473,-34.68733,17.499939666666666
137.98477777777777,12.930431455314876,35.16516545013966,41.131857659513074,217.72587463151064,2026-06-25 04:50:09.651286,0.5990752688172051,0.21000000000000002,6.151238999433291,11.446162633553227,-34.68733,17.499939666666666
137.73420000000002,12.963761888641113,35.168678285308566,41.171385735401984,217.52516314393517,2026-06-25 04:50:10.003417,0.5972000000000209,0.2089333333333264,6.151277101147522,11.151865822639087,-34.68733,17.499939666666666
137.54975000000002,12.992224944678053,35.171552535008736,41.2045110549609,216.94957745616816,2026-06-25 04:50:10.304588,0.5940000000000001,0.21000000000000002,6.1514558085679,11.209351018735227,-34.68733,17.499939666666666
137.3377142857143,13.01590982950947,35.174271440434445,41.231236291965345,216.34956514377154,2026-06-25 04:50:10.601832,0.5940000000000001,0.21000000000000002,6.151539977656323,11.275433505127742,-34.68733,17.499939666666666
137.16337499999997,13.027992552330963,35.17831043948037,41.24359253898233,216.2445391645433,2026-06-25 04:50:11.091883,0.5958409090908974,0.21000000000000002,6.151578224573377,11.450197676013795,-34.68733,17.499939666666666
136.95,13.02763495866472,35.180416902042474,41.24357303517922,216.02957533542943,2026-06-25 04:50:11.381391,0.5940000000000001,0.21000000000000002,6.151580562204888,11.475912789429218,-34.68733,17.499939666666666
136.75785714285715,13.02709767791272,35.18247165316431,41.24307745414095,215.92347871170531,2026-06-25 04:50:11.680123,0.5940000000000001,0.21000000000000002,6.151581115376224,11.60241784489169,-34.68733,17.499939666666666
136.51922222222223,13.029247337780696,35.18532764229294,41.24415408566702,215.87972247629915,2026-06-25 04:50:12.161743,0.5940000000000001,0.21000000000000002,6.1516054400672635,11.370233769617899,-34.68733,17.499939666666666
136.36999999999998,13.032728115412755,35.186624989913796,41.24738914601184,215.8827469593885,2026-06-25 04:50:12.402791,0.5940000000000001,0.21000000000000002,6.1515866539200985,11.356110126366225,-34.68733,17.499939666666666
136.14933333333332,13.04658160221373,35.18831539041958,41.26354496539841,215.5306021150752,2026-06-25 04:50:12.756033,0.5940000000000001,0.20800000000000002,6.151629428902475,11.388466939614686,-34.68733,17.499939666666666
135.96833333333336,13.058575585573054,35.18917569935394,41.27719006998976,215.60936552861742,2026-06-25 04:50:12.961535,0.5940000000000001,0.2093631840796013,6.1516321813751835,11.415007346856243,-34.68733,17.499939666666666
135.776,13.079692779298844,35.190853631904055,41.30171963121513,215.15497063387397,2026-06-25 04:50:13.389201,0.5940000000000001,0.20800000000000002,6.151729551569539,11.443209584385492,-34.68733,17.499939666666666
135.57233333333332,13.092445408289093,35.19199596343548,41.31678979538487,215.04102926638032,2026-06-25 04:50:13.711339,0.5940000000000001,0.20800000000000002,6.151747648796068,11.473073652202428,-34.68733,17.499939666666666
135.32033333333334,13.107718776920962,35.19325178906969,41.33397243724999,214.40183178278883,2026-06-25 04:50:14.105681,0.5940000000000001,0.20800000000000002,6.15182337032915,11.510024937422724,-34.68733,17.499939666666666
135.18583333333333,13.117829389232002,35.19407799531236,41.34568878224804,214.43899278193643,2026-06-25 04:50:14.380609,0.5940000000000001,0.20888405797101436,6.151837389191123,11.529746952748637,-34.68733,17.499939666666666
134.95333333333332,13.122538112656024,35.19525333209871,41.34997247647314,214.14757631345233,2026-06-25 04:50:14.811053,0.5940000000000001,0.20800000000000002,6.151861793228443,11.563838912326888,-34.68733,17.499939666666666
134.75955555555552,13.12538609615012,35.19635912347281,41.35341913094221,213.57854572731478,2026-06-25 04:50:15.244273,0.5940000000000001,0.21000000000000002,6.151864009025679,11.590679962624115,-34.68733,17.499939666666666
134.57350000000002,13.12850604364761,35.19727779953452,41.35710475575898,213.50919919720087,2026-06-25 04:50:15.626951,0.5940000000000001,0.21000000000000002,6.151873410730182,11.415348576472496,-34.68733,17.499939666666666
134.314,13.135048697254204,35.198619995983144,41.363880158706145,213.18196812169523,2026-06-25 04:50:16.230127,0.5972727272727287,0.20890909090909046,6.151898592206348,11.443337765060717,-34.68733,17.499939666666666
134.18455555555556,13.137235410631517,35.19898915049012,41.365923676606634,212.85874479589413,2026-06-25 04:50:16.405082,0.5940000000000001,0.21000000000000002,6.151902931665816,11.359958839358422,-34.68733,17.499939666666666
133.94933333333333,13.144945118788252,35.199879785738965,41.37383071902041,212.7950947181642,2026-06-25 04:50:16.871627,0.5940000000000001,0.20868217054263574,6.1519263305445335,11.360549726822526,-34.68733,17.499939666666666
133.756,13.14661298666982,35.20007271925564,41.37545514543178,212.7848220497177,2026-06-25 04:50:16.971601,0.5940000000000001,0.21000000000000002,6.15192711300703,11.361035387751926,-34.68733,17.499939666666666
133.57433333333333,13.15040379739699,35.20046233785334,41.38029093677296,212.76308328798052,2026-06-25 04:50:17.204873,0.5940000000000001,0.2094295532646047,6.151929710106082,11.407516424791895,-34.68733,17.499939666666666
133.37355555555555,13.155282284226605,35.20096249482321,41.386559143496534,212.71017767625395,2026-06-25 04:50:17.543674,0.5940000000000001,0.20800000000000002,6.1519552937266475,11.25388999657105,-34.68733,17.499939666666666
133.18685714285715,13.160574662127058,35.2014157378721,41.39233931469522,212.98087058937273,2026-06-25 04:50:17.935635,0.5940000000000001,0.20800000000000002,6.151964607179812,11.395788508851952,-34.68733,17.499939666666666
132.96814285714285,13.165387949410148,35.20171130067466,41.39696807521461,212.72100204709122,2026-06-25 04:50:18.285544,0.5940000000000001,0.2093416149068326,6.151991605173083,11.428389515082188,-34.68733,17.499939666666666
132.781625,13.16865321469539,35.20172056709658,41.39995047774335,212.5904391361547,2026-06-25 04:50:18.577432,0.5940000000000001,0.21000000000000002,6.152003578154177,11.456191401926962,-34.68733,17.499939666666666
132.548,13.17232771884549,35.20172056709658,41.40318496514407,212.64741922322472,2026-06-25 04:50:19.141035,0.5955849056603778,0.21000000000000002,6.152008650657411,11.412924715274842,-34.68733,17.499939666666666
132.37972727272728,13.174943627809245,35.20172056709658,41.405873007184745,212.5510427309672,2026-06-25 04:50:19.389152,0.6000000000000001,0.21000000000000002,6.152010765411729,11.34820992440943,-34.68733,17.499939666666666
132.19074999999998,13.177665070565252,35.20154609352721,41.408969525634475,212.8131083455628,2026-06-25 04:50:19.570923,0.6000000000000001,0.21000000000000002,6.152022790041788,11.100437624738149,-34.68733,17.499939666666666
131.9807142857143,13.184802679371533,35.20084827881407,41.416820857193805,212.47281942912315,2026-06-25 04:50:20.149344,0.6000000000000001,0.21000000000000002,6.152039546907682,11.03554051002711,-34.68733,17.499939666666666
131.82816666666668,13.183816642548337,35.200590722219026,41.41480174529099,212.30183005680573,2026-06-25 04:50:20.270741,0.5983793103448282,0.21000000000000002,6.152047526992907,11.121091274371373,-34.68733,17.499939666666666
131.57228571428573,13.183091698663713,35.19986422416771,41.41254629645588,211.89523744275073,2026-06-25 04:50:20.642072,0.5940000000000001,0.21000000000000002,6.152039849057756,11.359798879085732,-34.68733,17.499939666666666
131.39642857142857,13.179921161331738,35.19908466233539,41.406987741221315,211.13753894856396,2026-06-25 04:50:20.970558,0.5940000000000001,0.21000000000000002,6.152041842459362,11.544081379965295,-34.68733,17.499939666666666
131.15483333333333,13.175436789027167,35.19798053108484,41.400747390049865,210.07113956217134,2026-06-25 04:50:21.370454,0.5940000000000001,0.20800000000000002,6.148218044299191,11.51910809484363,-34.68733,17.499939666666666
130.97899999999998,13.173192496867818,35.197088700961174,41.39740249972802,209.4425658265773,2026-06-25 04:50:21.657879,0.5986666666666685,0.20800000000000002,6.148216634637647,11.726958679502479,-34.68733,17.499939666666666
130.82666666666668,13.171200074209926,35.19608359876483,41.39459274934771,209.0254208568448,2026-06-25 04:50:21.970298,0.5940000000000001,0.20800000000000002,6.148209032049155,11.693632345601161,-34.68733,17.499939666666666
130.58057142857143,13.170580872637382,35.19530943103804,41.39340850764521,208.6305635744379,2026-06-25 04:50:22.198809,0.5972512315270933,0.20800000000000002,6.148205685854968,11.680789007239266,-34.68733,17.499939666666666
130.35085714285714,13.169222207668396,35.193604564941886,41.39155738236544,208.6371694688261,2026-06-25 04:50:22.691538,0.5980921658986207,0.20800000000000002,6.1482050197608205,11.792542374257877,-34.68733,17.499939666666666
130.16600000000003,13.168367289801703,35.19274382467077,41.38960185501819,207.28839036399447,2026-06-25 04:50:22.942266,0.6000000000000001,0.20800000000000002,6.1481987849150075,11.795197639635044,-34.68733,17.499939666666666
129.97266666666664,13.166866073634694,35.19115205157335,41.38562517778714,207.72516671392373,2026-06-25 04:50:23.411589,0.5992750000000017,0.20800000000000002,6.147736426810817,11.797974655974894,-34.68733,17.499939666666666
129.77583333333334,13.166454572098752,35.19064520377646,41.38484612739689,207.95307127667985,2026-06-25 04:50:23.569881,0.5947011494252873,0.20800000000000002,6.148197776147144,11.817812522774904,-34.68733,17.499939666666666
129.57355555555557,13.16554628342246,35.18929889078314,41.38170100633901,205.21651419787247,2026-06-25 04:50:24.014209,0.5978611111111066,0.20800000000000002,6.144389006342385,11.868475192458993,-34.68733,17.499939666666666
129.34457142857144,13.165361904909968,35.18806029899198,41.37986493129576,205.4077860022174,2026-06-25 04:50:24.483928,0.6000000000000001,0.20800000000000002,6.144391380373017,11.965269680578588,-34.68733,17.499939666666666
129.1665,13.165615443995042,35.18715481699513,41.37896107747181,204.52442825128708,2026-06-25 04:50:24.859544,0.6000000000000001,0.20800000000000002,6.144389159318088,12.040542726812449,-34.68733,17.499939666666666
128.91120000000004,13.167182473558828,35.18654597950338,41.379327974988826,203.4552038012637,2026-06-25 04:50:25.209453,0.6000000000000001,0.20800000000000002,6.140593353815945,12.148461267465896,-34.68733,17.499939666666666
128.78633333333332,13.168055991398978,35.18608731577171,41.37967249320767,202.9702398783416,2026-06-25 04:50:25.463831,0.5984545454545401,0.20800000000000002,6.1406003074904625,12.201243987571395,-34.68733,17.499939666666666
128.55714285714288,13.170342305001052,35.18545522040238,41.382790705435056,202.46617168738535,2026-06-25 04:50:26.012101,0.6000000000000001,0.20800000000000002,6.140613502419555,12.298125702111712,-34.68733,17.499939666666666
128.35681818181817,13.17459351640919,35.18545522040238,41.38804259139119,202.42888247996282,2026-06-25 04:50:26.437315,0.5951818181818342,0.20800000000000002,6.140606719848667,12.382805477348374,-34.68733,17.499939666666666
128.1586363636364,13.180370983258682,35.18545522040238,41.39320857360175,202.36687661613462,2026-06-25 04:50:27.028070,0.5996181818181591,0.20800000000000002,6.140623546168009,12.373868940720135,-34.68733,17.499939666666666
127.93879999999999,13.181861172986,35.18548246915004,41.39435356497967,202.19605221871862,2026-06-25 04:50:27.418877,0.6000000000000001,0.21000000000000002,6.140636038560901,12.592638189951156,-34.68733,17.499939666666666
127.74542857142858,13.181859981410254,35.18600218209873,41.39446791318321,202.0668117105502,2026-06-25 04:50:27.940170,0.6000000000000001,0.20903061224489847,6.140641646005307,12.669148331697556,-34.68733,17.499939666666666
127.57069999999999,13.181611504035164,35.18646518128919,41.394629768229116,202.06894479615795,2026-06-25 04:50:28.288651,0.6000000000000001,0.20800000000000002,6.140638552863998,12.37247703943595,-34.68733,17.499939666666666
127.28699999999999,13.181989915812055,35.18739219229673,41.395703372024165,201.79741607928298,2026-06-25 04:50:28.801850,0.5945217391304334,0.20800000000000002,6.140641554140304,12.35683772096659,-34.68733,17.499939666666666
127.17928571428571,13.182196732321827,35.18771479814126,41.39588513913576,201.77004248770984,2026-06-25 04:50:28.968473,0.6000000000000001,0.20800000000000002,6.140641632094988,12.398279551646496,-34.68733,17.499939666666666
126.95983333333332,13.183399890846077,35.188819753992924,41.39668727979326,201.75420657241685,2026-06-25 04:50:29.447515,0.6000000000000001,0.20800000000000002,6.140648691704329,12.54984379725588,-34.68733,17.499939666666666
126.759375,13.184802005923094,35.18954997247509,41.3975011599361,201.74043490126718,2026-06-25 04:50:29.755768,0.6000000000000001,0.20800000000000002,6.140653635678713,12.460161758088974,-34.68733,17.499939666666666
126.56700000000001,13.19518913039605,35.19110676596872,41.408689831370175,201.688573720305,2026-06-25 04:50:30.345892,0.6000000000000001,0.20735135135135122,6.140658588011793,12.539123987212552,-34.68733,17.499939666666666
126.35366666666667,13.21005046432881,35.19216099411076,41.424928787368806,201.84859259621905,2026-06-25 04:50:30.729126,0.6000000000000001,0.20800000000000002,6.140718246135997,12.535893890696457,-34.68733,17.499939666666666
126.154,13.235293579476096,35.19359542339946,41.45248382569773,202.07476789273485,2026-06-25 04:50:31.242881,0.5980000000000001,0.20933333333333334,6.144564149058969,12.3393163768194,-34.68733,17.499939666666666
125.96583333333335,13.246237435410828,35.19422474306536,41.46441233767412,202.7243507234346,2026-06-25 04:50:31.467822,0.5940000000000001,0.20931372549019378,6.144632701300089,11.952297139888099,-34.68733,17.499939666666666
125.75471428571429,13.275582448935044,35.195568964135596,41.4969863689132,202.92273670889193,2026-06-25 04:50:31.953410,0.6000000000000001,0.21000000000000002,6.144753860164704,12.017531153994153,-34.68733,17.499939666666666
125.56280000000001,13.291539667087516,35.1963527325277,41.51514804752105,202.9834916242571,2026-06-25 04:50:32.237621,0.5981454545454516,0.21000000000000002,6.144750596243647,12.11806913361686,-34.68733,17.499939666666666
125.33722222222224,13.294416992840516,35.19677250475505,41.518246602350814,203.07235541672867,2026-06-25 04:50:32.389804,0.596805555555561,0.21000000000000002,6.144780772194628,12.274546832743981,-34.68733,17.499939666666666
125.12377777777778,13.310931253499911,35.19864204204714,41.53566875850967,203.39502518234224,2026-06-25 04:50:33.050743,0.6000000000000001,0.21000000000000002,6.1451045577784535,12.094667452474965,-34.68733,17.499939666666666
124.96899999999998,13.315618684069241,35.19940836121294,41.541098092742494,203.35253471627345,2026-06-25 04:50:33.303058,0.6000000000000001,0.21000000000000002,6.148221557000719,12.101601894008942,-34.68733,17.499939666666666
124.7236,13.320698091948021,35.200809130672866,41.548050822902475,203.61066300899304,2026-06-25 04:50:33.737230,0.5956500000000005,0.21000000000000002,6.14865060701687,12.081463591667129,-34.68733,17.499939666666666
124.55341666666669,13.322588347107585,35.20223375987515,41.550086655124126,203.30906751858956,2026-06-25 04:50:34.121297,0.6000000000000001,0.21000000000000002,6.148650086959583,12.067497807558718,-34.68733,17.499939666666666
124.3595,13.323449268500553,35.20348715780368,41.54985157237593,203.0020391314416,2026-06-25 04:50:34.417053,0.6000000000000001,0.2080212765957448,6.14490800288816,12.113472104814617,-34.68733,17.499939666666666
124.17425,13.324145709598497,35.20546205756945,41.548587393686965,201.88678110117314,2026-06-25 04:50:34.848191,0.6000000000000001,0.20800000000000002,6.144864748443861,12.252637190448315,-34.68733,17.499939666666666
123.96080000000002,13.326196201920695,35.207189430444274,41.549228197518424,201.40250182936438,2026-06-25 04:50:35.156860,0.6000000000000001,0.20800000000000002,6.14487420850907,12.215075233643569,-34.68733,17.499939666666666
123.78285714285714,13.326646382136023,35.20929221658107,41.54841115610832,201.47403130573812,2026-06-25 04:50:35.534619,0.6000000000000001,0.20800000000000002,6.144864748443861,12.072352219747376,-34.68733,17.499939666666666
123.53933333333333,13.333889505883791,35.21111907803154,41.55524662771557,200.95942468878374,2026-06-25 04:50:35.816688,0.6000000000000001,0.20800000000000002,6.144893581288268,11.877028548942134,-34.68733,17.499939666666666
123.33139999999999,13.36756716428405,35.215297180231495,41.594273989872434,201.73535076605913,2026-06-25 04:50:36.416532,0.6000000000000001,0.20800000000000002,6.1487672927690245,11.710251008672634,-34.68733,17.499939666666666
123.17757142857144,13.40075872594653,35.21734528828732,41.63620307568074,203.45086416604641,2026-06-25 04:50:36.687890,0.596871870397643,0.20800000000000002,6.1527012623108295,11.586869392292273,-34.68733,17.499939666666666
122.931,13.455917201162048,35.22111108146798,41.70458692748209,204.56402363861534,2026-06-25 04:50:37.181333,0.6000000000000001,0.20800000000000002,6.15281527883969,11.389101311058482,-34.68733,17.499939666666666
122.725875,13.487094963322686,35.225484639893274,41.7407657522798,206.5950878009657,2026-06-25 04:50:37.766180,0.6000000000000001,0.20963970588235317,6.1567394118427465,11.224576256804978,-34.68733,17.499939666666666
122.58872727272727,13.494269662477699,35.22802849765165,41.74776812622096,207.45103737013275,2026-06-25 04:50:38.125178,0.6000000000000001,0.20882828282828333,6.156752456782593,11.077384185034244,-34.68733,17.499939666666666
122.33736363636363,13.498367863594165,35.23134292741003,41.75279285074918,208.09850368089687,2026-06-25 04:50:38.652313,0.6000000000000001,0.21000000000000002,6.156771533626569,11.190592441032758,-34.68733,17.499939666666666
122.14410000000001,13.502467580358816,35.2346484994546,41.757770350430754,208.38963323276187,2026-06-25 04:50:39.255792,0.6000000000000001,0.21000000000000002,6.156783300166132,11.210215087424139,-34.68733,17.499939666666666
121.97900000000001,13.503856285227771,35.23659404905919,41.75914225996433,208.67304722782708,2026-06-25 04:50:39.687108,0.6000000000000001,0.21000000000000002,6.156789183312771,11.129786558605526,-34.68733,17.499939666666666
121.74071428571428,13.504252540221803,35.23882290750823,41.75957276232073,208.36627793089315,2026-06-25 04:50:40.294093,0.6000000000000001,0.21000000000000002,6.156789183312771,11.1773696169195,-34.68733,17.499939666666666
121.59275,13.505179541721052,35.24002118198982,41.76059263196527,208.6596100885442,2026-06-25 04:50:40.746653,0.5972500000000084,0.21000000000000002,6.15678893817311,11.090988318078926,-34.68733,17.499939666666666
121.37278571428571,13.514264496497818,35.24114694791341,41.77009938352067,208.61391543865852,2026-06-25 04:50:41.354531,0.5940000000000001,0.21000000000000002,6.156792124855305,11.077693554001687,-34.68733,17.499939666666666
121.14492307692308,13.526008141718453,35.24182105092116,41.78252802735069,208.84091102519443,2026-06-25 04:50:41.788209,0.6000000000000001,0.21000000000000002,6.15681036537214,10.930396369751737,-34.68733,17.499939666666666
120.968,13.558926482153677,35.242375278276114,41.81826385002336,208.4704222661403,2026-06-25 04:50:42.285002,0.6000000000000001,0.21000000000000002,6.156905192568316,11.015266181821923,-34.68733,17.499939666666666
120.75645454545453,13.600139281787131,35.242729914536135,41.86198965131654,207.57543220526554,2026-06-25 04:50:42.864851,0.5982077922077945,0.21000000000000002,6.156990761394665,11.11674431166127,-34.68733,17.499939666666666
120.57633333333332,13.61241749343207,35.2427937828376,41.87396928802585,205.5793029741521,2026-06-25 04:50:43.220314,0.5940000000000001,0.21000000000000002,6.157112078461705,11.094128332077535,-34.68733,17.499939666666666
120.30499999999999,13.617439254363386,35.2427937828376,41.877956612676485,205.42541436712534,2026-06-25 04:50:43.502185,0.5940000000000001,0.2090000000000003,6.157118508543811,11.414063362659977,-34.68733,17.499939666666666
120.16418181818182,13.619451283959949,35.2427937828376,41.878687311367905,205.26596461014188,2026-06-25 04:50:43.923666,0.5940000000000001,0.20949407114624471,6.157119286884844,11.39856012870667,-34.68733,17.499939666666666
119.92075,13.621624098621819,35.24258246479192,41.8795071791037,204.80317176492136,2026-06-25 04:50:44.364460,0.5940000000000001,0.20800000000000002,6.157130265412201,11.332414052545754,-34.68733,17.499939666666666
119.76219999999998,13.623531501940107,35.242425456644305,41.880722306734775,204.79218721432855,2026-06-25 04:50:44.564408,0.5963288135593233,0.20800000000000002,6.157131889388048,11.291588486889719,-34.68733,17.499939666666666
119.53654545454546,13.633679234872263,35.241998754615175,41.889591280047355,204.44066843786806,2026-06-25 04:50:44.982481,0.6000000000000001,0.20800000000000002,6.157144961023664,11.318404257134095,-34.68733,17.499939666666666
119.36650000000002,13.657243106846769,35.24146534537528,41.91378494733588,204.17774251001762,2026-06-25 04:50:45.389193,0.5957000000000024,0.20943333333333256,6.154577101056706,11.350856541208083,-34.68733,17.499939666666666
119.1685,13.687037454681775,35.24084744699168,41.94603179938205,204.12077950593925,2026-06-25 04:50:45.789089,0.5998125000000044,0.20800000000000002,6.15723321575872,11.356029670102785,-34.68733,17.499939666666666
118.95999999999998,13.70539853456612,35.23990185550643,41.9614122624448,201.67777542363572,2026-06-25 04:50:46.313952,0.5940000000000001,0.21000000000000002,6.153589059084735,11.186340831431183,-34.68733,17.499939666666666
118.7604,13.707260810103088,35.238716029478915,41.95866317454842,201.91883501963704,2026-06-25 04:50:46.918794,0.5940000000000001,0.20817142857142917,6.1535851542644515,11.477313054757028,-34.68733,17.499939666666666
118.559,13.707610969730291,35.238493469737755,41.95815357058966,201.12002227262695,2026-06-25 04:50:47.033765,0.6000000000000001,0.20900000000000002,6.153586376681567,11.511982049387539,-34.68733,17.499939666666666
118.327,13.71151202007572,35.23705507819113,41.960276406449665,199.91895663835513,2026-06-25 04:50:47.788568,0.6000000000000001,0.20889473684210536,6.1515122005414025,11.548321329309333,-34.68733,17.499939666666666
118.19933333333331,13.712935559691859,35.2366929197201,41.96117578372691,199.63600135039826,2026-06-25 04:50:48.001012,0.6000000000000001,0.20800000000000002,6.149816539242176,11.568318375588138,-34.68733,17.499939666666666
117.93563636363636,13.714820750734225,35.23583015696532,41.96234939968077,199.48848720851274,2026-06-25 04:50:48.549733,0.6000000000000001,0.20800000000000002,6.151651110920272,11.609622504882735,-34.68733,17.499939666666666
117.75687500000001,13.715412029806476,35.23537665783267,41.96318578538797,199.19557401882307,2026-06-25 04:50:48.938268,0.6000000000000001,0.20800000000000002,6.152415450012859,11.637277267180433,-34.68733,17.499939666666666
117.54987500000001,13.716967646866301,35.234848872162075,41.963917375752466,199.18795079797735,2026-06-25 04:50:49.519367,0.6000000000000001,0.20800000000000002,6.149822480341467,11.667664603710403,-34.68733,17.499939666666666
117.38515384615386,13.718446986226601,35.23464460606475,41.96462865111707,199.17354459563884,2026-06-25 04:50:49.978382,0.6000000000000001,0.20800000000000002,6.149829299717116,11.968383641322959,-34.68733,17.499939666666666
117.16562499999999,13.720122356462339,35.23464460606475,41.96575862146308,198.87187206430553,2026-06-25 04:50:50.362897,0.6000000000000001,0.20800000000000002,6.1498376837064646,11.90492913249869,-34.68733,17.499939666666666
116.95629999999998,13.72498160537641,35.23464460606475,41.97143751635676,198.84167538039702,2026-06-25 04:50:51.102704,0.6000000000000001,0.20800000000000002,6.1534904303663485,11.796001341589442,-34.68733,17.499939666666666
116.77016666666668,13.729197787255748,35.23481391128043,41.97612349099233,198.99527055411178,2026-06-25 04:50:51.529259,0.6000000000000001,0.20800000000000002,6.149855809294165,11.708047529390338,-34.68733,17.499939666666666
116.56383333333333,13.747643571042802,35.23527375620823,41.995699602420565,198.86280784107782,2026-06-25 04:50:52.462349,0.6000000000000001,0.20800000000000002,6.153687710879195,11.858874949598764,-34.68733,17.499939666666666
116.3845,13.760165638642205,35.23564447629369,42.008214298050824,198.59727662283723,2026-06-25 04:50:53.130925,0.6000000000000001,0.20800000000000002,6.152431774882321,11.74648100751209,-34.68733,17.499939666666666
116.17772222222223,13.765714129705135,35.23583914355207,42.01264681153784,198.77537892846448,2026-06-25 04:50:53.475974,0.6000000000000001,0.20800000000000002,6.153746790905086,11.737605782442774,-34.68733,17.499939666666666
115.95271428571428,13.776270595822329,35.23624538389464,42.02261886689569,197.96419715359605,2026-06-25 04:50:54.140483,0.6000000000000001,0.20800000000000002,6.150021137801198,11.786224255555563,-34.68733,17.499939666666666
115.752,13.78370611223276,35.23662081345836,42.03105367936943,197.8868537932134,2026-06-25 04:50:54.720852,0.6000000000000001,0.20800000000000002,6.15002334603592,11.686925328018141,-34.68733,17.499939666666666
115.58054545454546,13.788277566827242,35.23684321805403,42.03487824173025,198.02894106139541,2026-06-25 04:50:54.957154,0.6000000000000001,0.20800000000000002,6.150026038920058,11.787034403653255,-34.68733,17.499939666666666
115.36766666666666,13.801048184762188,35.23754188341074,42.04793544432343,197.73896845215677,2026-06-25 04:50:55.694840,0.6000000000000001,0.20800000000000002,6.150048853806402,11.79132064207143,-34.68733,17.499939666666666
115.13771428571431,13.811111141944417,35.23821121233792,42.05909488926482,197.63664933487524,2026-06-25 04:50:56.200661,0.6000000000000001,0.20800000000000002,6.153625306080319,11.54155200002983,-34.68733,17.499939666666666
114.97525,13.825037548251741,35.239320150465396,42.072997830566955,197.55429862747917,2026-06-25 04:50:56.877865,0.6000000000000001,0.20803846153846137,6.153918706300213,11.671604701619495,-34.68733,17.499939666666666
114.77544444444445,13.833185978142701,35.240435807349016,42.08147766884494,197.75620968492527,2026-06-25 04:50:57.433276,0.6000000000000001,0.2088518518518533,6.153960781053854,11.848744279395781,-34.68733,17.499939666666666
114.54839999999999,13.842250214310932,35.2416046328352,42.092052290761224,197.96574341755314,2026-06-25 04:50:57.945920,0.6000000000000001,0.20800000000000002,6.153992112705992,11.741639169460694,-34.68733,17.499939666666666
114.36980000000001,13.850598239480167,35.24246380715256,42.10080441555134,197.90290624876897,2026-06-25 04:50:58.305826,0.6000000000000001,0.20800000000000002,6.153990865849931,11.643645499853879,-34.68733,17.499939666666666
114.16344444444445,13.871522935241783,35.24381202228224,42.122565017942286,197.99512933671355,2026-06-25 04:50:58.855128,0.6000000000000001,0.20800000000000002,6.154047108099846,11.621655265378305,-34.68733,17.499939666666666
113.959125,13.895368418571842,35.24482338197892,42.149404714245,198.30582310067592,2026-06-25 04:50:59.273074,0.6000000000000001,0.20800000000000002,6.154141690081619,11.6006768916371,-34.68733,17.499939666666666
113.75685714285714,13.917249507149718,35.245947190582676,42.173146966402314,197.98731435423113,2026-06-25 04:50:59.767588,0.6000000000000001,0.20800000000000002,6.154210948809607,11.579909163364773,-34.68733,17.499939666666666
113.57350000000001,13.920439435616965,35.2462735193822,42.17606870799767,198.24813402860852,2026-06-25 04:50:59.927070,0.6000000000000001,0.20800000000000002,6.1542178223363075,11.561083081092306,-34.68733,17.499939666666666
113.348,13.928538834508586,35.24721482080692,42.18367791027764,198.1814593130587,2026-06-25 04:51:00.416526,0.6000000000000001,0.20800000000000002,6.154229940262708,11.529042300963797,-34.68733,17.499939666666666
113.17746153846153,13.934076863598987,35.247821098818406,42.18904366799946,197.88232509500185,2026-06-25 04:51:00.779412,0.6000000000000001,0.20800000000000002,6.157950340283305,11.40326839192577,-34.68733,17.499939666666666
112.96155555555555,13.95006153044009,35.24876984902042,42.20571249027243,197.7126780578426,2026-06-25 04:51:01.537762,0.6000000000000001,0.20800000000000002,6.154336981489319,11.52167428174867,-34.68733,17.499939666666666
112.74199999999999,13.957375558958843,35.24913082985406,42.21344576398182,197.6981551702452,2026-06-25 04:51:01.984867,0.6000000000000001,0.20800000000000002,6.154320748390516,11.363908103101428,-34.68733,17.499939666666666
112.54053333333333,13.961233405195708,35.24953477396096,42.21722913925228,197.66535608155183,2026-06-25 04:51:02.849642,0.5953142857142798,0.20956190476190678,6.157293956746182,11.497998661321295,-34.68733,17.499939666666666
112.3490588235294,13.961869395063705,35.24975368769965,42.217968964527685,197.65298316494514,2026-06-25 04:51:03.577099,0.5975858823529433,0.21000000000000002,6.1566069032699975,11.543481254140325,-34.68733,17.499939666666666
112.19579999999999,13.962000537962478,35.249956612686795,42.21826114934008,197.65311008014197,2026-06-25 04:51:04.185960,0.6060000000000001,0.20800000000000002,6.157618530492992,11.55179122432213,-34.68733,17.499939666666666
111.94684615384614,13.961908368539838,35.25028667806292,42.21786420126202,197.6428315246489,2026-06-25 04:51:05.012924,0.6000000000000001,0.20800000000000002,6.154348013155679,11.43463706819497,-34.68733,17.499939666666666
111.76009090909089,13.962227733000798,35.2505954674133,42.218120578295384,197.64527043539883,2026-06-25 04:51:05.477139,0.6015272727272764,0.20901818181818416,6.158131333216732,11.415676602404668,-34.68733,17.499939666666666
111.5678181818182,13.963291847885655,35.25116331718058,42.21926491767436,197.638966067963,2026-06-25 04:51:06.117881,0.6000000000000001,0.2102289562289556,6.154775942956556,11.461815950834557,-34.68733,17.499939666666666
111.35075,13.97766976005907,35.25193683731942,42.23383412389713,197.81849939171846,2026-06-25 04:51:06.808610,0.6060000000000001,0.21125675675675654,6.158171133378393,11.425487059118643,-34.68733,17.499939666666666
111.15241666666667,14.00391109548461,35.25248072549936,42.26173356150455,197.66756943349893,2026-06-25 04:51:07.250162,0.6028833333333324,0.21000000000000002,6.15821243025738,11.535463831297097,-34.68733,17.499939666666666
110.97199999999998,14.045774452430042,35.25321462923873,42.306093366892114,197.73797458543672,2026-06-25 04:51:07.838342,0.6043714285714268,0.20945714285714226,6.158397492047239,11.221023238107788,-34.68733,17.499939666666666
110.78040000000001,14.06275015381913,35.25390359674923,42.32229704413603,197.99491901655477,2026-06-25 04:51:08.438185,0.6000000000000001,0.20958095238095067,6.158421380988949,11.051906297606918,-34.68733,17.499939666666666
110.54325,14.063670291264973,35.25424521563468,42.32313197508205,198.03284775966608,2026-06-25 04:51:08.776847,0.6000000000000001,0.2098774509803923,6.158435632561115,11.02990434271999,-34.68733,17.499939666666666
110.34321428571427,14.061422613635825,35.25479680677039,42.32097757878188,198.0561883894182,2026-06-25 04:51:09.457919,0.6000000000000001,0.21000000000000002,6.158419764777805,11.304439354973164,-34.68733,17.499939666666666
110.14877777777777,14.06052957280108,35.25510208618027,42.31953495774732,198.05578261934167,2026-06-25 04:51:09.941127,0.6000000000000001,0.21000000000000002,6.158421520563357,11.25771439283134,-34.68733,17.499939666666666
109.967,14.060779087466937,35.255305275991255,42.31923753680097,198.3330599392827,2026-06-25 04:51:10.394039,0.6000000000000001,0.21000000000000002,6.158415849217497,11.214031445245876,-34.68733,17.499939666666666
109.77000000000001,14.068888134307532,35.255566130125175,42.32713391480719,198.09226715093808,2026-06-25 04:51:11.172472,0.6000000000000001,0.20869387755102076,6.15844454228376,11.166690451316152,-34.68733,17.499939666666666
109.5451818181818,14.07482961782261,35.255648319317665,42.333495669761284,198.2078248703592,2026-06-25 04:51:11.466487,0.6000000000000001,0.20856684491978775,6.158485540780489,11.112664480855504,-34.68733,17.499939666666666
109.37872727272729,14.082966443966024,35.25578319264053,42.342104759879945,198.4442364867715,2026-06-25 04:51:11.934547,0.6000000000000001,0.20895867768594786,6.1622848372881185,11.072663853312672,-34.68733,17.499939666666666
109.11809090909091,14.090382035655864,35.25606715512404,42.34935140628146,198.41281783626837,2026-06-25 04:51:12.702528,0.6000000000000001,0.20953246753246765,6.1593821221835645,11.087584644963467,-34.68733,17.499939666666666
108.96157142857143,14.095316024465717,35.256364133443896,42.35444828353303,198.37177129782077,2026-06-25 04:51:13.278352,0.6000000000000001,0.20803726708074535,6.1623022813394925,11.049139558785173,-34.68733,17.499939666666666
108.74481818181818,14.100663819795274,35.25662693067363,42.3607096787402,198.61557839162262,2026-06-25 04:51:13.684091,0.6000000000000001,0.21000000000000002,6.162313791566409,11.130386117859235,-34.68733,17.499939666666666
108.56536363636361,14.109804619254401,35.25735696448376,42.370921135603865,198.59112914205423,2026-06-25 04:51:14.524780,0.6000000000000001,0.21000000000000002,6.162339684309171,11.040716198132701,-34.68733,17.499939666666666
108.35246153846154,14.111930640342141,35.25804240458378,42.3727988027451,199.03194454052223,2026-06-25 04:51:15.091066,0.6000000000000001,0.20961538461538504,6.1623618920271825,10.95402472621504,-34.68733,17.499939666666666
108.17378571428573,14.115346707244901,35.258758382769905,42.376346228091464,199.05931684502576,2026-06-25 04:51:15.624169,0.6000000000000001,0.20800000000000002,6.1623723219448365,11.021697742215286,-34.68733,17.499939666666666
107.99281818181818,14.119508694068868,35.25964309855937,42.38035079473551,199.0335595793249,2026-06-25 04:51:16.219793,0.6000000000000001,0.2086883116883117,6.16237824825413,10.892851944726695,-34.68733,17.499939666666666
107.7211,14.131630650214188,35.260779353295256,42.39348702753132,199.24996672073476,2026-06-25 04:51:16.890982,0.6011909090909099,0.21200000000000002,6.1623932667531225,10.981889507065041,-34.68733,17.499939666666666
107.56300000000003,14.143189496326023,35.26166874702661,42.40669726936582,199.4212524253761,2026-06-25 04:51:17.399183,0.6000000000000001,0.2100000000000114,6.162453957806879,11.042791557015576,-34.68733,17.499939666666666
107.32724999999999,14.175380327019777,35.26307823730696,42.439692984526616,200.38806214378405,2026-06-25 04:51:18.205639,0.6000000000000001,0.20800000000000002,6.166353535803102,10.57256662242855,-34.68733,17.499939666666666
107.16722222222222,14.194501832756638,35.26376942395169,42.45965168873053,200.1605040217667,2026-06-25 04:51:18.624974,0.6037777777777786,0.2087407407407405,6.1664188249102265,10.647434639129768,-34.68733,17.499939666666666
106.939125,14.220102766354096,35.26488255927414,42.4868143974271,200.05976452580606,2026-06-25 04:51:19.342843,0.6030468750000016,0.20800000000000002,6.166413491611434,10.58252257308309,-34.68733,17.499939666666666
106.742,14.23610889856499,35.26559235681607,42.5035156318167,200.08857360373455,2026-06-25 04:51:19.833786,0.6060000000000001,0.20800000000000002,6.16645045268056,10.798912429881485,-34.68733,17.499939666666666
106.56918181818183,14.25787374862664,35.266582399362754,42.52639069186945,200.02428176745673,2026-06-25 04:51:20.555027,0.6000000000000001,0.21000000000000002,6.166565781244934,10.651929044796432,-34.68733,17.499939666666666
106.37488888888889,14.263975060144219,35.26715680342119,42.532206244719106,200.16645427579658,2026-06-25 04:51:20.954923,0.6018850574712645,0.20937164750957854,6.166591260618145,10.677051109526394,-34.68733,17.499939666666666
106.16421428571428,14.271321986734003,35.26808060951529,42.53925800794332,200.20505242094782,2026-06-25 04:51:21.551196,0.6000000000000001,0.21000000000000002,6.166608736539765,10.704291323759469,-34.68733,17.499939666666666
105.95926666666665,14.272110216021774,35.2696484042125,42.53957290204137,200.1956640038521,2026-06-25 04:51:22.361223,0.6060000000000001,0.21000000000000002,6.1666109739066615,10.730791039269976,-34.68733,17.499939666666666
105.74888888888889,14.274182732130075,35.271095467664274,42.54157741564913,200.1831765003284,2026-06-25 04:51:22.937739,0.6055028248587575,0.21000000000000002,6.166611395806283,10.757992873996084,-34.68733,17.499939666666666
105.5516923076923,14.291854612301135,35.27267871874762,42.562563568643824,200.1344651021604,2026-06-25 04:51:23.500413,0.6000000000000001,0.21000000000000002,6.166612180282125,10.422616470789645,-34.68733,17.499939666666666
105.35954545454545,14.31096767288882,35.27430581395505,42.58423323707888,201.04341425410635,2026-06-25 04:51:24.022305,0.6000000000000001,0.21000000000000002,6.170453516618531,10.283722855217265,-34.68733,17.499939666666666
105.16888235294118,14.33977043872751,35.276946487959655,42.61785340558329,201.76471676818156,2026-06-25 04:51:24.821562,0.6000000000000001,0.21000000000000002,6.170542663917801,10.107896065001638,-34.68733,17.499939666666666
104.9565,14.349365011581103,35.27892185261887,42.628389991993856,202.30026651273405,2026-06-25 04:51:25.428756,0.6000000000000001,0.2099444444444458,6.170678818472961,9.934458859846933,-34.68733,17.499939666666666
104.80299999999998,14.363049738174412,35.28143838255515,42.643444113476455,203.59854634459853,2026-06-25 04:51:26.282701,0.6000000000000001,0.20805263157894616,6.174419342480028,10.01030158784637,-34.68733,17.499939666666666
104.5540625,14.379966696574586,35.282821484326085,42.661398271683346,204.05012916734128,2026-06-25 04:51:26.887751,0.6000000000000001,0.21000000000000002,6.174448359895382,10.088643152858035,-34.68733,17.499939666666666
104.38923076923078,14.400793674675244,35.28386909062549,42.683360264001294,204.8516186919999,2026-06-25 04:51:27.453229,0.6018076923076933,0.21000000000000002,6.1745746145763265,9.910461326595101,-34.68733,17.499939666666666
104.129375,14.422173026438148,35.28466031297107,42.704831602823205,204.58214194971245,2026-06-25 04:51:28.096811,0.6000000000000001,0.21000000000000002,6.174628967197297,9.800773349233133,-34.68733,17.499939666666666
103.9367,14.433919751401623,35.28491175493112,42.71614221901392,204.49336897457167,2026-06-25 04:51:28.657915,0.6000000000000001,0.21000000000000002,6.174663384187988,9.785752671617118,-34.68733,17.499939666666666
103.75358333333332,14.44168372147073,35.28491175493112,42.72352100611848,204.46042612177297,2026-06-25 04:51:29.123627,0.6000000000000001,0.21000000000000002,6.174662883424552,9.874807336198408,-34.68733,17.499939666666666
103.545,14.457046755841263,35.28491175493112,42.73909136785865,204.34043565561194,2026-06-25 04:51:29.624091,0.6060000000000001,0.21000000000000002,6.174698879020229,9.765948099493334,-34.68733,17.499939666666666
103.37233333333334,14.470654856949336,35.284741697825076,42.7517676310808,203.93293412225404,2026-06-25 04:51:29.980348,0.6018723404255308,0.21000000000000002,6.1746981634975455,9.809284667577996,-34.68733,17.499939666666666
103.1795625,14.499075065059401,35.284741697825076,42.78028940750115,202.87753036748487,2026-06-25 04:51:30.814852,0.6060000000000001,0.20927500000000013,6.174815600829349,9.880683224879384,-34.68733,17.499939666666666
102.94793333333332,14.50951464081226,35.284741697825076,42.791604428151025,202.51783138945365,2026-06-25 04:51:31.342215,0.6059199999999973,0.21000000000000002,6.174850839733931,10.054232281528234,-34.68733,17.499939666666666
102.76285714285716,14.521328799635832,35.284796574070995,42.80389914714916,202.42218173090714,2026-06-25 04:51:32.382896,0.6005357142857108,0.20982142857142977,6.1748782990541935,10.100813392831583,-34.68733,17.499939666666666
102.56816666666667,14.528698373173299,35.28605720568078,42.81103973736978,202.34202932904077,2026-06-25 04:51:32.939299,0.6060000000000001,0.20800000000000002,6.174920714140796,10.015214157263316,-34.68733,17.499939666666666
102.34923529411765,14.540193968740615,35.2879835702073,42.822340880889875,202.2549273639048,2026-06-25 04:51:33.748647,0.6041568627450961,0.21000000000000002,6.178734549720037,9.91895696739558,-34.68733,17.499939666666666
102.11699999999999,14.572931226146084,35.29316171544401,42.85849579955039,202.8560157331687,2026-06-25 04:51:34.841928,0.6000000000000001,0.21000000000000002,6.178801690237378,9.816850464615273,-34.68733,17.499939666666666
101.96337499999998,14.609422754519747,35.297198357798194,42.89982236437844,203.31181974672378,2026-06-25 04:51:35.498007,0.6000000000000001,0.21000000000000002,6.178888146314528,9.718236968335392,-34.68733,17.499939666666666
101.72822222222223,14.710335149250694,35.306870095156874,43.01526673141584,203.31834376082455,2026-06-25 04:51:37.017402,0.6000000000000001,0.21081481481481254,6.17923262825983,9.638871603428882,-34.68733,17.499939666666666
101.55324242424244,14.724913498526718,35.30904880877046,43.03079962125642,202.68116302889234,2026-06-25 04:51:37.408210,0.6000000000000001,0.21108080808081467,6.179363959771832,9.591633495079785,-34.68733,17.499939666666666
101.37206666666667,14.756027979187222,35.31346766166801,43.06430011772997,203.0663704876071,2026-06-25 04:51:38.280407,0.6000000000000001,0.21200000000000002,6.179230864902285,9.46810531451014,-34.68733,17.499939666666666
101.182,14.793053231414143,35.31752367399804,43.104625231884334,201.9740877863804,2026-06-25 04:51:39.377393,0.6024,0.21000000000000002,6.181707684924427,9.573613666374419,-34.68733,17.499939666666666
100.9873846153846,14.819051861143691,35.31785615625224,43.133459970990955,201.3553803218548,2026-06-25 04:51:39.949971,0.6000000000000001,0.21200000000000002,6.18331343793849,9.493993907573207,-34.68733,17.499939666666666
100.74657142857144,14.840797756715494,35.31785615625224,43.15354570793541,200.89580737529724,2026-06-25 04:51:40.853307,0.6060000000000001,0.21000000000000002,6.183372266475776,9.577294408463493,-34.68733,17.499939666666666
100.5835,14.84490670166336,35.31785615625224,43.15571094965308,200.88718964416438,2026-06-25 04:51:41.396023,0.6060000000000001,0.21000000000000002,6.183377678782426,9.665738597331428,-34.68733,17.499939666666666
100.36425000000001,14.84969380080919,35.31652061489577,43.15776877383521,200.871163682439,2026-06-25 04:51:42.086914,0.6060000000000001,0.21000000000000002,6.18334573668191,9.649131050889183,-34.68733,17.499939666666666
100.16633333333333,14.85489592115833,35.31535572300839,43.162559883428706,200.8205815280695,2026-06-25 04:51:42.528466,0.6000000000000001,0.21086111111111128,6.183401110553122,9.639349431937589,-34.68733,17.499939666666666
99.9607,14.861606080466021,35.31288918900037,43.169430610413315,200.7607437919551,2026-06-25 04:51:43.294100,0.6059093023255815,0.21000000000000002,6.183431959202792,9.748895251624129,-34.68733,17.499939666666666
99.764625,14.863053611799412,35.31038858832807,43.1701831020674,200.75507681772066,2026-06-25 04:51:43.967674,0.6000000000000001,0.21000000000000002,6.183433043923244,9.79096465794371,-34.68733,17.499939666666666
99.54315789473685,14.850641881902547,35.30690107997075,43.15163873757111,200.85168000891434,2026-06-25 04:51:44.903943,0.6013130193905837,0.21000000000000002,6.183392745402836,9.837634428909329,-34.68733,17.499939666666666
99.35151612903226,14.83569073722322,35.30296627951963,43.1302922253738,200.9803783162506,2026-06-25 04:51:46.122556,0.6000000000000001,0.21000000000000002,6.183333480220666,9.906436955122334,-34.68733,17.499939666666666
99.16459090909092,14.831184430591641,35.30076800561374,43.12464679153489,200.98532038730664,2026-06-25 04:51:46.986773,0.6000000000000001,0.21007878787878895,6.183346190206311,9.80283853086689,-34.68733,17.499939666666666
98.94661111111111,14.833281875482308,35.299079193218795,43.122128586403214,201.01686542201983,2026-06-25 04:51:48.408878,0.6000000000000001,0.21000000000000002,6.183310329254765,9.581085874513676,-34.68733,17.499939666666666
98.76259999999999,14.858246055031154,35.299079193218795,43.147827993221725,201.21527306929028,2026-06-25 04:51:49.225054,0.6060000000000001,0.21000000000000002,6.183367832829249,9.668791762522286,-34.68733,17.499939666666666
98.59470588235294,14.88843445604121,35.299079193218795,43.176727853215425,200.98315715071618,2026-06-25 04:51:50.135552,0.6060000000000001,0.21000000000000002,6.187226555569684,9.57011004057061,-34.68733,17.499939666666666
98.41050000000001,14.897025864690963,35.299174177710235,43.18519388334553,201.32208907409935,2026-06-25 04:51:50.409745,0.6016153846153864,0.21146153846153792,6.1872902396673055,9.722886950688261,-34.68733,17.499939666666666
98.16966666666667,14.914734584580463,35.299174177710235,43.20370722676858,201.29555759178254,2026-06-25 04:51:50.955436,0.6028750000000005,0.21200000000000002,6.187318448677363,9.718675858169593,-34.68733,17.499939666666666
97.95685714285716,14.946283045924229,35.299174177710235,43.24244782484666,201.38797963253083,2026-06-25 04:51:51.389847,0.6044863221884472,0.21200000000000002,6.18738071818687,9.642385966461223,-34.68733,17.499939666666666
97.77442857142856,14.953862831641748,35.29894925031484,43.24897802972744,200.99973484676815,2026-06-25 04:51:51.918280,0.6000000000000001,0.21200000000000002,6.184105812381448,9.590917072120993,-34.68733,17.499939666666666
97.5384,14.94664022953553,35.298414218934994,43.23567180799365,201.04553582920232,2026-06-25 04:51:52.490036,0.605905263157894,0.21003157894736874,6.187423809669217,9.65739562903283,-34.68733,17.499939666666666
97.3387142857143,14.95335319845964,35.29738074948545,43.23722866941013,201.01672564515633,2026-06-25 04:51:53.307204,0.6027244897959231,0.21000000000000002,6.187425126784965,9.702468955985639,-34.68733,17.499939666666666
97.16288888888887,14.968028657698325,35.29675805574922,43.25188128715187,201.1240003354399,2026-06-25 04:51:53.729713,0.6000000000000001,0.21000000000000002,6.187471971776141,9.885804495924704,-34.68733,17.499939666666666
96.99341666666668,14.992708931336695,35.29579465564276,43.27771036745648,200.7099316650148,2026-06-25 04:51:54.371212,0.6000000000000001,0.21000000000000002,6.187558402664292,9.613133057018388,-34.68733,17.499939666666666
96.78769230769231,14.995939364917007,35.295005296686476,43.28038365527064,200.66448081984944,2026-06-25 04:51:54.980669,0.6000000000000001,0.21000000000000002,6.187586842599918,9.627891336292834,-34.68733,17.499939666666666
96.53627777777778,14.993387202832784,35.29469298120587,43.27679343750105,200.6851321229112,2026-06-25 04:51:55.845828,0.6060000000000001,0.21095370370370298,6.187575737863613,9.697428221839672,-34.68733,17.499939666666666
96.3394666666667,14.99268097402104,35.29469298120587,43.27663032321071,200.69189867547482,2026-06-25 04:51:56.732263,0.600772093023252,0.21000000000000002,6.18757059219423,9.75186275158754,-34.68733,17.499939666666666
96.1582142857143,14.991431401884027,35.29469298120587,43.274758102035115,200.70092863923873,2026-06-25 04:51:57.284739,0.6060000000000001,0.21106349206348946,6.187565485117606,9.801994007222065,-34.68733,17.499939666666666
95.96647368421053,14.994440358280485,35.29598088730508,43.27842972909691,200.65837426136244,2026-06-25 04:51:58.216263,0.6000000000000001,0.21000000000000002,6.187589930144869,9.809765326650522,-34.68733,17.499939666666666
95.74441176470589,15.001567572520166,35.297503681062366,43.28708123448393,200.6367776903961,2026-06-25 04:51:59.009709,0.602218487394952,0.21126050420168271,6.187580346294857,9.423941365585108,-34.68733,17.499939666666666
95.55709090909092,15.021409986834344,35.300049760198284,43.31019299813983,200.94011427197347,2026-06-25 04:52:00.074271,0.6060000000000001,0.21000000000000002,6.187655176775083,9.742907817038079,-34.68733,17.499939666666666
95.36726666666665,15.049956275466478,35.30321674384134,43.342795919599986,200.91530661915485,2026-06-25 04:52:01.416043,0.6060000000000001,0.21000000000000002,6.191513811679143,9.397214445258395,-34.68733,17.499939666666666
95.14824999999999,15.070798329877254,35.30548689157615,43.366036781769324,200.70932221957096,2026-06-25 04:52:02.429112,0.6003461538461587,0.21000000000000002,6.191547635302445,9.636051942758222,-34.68733,17.499939666666666
94.96311764705882,15.096950406788903,35.307359020780815,43.39300228194394,200.6004780317875,2026-06-25 04:52:03.326231,0.6058588235294055,0.21000000000000002,6.187774113581288,9.45128032500254,-34.68733,17.499939666666666
94.78307142857143,15.13710831224206,35.30913203665953,43.43441554296482,200.26730912888263,2026-06-25 04:52:04.172229,0.6060000000000001,0.21200000000000002,6.19172010215432,9.548704135681424,-34.68733,17.499939666666666
94.55221428571429,15.172109722894303,35.31102483869404,43.46883907030746,199.67935198212078,2026-06-25 04:52:05.004155,0.6010751879699247,0.21200000000000002,6.1918407595950695,9.56974108130327,-34.68733,17.499939666666666
94.3443076923077,15.195602521695282,35.31254498149156,43.49346677815983,199.38633982078227,2026-06-25 04:52:05.658655,0.6060000000000001,0.21200000000000002,6.1919015256710495,9.588686649310338,-34.68733,17.499939666666666
94.1194,15.220958391241984,35.31411553156228,43.520949930421736,199.88595969740348,2026-06-25 04:52:06.363086,0.6000000000000001,0.21200000000000002,6.191991975335896,9.373460569192394,-34.68733,17.499939666666666
93.95876,15.240875749182937,35.31533516731123,43.542959695972975,200.01640665335327,2026-06-25 04:52:07.088897,0.6000000000000001,0.21000000000000002,6.19206025507548,9.356303643312035,-34.68733,17.499939666666666
93.76415,15.266319531828554,35.31639832782308,43.57214298363093,200.01279285495102,2026-06-25 04:52:08.125127,0.6000000000000001,0.21088260869565198,6.193719110186553,9.335518600075126,-34.68733,17.499939666666666
93.56136363636364,15.276729952571168,35.31660886148934,43.58457345690383,200.3851175688096,2026-06-25 04:52:09.069654,0.6003636363636313,0.21000000000000002,6.195902910637451,9.314618691413182,-34.68733,17.499939666666666
93.34272727272727,15.279479132019741,35.316657484390696,43.58784682254578,200.6321469379401,2026-06-25 04:52:09.446828,0.6000000000000001,0.21200000000000002,6.195913483759001,9.316253171469548,-34.68733,17.499939666666666
93.13271428571429,15.286245659608223,35.31771990271949,43.595068784074954,200.78162141382057,2026-06-25 04:52:10.406318,0.6060000000000001,0.21000000000000002,6.195937908783415,9.194111254120987,-34.68733,17.499939666666666
92.96286363636364,15.293784313288063,35.31933513216109,43.60290160985622,200.9587220550952,2026-06-25 04:52:10.919172,0.6060000000000001,0.21093388429752055,6.195944815320906,9.067652729327122,-34.68733,17.499939666666666
92.73276470588235,15.33263784047349,35.328286190148525,43.644563454737295,201.52791297699233,2026-06-25 04:52:12.165103,0.6060000000000001,0.21200000000000002,6.198092384920345,9.020045995725809,-34.68733,17.499939666666666
92.54781818181819,15.412069123936128,35.342950144913445,43.73496928244587,201.6745414568956,2026-06-25 04:52:13.202667,0.6060000000000001,0.21120454545454576,6.1999588651132775,8.89318888424872,-34.68733,17.499939666666666
92.3753157894737,15.514380181248987,35.35578082168597,43.85344248888549,201.66205197629998,2026-06-25 04:52:13.906910,0.6060000000000001,0.21200000000000002,6.200116136996703,8.508040843839243,-34.68733,17.499939666666666
92.15833333333333,15.674765688776343,35.372263002835105,44.04319749320477,202.01042500158576,2026-06-25 04:52:14.771450,0.6060000000000001,0.21200000000000002,6.204126140376453,8.46998051077639,-34.68733,17.499939666666666
91.9631052631579,15.829203530333057,35.39516769730582,44.22731258391274,201.6900117904609,2026-06-25 04:52:16.014255,0.6027578947368397,0.21000000000000002,6.205003071447035,8.11313007754453,-34.68733,17.499939666666666
91.7634,15.8438188903423,35.400647484173795,44.2450536851474,201.62112342657238,2026-06-25 04:52:16.350483,0.601800000000001,0.21060000000000031,6.204943939832092,7.850853154678814,-34.68733,17.499939666666666
91.56663157894737,15.880135413330668,35.41265859730267,44.2873298848286,200.69984882814063,2026-06-25 04:52:17.579636,0.6000000000000001,0.21000000000000002,6.2051367609130805,7.902695099514704,-34.68733,17.499939666666666
91.3622857142857,15.885763011502695,35.41472089575276,44.293538237892896,200.6388341383714,2026-06-25 04:52:17.890082,0.601071428571428,0.21000000000000002,6.205145270854466,7.998552063280486,-34.68733,17.499939666666666
91.15425,15.902923029197723,35.41472089575276,44.31216601603487,200.11244438796763,2026-06-25 04:52:19.262641,0.6060000000000001,0.21000000000000002,6.20520068828763,8.098958397976569,-34.68733,17.499939666666666
90.98033333333335,15.90959728034704,35.41472089575276,44.318673432541324,200.09070253589715,2026-06-25 04:52:19.849571,0.6000000000000001,0.21000000000000002,6.205195470120392,8.182897519211194,-34.68733,17.499939666666666
90.7601875,15.921701128658894,35.41465276738724,44.329851147856374,199.45219558182487,2026-06-25 04:52:20.858058,0.6060000000000001,0.21000000000000002,6.205228830357589,8.29867979845825,-34.68733,17.499939666666666
90.5633846153846,15.922273349837354,35.413391591664876,44.32906369075392,199.6925452876598,2026-06-25 04:52:21.719853,0.6060000000000001,0.21000000000000002,6.205244595422804,8.037462727666744,-34.68733,17.499939666666666
90.37935714285713,15.932102272076335,35.41298566581595,44.33873306977498,199.17618558618594,2026-06-25 04:52:22.224666,0.6060000000000001,0.21000000000000002,6.205238056302245,7.928007774780362,-34.68733,17.499939666666666
90.14772,15.971508750664919,35.412724728844395,44.377778479883354,199.22759318087418,2026-06-25 04:52:23.204696,0.6017127272727252,0.21000000000000002,6.205229241680905,8.197604533715342,-34.68733,17.499939666666666
89.96693333333333,16.044987046396056,35.41269997959871,44.454261458208244,198.9475695289726,2026-06-25 04:52:24.235095,0.6060000000000001,0.21000000000000002,6.209339805780999,8.078674319058155,-34.68733,17.499939666666666
89.77470000000001,16.08899113941467,35.41228531860146,44.49928325149809,198.81954477909335,2026-06-25 04:52:24.938245,0.6055170731707326,0.21000000000000002,6.209455405979589,7.940008460265434,-34.68733,17.499939666666666
89.55449999999998,16.13035053561786,35.41086626725808,44.536092128052026,198.51412512996794,2026-06-25 04:52:25.999332,0.6060000000000001,0.21000000000000002,6.209583440510133,8.038779652541187,-34.68733,17.499939666666666
89.37080952380953,16.139044368261775,35.40969773469406,44.542845690884256,198.36937347351798,2026-06-25 04:52:26.568772,0.6060000000000001,0.21000000000000002,6.209613859889835,8.17739972543043,-34.68733,17.499939666666666
89.15585000000002,16.143047354606942,35.40702935329391,44.541740620566785,198.56053978619056,2026-06-25 04:52:27.765008,0.6060000000000001,0.21000000000000002,6.209610308824813,7.943740688155755,-34.68733,17.499939666666666
88.95684,16.14800069701028,35.40502106172906,44.5435479591251,198.54786091340938,2026-06-25 04:52:28.883216,0.6060000000000001,0.21116000000000143,6.209601637189179,8.088756045242242,-34.68733,17.499939666666666
88.77199999999999,16.156469337130318,35.404731277963265,44.55250862787984,198.39384778938182,2026-06-25 04:52:29.799477,0.6060000000000001,0.21200000000000002,6.20960092684505,7.93005738529466,-34.68733,17.499939666666666
88.5657894736842,16.168631785030442,35.404731277963265,44.56634859531658,198.8594636453242,2026-06-25 04:52:30.894587,0.6060000000000001,0.21000000000000002,6.209654815711293,7.875938436226205,-34.68733,17.499939666666666
88.36909523809524,16.178693532374183,35.404731277963265,44.57666205817569,199.05103986113718,2026-06-25 04:52:31.655541,0.6060000000000001,0.21009523809523875,6.209704215570652,7.837909522565177,-34.68733,17.499939666666666
88.13552631578948,16.19894182987758,35.40619748698015,44.597808866000584,199.099347554414,2026-06-25 04:52:32.896696,0.6060000000000001,0.21000000000000002,6.213476754357899,8.080326772313443,-34.68733,17.499939666666666
87.98014285714287,16.225279087788188,35.40723367619262,44.62591841157912,199.15516126324604,2026-06-25 04:52:33.752614,0.6060000000000001,0.21000000000000002,6.213618474901385,8.017963967016174,-34.68733,17.499939666666666
87.77335,16.2468024205827,35.40828956303765,44.64810049938924,198.8680944841566,2026-06-25 04:52:34.815670,0.6060000000000001,0.21000000000000002,6.213637701585735,7.874086328597129,-34.68733,17.499939666666666
87.54975999999999,16.255325855057425,35.409193832428194,44.656646509510146,199.01054047417114,2026-06-25 04:52:35.859398,0.6060000000000001,0.21068999999999793,6.213646940878654,7.95674067689361,-34.68733,17.499939666666666
87.34425,16.253682690643235,35.409931744317014,44.655539110251254,198.81297662908463,2026-06-25 04:52:36.797653,0.6060000000000001,0.21200000000000002,6.213657599262033,7.798738630170752,-34.68733,17.499939666666666
87.1802,16.25392380910518,35.41031791867558,44.65613334958337,199.10179240320664,2026-06-25 04:52:37.275029,0.6060000000000001,0.21000000000000002,6.213654845387064,7.804622397455118,-34.68733,17.499939666666666
86.958,16.257885991088553,35.41079951011156,44.66082271087093,199.06140457422373,2026-06-25 04:52:37.847380,0.6060000000000001,0.21000000000000002,6.213674530977959,7.814056993657216,-34.68733,17.499939666666666
86.74567857142858,16.270391503707778,35.41181723929207,44.67570230128622,198.76247808245975,2026-06-25 04:52:39.091698,0.6060000000000001,0.21200000000000002,6.2137235082956375,7.688424127896863,-34.68733,17.499939666666666
86.55772222222221,16.27063797635094,35.41212205084727,44.67621232048677,198.9813226659901,2026-06-25 04:52:39.628860,0.6060000000000001,0.21113888888889454,6.213696938523344,7.809754839310708,-34.68733,17.499939666666666
86.35516129032258,16.26709396965418,35.412790882652395,44.67266079732291,198.9878589404968,2026-06-25 04:52:41.222710,0.6060000000000001,0.21200000000000002,6.213700909023062,7.723105586880017,-34.68733,17.499939666666666
86.16334615384615,16.261536073561658,35.412790882652395,44.667273203024095,199.02969455173047,2026-06-25 04:52:42.622097,0.6060000000000001,0.21200000000000002,6.2136815780544685,7.803090900715493,-34.68733,17.499939666666666
85.9625925925926,16.25938334651897,35.412790882652395,44.66444044506482,199.034221642623,2026-06-25 04:52:43.698169,0.6060000000000001,0.21000000000000002,6.21368332516131,7.972282738749863,-34.68733,17.499939666666666
85.76657894736842,16.256199975421286,35.4122379728322,44.65999310970741,199.34375093629114,2026-06-25 04:52:44.909355,0.6060000000000001,0.2114105263157887,6.213675161835361,7.948556195948422,-34.68733,17.499939666666666
85.55155555555557,16.261508811871526,35.41151933116499,44.6656220523423,199.1332492365916,2026-06-25 04:52:45.999421,0.6060000000000001,0.21000000000000002,6.213675392239472,7.86656606631559,-34.68733,17.499939666666666
85.353,16.296350238769076,35.410637149075946,44.70027959905627,199.15063291867943,2026-06-25 04:52:47.359484,0.6060000000000001,0.21000000000000002,6.214541758647386,7.8960930156259295,-34.68733,17.499939666666666
85.1399090909091,16.33289489586246,35.410071660696836,44.73465244426168,198.92138708552503,2026-06-25 04:52:48.497255,0.6060000000000001,0.21000000000000002,6.213744441354262,7.722679303599758,-34.68733,17.499939666666666
84.9497741935484,16.355890373247167,35.40979401012419,44.75609650724026,198.3929085504433,2026-06-25 04:52:49.912380,0.6060000000000001,0.21000000000000002,6.214568985033483,7.847353319723848,-34.68733,17.499939666666666
84.74316666666668,16.362979165108573,35.409527782954825,44.76376120698615,198.31368324365573,2026-06-25 04:52:51.225143,0.6060000000000001,0.21097101449275515,6.213958836421423,7.8265031039708965,-34.68733,17.499939666666666
84.5481304347826,16.36686820002589,35.40865188711474,44.76846430516109,198.28293047561937,2026-06-25 04:52:52.561479,0.6060000000000001,0.21114492753623332,6.213972116267547,7.660332325769736,-34.68733,17.499939666666666
84.33950000000002,16.37130558017352,35.40847132388955,44.77291431846811,198.24647419633698,2026-06-25 04:52:54.103142,0.6060000000000001,0.21039130434782433,6.21398771716216,7.7179501432874895,-34.68733,17.499939666666666
84.17200000000001,16.373402090516343,35.40847132388955,44.77419813253166,198.24221862973462,2026-06-25 04:52:54.452291,0.6066486486486471,0.21178378378378435,6.213983056280087,7.6465214568529545,-34.68733,17.499939666666666
83.97985185185186,16.395308234866665,35.40847132388955,44.79307583350143,198.15598984102854,2026-06-25 04:52:55.813530,0.6060000000000001,0.21200000000000002,6.216293362597987,7.937372117196093,-34.68733,17.499939666666666
83.76342105263159,16.47494111293712,35.415559711398245,44.87572353035105,197.87694530747288,2026-06-25 04:52:57.166686,0.6060000000000001,0.21104978662873422,6.217972425810123,7.6635350153612,-34.68733,17.499939666666666
83.57447368421053,16.58209665920116,35.42411210988774,44.99829519206061,197.63744919332348,2026-06-25 04:52:58.029619,0.6060000000000001,0.21200000000000002,6.218934934768448,7.277291845390035,-34.68733,17.499939666666666
83.35592857142855,16.688727958453253,35.436187750508985,45.12321915778456,198.3496248913338,2026-06-25 04:52:59.090057,0.6060000000000001,0.21200000000000002,6.2234053644908,7.110594987429159,-34.68733,17.499939666666666
83.15878787878788,16.756772907530298,35.4468438908392,45.20466844233318,200.93874241489942,2026-06-25 04:53:00.174514,0.6060000000000001,0.21123415977961424,6.228626723106471,7.043259292903259,-34.68733,17.499939666666666
82.9503103448276,16.823428932102967,35.45397163557519,45.2824896130056,202.39270366522626,2026-06-25 04:53:01.738997,0.6090875331564919,0.21102917771883062,6.230297807263018,6.598098922216124,-34.68733,17.499939666666666
82.76056666666666,16.84590121491614,35.45397163557519,45.302041453690144,201.44544409663933,2026-06-25 04:53:03.054976,0.6060000000000001,0.21101481481481374,6.2301377677286744,6.4385118979266505,-34.68733,17.499939666666666
82.56630555555554,16.871086777216348,35.45397163557519,45.32259405127127,203.86501529758604,2026-06-25 04:53:04.905604,0.6120000000000001,0.21244907407407634,6.2340560923049235,6.3128510594387315,-34.68733,17.499939666666666
82.39196666666666,16.887991844141048,35.4509618996297,45.33661307620054,204.2863087479007,2026-06-25 04:53:05.990877,0.6079333333333122,0.21264444444443742,6.234093746843462,6.386981194647483,-34.68733,17.499939666666666
82.1584642857143,16.913010682505337,35.44684105907593,45.358452925130635,204.36448352815148,2026-06-25 04:53:07.814568,0.6120000000000001,0.21200000000000002,6.234198217558012,6.3069515457758945,-34.68733,17.499939666666666
81.95083333333332,16.924466849549926,35.44460224095287,45.36978919162047,204.30310011326145,2026-06-25 04:53:08.971211,0.6060000000000001,0.21200000000000002,6.23421252292874,6.094161331082181,-34.68733,17.499939666666666
81.75649999999999,16.92632228464288,35.444491218535504,45.37162291154699,204.44318988766747,2026-06-25 04:53:09.014256,0.6092999999999986,0.21200000000000002,6.236288182894823,6.0897555624714625,-34.68733,17.499939666666666
81.58200000000001,16.947055040398872,35.442236994754055,45.39110966100876,204.45382580731322,2026-06-25 04:53:09.898747,0.6120000000000001,0.21200000000000002,6.2380120198179965,6.158962015022773,-34.68733,17.499939666666666
81.3737,16.968533846834735,35.440407001336645,45.411172155920895,205.7720589609562,2026-06-25 04:53:10.501368,0.6120000000000001,0.21200000000000002,6.234452875644044,6.109899220029815,-34.68733,17.499939666666666
81.14958823529412,16.994404264946947,35.43890366200893,45.43168230998988,205.08855738829894,2026-06-25 04:53:10.996827,0.6120000000000001,0.21200000000000002,6.238132607842496,6.041877885523158,-34.68733,17.499939666666666
80.92123529411764,17.071464237609046,35.4365132490283,45.500345008355055,205.71561698663132,2026-06-25 04:53:12.064196,0.6120000000000001,0.21200000000000002,6.244766455798292,6.230559017621226,-34.68733,17.499939666666666
80.75759090909092,17.114978324335155,35.4365132490283,45.54531701973375,207.6380082733153,2026-06-25 04:53:12.900743,0.6120000000000001,0.21600000000000003,6.2497894079135206,5.811203071184953,-34.68733,17.499939666666666
80.55223684210527,17.164112067398424,35.4365132490283,45.59936369417307,211.31110464318692,2026-06-25 04:53:14.741052,0.6180000000000001,0.21400000000000002,6.2535762923564,5.110254689269513,-34.68733,17.499939666666666
80.36327027027028,17.189088791958028,35.43873022109221,45.62734923000865,216.14967255780186,2026-06-25 04:53:16.223525,0.6180000000000001,0.21400000000000002,6.258511269472176,4.949471351211327,-34.68733,17.499939666666666
80.16717142857144,17.210879021349978,35.44054464241255,45.65034664352546,222.3413390642364,2026-06-25 04:53:17.835885,0.6240000000000001,0.21400000000000002,6.268121428702842,4.230157918674758,-34.68733,17.499939666666666
79.97167741935486,17.23223664233792,35.4412057821177,45.67316456300706,219.2507079751005,2026-06-25 04:53:19.511116,0.621406451612919,0.21513548387097298,6.261746036989937,4.173013418405517,-34.68733,17.499939666666666
79.76148275862069,17.242780400850435,35.4412057821177,45.6838167284949,222.8151176544504,2026-06-25 04:53:20.977086,0.6180000000000001,0.2144827586206892,6.267874784456517,3.870152869120961,-34.68733,17.499939666666666
79.56521428571429,17.247433016210323,35.4412057821177,45.68841785404715,222.4404861706979,2026-06-25 04:53:22.209031,0.6240000000000001,0.21600000000000003,6.268792019093393,3.9377086606636236,-34.68733,17.499939666666666
79.36705882352942,17.251182820741768,35.4412057821177,45.691432397070685,222.40312338808343,2026-06-25 04:53:22.952534,0.6240000000000001,0.2149934640522873,6.268806034141388,4.212409380473709,-34.68733,17.499939666666666
79.15275,17.25767955744333,35.4412057821177,45.69775602022513,222.7544758598259,2026-06-25 04:53:23.854138,0.6240000000000001,0.21600000000000003,6.2695201821591,4.007150582126297,-34.68733,17.499939666666666
78.9672,17.265337535413956,35.441263934173776,45.705668817421326,222.76360636679678,2026-06-25 04:53:24.642682,0.6240000000000001,0.21411249999999932,6.2692306734398615,3.8629943683711057,-34.68733,17.499939666666666
78.77688888888889,17.26662474062127,35.44133677480369,45.707147230317766,224.30111652459775,2026-06-25 04:53:24.855960,0.6240000000000001,0.21600000000000003,6.276331425184902,3.7474710333021997,-34.68733,17.499939666666666
78.53476470588235,17.277281471602777,35.44209475297465,45.7186281153205,227.87118944049962,2026-06-25 04:53:26.089952,0.6240000000000001,0.21600000000000003,6.280098762527342,3.571870982037889,-34.68733,17.499939666666666
78.35395,17.285015779398144,35.442840842016615,45.72712311306425,232.9254377172918,2026-06-25 04:53:27.203265,0.6300000000000001,0.2170999999999986,6.2838736151395596,3.379768358925962,-34.68733,17.499939666666666
78.15597499999998,17.291183490850415,35.44373644253003,45.73463667298041,234.11920119894606,2026-06-25 04:53:28.919067,0.6300000000000001,0.258,6.283886929793946,3.1961023077140998,-34.68733,17.499939666666666
77.97782608695653,17.2955738847012,35.44373644253003,45.738806424242924,234.1149130386829,2026-06-25 04:53:30.219055,0.6300000000000001,0.258,6.283896111054522,2.9032537811382584,-34.68733,17.499939666666666
77.76085,17.29851055433161,35.44373644253003,45.74182117432814,234.4662998632581,2026-06-25 04:53:32.033256,0.6344684210526307,0.21800000000000003,6.286695885777882,2.93804803167707,-34.68733,17.499939666666666
77.56006666666667,17.297655440092022,35.44366608392381,45.74072786641785,234.69493531552675,2026-06-25 04:53:33.037161,0.6350461538461545,0.21800000000000003,6.284503347819797,2.6402545191008207,-34.68733,17.499939666666666
77.3535,17.29667882665094,35.443395491208065,45.73932397475218,235.4919573169818,2026-06-25 04:53:34.024782,0.6300000000000001,0.21635714285714266,6.287647006999174,2.729134533603574,-34.68733,17.499939666666666
77.1653157894737,17.295947892825193,35.443083118738336,45.73773193615847,235.79393911450762,2026-06-25 04:53:35.283066,0.6360000000000001,0.21800000000000003,6.287642340539203,2.8439625735179868,-34.68733,17.499939666666666
76.97436842105263,17.29559974279631,35.44294011957461,45.73703891367592,235.78997695393272,2026-06-25 04:53:35.953944,0.6322003395585747,0.2192665534804752,6.287644554381499,2.641289491774097,-34.68733,17.499939666666666
76.74083333333334,17.294416858733157,35.4428286077671,45.735792913640594,236.29507979879116,2026-06-25 04:53:37.349925,0.6360000000000001,0.21800000000000003,6.287644472626451,2.582481245755073,-34.68733,17.499939666666666
76.57028571428572,17.29298879037446,35.4428286077671,45.734822145284696,236.84389886994168,2026-06-25 04:53:38.693305,0.6360000000000001,0.21800000000000003,6.287637196427144,2.7259398767356053,-34.68733,17.499939666666666
76.35608823529412,17.29368328635827,35.4428286077671,45.73495068883799,237.74842047532798,2026-06-25 04:53:40.230384,0.6300000000000001,0.21901260504201744,6.291387442156504,2.527951960103643,-34.68733,17.499939666666666
76.18673684210528,17.295062118927923,35.443003621819024,45.73609038727231,236.74472095978618,2026-06-25 04:53:40.976319,0.6360000000000001,0.21800000000000003,6.287638680930263,2.3686826349472554,-34.68733,17.499939666666666
75.96735,17.303678524130166,35.443003621819024,45.745062008472374,237.46605521224618,2026-06-25 04:53:42.630493,0.6347769230769225,0.21959230769230748,6.2913951809635815,2.618318537591939,-34.68733,17.499939666666666
75.76679487179487,17.32051006761317,35.443003621819024,45.76292881129635,231.3771361727469,2026-06-25 04:53:44.220143,0.6307948717948666,0.21800000000000003,6.284458129427466,2.812810309851318,-34.68733,17.499939666666666
75.57172727272726,17.333147057322844,35.4423320088329,45.774420233841425,231.1437255430233,2026-06-25 04:53:45.502093,0.6307575757575798,0.21800000000000003,6.284438075135241,3.042187721036483,-34.68733,17.499939666666666
75.38877777777779,17.340734141828847,35.440360391808994,45.77922081656228,237.38539310525994,2026-06-25 04:53:46.658610,0.6410476190476228,0.2196825396825409,6.291504112827172,2.7695539869925248,-34.68733,17.499939666666666
75.17999999999999,17.343486782675757,35.437157507144136,45.777655822387445,238.06102221666185,2026-06-25 04:53:47.966602,0.6420000000000001,0.22000000000000003,6.2915057194287805,2.516512838942219,-34.68733,17.499939666666666
74.96564000000001,17.343815751559642,35.434810603370686,45.775635758835726,239.27822762019372,2026-06-25 04:53:48.786389,0.6420000000000001,0.2186399999999994,6.292704459493926,2.4811252412965534,-34.68733,17.499939666666666
74.781125,17.343628668179065,35.43286550098043,45.77367146242315,239.51777044132064,2026-06-25 04:53:49.463087,0.6431590909090936,0.22000000000000003,6.295258894835745,2.301915274649558,-34.68733,17.499939666666666
74.54133333333334,17.34073378195185,35.42967008273953,45.766740606167446,239.7861225760904,2026-06-25 04:53:50.678395,0.6420000000000001,0.21958333333333424,6.295234836200986,2.33692253781312,-34.68733,17.499939666666666
74.35549999999999,17.33685731427688,35.42721483709924,45.75932838812746,240.1212942325497,2026-06-25 04:53:51.787829,0.644653846153848,0.22000000000000003,6.2952357072611465,2.3640524063986117,-34.68733,17.499939666666666
74.15445454545454,17.33580547459752,35.42492606834348,45.756105239630536,239.71873211486323,2026-06-25 04:53:53.159188,0.645363636363635,0.22000000000000003,6.295222411209629,2.3447377552466624,-34.68733,17.499939666666666
73.96782926829268,17.331402663968444,35.42286295051029,45.749552445064424,240.02049242228054,2026-06-25 04:53:54.829448,0.6453951219512094,0.22000000000000003,6.295212892707124,2.4033940495986332,-34.68733,17.499939666666666
73.75609523809524,17.328134979813708,35.42253246174351,45.745795331946155,240.0375966863636,2026-06-25 04:53:55.978800,0.6480000000000001,0.22000000000000003,6.295210371812912,2.380486700138569,-34.68733,17.499939666666666
73.56923809523809,17.324121649859883,35.42253246174351,45.73978602275506,240.31396490224387,2026-06-25 04:53:57.216572,0.6480000000000001,0.22000000000000003,6.295216735582107,2.4146225228592777,-34.68733,17.499939666666666
73.37986666666667,17.32759878445968,35.42253246174351,45.741196795647426,239.91792634786188,2026-06-25 04:53:58.253921,0.6480000000000001,0.22000000000000003,6.295187337013985,2.444621866355779,-34.68733,17.499939666666666
73.16776470588236,17.34884625889279,35.42383862094813,45.766983686532306,239.39075596692092,2026-06-25 04:53:59.266598,0.6433835294117661,0.22000000000000003,6.295213533791934,2.5882204158645608,-34.68733,17.499939666666666
72.96833333333332,17.354170163081548,35.42459577057116,45.77348045617531,239.0686129422933,2026-06-25 04:53:59.796852,0.64223529411765,0.22000000000000003,6.295265792168999,2.4360177033133357,-34.68733,17.499939666666666
72.75727777777779,17.35973224158144,35.42535808471566,45.781470968413814,238.68113804287466,2026-06-25 04:54:00.335600,0.6463627450980381,0.22054575163398735,6.295269486130721,2.3512823519815123,-34.68733,17.499939666666666
72.55964705882354,17.36423358691074,35.42648468450945,45.78607413946545,238.2008826345451,2026-06-25 04:54:01.342528,0.6420000000000001,0.22087700534759488,6.293195830464418,2.438565150270301,-34.68733,17.499939666666666
72.34253846153845,17.370075856792923,35.42695115038574,45.79380763329943,235.04538002622579,2026-06-25 04:54:02.132141,0.6420000000000001,0.21800000000000003,6.29159845129526,2.534450273817232,-34.68733,17.499939666666666
72.15851515151516,17.365874596374283,35.42740264679323,45.78864831486337,235.49474682593825,2026-06-25 04:54:03.830649,0.6383636363636387,0.2192121212121205,6.2915871921554425,2.6697542358154975,-34.68733,17.499939666666666
71.95599999999999,17.362194534200228,35.42789383720402,45.784379553144156,235.65382548106433,2026-06-25 04:54:05.002379,0.6360000000000172,0.22000000000000003,6.291584975897146,2.5942404721389787,-34.68733,17.499939666666666
71.75351851851852,17.36795091364019,35.429714049206716,45.79147943575077,236.86789108514517,2026-06-25 04:54:06.600634,0.6420000000000001,0.21961030595813238,6.2915739222632245,2.7944702839208984,-34.68733,17.499939666666666
71.56143478260869,17.388288322441547,35.43250975624438,45.81826624640125,232.79641073532602,2026-06-25 04:54:08.261312,0.6420000000000001,0.21800000000000003,6.287889341821707,2.886777570531918,-34.68733,17.499939666666666
71.35396153846153,17.39553208717119,35.43443921930319,45.82730391991655,231.84750558210828,2026-06-25 04:54:09.578277,0.6419423076923011,0.21800000000000003,6.287894563721575,3.0556500234743105,-34.68733,17.499939666666666
71.13129166666667,17.39551368043139,35.43540775590883,45.82679415367482,232.90902577219836,2026-06-25 04:54:10.719005,0.6378541666666678,0.21800000000000003,6.2878865242166295,2.9117748178783236,-34.68733,17.499939666666666
70.94625,17.398723440687306,35.4356456625261,45.830199353719955,232.5392274374842,2026-06-25 04:54:11.579197,0.641653846153848,0.2162307692307681,6.287898970603168,3.0116760963751203,-34.68733,17.499939666666666
70.7632,17.400271634450927,35.43568974465652,45.83288557208631,232.5102199489834,2026-06-25 04:54:12.280265,0.6420000000000001,0.2186390804597701,6.287898753042024,3.0103972984902514,-34.68733,17.499939666666666
70.54792857142856,17.401566673393617,35.43577676767904,45.83370629669994,232.29434812966485,2026-06-25 04:54:12.842261,0.6420000000000001,0.21800000000000003,6.287906888732483,3.0088933998421776,-34.68733,17.499939666666666
70.36262500000001,17.40043619710879,35.43615001625783,45.83044873247575,233.2213201964031,2026-06-25 04:54:13.819239,0.6420000000000001,0.22000000000000003,6.287894889715573,3.007598858376996,-34.68733,17.499939666666666
70.14394117647058,17.403141737073295,35.436671065527726,45.83371622756001,231.9680654233356,2026-06-25 04:54:14.553790,0.6360000000000001,0.21901960784314295,6.2879115017073435,3.0912386946484585,-34.68733,17.499939666666666
69.95766666666667,17.411855709589197,35.437561911634916,45.84660871267002,232.5128490299907,2026-06-25 04:54:15.531639,0.6360000000000001,0.21927777777777754,6.287902803728776,3.2212137504536016,-34.68733,17.499939666666666
69.7471875,17.41377052564708,35.43825880461745,45.84949177282825,228.54648753028158,2026-06-25 04:54:16.401378,0.6360000000000001,0.21800000000000003,6.281515848318465,3.312973526211463,-34.68733,17.499939666666666
69.54982608695651,17.41172347433072,35.43871865795225,45.84538463307553,230.11596461896653,2026-06-25 04:54:17.430661,0.6300000000000001,0.2168819875776407,6.284618699463854,3.0669831731601005,-34.68733,17.499939666666666
69.36015789473684,17.4208896166076,35.43871865795225,45.85740557536488,226.93878626093831,2026-06-25 04:54:18.534950,0.6300000000000001,0.21800000000000003,6.280472583188798,3.6460699244210173,-34.68733,17.499939666666666
69.1801,17.42198505310748,35.43871865795225,45.85748868030127,226.86505187322092,2026-06-25 04:54:19.535873,0.6360000000000001,0.21800000000000003,6.282220575671839,3.494410033418923,-34.68733,17.499939666666666
68.96252631578946,17.413313628669716,35.43806265044007,45.84568657354463,226.25383517330778,2026-06-25 04:54:20.821196,0.6360000000000001,0.21800000000000003,6.280478030699758,2.9819402694035326,-34.68733,17.499939666666666
68.75795833333332,17.410615560480405,35.43755933362778,45.84288756275145,229.98228016013064,2026-06-25 04:54:21.678648,0.6398629032258034,0.22057526881720219,6.28525345410329,2.993119542986752,-34.68733,17.499939666666666
68.56314285714285,17.41485824571715,35.43676510642783,45.84830957307164,228.98596879666383,2026-06-25 04:54:22.982475,0.6360000000000001,0.21800000000000003,6.284200818223863,3.031639304532602,-34.68733,17.499939666666666
68.36372413793103,17.413032906919327,35.43597483893847,45.84334922712659,231.08506742448165,2026-06-25 04:54:24.198537,0.6381103448275881,0.2187034482758627,6.284191396058776,3.199520372050781,-34.68733,17.499939666666666
68.14880000000001,17.420651833776482,35.435156684607236,45.852859704616876,229.90539278845418,2026-06-25 04:54:25.376851,0.6420000000000001,0.22000000000000003,6.284213812312031,3.380454708876797,-34.68733,17.499939666666666
67.94792307692306,17.416378994800326,35.434741027249935,45.845094961249245,230.11973197359904,2026-06-25 04:54:25.952855,0.6360000000000001,0.21912820512820588,6.286313608364209,3.121719953490378,-34.68733,17.499939666666666
67.77394736842105,17.415035588390314,35.43434235142268,45.8437835128217,232.124357164325,2026-06-25 04:54:26.488140,0.6420000000000001,0.21871770334928156,6.287923539799089,3.054266401340616,-34.68733,17.499939666666666
67.55005555555555,17.413214593758696,35.43345663765554,45.84247398212929,231.45140432487418,2026-06-25 04:54:27.600716,0.6397719298245658,0.21800000000000003,6.287926494752871,3.176941438607111,-34.68733,17.499939666666666
67.36782608695653,17.40912742545222,35.432908966388084,45.83624479091737,231.40848929575085,2026-06-25 04:54:28.260447,0.6420000000000001,0.21920289855072522,6.287926956346453,2.883537029003558,-34.68733,17.499939666666666
67.14283333333334,17.39971989145707,35.43167101680555,45.82497065957647,233.9806028503427,2026-06-25 04:54:29.552985,0.6420000000000001,0.21950505050505134,6.290731574282071,2.688239989095295,-34.68733,17.499939666666666
66.9637142857143,17.39862156335236,35.43043895180835,45.82225831880818,235.80469967001764,2026-06-25 04:54:30.667377,0.6420000000000001,0.22000000000000003,6.291646104467592,2.6557101128639693,-34.68733,17.499939666666666
66.77368421052631,17.39723062918829,35.42969930298521,45.820390499617424,235.07149090805763,2026-06-25 04:54:31.302675,0.6420000000000001,0.22000000000000003,6.291641360335577,2.6760875562666353,-34.68733,17.499939666666666
66.55164285714287,17.393179001879226,35.42796944562998,45.814503246157685,237.30051536022512,2026-06-25 04:54:32.778136,0.6466571428571439,0.22000000000000003,6.295361857034231,2.587681689568061,-34.68733,17.499939666666666
66.33981578947368,17.38775663046695,35.426533536525554,45.80678483107029,237.85186449738302,2026-06-25 04:54:34.425545,0.6458881578947447,0.22000000000000003,6.295357181173533,2.4693772922501984,-34.68733,17.499939666666666
66.15455172413793,17.385053071668825,35.426533536525554,45.80313982085706,239.1142690846372,2026-06-25 04:54:35.664514,0.6480000000000001,0.22000000000000003,6.295342455885228,2.3394812760338835,-34.68733,17.499939666666666
65.95891999999999,17.388028894871486,35.426533536525554,45.807020488081314,238.6943727821979,2026-06-25 04:54:37.183773,0.6540000000000001,0.22000000000000003,6.295365967422429,2.3688176671806236,-34.68733,17.499939666666666
65.75250000000001,17.394597855046673,35.426828515119034,45.81412491650489,238.27203085983118,2026-06-25 04:54:38.161852,0.6524594594594572,0.22051351351351436,6.29538079583812,2.4404433536214647,-34.68733,17.499939666666666
65.58105263157894,17.39451100023972,35.4274233406599,45.81407534226233,237.91202669246115,2026-06-25 04:54:39.045393,0.6480000000000001,0.22199999999999998,6.2953867523242355,2.5030170389112025,-34.68733,17.499939666666666
65.35441176470587,17.39851119520227,35.42795096886089,45.818882603908385,238.25556284410385,2026-06-25 04:54:39.920707,0.6519327731092527,0.22068907563024914,6.295376158399251,2.4599133720729087,-34.68733,17.499939666666666
65.14964285714284,17.401555630755134,35.42826749048786,45.822852656326695,238.09880242754258,2026-06-25 04:54:40.495767,0.6480000000000001,0.22000000000000003,6.2953928404838635,2.527838706252998,-34.68733,17.499939666666666
64.97082142857144,17.40957233640714,35.42884385022765,45.831045811863376,237.6266805717778,2026-06-25 04:54:41.802569,0.6443489010988975,0.22000000000000003,6.293130492266864,2.4101125258180645,-34.68733,17.499939666666666
64.77742857142856,17.413773587239778,35.42923164165935,45.835378506497264,237.2817943044016,2026-06-25 04:54:42.691623,0.6462857142857216,0.22000000000000003,6.29541585563676,2.710771233758806,-34.68733,17.499939666666666
64.56632,17.41483518368499,35.429837794705406,45.83625955988336,237.11673083700717,2026-06-25 04:54:44.045985,0.6436600000000011,0.22000000000000003,6.292706347157091,2.487662475695693,-34.68733,17.499939666666666
64.3585294117647,17.42224553732317,35.43045975474423,45.84525646435918,236.72863162858746,2026-06-25 04:54:45.622162,0.6526985294117663,0.22156617647058874,6.295443657969754,2.6370799809765417,-34.68733,17.499939666666666
64.15271428571427,17.424902077240763,35.43045975474423,45.84859036268196,237.19897987929963,2026-06-25 04:54:46.167146,0.6469285714286013,0.22164285714286702,6.295456643668272,2.475213737976047,-34.68733,17.499939666666666
63.969790697674426,17.424642479478813,35.43045975474423,45.847986090969,236.93445300078088,2026-06-25 04:54:47.632445,0.6480000000000001,0.22000000000000003,6.2954337761652015,2.462749596508565,-34.68733,17.499939666666666
63.75167999999999,17.423855662649192,35.430022132056486,45.84592089297602,236.9466808427083,2026-06-25 04:54:49.700511,0.6480000000000001,0.22000000000000003,6.295434024222177,2.586947048694886,-34.68733,17.499939666666666
63.58400000000001,17.425009423214206,35.42975593786074,45.84686401341565,237.6304963759294,2026-06-25 04:54:50.284974,0.6480000000000001,0.22000000000000003,6.2954519351148335,2.4050188781725588,-34.68733,17.499939666666666
63.36628571428572,17.426061863738518,35.42929080201248,45.84706250632906,237.6225738062771,2026-06-25 04:54:51.339369,0.6480000000000001,0.22198069498069528,6.295452896727642,2.4139126497699364,-34.68733,17.499939666666666
63.14390000000001,17.425156925772875,35.428902401520105,45.84539639234513,237.63129301390052,2026-06-25 04:54:52.367316,0.6480000000000001,0.22054666666666586,6.296471989999044,2.51798536300861,-34.68733,17.499939666666666
62.9481875,17.426585522647187,35.42859918066823,45.8471227883527,237.99348964638764,2026-06-25 04:54:53.177729,0.648062500000001,0.22197916666666634,6.295487092112229,2.29885972250185,-34.68733,17.499939666666666
62.76742857142857,17.431177711392305,35.428253039245476,45.85179930659411,238.45119847597095,2026-06-25 04:54:54.116026,0.6504761904761899,0.22082539682539656,6.299213410369134,2.4528054511554482,-34.68733,17.499939666666666
62.54082352941176,17.433645524650444,35.428253039245476,45.853948756299296,238.48283472630806,2026-06-25 04:54:55.052057,0.6511229946524072,0.22104099821746903,6.297414716991759,2.3655128113183155,-34.68733,17.499939666666666
62.35725,17.435417227890262,35.428253039245476,45.85437611504092,239.00377901281877,2026-06-25 04:54:56.168468,0.6540000000000001,0.22187499999999932,6.2992177814511585,2.2539350571057373,-34.68733,17.499939666666666
62.16503333333332,17.451621541665773,35.42877763808642,45.87170837170903,237.53308694302137,2026-06-25 04:54:57.860051,0.6504057142857117,0.22000000000000003,6.2955227244892855,2.285933729572657,-34.68733,17.499939666666666
61.95677777777778,17.45978520524315,35.42973690428591,45.88121216979367,237.98490690764132,2026-06-25 04:54:58.694463,0.6511884057971007,0.22306280193236683,6.295502836836895,2.620247745500028,-34.68733,17.499939666666666
61.78881481481482,17.480268471349074,35.43179351949697,45.9042446168448,235.27209523734254,2026-06-25 04:55:00.242207,0.6480000000000001,0.22000000000000003,6.291842718989235,2.8489467943473827,-34.68733,17.499939666666666
61.56273333333333,17.49882384139577,35.43308423337187,45.92539104213704,232.28931972031066,2026-06-25 04:55:01.260831,0.6480000000000001,0.21839047619047508,6.288893125223725,2.8940602189144014,-34.68733,17.499939666666666
61.385684210526314,17.512216589021566,35.43391121461621,45.9396108695523,232.4865829901904,2026-06-25 04:55:02.202515,0.6436786703601111,0.21855955678670366,6.29189900956793,2.911648627260286,-34.68733,17.499939666666666
61.15060000000001,17.52371233026084,35.43391121461621,45.95012364092556,231.44703384946516,2026-06-25 04:55:03.321960,0.6420000000000001,0.21853333333333053,6.289177930834823,2.688461567396531,-34.68733,17.499939666666666
60.9631,17.53124113178565,35.43391121461621,45.95873529376035,231.34436441515896,2026-06-25 04:55:03.906808,0.6420000000000001,0.22000000000000003,6.291967595998026,2.825745096869004,-34.68733,17.499939666666666
60.75372727272727,17.54181895797439,35.43369264085346,45.96862192917667,231.31084646354122,2026-06-25 04:55:04.769310,0.6420000000000001,0.22000000000000003,6.2919576313264205,2.7471530541468416,-34.68733,17.499939666666666
60.55277272727273,17.561497968797454,35.43299497091994,45.98633767340147,236.5641571938694,2026-06-25 04:55:06.014440,0.6480000000000001,0.22000000000000003,6.2995371989570765,2.266959070867111,-34.68733,17.499939666666666
60.34653846153845,17.560929144092867,35.4323874528202,45.985759709484874,235.83851412353084,2026-06-25 04:55:07.230557,0.6514615384615506,0.22000000000000003,6.297928758601122,2.1793958838864307,-34.68733,17.499939666666666
60.17076,17.561183772041957,35.43189926563498,45.98619111907623,236.75511233625042,2026-06-25 04:55:08.373643,0.652943999999998,0.22000000000000003,6.299530909356728,2.0058948415002584,-34.68733,17.499939666666666
59.95761904761904,17.559815121498975,35.431637859455634,45.984947412545175,236.8352259578218,2026-06-25 04:55:09.035947,0.6509450549450582,0.222981684981686,6.299523280549546,2.0578743480801855,-34.68733,17.499939666666666
59.75858823529412,17.570398240967474,35.431431803671046,45.993855631405275,237.41194560949134,2026-06-25 04:55:10.424521,0.6487058823529414,0.22047058823529414,6.2995344380893386,2.1064127603528315,-34.68733,17.499939666666666
59.55686666666667,17.573228701610766,35.43140882366134,45.9961124548516,237.67941697474413,2026-06-25 04:55:12.539557,0.65731428571429,0.22199999999999998,6.301604788880362,2.155607377748753,-34.68733,17.499939666666666
59.35692156862745,17.567002904036936,35.43129891925411,45.99046115757357,236.85451091490745,2026-06-25 04:55:13.482547,0.6541568627451009,0.22005228758170028,6.299608623218829,2.2130018542932994,-34.68733,17.499939666666666
59.17254838709677,17.560737150179452,35.43129891925411,45.98461364847486,237.80257664076396,2026-06-25 04:55:15.153554,0.6572903225805999,0.22199999999999998,6.302441482766359,2.187135901277671,-34.68733,17.499939666666666
58.9844,17.56563831681603,35.43081961526253,45.98822843918847,237.7099810310324,2026-06-25 04:55:16.736797,0.6497999999999994,0.22140000000000024,6.299548227439457,2.22028411608409,-34.68733,17.499939666666666
58.765718750000005,17.583086226178395,35.429567005229345,46.00414306133287,238.1311973215691,2026-06-25 04:55:18.247757,0.6540000000000001,0.22000000000000003,6.302120440383865,2.3392103571287923,-34.68733,17.499939666666666
58.5805238095238,17.594189401790995,35.42881517177439,46.01422126121918,238.3737755380548,2026-06-25 04:55:19.178541,0.6555238095237962,0.22199999999999998,6.300552896189305,2.0063273116715616,-34.68733,17.499939666666666
58.37532142857143,17.598073318211867,35.42838995999169,46.017350013755596,238.34481651988318,2026-06-25 04:55:20.629949,0.6540000000000001,0.2235595238095234,6.303350346651853,2.041811667331742,-34.68733,17.499939666666666
58.17254545454545,17.6034973546134,35.42838995999169,46.022800538431696,238.06361398217038,2026-06-25 04:55:21.653545,0.6540000000000001,0.22199999999999998,6.300776344021919,2.3004396274918726,-34.68733,17.499939666666666
57.94375,17.616508896008668,35.42838995999169,46.03651025156324,236.17084358045068,2026-06-25 04:55:23.533358,0.6557812500000009,0.22129687500000012,6.297013774949368,2.5922537932836103,-34.68733,17.499939666666666
57.747811320754714,17.634700146965216,35.43006595698338,46.05694273825894,229.96706777746584,2026-06-25 04:55:25.356311,0.6444339622641435,0.22199999999999998,6.285481078780102,2.0437728889123794,-34.68733,17.499939666666666
57.55914583333333,17.648669132972103,35.432336357001326,46.073387603123344,228.40820567343425,2026-06-25 04:55:26.993915,0.6494166666666712,0.22047222222222365,6.284227281818278,2.643142671456217,-34.68733,17.499939666666666
57.37739285714286,17.66933789557623,35.43496275476231,46.09845815113892,225.31661134835406,2026-06-25 04:55:28.579662,0.6473571428571416,0.22157142857142761,6.280255424108557,3.154126426850399,-34.68733,17.499939666666666
57.14427777777777,17.689841630462972,35.43582184481826,46.12036210927972,217.0117488815431,2026-06-25 04:55:30.528757,0.6360000000000001,0.2188838383838389,6.273648977964218,4.0180700428258165,-34.68733,17.499939666666666
56.96836363636363,17.690598495585814,35.43582184481826,46.11916517575837,215.91714014060537,2026-06-25 04:55:31.112444,0.6360000000000001,0.21712396694214772,6.272009800394391,3.9964921720958664,-34.68733,17.499939666666666
56.748076923076916,17.692476774400316,35.43582184481826,46.12010467842492,214.50018092795693,2026-06-25 04:55:31.693411,0.6360000000000001,0.21734358974358878,6.268684253522522,4.227604502877085,-34.68733,17.499939666666666
56.517500000000005,17.69372806403209,35.43457265922046,46.120598910376835,212.76426149464405,2026-06-25 04:55:32.655981,0.6360000000000001,0.21768750000000042,6.266176205402546,4.469512738383368,-34.68733,17.499939666666666
56.334720000000004,17.69580574569807,35.433219625387636,46.1214884258808,212.17238253605007,2026-06-25 04:55:33.689045,0.6360000000000001,0.21800000000000003,6.2642560876598115,4.661275151966665,-34.68733,17.499939666666666
56.173346153846154,17.699110377797346,35.43225113236742,46.12353690480846,208.84996266437727,2026-06-25 04:55:34.509984,0.6300000000000001,0.21600000000000003,6.262457204644343,4.965994928559182,-34.68733,17.499939666666666
55.961354838709674,17.701673497242858,35.43105670645474,46.12497172030756,208.95044122786246,2026-06-25 04:55:35.912659,0.6307050691244257,0.21623502304147524,6.259159535223681,4.6621740691281754,-34.68733,17.499939666666666
55.73536111111111,17.699371651347693,35.42968710889782,46.12108475657734,209.22549873998037,2026-06-25 04:55:38.067070,0.6300000000000001,0.21600000000000003,6.262455913793153,4.532594503444024,-34.68733,17.499939666666666
55.56353125,17.69917159673072,35.4290294970535,46.119951547413145,209.62211949722862,2026-06-25 04:55:38.986101,0.6300000000000001,0.2174335937500003,6.26244720672761,4.904639848009032,-34.68733,17.499939666666666
55.345240000000004,17.704805987357666,35.427599167299334,46.12345957262511,206.30344828045818,2026-06-25 04:55:40.737207,0.6300000000000001,0.21600000000000003,6.258449822476411,5.038449371976891,-34.68733,17.499939666666666
55.162,17.714605035740384,35.426593283730384,46.13201580965005,206.72734616154773,2026-06-25 04:55:41.840253,0.6280000000000001,0.21600000000000003,6.258726876298579,5.019365442939878,-34.68733,17.499939666666666
54.965650000000004,17.720831367844816,35.4257862944648,46.13758421652648,203.69990129130096,2026-06-25 04:55:42.764179,0.6300000000000001,0.21505151515151497,6.253250575370221,5.204778297654511,-34.68733,17.499939666666666
54.74809090909091,17.72245652076145,35.42497604527539,46.13874336087019,202.57337732437114,2026-06-25 04:55:43.847760,0.6240000000000001,0.21576136363636403,6.251294568271469,5.32421396132252,-34.68733,17.499939666666666
54.56007692307693,17.723822118690908,35.42436320611445,46.13955411265616,202.31368765918225,2026-06-25 04:55:44.870745,0.6240000000000001,0.2140384615384626,6.251287252363717,5.428117803798252,-34.68733,17.499939666666666
54.364549999999994,17.727216163903368,35.42433413340384,46.14132961802741,201.61043064037517,2026-06-25 04:55:46.238274,0.6240000000000001,0.21490999999999916,6.249597529108905,5.590747293658455,-34.68733,17.499939666666666
54.15034375,17.724754314154694,35.42433413340384,46.138889980360915,201.36186303380745,2026-06-25 04:55:47.785370,0.6240000000000001,0.21483593749999952,6.251291879096395,5.460675754434318,-34.68733,17.499939666666666
53.95220588235294,17.721018655735094,35.42433413340384,46.13574147078549,202.42926110354438,2026-06-25 04:55:48.705719,0.6240000000000001,0.2150686274509813,6.2532845437559414,5.593877301981273,-34.68733,17.499939666666666
53.77304761904762,17.715190758918546,35.42444935167559,46.130707444590925,202.83865018812338,2026-06-25 04:55:50.253774,0.6240000000000001,0.21466031746031758,6.252517660988219,5.488433350209427,-34.68733,17.499939666666666
53.550875,17.713072982575923,35.42444935167559,46.12799494400208,204.46649837264363,2026-06-25 04:55:51.350066,0.6240000000000001,0.21600000000000003,6.255008448771891,5.212700825622752,-34.68733,17.499939666666666
53.34694999999999,17.712505663181172,35.424656393664364,46.12732906318109,204.76785929949085,2026-06-25 04:55:52.344182,0.6240000000000001,0.2170166666666696,6.255008963667435,4.999086748982109,-34.68733,17.499939666666666
53.14027777777778,17.71360536959048,35.424656393664364,46.12769383803774,204.7388777442817,2026-06-25 04:55:53.306153,0.6240000000000001,0.2158496732026141,6.2550090490794386,5.465169735954559,-34.68733,17.499939666666666
52.956444444444436,17.71713765198317,35.424799038546695,46.131430390650436,204.20581079438867,2026-06-25 04:55:54.513246,0.6240000000000001,0.21400000000000002,6.25501217954669,5.335170094258187,-34.68733,17.499939666666666
52.736218750000006,17.72733514191178,35.42579642068868,46.142415445517926,203.39217014857218,2026-06-25 04:55:55.728612,0.6240000000000001,0.21488942307692188,6.251275143038402,5.429890227771636,-34.68733,17.499939666666666
52.54625,17.759698725930964,35.428265198780466,46.17866747842335,201.03971458386394,2026-06-25 04:55:57.518547,0.6231521739130433,0.21600000000000003,6.247628862436041,5.485015433923703,-34.68733,17.499939666666666
52.35908571428571,17.788115658421265,35.4303449769076,46.211542803719375,200.07938631945623,2026-06-25 04:55:58.981023,0.6180000000000001,0.21600000000000003,6.247702658356505,5.593908252622122,-34.68733,17.499939666666666
52.15820588235294,17.80080646277811,35.43239991716301,46.22509586567744,199.18196559509863,2026-06-25 04:56:00.439425,0.6223455882352963,0.21400000000000002,6.247742008976902,5.551923463304129,-34.68733,17.499939666666666
51.96007142857143,17.819307228356557,35.435195717159026,46.24531253498692,200.39273924102517,2026-06-25 04:56:01.915616,0.6203828571428563,0.21400000000000002,6.251513526438154,5.516853359738686,-34.68733,17.499939666666666
51.75913636363637,17.849818137067825,35.439427858626104,46.28194022022507,200.2217686119653,2026-06-25 04:56:03.463102,0.6231439393939378,0.21400000000000002,6.25163815957881,5.375059659489109,-34.68733,17.499939666666666
51.57504347826087,17.869161025520587,35.44232949215185,46.30672717716125,200.50226403066063,2026-06-25 04:56:04.389738,0.6240000000000001,0.21704347826087422,6.251677084705583,5.492421954786943,-34.68733,17.499939666666666
51.337555555555554,17.889830765446398,35.445642320808304,46.331931040686904,200.22769232075606,2026-06-25 04:56:05.816781,0.6240000000000001,0.21600000000000003,6.251687154486861,5.190379349984453,-34.68733,17.499939666666666
51.15080952380952,17.888504034843614,35.445642320808304,46.32953134179631,199.08997050082897,2026-06-25 04:56:07.087482,0.6187936507936536,0.21400000000000002,6.251713029820127,5.4176063510102415,-34.68733,17.499939666666666
50.96819512195122,17.888878480976484,35.445642320808304,46.32943499234345,199.02770849523466,2026-06-25 04:56:08.095930,0.6180000000000001,0.21400000000000002,6.251730127760793,5.551989218216447,-34.68733,17.499939666666666
50.757026315789474,17.872162358948277,35.44372841505066,46.30875685195795,199.88061815544202,2026-06-25 04:56:09.921705,0.6240000000000001,0.21467543859649058,6.25164000053178,5.242534956841741,-34.68733,17.499939666666666
50.549,17.8746884199847,35.44294853327989,46.312590494999405,199.80986887495484,2026-06-25 04:56:11.557299,0.6240000000000001,0.21400000000000002,6.2516959445224645,5.256718861265105,-34.68733,17.499939666666666
50.3671875,17.871376511167448,35.44273062111344,46.30850921783707,199.81961401276484,2026-06-25 04:56:12.978803,0.6197291666666661,0.21400000000000002,6.251682076340312,5.219070301585345,-34.68733,17.499939666666666
50.17026470588235,17.864760146278346,35.44267541000987,46.29953759718248,199.65796626504718,2026-06-25 04:56:14.202014,0.6240000000000001,0.21430196078431385,6.25112757830121,5.344677689239272,-34.68733,17.499939666666666
49.950307692307696,17.871012787530514,35.442461354813915,46.307268306017825,199.02713404655205,2026-06-25 04:56:15.843441,0.622195804195803,0.215398601398601,6.247947578036499,5.460848054835004,-34.68733,17.499939666666666
49.78741176470589,17.8736811625229,35.441495195918435,46.310690794934494,199.14073097864272,2026-06-25 04:56:16.683720,0.6180000000000001,0.21600000000000003,6.247941114157865,5.477488513839031,-34.68733,17.499939666666666
49.55711111111111,17.867888171890478,35.43960895795339,46.302899370243026,199.33806315907887,2026-06-25 04:56:17.702572,0.6240000000000001,0.21493162393162404,6.247908501816414,5.410975439608757,-34.68733,17.499939666666666
49.36684,17.847880818715797,35.437159108704066,46.276188106916514,199.95964558076722,2026-06-25 04:56:18.753298,0.6240000000000001,0.2159360000000024,6.25156753603656,5.282431006430874,-34.68733,17.499939666666666
49.1565,17.834548928569387,35.43424038268139,46.25756497975956,199.70731222440125,2026-06-25 04:56:20.310226,0.6240000000000001,0.21450000000000002,6.251576620293974,5.417443964764505,-34.68733,17.499939666666666
48.93952380952381,17.841313970961536,35.43226871526449,46.26512789165052,199.16165133540878,2026-06-25 04:56:22.080002,0.6240000000000001,0.21434920634920848,6.248522359311332,5.3964612536736905,-34.68733,17.499939666666666
48.77362745098039,17.84372233778928,35.43226871526449,46.26758918303939,199.04018464531563,2026-06-25 04:56:23.635829,0.6240000000000001,0.21400000000000002,6.247876893142339,5.604352668174454,-34.68733,17.499939666666666
48.559607142857146,17.8435666814606,35.43226871526449,46.26394162116418,198.232339934939,2026-06-25 04:56:25.657641,0.6240000000000001,0.21432142857142938,6.247859797658381,5.565977746996406,-34.68733,17.499939666666666
48.353086956521736,17.85951216586707,35.43544120526587,46.282224942397704,198.42523546508505,2026-06-25 04:56:27.362011,0.6239130434782658,0.21600000000000003,6.247847663724238,5.69697138883076,-34.68733,17.499939666666666
48.14825714285715,17.922697590943095,35.44022392286103,46.35876182036535,197.18657235012924,2026-06-25 04:56:28.956067,0.6240000000000001,0.21400000000000002,6.2481285337124115,5.819692033453568,-34.68733,17.499939666666666
47.97028571428571,17.92939561672494,35.44144976288162,46.3652315871103,197.23726440408063,2026-06-25 04:56:29.876185,0.62245714285715,0.21400000000000002,6.248130849105132,5.499244814496581,-34.68733,17.499939666666666
47.73880952380952,17.946009567282452,35.44220250265036,46.38273598382275,196.89139948888862,2026-06-25 04:56:31.592999,0.6185437788018435,0.21400000000000002,6.248124466822758,5.4764200481001035,-34.68733,17.499939666666666
47.567625,17.947290118941638,35.44249087096739,46.38329232042391,196.87423747830493,2026-06-25 04:56:32.536205,0.6180000000000001,0.21400000000000002,6.24813338583993,5.542524530682204,-34.68733,17.499939666666666
47.35591176470589,17.958454885854785,35.44622128161617,46.396388377346625,196.8208868261201,2026-06-25 04:56:34.387929,0.6240000000000001,0.21501102941176392,6.248138070016189,5.4703638678105735,-34.68733,17.499939666666666
47.15695833333333,18.002725832737422,35.45435503928509,46.45340941599366,196.56305785184847,2026-06-25 04:56:36.412278,0.6217812500000052,0.21526041666666837,6.248451586017296,5.6237760436179745,-34.68733,17.499939666666666
46.98170212765956,18.040439394356305,35.45435503928509,46.50156330761769,196.42982399185624,2026-06-25 04:56:38.032911,0.6225957446808841,0.21400000000000002,6.248387541360041,5.428042927636474,-34.68733,17.499939666666666
46.76335714285714,18.02152975150708,35.45435503928509,46.47527902678952,196.57786315285853,2026-06-25 04:56:40.144936,0.6240000000000001,0.21400000000000002,6.248319699996808,5.346431563128542,-34.68733,17.499939666666666
46.55534210526316,17.926995376023342,35.4460773028134,46.354528427241284,197.24833490253891,2026-06-25 04:56:42.281692,0.6240000000000001,0.21497129186602898,6.247988324203712,5.614329638689194,-34.68733,17.499939666666666
46.36911111111112,17.916265672756566,35.4460773028134,46.34205200050175,197.53012805722054,2026-06-25 04:56:43.124649,0.6240000000000001,0.21558730158730255,6.248102110168371,5.491222793289864,-34.68733,17.499939666666666
46.151149999999994,17.98242446200592,35.4460773028134,46.42748976754199,197.290022532685,2026-06-25 04:56:45.190407,0.6240000000000001,0.21600000000000003,6.248085735892953,5.4486493373676,-34.68733,17.499939666666666
45.95345945945946,18.03117181722921,35.45623979295468,46.48875575628601,196.7131394788203,2026-06-25 04:56:46.683531,0.6226216216216275,0.21554054054054247,6.248223995095545,5.3650153886292085,-34.68733,17.499939666666666
45.76056603773585,18.054900615987272,35.4651507395162,46.51805028266418,196.62866165836252,2026-06-25 04:56:48.537459,0.6200872641509427,0.21400000000000002,6.252189999436726,5.434162945190098,-34.68733,17.499939666666666
45.5671875,18.0583018867182,35.4651507395162,46.52203455291999,196.39487095900466,2026-06-25 04:56:49.739534,0.6240000000000001,0.21400000000000002,6.248645424454783,5.234683811967341,-34.68733,17.499939666666666
45.34466666666666,18.053307605195812,35.4651507395162,46.51582641011286,196.43575084594303,2026-06-25 04:56:52.142404,0.6240000000000001,0.21400000000000002,6.248403191395406,5.153668670939517,-34.68733,17.499939666666666
45.16926086956522,18.048122872045536,35.46319930213704,46.50918663256764,196.70708566380424,2026-06-25 04:56:52.796685,0.6240000000000001,0.21600000000000003,6.248407050426079,5.18839716185137,-34.68733,17.499939666666666
44.963771428571434,18.029646055331437,35.45843825664002,46.485548241337305,196.5759688395661,2026-06-25 04:56:54.555109,0.6240000000000001,0.21590857142857403,6.248335387388756,5.279310510885179,-34.68733,17.499939666666666
44.74688461538461,18.00900680270147,35.45843825664002,46.45955513482847,197.05063504569208,2026-06-25 04:56:56.669338,0.6240000000000001,0.21484615384615705,6.248240872120479,5.354363162367152,-34.68733,17.499939666666666
44.55401694915254,18.007767634400356,35.45843825664002,46.459056226736514,196.91198886755748,2026-06-25 04:56:57.962840,0.6240000000000001,0.21600000000000003,6.2483605973239404,5.382127768571545,-34.68733,17.499939666666666
44.354594594594595,18.032006943933386,35.46028451234537,46.488447183884624,196.98446850367694,2026-06-25 04:57:00.477233,0.6240000000000001,0.21513513513513413,6.2483583193384025,5.298659135620253,-34.68733,17.499939666666666
44.15991304347826,18.048112197392957,35.46304214211943,46.50782743890747,196.85177932974995,2026-06-25 04:57:01.542232,0.6213260869565219,0.2148913043478261,6.250456830830726,5.2903925948712756,-34.68733,17.499939666666666
43.93782608695653,18.074120494999345,35.46711238199657,46.538656383582264,196.61208675160375,2026-06-25 04:57:03.315682,0.6240000000000001,0.21400000000000002,6.252128289964408,5.414789323129141,-34.68733,17.499939666666666
43.7645806451613,18.096709120362938,35.46833904456236,46.56492710559551,196.74196018878789,2026-06-25 04:57:04.504082,0.6240000000000001,0.21600000000000003,6.252188623507886,5.086249355876374,-34.68733,17.499939666666666
43.55411538461539,18.10431814157409,35.46847373564734,46.572860232660666,196.52129651220704,2026-06-25 04:57:06.013056,0.6209204244031847,0.21600000000000003,6.252224491907587,5.078924580572323,-34.68733,17.499939666666666
43.36002631578947,18.08297154617087,35.46847373564734,46.547136182784705,196.87443081515343,2026-06-25 04:57:08.021035,0.6230263157894718,0.21600000000000003,6.2521168312023665,5.3924143295761775,-34.68733,17.499939666666666
43.15938983050848,18.097862051770054,35.46840064533059,46.56578791063027,196.64305319359016,2026-06-25 04:57:09.889393,0.619220338983032,0.21440677966101063,6.252313222366602,5.111984369843279,-34.68733,17.499939666666666
42.9869375,18.102932074315966,35.46840064533059,46.57023116079486,197.2640394317143,2026-06-25 04:57:11.582278,0.6239750000000007,0.21400000000000002,6.2522079966638415,4.97109739907246,-34.68733,17.499939666666666
42.759719999999994,18.075485462999673,35.463155873901826,46.53481459534373,197.33439318436308,2026-06-25 04:57:13.864933,0.6240000000000001,0.21400000000000002,6.252240185771388,5.10345217012906,-34.68733,17.499939666666666
42.56272,18.064246524353873,35.46046324554821,46.51928833807386,197.678496570893,2026-06-25 04:57:14.840678,0.6240000000000001,0.21400000000000002,6.2521484639253195,5.078227767886238,-34.68733,17.499939666666666
42.36417857142857,18.061973344839313,35.45847311936164,46.51531171407404,197.83397663902164,2026-06-25 04:57:16.235529,0.6240000000000001,0.21600000000000003,6.252147271006945,5.090126059341923,-34.68733,17.499939666666666
42.162166666666664,18.064604093604693,35.4582777562056,46.51697041525179,197.9508763058671,2026-06-25 04:57:17.795242,0.6240000000000001,0.21600000000000003,6.252129131197468,5.173833586231752,-34.68733,17.499939666666666
41.94755319148937,18.086140051479507,35.45813100532251,46.54100672133483,197.76816214207446,2026-06-25 04:57:19.727362,0.6240000000000001,0.21457872340425205,6.252155425099257,5.182124379207046,-34.68733,17.499939666666666
41.76857142857143,18.077794180735577,35.45787238952325,46.53033766509786,197.85682829387054,2026-06-25 04:57:21.003929,0.6240000000000001,0.21561904761904924,6.252232590523788,4.953138614721965,-34.68733,17.499939666666666
41.57573333333334,18.05553560758557,35.456576671097785,46.50471596659027,197.74408176735494,2026-06-25 04:57:22.455693,0.6240000000000001,0.21600000000000003,6.2521404708207475,5.172540218062952,-34.68733,17.499939666666666
41.366749999999996,18.054442459855885,35.45391220749561,46.50428388897144,198.00581130407969,2026-06-25 04:57:24.330205,0.6240000000000001,0.21600000000000003,6.252191603237886,5.1919199669704765,-34.68733,17.499939666666666
41.13189655172415,18.090399720970872,35.449651008975,46.54099905282361,197.70257044765887,2026-06-25 04:57:25.775345,0.6240000000000001,0.21600000000000003,6.252129025325791,4.9815996834353085,-34.68733,17.499939666666666
40.95486274509805,18.128912442771696,35.440680001628856,46.560564138747225,201.70287933441116,2026-06-25 04:57:27.934755,0.6240000000000001,0.21553431372548862,6.258896300146587,4.783143017234932,-34.68733,17.499939666666666
40.76897826086956,18.14320025546549,35.431620850758726,46.566383890598196,203.86250384933157,2026-06-25 04:57:29.600135,0.6249331103678962,0.21600000000000003,6.259845378230504,4.6912283434756485,-34.68733,17.499939666666666
40.5670303030303,18.14141907326581,35.42143589163171,46.55670334631114,204.6516965804207,2026-06-25 04:57:31.203868,0.6240000000000001,0.21600000000000003,6.263541753251307,4.699824947794219,-34.68733,17.499939666666666
40.34588888888889,18.136473810707727,35.407566952880934,46.52813496096934,206.06574203189564,2026-06-25 04:57:33.578165,0.6240000000000001,0.21600000000000003,6.266598978351577,4.683827420047571,-34.68733,17.499939666666666
40.14906666666668,18.13453524381273,35.404727257756846,46.52017122342773,208.84410554449477,2026-06-25 04:57:34.922444,0.6300000000000001,0.2151140740740746,6.267321417981116,4.631468345257893,-34.68733,17.499939666666666
39.94563043478261,18.154923861102613,35.40454981520658,46.54681531447242,208.68675362698883,2026-06-25 04:57:37.012334,0.6300000000000001,0.21600000000000003,6.267260615566689,4.432142264222149,-34.68733,17.499939666666666
39.78581818181818,18.158558890699457,35.40132848509454,46.54917850680943,209.31480647241742,2026-06-25 04:57:38.461067,0.6360000000000001,0.2168853754940715,6.269447530803732,4.262355536699705,-34.68733,17.499939666666666
39.55948484848486,18.141434891160216,35.37587413953643,46.4968607031901,219.43009486419953,2026-06-25 04:57:41.061904,0.6463801652892474,0.2177300275482079,6.284243391761712,4.57938530370843,-34.68733,17.499939666666666
39.3651,18.158993560409165,35.362213868435376,46.49328713109613,216.21164883372214,2026-06-25 04:57:42.861624,0.6419142857142891,0.21600000000000003,6.274408269217704,4.318288922000583,-34.68733,17.499939666666666
39.1650303030303,18.146841854760932,35.362213868435376,46.47240575530795,218.45934774824747,2026-06-25 04:57:44.435267,0.644783216783216,0.21692773892773867,6.281952369778114,3.927265577268173,-34.68733,17.499939666666666
38.94994594594595,18.217959686755478,35.362213868435376,46.55172092223669,222.25866119525983,2026-06-25 04:57:47.616297,0.6542987197724055,0.21809957325746848,6.286475317032858,3.9285206995277338,-34.68733,17.499939666666666
38.74580952380952,18.35695240890858,35.37276356368296,46.713433428106576,221.42482880481174,2026-06-25 04:57:49.645670,0.654571428571447,0.22000000000000003,6.286618192834725,3.1114387422153884,-34.68733,17.499939666666666
38.57629629629629,18.394529152494403,35.374224481901145,46.75875582624036,222.17660410938285,2026-06-25 04:57:50.673708,0.6655308641975292,0.22000000000000003,6.290070802052558,3.45614997797953,-34.68733,17.499939666666666
38.36851111111111,18.404665917490895,35.37856823047374,46.76920025877273,221.8125932080987,2026-06-25 04:57:52.862767,0.6600000000000001,0.22000000000000003,6.287568120121038,3.342384887102309,-34.68733,17.499939666666666
38.16532258064516,18.446979362750366,35.386832988206464,46.82272019989857,221.87646540027632,2026-06-25 04:57:55.826189,0.6600000000000001,0.22000000000000003,6.290297941636835,3.067138076555234,-34.68733,17.499939666666666
37.959,18.492694840882823,35.39415211235347,46.88038486694644,222.6675972721203,2026-06-25 04:57:57.023905,0.6747272727272715,0.22090909090909044,6.294348371224034,2.894443369609829,-34.68733,17.499939666666666
37.79835714285714,18.519860501862418,35.3991274982528,46.91305671023972,222.51847412583626,2026-06-25 04:57:57.955012,0.6724285714285692,0.22199999999999998,6.290813849014307,3.06359941948482,-34.68733,17.499939666666666
37.532066666666665,18.53225007354501,35.406552059597566,46.92769286691743,222.64312916215238,2026-06-25 04:58:00.459676,0.6720000000000002,0.22199999999999998,6.29063506506677,2.7947201881648085,-34.68733,17.499939666666666
37.35953225806452,18.558129596687802,35.41044602683361,46.96139274494736,222.73620238917997,2026-06-25 04:58:02.473649,0.6780000000000002,0.22405806451611357,6.294455541727436,2.6476310812303883,-34.68733,17.499939666666666
37.16603921568627,18.56755078862707,35.41220019119068,46.97342236978991,222.5159496095649,2026-06-25 04:58:04.041030,0.6780470588235219,0.22199999999999998,6.294461603404318,2.8990355327622956,-34.68733,17.499939666666666
36.96815789473684,18.568776428475193,35.413436127222084,46.9747205056321,222.62200241364673,2026-06-25 04:58:06.733362,0.6840000000000002,0.22199999999999998,6.294498508510162,2.8128311598067857,-34.68733,17.499939666666666
36.77444444444444,18.573059971088203,35.413447043036314,46.981008632435255,222.91788289925452,2026-06-25 04:58:07.796097,0.6780000000000002,0.22199999999999998,6.294514750822869,2.856328739799474,-34.68733,17.499939666666666
36.555150000000005,18.57527905732361,35.41356898982109,46.983220663872274,222.90472814374,2026-06-25 04:58:08.728632,0.6780000000000002,0.22294999999999832,6.2945158121668525,2.948110962351541,-34.68733,17.499939666666666
36.34923076923077,18.57647326996062,35.41424904537526,46.98425220853176,222.71924693097637,2026-06-25 04:58:10.487917,0.6780000000000002,0.22399999999999998,6.294515933087769,2.8519735781710085,-34.68733,17.499939666666666
36.14011764705883,18.576956211430097,35.41424904537526,46.984287977983264,222.66196263553556,2026-06-25 04:58:11.822825,0.6780000000000002,0.22258823529411234,6.294509816235297,2.8929864137141283,-34.68733,17.499939666666666
35.96437931034483,18.58091703630404,35.41424904537526,46.98929348223863,222.66928752946103,2026-06-25 04:58:13.254349,0.6780000000000002,0.22199999999999998,6.294510198886663,2.70115966379174,-34.68733,17.499939666666666
35.74981481481481,18.57603932943676,35.41267226190216,46.98357415616421,222.6569302599653,2026-06-25 04:58:15.428367,0.6780000000000002,0.22218518518518793,6.2944454825831855,2.6966169715419177,-34.68733,17.499939666666666
35.5490625,18.555505171330445,35.41000799728459,46.95704494408932,222.70929889811813,2026-06-25 04:58:18.246932,0.6840000000000002,0.22365624999999983,6.294469567604253,2.7479781138586814,-34.68733,17.499939666666666
35.36365217391304,18.55425092767099,35.40846699299514,46.955262482329836,222.7007074048861,2026-06-25 04:58:19.864570,0.6780000000000002,0.2233478260869616,6.294479288262857,2.765539142142362,-34.68733,17.499939666666666
35.170875,18.531171212082988,35.4052518341249,46.92464611359726,222.84819406030886,2026-06-25 04:58:22.015481,0.6780000000000002,0.22311363636363557,6.294418801939023,2.684588008363289,-34.68733,17.499939666666666
34.96507692307693,18.502627297530246,35.400162230706144,46.8893317272482,221.84799436292903,2026-06-25 04:58:24.513748,0.6746853146853123,0.22110489510489595,6.292617006753199,2.972006867564243,-34.68733,17.499939666666666
34.771,18.509054417111578,35.3996003306654,46.89489035678072,222.1064859551629,2026-06-25 04:58:25.222904,0.6720000000000002,0.22000000000000003,6.290592043740124,2.904412975767489,-34.68733,17.499939666666666
34.57220833333333,18.52616897006835,35.3996003306654,46.917273072689085,222.27716706254466,2026-06-25 04:58:26.564816,0.6720000000000002,0.22199999999999998,6.294399434584663,2.8681501579809083,-34.68733,17.499939666666666
34.35181395348837,18.52114775614499,35.3996003306654,46.9091020414101,222.40852651293798,2026-06-25 04:58:28.059872,0.6720000000000002,0.22199999999999998,6.292834262496772,2.8738586783884115,-34.68733,17.499939666666666
34.162749999999996,18.5293998216463,35.401667855693255,46.92033915825211,222.48816490985672,2026-06-25 04:58:29.878346,0.6761249999999935,0.22199999999999998,6.293222438101957,2.987724030798107,-34.68733,17.499939666666666
33.97203571428572,18.536983894247545,35.40261700088095,46.930082673116246,222.79030113325268,2026-06-25 04:58:31.055312,0.67748214285714,0.22199999999999998,6.294422218574091,2.7186841234245893,-34.68733,17.499939666666666
33.74370588235294,18.54634851268526,35.40355719373701,46.94214854651356,222.77403598647157,2026-06-25 04:58:32.992307,0.6780000000000002,0.22199999999999998,6.2944445051826365,2.8120612835779215,-34.68733,17.499939666666666
33.56666666666666,18.540367395166548,35.40400750646862,46.93402531574555,222.49415493424974,2026-06-25 04:58:34.200326,0.6780000000000002,0.22199999999999998,6.29441927930289,2.9003693974719273,-34.68733,17.499939666666666
33.35589473684211,18.539705353315536,35.40486203179719,46.932853324897735,222.5245084624478,2026-06-25 04:58:35.056243,0.6780000000000002,0.22199999999999998,6.2943978516749235,2.894953433894199,-34.68733,17.499939666666666
33.1604375,18.562856138225072,35.409056113223855,46.96282867730757,222.40385999493347,2026-06-25 04:58:37.170906,0.6780000000000002,0.2222812500000001,6.294442545926965,2.8853710604572695,-34.68733,17.499939666666666
32.961551724137934,18.568371876157855,35.411386772838384,46.97195791527222,222.59371777293865,2026-06-25 04:58:38.325400,0.6840000000000002,0.22199999999999998,6.294493250776103,2.7796870867644317,-34.68733,17.499939666666666
32.7518,18.575067110304854,35.41362393109289,46.982670402412836,222.2168656360175,2026-06-25 04:58:39.673899,0.6787714285714298,0.22374285714285674,6.294527333144057,2.551607691125743,-34.68733,17.499939666666666
32.57599999999999,18.574052520129037,35.414508396573616,46.982683650140345,222.2431937950283,2026-06-25 04:58:40.879140,0.6802702702702716,0.2232432432432428,6.294479657434557,2.6307672255488885,-34.68733,17.499939666666666
32.345733333333335,18.557959093393002,35.414886176835715,46.96077947260247,222.3033512661087,2026-06-25 04:58:42.966374,0.6797111111111112,0.2245703703703703,6.294482407144822,2.832731999317797,-34.68733,17.499939666666666
32.1557037037037,18.564255609805976,35.4153577768571,46.96972873084166,222.2070855536589,2026-06-25 04:58:44.163469,0.6788641975308648,0.22399999999999998,6.293958455059868,2.8299357914403775,-34.68733,17.499939666666666
31.967859649122808,18.571858281079514,35.4153577768571,46.9801439366776,222.2204431403573,2026-06-25 04:58:46.125726,0.6804511278195493,0.2231829573934836,6.294496792414522,2.9064229420754235,-34.68733,17.499939666666666
31.769877551020407,18.56557934367495,35.4153577768571,46.97241959859202,222.18850247219805,2026-06-25 04:58:49.063628,0.6798775510204066,0.22199999999999998,6.293295270146693,2.9682358721525572,-34.68733,17.499939666666666
31.56052,18.564105055682518,35.4154821711877,46.97061256911886,222.21578395458877,2026-06-25 04:58:50.245810,0.6780000000000002,0.22282782608695656,6.294479165809271,2.9980780884428446,-34.68733,17.499939666666666
31.3635,18.574396605283773,35.4154821711877,46.98135540658636,222.0246188106012,2026-06-25 04:58:51.637447,0.6780000000000002,0.22199999999999998,6.294488201716801,2.6970183323632564,-34.68733,17.499939666666666
31.155842105263158,18.590386757307794,35.4154821711877,46.99770548057179,222.746648873453,2026-06-25 04:58:53.029190,0.6780000000000002,0.22399999999999998,6.294542320750549,2.7333847351320064,-34.68733,17.499939666666666
30.953676470588235,18.59436042311356,35.41604890275043,47.00218822073299,222.7200299111436,2026-06-25 04:58:55.577597,0.6840000000000002,0.223080882352941,6.294547368969906,2.5672281613216215,-34.68733,17.499939666666666
30.744671875,18.594358554128448,35.416477055028004,47.00240136786434,222.7150501695981,2026-06-25 04:58:57.799122,0.6840000000000002,0.2226718750000022,6.294548974692116,2.7437183605994027,-34.68733,17.499939666666666
30.579150000000002,18.59350080240593,35.41660547278973,47.00199779162327,222.7284895335167,2026-06-25 04:58:57.843330,0.6840000000000002,0.22199999999999998,6.294540857479755,2.6085949686155754,-34.68733,17.499939666666666
30.362999999999996,18.591807829286655,35.41782106977723,47.001642929339155,222.73543340265726,2026-06-25 04:59:01.464615,0.6840000000000002,0.22199999999999998,6.294538301175642,2.724242193906044,-34.68733,17.499939666666666
30.171550000000007,18.59100810248595,35.418317893334006,47.001050072339396,222.74001185816624,2026-06-25 04:59:03.079465,0.6840000000000002,0.22370000000000423,6.294535641294297,2.713218106548804,-34.68733,17.499939666666666
29.945862068965518,18.59122594574927,35.41896600907476,47.00210354785056,222.50448893274046,2026-06-25 04:59:05.578641,0.6840000000000002,0.2233563218390804,6.294536835057862,2.6437805597863693,-34.68733,17.499939666666666
29.756939999999997,18.589624072929652,35.41932426560217,47.00060750689958,222.4059244169184,2026-06-25 04:59:06.771502,0.6840000000000002,0.22399999999999998,6.29453254004517,2.7993503966684874,-34.68733,17.499939666666666
29.57262222222222,18.589957642445775,35.4199423429857,47.001739971921154,222.40086076188916,2026-06-25 04:59:08.480835,0.6840000000000002,0.22399999999999998,6.29453323660005,2.6357383046951646,-34.68733,17.499939666666666
29.346405405405406,18.590178931504845,35.4199423429857,47.00289223561878,222.39455649482662,2026-06-25 04:59:11.330963,0.6840000000000002,0.22399999999999998,6.294535398393895,2.715883804707419,-34.68733,17.499939666666666
29.166950000000003,18.58929819337239,35.4199423429857,47.00084593091939,222.3963534198323,2026-06-25 04:59:12.729449,0.6840000000000002,0.22399999999999998,6.294535442663699,2.750526622374652,-34.68733,17.499939666666666
28.974206896551724,18.591062236019933,35.419281050557295,47.001788978549,222.408360359722,2026-06-25 04:59:14.452190,0.6840000000000002,0.223948275862069,6.294521269867214,2.824509679747777,-34.68733,17.499939666666666
28.74539393939394,18.59142961119522,35.41836985604055,47.00148365284333,222.36747813479204,2026-06-25 04:59:17.462534,0.6840000000000002,0.22399999999999998,6.294547857460561,2.5282300745346618,-34.68733,17.499939666666666
28.555078124999998,18.588081429958244,35.41814686077674,46.997442595453904,222.40494486803857,2026-06-25 04:59:19.027183,0.6840000000000002,0.22399999999999998,6.29453037933119,2.636353983367947,-34.68733,17.499939666666666
28.375510638297875,18.584337437658778,35.41783826882131,46.99292115774626,222.10817914253101,2026-06-25 04:59:20.258710,0.6840000000000002,0.22399999999999998,6.294511443812744,2.665832882801597,-34.68733,17.499939666666666
28.1825,18.577227164830873,35.41671129594132,46.9834505759006,222.17393688851166,2026-06-25 04:59:22.736484,0.6840000000000002,0.22399999999999998,6.29448594544491,2.7065102555975566,-34.68733,17.499939666666666
27.946025000000002,18.57862798885485,35.415847071820735,46.98388884903214,222.23115221476183,2026-06-25 04:59:25.557356,0.6796100000000009,0.22399999999999998,6.294504373416892,2.776430632435957,-34.68733,17.499939666666666
27.76271153846153,18.582219371770325,35.415847071820735,46.988638279840856,222.45466776168462,2026-06-25 04:59:26.608139,0.6805769230769371,0.22399999999999998,6.2945093758237824,2.6563387478820712,-34.68733,17.499939666666666
27.57975757575758,18.58227263466948,35.415847071820735,46.98804231886761,222.44131362441607,2026-06-25 04:59:27.465987,0.6840000000000002,0.22399999999999998,6.2945172207154885,2.7483256884846825,-34.68733,17.499939666666666
27.343055555555555,18.57733235741942,35.41608003617387,46.981327024794595,222.44518322352891,2026-06-25 04:59:29.902473,0.6840000000000002,0.22399999999999998,6.294526943541644,2.7971170937247356,-34.68733,17.499939666666666
27.15196875,18.5755106294205,35.41608003617387,46.981975997280074,222.1561617092348,2026-06-25 04:59:31.973808,0.6840000000000002,0.22199999999999998,6.294496662111236,2.753945572893152,-34.68733,17.499939666666666
26.96904347826087,18.575489709248437,35.41608003617387,46.98247139120176,222.14084277831708,2026-06-25 04:59:33.147279,0.6840000000000002,0.22399999999999998,6.294506102226928,2.4537600185684334,-34.68733,17.499939666666666
26.77877419354839,18.569224250749432,35.41483518425024,46.97241798723335,221.86236852093123,2026-06-25 04:59:34.881014,0.6807096774193567,0.22399999999999998,6.294482855680551,2.710606759114906,-34.68733,17.499939666666666
26.56421052631579,18.5675056229038,35.41323295852393,46.96895341536918,222.25448387497417,2026-06-25 04:59:36.067971,0.6840000000000002,0.22399999999999998,6.2944983683365585,2.73825892197113,-34.68733,17.499939666666666
26.369045454545457,18.565097073101274,35.41132574600467,46.964611336665236,222.58120161993924,2026-06-25 04:59:37.484588,0.6780000000000002,0.22374308300395276,6.294465456817447,2.6390890946079706,-34.68733,17.499939666666666
26.185684210526315,18.56667494378527,35.410738421653406,46.966206559268656,222.55659808056168,2026-06-25 04:59:38.383157,0.6840000000000002,0.22374436090225572,6.294477238925034,2.6615425648613313,-34.68733,17.499939666666666
25.94419047619048,18.565632000925724,35.41037779980119,46.96439690082714,222.55852579186293,2026-06-25 04:59:39.603516,0.6829610389610405,0.22199999999999998,6.294477563458206,2.6224877803623703,-34.68733,17.499939666666666
25.76489655172414,18.566205537929793,35.410108490567744,46.96430202000616,222.57109404425762,2026-06-25 04:59:41.036640,0.6814410163339385,0.2231470054446461,6.294466177651783,2.499891218513176,-34.68733,17.499939666666666
25.551755555555555,18.564478692685476,35.40964192070889,46.96196577960068,222.55037939164512,2026-06-25 04:59:42.750791,0.6780000000000002,0.22399999999999998,6.29448449440386,2.762855794225875,-34.68733,17.499939666666666
25.374781249999998,18.556400445745076,35.40964192070889,46.952703249543276,222.08831213358476,2026-06-25 04:59:44.136263,0.6840000000000002,0.22399999999999998,6.293156549402994,2.7226773200626897,-34.68733,17.499939666666666
25.16223076923077,18.552094115708826,35.40964192070889,46.9484500844483,221.77517097483323,2026-06-25 04:59:45.754110,0.6840000000000002,0.22199999999999998,6.293240737056315,2.863235890273586,-34.68733,17.499939666666666
24.9471875,18.55694446224009,35.41004235723617,46.95434905524811,221.61503915262514,2026-06-25 04:59:46.863677,0.6780000000000002,0.22399999999999998,6.294447443996947,2.722037134255996,-34.68733,17.499939666666666
24.75207142857143,18.56458922918063,35.41063363767124,46.96355039107878,221.61591200259772,2026-06-25 04:59:47.587149,0.6780000000000002,0.22399999999999998,6.294443809967276,2.804505399171588,-34.68733,17.499939666666666
24.555523809523812,18.569459165824178,35.41300582955984,46.97009815530934,221.59752450019008,2026-06-25 04:59:50.186471,0.6780000000000002,0.22199999999999998,6.291066360463466,2.8665843765515033,-34.68733,17.499939666666666
24.353426470588236,18.570545834463715,35.41506681003899,46.97344828859139,221.74107680816212,2026-06-25 04:59:52.328980,0.6840000000000002,0.22399999999999998,6.29448308315618,2.683788257401453,-34.68733,17.499939666666666
24.166383333333332,18.574673986285962,35.41534864331748,46.978814602603265,221.96191015940482,2026-06-25 04:59:52.648211,0.6808599999999976,0.224093333333335,6.29450212442802,2.5741551431427387,-34.68733,17.499939666666666
23.96920689655173,18.580104781318052,35.41717149556414,46.98649088695054,221.7332116984476,2026-06-25 04:59:54.619306,0.6840000000000002,0.22294763729246445,6.294519623758323,2.588234437731733,-34.68733,17.499939666666666
23.759500000000003,18.5868778698925,35.41927744958537,46.99550866078192,221.68886492818524,2026-06-25 04:59:57.252487,0.6840000000000002,0.22199999999999998,6.294527547835443,2.5635557529513626,-34.68733,17.499939666666666
23.561666666666667,18.588017545911423,35.419775149756106,46.996681747298204,221.8280634919956,2026-06-25 04:59:58.403377,0.6780000000000002,0.22399999999999998,6.294529904904071,2.4939276736220197,-34.68733,17.499939666666666
23.345580645161288,18.581177113346335,35.42080199072538,46.99029723672967,221.53089019456613,2026-06-25 05:00:00.833926,0.6780000000000002,0.22399999999999998,6.293152680925377,2.6914383384162597,-34.68733,17.499939666666666
23.150999999999996,18.58089250190454,35.4218292854232,46.99142230047236,221.3719557501961,2026-06-25 05:00:02.452988,0.6840000000000002,0.22399999999999998,6.29452439685974,2.358217348203067,-34.68733,17.499939666666666
22.958347222222223,18.57615862618691,35.4225673746088,46.98788873262778,221.22518305762048,2026-06-25 05:00:03.159082,0.6840000000000002,0.22399999999999998,6.292397956215884,2.592110574076681,-34.68733,17.499939666666666
22.749000000000002,18.57330078850553,35.4253694554074,46.98936522891803,221.27860353421798,2026-06-25 05:00:05.891901,0.6840000000000002,0.22399999999999998,6.2932843189281105,2.7903340554363356,-34.68733,17.499939666666666
22.59444444444444,18.575676032141235,35.426920343239416,46.99281688538702,220.7665691873457,2026-06-25 05:00:07.619031,0.6840000000000002,0.22399999999999998,6.294492223923379,2.7943614379677495,-34.68733,17.499939666666666
22.37095,18.587730417954493,35.42723199908434,47.00416669416593,221.23822676175757,2026-06-25 05:00:09.357189,0.6840000000000002,0.22399999999999998,6.294514958014061,2.729039590735267,-34.68733,17.499939666666666
22.147761904761904,18.593352107853423,35.42893276756524,47.01180071629706,221.63288933173814,2026-06-25 05:00:12.297375,0.6898885017421604,0.22399999999999998,6.294523322582086,2.7553231999836894,-34.68733,17.499939666666666
21.95708620689655,18.598480923657522,35.429888191961005,47.0188483403255,221.015490285995,2026-06-25 05:00:13.803961,0.6840000000000002,0.22399999999999998,6.2920076063801895,2.44046315082009,-34.68733,17.499939666666666
21.765983050847456,18.60245274110008,35.43020306969692,47.0235511679771,221.56962045728443,2026-06-25 05:00:14.971657,0.6887796610169482,0.22399999999999998,6.2945416719656535,2.571170822239932,-34.68733,17.499939666666666
21.55704285714286,18.605526955082183,35.43171973250519,47.0276597075032,221.49836259850676,2026-06-25 05:00:18.057778,0.6840000000000002,0.22399999999999998,6.294564199892766,2.610239785413943,-34.68733,17.499939666666666
21.352075,18.605449251788755,35.432669168924306,47.02843513098872,221.17731132471297,2026-06-25 05:00:20.005663,0.6840000000000002,0.22399999999999998,6.294566803390239,2.720665604320067,-34.68733,17.499939666666666
21.13838235294118,18.59872270093882,35.43425860728895,47.0238513175421,221.40308040833125,2026-06-25 05:00:23.932507,0.6840000000000002,0.22599999999999998,6.29454863487907,2.4868051663727666,-34.68733,17.499939666666666
20.96229268292683,18.59774613666091,35.43425860728895,47.02308123689977,221.55366767663912,2026-06-25 05:00:24.918011,0.6900000000000002,0.22411707317073187,6.294557040985413,2.623551832684992,-34.68733,17.499939666666666
20.764499999999998,18.594296629257244,35.43425860728895,47.01990702668583,221.60064548344855,2026-06-25 05:00:26.544288,0.6890000000000022,0.22399999999999998,6.294532860449353,2.6526969754954135,-34.68733,17.499939666666666
20.576000000000004,18.59186807585236,35.43373274434646,47.016434353542685,221.60215781652238,2026-06-25 05:00:28.265038,0.689759999999999,0.22399999999999998,6.294528604491997,2.5884211775053094,-34.68733,17.499939666666666
20.35764,18.59158682883061,35.4335783836694,47.01398741957345,221.4705419416647,2026-06-25 05:00:29.767868,0.6840000000000002,0.22399999999999998,6.294539544107462,2.6237821100400116,-34.68733,17.499939666666666
20.160833333333333,18.58709466209125,35.4335783836694,47.007859298328384,221.63479001758375,2026-06-25 05:00:31.382281,0.6863333333333327,0.22399999999999998,6.294526277586515,2.4636789435689574,-34.68733,17.499939666666666
19.945763636363633,18.583647629055452,35.4335783836694,47.00740662509145,221.65696752391352,2026-06-25 05:00:33.032836,0.6840000000000002,0.22538181818181668,6.294519274650183,2.4553386856619515,-34.68733,17.499939666666666
19.76897222222222,18.58286659268006,35.43430800946154,47.0077665594109,221.65241765506948,2026-06-25 05:00:33.944113,0.68902777777778,0.22399999999999998,6.294522795931013,2.5882906050588357,-34.68733,17.499939666666666
19.57205882352941,18.585705420513754,35.43572040062287,47.01183963811047,221.5898957113198,2026-06-25 05:00:36.227832,0.6900000000000002,0.22599999999999998,6.293184719003894,2.6110898689291475,-34.68733,17.499939666666666
19.364185185185185,18.592064234273273,35.43572040062287,47.017641723519446,221.56575094807394,2026-06-25 05:00:37.672771,0.6900000000000002,0.22599999999999998,6.294552522510984,2.3559075447978,-34.68733,17.499939666666666
19.175653846153846,18.59377573614288,35.43572040062287,47.019376142099205,221.34863729056326,2026-06-25 05:00:38.478829,0.6900000000000002,0.22599999999999998,6.293253534904512,2.5595441576505418,-34.68733,17.499939666666666
18.943857142857137,18.589074672748705,35.43539497530693,47.014409227216916,221.5970126343123,2026-06-25 05:00:41.712326,0.6871948051948021,0.22399999999999998,6.294536723147142,2.524546579774756,-34.68733,17.499939666666666
18.766777777777776,18.585762923742653,35.43531055015266,47.01078916909013,221.60768060684148,2026-06-25 05:00:43.097977,0.6840000000000002,0.22399999999999998,6.292535268649476,2.4062254203301814,-34.68733,17.499939666666666
18.576525,18.584626176916117,35.43530311116574,47.009449167463615,221.46228499140375,2026-06-25 05:00:43.525782,0.6900000000000002,0.22399999999999998,6.294503115987908,2.567800240809955,-34.68733,17.499939666666666
18.343049999999998,18.580745689551076,35.43516663573378,47.00556578455001,221.33214699146305,2026-06-25 05:00:46.854914,0.6900000000000002,0.22399999999999998,6.291125344081876,2.72404166545318,-34.68733,17.499939666666666
18.13475,18.578683341750203,35.4349768658461,47.00308538380833,221.24942587217822,2026-06-25 05:00:48.937080,0.6840000000000002,0.22550000000000034,6.293578288855348,2.552171297980733,-34.68733,17.499939666666666
17.97048717948718,18.577039717905944,35.43464058098375,47.00103698028829,221.15854585189985,2026-06-25 05:00:50.392390,0.6840000000000002,0.22512179487179462,6.290776071077634,2.6270148236282247,-34.68733,17.499939666666666
17.752814814814812,18.566404621837414,35.4345173136584,46.989418424910234,221.0627796658192,2026-06-25 05:00:54.118484,0.6842222222222261,0.22399999999999998,6.290760416567448,2.750504212829556,-34.68733,17.499939666666666
17.5652,18.563760078980003,35.43447965773761,46.98680197270364,220.78160226890287,2026-06-25 05:00:55.230231,0.6840000000000002,0.22399999999999998,6.290737319044308,2.7210133641114966,-34.68733,17.499939666666666
17.368479999999998,18.559959965735672,35.43446588250899,46.9832267275021,220.90771350528772,2026-06-25 05:00:56.894797,0.6857919999999991,0.22399999999999998,6.2907287767398685,2.762315263925847,-34.68733,17.499939666666666
17.128,18.560089809392423,35.434200901071534,46.982887244877276,220.79428800669987,2026-06-25 05:00:58.967893,0.6781818181818186,0.22399999999999998,6.290729104048815,2.47386281263235,-34.68733,17.499939666666666
16.963423076923075,18.561074142585202,35.434200901071534,46.9835323014972,220.65920182189336,2026-06-25 05:01:02.026537,0.6840000000000002,0.22399999999999998,6.2907374945785675,2.68061406857206,-34.68733,17.499939666666666
16.76790909090909,18.561299881413028,35.434200901071534,46.98355834106962,220.26553064317065,2026-06-25 05:01:03.821174,0.6840000000000002,0.22399999999999998,6.290738313894625,2.5779594738524443,-34.68733,17.499939666666666
16.562736842105263,18.559857684970464,35.434343494224414,46.98245636613236,220.47475393169714,2026-06-25 05:01:04.827291,0.6840000000000002,0.22363157894736888,6.29072196285988,2.6540456720769745,-34.68733,17.499939666666666
16.3797,18.558388958069866,35.434371432258764,46.98047007193317,220.4149945500437,2026-06-25 05:01:06.337336,0.6840000000000002,0.22372000000000059,6.290734061156078,2.694340184543525,-34.68733,17.499939666666666
16.160166666666665,18.55712938230706,35.43447764374353,46.97759150786902,220.147762230428,2026-06-25 05:01:09.726453,0.6817755102040819,0.22399999999999998,6.290721787860532,2.6843064479663274,-34.68733,17.499939666666666
15.959200000000001,18.553129938441767,35.43465837785355,46.97495554606304,220.15428369168123,2026-06-25 05:01:10.144677,0.6840000000000002,0.22399999999999998,6.290727238242355,2.6580758355484813,-34.68733,17.499939666666666
15.762150000000002,18.54525929130248,35.436136373603446,46.969687650491984,220.0439152748296,2026-06-25 05:01:13.522963,0.6874695652173927,0.22399999999999998,6.290689126999422,2.730839633193436,-34.68733,17.499939666666666
15.552764705882353,18.545891089302227,35.43656713625974,46.97048951640476,220.69180590087174,2026-06-25 05:01:14.380387,0.6840000000000002,0.22399999999999998,6.290703480398772,2.8150871058021236,-34.68733,17.499939666666666
15.379812500000002,18.54509525906832,35.43656713625974,46.969941151309825,220.18441421680768,2026-06-25 05:01:15.266415,0.6840000000000002,0.22399999999999998,6.290723490530474,2.6508142611537124,-34.68733,17.499939666666666
15.15886956521739,18.550200862505456,35.43656713625974,46.97478511362747,220.48147812373645,2026-06-25 05:01:17.695028,0.6840000000000002,0.22399999999999998,6.2907289905559916,2.5593568977827346,-34.68733,17.499939666666666
14.972375,18.56145606406593,35.43661838494187,46.98492293190962,220.2993279950511,2026-06-25 05:01:19.545768,0.6840000000000002,0.22399999999999998,6.290730936733129,2.6566760109082375,-34.68733,17.499939666666666
14.741888888888887,18.56396972681044,35.43661838494187,46.987317255508486,219.74114623325806,2026-06-25 05:01:20.962413,0.6840000000000002,0.22399999999999998,6.290741560623505,2.699878917409552,-34.68733,17.499939666666666
14.561290322580644,18.562107928056303,35.43661838494187,46.986232281853546,219.74294321762903,2026-06-25 05:01:22.293338,0.6840000000000002,0.22399999999999998,6.290744436833379,2.5753011835279755,-34.68733,17.499939666666666
14.350344262295081,18.559031649374738,35.437882636798655,46.984638631721225,219.8586121267364,2026-06-25 05:01:25.492425,0.6826557377049189,0.22399999999999998,6.2907217673823475,2.6962582442750014,-34.68733,17.499939666666666
14.161605263157893,18.55838001164597,35.43836068096696,46.984415272047386,220.13026962010488,2026-06-25 05:01:26.737150,0.6840000000000002,0.2258899521531102,6.2907258427320425,2.5767326202094702,-34.68733,17.499939666666666
13.958476190476192,18.555869945444822,35.439187922112986,46.98291612969121,219.84038366738673,2026-06-25 05:01:29.783130,0.6840000000000002,0.22399999999999998,6.290725976507495,2.342008005542276,-34.68733,17.499939666666666
13.764583333333329,18.555506954271642,35.43939895837677,46.98345497559323,220.45084235293433,2026-06-25 05:01:32.295570,0.6900000000000002,0.22399999999999998,6.290727120731912,2.568757792212813,-34.68733,17.499939666666666
13.53663157894737,18.56014664938711,35.43939895837677,46.987208900040045,220.08412519895296,2026-06-25 05:01:33.710990,0.6854210526315796,0.22399999999999998,6.290734951844549,2.4866045900402387,-34.68733,17.499939666666666
13.382882352941177,18.556110252244945,35.43939895837677,46.98303883004011,220.10500673087947,2026-06-25 05:01:35.080138,0.6840000000000002,0.22399999999999998,6.29073086174292,2.525659887233306,-34.68733,17.499939666666666
13.128463414634146,18.54542993021834,35.43939895837677,46.97194840186646,221.13304373591848,2026-06-25 05:01:37.352788,0.6840000000000002,0.22417886178861793,6.294097313599808,2.7725868890502867,-34.68733,17.499939666666666
12.977613636363639,18.5436584096661,35.43939895837677,46.970094027558204,221.20466554250163,2026-06-25 05:01:38.380347,0.6900000000000002,0.2242454545454555,6.293969064495964,2.4674364860521254,-34.68733,17.499939666666666
12.77241935483871,18.54264624453641,35.43932965788346,46.96935473844473,221.2187079123253,2026-06-25 05:01:40.395878,0.6900000000000002,0.2245806451612894,6.290689198275055,2.4532036716705288,-34.68733,17.499939666666666
12.600117647058823,18.53870722952626,35.43932965788346,46.9646831311951,221.2148391209611,2026-06-25 05:01:41.601968,0.6895816993464053,0.22413943355119825,6.290685718941564,2.5914359771953075,-34.68733,17.499939666666666
12.3568125,18.53008336565314,35.43938828855693,46.954662698258275,221.64507259915533,2026-06-25 05:01:43.751959,0.6900000000000002,0.22577182539682536,6.291085153751685,2.524008654169049,-34.68733,17.499939666666666
12.128428571428572,18.538187396810617,35.43935363320779,46.964676673741245,221.24532643543432,2026-06-25 05:01:46.441882,0.6900000000000002,0.22599999999999998,6.29256409341978,2.615641446801161,-34.68733,17.499939666666666
11.9352,18.53738853675232,35.439252600044085,46.96319129942295,221.26166388964958,2026-06-25 05:01:47.391635,0.6900000000000002,0.22520000000000034,6.294397902602435,2.557053566003144,-34.68733,17.499939666666666
11.767941176470588,18.537161897069495,35.43917447212082,46.96305897588476,221.48633207019648,2026-06-25 05:01:48.135559,0.6881176470588234,0.2253725490196077,6.2906724526512425,2.4688045825931217,-34.68733,17.499939666666666
11.58543333333333,18.536235442272876,35.439082471457134,46.96214107176814,221.24308943217838,2026-06-25 05:01:48.782939,0.6900000000000002,0.22399999999999998,6.29068260907775,2.479821065921229,-34.68733,17.499939666666666
11.344555555555555,18.52494350784177,35.437407723649116,46.94926585358424,221.68176909800005,2026-06-25 05:01:51.304504,0.6900000000000002,0.22599999999999998,6.290643634534486,2.3521487448158327,-34.68733,17.499939666666666
11.142916666666666,18.514662367120206,35.43614807471077,46.93693395250119,222.0131799928679,2026-06-25 05:01:52.719413,0.6900000000000002,0.22599999999999998,6.293489065794431,2.523385674960404,-34.68733,17.499939666666666
10.956599999999998,18.501396924444933,35.43530979171238,46.920774728317134,222.09772193813401,2026-06-25 05:01:53.375075,0.6900000000000002,0.22599999999999998,6.294334083675799,2.547208399191883,-34.68733,17.499939666666666
10.752,18.490212247110026,35.434992926892456,46.907683031865865,223.3103036585175,2026-06-25 05:01:54.072393,0.708,0.22599999999999998,6.294281082916373,2.528295466309707,-34.68733,17.499939666666666
10.545217391304348,18.486307986540773,35.434992926892456,46.90351926988643,223.38804901402582,2026-06-25 05:01:55.113535,0.7031739130434772,0.22599999999999998,6.294283230975814,2.374206000159269,-34.68733,17.499939666666666
10.357892857142858,18.491736407383822,35.434992926892456,46.91121623104535,222.95755009621098,2026-06-25 05:01:56.949858,0.6902142857142859,0.22599999999999998,6.294299778714348,2.549611217398902,-34.68733,17.499939666666666
10.152511627906977,18.49301917419674,35.435733349897596,46.91353271519755,223.18201619099034,2026-06-25 05:01:58.319019,0.6960000000000002,0.22499788583509503,6.2942982231958045,2.5573826419348378,-34.68733,17.499939666666666
9.970697674418604,18.4929319126792,35.43613305433184,46.91369354693169,222.91549811776738,2026-06-25 05:01:59.873265,0.6901295681063128,0.22599999999999998,6.294309955943167,2.275433677029474,-34.68733,17.499939666666666
9.769346153846154,18.49030189145991,35.43613305433184,46.9103802536336,222.94800684912983,2026-06-25 05:02:01.887856,0.6960000000000002,0.22644230769230764,6.294288544081875,2.4563588451163216,-34.68733,17.499939666666666
9.550904761904762,18.4832216439115,35.43613305433184,46.90310368646306,223.08376875051522,2026-06-25 05:02:03.108967,0.6960000000000002,0.22599999999999998,6.294284434217324,2.3705993883027423,-34.68733,17.499939666666666
9.36355,18.480614172191693,35.43603223921098,46.90076429097386,223.34668252938454,2026-06-25 05:02:04.067288,0.6960000000000002,0.22599999999999998,6.2942730367495265,2.395485889534558,-34.68733,17.499939666666666
9.173999999999998,18.47811534573548,35.435873047477216,46.89846120176026,223.3750007595788,2026-06-25 05:02:05.122013,0.6960000000000002,0.22599999999999998,6.294259505146965,2.127128788970661,-34.68733,17.499939666666666
8.953111111111111,18.476940398672475,35.43573460204035,46.896463181414184,223.3719578866381,2026-06-25 05:02:05.903476,0.692619047619048,0.22599999999999998,6.29426359607555,2.41954037020592,-34.68733,17.499939666666666
8.744272727272728,18.475685916307548,35.43551796020361,46.89428267590986,223.27181199219478,2026-06-25 05:02:06.968350,0.6960000000000002,0.22599999999999998,6.294253826978782,2.6158483719908423,-34.68733,17.499939666666666
8.57390909090909,18.47454279888517,35.435395761403406,46.89306879711208,223.39502836075127,2026-06-25 05:02:07.740876,0.6933223140495874,0.22599999999999998,6.294252245039826,2.5364847777649167,-34.68733,17.499939666666666
8.379363636363637,18.474707606624428,35.435395761403406,46.89316532330288,223.51210362536582,2026-06-25 05:02:09.026905,0.6960000000000002,0.22736026936026937,6.294244796715532,2.2513838939937925,-34.68733,17.499939666666666
8.143611111111111,18.476515609028603,35.435395761403406,46.895736560373685,223.12873850120127,2026-06-25 05:02:10.468953,0.693950980392157,0.22599999999999998,6.294272960942382,2.3686953176003778,-34.68733,17.499939666666666
7.947081081081082,18.469046764251587,35.435651548550695,46.88844745190493,222.68044960908117,2026-06-25 05:02:11.997383,0.6960000000000002,0.22599999999999998,6.294292974890622,2.373808791681047,-34.68733,17.499939666666666
7.765125,18.466719490208206,35.43566936234395,46.88469914597954,223.19381755754566,2026-06-25 05:02:12.299726,0.6960000000000002,0.22599999999999998,6.294253573124379,2.350595924962348,-34.68733,17.499939666666666
7.58940909090909,18.466673593873725,35.43567126656466,46.88440535381131,223.3724909936347,2026-06-25 05:02:12.689586,0.6960000000000002,0.22599999999999998,6.294236294088111,2.246923476270628,-34.68733,17.499939666666666
7.367900000000001,18.46123157683585,35.43580733629639,46.8795335321755,223.48519094096366,2026-06-25 05:02:14.959449,0.6960000000000002,0.22599999999999998,6.2955952080467545,2.4743804944366907,-34.68733,17.499939666666666
7.156171428571429,18.45472871614755,35.43587210423961,46.87247176565108,223.50488717018297,2026-06-25 05:02:16.743984,0.6960000000000002,0.2260428571428572,6.294223306842186,2.222740139908345,-34.68733,17.499939666666666
6.977880952380952,18.455112333002653,35.435892186053515,46.872721510878954,223.51358402512366,2026-06-25 05:02:17.058902,0.6960000000000002,0.22599999999999998,6.2942149206910845,2.282664119543197,-34.68733,17.499939666666666
6.779636363636363,18.4511388050606,35.43589490024905,46.86994047663955,223.5626888079441,2026-06-25 05:02:18.747098,0.6960000000000002,0.22726363636363625,6.294191100203876,2.2273210978735314,-34.68733,17.499939666666666
6.5601,18.448618870056656,35.43589490024905,46.86728672330608,223.5819743579197,2026-06-25 05:02:19.938151,0.6960000000000002,0.22799999999999998,6.29419182350215,2.2204955819403285,-34.68733,17.499939666666666
6.353266666666667,18.4481689483945,35.43589490024905,46.86655686421916,223.8957925566961,2026-06-25 05:02:20.189752,0.6960000000000002,0.2261777777777783,6.294181141841283,2.3451048228084117,-34.68733,17.499939666666666
6.125454545454546,18.44577367978653,35.43553822902606,46.86343180378601,223.7945234519149,2026-06-25 05:02:20.914715,0.6960000000000002,0.22399999999999998,6.294186732269247,2.5262051018345177,-34.68733,17.499939666666666
5.958133333333334,18.438986658513446,35.43513731652476,46.85600668246573,224.00673608452723,2026-06-25 05:02:21.539401,0.7020000000000002,0.22599999999999998,6.294150046645795,2.5008680086557087,-34.68733,17.499939666666666
5.7458,18.428755070953564,35.43467157110772,46.84536526235454,224.03836535770733,2026-06-25 05:02:22.217557,0.7016333333333334,0.22599999999999998,6.29415681450232,2.4687148262622145,-34.68733,17.499939666666666
5.5638,18.426875515721836,35.43464115092105,46.842504423144305,224.42243259111328,2026-06-25 05:02:22.532475,0.7020000000000002,0.22599999999999998,6.29786266449302,2.44115495563922,-34.68733,17.499939666666666
5.3860909090909095,18.42642727555025,35.43464115092105,46.84136818369541,224.42046665639245,2026-06-25 05:02:22.946004,0.7020000000000002,0.22599999999999998,6.295511106849226,2.4142448481997443,-34.68733,17.499939666666666
5.143133333333333,18.430863907483673,35.43464115092105,46.846384469657025,224.05850243601094,2026-06-25 05:02:24.511959,0.7020000000000002,0.22799999999999998,6.297430556320684,2.2561816248443347,-34.68733,17.499939666666666
4.949705882352941,18.43161878258488,35.43523008566266,46.84784200383896,224.35488674412827,2026-06-25 05:02:25.781628,0.7020000000000002,0.22799999999999998,6.297873089772851,2.3350177319917624,-34.68733,17.499939666666666
4.360058823529412,18.43786730393638,35.43556797441994,46.85341664843555,223.95817360158983,2026-06-25 05:02:25.828675,0.6960000000000002,0.22635294117647062,6.2941752214558315,2.2901632562261285,-34.68733,17.499939666666666
4.566277777777778,18.43486519515838,35.43538675645462,46.8519291899483,224.47946751549455,2026-06-25 05:02:26.470337,0.6960000000000002,0.2268179012345679,6.297888847425325,2.1576833020518458,-34.68733,17.499939666666666
4.184181818181818,18.43516052690205,35.43556797441994,46.850706104710476,224.3430007992533,2026-06-25 05:02:26.488262,0.6992121212121214,0.22707070707070706,6.296149287443618,2.4172989264955222,-34.68733,17.499939666666666
4.7776875,18.43123012554623,35.43523008566266,46.84827591631107,224.20845829522565,2026-06-25 05:02:26.522060,0.6992249999999997,0.22799999999999998,6.297882436369928,2.247435998207991,-34.68733,17.499939666666666
3.9753333333333334,18.433447164686434,35.435780174973694,46.84956405073601,224.20341115081067,2026-06-25 05:02:27.464523,0.6960000000000002,0.22687301587301584,6.295777281010725,2.2868603136683414,-34.68733,17.499939666666666
3.7983999999999996,18.429167045269093,35.435780174973694,46.84434468705605,224.47087143509168,2026-06-25 05:02:29.240726,0.6979421052631581,0.22599999999999998,6.297885468793274,2.2557933038025584,-34.68733,17.499939666666666
3.606666666666667,18.42917223652138,35.435780174973694,46.84426446082665,224.3996843214083,2026-06-25 05:02:29.364028,0.7020000000000002,0.22599999999999998,6.29788747913589,2.3079626862686338,-34.68733,17.499939666666666
3.3524999999999996,18.423889789258286,35.435313405340864,46.838436722189066,224.89275093790832,2026-06-25 05:02:30.055514,0.6960000000000002,0.2272560975609756,6.297855142077128,2.2397230981609173,-34.68733,17.499939666666666
3.14355,18.41797589834685,35.43466489024869,46.83226947561786,224.83314981036492,2026-06-25 05:02:30.687849,0.6970200000000001,0.22799999999999998,6.2978647013968345,2.2888532456085673,-34.68733,17.499939666666666
2.9425238095238093,18.41467640195128,35.43407727384625,46.82808992715444,224.93241011467555,2026-06-25 05:02:31.299238,0.6973061224489797,0.22756462585034012,6.297867876320443,2.3645902399585097,-34.68733,17.499939666666666
2.774,18.41126708650724,35.433253237258604,46.82299449540978,225.53307941133778,2026-06-25 05:02:32.172270,0.7020000000000002,0.22799999999999998,6.2978342180216,2.48645352901768,-34.68733,17.499939666666666
2.5635000000000003,18.41012537857458,35.43285660186746,46.82066431817661,225.88840765645233,2026-06-25 05:02:32.767307,0.7020000000000002,0.22599999999999998,6.297829153067821,2.4723247412603557,-34.68733,17.499939666666666
2.3785999999999996,18.410258867469512,35.432803092553755,46.82039590809216,225.8897647639064,2026-06-25 05:02:32.879778,0.7028800000000001,0.2262933333333333,6.29782661191304,2.4599142288787443,-34.68733,17.499939666666666
2.132333333333333,18.411124412626123,35.43263536218376,46.82100190784248,225.88031130977518,2026-06-25 05:02:33.263011,0.7036842105263158,0.22656140350877188,6.297828989824556,2.443384777738426,-34.68733,17.499939666666666
1.961666666666667,18.41314067572163,35.43256546266029,46.823676181853905,226.20856590082678,2026-06-25 05:02:33.501838,0.708,0.22725925925925927,6.297833665532013,2.431929608567009,-34.68733,17.499939666666666
1.7503333333333335,18.418065230791534,35.432472654805075,46.82937326235468,225.83999288249862,2026-06-25 05:02:33.901734,0.708,0.22599999999999998,6.29783391055765,2.417744887366465,-34.68733,17.499939666666666
1.563,18.422688667454313,35.43242869633955,46.83399240607725,225.8717805204804,2026-06-25 05:02:34.179439,0.7020000000000002,0.22652631578947366,6.297859493886143,2.4051710493306517,-34.68733,17.499939666666666
1.3325,18.422146209027794,35.43239886207776,46.83228907422672,225.77023387674078,2026-06-25 05:02:34.585583,0.7020000000000002,0.22792999999999997,6.2978667606330925,2.3896998589360523,-34.68733,17.499939666666666
1.1856666666666666,18.41823095002497,35.43238508232999,46.82747657732503,225.79093085920934,2026-06-25 05:02:34.873703,0.7020000000000002,0.22761666666666663,6.2978629518549045,2.379844386240722,-34.68733,17.499939666666666
0.9730000000000001,18.409214826431644,35.43238508232999,46.81714982186375,225.87426973578113,2026-06-25 05:02:35.229166,0.6971034482758622,0.22763218390804596,6.297830777337111,2.37577243157432,-34.68733,17.499939666666666
